REGIAO:;NE
UF:;SE
ESTACAO:;ITABAIANINHA
CODIGO (WMO):;A417
LATITUDE:;-11,27249999
LONGITUDE:;-37,79499999
ALTITUDE:;204,8
DATA DE FUNDACAO:;23/05/07
Data;Hora UTC;PRECIPITAÇÃO TOTAL, HORÁRIO (mm);PRESSAO ATMOSFERICA AO NIVEL DA ESTACAO, HORARIA (mB);PRESSÃO ATMOSFERICA MAX.NA HORA ANT. (AUT) (mB);PRESSÃO ATMOSFERICA MIN. NA HORA ANT. (AUT) (mB);RADIACAO GLOBAL (Kj/m²);TEMPERATURA DO AR - BULBO SECO, HORARIA (°C);TEMPERATURA DO PONTO DE ORVALHO (°C);TEMPERATURA MÁXIMA NA HORA ANT. (AUT) (°C);TEMPERATURA MÍNIMA NA HORA ANT. (AUT) (°C);TEMPERATURA ORVALHO MAX. NA HORA ANT. (AUT) (°C);TEMPERATURA ORVALHO MIN. NA HORA ANT. (AUT) (°C);UMIDADE REL. MAX. NA HORA ANT. (AUT) (%);UMIDADE REL. MIN. NA HORA ANT. (AUT) (%);UMIDADE RELATIVA DO AR, HORARIA (%);VENTO, DIREÇÃO HORARIA (gr) (° (gr));VENTO, RAJADA MAXIMA (m/s);VENTO, VELOCIDADE HORARIA (m/s);
2026/01/01;0000 UTC;0;991,7;991,7;991,1;;25;20,6;25,1;24,9;20,7;20,4;77;75;77;56;8,6;4,3;
2026/01/01;0100 UTC;0;992,1;992,2;991,7;;24,5;20,9;25;24,5;20,9;20,6;80;77;80;60;7,1;3,1;
2026/01/01;0200 UTC;0;991,4;992,1;991,4;;23,9;23;24,5;23,9;23;20,9;95;80;95;47;6,4;3,2;
2026/01/01;0300 UTC;0;990,8;991,4;990,8;;23,8;23,8;23,9;23,8;23,9;23,1;100;95;100;42;6,1;3;
2026/01/01;0400 UTC;0;990;990,8;990;;23,6;;23,9;23,6;;;;;;41;6,3;3,5;
2026/01/01;0500 UTC;0;989,4;990;989,4;;23,4;;23,6;23,4;;;;;;46;6,2;3;
2026/01/01;0600 UTC;0;988,9;989,4;988,9;;23,2;;23,4;23,1;;;;;;43;6,2;3,3;
2026/01/01;0700 UTC;0;988,8;989;988,6;;23,1;;23,2;23,1;;;;;;39;6,6;3,4;
2026/01/01;0800 UTC;0;989,2;989,2;988,8;;23,2;;23,4;23,1;;;;;;42;6,7;2,9;
2026/01/01;0900 UTC;0;989,5;989,5;989,2;97,1;23,6;;23,6;23,1;;;;;;39;7,2;3,7;
2026/01/01;1000 UTC;0;989,8;989,8;989,5;464,6;26;22,1;26;23,6;24,6;22,1;100;79;79;31;8,4;3,5;
2026/01/01;1100 UTC;0;990,2;990,2;989,8;1039,9;27,4;18,6;28,3;25,9;22,3;18,6;79;57;58;42;9,8;5,2;
2026/01/01;1200 UTC;0;990,1;990,2;990;1594,8;30,6;16,5;31;27,2;19,2;16,2;61;41;43;41;9,2;5;
2026/01/01;1300 UTC;0;989,5;990,1;989,5;2648,1;32,2;15,5;33;29,3;17,6;15,1;47;35;37;50;9,2;4,1;
2026/01/01;1400 UTC;0;988,9;989,5;988,9;3334,2;31,4;14,6;34,2;31,2;16;13,6;37;30;36;118;8;2,4;
2026/01/01;1500 UTC;0;988,7;988,9;988,7;2471,7;31,7;13,9;34,3;31,5;16,2;13,4;36;29;34;72;7,3;2,7;
2026/01/01;1600 UTC;0;987,9;988,7;987,9;2931,3;31,6;16,3;34,2;31,6;16,3;13,8;40;31;40;95;6,4;3,2;
2026/01/01;1700 UTC;0;987,2;987,9;987,2;2315,7;33,2;16,4;33,2;31,5;17,5;15,2;42;36;37;76;8,8;3,8;
2026/01/01;1800 UTC;0;986,3;987,2;986,3;2789,1;32,4;16,8;34,3;31,4;16,9;15,8;41;33;39;91;9,3;3,9;
2026/01/01;1900 UTC;0;986,3;986,4;986,2;1947,9;31,3;16,4;33,2;31,1;17;15,9;42;37;41;77;9,4;3,7;
2026/01/01;2000 UTC;0;986,8;986,8;986,3;1089,2;29;17,2;31,3;29;17,4;16,3;49;41;49;79;11;4,1;
2026/01/01;2100 UTC;0;987,1;987,1;986,7;254,8;26,8;18,4;29;26,8;18,6;17,3;60;49;60;72;8,9;4;
2026/01/01;2200 UTC;0;987,8;987,8;987,1;;25,6;19,5;26,8;25,6;19,5;18,4;69;60;69;61;8,3;4,8;
2026/01/01;2300 UTC;0;988,1;988,1;987,7;;24,9;20;25,6;24,9;20;19,5;75;69;75;59;7,8;3,9;
2026/01/02;0000 UTC;0;988,5;988,5;988,1;;24,3;21,1;24,9;24,3;21,1;20,1;82;75;82;51;6,3;3,6;
2026/01/02;0100 UTC;0;988,6;988,7;988,5;;24,2;23,3;24,3;24,2;23,3;21,1;94;82;94;53;6,3;3,9;
2026/01/02;0200 UTC;0;988,4;988,6;988,4;;24,3;22,9;24,3;24,2;23,3;22,9;94;92;92;48;7,2;3,6;
2026/01/02;0300 UTC;0;987,9;988,4;987,9;;24,1;23;24,3;24,1;23;22,6;94;91;94;43;6,7;3,1;
2026/01/02;0400 UTC;0;987,4;987,9;987,4;;23,7;23,7;24,1;23,7;23,7;23;100;94;100;40;6,1;2,9;
2026/01/02;0500 UTC;0;986,7;987,4;986,7;;23,6;23,3;23,7;23,6;23,7;23,3;100;98;98;39;8;4;
2026/01/02;0600 UTC;0;986,7;986,8;986,6;;23,5;23,5;23,7;23,5;23,5;23,1;100;97;100;36;8;3,2;
2026/01/02;0700 UTC;0;986,5;986,8;986,4;;23,2;;23,5;23,2;;;;;;45;6;3,2;
2026/01/02;0800 UTC;0;987;987;986,4;;22,8;;23,2;22,8;;;;;;55;5,8;3,1;
2026/01/02;0900 UTC;0;987,5;987,5;987;74;23,1;;23,1;22,6;;;;;;46;5,2;2,9;
2026/01/02;1000 UTC;0;987,8;987,8;987,4;273;25,8;20,5;25,8;23,1;;;;;73;47;5,9;3,2;
2026/01/02;1100 UTC;0;988,2;988,2;987,8;1245;29;19,1;29;25,8;20,7;18,7;73;55;55;34;6,5;3;
2026/01/02;1200 UTC;0;988,1;988,2;988,1;2313,6;31,5;18,6;31,5;29;19,5;17,9;55;46;47;45;7,4;2,9;
2026/01/02;1300 UTC;0;987,9;988,2;987,9;2366,2;32,6;18,3;33,1;30,7;18,9;17;47;40;43;30;6,8;2,2;
2026/01/02;1400 UTC;0;987,3;987,9;987,3;1709,1;31,9;16;33,7;31,8;17,9;15,7;42;36;39;16;6,4;2,9;
2026/01/02;1500 UTC;0;986,4;987,3;986,4;3281;35,7;13,3;37,5;31,5;17,2;13,1;40;24;26;48;6,8;3,6;
2026/01/02;1600 UTC;0;985,4;986,4;985,3;2472,1;34,4;13,7;37;34,1;14,9;12,2;30;24;29;31;8,6;3,1;
2026/01/02;1700 UTC;0;984,1;985,4;984,1;3066,1;34,6;16,1;37,3;33,9;17,1;12,9;36;24;33;73;9,8;4;
2026/01/02;1800 UTC;0;983,7;984,2;983,7;2358,1;33;17,4;36,1;32,9;17,5;16,2;39;32;39;73;10,3;4,7;
2026/01/02;1900 UTC;0;983,4;983,8;983,3;1515,3;32,1;17,6;33,6;31,9;18;17,1;43;38;42;66;10,3;5,5;
2026/01/02;2000 UTC;0;983,6;983,6;983,3;912,4;29,5;18,5;32,1;29,5;18,5;17,7;51;42;51;67;11,5;6,4;
2026/01/02;2100 UTC;0;984,3;984,3;983,5;172,5;27,1;19,5;29,5;27,1;19,5;18,4;63;52;63;68;11,4;5,5;
2026/01/02;2200 UTC;0;984,7;984,7;984,3;;25,8;19,6;27,1;25,8;19,6;19,4;69;63;69;57;10,2;6,3;
2026/01/02;2300 UTC;0;985,5;985,5;984,7;;25,2;19,9;25,8;25,2;20;19,7;72;69;72;53;10,2;5,1;
2026/01/03;0000 UTC;0;986,4;986,4;985,5;;25;20;25,2;25;20;19,8;74;72;74;52;9,6;4,7;
2026/01/03;0100 UTC;0;986,6;986,8;986,4;;25;20,3;25,1;24,9;20,4;20;75;74;75;52;8,3;4,9;
2026/01/03;0200 UTC;0;986,3;986,6;986,2;;24,8;20,5;25;24,7;20,5;20,3;77;75;77;47;8,8;4,6;
2026/01/03;0300 UTC;0;985,8;986,3;985,8;;24,7;20,7;24,8;24,6;20,7;20,5;79;77;78;46;7,8;3,4;
2026/01/03;0400 UTC;0;985;985,8;985;;24,3;21;24,7;24,2;21;20,5;82;78;82;44;8,1;4,5;
2026/01/03;0500 UTC;0;984,8;985;984,7;;23,9;23;24,3;23,8;23;21;95;82;95;48;8,1;3,7;
2026/01/03;0600 UTC;0;985,1;985,1;984,8;;23,6;23,1;23,9;23,6;23,1;23;97;95;97;40;6,7;3,2;
2026/01/03;0700 UTC;0;985,7;985,7;985,1;;23,3;;23,6;23,3;23,5;23,1;100;97;;50;6,3;2,5;
2026/01/03;0800 UTC;0;986,2;986,2;985,6;;23,1;;23,3;23,1;;;;;;36;4,8;2,1;
2026/01/03;0900 UTC;0;986,9;986,9;986,3;70,3;23,5;23,5;23,5;23;;;;;100;45;5,4;3;
2026/01/03;1000 UTC;0;987,6;987,6;986,9;391;25,8;20,4;25,8;23,5;23,6;20;100;72;72;40;7;2,4;
2026/01/03;1100 UTC;0;988,3;988,3;987,6;1374;29,4;18,2;29,7;25,8;20,6;18;72;50;51;25;8;3,6;
2026/01/03;1200 UTC;0;988,6;988,6;988,2;2088,7;30,4;17,9;31,2;29,1;18,5;16,9;52;43;47;360;8,8;3,7;
2026/01/03;1300 UTC;0;988,3;988,7;988,3;2524,7;31,6;16,5;33,4;30,3;18;15,8;47;37;41;23;8;3,6;
2026/01/03;1400 UTC;0;987,2;988,3;987,2;3196,3;34,3;15,6;36,5;31,6;17,1;13,9;41;27;33;352;9,1;3,1;
2026/01/03;1500 UTC;0;986,2;987,2;986,2;3731,2;37,4;13;37,4;34,3;15,8;12,3;33;22;23;352;7;2,3;
2026/01/03;1600 UTC;0;985,4;986,2;985,4;2645,8;37,4;11;38,6;34,8;14,3;10,7;28;19;21;67;7,2;1,3;
2026/01/03;1700 UTC;0;984,4;985,4;984,4;2266,1;34,5;15,6;38,6;34,5;15,6;10,5;32;19;32;69;10,9;5,9;
2026/01/03;1800 UTC;0;983,8;984,5;983,8;2355,2;35,4;16,6;36,5;34,2;16,9;15,4;35;29;33;59;12,7;6,9;
2026/01/03;1900 UTC;0;983,8;983,9;983,6;1743,7;32,5;17,9;35,4;31,9;18,1;16,4;43;33;42;66;12,5;6,6;
2026/01/03;2000 UTC;0;984,1;984,2;983,6;1024,6;30;18,2;32,5;30;18,4;17,6;49;42;49;58;12,5;6,8;
2026/01/03;2100 UTC;0;984,6;984,7;984;157,1;27,5;18,7;30;27,5;18,8;18,1;59;49;59;57;11,5;6,5;
2026/01/03;2200 UTC;0;986,1;986,1;984,6;;26,3;19,3;27,5;26,3;19,3;18,7;65;59;65;45;10,3;3,6;
2026/01/03;2300 UTC;0;986,8;986,8;986,1;;25,7;19,6;26,3;25,7;19,6;19,3;69;65;69;52;7,7;4;
2026/01/04;0000 UTC;0;988,1;988,1;986,8;;25,3;19,8;25,7;25,3;19,9;19,6;72;69;72;43;6,9;3;
2026/01/04;0100 UTC;0;988,3;988,3;988,1;;25,2;20,1;25,3;25,2;20,1;19,9;73;72;73;53;6;3,1;
2026/01/04;0200 UTC;0;987,9;988,3;987,9;;24,8;20,4;25,2;24,8;20,4;20,1;77;73;77;50;6,4;4;
2026/01/04;0300 UTC;0;987,5;988;987,4;;24,5;20,7;24,8;24,5;20,7;20,4;79;77;79;51;7,7;4,7;
2026/01/04;0400 UTC;0;987,4;987,5;987,2;;24,1;22,5;24,5;24,1;22,5;20,7;91;79;91;44;7,7;3,6;
2026/01/04;0500 UTC;0;987,8;988;987,4;;24,1;20,7;24,2;24,1;22,6;20,7;91;81;81;245;5,5;,5;
2026/01/04;0600 UTC;0;987,5;987,8;987,5;;24;20,9;24,1;23,8;21;20,5;84;81;83;160;1,4;,8;
2026/01/04;0700 UTC;0;987,2;987,5;987,1;;23,6;20,5;24,1;23,6;20,9;20,3;83;81;83;48;2,5;1,6;
2026/01/04;0800 UTC;0;987,6;987,6;987,2;;23,6;22,4;23,6;23,4;22,5;20,5;94;83;93;61;3,2;1,9;
2026/01/04;0900 UTC;0;988,3;988,3;987,6;51,5;23,5;23;23,6;23,4;23;22,3;97;93;97;53;4;2;
2026/01/04;1000 UTC;0;988,8;988,8;988,3;327;25,1;22,4;25,4;23,5;23,7;22,4;98;84;85;59;5,8;3,4;
2026/01/04;1100 UTC;0;989,2;989,2;988,8;1054;27,9;19,1;28,5;25,1;23;19,1;87;57;59;48;6;3,7;
2026/01/04;1200 UTC;0;989,2;989,2;989,1;1885;31,5;18,8;31,5;27,6;20,3;17,8;62;46;47;39;6,7;3,4;
2026/01/04;1300 UTC;0;988,9;989,2;988,8;2599,2;33,9;16,9;34;30,8;18,7;16,7;47;36;36;44;7,4;3,5;
2026/01/04;1400 UTC;0;988,3;988,9;988,3;2396,8;33,2;16,7;34,5;32,1;17,7;16,1;41;35;37;345;7,4;1,8;
2026/01/04;1500 UTC;0;987,5;988,3;987,5;3104,4;35;16;36,1;33,2;17,4;15;38;30;32;80;5,9;2,6;
2026/01/04;1600 UTC;0;986,5;987,5;986,5;2862,5;36,7;14,2;37,1;34,2;16,6;13,5;33;25;26;174;7,3;1,6;
2026/01/04;1700 UTC;0;985,4;986,5;985,4;1636,3;33,5;16,5;37,9;33,3;16,5;12,8;37;23;36;75;9,9;5,2;
2026/01/04;1800 UTC;0;986,5;986,7;985,4;491,9;28,7;13,5;34;27,3;17,7;13,4;55;33;39;251;10,1;4,2;
2026/01/04;1900 UTC;0;986,1;986,8;986,1;2061,3;31,5;16,2;32,4;28,7;18,1;13,4;48;33;40;49;7,9;2,6;
2026/01/04;2000 UTC;0;986,4;986,5;985,9;993,9;30,4;16,7;31,9;30,3;17,1;15,9;44;40;44;72;9,5;4,9;
2026/01/04;2100 UTC;0;987,3;987,3;986,4;187;27,6;17,6;30,4;27,6;17,6;16,5;55;44;55;63;9,7;4,6;
2026/01/04;2200 UTC;0;988,2;988,3;987,3;;26,2;18,8;27,6;26,2;18,8;17,6;64;55;64;58;8,7;4,3;
2026/01/04;2300 UTC;0;988;988,3;988;;25,5;19,3;26,2;25,4;19,3;18,8;69;64;69;55;10;6,1;
2026/01/05;0000 UTC;0;989,1;989,1;988;;25;19,7;25,5;25;19,7;19,3;73;69;73;46;10,4;5,2;
2026/01/05;0100 UTC;0;989;989,2;988,9;;24,8;20,1;25;24,8;20,1;19,7;75;73;75;52;10,2;5,9;
2026/01/05;0200 UTC;0;989,2;989,3;988,9;;24,8;20,1;24,9;24,7;20,1;20,1;75;75;75;50;10,2;4,9;
2026/01/05;0300 UTC;0;988,5;989,2;988,5;;24,4;20,3;24,8;24,4;20,3;20;78;75;78;45;8,5;3,7;
2026/01/05;0400 UTC;0;988,3;988,5;988,2;;24;22,6;24,4;24;22,6;20,3;92;78;92;49;6,8;3,3;
2026/01/05;0500 UTC;0;988,4;988,4;988,2;;24,1;22,7;24,1;23,9;22,8;22,5;93;92;92;49;6,4;3,4;
2026/01/05;0600 UTC;0;988,3;988,4;988,1;;24;20,9;24,2;24;22,7;20,9;92;82;82;44;7,5;4,3;
2026/01/05;0700 UTC;0;988,4;988,5;988,2;;24,2;20;24,2;24;20,8;20;82;77;77;44;8,1;4,1;
2026/01/05;0800 UTC;0;988,8;988,8;988,4;;23,9;19,3;24,2;23,9;20,1;19,3;78;76;76;40;10,1;4,7;
2026/01/05;0900 UTC;0;989,4;989,4;988,8;60,1;23,9;19,3;23,9;23,7;19,3;19,1;76;75;75;42;9,3;3,8;
2026/01/05;1000 UTC;0;989,7;989,7;989,4;244,4;26,8;18,4;26,8;23,9;19,3;18,3;75;60;60;47;9,4;5;
2026/01/05;1100 UTC;0;989,9;989,9;989,6;1199;29,7;16,9;29,7;26,8;18,3;16,5;60;46;46;28;9,4;4;
2026/01/05;1200 UTC;0;990,1;990,1;989,9;2212,5;31,2;15,9;31,6;29,4;16,8;15,2;46;38;40;5;8,9;4;
2026/01/05;1300 UTC;0;989,5;990,1;989,5;2883,5;33,6;13;34,5;31,2;16,5;12,7;40;27;29;33;9,3;3,7;
2026/01/05;1400 UTC;0;988,9;989,5;988,9;3481,6;34,6;12,8;35,9;33,6;13,7;11,9;29;24;27;62;9,8;5,1;
2026/01/05;1500 UTC;0;988,1;989;988,1;3495,7;35,1;13;35,7;32,9;13,7;11,2;30;24;27;80;9,8;2,7;
2026/01/05;1600 UTC;0;987,4;988,1;987,4;3019,3;34,3;13,5;36,1;34;14;12,2;29;25;29;60;8,4;4,6;
2026/01/05;1700 UTC;;;;;;;;;;;;;;;;;;
2026/01/05;1800 UTC;0;986,1;986,8;986,1;2611,7;33,4;14,1;35,1;32,7;15,5;13,6;33;29;31;82;9,7;4,4;
2026/01/05;1900 UTC;0;986;986,1;986;1996,6;31,4;14,6;33,4;31,3;14,7;13,5;36;31;36;78;11,3;4,9;
2026/01/05;2000 UTC;0;986,3;986,3;986;1182,4;29,5;15;31,8;29,5;15,3;14,4;42;35;41;72;11,2;6,3;
2026/01/05;2100 UTC;0;987,2;987,2;986,3;299;27,4;17,1;29,5;27,4;17,1;14,9;54;41;54;74;11,2;4,9;
2026/01/05;2200 UTC;0;988;988;987,1;;25,7;18,9;27,4;25,7;18,9;17,2;66;54;66;73;9,4;4,7;
2026/01/05;2300 UTC;0;989;989;988;;24,9;20;25,7;24,8;20;18,9;74;66;74;71;8,6;4;
2026/01/06;0000 UTC;0;989,9;989,9;989;;24,5;20,6;24,8;24,5;20,6;20;79;74;79;65;7,6;3,9;
2026/01/06;0100 UTC;0;990,4;990,4;989,8;;24,1;23;24,5;24,1;23;20,6;93;79;93;67;8;3,5;
2026/01/06;0200 UTC;0;990,4;990,5;990,3;;24;23,3;24,2;24;23,3;23;96;93;96;74;6,8;2,2;
2026/01/06;0300 UTC;0;989,6;990,4;989,6;;23,6;23,6;24;23,6;23,7;23,2;100;96;100;72;5,4;2,8;
2026/01/06;0400 UTC;0;989;989,6;989;;23,8;;23,8;23,5;;;;;;89;6;2;
2026/01/06;0500 UTC;0;988,3;989;988,3;;23,5;;23,8;23,5;;;;;;67;6,7;3,8;
2026/01/06;0600 UTC;0;988,4;988,4;988,2;;23,5;;23,5;23,3;;;;;;51;7,9;2,9;
2026/01/06;0700 UTC;0;988,8;988,8;988,4;;23,6;;23,6;23,5;;;;;;62;6,5;3,4;
2026/01/06;0800 UTC;0;989,7;989,7;988,8;;23,2;;23,6;23,2;;;;;;51;6,6;2,3;
2026/01/06;0900 UTC;0;990,1;990,2;989,7;66,6;23,3;;23,3;23,1;;;;;;53;4,4;3;
2026/01/06;1000 UTC;0;990,6;990,7;990,1;409;25,2;22,5;25,2;23,3;;;;;85;58;8,2;4,5;
2026/01/06;1100 UTC;0;991,5;991,5;990,6;1373,6;28,2;18,1;28,2;25,2;22,4;16,8;85;53;54;73;9;3,7;
2026/01/06;1200 UTC;0;991,9;991,9;991,5;1897,3;28,7;16;29,4;27,2;17,8;15,3;54;44;46;75;8,2;2,8;
2026/01/06;1300 UTC;0;991,7;991,9;991,7;3067,2;30,2;12,9;32,1;27,9;16,8;12,8;49;32;35;102;9,1;3,5;
2026/01/06;1400 UTC;0;991,1;991,7;991;2325;31,5;11,6;31,9;29,9;15;11,6;39;29;30;83;9,9;3,6;
2026/01/06;1500 UTC;0;990,7;991,1;990,7;3234,5;32,2;11,8;33,2;30,5;13,3;10,2;34;25;29;83;8,8;3,7;
2026/01/06;1600 UTC;0;990,1;990,7;990,1;3535,8;32,3;11,9;33,7;31,5;12,5;10,5;30;26;29;100;9,1;3,4;
2026/01/06;1700 UTC;0;989,4;990,1;989,4;3061,7;33,1;12,2;33,3;31;13,7;11,2;34;28;28;74;9,9;4;
2026/01/06;1800 UTC;0;988,8;989,4;988,8;2698,1;31,8;12,3;33,4;31,1;13,4;11,2;33;27;30;106;8,8;3;
2026/01/06;1900 UTC;0;988,9;988,9;988,7;2073,9;30,4;14,8;31,9;30,3;15,2;12,9;39;30;39;93;9,9;3,8;
2026/01/06;2000 UTC;0;989,5;989,5;988,8;964,4;28,1;15,9;30,8;28,1;16,4;14,8;48;39;48;69;9,9;5,4;
2026/01/06;2100 UTC;0;990;990;989,4;357,4;26,5;17,2;28,3;26,4;17,2;15,7;57;47;57;98;9,4;2,9;
2026/01/06;2200 UTC;0;990,9;990,9;990;;25,1;17,8;26,5;25,1;17,8;16,8;64;56;64;82;7,6;2,4;
2026/01/06;2300 UTC;0;991,4;991,4;990,9;;24,4;18,3;25,1;24,4;18,3;17,8;69;64;69;91;4,7;1,8;
2026/01/07;0000 UTC;0;992,2;992,2;991,4;;24,1;18,8;24,4;24,1;18,8;18,3;72;69;72;85;4,7;2;
2026/01/07;0100 UTC;0;992,4;992,4;992,2;;24,1;19,1;24,3;24;19,1;18,8;74;72;74;91;3,8;1,5;
2026/01/07;0200 UTC;0;991,9;992,4;991,9;;23,6;19;24,1;23,6;19,2;18,9;75;74;75;87;3,8;1,8;
2026/01/07;0300 UTC;0;991,1;991,9;991,1;;23,5;19;23,7;23,5;19,1;18,9;76;75;76;103;4,1;1,3;
2026/01/07;0400 UTC;0;990,8;991,1;990,8;;22,3;18,7;23,6;22,3;19,1;18,3;80;76;80;167;3,3;1,3;
2026/01/07;0500 UTC;0;990,4;990,8;990,3;;22,9;21,4;22,9;22;21,6;18,8;95;80;92;125;4;2,1;
2026/01/07;0600 UTC;0;990,2;990,4;990;;23;21,1;23,2;22;21,9;20,7;96;89;89;128;5;2,3;
2026/01/07;0700 UTC;0;990,3;990,4;990,2;;22,8;19,3;23,1;22,8;21,1;19,3;89;81;81;108;4,8;1,6;
2026/01/07;0800 UTC;0;990,8;990,8;990,3;;22,1;19,5;22,8;22,1;19,5;18,6;85;80;85;131;4,2;1;
2026/01/07;0900 UTC;0;991,4;991,4;990,8;55,3;22,4;20,4;22,4;22;20,8;19,4;91;85;89;142;3;1,6;
2026/01/07;1000 UTC;0;992;992;991,4;169,9;25,2;19,2;25,2;22,4;20,4;19,2;89;69;69;150;3,7;1,4;
2026/01/07;1100 UTC;0;992,3;992,3;992;971,7;27;17,6;27;25,1;19;17,4;69;57;57;130;6;3,2;
2026/01/07;1200 UTC;0;992,3;992,4;992,3;1769;29,3;16,1;29,3;26,6;18,6;16,1;58;45;45;86;7,4;2,7;
2026/01/07;1300 UTC;0;992,2;992,4;992,2;2274;29;15,1;31,4;28,5;17,5;14,3;48;38;43;109;7,4;3,3;
2026/01/07;1400 UTC;0;991,6;992,2;991,6;2512,7;31;14;32,1;28,9;16,5;13,1;45;34;36;85;7,9;3,1;
2026/01/07;1500 UTC;0;991,1;991,6;991,1;2403,3;29,7;15,6;31,9;29,5;15,6;13,2;43;33;43;106;8,5;3,9;
2026/01/07;1600 UTC;,8;991,1;991,2;991;902,6;24,8;19,9;29,6;24,8;19,9;15,6;74;43;74;74;8,7;3,3;
2026/01/07;1700 UTC;,2;990,5;991,1;990,5;1338,7;26;19,9;27;24,5;24,7;18,7;92;63;69;141;5,9;2,9;
2026/01/07;1800 UTC;0;989,8;990,5;989,8;1175,2;28,3;18,2;28,4;26;20,5;18;70;54;55;89;6;2;
2026/01/07;1900 UTC;0;989,7;989,8;989,6;1111,2;28,3;17,1;30,1;28,3;18,7;16,9;55;47;51;85;7;2,8;
2026/01/07;2000 UTC;0;989,8;989,8;989,6;1181,2;28,3;17,1;29,7;28,3;17,7;16,4;51;46;51;80;7,8;4;
2026/01/07;2100 UTC;0;990,2;990,2;989,8;310,5;26,5;18;28,4;26,5;18;16,9;60;50;60;87;7,8;2,3;
2026/01/07;2200 UTC;0;990,7;990,7;990,2;;25,2;19,1;26,5;25,2;19,1;18;69;60;69;102;5,8;2;
2026/01/07;2300 UTC;0;991,2;991,2;990,7;;24,5;19,5;25,2;24,5;19,6;19,1;74;69;74;102;4,8;1,7;
2026/01/08;0000 UTC;0;991,4;991,4;991,1;;24;19,9;24,5;24;19,9;19,5;78;74;78;93;4,8;1,3;
2026/01/08;0100 UTC;0;991,7;991,8;991,4;;24;20,5;24,1;23,9;20,5;19,9;81;78;81;121;3,1;1,4;
2026/01/08;0200 UTC;0;991,4;991,8;991,4;;23,3;22,4;24,1;23,3;22,4;20,5;94;81;94;163;3,1;1;
2026/01/08;0300 UTC;0;990,6;991,4;990,6;;23,2;22,8;23,4;23,2;23;22,3;98;94;98;175;1,9;1,2;
2026/01/08;0400 UTC;;;;;;;;;;;;;;;;;;
2026/01/08;0500 UTC;0;989,6;989,9;989,6;;22,8;;22,9;22,8;;;;;;143;2,3;1,5;
2026/01/08;0600 UTC;0;989,5;989,6;989,5;;22,5;;22,8;22,5;;;;;;146;2,4;1,5;
2026/01/08;0700 UTC;0;989,6;989,6;989,4;;22,4;;22,5;22,4;;;;;;177;2,4;1;
2026/01/08;0800 UTC;0;990,1;990,1;989,6;;22,5;;22,6;22,4;;;;;;229;1,6;,9;
2026/01/08;0900 UTC;0;990,8;990,8;990,1;58,7;22,7;;22,7;22,5;;;;;;199;2,1;1,2;
2026/01/08;1000 UTC;0;991,3;991,3;990,8;378,8;22,9;;23;22,6;;;;;;221;2,4;1,1;
2026/01/08;1100 UTC;0;991,7;991,7;991,3;896,1;24,9;22,6;26,1;22,9;;;;;87;171;3;1,6;
2026/01/08;1200 UTC;3,4;991,9;992;991,6;718,4;23,8;23,4;25,2;23,7;24,3;22,6;100;87;98;150;5,2;1,3;
2026/01/08;1300 UTC;0;991,4;992;991,4;2709,7;28,3;19,6;28,6;23,8;25,3;19,6;100;59;59;110;5,1;2,4;
2026/01/08;1400 UTC;0;991,1;991,4;991,1;2389,5;29,3;19;29,8;28,1;20,6;18,1;62;51;54;82;6,7;2,7;
2026/01/08;1500 UTC;0;990,2;991,1;990,2;3368,2;31,8;16,5;32,1;29,1;19,2;16,5;54;40;40;93;7,4;3,4;
2026/01/08;1600 UTC;0;989,5;990,2;989,5;3254,6;32,6;15,7;32,8;30,5;17,2;15,4;43;36;36;96;9;3,9;
2026/01/08;1700 UTC;0;988,7;989,5;988,7;3484,7;32,2;15,1;33,5;31,3;16,5;14,4;40;33;36;114;9,3;4,2;
2026/01/08;1800 UTC;0;988,7;988,7;988,5;2517,8;30,6;15,8;32,5;30,6;16,1;14,4;41;34;41;99;10,2;3,8;
2026/01/08;1900 UTC;0;988,8;988,8;988,7;2044,7;29,5;17,1;31,3;29,1;17,1;15,4;48;39;47;95;10,5;4,1;
2026/01/08;2000 UTC;0;989,4;989,4;988,8;1245;28,8;16;30,2;28,7;17,3;14,6;47;41;46;86;10;3,9;
2026/01/08;2100 UTC;0;989,8;989,8;989,4;411;27,1;17,9;28,8;27,1;18,4;15,4;58;45;57;101;9,1;2,6;
2026/01/08;2200 UTC;0;990,3;990,4;989,8;,9;26;19,1;27,1;25,9;19,1;18;66;57;66;96;7,6;2,1;
2026/01/08;2300 UTC;0;991,2;991,2;990,3;;25,2;19,6;26;25,2;19,7;19,1;71;66;71;92;7,7;2,3;
2026/01/09;0000 UTC;0;991,7;991,8;991,2;;24,4;19,7;25,2;24,4;19,7;19,6;75;71;75;75;5,5;2,5;
2026/01/09;0100 UTC;0;991,6;991,7;991,6;;24;20,1;24,4;24;20,1;19,7;79;75;79;78;4,6;1,9;
2026/01/09;0200 UTC;0;991,1;991,6;991,1;;24,1;20,3;24,2;24;20,3;20,1;79;78;79;89;4,3;1,8;
2026/01/09;0300 UTC;0;990,8;991,1;990,8;;24;22,3;24,1;23,9;22,3;20,3;90;79;90;90;4,7;1,5;
2026/01/09;0400 UTC;0;990,2;990,8;990,2;;23,5;23,2;24;23,5;23,2;22,3;98;90;98;80;3,7;1,3;
2026/01/09;0500 UTC;0;989,7;990,2;989,7;;23,3;;23,5;23,1;;;;;;72;3,2;1,8;
2026/01/09;0600 UTC;0;989,9;990;989,7;;23,1;;23,6;23,1;;;;;;131;3,5;1,2;
2026/01/09;0700 UTC;0;989,9;990;989,9;;22,6;;23,4;22,6;;;;;;221;3,2;,4;
2026/01/09;0800 UTC;0;990,3;990,3;989,9;;22,6;;22,9;22,3;;;;;;198;2,1;,6;
2026/01/09;0900 UTC;0;991;991;990,3;79,3;23;;23;22,5;;;;;;178;1,3;,5;
2026/01/09;1000 UTC;0;991,4;991,4;991;283,6;24,4;;24,4;23;;;;;;67;3,6;2,3;
2026/01/09;1100 UTC;0;991,7;991,7;991,4;1232,9;27,6;20,5;27,6;24,4;25,6;19,8;100;64;65;71;6;2,7;
2026/01/09;1200 UTC;0;991,9;992;991,7;1825;29,2;18,1;29,3;27,2;20,6;17,7;65;50;51;77;7,4;2,9;
2026/01/09;1300 UTC;0;991,5;991,9;991,5;3169,5;32;16,6;32;28,7;18,5;15,7;52;39;40;91;7,6;2,7;
2026/01/09;1400 UTC;0;991,1;991,5;991,1;3175,5;31,2;17,1;34,2;30,8;17,1;12,6;43;29;43;49;8,2;4,5;
2026/01/09;1500 UTC;0;990,6;991,1;990,5;2373,4;31,5;13,2;33,2;30,5;17,6;11;46;28;33;74;8,2;2,6;
2026/01/09;1600 UTC;0;990,2;990,6;990,2;1577,1;30,7;17,6;31,5;30;18,2;14,2;47;33;45;71;9,9;4,1;
2026/01/09;1700 UTC;0;989,5;990,2;989,5;2558,9;30,9;16,8;31,6;29,5;18,1;16,1;47;40;43;104;11,4;4,6;
2026/01/09;1800 UTC;0;989,3;989,5;989,2;1808,8;29,6;17,2;31,3;29,4;17,3;16;48;41;47;69;9,6;5,2;
2026/01/09;1900 UTC;0;989;989,3;989;988,3;29,5;17,8;29,9;28,9;18;16,9;50;47;49;83;9,8;5;
2026/01/09;2000 UTC;0;989,1;989,2;989;1177,6;28,7;18;29,7;28,6;18,2;17;53;47;53;86;9,8;3,8;
2026/01/09;2100 UTC;0;989,3;989,3;989,1;213,2;26,5;18,4;28,7;26,5;18,4;17,5;61;52;61;92;8,5;3,4;
2026/01/09;2200 UTC;0;990;990;989,3;;25,4;19,4;26,5;25,4;19,4;18,5;70;61;70;88;9,8;2,2;
2026/01/09;2300 UTC;0;990,9;990,9;990;;24,8;19,9;25,4;24,8;19,9;19,4;74;70;74;94;5,6;2;
2026/01/10;0000 UTC;0;991,1;991,2;990,8;;24,4;19,9;24,8;24,4;20;19,9;76;74;76;126;6;2,6;
2026/01/10;0100 UTC;0;990,9;991,1;990,9;;24,2;20,2;24,4;24,2;20,2;19,8;78;76;78;105;5,4;2,1;
2026/01/10;0200 UTC;0;990,6;991,1;990,6;;23,9;22,7;24,2;23,9;22,7;20,2;93;78;93;125;5,3;2,6;
2026/01/10;0300 UTC;0;990,3;990,7;990,3;;23,7;23,1;24,1;23,6;23,2;22,7;96;93;96;100;4,8;1,3;
2026/01/10;0400 UTC;0;989,8;990,3;989,8;;23,5;;23,7;23,5;;;;;;88;3,5;1,5;
2026/01/10;0500 UTC;0;989,4;989,8;989,3;;22,9;;23,7;22,9;;;;;;60;6,8;3,5;
2026/01/10;0600 UTC;2,6;989,3;989,6;989,3;;22,7;;23,1;22,6;;;;;;66;5,5;2,1;
2026/01/10;0700 UTC;,2;989,4;989,5;989,3;;23;;23;22,6;;;;;;115;4,1;1,6;
2026/01/10;0800 UTC;0;989,8;989,8;989,3;;22,6;;23;22,5;;;;;;179;2,9;,8;
2026/01/10;0900 UTC;0;990,3;990,3;989,8;43,7;22,8;;22,8;22,5;;;;;;207;2;,8;
2026/01/10;1000 UTC;,8;990,7;990,7;990,3;394,6;24,1;;24,1;22,7;;;;;;64;2,8;1,3;
2026/01/10;1100 UTC;0;990,9;991;990,7;779;25,2;;25,2;23,9;;;;;;72;3,7;1,6;
2026/01/10;1200 UTC;4,6;991;991;990,9;1544,2;26,8;21,6;26,8;24;;;;;73;112;5,7;2,7;
2026/01/10;1300 UTC;,2;991;991,2;990,9;2084,2;26,1;20,7;27,7;24,9;21,6;18,7;74;59;72;62;10,1;4,4;
2026/01/10;1400 UTC;0;991,1;991,1;990,6;1518,8;25,6;18,1;28,6;25,3;21,2;17,6;72;57;63;85;9,7;2,9;
2026/01/10;1500 UTC;0;990,4;991,1;990,4;405,3;25,5;19,6;25,6;25,3;19,9;18,2;71;64;70;83;7,1;2,2;
2026/01/10;1600 UTC;0;989,8;990,6;989,8;1204,9;28,9;18,8;28,9;25,5;19,9;18,4;70;54;54;54;7,7;4;
2026/01/10;1700 UTC;0;989,4;989,9;989,4;1212,7;28,1;18,3;28,8;27;19,2;16,3;59;52;55;65;6,3;2,3;
2026/01/10;1800 UTC;2,2;989,3;989,4;989,2;931,5;25,1;20,3;28,2;23,9;20,5;17,8;78;55;75;160;9,1;2,6;
2026/01/10;1900 UTC;0;988,9;989,3;988,9;1198,2;26,3;21;26,5;25;21;19,8;75;69;73;154;5,4;2,7;
2026/01/10;2000 UTC;1,6;989,1;989,2;988,8;550,1;24,9;23,5;26,3;24,8;23,7;20,1;93;70;92;136;8,3;2,5;
2026/01/10;2100 UTC;0;989,5;989,5;989,1;175,2;24,7;20;25,1;24,7;23,4;19,3;92;71;75;146;5,3;2,1;
2026/01/10;2200 UTC;0;989,6;989,6;989,5;;24,1;21,3;24,7;24,1;21,3;20;84;75;84;132;4,1;2,1;
2026/01/10;2300 UTC;0;989,6;989,6;989,5;;23,9;20,9;24,2;23,9;21,4;20,7;85;82;83;102;4,7;1,6;
2026/01/11;0000 UTC;0;989,9;989,9;989,6;;23,5;22,7;23,9;23,5;22,7;20,9;95;83;95;77;5;2,2;
2026/01/11;0100 UTC;0;989,9;989,9;989,8;;23,3;23,3;23,5;23,3;23,5;22,7;100;95;100;74;4;2;
2026/01/11;0200 UTC;0;989,7;990;989,6;;23,2;;23,4;23,2;;;;;;75;4,9;2,3;
2026/01/11;0300 UTC;0;989,3;989,7;989,3;;22,9;;23,2;22,9;;;;;;64;4,3;1,8;
2026/01/11;0400 UTC;0;988,5;989,3;988,5;;23,1;;23,2;22,8;;;;;;99;3,6;1,6;
2026/01/11;0500 UTC;,6;988,4;988,6;988,4;;23;;23,1;22,9;;;;;;79;3,6;1,3;
2026/01/11;0600 UTC;0;988,3;988,5;988,3;;22,9;;23,2;22,9;;;;;;86;3,4;1,5;
2026/01/11;0700 UTC;0;988,7;988,7;988,3;;22,7;;22,9;22,6;;;;;;63;3,4;1,2;
2026/01/11;0800 UTC;0;989,1;989,1;988,7;;22,5;;22,7;22,5;;;;;;70;2,9;1,6;
2026/01/11;0900 UTC;;;;;;;;;;;;;;;;;;
2026/01/11;1000 UTC;0;990,8;;;103,4;24,6;;;;;;;;;57;;2,2;
2026/01/11;1100 UTC;0;991,3;991,3;990,7;1046,3;27,2;23,6;27,2;24,7;;;;;81;46;7,8;4;
2026/01/11;1200 UTC;0;991,5;991,6;991,3;1668,9;29,5;19,4;29,6;26,3;22,9;19,4;81;55;55;40;7,8;3,2;
2026/01/11;1300 UTC;0;991,2;991,6;991,2;2951,6;30,9;18,5;31,3;28,5;20,2;17,3;58;45;48;65;7,5;3,4;
2026/01/11;1400 UTC;0;990,5;991,2;990,5;3074,9;30,7;16,7;32,7;29,8;18,8;15,4;49;38;43;79;8;3,5;
2026/01/11;1500 UTC;0;990;990,5;990;2717,4;31,2;14,6;32,5;30,2;17,2;14,3;44;35;37;78;8,3;3,4;
2026/01/11;1600 UTC;0;989,5;990;989,5;3296,7;32,4;14,7;33;30,6;16;14;41;33;35;72;8,8;4,5;
2026/01/11;1700 UTC;0;989;989,5;989;3134,5;31,9;13;33,5;31,1;15;12,7;36;30;32;77;9,2;4,6;
2026/01/11;1800 UTC;0;988,5;989;988,5;2791,4;31,2;13,4;32,6;31,2;14,4;12,9;35;31;34;92;9,9;4,1;
2026/01/11;1900 UTC;0;988,5;988,6;988,4;2043,4;30,4;14,3;31,9;30,3;14,8;13,4;38;34;37;86;11,4;3,8;
2026/01/11;2000 UTC;0;988,5;988,6;988,4;1231,8;28,8;14,5;30,6;28,8;14,8;13;42;34;42;71;10,9;5,5;
2026/01/11;2100 UTC;0;988,9;988,9;988,5;331,5;26,7;16,9;28,8;26,7;16,9;14,3;55;41;55;79;10,9;3,3;
2026/01/11;2200 UTC;0;989,3;989,3;988,9;;25,3;19,2;26,7;25,3;19,2;16,9;69;55;69;79;7,2;3,2;
2026/01/11;2300 UTC;0;989,7;989,7;989,3;;24,5;20,2;25,3;24,5;20,2;19,2;77;69;77;72;7,2;3,7;
2026/01/12;0000 UTC;0;990;990;989,7;;24,1;22,3;24,5;24,1;22,3;20,2;90;77;90;70;7,2;3,4;
2026/01/12;0100 UTC;0;990,4;990,4;990;;23,5;23,3;24,1;23,5;23,4;22,4;99;90;99;57;5,8;2,5;
2026/01/12;0200 UTC;0;990,1;990,4;990,1;;22,9;;23,5;22,9;;;;;;49;4,3;1,9;
2026/01/12;0300 UTC;0;989,5;990,1;989,5;;22,8;;23;22,7;;;;;;55;4;2,6;
2026/01/12;0400 UTC;0;989,2;989,5;989,2;;22,8;;22,8;22,6;;;;;;53;3,8;2,2;
2026/01/12;0500 UTC;0;988,9;989,2;988,8;;22,7;;22,8;22,7;;;;;;52;5;2,4;
2026/01/12;0600 UTC;0;989;989;988,8;;22,9;;22,9;22,5;;;;;;58;3,6;2,2;
2026/01/12;0700 UTC;0;989,4;989,4;988,9;;22,9;;22,9;22,7;;;;;;63;3,4;1,5;
2026/01/12;0800 UTC;0;989,8;989,8;989,4;;22,8;;22,9;22,7;;;;;;57;2,3;1,1;
2026/01/12;0900 UTC;0;990,6;990,6;989,8;91,2;23,2;;23,3;22,8;;;;;;54;2,6;1,3;
2026/01/12;1000 UTC;0;991,2;991,2;990,6;342;24,4;;24,4;23,2;;;;;;69;2,8;1,3;
2026/01/12;1100 UTC;0;991,7;991,7;991,2;928,3;26,5;22,8;26,5;24,2;;;;;80;56;7,2;4,3;
2026/01/12;1200 UTC;0;991,6;991,7;991,6;2145,9;28,5;18,5;30,6;26,4;22,7;17,8;80;49;55;60;7,2;3,7;
2026/01/12;1300 UTC;0;991,4;991,8;991,4;1960,6;30,7;16,5;31,3;28,3;19,5;16,1;58;41;43;66;7,7;4,1;
2026/01/12;1400 UTC;0;991;991,4;991;2567,6;29,7;15,9;31,5;29,7;17,9;15,8;46;41;43;96;8,8;3,6;
2026/01/12;1500 UTC;0;990,6;991;990,6;3506,3;32,1;14,9;32,7;29,6;16,6;14,9;44;35;35;77;8,5;4;
2026/01/12;1600 UTC;0;990,3;990,7;990,3;2555,6;30,8;16;32,2;30,4;17,1;14,6;42;35;41;82;10,5;4,4;
2026/01/12;1700 UTC;0;989,8;990,4;989,8;3259;31,4;15,8;32,7;30,8;16,6;14,8;42;36;39;94;9,8;4,4;
2026/01/12;1800 UTC;0;989,4;989,8;989,4;2536,1;30,5;16,2;31,7;30,2;16,7;15;42;38;42;72;10;5,1;
2026/01/12;1900 UTC;0;989,6;989,7;989,4;1146,5;29,7;17;30,6;29,4;17,1;15,3;47;40;46;67;9,5;5,4;
2026/01/12;2000 UTC;0;989,9;989,9;989,6;616,6;28,6;17,4;30,1;28,4;17,4;15,8;51;44;51;93;9,7;3,3;
2026/01/12;2100 UTC;0;990;990;989,8;111,4;26,6;17,3;28,6;26,6;17,4;16,3;57;50;57;83;8,7;3,6;
2026/01/12;2200 UTC;0;990,4;990,4;990;;25,4;18,9;26,6;25,4;18,9;17,4;67;57;67;75;7,4;2,7;
2026/01/12;2300 UTC;0;991;991;990,4;;24,7;19,8;25,4;24,7;19,8;18,9;74;67;74;69;5,5;3;
2026/01/13;0000 UTC;0;991,3;991,3;991;;24,4;20,2;24,7;24,4;20,2;19,7;77;74;77;66;5,3;2,9;
2026/01/13;0100 UTC;0;991,4;991,4;991,3;;24;21,8;24,4;24;21,8;20,2;87;77;87;66;5,2;2,6;
2026/01/13;0200 UTC;0;991;991,4;991;;23,4;22,7;24;23,4;22,9;21,8;96;88;96;58;4,5;1,8;
2026/01/13;0300 UTC;0;990,4;991;990,4;;23,3;;23,6;23,3;23,6;22,8;100;96;;63;4,2;2,2;
2026/01/13;0400 UTC;0;990;990,4;989,9;;23,4;;23,4;23,1;;;;;;71;3,8;1,7;
2026/01/13;0500 UTC;0;989,8;990;989,7;;23,4;;23,5;23,2;;;;;;80;3,6;1,7;
2026/01/13;0600 UTC;0;989,5;989,8;989,4;;23,4;;23,4;23,3;;;;;;83;3,5;1,8;
2026/01/13;0700 UTC;0;989,7;989,7;989,5;;22,4;;23,3;22,3;;;;;;216;3,5;,7;
2026/01/13;0800 UTC;0;990;990;989,7;;22,3;;22,5;22,2;;;;;;187;1,5;1;
2026/01/13;0900 UTC;0;990,8;990,8;990;53,7;22,5;;22,5;22;;;;;;189;1,5;,8;
2026/01/13;1000 UTC;0;991,2;991,2;990,8;312;24,8;;24,8;22,3;;;;;;88;3,4;1,5;
2026/01/13;1100 UTC;0;991,5;991,5;991,2;1368,3;27,9;18,8;27,9;24,8;25,1;18,5;100;58;58;80;7,9;3,8;
2026/01/13;1200 UTC;0;991,9;991,9;991,5;1940,9;28,8;15,6;29;27,5;18,8;15,6;58;45;45;72;10;4,5;
2026/01/13;1300 UTC;0;991,4;991,9;991,4;2719,3;30;13,4;30,6;28,4;16,1;13,4;47;36;36;79;10;4,6;
2026/01/13;1400 UTC;0;991,1;991,5;991,1;2804,9;31;14,1;31;29,6;14,7;13,1;39;35;36;89;10,8;3,1;
2026/01/13;1500 UTC;0;990,6;991,1;990,6;3316,6;30,6;13,5;31,8;29,7;15,2;12;40;30;35;82;9,7;3,9;
2026/01/13;1600 UTC;0;990;990,7;990;2891,4;32,1;10,8;32,1;30,1;13,7;10,4;35;27;27;98;12;4,5;
2026/01/13;1700 UTC;0;989,5;990,1;989,5;3156,1;31,2;12,8;32,2;30,4;13;10,1;33;26;33;90;12;3,6;
2026/01/13;1800 UTC;0;989,1;989,6;989,1;1532,3;29,7;14,3;31,6;29,7;14,7;12,8;39;32;39;70;10,5;5,7;
2026/01/13;1900 UTC;0;989,3;989,3;989,1;960,1;29,2;15,1;31;28,8;15,6;14,1;45;37;42;114;10,9;4,5;
2026/01/13;2000 UTC;0;989,8;989,8;989,2;293,4;27,9;16,1;29,6;27,8;16,5;14,6;49;40;49;124;9,2;4,4;
2026/01/13;2100 UTC;0;990,4;990,4;989,8;135,5;26,6;16,5;27,9;26,6;16,9;15,8;54;48;54;120;9;4,3;
2026/01/13;2200 UTC;0;990,8;990,9;990,4;;25,7;18;26,7;25,7;18;16,6;62;54;62;106;7,4;2,2;
2026/01/13;2300 UTC;0;991,2;991,2;990,8;;25,2;18,6;25,7;25,2;18,6;18;67;62;67;122;5,8;2,2;
2026/01/14;0000 UTC;0;991,3;991,4;991,2;;24,6;19;25,2;24,6;19;18,6;71;67;71;89;4,4;2;
2026/01/14;0100 UTC;0;991,3;991,4;991,3;;24,4;19,2;24,7;24,4;19,2;19;73;71;73;98;3,9;1,4;
2026/01/14;0200 UTC;0;990,7;991,3;990,6;;24;19,2;24,5;24;19,2;19,1;74;72;74;86;4;1,7;
2026/01/14;0300 UTC;0;990,3;990,7;990,3;;24,1;19;24,1;23,9;19,2;19;75;73;73;94;3,8;1,2;
2026/01/14;0400 UTC;0;989,8;990,3;989,8;;23,6;19;24,1;23,6;19;18,8;76;73;76;136;3,1;1,2;
2026/01/14;0500 UTC;0;989,4;989,8;989,4;;23,2;19,5;23,6;23;19,5;18,9;80;76;80;147;2,1;,9;
2026/01/14;0600 UTC;0;989,4;989,4;989,3;;22,5;21,9;23,2;22,5;21,9;19,1;96;79;96;191;1,9;1,2;
2026/01/14;0700 UTC;0;989,5;989,5;989,3;;21,9;;22,5;21,9;22,3;21,8;100;96;;195;2,7;1,1;
2026/01/14;0800 UTC;0;990;990;989,5;;22;;22,1;21,9;;;;;;174;2,6;1,4;
2026/01/14;0900 UTC;0;990,6;990,6;990;52,2;22;;22,1;21,6;;;;;;48;3,4;,8;
2026/01/14;1000 UTC;0;990,9;991;990,6;270,5;25,2;21,7;25,2;22;;;;;81;125;2,9;1;
2026/01/14;1100 UTC;0;991,3;991,4;990,9;1042,6;26;19;27,3;25,1;22,9;18,2;85;59;65;108;4,2;1,5;
2026/01/14;1200 UTC;0;991,3;991,4;991,3;1314;27,5;17,9;28,1;26;19,7;17,2;66;54;56;118;5,1;2,3;
2026/01/14;1300 UTC;0;991,6;991,6;991,2;1248,7;28,1;17,4;28,3;27,2;19,3;16,6;60;51;52;72;9,1;4,1;
2026/01/14;1400 UTC;0;991,4;991,6;991,3;1698,5;26,4;19,5;29,1;25,7;19,5;16,2;68;47;66;128;10,3;4,7;
2026/01/14;1500 UTC;0;990,7;991,4;990,7;2424,4;28,8;15,7;29,4;26,5;19,5;15,6;66;45;45;103;9,2;3,8;
2026/01/14;1600 UTC;0;990,2;990,7;990,2;1816,1;29,5;15;30,7;28,2;17,5;13,5;51;39;41;69;10,6;5,8;
2026/01/14;1700 UTC;0;989,4;990,2;989,3;2506,1;30,7;13,8;32;29,3;16,5;13,8;44;36;36;78;10,6;4;
2026/01/14;1800 UTC;0;988,9;989,3;988,9;2443,6;31,4;14;32,1;29,8;15,7;13,1;42;34;35;86;9,1;3,6;
2026/01/14;1900 UTC;0;989,1;989,2;988,9;1142,2;28,3;17,1;31,4;28;17,5;14;53;35;51;106;10,8;4,1;
2026/01/14;2000 UTC;0;989,5;989,5;989,1;695,7;27,8;16;28,6;27,8;17,3;13,6;52;41;49;85;9,1;3,4;
2026/01/14;2100 UTC;0;990;990;989,5;149,8;26,4;16,3;27,8;26,4;16,7;15,9;54;49;54;89;8,1;2,4;
2026/01/14;2200 UTC;0;990,5;990,5;990;;25,3;17,9;26,4;25,3;17,9;16,3;63;54;63;94;5,5;2;
2026/01/14;2300 UTC;0;991;991;990,5;;25;18,9;25,3;25;18,9;17,9;69;64;69;125;5;2,1;
2026/01/15;0000 UTC;0;991,1;991,2;991;;24,3;19,6;25;24,3;19,6;18,9;75;69;75;129;4,1;2,1;
2026/01/15;0100 UTC;0;990,8;991,1;990,8;;23,8;19,6;24,2;23,8;19,7;19,5;77;75;77;120;4;1,8;
2026/01/15;0200 UTC;0;990,4;990,8;990,4;;23,8;19,1;24,1;23,8;19,5;19;77;75;75;94;5,1;1,8;
2026/01/15;0300 UTC;0;989,8;990,4;989,8;;23,1;19;23,8;23,1;19,2;18,9;78;75;78;42;5,1;1,3;
2026/01/15;0400 UTC;0;989,3;989,8;989,3;;22,3;21,8;23,1;22,2;22;19;97;78;97;65;3,5;1,9;
2026/01/15;0500 UTC;0;988,9;989,3;988,8;;22,6;22,6;22,6;21,9;;;;;100;83;3,3;1,7;
2026/01/15;0600 UTC;0;988,7;988,9;988,7;;22,3;22,3;23;21,6;22,6;20,7;100;90;100;117;3,1;1,3;
2026/01/15;0700 UTC;0;988,8;988,9;988,7;;21,7;19,9;22,9;21,7;22,6;19,3;100;84;90;155;3,2;,9;
2026/01/15;0800 UTC;0;989,4;989,5;988,8;;20,9;;21,7;20,8;21;20,1;100;90;;301;2,8;,5;
2026/01/15;0900 UTC;0;990,2;990,2;989,5;48,4;21,7;;21,7;20,9;;;;;;269;1,9;,4;
2026/01/15;1000 UTC;0;991,1;991,1;990,2;373,3;23,2;22,7;23,2;21,7;;;;;97;249;1,9;1;
2026/01/15;1100 UTC;,4;991,7;991,7;991,1;732,8;23,9;23,8;24,3;22,8;23,8;22,6;100;96;99;227;3,2;1,6;
2026/01/15;1200 UTC;0;991,8;991,9;991,7;1392,2;26,9;19,1;27,4;23,8;23,8;19;99;62;62;58;3;1;
2026/01/15;1300 UTC;0;991,6;991,8;991,5;2360,6;28,6;16,9;29,3;26,5;20,5;16,4;66;48;49;122;6,3;2,9;
2026/01/15;1400 UTC;0;991,3;991,6;991,2;2667;27,9;18,5;30,8;27,9;18,5;15,2;57;40;56;129;9,1;4,8;
2026/01/15;1500 UTC;0;990,4;991,3;990,4;3642,1;31,8;15,2;32;27,9;19,3;15;58;37;37;108;9,1;2,4;
2026/01/15;1600 UTC;0;989,6;990,4;989,6;2829,3;32,1;14,5;32,2;30;17;14,2;44;34;35;126;8;4;
2026/01/15;1700 UTC;0;989,1;989,6;989,1;2209,2;30,4;17,4;32,5;30,3;17,4;14,6;46;35;46;89;10,1;3,8;
2026/01/15;1800 UTC;0;988,7;989,1;988,7;1610,7;29,7;16,4;32;29,2;17,2;15,6;46;40;45;106;10;3,9;
2026/01/15;1900 UTC;0;988,7;988,7;988,6;864,4;29,3;15,6;30,2;28,9;16,4;15,3;46;42;44;104;9,4;4,1;
2026/01/15;2000 UTC;0;988,9;988,9;988,6;567;28,6;16,2;29,6;28,6;16,4;15,8;47;44;47;115;9,2;3,7;
2026/01/15;2100 UTC;0;989,4;989,4;988,9;119,2;26,5;17,2;28,8;26,5;17,3;16,3;57;47;57;121;9,6;4,4;
2026/01/15;2200 UTC;0;990,1;990,1;989,4;;25,4;18,5;26,5;25,3;18,5;17,3;66;57;66;98;8;1,9;
2026/01/15;2300 UTC;0;990,7;990,7;990,1;;24,7;19,4;25,4;24,7;19,4;18,5;73;66;73;120;5,9;3,1;
2026/01/16;0000 UTC;0;991,2;991,2;990,7;;24,3;20;24,7;24,3;20;19,5;77;73;77;110;6;2,2;
2026/01/16;0100 UTC;0;991,2;991,2;991;;24;20,9;24,3;24;20,9;20;83;77;83;101;5,1;1,6;
2026/01/16;0200 UTC;0;990,6;991,2;990,6;;23,8;22,7;24;23,8;22,8;20,9;94;83;93;111;4,4;2,1;
2026/01/16;0300 UTC;0;989,8;990,6;989,8;;23,6;23,1;23,9;23,5;23,1;22,7;97;93;97;96;3,8;1,3;
2026/01/16;0400 UTC;0;989,3;989,8;989,3;;23,5;;23,7;23,5;23,7;23,1;100;97;;117;3,4;1,3;
2026/01/16;0500 UTC;0;989,1;989,3;989,1;;22,8;;23,5;22,8;;;;;;184;3,3;1,3;
2026/01/16;0600 UTC;,6;989,2;989,2;989;;22,5;;22,8;22,5;;;;;;216;2;,6;
2026/01/16;0700 UTC;1;989,4;989,4;989,2;;22,7;;22,7;22,5;;;;;;134;5;2,1;
2026/01/16;0800 UTC;0;989,7;989,7;989,4;;22,6;;22,7;22,5;;;;;;181;3,7;1,2;
2026/01/16;0900 UTC;0;990,1;990,1;989,7;35,3;22,5;;22,6;22,4;;;;;;177;3,1;1,7;
2026/01/16;1000 UTC;2,6;990,8;990,8;990,1;208,4;22,5;;22,8;22,5;;;;;;151;5;3,1;
2026/01/16;1100 UTC;7,4;991,1;991,1;990,8;389,9;23,3;;23,3;22,3;;;;;;87;5,2;1,7;
2026/01/16;1200 UTC;0;991,3;991,4;991,1;2557;27,5;20,1;27,7;23,2;;;;;64;90;6,5;2,9;
2026/01/16;1300 UTC;0;991,1;991,3;991,1;3066,1;29,8;17,7;30,4;27,1;21,5;17,7;68;48;48;83;7,2;3,1;
2026/01/16;1400 UTC;0;990,8;991,1;990,8;2363,9;28,8;17,9;30;28,7;19,3;17,7;55;49;52;78;9,2;4,1;
2026/01/16;1500 UTC;0;990,1;990,8;990,1;3115,1;30;18,4;30,9;28,3;19,6;17,4;58;45;50;132;8,4;3,5;
2026/01/16;1600 UTC;0;989,3;990,1;989,3;3684,9;31,9;17,1;31,9;29,4;18,3;15,8;50;39;41;108;8,4;2,7;
2026/01/16;1700 UTC;0;988,5;989,3;988,4;2303,2;31,4;15,8;32,2;29,7;17,4;15,8;47;39;39;77;9,1;4;
2026/01/16;1800 UTC;0;988,3;988,5;988,2;2549,9;29,9;16,5;31,5;29,9;17;15,3;44;39;44;115;8,7;4,5;
2026/01/16;1900 UTC;0;988,3;988,4;988,2;472,3;28,5;17,7;30,1;28,1;17,9;16,6;54;44;52;117;10,1;4,8;
2026/01/16;2000 UTC;0;988,5;988,5;988,3;561,7;28,1;18;29,2;27,5;18,1;17,2;55;49;54;103;9,3;3,3;
2026/01/16;2100 UTC;0;989;989;988,5;193,3;26;18,1;28,3;26;18,6;17,7;62;54;62;111;9,7;3,3;
2026/01/16;2200 UTC;0;989,7;989,7;989;;24,4;20,1;26;24,4;20,1;18;77;62;77;117;7,8;3,4;
2026/01/16;2300 UTC;0;990;990;989,7;;23,9;19,2;24,4;23,7;20,2;19,2;79;75;75;111;8;2,7;
2026/01/17;0000 UTC;0;990;990;989,7;;23,4;18,8;23,9;23,4;19,2;18,8;76;75;76;70;6,4;2,2;
2026/01/17;0100 UTC;0;990,1;990,2;990;;23;20,6;23,3;22,8;21,4;18,9;91;76;86;74;3,8;1,6;
2026/01/17;0200 UTC;0;989,6;990,2;989,6;;23,2;20,5;23,3;22,8;21,6;19,5;92;80;85;100;3;1;
2026/01/17;0300 UTC;0;989;989,6;988,9;;23,1;21,7;23,4;23,1;21,9;20,5;92;85;92;54;2,6;1,1;
2026/01/17;0400 UTC;0;988,4;989;988,4;;22,7;22,6;23,1;22,4;22,9;21,7;100;92;99;113;2;,7;
2026/01/17;0500 UTC;0;988,2;988,4;988,1;;22;;23;22;;;;;;227;2;1,1;
2026/01/17;0600 UTC;0;988,2;988,2;988,1;;22,1;;22,2;21,9;;;;;;205;1,4;,5;
2026/01/17;0700 UTC;0;988,5;988,5;988,2;;22,3;;22,4;22,1;;;;;;209;2;1,2;
2026/01/17;0800 UTC;0;988,9;988,9;988,5;;22;;22,3;22;;;;;;218;1,9;,8;
2026/01/17;0900 UTC;0;989,6;989,6;988,9;41,1;22;;22;21,9;;;;;;221;1,5;,8;
2026/01/17;1000 UTC;0;990,1;990,1;989,6;208,8;22,6;;22,6;22;;;;;;204;2,8;1,4;
2026/01/17;1100 UTC;2,4;990,6;990,6;990,1;312;22,7;;23;22,6;;;;;;164;4,1;2,3;
2026/01/17;1200 UTC;,8;990,4;990,8;990,4;903,7;23,4;;23,6;22,7;;;;;;178;4,9;2,5;
2026/01/17;1300 UTC;0;990,1;990,4;990;2212,2;26,7;22,4;27;23,4;;;;;77;90;5,9;2,1;
2026/01/17;1400 UTC;0;989,4;990,1;989,4;2250,3;28,4;21;28,9;26,3;23,9;20,3;84;62;64;45;6,3;3,7;
2026/01/17;1500 UTC;0;988,9;989,5;988,9;1961,8;26,3;20,1;29,4;26,2;21,7;19,7;71;60;69;116;7,1;3;
2026/01/17;1600 UTC;2,4;988;988,9;988;946,6;25,2;21,6;26,4;24,3;22,9;19,8;89;67;80;113;8,3;2,6;
2026/01/17;1700 UTC;0;987,3;988;987,3;1277,7;27,7;20;27,8;25,2;22;19,8;80;63;63;61;6;2,5;
2026/01/17;1800 UTC;0;986,7;987,3;986,7;1568,9;26,9;21,1;28,4;26,5;21,5;19,2;72;60;71;44;7,9;2,8;
2026/01/17;1900 UTC;0;986,3;986,7;986;1118,8;27,6;20;28,1;26,5;21,4;19,6;72;61;63;107;7,3;3;
2026/01/17;2000 UTC;0;986,8;986,8;986,3;590,5;27,6;18,7;27,7;27,1;20,1;18,6;64;58;58;74;8,1;3,3;
2026/01/17;2100 UTC;0;987,1;987,1;986,8;269,4;26,2;19;27,7;26,2;19;18,5;65;58;65;95;7;2,3;
2026/01/17;2200 UTC;0;987,7;987,7;987,1;;24,9;20,6;26,2;24,9;20,6;19;77;65;77;134;6,5;3,9;
2026/01/17;2300 UTC;0;988,6;988,6;987,7;;24,2;23,5;24,9;24,2;23,5;20,6;96;77;96;135;6,5;3,1;
2026/01/18;0000 UTC;0;988,8;988,8;988,6;;23,8;;24,2;23,8;23,8;23,3;100;96;;118;5,1;2,3;
2026/01/18;0100 UTC;0;989,1;989,1;988,7;;23,2;;23,8;23,2;;;;;;176;5;1,7;
2026/01/18;0200 UTC;0;988,8;989,1;988,8;;22,9;;23,2;22,9;;;;;;159;2,7;1,4;
2026/01/18;0300 UTC;0;988,4;988,8;988,4;;23,1;;23,1;22,9;;;;;;136;2,8;1,6;
2026/01/18;0400 UTC;0;988;988,4;988;;23,1;;23,2;23,1;;;;;;131;3,6;1,7;
2026/01/18;0500 UTC;0;987,6;988;987,6;;22,8;;23,1;22,8;;;;;;153;2,6;,5;
2026/01/18;0600 UTC;0;987,2;987,6;987,2;;22,6;;22,8;22,6;;;;;;24;2,3;1,3;
2026/01/18;0700 UTC;0;987,6;987,6;987,2;;22,7;;22,8;22,5;;;;;;73;2,9;1,6;
2026/01/18;0800 UTC;0;988;988;987,6;;22,4;;22,8;22,4;;;;;;50;2,9;1;
2026/01/18;0900 UTC;0;988,6;988,6;988;43,6;22,5;;22,5;22,2;;;;;;313;2;,8;
2026/01/18;1000 UTC;0;989;989;988,6;292,1;23,8;;23,8;22,5;;;;;;31;3,3;1,6;
2026/01/18;1100 UTC;0;989,7;989,7;989;453,3;24,5;;24,5;23,5;;;;;;41;5,1;2,7;
2026/01/18;1200 UTC;0;989,8;990;989,6;682,3;26,2;20,9;26,3;24,5;;;;;73;46;6,2;3,6;
2026/01/18;1300 UTC;0;989,6;989,8;989,6;1176,4;28,7;21,4;28,7;26,1;21,6;19,9;75;63;65;45;6,2;3,1;
2026/01/18;1400 UTC;0;989,1;989,6;989,1;2922,6;31,6;18,1;31,7;28,7;21,2;17,2;64;44;45;49;7,4;4;
2026/01/18;1500 UTC;0;988,4;989,1;988,4;2194,4;31,9;16,1;32,2;29,7;18,5;15,6;47;38;39;52;7,7;3,4;
2026/01/18;1600 UTC;0;987,5;988,4;987,5;2465,6;31,3;16;32,4;29,6;17,7;15,3;46;37;40;59;9,1;4,5;
2026/01/18;1700 UTC;0;986,7;987,5;986,7;2505,4;29,9;16,1;32,1;29,8;17,8;15,7;45;39;43;75;9,1;4,5;
2026/01/18;1800 UTC;0;985,9;986,7;985,9;2545,3;31,3;16,3;32,3;29,9;17,5;15,2;43;37;41;82;9,2;4,2;
2026/01/18;1900 UTC;0;985,7;985,9;985,5;1675,2;28,9;16,2;31,4;28,8;17,1;15,7;46;39;46;68;10,6;5,8;
2026/01/18;2000 UTC;0;986,2;986,2;985,6;942,8;28,4;17,2;29;28,4;17,7;16;51;46;51;64;10,9;6,4;
2026/01/18;2100 UTC;0;986,6;986,6;986,1;280,8;26,2;18,2;28,4;26,2;18,2;17,1;62;50;62;66;10,9;4,9;
2026/01/18;2200 UTC;0;987,1;987,1;986,6;;25,2;19;26,2;25,2;19;18,2;69;62;69;70;9,6;4,5;
2026/01/18;2300 UTC;0;987,3;987,3;987;;24,4;19,9;25,1;24,4;19,9;19;76;69;76;63;9,3;3,9;
2026/01/19;0000 UTC;0;988,1;988,1;987,3;;23,9;20,4;24,4;23,9;20,4;19,9;81;76;81;52;7,7;3,3;
2026/01/19;0100 UTC;0;988,5;988,6;988,1;;23,6;23,2;23,9;23,6;23,2;20,4;98;81;98;53;5,4;3,2;
2026/01/19;0200 UTC;0;988,2;988,6;988,1;;23,4;;23,6;23,4;;;;;;50;6;2,9;
2026/01/19;0300 UTC;0;987,8;988,3;987,8;;23,2;;23,4;23,2;;;;;;46;4,8;2,6;
2026/01/19;0400 UTC;0;987,4;987,8;987,3;;22,9;;23,2;22,9;;;;;;42;4,6;2,3;
2026/01/19;0500 UTC;0;986,8;987,4;986,8;;22,7;;22,9;22,7;;;;;;49;4,9;2,4;
2026/01/19;0600 UTC;0;986,4;986,8;986,4;;22,5;;22,7;22,5;;;;;;33;4,4;1,8;
2026/01/19;0700 UTC;0;986,7;986,7;986,4;;22,2;;22,5;22,2;;;;;;30;3,7;1,1;
2026/01/19;0800 UTC;0;987,3;987,3;986,7;;22,4;;22,4;22,2;;;;;;22;2,8;1,5;
2026/01/19;0900 UTC;0;988;988;987,3;48,6;22,8;;22,8;22,4;;;;;;27;4,7;2,2;
2026/01/19;1000 UTC;0;988,9;988,9;988;418,1;24,5;;24,5;22,8;;;;;;30;6,3;3,1;
2026/01/19;1100 UTC;0;989,4;989,4;988,9;800,3;26,3;22,4;26,3;24,5;25,3;22,1;100;79;79;32;8,6;3,7;
2026/01/19;1200 UTC;0;989,5;989,5;989,4;1619;29,8;18,6;30;26,3;22,2;18,6;79;51;51;44;9;5;
2026/01/19;1300 UTC;0;989;989,5;989;2309,7;29,9;17,5;31,7;29,1;19,2;16,2;53;43;47;45;9,9;4,8;
2026/01/19;1400 UTC;0;988,5;989;988,5;2787,8;32,8;16,9;32,8;29,9;17,8;15,3;47;38;39;38;9,9;3,7;
2026/01/19;1500 UTC;0;987,8;988,5;987,8;3782,8;34,3;13;34,4;31,3;16,4;12,7;39;27;28;36;10,3;3,7;
2026/01/19;1600 UTC;0;986,7;987,8;986,7;3606,1;34,5;12,5;34,9;32,5;14,4;11,6;33;26;27;54;7,9;4;
2026/01/19;1700 UTC;0;985,8;986,7;985,8;3228,8;33,8;16,2;34,7;31,6;16,5;12,2;37;26;35;72;9,5;4,2;
2026/01/19;1800 UTC;0;985,6;985,9;985,5;2116,9;31;16,6;33,8;30,8;17,6;15,2;42;34;42;78;9,6;4,8;
2026/01/19;1900 UTC;0;985,3;985,6;985,3;1957,7;30,2;17,7;31,6;30;17,9;16,6;48;41;47;80;10,6;4,7;
2026/01/19;2000 UTC;0;985,7;985,7;985,1;861,9;27,8;18,1;30,2;27,8;18,4;17;56;47;55;69;11,3;5,5;
2026/01/19;2100 UTC;0;986,2;986,3;985,7;150,5;26,4;18,8;27,9;26,4;18,8;18;63;55;63;63;11;5,1;
2026/01/19;2200 UTC;0;986,6;986,7;986,1;;25,3;19,6;26,4;25,3;19,6;18,8;71;63;71;66;10,8;5;
2026/01/19;2300 UTC;0;987,4;987,4;986,6;;24,8;20,2;25,3;24,8;20,2;19,6;76;71;76;59;9;5,3;
2026/01/20;0000 UTC;0;987,7;987,7;987,3;;24,5;20,6;24,8;24,5;20,6;20,1;79;76;79;56;9;4,6;
2026/01/20;0100 UTC;0;988,5;988,6;987,7;;24,3;21,4;24,5;24,2;21,4;20,6;84;79;84;42;8,2;2,9;
2026/01/20;0200 UTC;0;988,3;988,6;988,3;;24,1;21,6;24,4;24,1;21,8;21,2;86;82;86;58;6,1;3;
2026/01/20;0300 UTC;0;988,1;988,4;988,1;;24;23,3;24,1;23,9;23,4;21,7;96;86;96;55;5,4;2,6;
2026/01/20;0400 UTC;0;987,8;988,1;987,7;;23,5;;24;23,5;23,7;23,2;100;96;;48;5;2,4;
2026/01/20;0500 UTC;0;987,4;987,8;987,4;;23,8;;23,8;23,4;;;;;;47;4,6;2,6;
2026/01/20;0600 UTC;0;987,6;987,6;987,2;;23,5;;23,8;23,5;;;;;;30;4,5;1,1;
2026/01/20;0700 UTC;0;987,5;987,7;987,4;;23,3;;23,6;23,3;;;;;;29;3;1,5;
2026/01/20;0800 UTC;0;988;988;987,5;;23,2;;23,4;23,2;;;;;;27;3,3;1,3;
2026/01/20;0900 UTC;0;988,4;988,4;987,9;56,9;23,4;;23,4;23,1;;;;;;7;2,5;1,1;
2026/01/20;1000 UTC;0;988,9;988,9;988,4;339,5;24,7;;24,7;23,4;;;;;;2;3,4;1,6;
2026/01/20;1100 UTC;0;989,2;989,2;988,9;932,6;26,9;20,5;27,6;24,7;25;20,5;100;67;68;21;6,5;3,1;
2026/01/20;1200 UTC;0;989,2;989,3;988,9;1336,1;28,8;19,9;29,4;26,7;21,4;19,4;71;56;59;27;7,2;3,6;
2026/01/20;1300 UTC;0;989,1;989,2;988,9;1052,2;25,2;21,2;29;25;21,5;19;80;59;79;57;9,9;3;
2026/01/20;1400 UTC;0;988,7;989,2;988,6;1734;29,1;20,7;29,2;25,2;21,8;20,4;80;61;61;75;5,9;2,8;
2026/01/20;1500 UTC;0;988,1;988,7;988,1;1849,1;28,8;19,4;30,3;28,6;20,9;19,1;62;52;57;84;8,1;3,6;
2026/01/20;1600 UTC;0;986,9;988,1;986,9;1593,3;29;19,7;29,2;28;20,6;19,5;62;57;57;81;10,2;4,2;
2026/01/20;1700 UTC;0;987;987,4;986,9;1887,7;30,1;18,3;30,4;28,7;20;17,8;59;48;49;60;11,8;6,6;
2026/01/20;1800 UTC;0;986,6;987;986,5;1906,4;29,3;17,8;31,7;29,1;18,9;17,8;53;45;50;65;10,5;5;
2026/01/20;1900 UTC;0;986,1;986,6;986,1;533,1;27,8;19,1;29,4;27,8;19,2;18;59;50;59;81;9,9;4,2;
2026/01/20;2000 UTC;0;986,8;986,9;986,1;365;27,3;19,3;27,8;27,2;19,7;19,2;63;59;62;66;8,9;4,1;
2026/01/20;2100 UTC;0;987,2;987,3;986,8;78,1;26,2;19,4;27,3;26,2;19,8;19,2;66;62;66;64;9,3;4,4;
2026/01/20;2200 UTC;0;988,1;988,1;987,2;;25,4;20;26,2;25,4;20;19,4;72;66;72;66;8;2,9;
2026/01/20;2300 UTC;0;988,6;988,6;988,1;;24,9;20,3;25,4;24,8;20,3;20;76;72;76;56;7;3,4;
2026/01/21;0000 UTC;0;988,9;988,9;988,5;;24,4;21,2;24,9;24,4;21,2;20,2;82;76;82;59;6,1;3,1;
2026/01/21;0100 UTC;0;989,4;989,4;988,9;;24;23,5;24,4;23,9;23,5;21,1;97;82;97;53;5,4;2,5;
2026/01/21;0200 UTC;0;989,2;989,4;989,2;;24;;24,1;23,9;24;23,6;100;97;;51;5,1;3,2;
2026/01/21;0300 UTC;0;988,7;989,2;988,7;;23,6;;24;23,6;;;;;;53;5,1;2,5;
2026/01/21;0400 UTC;0;988;988,7;988;;23,6;;23,6;23,4;;;;;;49;4;1,6;
2026/01/21;0500 UTC;0;987,8;988;987,8;;23,8;;23,9;23,6;;;;;;56;3,6;2,2;
2026/01/21;0600 UTC;0;987,5;987,8;987,4;;23,4;;23,8;23,4;;;;;;53;4,4;2,1;
2026/01/21;0700 UTC;0;987,6;987,6;987,4;;23,4;;23,5;23,4;;;;;;54;3,5;1,9;
2026/01/21;0800 UTC;0;988;988;987,6;;23,4;;23,5;23,3;;;;;;40;4;1,7;
2026/01/21;0900 UTC;0;988,6;988,6;988;23;23,4;;23,4;23,2;;;;;;36;3,1;1,5;
2026/01/21;1000 UTC;0;989,2;989,2;988,6;195,9;23,7;;23,8;23,4;;;;;;55;2,9;1,5;
2026/01/21;1100 UTC;0;989,8;989,8;989,2;475,3;23,8;;24,3;23,5;;;;;;35;8,2;3,3;
2026/01/21;1200 UTC;0;990,1;990,1;989,8;998,4;25,8;24,3;26;23,8;;;;;91;50;6,6;2,9;
2026/01/21;1300 UTC;0;989,9;990,1;989,9;1932,4;28,5;19,5;28,9;25,8;25;19,5;94;58;58;63;8;4,1;
2026/01/21;1400 UTC;0;989,6;989,9;989,6;2187,4;30,7;17,5;31,6;27,9;20,6;17,5;62;44;45;59;10,2;6;
2026/01/21;1500 UTC;0;989;989,6;989;2920,6;30,5;17,4;31,4;29,7;18,8;16,8;49;44;45;65;10,2;5,2;
2026/01/21;1600 UTC;0;988,1;989;988,1;3412,9;31,3;16,1;32,4;29,9;17,7;15,8;48;38;40;60;10,9;5,9;
2026/01/21;1700 UTC;0;987,3;988,1;987,3;3259,4;31,6;14,7;32,5;30,2;16,9;14,4;44;36;36;69;11,6;5,6;
2026/01/21;1800 UTC;0;986,9;987,3;986,9;2806,1;31,6;14,6;32,3;30,3;16,4;14,3;41;35;36;65;12;5;
2026/01/21;1900 UTC;0;986,5;986,9;986,5;1789,6;29,4;15,3;31,6;28,9;16,4;14,4;46;36;42;77;11,8;4,6;
2026/01/21;2000 UTC;0;986,6;986,6;986,5;1199,3;28,4;16,7;29,9;28,4;17;14,8;49;40;49;72;10,2;5;
2026/01/21;2100 UTC;0;987,2;987,2;986,6;201,5;26,5;18,4;28,4;26,5;18,4;16,8;61;49;61;71;10,2;4,4;
2026/01/21;2200 UTC;0;988;988;987,2;;25,2;19,4;26,5;25,2;19,5;18,4;70;61;70;72;8;3,8;
2026/01/21;2300 UTC;0;988,8;988,8;988;;24,5;19,6;25,2;24,5;19,6;19,3;74;70;74;70;8,1;3,4;
2026/01/22;0000 UTC;0;989,2;989,2;988,8;;24,2;20;24,5;24,2;20;19,6;78;74;78;73;6,5;3,6;
2026/01/22;0100 UTC;0;989,6;989,6;989,2;;23,9;20,3;24,2;23,9;20,4;20;81;78;81;71;6,5;3;
2026/01/22;0200 UTC;0;989,2;989,6;989,2;;23,5;22,7;23,9;23,5;22,7;20,3;95;81;95;71;5,4;3;
2026/01/22;0300 UTC;0;988,6;989,2;988,6;;23,5;23,5;23,6;23,4;23,5;22,7;100;95;100;69;5,7;2,8;
2026/01/22;0400 UTC;0;988,2;988,6;988,2;;23,3;;23,6;23,3;;;;;;78;5,4;2,3;
2026/01/22;0500 UTC;0;988,1;988,3;988;;22,7;;23,3;22,7;;;;;;54;5;1,6;
2026/01/22;0600 UTC;0;988;988,1;987,9;;22,3;;22,7;22,3;;;;;;55;3,4;1,4;
2026/01/22;0700 UTC;0;987,9;988;987,8;;22,3;;22,5;22,2;;;;;;54;3,4;2,1;
2026/01/22;0800 UTC;0;988,4;988,4;987,9;;22,2;;22,4;22,1;;;;;;49;3,4;,9;
2026/01/22;0900 UTC;0;989,1;989,1;988,4;45,6;22,6;;22,6;22;;;;;;68;2,3;1,4;
2026/01/22;1000 UTC;0;989,5;989,5;989,1;270,5;24,3;;24,3;22,6;;;;;;55;5,3;3,2;
2026/01/22;1100 UTC;0;990;990;989,5;1268,4;26,9;20,5;27,3;24,3;25,4;20,5;100;68;68;44;6,2;2,6;
2026/01/22;1200 UTC;0;990,3;990,3;990;1834,1;29,5;18,1;29,7;26,4;22,8;18;77;50;51;50;7;3,4;
2026/01/22;1300 UTC;0;989,8;990,3;989,8;2351,9;30;17,7;31;29,2;19,1;16,8;52;45;48;54;7;2,8;
2026/01/22;1400 UTC;0;989,2;989,8;989,2;3035,9;30,9;15,7;32,5;29,8;18,4;15,1;48;36;40;78;7,7;3,8;
2026/01/22;1500 UTC;0;988,7;989,2;988,7;3032,1;31,8;15,9;32,8;30,6;16,8;14,3;41;34;39;71;9,4;4,7;
2026/01/22;1600 UTC;0;988,2;988,7;988,2;3219,4;31,7;15,6;33,1;30;17,2;15,2;44;37;38;82;10;4,2;
2026/01/22;1700 UTC;0;987,4;988,2;987,4;2555;31,8;14,5;32;30,1;16,5;14,1;42;34;35;73;12,5;5;
2026/01/22;1800 UTC;0;986,9;987,5;986,9;2785;30,6;13,9;32,5;30,6;14,7;13,4;36;33;36;73;12,5;5,1;
2026/01/22;1900 UTC;0;986,8;987;986,7;1817,5;29,6;14,5;31,6;29,3;15,4;13,9;41;36;40;68;10,5;6,2;
2026/01/22;2000 UTC;0;987,2;987,2;986,8;1079;28,6;15,9;30,1;28,6;16;14;46;38;46;79;9,9;3,8;
2026/01/22;2100 UTC;0;988;988;987,2;221,9;26,5;16,6;28,7;26,5;17,3;15,9;56;46;55;77;10,2;3,6;
2026/01/22;2200 UTC;0;988,5;988,5;988;;25,2;17,3;26,5;25,2;17,3;16,5;62;54;62;74;7,8;3,5;
2026/01/22;2300 UTC;0;988,8;988,9;988,5;;24,3;18,6;25,2;24,3;18,6;17,3;70;62;70;68;6,5;4;
2026/01/23;0000 UTC;0;989,2;989,2;988,8;;23,7;18,9;24,3;23,7;18,9;18,6;74;70;74;65;6,1;3,1;
2026/01/23;0100 UTC;0;989,3;989,4;989,2;;23,3;18,9;23,7;23,3;18,9;18,8;76;74;76;64;6,1;3,5;
2026/01/23;0200 UTC;0;989,5;989,6;989,3;;22,7;20;23,3;22,7;20;18,9;85;76;85;59;6,5;1,8;
2026/01/23;0300 UTC;0;988,9;989,5;988,9;;22,6;21,7;22,7;22,5;21,9;20,1;95;85;95;67;3,7;2;
2026/01/23;0400 UTC;0;988,2;988,9;988,2;;22;;22,6;22;22,3;21,7;100;95;;56;4,2;2;
2026/01/23;0500 UTC;0;988,1;988,2;988;;22;;22,2;22;;;;;;56;4,9;2,5;
2026/01/23;0600 UTC;0;987,9;988,1;987,9;;21,7;;22;21,6;;;;;;51;4,5;2,4;
2026/01/23;0700 UTC;0;988,1;988,1;987,9;;21,5;;21,7;21,5;;;;;;51;3,7;2,2;
2026/01/23;0800 UTC;0;988,6;988,6;988,1;;21,6;;21,6;21,4;;;;;;54;3,7;1,5;
2026/01/23;0900 UTC;0;989,5;989,5;988,6;45,8;22;;22;21,5;;;;;;65;2,6;1,6;
2026/01/23;1000 UTC;0;990;990,1;989,5;268;24;;24;22;;;;;;61;5,8;3;
2026/01/23;1100 UTC;0;990,4;990,5;990;1614,1;28,1;20,5;28,1;24;24,6;19,6;100;62;63;61;8,6;4,5;
2026/01/23;1200 UTC;0;990,6;990,6;990,4;2499,2;29,9;17,3;29,9;26,9;20;15,5;63;44;47;61;8,6;3,9;
2026/01/23;1300 UTC;0;990,4;990,6;990,4;2667;31,1;13,8;31,2;28;17,4;12,7;51;34;35;85;8,9;4,2;
2026/01/23;1400 UTC;0;990,1;990,4;990,1;3048,8;30,3;13,6;32;29,8;15;11,9;37;31;36;79;9,3;4;
2026/01/23;1500 UTC;0;989,6;990,1;989,6;2878,7;32;13,1;32,6;30;14,8;12,1;37;30;32;95;9,3;3,4;
2026/01/23;1600 UTC;0;988,9;989,6;988,9;2827,8;31,5;9,5;33,5;31;13,4;9,1;32;23;26;81;8,8;3,7;
2026/01/23;1700 UTC;0;988,4;988,9;988,4;2272,4;30,5;12,7;33,3;30,4;13,3;10;35;26;33;84;9,9;3,3;
2026/01/23;1800 UTC;0;988,2;988,5;988,2;1958,8;31,1;13,6;31,7;30,3;14,7;12,4;38;31;34;89;8,4;3,1;
2026/01/23;1900 UTC;0;988,1;988,2;988;1775,9;30,7;12,2;31,5;30,3;13,9;11,5;36;30;32;90;8,5;3,5;
2026/01/23;2000 UTC;0;988,6;988,6;988,1;1084;29,1;14,4;30,9;28,9;15;12,1;42;32;41;75;9,3;4,9;
2026/01/23;2100 UTC;0;989;989;988,5;246,2;26,8;16;29,2;26,8;16,1;14,4;51;41;51;83;9,3;3,3;
2026/01/23;2200 UTC;0;989,2;989,2;989;;25,1;18,6;26,8;25,1;18,6;16,1;67;51;67;83;7,6;3,2;
2026/01/23;2300 UTC;0;989,6;989,6;989,2;;24,3;18,8;25,1;24,3;18,9;18,6;71;67;71;79;6,3;3,2;
2026/01/24;0000 UTC;0;990,3;990,3;989,6;;23,8;18,8;24,3;23,8;18,9;18,8;74;71;74;72;5,8;3,2;
2026/01/24;0100 UTC;0;990,6;990,6;990,3;;23,6;19,1;23,8;23,5;19,1;18,8;76;74;76;70;5,3;2,6;
2026/01/24;0200 UTC;0;990,4;990,6;990,4;;22,8;20,6;23,6;22,8;20,6;19;87;76;87;62;4,4;2;
2026/01/24;0300 UTC;0;990,1;990,4;990,1;;22,3;22,2;22,8;22,3;22,2;20,8;99;87;99;57;3,2;1,7;
2026/01/24;0400 UTC;0;989,6;990,1;989,6;;22,3;;22,3;22;;;;;;64;2,6;1,7;
2026/01/24;0500 UTC;0;989,3;989,6;989,3;;22,8;;22,8;22,3;;;;;;73;3,3;1,8;
2026/01/24;0600 UTC;0;989,3;989,4;989,3;;22,9;;23,1;22,7;;;;;;124;3,4;1,3;
2026/01/24;0700 UTC;0;989,4;989,4;989,3;;22,9;;23;22,9;;;;;;102;2,9;1,2;
2026/01/24;0800 UTC;0;989,7;989,7;989,4;;23;;23,1;22,9;;;;;;90;3,3;1,4;
2026/01/24;0900 UTC;0;990,7;990,7;989,7;33,1;23,1;;23,1;22,3;;;;;;109;3,4;,9;
2026/01/24;1000 UTC;0;991,2;991,2;990,7;186,9;23,9;;23,9;22,5;;;;;;186;2,2;,8;
2026/01/24;1100 UTC;0;991,3;991,3;991,2;1261,5;26,7;19;26,7;23,9;24,7;18,8;100;63;63;99;5,5;2,5;
2026/01/24;1200 UTC;0;991,5;991,5;991,3;1893,8;28,6;17;29,6;26,7;19,2;16,4;63;46;49;73;6,6;2,8;
2026/01/24;1300 UTC;0;991,3;991,6;991,3;2506,2;30,3;16;31,2;28,7;17,6;15,5;50;40;42;90;6,6;2,6;
2026/01/24;1400 UTC;0;991;991,3;991;1869,5;29,5;16,1;31,2;29;17,4;15;47;39;44;131;6,2;2,7;
2026/01/24;1500 UTC;0;990,2;991;990,2;2904,6;32,3;13,7;32,9;29,5;17,1;12,5;46;31;32;92;7,9;2,9;
2026/01/24;1600 UTC;0;989,6;990,2;989,5;3377,2;33,3;12,4;34,7;31,5;14,8;12,2;34;27;28;56;8,3;5;
2026/01/24;1700 UTC;0;988,9;989,6;988,9;3028,5;33,1;13,9;33,5;31,8;14,6;12,5;34;28;31;94;9;3,8;
2026/01/24;1800 UTC;0;988,7;989;988,6;2522,5;32,9;14,6;33,1;31,1;14,9;13,2;35;31;33;93;9,2;3,6;
2026/01/24;1900 UTC;0;988,8;988,8;988,6;1813;30,5;16,4;33,1;30,3;16,7;13,3;43;31;43;87;9,4;3,9;
2026/01/24;2000 UTC;0;989,4;989,4;988,8;886,7;28,8;17,1;30,5;28,8;17,7;16;50;42;49;104;9,3;4;
2026/01/24;2100 UTC;0;990,1;990,2;989,4;217,3;25,6;18,8;28,8;25,6;19,2;17;66;49;66;86;9,2;3,4;
2026/01/24;2200 UTC;0;990,3;990,4;990,1;;24,9;18,6;25,6;24,9;19,1;18,5;69;66;68;127;8,1;3,4;
2026/01/24;2300 UTC;0;990,7;990,7;990,3;;24,7;17,7;25;24,7;18,5;17,5;68;64;65;128;7,4;4,1;
2026/01/25;0000 UTC;0;991,3;991,3;990,6;;24,1;18,9;24,7;24,1;18,9;17,7;72;65;72;107;7,6;2,6;
2026/01/25;0100 UTC;0;991,6;991,6;991,3;;23,9;19,5;24,2;23,9;19,5;18,9;76;72;76;93;6,2;1,7;
2026/01/25;0200 UTC;0;991,5;991,7;991,5;;23,6;19,9;23,9;23,6;19,9;19,5;80;76;80;95;4,2;1,6;
2026/01/25;0300 UTC;0;991,1;991,5;991,1;;23,6;22,2;23,6;23,5;22,2;20;92;80;92;92;4,1;1,8;
2026/01/25;0400 UTC;0;990,8;991,1;990,8;;23,7;23,2;23,7;23,6;23,2;22,2;97;92;97;103;4,8;1,7;
2026/01/25;0500 UTC;0;991,1;991,1;990,8;;23,7;23,6;23,8;23,7;23,6;23,1;99;97;99;130;4,7;1,7;
2026/01/25;0600 UTC;0;990,8;991,1;990,8;;22,5;;23,7;22,5;;;;;;199;3,1;1,4;
2026/01/25;0700 UTC;0;990,9;991;990,8;;22,4;;22,5;22,3;;;;;;166;3;1,4;
2026/01/25;0800 UTC;0;991,1;991,1;990,9;;23;;23;22,4;;;;;;101;4;1,4;
2026/01/25;0900 UTC;0;991,5;991,5;991,1;39,7;22,8;22,8;23;22,7;;;;;100;85;4,7;1,6;
2026/01/25;1000 UTC;0;991,9;991,9;991,5;405,4;24,1;22,4;24,1;22,7;22,9;21,9;100;88;90;12;3,6;1,5;
2026/01/25;1100 UTC;0;992;992,1;991,8;1057;26,8;19,2;26,9;24,2;22,6;18,7;91;62;63;82;5,1;2,4;
2026/01/25;1200 UTC;0;992,1;992,3;992;1850,5;29,5;16,6;29,6;26,8;19,7;16,4;64;46;46;71;7,7;3;
2026/01/25;1300 UTC;2,8;992,6;992,7;992;1677,4;23,2;22,4;29,9;23,2;22,4;15,9;95;44;95;47;11,7;6,2;
2026/01/25;1400 UTC;,2;992,1;992,6;992,1;2629,8;28,6;20,5;29,1;23,2;26,7;20,1;100;60;62;35;11,7;2,2;
2026/01/25;1500 UTC;9,8;992,1;992,5;991,9;1462,3;23,6;23,6;29,7;22,8;24;18,3;100;57;100;85;11,4;2,6;
2026/01/25;1600 UTC;,4;991;992,1;991;1854,1;27,1;22,7;27,3;23,7;25,7;22,2;100;75;77;344;6,1;1,3;
2026/01/25;1700 UTC;0;990,2;991;990,2;2076,1;29,5;17,8;29,7;27,2;23,3;17,8;79;49;49;77;5,9;2,2;
2026/01/25;1800 UTC;0;989,6;990,2;989,6;1658,1;29,4;17,1;29,5;28,8;18,6;16,2;53;45;47;88;8,4;3,2;
2026/01/25;1900 UTC;0;989,6;989,6;989,4;1609,2;28,9;16,2;30,2;28,8;17,5;14,4;50;40;46;85;7,9;3,5;
2026/01/25;2000 UTC;0;989,8;989,8;989,5;628,6;28,5;16,2;29;28,2;16,5;15,2;49;44;48;100;8;3,2;
2026/01/25;2100 UTC;0;990,4;990,4;989,8;347,3;26,2;18,4;28,6;26,2;18,4;15,6;62;45;62;108;8,4;3,4;
2026/01/25;2200 UTC;0;990,8;990,8;990,3;;25,1;18,9;26,2;25,1;18,9;18,3;69;62;69;130;8,4;3;
2026/01/25;2300 UTC;0;991,4;991,4;990,8;;24,3;19,9;25,1;24,3;19,9;18,9;76;69;76;140;5,4;2,4;
2026/01/26;0000 UTC;0;991,6;991,6;991,4;;24;23;24,3;24;23;19,9;94;76;94;130;6,5;3,1;
2026/01/26;0100 UTC;0;991,8;991,8;991,6;;23,8;23,7;24;23,8;23,7;23;99;94;99;128;5,7;2;
2026/01/26;0200 UTC;0;991,4;991,8;991,4;;23,8;;23,8;23,7;;;;;;96;4,5;1,3;
2026/01/26;0300 UTC;0;990,9;991,4;990,9;;23,7;;23,8;23,6;;;;;;103;4,5;1,5;
2026/01/26;0400 UTC;0;990,5;990,9;990,5;;23,5;;23,7;23,5;;;;;;122;4,5;1,5;
2026/01/26;0500 UTC;0;990,2;990,5;990,2;;22,7;;23,6;22,7;;;;;;152;2,8;,7;
2026/01/26;0600 UTC;0;990,2;990,3;990,2;;22,8;;22,8;22,5;;;;;;196;1,6;,8;
2026/01/26;0700 UTC;,2;990,5;990,5;990,1;;22,9;;23,1;22,7;;;;;;156;2,6;1,3;
2026/01/26;0800 UTC;0;991;991;990,5;;23;;23;22,6;;;;;;130;2,6;1,4;
2026/01/26;0900 UTC;0;991,6;991,6;991;46;22,7;;23;22,6;;;;;;181;2,5;1,3;
2026/01/26;1000 UTC;0;992,2;992,2;991,6;334,2;24,1;;24,1;22,7;;;;;;140;2,5;1,6;
2026/01/26;1100 UTC;0;992,5;992,5;992,2;1139,1;27,3;21,7;27,4;23,9;;;;;71;75;5,3;2,4;
2026/01/26;1200 UTC;0;992,7;992,8;992,5;1784,7;28,2;19,7;29,5;26,5;23,2;18,9;80;57;60;48;6,7;3,6;
2026/01/26;1300 UTC;0;992,5;992,7;992,5;2619,2;30,5;19,6;31,2;27,9;21,6;18,4;65;48;52;60;7,8;3,7;
2026/01/26;1400 UTC;0;992;992,5;992;3776,2;30,1;18;30,9;29,6;19,9;15,9;55;42;48;117;8,1;4;
2026/01/26;1500 UTC;0;991,3;992;991,3;4299,8;31,6;16,8;32,5;30,1;18,4;15,8;49;37;41;106;8,9;3,7;
2026/01/26;1600 UTC;0;990,7;991,3;990,7;3346,6;32,7;15,7;32,9;30,3;17,2;14,2;44;34;36;91;8,3;3,9;
2026/01/26;1700 UTC;0;990;990,7;990;2868,5;31,6;15,1;33,6;31,1;16,9;14,3;40;33;37;80;8,8;3,7;
2026/01/26;1800 UTC;0;989,7;990,1;989,7;2449,7;31,3;16,8;32,6;30,8;16,9;14,7;42;36;42;91;10,8;4,5;
2026/01/26;1900 UTC;0;989,8;989,8;989,5;1666,6;29,8;16,5;31,6;29,8;17,9;16,2;46;41;45;126;10,8;5,2;
2026/01/26;2000 UTC;0;990;990;989,8;898,9;29;16,7;30,1;28,9;17;16;48;43;48;83;9,6;3,8;
2026/01/26;2100 UTC;0;990,4;990,4;990;291;27,1;18,1;29;27,1;18,1;16,3;58;47;58;98;9,2;2,9;
2026/01/26;2200 UTC;0;991;991;990,3;;25,8;19,6;27,1;25,8;19,6;18,2;69;58;69;107;7,3;2,7;
2026/01/26;2300 UTC;0;991,3;991,3;991;;25,3;19,8;25,8;25,3;19,8;19,6;72;69;72;113;6,8;2,2;
2026/01/27;0000 UTC;0;991,6;991,6;991,3;;24,7;20,1;25,3;24,7;20,1;19,8;76;72;76;88;5,2;1,9;
2026/01/27;0100 UTC;0;991,8;991,9;991,6;;24,4;20,4;24,7;24,4;20,4;20,1;78;76;78;90;5;1,9;
2026/01/27;0200 UTC;0;991,2;991,8;991,2;;24,4;20,6;24,5;24,4;20,6;20,4;79;78;79;99;5,5;2;
2026/01/27;0300 UTC;0;991;991,2;990,9;;24,2;22,3;24,4;24,1;22,3;20,6;89;79;89;121;4,6;2;
2026/01/27;0400 UTC;0;990,5;991;990,5;;23,8;23;24,2;23,7;23,1;22,1;95;88;95;151;4,6;1,2;
2026/01/27;0500 UTC;0;990,2;990,5;990,1;;23,1;;23,8;23,1;23,2;22,8;100;95;;220;2,1;,9;
2026/01/27;0600 UTC;0;990,3;990,4;990,2;;23;;23,1;22,9;;;;;;189;1,6;1,1;
2026/01/27;0700 UTC;0;990,2;990,3;990,2;;23;;23,1;22,7;;;;;;168;2;,9;
2026/01/27;0800 UTC;0;990,3;990,3;990,2;;22,6;;23,1;22,5;;;;;;201;2,3;1,3;
2026/01/27;0900 UTC;0;990,9;990,9;990,3;42,9;22,7;;22,7;22,2;;;;;;158;2,4;,8;
2026/01/27;1000 UTC;0;991,6;991,6;990,9;367,2;24,3;;24,3;22,7;;;;;;42;3,3;1,2;
2026/01/27;1100 UTC;0;992,1;992,1;991,6;1266,5;28,4;21,8;28,4;24,3;25,8;20,8;100;67;68;57;5,7;2,4;
2026/01/27;1200 UTC;0;991,9;992,2;991,9;2055;30,7;19,1;30,9;27,5;21,7;18,6;68;50;50;48;5,9;3,2;
2026/01/27;1300 UTC;0;991,3;991,9;991,2;2731,1;31,3;18,5;31,3;28,7;19,6;17,5;54;46;47;65;6,8;3,6;
2026/01/27;1400 UTC;0;990,8;991,2;990,8;3750,6;33;17,4;33,8;30,9;19,3;16,9;47;38;39;51;8,1;3,5;
2026/01/27;1500 UTC;0;990,1;990,8;990,1;3702,5;33,1;17,3;33,3;31;18,5;16,3;45;37;39;72;8,3;3,7;
2026/01/27;1600 UTC;0;989,7;990,1;989,6;3570,3;32,7;15,9;34,4;31,5;18;14,6;42;32;37;76;11,1;4,1;
2026/01/27;1700 UTC;0;989;989,7;989;3409,5;33;15,6;33,8;31,8;17,3;15;41;33;35;63;11,1;5,7;
2026/01/27;1800 UTC;0;988,9;989;988,7;2618,1;32,2;15,8;33,7;31,5;17,1;15,6;40;35;37;76;10,5;3,6;
2026/01/27;1900 UTC;0;989,1;989,1;988,8;1783,7;30,5;15,8;32,4;30,5;16,6;15,4;41;37;41;77;9,4;4,8;
2026/01/27;2000 UTC;0;989,8;989,8;989,1;716,1;28,8;17;30,5;28,8;17;16;49;41;49;81;9,7;4,5;
2026/01/27;2100 UTC;0;990,4;990,4;989,8;201,9;26,7;19;28,8;26,7;19;17,1;63;49;63;73;9,6;5,2;
2026/01/27;2200 UTC;0;991,2;991,2;990,4;;25,5;19,1;26,7;25,5;19,1;18,5;68;63;68;70;10;4;
2026/01/27;2300 UTC;0;991,5;991,6;991,2;;24,8;19,6;25,5;24,8;19,6;19,1;73;68;73;67;7,7;3,3;
2026/01/28;0000 UTC;0;991,7;991,8;991,5;;24,5;20,3;24,8;24,5;20,3;19,6;78;73;77;73;5,9;2,6;
2026/01/28;0100 UTC;0;992;992,1;991,7;;23,9;22,2;24,5;23,9;22,2;20,3;90;77;90;59;5,1;2,2;
2026/01/28;0200 UTC;0;991,6;992,1;991,6;;23,8;23,3;23,9;23,8;23,3;22,3;97;90;97;64;3,7;2;
2026/01/28;0300 UTC;0;991,3;991,6;991,3;;23,6;;23,8;23,6;23,7;23,3;100;97;;68;3,5;1,9;
2026/01/28;0400 UTC;0;991;991,3;990,9;;23,4;;23,7;23,4;;;;;;60;3,9;1,9;
2026/01/28;0500 UTC;0;990,6;991,1;990,6;;23,6;;23,6;23,3;;;;;;69;3,2;1,9;
2026/01/28;0600 UTC;0;990,2;990,6;990,2;;23,5;;23,6;23,4;;;;;;78;3,6;1,4;
2026/01/28;0700 UTC;0;990,3;990,4;990,2;;23,4;;23,6;23,3;;;;;;78;2,9;,7;
2026/01/28;0800 UTC;0;990,6;990,6;990,3;;22,5;;23,4;22,5;;;;;;204;1,2;,3;
2026/01/28;0900 UTC;0;991,3;991,3;990,6;48,4;22,5;;22,6;22,3;;;;;;223;1,3;,7;
2026/01/28;1000 UTC;0;991,8;991,9;991,3;342,9;23,8;;23,8;22,5;;;;;;118;2,5;,7;
2026/01/28;1100 UTC;0;992,1;992,1;991,8;1403,6;27,8;20,5;28;23,8;25,9;20,3;100;65;65;59;5,7;3,1;
2026/01/28;1200 UTC;0;992,1;992,3;992,1;1884,2;30;19,6;30;27,4;21,4;17,9;67;52;54;56;6,6;2,4;
2026/01/28;1300 UTC;0;991,9;992,1;991,9;2277,9;30,6;16,8;31,4;29,1;19,5;16,3;54;42;43;78;6,7;2,9;
2026/01/28;1400 UTC;0;991,7;991,9;991,6;2327,4;31,1;15,4;31,6;29,4;17,7;15;48;37;38;100;7,4;3,1;
2026/01/28;1500 UTC;0;991,1;991,7;991,1;1903,6;31,3;15,9;31,5;30,5;16,3;14,7;42;38;39;68;8,6;4,1;
2026/01/28;1600 UTC;0;990,4;991,1;990,4;2321,5;31,5;16;33,5;31,1;17,4;14,2;40;35;39;61;8,5;5;
2026/01/28;1700 UTC;0;990,2;990,5;990,1;1981,3;31,9;14,8;32,8;31;16,6;14,8;41;35;35;86;9,3;3,9;
2026/01/28;1800 UTC;0;990;990,2;989,8;1351,9;30;17,2;31,9;30;17,6;15;46;36;46;77;10,4;4,8;
2026/01/28;1900 UTC;0;990,2;990,3;990;834,8;29,8;17,7;30,4;29;18,8;17,1;53;46;48;105;10,4;3,1;
2026/01/28;2000 UTC;0;990,4;990,4;990,1;753,7;28,8;17,4;29,8;28,8;18,4;17;51;47;50;112;8,9;3,4;
2026/01/28;2100 UTC;0;990,7;990,7;990,4;131,3;27,3;18,2;28,9;27,3;18,2;16,8;58;49;58;110;8,9;3,1;
2026/01/28;2200 UTC;0;991,1;991,1;990,7;;26;19,4;27,3;26;19,4;17,8;67;58;67;101;8,2;2,7;
2026/01/28;2300 UTC;0;991,6;991,7;991,1;;25,4;20,1;26;25,4;20,2;19,4;73;67;72;120;7,3;2,8;
2026/01/29;0000 UTC;0;992,3;992,3;991,6;;25,2;20,1;25,6;25,2;20,2;20;73;72;73;129;6;2,7;
2026/01/29;0100 UTC;0;992,9;992,9;992,3;;24,6;20,2;25,2;24,5;20,2;20;77;73;77;144;4,1;1,7;
2026/01/29;0200 UTC;0;992,6;993;992,6;;24,6;19,7;24,8;24,6;20,4;19,7;77;75;75;89;4,8;1,6;
2026/01/29;0300 UTC;0;992,1;992,6;992;;24,1;19,6;24,6;24,1;19,8;19,5;76;74;76;51;5,7;1,9;
2026/01/29;0400 UTC;0;991,6;992,1;991,6;;23,8;19,4;24,1;23,8;19,5;19,4;77;75;77;42;3,1;1,1;
2026/01/29;0500 UTC;0;991,1;991,6;990,9;;23,2;22,8;23,9;23,2;22,8;19,4;98;77;98;60;5,9;1,3;
2026/01/29;0600 UTC;0;991;991,1;991;;23;;23,3;23;23,2;22,9;100;98;;65;3,8;1,9;
2026/01/29;0700 UTC;0;990,7;991,1;990,7;;23,2;23,2;23,2;23;;;;;100;123;3,6;1,6;
2026/01/29;0800 UTC;0;991,2;991,2;990,7;;23,1;;23,3;22,9;23,2;22,7;100;97;;188;2,9;1;
2026/01/29;0900 UTC;0;991,7;991,7;991,2;19,6;23;;23,1;22,7;;;;;;84;3,8;1,4;
2026/01/29;1000 UTC;0;992,3;992,4;991,7;229,2;24;;24;23;;;;;;50;3,2;,7;
2026/01/29;1100 UTC;0;992,8;992,9;992,2;1159,9;26,2;21,1;28;24;25,2;20,3;100;66;74;74;4,4;1,8;
2026/01/29;1200 UTC;1,2;992,9;993,1;992,8;807,2;25,3;;26,2;23,5;24,2;21,4;100;74;;46;6,1;1,5;
2026/01/29;1300 UTC;0;992,6;992,9;992,6;2402;28,3;19,4;29,1;24,8;26,5;19,4;100;59;59;47;6,8;3;
2026/01/29;1400 UTC;0;992,1;992,6;992,1;2063,1;28,4;19,5;30,2;27,9;21;18,3;63;51;58;69;6,3;2,8;
2026/01/29;1500 UTC;0;991,6;992,1;991,6;1059,5;28,1;19,1;28,4;27,8;19,6;18,1;60;55;58;88;5,6;2,2;
2026/01/29;1600 UTC;0;990,8;991,6;990,8;1247,6;28,8;20,1;28,9;27,3;21,4;18,8;69;56;59;71;5,1;2,1;
2026/01/29;1700 UTC;0;990,2;990,8;990,2;1406;30,2;18,3;30,2;28,8;20,3;17,8;60;49;49;129;6,6;1,4;
2026/01/29;1800 UTC;0;989,8;990,2;989,7;670,7;27,9;19,2;30,5;27,9;19,6;17,6;60;47;59;333;4,7;1,3;
2026/01/29;1900 UTC;0;989,8;989,9;989,7;261,7;25,1;24,2;28;25;24,2;19;95;59;95;199;6,5;2,7;
2026/01/29;2000 UTC;0;990,1;990,1;989,8;259,1;26;22,1;26;25,1;24,6;22,1;96;79;79;188;4,5;1,2;
2026/01/29;2100 UTC;0;990,1;990,1;990;79,4;26,4;19,6;27,1;26;22;19,2;79;62;66;114;7,3;3,2;
2026/01/29;2200 UTC;0;990,2;990,2;990;;25,3;20,2;26,4;25,3;20,2;19,6;74;66;74;85;6,9;2,6;
2026/01/29;2300 UTC;0;990,5;990,5;990,1;;24,8;20,8;25,3;24,7;20,8;20,3;79;74;79;102;5,3;1,8;
2026/01/30;0000 UTC;0;990,8;990,8;990,5;;24,4;21,6;24,8;24,4;21,6;20,8;85;79;85;79;4,2;2,2;
2026/01/30;0100 UTC;0;991,1;991,1;990,8;;24,3;23;24,4;24,2;23,2;21,7;94;85;92;87;4;1,6;
2026/01/30;0200 UTC;0;991;991,1;991;;24,2;23,2;24,3;24,2;23,3;22,9;94;92;94;89;3,9;1,4;
2026/01/30;0300 UTC;0;990,1;991;990,1;;24;23,7;24,2;24;23,7;23,3;98;94;98;88;3,7;1,5;
2026/01/30;0400 UTC;0;989,9;990,2;989,9;;23,2;;24;23,2;;;;;;351;3,7;,8;
2026/01/30;0500 UTC;0;989,6;989,9;989,6;;23,1;;23,3;23;;;;;;57;3,3;,9;
2026/01/30;0600 UTC;0;989,4;989,7;989,4;;23,1;;23,2;23;;;;;;64;1,7;,8;
2026/01/30;0700 UTC;0;989,6;989,6;989,4;;23,2;;23,2;23;;;;;;76;1,9;,8;
2026/01/30;0800 UTC;0;989,8;989,8;989,5;;22,8;;23,2;22,8;;;;;;80;2,2;,5;
2026/01/30;0900 UTC;0;990,5;990,5;989,8;46,6;22,8;;22,8;22,5;;;;;;259;1,1;,7;
2026/01/30;1000 UTC;0;991;991;990,5;291,4;24,1;;24,1;22,8;;;;;;219;1,3;,7;
2026/01/30;1100 UTC;0;991,3;991,3;991;1019,2;26,7;22,3;27,5;24;;;;;77;32;3,6;1,6;
2026/01/30;1200 UTC;0;991,9;992;991,3;1324,3;25,4;25;29,7;25;25,4;19,3;98;59;98;19;8,6;2,5;
2026/01/30;1300 UTC;0;991,8;991,9;991,8;2182;29,8;20,8;30,4;24,9;25,5;20,3;99;57;59;23;5;2,2;
2026/01/30;1400 UTC;0;991;991,8;991;2516;30,4;19,1;31,8;29,5;21,3;18,6;59;48;51;53;6,4;3,5;
2026/01/30;1500 UTC;0;990,2;991;990,2;2869;31,2;19,5;32,3;30,4;20,3;18,7;53;47;50;45;7,7;3,4;
2026/01/30;1600 UTC;0;989,3;990,2;989,3;2569,5;33;17,1;33,7;30,6;19,7;16,7;51;38;39;57;7,1;3,6;
2026/01/30;1700 UTC;0;988,4;989,3;988,4;3481,4;34;17,4;34,8;32,6;18,6;16,3;41;35;37;56;7,9;3,3;
2026/01/30;1800 UTC;0;987,6;988,4;987,6;2133,8;33,7;18,3;34,6;31,1;18,7;16,3;46;35;40;68;7,5;3,1;
2026/01/30;1900 UTC;0;987,1;987,6;987,1;2006,4;33,3;17,3;34,4;32,2;18,2;16,7;43;36;39;68;7,9;3,4;
2026/01/30;2000 UTC;0;987,3;987,3;987;1412;30,2;17,8;33,4;30,2;18;17,1;47;39;47;70;9,5;4,9;
2026/01/30;2100 UTC;0;987,7;987,8;987,3;488,3;27,7;18,4;30,2;27,7;18,4;17,5;57;47;57;68;9,1;4,7;
2026/01/30;2200 UTC;0;988;988;987,7;;26,1;19,2;27,6;26,1;19,2;18,4;66;57;66;69;8;4,4;
2026/01/30;2300 UTC;0;988,8;988,8;988;;25,2;20,7;26,1;25,2;20,7;19,2;76;66;76;61;8;4,1;
2026/01/31;0000 UTC;0;989,6;989,6;988,8;;25,1;23,3;25,2;25,1;23,3;20,8;89;76;89;62;7,2;3,7;
2026/01/31;0100 UTC;0;990,1;990,1;989,6;;24,7;24,4;25,1;24,7;24,4;23,3;98;89;98;52;6,1;3,1;
2026/01/31;0200 UTC;0;990,2;990,2;990,1;;24,4;;24,7;24,3;;;;;;63;5,2;2,1;
2026/01/31;0300 UTC;0;989,5;990,2;989,4;;24;;24,4;24;;;;;;51;4,5;2,7;
2026/01/31;0400 UTC;0;988,9;989,5;988,9;;23,8;;24;23,8;;;;;;45;4,3;2,4;
2026/01/31;0500 UTC;0;988,9;988,9;988,7;;23,7;;23,8;23,7;;;;;;49;4,1;1,8;
2026/01/31;0600 UTC;0;988,3;988,9;988,3;;23,7;;23,8;23,7;;;;;;48;5,3;3;
2026/01/31;0700 UTC;0;988,8;988,8;988,3;;23,6;;23,7;23,6;;;;;;43;6,3;2,5;
2026/01/31;0800 UTC;0;988,7;988,9;988,7;;23,5;;23,7;23,4;;;;;;38;5,7;2,7;
2026/01/31;0900 UTC;0;989,3;989,3;988,7;41,2;23,5;;23,5;23,5;;;;;;37;7,3;3,3;
2026/01/31;1000 UTC;0;990,2;990,2;989,3;387,3;25,4;24,2;25,4;23,5;;;;;93;35;7,6;3,7;
2026/01/31;1100 UTC;0;990,7;990,7;990,2;1307,5;28;20;28,2;25,4;23,9;20;93;62;62;39;9,5;4,8;
2026/01/31;1200 UTC;0;990,7;990,9;990,7;1928,9;29,8;19,4;30,5;27,6;20,9;18,8;63;50;54;45;9,5;5;
2026/01/31;1300 UTC;0;990,3;990,8;990,3;2814,1;31,7;18;32,1;29,9;19,7;17,3;54;43;44;47;8,9;3,8;
2026/01/31;1400 UTC;0;989,9;990,3;989,9;3271,9;33,5;16,7;33,5;31;18,6;16,3;46;37;37;68;7,9;3,8;
2026/01/31;1500 UTC;0;989,1;989,9;989;3618,5;34,5;16,3;35,3;32,6;17,8;15,9;40;33;34;69;8,3;3,4;
2026/01/31;1600 UTC;0;988,1;989,1;988,1;3403,6;34,7;16,4;35,8;32,7;18,2;16;39;32;34;91;8,3;3,7;
2026/01/31;1700 UTC;0;987,3;988,1;987,2;3038,2;33,4;15,4;35,3;33,1;17,5;15,4;37;32;34;76;8,7;4,6;
2026/01/31;1800 UTC;0;986,6;987,3;986,6;3233;33,4;16,4;35,2;33,1;16,6;14,8;36;31;36;76;9,8;4,8;
2026/01/31;1900 UTC;0;986,1;986,6;986;2349,1;31,5;16,7;33,7;31,5;16,8;15,6;41;35;41;72;10,5;5,9;
2026/01/31;2000 UTC;0;986,2;986,2;986;1379,6;29,6;17,7;32;29,6;17,9;16,4;49;40;49;68;11,7;6,3;
2026/01/31;2100 UTC;0;986,9;986,9;986,2;375,3;27,6;18,3;29,6;27,6;18,4;17,7;57;49;57;62;11,7;5,2;
2026/01/31;2200 UTC;0;987,6;987,6;986,9;;26,2;18,5;27,6;26,2;18,6;18,3;63;57;63;64;8,7;5;
2026/01/31;2300 UTC;0;988,4;988,4;987,6;;25,3;19,2;26,2;25,3;19,2;18,5;69;63;69;65;8,5;4,7;
2026/02/01;0000 UTC;0;989;989;988,4;;24,7;20,1;25,3;24,7;20,1;19,2;76;69;76;55;8,3;4,3;
2026/02/01;0100 UTC;0;989,1;989,3;989;;24,3;22,6;24,7;24,3;22,6;20,1;90;76;90;53;7,4;4,3;
2026/02/01;0200 UTC;0;988,9;989,3;988,9;;24,3;23,8;24,4;24,3;23,8;22,7;97;90;97;60;7,6;4,6;
2026/02/01;0300 UTC;0;988,4;989;988,4;;24,1;;24,4;24,1;24,3;23,8;100;97;;51;7,6;3,4;
2026/02/01;0400 UTC;0;988,1;988,6;988,1;;23,9;;24,1;23,9;;;;;;54;6,6;4,2;
2026/02/01;0500 UTC;0;987,8;988,1;987,7;;24;;24;23,8;;;;;;45;7,3;3,6;
2026/02/01;0600 UTC;0;987,6;987,8;987,5;;23,7;;24;23,6;;;;;;46;6;2,3;
2026/02/01;0700 UTC;0;987,6;987,7;987,5;;23,6;;23,7;23,5;;;;;;48;5,3;2,9;
2026/02/01;0800 UTC;0;987,8;987,8;987,5;;23,6;;23,9;23,6;;;;;;40;7,8;3,8;
2026/02/01;0900 UTC;0;988,8;988,8;987,8;35,9;23,9;;23,9;23,6;;;;;;38;8,9;3,1;
2026/02/01;1000 UTC;0;989,3;989,3;988,8;319,7;25,2;25,2;25,2;23,9;;;;;100;41;7,9;4;
2026/02/01;1100 UTC;0;989,4;989,4;989,2;1040,3;28,5;20,9;28,5;25,2;25,2;20,5;100;63;63;34;10,4;4,8;
2026/02/01;1200 UTC;0;989,5;989,6;989,4;1895,4;30,7;18,2;30,8;28,5;21,2;18,1;63;47;47;46;10;5,4;
2026/02/01;1300 UTC;0;989,1;989,5;989,1;2888,6;32,6;17;32,9;29,9;18,7;16,6;49;38;39;48;10,5;5,1;
2026/02/01;1400 UTC;0;988,6;989,1;988,6;3382,1;33,5;15,8;34,3;32;17,4;15,1;40;33;35;50;8,9;4,2;
2026/02/01;1500 UTC;0;987,7;988,6;987,7;3726,4;33,7;14,7;34,9;32,8;16,9;13,5;36;28;32;62;8,7;3,4;
2026/02/01;1600 UTC;0;987;987,7;987;3718,8;34,3;15,1;35,9;33,6;16,7;14,3;34;29;32;71;9,6;3,8;
2026/02/01;1700 UTC;0;985,9;987;985,9;3247,7;33,7;13,6;34,8;33,5;15,6;13;33;28;30;74;8,9;4,5;
2026/02/01;1800 UTC;0;985,3;985,9;985,2;2963,3;33;15;34,7;32,6;15,8;12,7;36;27;34;83;10,4;4,1;
2026/02/01;1900 UTC;0;985,2;985,3;985,1;2152,3;32;17;33,5;31,9;17;14,4;41;32;41;64;10,1;5,2;
2026/02/01;2000 UTC;0;986;986;985,2;1212,7;29,5;17,5;32;29,4;18,2;16,9;49;41;49;74;9,7;4,6;
2026/02/01;2100 UTC;0;986,9;986,9;986;253,4;27,5;18,1;29,4;27,5;18,2;17;57;47;57;67;9,7;3,5;
2026/02/01;2200 UTC;0;987,8;987,8;986,9;;26;19,1;27,5;26;19,1;18,1;66;57;66;74;7,5;3,1;
2026/02/01;2300 UTC;0;988,4;988,4;987,8;;25;19,6;26;25;19,7;19,1;72;66;72;66;6,1;3,7;
2026/02/02;0000 UTC;0;988,9;988,9;988,4;;24,2;20;25;24,2;20,1;19,6;78;72;78;56;7;4;
2026/02/02;0100 UTC;0;989,7;989,8;988,9;;24;22,9;24,2;23,9;23;20,1;94;78;94;49;6,4;2,4;
2026/02/02;0200 UTC;0;989,1;989,7;989,1;;24,2;24;24,2;23,8;24;22,9;99;94;99;50;4;2,1;
2026/02/02;0300 UTC;0;988,6;989,2;988,6;;24;;24,2;24;;;;;;47;4;2,6;
2026/02/02;0400 UTC;0;988;988,6;987,9;;23,5;;24;23,5;;;;;;46;4,8;2,7;
2026/02/02;0500 UTC;0;987,9;988;987,8;;23,4;;23,5;23,3;;;;;;44;4,7;2,4;
2026/02/02;0600 UTC;0;987,9;988;987,8;;23,1;;23,4;23,1;;;;;;26;4,2;1,7;
2026/02/02;0700 UTC;0;988;988,1;987,9;;23,1;;23,2;23,1;;;;;;38;4,3;2,4;
2026/02/02;0800 UTC;0;988,5;988,5;988;;23;;23,2;23;;;;;;52;5,2;2,8;
2026/02/02;0900 UTC;0;989,1;989,1;988,5;26;22,9;;23;22,7;;;;;;45;5,3;2,8;
2026/02/02;1000 UTC;0;989,8;989,8;989,1;312,8;24,6;;24,6;22,9;;;;;;53;6,2;3,8;
2026/02/02;1100 UTC;0;990,4;990,4;989,8;937,5;27,4;20,4;28,1;24,6;25,8;20,4;100;66;66;44;8,5;4,3;
2026/02/02;1200 UTC;0;990,5;990,7;990,4;1695,7;30,8;19,3;31,5;27,4;20,6;18,2;66;47;51;48;8,9;3,8;
2026/02/02;1300 UTC;0;990,1;990,5;990,1;2556,3;31,5;17,6;33,2;30,4;19,5;16;51;38;43;34;7,9;3,5;
2026/02/02;1400 UTC;0;989,4;990,2;989,4;2903,8;32,1;16,1;33,8;30,1;17,8;15;46;34;38;91;7,5;2,9;
2026/02/02;1500 UTC;0;988,8;989,4;988,8;2535,1;32,3;16,2;34,9;31,3;17,2;14,6;40;31;38;61;8,4;4,7;
2026/02/02;1600 UTC;0;987,8;988,8;987,8;3011,5;33,1;16,8;34,8;32,2;17,5;15,3;39;33;38;83;8,4;3,5;
2026/02/02;1700 UTC;0;987;987,8;986,9;3225,2;33,3;16,8;35,7;32,4;17,5;15,9;40;33;37;74;10,7;5,8;
2026/02/02;1800 UTC;0;986,7;987;986,6;2554,4;31,5;17,2;33,5;31,5;18,2;16,8;42;37;42;66;11,9;5,4;
2026/02/02;1900 UTC;0;986,4;986,7;986,3;1685,2;30,8;18;33,1;30,6;18,6;16,9;48;39;47;66;10,4;5,5;
2026/02/02;2000 UTC;0;986,5;986,5;986,3;1078,5;29,9;17,4;31,4;29,9;18,6;17;49;44;47;60;11;5,8;
2026/02/02;2100 UTC;0;986,8;986,8;986,5;240,7;27,2;16,7;29,9;27,2;17,6;16,7;54;47;53;68;10;5,1;
2026/02/02;2200 UTC;0;987,6;987,6;986,8;;25,9;17,6;27,2;25,9;17,6;16,6;60;53;60;61;9,4;4,6;
2026/02/02;2300 UTC;0;988,2;988,2;987,6;;24,8;18,8;25,9;24,8;18,9;17,6;70;60;70;52;8,5;3,8;
2026/02/03;0000 UTC;0;988,7;988,7;988,1;;24,1;19;24,7;24,1;19;18,8;73;70;73;49;6,2;3,5;
2026/02/03;0100 UTC;0;989,2;989,2;988,7;;23,7;19,5;24,1;23,7;19,5;19;77;73;77;56;5,7;2,6;
2026/02/03;0200 UTC;0;988,8;989,2;988,8;;23,1;21,8;23,7;23,1;21,8;19,4;92;77;92;46;4,9;2,5;
2026/02/03;0300 UTC;0;988,4;988,8;988,4;;22,8;22,7;23,1;22,7;22,7;21,8;100;92;100;43;4,5;2,2;
2026/02/03;0400 UTC;0;988,4;988,4;988,3;;22,6;;22,8;22,6;;;;;;47;3,9;2;
2026/02/03;0500 UTC;0;987,9;988,4;987,9;;22,5;;22,6;22,5;;;;;;49;4,1;2,4;
2026/02/03;0600 UTC;0;987,6;987,9;987,6;;22,7;;22,7;22,5;;;;;;45;5,2;3;
2026/02/03;0700 UTC;0;988;988,1;987,6;;22,7;;22,8;22,6;;;;;;43;5,3;2,9;
2026/02/03;0800 UTC;0;988,4;988,4;988;;22,8;;22,8;22,7;;;;;;37;6,3;3,2;
2026/02/03;0900 UTC;0;989;989;988,4;45,6;22,7;;22,8;22,6;;;;;;22;6,3;2,8;
2026/02/03;1000 UTC;0;989,4;989,4;989;305,2;24,1;;24,1;22,7;;;;;;29;6,2;2,9;
2026/02/03;1100 UTC;0;989,7;989,8;989,4;970,5;27;19,8;27;24;24,9;19,5;100;64;65;37;8,9;4,1;
2026/02/03;1200 UTC;0;990;990,1;989,7;1559,3;28,8;17,9;30,1;27;19,9;17,3;65;48;52;22;9,4;4,2;
2026/02/03;1300 UTC;0;990,1;990,1;989,9;2456,1;30,5;16,4;32,1;28,5;18,5;16;53;40;43;29;7,9;3,2;
2026/02/03;1400 UTC;0;989,8;990,2;989,8;3178,6;32,9;15,9;33,7;30,5;17,3;14,1;43;32;36;77;7,2;2;
2026/02/03;1500 UTC;0;989,2;989,9;989,2;3326;33,9;14,5;34,1;31,8;16,5;13,6;38;30;31;268;5,3;1,1;
2026/02/03;1600 UTC;0;988,3;989,2;988,3;3509;35,6;13,7;35,7;32,3;15,2;13,6;35;27;27;36;5,4;2,3;
2026/02/03;1700 UTC;0;987,5;988,3;987,5;2611,9;33,3;14,2;35,7;32,9;15,7;13,1;33;26;32;132;5,6;1,9;
2026/02/03;1800 UTC;0;986,8;987,5;986,8;2721,7;33,5;15,8;34,8;33,3;16,1;12,9;35;28;34;87;7,6;3,7;
2026/02/03;1900 UTC;0;986,9;986,9;986,6;2051,6;31,9;16,4;33,9;31,9;16,5;15,1;40;33;39;87;9,4;4,2;
2026/02/03;2000 UTC;0;987,1;987,2;986,8;967,2;29,6;16,8;31,9;29,6;16,9;16,3;46;39;46;90;8,8;3,7;
2026/02/03;2100 UTC;0;987,6;987,6;987,1;229,1;27,6;17,5;29,6;27,6;17,6;16,8;54;46;54;74;9,3;3,9;
2026/02/03;2200 UTC;0;988,1;988,1;987,6;;26;18,5;27,6;26;18,5;17,6;63;54;63;66;8,2;4,3;
2026/02/03;2300 UTC;0;988,9;988,9;988,1;;25,1;19,9;26;25,1;19,9;18,5;73;63;73;67;7,4;3,6;
2026/02/04;0000 UTC;0;989,5;989,5;988,9;;24,7;21,4;25,1;24,6;21,4;19,9;82;73;82;64;6,1;3,3;
2026/02/04;0100 UTC;0;989,8;989,9;989,5;;24,2;23,8;24,7;24,2;23,8;21,6;98;83;98;62;5,6;2,5;
2026/02/04;0200 UTC;0;989,8;989,9;989,7;;23,8;;24,2;23,8;;;;;;48;4,1;2,3;
2026/02/04;0300 UTC;0;989,3;989,8;989,3;;23,3;;23,8;23,3;;;;;;44;4,6;2,3;
2026/02/04;0400 UTC;0;988,9;989,3;988,9;;22,9;;23,3;22,9;;;;;;50;4,3;2,4;
2026/02/04;0500 UTC;0;989;989,3;988,9;;23,1;;23,2;22,9;;;;;;41;4,4;2;
2026/02/04;0600 UTC;0;989;989;988,8;;22,8;;23,1;22,8;;;;;;33;4,5;2,1;
2026/02/04;0700 UTC;0;989,4;989,4;989;;23,1;;23,2;22,8;;;;;;36;6;2,7;
2026/02/04;0800 UTC;0;989,5;989,5;989,3;;22,9;;23,2;22,8;;;;;;23;6;2;
2026/02/04;0900 UTC;0;990,2;990,2;989,5;45,4;23,2;;23,2;22,7;;;;;;19;3,2;1,1;
2026/02/04;1000 UTC;0;990,8;990,8;990,2;405,2;24,7;;24,8;23,2;;;;;;25;3;1,6;
2026/02/04;1100 UTC;0;990,8;991;990,8;794,6;26,7;21,1;26,9;24,7;;;;;71;19;6,4;3,3;
2026/02/04;1200 UTC;0;990,8;990,9;990,7;1670,8;30,5;18,4;30,5;26,7;21,5;18,2;71;48;48;25;6,4;2,8;
2026/02/04;1300 UTC;0;990,5;990,8;990,5;2460,3;30,5;17,3;33;29,2;19;16,1;52;39;45;104;6,1;1,6;
2026/02/04;1400 UTC;0;990;990,5;990;1910,8;31,2;17,6;31,8;30,3;18,4;17;49;43;44;65;5,4;1,9;
2026/02/04;1500 UTC;0;989;990;989;3147,9;32,9;16,6;33,9;31,2;18,4;16,1;46;35;38;108;6,4;1,5;
2026/02/04;1600 UTC;0;988,1;989;988,1;3421,9;34,8;14,6;35,2;32,4;17,2;14;39;30;30;99;6,7;1,9;
2026/02/04;1700 UTC;0;987,5;988,1;987,5;2968,9;34;15;35;32,6;16,3;13,9;35;29;32;115;7,6;2,7;
2026/02/04;1800 UTC;0;987,2;987,6;987,1;2106,6;32,4;15,6;34,8;32;16,3;14,5;38;30;37;74;8,7;4;
2026/02/04;1900 UTC;0;986,9;987,2;986,8;2164,9;32,8;15,4;34,5;32,4;16,3;15;37;32;35;70;9,1;4,7;
2026/02/04;2000 UTC;0;987,1;987,1;986,8;1315,8;31,2;16;32,9;31,1;16,3;15,3;41;35;40;94;9,1;2,9;
2026/02/04;2100 UTC;0;987,4;987,4;987;341,4;28,6;16,5;31,2;28,6;16,5;15,9;48;40;48;70;8,3;3,8;
2026/02/04;2200 UTC;0;987,9;987,9;987,4;;26,9;18,2;28,6;26,9;18,2;16,5;59;48;59;74;7,5;3,7;
2026/02/04;2300 UTC;0;988,7;988,7;987,9;;25,6;20;26,9;25,6;20;18,3;71;59;71;62;6,5;3,2;
2026/02/05;0000 UTC;0;989,2;989,2;988,6;;25;20,7;25,6;24,9;20,7;20;77;71;77;57;5,6;2,8;
2026/02/05;0100 UTC;0;989,5;989,6;989,2;;24,6;23,4;25;24,6;23,4;20,8;93;78;93;66;5;2,9;
2026/02/05;0200 UTC;0;989,3;989,6;989,3;;24,4;24,4;24,6;24,4;24,4;23,4;100;93;100;63;5,3;2,9;
2026/02/05;0300 UTC;0;988,6;989,3;988,6;;24,3;;24,4;24,2;;;;;;66;5,9;2,7;
2026/02/05;0400 UTC;0;988,2;988,6;988,2;;24,1;;24,3;24,1;;;;;;52;5;2,8;
2026/02/05;0500 UTC;0;988,2;988,2;988,1;;24;;24,1;23,9;;;;;;52;4,4;2,3;
2026/02/05;0600 UTC;0;988,3;988,4;988,2;;23,9;;24,1;23,9;;;;;;42;4,4;1,6;
2026/02/05;0700 UTC;0;988,6;988,6;988,2;;24;;24;23,9;;;;;;43;5;2,1;
2026/02/05;0800 UTC;0;988,9;988,9;988,5;;23,7;;24;23,7;;;;;;22;4,2;1,4;
2026/02/05;0900 UTC;0;989,6;989,6;988,9;26,1;23,4;;23,7;23,4;;;;;;22;3;1,4;
2026/02/05;1000 UTC;0;990;990;989,6;292,5;25;;25;23,4;;;;;;38;5,4;2,6;
2026/02/05;1100 UTC;0;990,4;990,4;990;896,8;27;20,7;27,7;25;26,5;20,3;100;66;69;22;6,2;3;
2026/02/05;1200 UTC;0;990,2;990,4;990,1;2025,1;31,2;17,9;31,2;26,9;21,3;17,2;70;44;45;48;7;3,1;
2026/02/05;1300 UTC;0;989,5;990,2;989,5;2682,9;32,6;15,7;33,1;30,2;18;15,7;46;36;36;63;6,3;2,7;
2026/02/05;1400 UTC;0;988,8;989,5;988,8;3242,9;33,2;16,7;34,5;30,8;16,9;14,8;41;33;37;94;6,7;2;
2026/02/05;1500 UTC;0;988;988,8;988;2818,3;33,3;14,8;33,9;31,4;16,4;14,2;39;32;33;113;6,2;1,9;
2026/02/05;1600 UTC;0;986,8;988;986,8;3316,9;33,8;14,9;35,3;32;16,4;14;37;29;32;85;7,9;3,6;
2026/02/05;1700 UTC;0;986,3;986,8;986,3;2941;32,5;15,5;34,8;32,5;16,2;14,3;36;30;36;79;8,1;4,1;
2026/02/05;1800 UTC;0;985,8;986,3;985,8;2171;32,2;15,3;33,6;32;16,5;15,1;38;34;36;105;9,5;3,2;
2026/02/05;1900 UTC;0;985,9;985,9;985,7;1810,4;32;15,2;33,2;31,3;15,8;14,8;38;34;36;81;9,1;3,5;
2026/02/05;2000 UTC;0;986;986;985,9;990,9;30,3;15,5;32;30,3;15,7;15,1;41;36;41;93;7,7;3,3;
2026/02/05;2100 UTC;0;986,6;986,6;986;343,2;27,8;15,8;30,3;27,8;15,8;15,1;48;41;48;80;8,4;3,9;
2026/02/05;2200 UTC;0;987,2;987,2;986,6;;25,9;17,8;27,8;25,9;17,8;15,8;61;48;61;73;8,3;4,4;
2026/02/05;2300 UTC;0;988,1;988,1;987,2;;24,9;19,4;25,9;24,8;19,4;17,9;72;61;72;67;6,9;3,3;
2026/02/06;0000 UTC;0;988,7;988,7;988,1;;24,3;19,8;24,9;24,3;19,8;19,4;76;72;76;66;6,6;3,9;
2026/02/06;0100 UTC;0;989,2;989,2;988,6;;23,7;21,2;24,3;23,7;21,2;19,7;86;76;86;60;6,6;2,9;
2026/02/06;0200 UTC;0;988,9;989,4;988,9;;22,9;22,8;23,7;22,8;22,8;21;99;86;99;56;4,6;2,2;
2026/02/06;0300 UTC;0;988,7;989;988,7;;22,6;;22,9;22,6;;;;;;60;4,6;1,9;
2026/02/06;0400 UTC;0;988,1;988,7;988,1;;22,3;;22,6;22,2;;;;;;62;3;1,5;
2026/02/06;0500 UTC;0;988,2;988,3;988;;21,9;;22,4;21,8;;;;;;8;3,5;,7;
2026/02/06;0600 UTC;0;988;988,3;987,7;;21,7;;21,9;21,5;;;;;;54;3,9;2,2;
2026/02/06;0700 UTC;0;988,1;988,1;987,9;;21,3;;21,7;21,3;;;;;;49;3,5;1,6;
2026/02/06;0800 UTC;0;988,5;988,5;988,1;;21,2;;21,4;21,1;;;;;;52;3,1;1,8;
2026/02/06;0900 UTC;0;989,3;989,3;988,5;33,2;21,5;;21,5;21;;;;;;346;2,8;,9;
2026/02/06;1000 UTC;0;989,3;989,4;989,3;256,2;23,5;;23,5;21,5;;;;;;38;3,6;1,8;
2026/02/06;1100 UTC;0;989,9;989,9;989,3;1527,3;28;19,1;28;23,5;25,1;18;100;56;59;31;6,7;3,5;
2026/02/06;1200 UTC;0;990,2;990,2;989,9;1912,7;30,8;16,3;31,1;27,2;18,6;15,1;58;41;42;37;7,6;3,5;
2026/02/06;1300 UTC;0;990,1;990,3;990;2650,9;32,6;14;32,8;29,6;17,6;14;47;32;33;56;9,3;4,4;
2026/02/06;1400 UTC;0;989,3;990,1;989,3;2621,2;32,7;14;34;30,5;15,8;12,5;40;29;32;51;8,4;3,6;
2026/02/06;1500 UTC;0;988,4;989,4;988,4;2965,1;34;14,1;34,9;32,2;14,9;12;33;27;30;60;7,5;3,8;
2026/02/06;1600 UTC;0;987,7;988,4;987,7;2992,8;35,3;12,5;36;32,3;15,1;11,7;34;24;25;58;8,3;3,8;
2026/02/06;1700 UTC;0;986,9;987,7;986,9;3155,4;34,7;11,1;35,9;33,3;13;9,9;28;22;24;97;10;3,2;
2026/02/06;1800 UTC;0;986,6;986,9;986,5;2633,1;33,4;13,5;35,5;33,3;14,2;11;30;23;30;68;9,8;4,5;
2026/02/06;1900 UTC;0;986,5;986,6;986,4;1848,5;31,3;15,9;33,9;31,3;15,9;13,7;39;30;39;82;9,9;4,4;
2026/02/06;2000 UTC;0;986,7;986,7;986,5;841,1;29,6;16,4;31,3;29,6;16,8;16;45;39;45;83;10,3;4,3;
2026/02/06;2100 UTC;0;987,2;987,2;986,7;342,5;27,3;18,2;29,7;27,3;18,2;16,1;58;45;58;74;9,9;4,4;
2026/02/06;2200 UTC;0;988,2;988,2;987,2;;25,8;19,2;27,3;25,8;19,2;18;67;58;67;66;9,9;4,6;
2026/02/06;2300 UTC;0;988,9;988,9;988,2;;25,2;19,8;25,8;25,2;19,8;19,3;72;67;72;60;8,5;4,1;
2026/02/07;0000 UTC;0;989,4;989,4;988,9;;24,8;20;25,2;24,8;20,1;19,7;75;72;75;60;6,5;3,6;
2026/02/07;0100 UTC;0;989,8;989,8;989,5;;24,5;20;24,9;24,5;20,1;20;76;75;76;60;7,5;4;
2026/02/07;0200 UTC;0;989,6;989,8;989,5;;24;20,2;24,5;24;20,2;20;79;76;79;51;6,5;3,2;
2026/02/07;0300 UTC;0;989,2;989,6;989,2;;23,6;22,4;24;23,6;22,4;20,1;93;79;93;50;5;2,5;
2026/02/07;0400 UTC;0;988,9;989,2;988,9;;23,9;21,8;24;23,6;22,8;21,8;94;88;88;54;4,6;2,1;
2026/02/07;0500 UTC;0;988,6;989;988,6;;23,4;22,8;23,9;23,4;22,8;21,6;96;87;96;61;3,9;2,3;
2026/02/07;0600 UTC;0;988,6;988,6;988,5;;23,7;23,1;23,7;23,4;23,3;22,8;98;96;96;73;4,7;2,4;
2026/02/07;0700 UTC;0;988,8;988,8;988,4;;22,8;;23,7;22,8;23,5;23;100;96;;3;4,6;1,1;
2026/02/07;0800 UTC;0;989,1;989,1;988,8;;22,7;;22,8;22,4;;;;;;59;3,2;2,1;
2026/02/07;0900 UTC;0;989,9;989,9;989,1;29,5;23;;23;22,7;;;;;;53;4;2;
2026/02/07;1000 UTC;0;991,1;991,1;989,9;285,4;25,3;;25,3;23;;;;;;53;5,7;3;
2026/02/07;1100 UTC;0;991,9;991,9;991,1;945,3;27,6;20,9;27,7;25,3;25,8;20,8;100;67;67;59;9,4;4,9;
2026/02/07;1200 UTC;0;991,9;992,1;991,9;932,5;28,4;19,4;29,2;27;21,3;19,4;69;57;58;58;7,9;3,5;
2026/02/07;1300 UTC;0;991,6;991,9;991,6;2356,8;29,6;18,7;33,5;28,4;20,5;17,4;60;41;52;357;7,8;2,1;
2026/02/07;1400 UTC;0;991,2;991,6;991,2;2240,8;31,2;16,7;32,8;29,6;20;16,7;53;40;42;55;9,5;3,5;
2026/02/07;1500 UTC;0;990,4;991,2;990,4;2997,8;32,5;18,5;35,2;31;18,7;15,1;46;31;44;103;8,4;2,6;
2026/02/07;1600 UTC;0;989,7;990,4;989,6;1923,1;31,4;16,8;33,2;30;19,1;16,8;50;41;42;85;11,4;4,4;
2026/02/07;1700 UTC;0;989,4;989,7;989,2;370,6;29,3;17,3;31,4;29,3;17,4;16,3;49;41;49;108;10,9;2,6;
2026/02/07;1800 UTC;0;989,3;989,5;989;163,2;28,9;17,3;29,3;28,7;18,1;17,3;52;49;50;72;9,1;4;
2026/02/07;1900 UTC;0;988,8;989,5;988,8;180;25,8;17,1;28,9;25,8;18;16,5;59;49;59;63;7,5;4;
2026/02/07;2000 UTC;0;988,9;989;988,5;437,4;26,3;18,5;26,3;25,5;18,5;17,1;64;59;62;65;9,5;5;
2026/02/07;2100 UTC;0;989,1;989,2;988,9;482,7;26,2;19,1;27,2;26,2;19,6;18,5;65;61;65;68;11,2;5,4;
2026/02/07;2200 UTC;0;990,4;990,4;989,1;3,8;25,3;20,1;26,3;25,3;20,1;19,1;73;65;73;51;9,4;4,7;
2026/02/07;2300 UTC;0;991;991;990,4;;24,9;20,5;25,3;24,9;20,5;20,1;76;73;76;53;9,4;4,6;
2026/02/08;0000 UTC;0;991,4;991,5;991;;24,5;20,3;24,9;24,5;20,5;20,3;77;76;77;53;8,4;4,8;
2026/02/08;0100 UTC;0;991,5;991,5;991,4;;24,2;22,5;24,6;24,2;22,5;20,3;90;77;90;55;7,9;4,6;
2026/02/08;0200 UTC;0;991,3;991,8;991,3;;23,9;22,8;24,2;23,9;23,1;22,6;95;90;93;50;7,6;3,6;
2026/02/08;0300 UTC;0;990,9;991,3;990,9;;23,5;22,3;23,9;23,5;22,8;22,3;93;92;93;52;6,3;2,5;
2026/02/08;0400 UTC;0;990,7;990,9;990,7;;23,4;23,4;23,5;23,4;23,4;22,4;100;93;100;51;4,8;2,8;
2026/02/08;0500 UTC;0;990,2;990,7;990,2;;23,4;;23,5;23,3;;;;;;53;5;3,1;
2026/02/08;0600 UTC;0;990,5;990,5;990,2;;23,2;;23,4;23,2;;;;;;49;4,7;2,3;
2026/02/08;0700 UTC;0;990,8;990,8;990,5;;23,3;;23,3;23,1;;;;;;36;4,5;1,6;
2026/02/08;0800 UTC;0;991,4;991,4;990,8;;23,1;;23,4;23,1;;;;;;23;3,4;1,2;
2026/02/08;0900 UTC;0;992,1;992,1;991,4;33;23,3;;23,3;22,9;;;;;;8;2,8;1,2;
2026/02/08;1000 UTC;0;992,9;992,9;992,1;327,9;25,1;23,3;25,1;23,3;;;;;90;322;2,8;1,5;
2026/02/08;1100 UTC;0;993,4;993,4;993;989,3;27,6;20,4;27,6;25,1;23,4;19,7;90;65;65;355;3,4;1,7;
2026/02/08;1200 UTC;0;993,3;993,6;993,3;1783,4;31;17,7;31,7;27,3;20,9;17,7;65;44;45;38;7,7;3,3;
2026/02/08;1300 UTC;0;992,6;993,3;992,6;2359,5;33,4;18;33,4;30,1;19,2;16,8;49;40;40;33;7,6;2,7;
2026/02/08;1400 UTC;0;992,1;992,6;992,1;2862;32;16,4;34,4;31,1;17,8;15,2;42;33;39;29;6,7;2,1;
2026/02/08;1500 UTC;0;991,1;992,2;991,1;1844,6;32,1;16,2;34,4;31,7;17,2;14,6;40;31;38;62;6,8;2,3;
2026/02/08;1600 UTC;0;990,7;991,1;990,4;1873,4;26,7;17,8;34,2;26,7;19;14,3;58;32;58;63;13,5;6;
2026/02/08;1700 UTC;4,4;991;991,2;990,7;224;23,4;23,4;26,7;23,4;23,9;17,8;100;58;100;58;12;4,3;
2026/02/08;1800 UTC;,2;990,9;991,1;990,7;228,8;24,3;24,3;24,4;23,3;;;;;100;69;8,4;1,6;
2026/02/08;1900 UTC;2,2;991,5;991,6;990,9;81,6;24,8;;24,9;24,3;;;;;;43;5,8;3,6;
2026/02/08;2000 UTC;20,2;992,5;992,5;991,2;37,9;21,3;;24,8;21,2;;;;;;34;16,6;5,9;
2026/02/08;2100 UTC;5;992,3;992,5;992,3;7,3;21,4;;21,4;21,1;;;;;;23;11;4,7;
2026/02/08;2200 UTC;1;992,3;992,4;992,2;;21,2;;21,6;21,2;;;;;;7;8,6;2,8;
2026/02/08;2300 UTC;0;992;992,3;991,9;;21,1;;21,2;21;;;;;;352;5,5;1,6;
2026/02/09;0000 UTC;0;992,7;992,8;992;;21,3;;21,3;21,1;;;;;;337;4,4;2,1;
2026/02/09;0100 UTC;0;992,6;992,9;992,5;;21,5;;21,6;21,3;;;;;;335;3,8;,5;
2026/02/09;0200 UTC;0;992,1;992,6;992,1;;21,6;;21,7;21,5;;;;;;47;3,2;1,8;
2026/02/09;0300 UTC;,2;991,3;992,1;991,3;;21,5;;21,7;21,5;;;;;;16;3,2;1,2;
2026/02/09;0400 UTC;0;990,8;991,3;990,8;;21,4;;21,5;21,3;;;;;;338;2,2;1;
2026/02/09;0500 UTC;0;990,8;990,9;990,7;;21,5;;21,6;21,3;;;;;;322;2,8;1,5;
2026/02/09;0600 UTC;0;991,1;991,1;990,8;;21,6;;21,6;21,4;;;;;;350;3;1,2;
2026/02/09;0700 UTC;0;991,3;991,3;991,1;;21,5;;21,6;21,4;;;;;;267;3,3;,8;
2026/02/09;0800 UTC;0;991,6;991,6;991,2;;21,8;;21,8;21,5;;;;;;202;2,2;,9;
2026/02/09;0900 UTC;0;992,1;992,1;991,6;34,9;21,9;;21,9;21,7;;;;;;180;1,6;,6;
2026/02/09;1000 UTC;0;992,6;992,7;992,1;203,7;22,6;;22,7;21,9;;;;;;234;1,5;,6;
2026/02/09;1100 UTC;0;992,9;992,9;992,6;1386,1;27,7;21,2;27,7;22,6;24,4;19,7;100;64;68;50;2,9;1,5;
2026/02/09;1200 UTC;0;993,1;993,2;992,9;1917,4;29,7;21,2;29,8;27,1;23,6;20,3;77;60;60;42;6,9;3,2;
2026/02/09;1300 UTC;0;992,9;993,1;992,9;2563,7;28,9;19,9;30,5;28,7;21,8;19,4;63;53;58;20;8;3,3;
2026/02/09;1400 UTC;0;992,1;992,9;992,1;3415;32;19;32,5;28,9;21,2;18,5;60;45;46;40;7,9;3,5;
2026/02/09;1500 UTC;0;991,5;992,1;991,4;2291,9;30,4;16,8;32,8;30,1;19,5;16,3;50;40;44;50;8,6;4,6;
2026/02/09;1600 UTC;0;990,5;991,5;990,5;3614,2;33,4;15,3;34,4;30,4;18,8;15,3;47;34;34;51;8,4;4,7;
2026/02/09;1700 UTC;0;989,9;990,5;989,9;2245;33,2;17,3;33,9;30,8;18,9;14,7;47;33;39;49;9,3;4,2;
2026/02/09;1800 UTC;0;989,2;989,9;989,2;2549,3;32;13,9;33,5;31,9;17,1;13,9;39;33;33;65;9,6;4,7;
2026/02/09;1900 UTC;0;988,9;989,2;988,9;2069,9;31,8;13,3;33;31,3;14,9;13,3;36;31;33;63;9,9;5,8;
2026/02/09;2000 UTC;0;989,3;989,3;988,9;1133,2;29,3;16,9;31,8;29,3;16,9;13,2;47;33;47;70;9,9;5,3;
2026/02/09;2100 UTC;0;989,9;989,9;989,3;256;27;18,1;29,4;27;18,1;16,6;58;47;58;70;10,1;4,8;
2026/02/09;2200 UTC;0;990,4;990,5;989,9;;25,5;20,1;27;25,5;20,1;18,2;72;59;72;62;8,1;4,8;
2026/02/09;2300 UTC;0;991,4;991,4;990,4;;24,7;22,7;25,5;24,7;22,7;20,1;89;72;89;59;8,1;2,6;
2026/02/10;0000 UTC;0;991,5;991,5;991,3;;24,4;24,3;24,7;24,4;24,3;22,8;100;89;100;61;5,8;3,5;
2026/02/10;0100 UTC;0;991,8;991,8;991,5;;24,2;;24,4;24,2;;;;;;56;7;3,1;
2026/02/10;0200 UTC;0;991,5;991,9;991,5;;23,9;;24,2;23,9;;;;;;56;5,8;2,7;
2026/02/10;0300 UTC;0;991,1;991,5;991,1;;23,6;;23,9;23,6;;;;;;53;4,6;2,6;
2026/02/10;0400 UTC;0;990,7;991,1;990,7;;23,3;;23,6;23,3;;;;;;54;3,9;1,9;
2026/02/10;0500 UTC;0;990,3;990,7;990,3;;23,2;;23,3;23,2;;;;;;50;3,8;2,5;
2026/02/10;0600 UTC;0;990,3;990,3;990,2;;23,1;;23,3;23,1;;;;;;50;3,8;2;
2026/02/10;0700 UTC;0;990,4;990,4;990,2;;23,1;;23,2;23;;;;;;60;3,8;2;
2026/02/10;0800 UTC;0;990,5;990,5;990,2;;23,1;;23,2;23,1;;;;;;60;3,9;2,3;
2026/02/10;0900 UTC;0;991;991;990,5;25,6;23,2;;23,2;23;;;;;;56;3,9;2,2;
2026/02/10;1000 UTC;0;991,8;991,8;991;250;24,6;;24,6;23,2;;;;;;50;4,9;2,4;
2026/02/10;1100 UTC;0;992;992;991,8;1358,2;27,4;21;27,7;24,7;;;;;68;60;8,8;4,9;
2026/02/10;1200 UTC;0;992;992,1;992;2158,9;28,9;17,8;29,6;26,9;22,1;17,4;74;49;51;73;9,5;3,9;
2026/02/10;1300 UTC;0;991,6;992,1;991,6;2862,5;30,2;15,8;30,4;28,7;18,5;15,5;52;42;42;97;8,4;3,6;
2026/02/10;1400 UTC;0;991,3;991,6;991,3;3677,2;31,5;14,8;32,8;30,2;18,3;12;45;30;36;87;10;3,7;
2026/02/10;1500 UTC;0;990,9;991,3;990,9;3573,7;31,4;13,7;32,6;31,1;15,8;13,1;38;33;34;87;9,8;3,6;
2026/02/10;1600 UTC;0;990,4;990,9;990,4;3103,2;31,5;13,7;32,9;31,2;15,7;12,9;38;31;34;60;10,2;5,5;
2026/02/10;1700 UTC;0;989,7;990,4;989,6;2982;32;14,2;32,5;30,9;15,2;12,9;37;31;34;74;10;4,4;
2026/02/10;1800 UTC;0;989,2;989,7;989,2;1500,3;30,4;15,9;32;29,5;15,9;14,2;43;34;42;82;10,2;4,1;
2026/02/10;1900 UTC;0;989,2;989,2;989,1;2049,3;30,5;15,8;30,9;29,8;15,9;13,2;42;36;41;99;8,6;3,8;
2026/02/10;2000 UTC;0;989,4;989,4;989,1;1075,1;28,7;17,7;30,6;28,6;17,7;15,2;51;41;51;80;8,6;3,8;
2026/02/10;2100 UTC;0;989,7;989,7;989,4;194;26,8;17,7;28,7;26,8;17,7;16,3;57;49;57;76;7,8;2,6;
2026/02/10;2200 UTC;0;990,2;990,2;989,7;;25,5;18,7;26,8;25,5;18,7;17,7;66;57;66;86;5,4;2,1;
2026/02/10;2300 UTC;0;990,7;990,7;990,2;;24,8;19,4;25,5;24,8;19,4;18,7;72;66;72;93;4,3;1,9;
2026/02/11;0000 UTC;0;991,2;991,3;990,7;;24,7;19,8;24,9;24,7;19,8;19,4;74;72;74;93;4,5;1,5;
2026/02/11;0100 UTC;0;991,7;991,7;991,2;;24,6;19,9;24,7;24,6;20;19,8;75;74;75;90;4;1,5;
2026/02/11;0200 UTC;0;991,5;991,7;991,5;;24,5;20,1;24,8;24,5;20,2;19,9;77;75;77;113;4,9;2,5;
2026/02/11;0300 UTC;0;991,3;991,5;991,2;;23,8;21,6;24,5;23,8;21,6;20,1;88;77;88;144;4,7;1,4;
2026/02/11;0400 UTC;0;990,7;991,3;990,7;;23,4;23,2;23,8;23,4;23,2;21,8;99;88;99;144;2,7;1,3;
2026/02/11;0500 UTC;0;990,3;990,7;990,2;;22,8;;23,4;22,6;;;;;;173;2,3;,9;
2026/02/11;0600 UTC;0;990,1;990,3;990,1;;22,3;;22,8;22,3;;;;;;173;1,9;1,2;
2026/02/11;0700 UTC;0;990,2;990,3;990,1;;21,9;;22,3;21,8;;;;;;228;1,9;1,2;
2026/02/11;0800 UTC;0;990,4;990,4;990,2;;22;;22,2;21,8;;;;;;209;2;,7;
2026/02/11;0900 UTC;4,2;990,9;990,9;990,4;48,8;22,2;;22,3;22;;;;;;171;3,8;1,5;
2026/02/11;1000 UTC;0;991,9;991,9;990,9;250,3;22,7;;22,8;22,1;;;;;;156;3;1,9;
2026/02/11;1100 UTC;,8;992,8;992,8;991,9;433,9;23,1;;23,2;22,4;;;;;;64;3,8;1,1;
2026/02/11;1200 UTC;0;992,8;992,9;992,8;1267,8;24,6;;24,6;23;;;;;;80;4,8;1,3;
2026/02/11;1300 UTC;0;992,5;992,8;992,5;2209,6;28;19,7;28,7;24,6;24,7;19,7;99;61;61;107;3,9;1;
2026/02/11;1400 UTC;0;992,2;992,6;992,1;2150,6;28,2;19,6;28,6;27,2;20,2;18,6;64;55;60;76;10;4,2;
2026/02/11;1500 UTC;0;991,7;992,3;991,7;1763,5;28,6;19,6;28,9;26;21,6;19,3;75;58;58;84;10;2;
2026/02/11;1600 UTC;0;991;991,7;991;1465,8;29,3;18,8;29,3;28,2;20,4;17,2;62;49;53;95;7,5;2,9;
2026/02/11;1700 UTC;0;990,5;991;990,4;2606,3;30,6;13,7;31,4;29,2;18,8;13,7;53;35;36;111;8,8;3,6;
2026/02/11;1800 UTC;0;989,7;990,5;989,7;2532,5;30,8;14,2;31,6;30,1;15,7;13,6;40;34;36;89;8,8;3,7;
2026/02/11;1900 UTC;0;990;990;989,7;1977,8;30;15,5;31;29,8;16;13,8;43;36;41;107;9,2;3,3;
2026/02/11;2000 UTC;0;990,2;990,2;989,9;1259;28,6;15,9;30;28,6;16,7;15,5;47;41;46;89;9,1;3,5;
2026/02/11;2100 UTC;0;990,8;990,8;990,2;283,7;26,7;17;28,6;26,7;17;15,9;55;46;55;82;8,2;2,9;
2026/02/11;2200 UTC;0;991,1;991,1;990,8;;25,5;18,9;26,7;25,5;18,9;17,1;67;55;67;91;6,3;1,8;
2026/02/11;2300 UTC;0;991,9;991,9;991,1;;25;19,3;25,5;25;19,3;18,9;71;67;71;92;4,9;1,8;
2026/02/12;0000 UTC;0;992,5;992,5;991,9;;24,5;19,6;25;24,5;19,6;19,3;74;71;74;77;4;1,7;
2026/02/12;0100 UTC;0;992,7;992,7;992,5;;23,7;22,4;24,5;23,4;22,5;19,4;93;74;93;114;3,1;,8;
2026/02/12;0200 UTC;0;992,2;992,7;992,2;;23,9;20,1;24,2;23,6;22,4;20,1;93;79;79;148;2,8;1,3;
2026/02/12;0300 UTC;0;991,8;992,2;991,8;;23,4;22,4;24;23,4;22,4;20,1;94;79;94;170;2,8;1;
2026/02/12;0400 UTC;0;991,1;991,8;991;;23,2;23,1;23,7;23,2;23,1;22,4;100;94;100;238;1,9;,9;
2026/02/12;0500 UTC;0;990,8;991,1;990,8;;23,3;;23,4;23,1;;;;;;42;5,3;1,5;
2026/02/12;0600 UTC;1,2;991,1;991,1;990,8;;23;;23,3;22,8;;;;;;30;5,3;1,2;
2026/02/12;0700 UTC;;;;;;;;;;;;;;;;;;
2026/02/12;0800 UTC;;;;;;;;;;;;;;;;;;
2026/02/12;0900 UTC;0;991,3;;;20,7;22,6;;;;;;;;;194;;1,4;
2026/02/12;1000 UTC;0;992,1;992,1;991,3;359,7;23,3;;23,4;22,6;;;;;;184;2,9;1,4;
2026/02/12;1100 UTC;0;992,8;992,8;992,1;1015,5;25,5;25,1;25,5;23,3;;;;;97;161;3,4;1,4;
2026/02/12;1200 UTC;,2;992,9;993;992,8;1321,7;27,4;19,6;27,4;25,3;24,9;19,2;98;62;62;112;6,1;2,9;
2026/02/12;1300 UTC;0;992,6;993;992,6;2744;29,4;18,1;29,7;27,2;20,6;17,4;65;50;51;115;6,6;3,5;
2026/02/12;1400 UTC;0;992,3;992,7;992,3;3227,4;30;16,9;30,3;28,5;18,7;16,6;52;45;45;104;8,2;3,1;
2026/02/12;1500 UTC;0;991,5;992,3;991,5;2906,1;29,8;17,3;31,8;29,4;18,5;15,3;50;38;47;89;8,1;3,7;
2026/02/12;1600 UTC;0;990,8;991,5;990,8;2509,2;29,9;17,1;30,4;29,4;17,8;16;49;44;46;100;8,4;3,6;
2026/02/12;1700 UTC;0;990,3;990,8;990,3;2308;30;18,2;31,7;29,4;18,2;15,1;49;38;49;87;8,5;3,8;
2026/02/12;1800 UTC;0;989,9;990,3;989,9;1938;29,1;16,8;30,4;28,9;18,4;16,6;50;45;48;105;10,7;3,5;
2026/02/12;1900 UTC;0;989,7;989,9;989,7;1321,8;29,9;16,8;30,2;28,6;17,1;15,9;49;44;45;88;8,2;3,7;
2026/02/12;2000 UTC;0;990;990;989,7;762,1;27,3;17,1;30;27,3;17,5;16,6;54;45;54;88;9;3,2;
2026/02/12;2100 UTC;0;990,3;990,3;990;180,4;26,3;18,4;27,4;26,3;18,4;16,8;62;52;62;97;7,2;2,6;
2026/02/12;2200 UTC;0;990,7;990,7;990,3;;25,5;19,4;26,3;25,5;19,4;18,4;69;62;69;118;6,1;2,4;
2026/02/12;2300 UTC;0;991,5;991,5;990,7;;25;19,7;25,5;25;19,8;19,4;73;69;73;106;5;1,6;
2026/02/13;0000 UTC;0;992;992;991,5;;24,1;20,4;25;24,1;20,4;19,7;80;73;80;66;3,9;2,1;
2026/02/13;0100 UTC;0;992,1;992,2;992;;23,7;22,8;24,1;23,6;22,8;20,5;95;80;95;70;3,3;1,5;
2026/02/13;0200 UTC;0;992;992,2;992;;23,8;23,3;23,9;23,7;23,4;22,9;97;95;97;69;2,8;1,4;
2026/02/13;0300 UTC;0;991,3;992;991,3;;23,4;;23,8;23,4;23,5;23,2;100;97;;70;2,7;1,3;
2026/02/13;0400 UTC;0;990,7;991,3;990,7;;23,4;;23,7;23,3;;;;;;182;2,3;1,3;
2026/02/13;0500 UTC;0;990,6;990,7;990,6;;23,1;;23,4;23,1;;;;;;164;2,5;,8;
2026/02/13;0600 UTC;0;990,4;990,6;990,4;;22,7;;23,1;22,7;;;;;;205;1,7;,6;
2026/02/13;0700 UTC;;;;;;;;;;;;;;;;;;
2026/02/13;0800 UTC;;;;;;;;;;;;;;;;;;
2026/02/13;0900 UTC;0;991,1;;;44,4;22,4;;22,4;22;;;;;;252;;,3;
2026/02/13;1000 UTC;0;991,8;991,8;991;459,2;23,5;;23,5;22,4;;;;;;226;1,6;1,1;
2026/02/13;1100 UTC;0;992,6;992,6;991,8;902,4;25,8;;25,9;23,5;;;;;;207;2,8;1,5;
2026/02/13;1200 UTC;0;992,6;992,7;992,5;1151,7;27;20,8;27,6;25,8;26,6;20,2;100;66;69;49;5,4;2,4;
2026/02/13;1300 UTC;,2;992,5;992,7;992,5;1581,9;28,7;21,6;28,8;25,7;26,1;21;93;65;66;58;5,7;2,5;
2026/02/13;1400 UTC;0;992,3;992,5;992,3;2180,5;28;20,2;29,8;27,3;22,1;19,6;69;59;63;73;7,3;2,8;
2026/02/13;1500 UTC;0;991,2;992,3;991,2;2082,9;29,9;19,5;29,9;27,2;20,9;19,1;67;53;54;136;5,9;2,5;
2026/02/13;1600 UTC;,2;990,4;991,2;990,4;2759,1;28;20,9;31,5;27,4;21,5;18,3;69;47;65;147;7;2,7;
2026/02/13;1700 UTC;0;989,7;990,4;989,7;1445,1;30,7;18,9;30,7;28;21;17,9;66;47;49;80;7,1;3;
2026/02/13;1800 UTC;0;988,9;989,7;988,9;2698,2;31,2;17,1;31,7;30;19,1;16,7;50;42;43;92;8,3;3,1;
2026/02/13;1900 UTC;0;988,7;988,9;988,6;1969,1;29,7;17,1;31,5;29,7;17,6;16,8;47;42;47;95;9,5;3,5;
2026/02/13;2000 UTC;0;989;989;988,6;832,5;28,5;16,5;29,8;28,5;17,6;16,1;50;46;48;99;9,2;3,4;
2026/02/13;2100 UTC;0;989,5;989,5;989;128,5;26,5;18,7;28,5;26,5;18,7;16,2;62;48;62;85;10,2;3,5;
2026/02/13;2200 UTC;0;990,3;990,3;989,5;;25,5;19,9;26,5;25,5;19,9;18,6;71;62;71;82;10,2;2,7;
2026/02/13;2300 UTC;0;990,9;990,9;990,3;;25;20,6;25,5;25;20,6;19,9;76;71;76;85;5,2;2;
2026/02/14;0000 UTC;0;991,2;991,3;990,9;;24,7;21,2;25;24,7;21,2;20,6;81;76;81;86;4,5;1,6;
2026/02/14;0100 UTC;0;991,3;991,5;991,2;;24,6;24;24,7;24,5;24;21,3;97;81;97;73;4,6;2,1;
2026/02/14;0200 UTC;0;990,9;991,3;990,9;;24,4;;24,6;24,4;24,4;23,8;100;95;;90;5,5;1,5;
2026/02/14;0300 UTC;0;990,6;990,9;990,6;;24,5;;24,5;24,3;;;;;;70;3,9;1,6;
2026/02/14;0400 UTC;0;989,7;990,6;989,7;;23,9;;24,5;23,8;;;;;;63;6,9;2,6;
2026/02/14;0500 UTC;0;988,9;989,7;988,9;;23,7;;23,9;23,7;;;;;;64;5;2,5;
2026/02/14;0600 UTC;0;988,9;989;988,8;;23,5;;23,7;23,4;;;;;;74;3,9;1,7;
2026/02/14;0700 UTC;0;989,2;989,3;988,9;;23,5;;23,5;23,3;;;;;;85;3,5;,8;
2026/02/14;0800 UTC;0;989,6;989,6;989,2;;23,2;;23,6;23,2;;;;;;76;2,5;,9;
2026/02/14;0900 UTC;0;990,2;990,2;989,6;27,6;23;;23,2;22,9;;;;;;316;2,3;,6;
2026/02/14;1000 UTC;0;990,9;990,9;990,2;376,4;24,1;;24,1;23;;;;;;264;1,3;,5;
2026/02/14;1100 UTC;0;991,3;991,3;990,9;949;26,4;24,2;26,4;24;;;;;88;19;2,3;1;
2026/02/14;1200 UTC;0;991,4;991,5;991,3;1577,4;27,9;20,6;28,5;26,3;23,9;19,8;88;62;64;86;4,8;1,6;
2026/02/14;1300 UTC;0;991,2;991,4;991,1;2467,4;31,1;19;31,1;27,9;21,3;17,8;65;49;49;81;6,3;3;
2026/02/14;1400 UTC;0;990,7;991,2;990,7;2560,6;31,3;19,4;31,3;29,1;19,7;17,3;55;44;49;154;6,2;2,7;
2026/02/14;1500 UTC;0;990,5;990,7;990,3;1622,5;26,9;20;31,3;26,9;20,1;18;66;47;66;75;9,6;3,3;
2026/02/14;1600 UTC;17,8;989,9;990,6;989,9;416,8;24,3;;26,9;22,7;;;;;;135;9;2,5;
2026/02/14;1700 UTC;,4;989;989,9;989;1527,5;26,4;23,6;26,4;24,3;;;;;85;125;6,8;4,2;
2026/02/14;1800 UTC;0;988,8;989;988,7;775,3;25,7;21,3;26,4;25,2;23,8;20,2;86;73;77;137;8,2;4,3;
2026/02/14;1900 UTC;0;988,7;988,9;988,6;519,1;24,5;20,7;25,9;24,3;21,6;19,7;80;73;80;19;8,4;2;
2026/02/14;2000 UTC;0;989;989,1;988,7;494,5;25,5;20;25,6;24,5;22,3;19,9;87;72;72;127;5,9;2,7;
2026/02/14;2100 UTC;0;989,4;989,4;989;123,4;24,7;19,8;25,5;24,7;20;19,6;74;71;74;136;5,7;3,1;
2026/02/14;2200 UTC;0;989,7;989,7;989,4;;24,5;20,2;24,7;24,5;20,3;19,8;77;74;77;110;6,4;2,3;
2026/02/14;2300 UTC;0;990,6;990,6;989,7;;24,1;20,1;24,5;24,1;20,3;20,1;78;77;78;115;4,7;2,2;
2026/02/15;0000 UTC;0;991;991;990,6;;23,7;22,8;24,1;23,6;22,8;20,1;95;78;95;155;4,4;1,7;
2026/02/15;0100 UTC;0;991,5;991,5;991;;23,7;23,7;23,9;23,6;23,9;22,9;100;95;100;117;4,7;2,3;
2026/02/15;0200 UTC;0;990,9;991,5;990,9;;23,8;22,7;23,9;23,7;23,7;22,5;100;92;93;105;4,5;1,2;
2026/02/15;0300 UTC;0;990,2;990,9;990,2;;23,6;23,6;23,8;23,6;23,7;22,6;100;93;100;81;3,5;1,7;
2026/02/15;0400 UTC;0;989,5;990,2;989,4;;23,3;;23,7;23,3;;;;;;125;4;1,4;
2026/02/15;0500 UTC;0;988,7;989,5;988,7;;23,7;;23,7;23,1;;;;;;104;3,2;1;
2026/02/15;0600 UTC;0;988,6;988,7;988,4;;22,6;;23,7;22,5;;;;;;150;2,3;1;
2026/02/15;0700 UTC;0;988,8;988,8;988,5;;22,1;;22,8;22,1;;;;;;127;2;,3;
2026/02/15;0800 UTC;0;989;989,1;988,8;;21,9;;22,1;21,9;;;;;;237;1,5;,9;
2026/02/15;0900 UTC;,4;989,5;989,5;989;38,1;22,2;;22,3;21,8;;;;;;314;4,2;,9;
2026/02/15;1000 UTC;4,2;990;990,1;989,5;333,8;23,3;;23,4;22,1;;;;;;226;3,3;1,1;
2026/02/15;1100 UTC;0;990,5;990,5;990;1006,5;24,5;;25,3;23,3;;;;;;22;2,1;1;
2026/02/15;1200 UTC;0;990,8;990,9;990,5;2583,2;28,7;19,4;29,1;24,5;26,5;18,8;100;55;57;82;5,1;1,7;
2026/02/15;1300 UTC;7;990,8;991,1;990,8;1426,5;25,6;;28,7;22,3;23,2;18,7;100;58;;75;6,7;1,4;
2026/02/15;1400 UTC;,8;990,8;990,8;990,6;2959,8;25,3;20,9;29,1;25,3;25,8;19,3;100;58;77;75;9,2;3,9;
2026/02/15;1500 UTC;3;990;990,8;990;1730,9;27,2;21,6;27,8;24;26,1;20,4;100;65;72;27;9,2;1,5;
2026/02/15;1600 UTC;0;989,2;990;989,2;2664,2;29,3;18,9;29,5;27,1;22,2;18;73;52;54;105;6,8;2,9;
2026/02/15;1700 UTC;0;988,5;989,2;988,5;2130,7;28,9;18,1;30,3;28,7;19,6;17,6;56;49;52;78;7,2;3;
2026/02/15;1800 UTC;0;988,2;988,5;988,1;1496,8;29,8;16,9;29,8;28,5;18,2;16,8;53;46;46;103;7;3;
2026/02/15;1900 UTC;0;988,5;988,5;988,1;1861,4;29,1;16,6;30,2;28,8;17,3;15,1;48;42;47;116;7,9;4;
2026/02/15;2000 UTC;0;988,9;988,9;988,5;1205,1;28;17;29,3;28;17,5;15,8;51;45;51;128;8,1;3,6;
2026/02/15;2100 UTC;0;989,6;989,6;988,9;255,3;26,3;17,6;28,1;26,3;17,8;17,1;59;51;59;122;6,8;3,1;
2026/02/15;2200 UTC;0;990;990;989,6;;25,4;18,2;26,3;25,4;18,2;17,5;64;59;64;128;6,3;3,1;
2026/02/15;2300 UTC;0;990,5;990,5;990;;24,7;19,5;25,4;24,7;19,5;18,3;73;65;73;121;6;2,9;
2026/02/16;0000 UTC;0;991,1;991,1;990,5;;24,4;19,8;24,8;24,4;19,8;19,6;76;73;76;117;5,9;2,7;
2026/02/16;0100 UTC;0;991,2;991,3;991,1;;23,9;20,2;24,5;23,9;20,2;19,7;80;75;80;142;6;1,5;
2026/02/16;0200 UTC;0;990,7;991,2;990,7;;24;20,2;24,1;23,7;21,3;20,2;86;79;79;130;4,7;2,3;
2026/02/16;0300 UTC;0;990,4;990,7;990,4;;23,9;20,1;24;23,9;20,2;19,8;79;78;79;111;4,8;1;
2026/02/16;0400 UTC;0;990,1;990,4;990;;23,9;20,1;24;23,7;20,3;19,9;81;78;79;123;3,3;1,6;
2026/02/16;0500 UTC;0;989,6;990,1;989,6;;23;22,4;24,1;23;22,4;19,9;96;77;96;179;3,3;1,4;
2026/02/16;0600 UTC;0;989,8;989,8;989,5;;23;;23;22,7;;;;;;43;2,2;1,4;
2026/02/16;0700 UTC;0;990;990;989,7;;22,6;;23,1;22,6;;;;;;330;3,7;,5;
2026/02/16;0800 UTC;0;990,4;990,4;990;;22,7;;22,8;22,6;;;;;;31;1,9;,8;
2026/02/16;0900 UTC;0;990,8;990,8;990,4;38,7;22,7;;22,7;22,3;;;;;;44;2,4;1,1;
2026/02/16;1000 UTC;0;991,1;991,1;990,7;260,3;23;;23;22,6;;;;;;37;2,1;,6;
2026/02/16;1100 UTC;0;991,8;991,8;991,1;1088,7;26,3;20;26,7;22,7;;;;;69;90;2,8;1,1;
2026/02/16;1200 UTC;0;992;992,1;991,9;1913,4;28,6;19,8;28,7;26;21,3;19,4;71;59;59;48;6,2;1,9;
2026/02/16;1300 UTC;,6;991,9;992,2;991,9;2214,6;25,9;23,6;28,9;24,7;23,6;17,8;87;54;87;19;9,5;3,1;
2026/02/16;1400 UTC;0;991,5;991,9;991,5;3270,5;29,2;16,8;29,4;25,9;24,4;16,6;92;47;47;75;8,3;3,4;
2026/02/16;1500 UTC;0;990,6;991,5;990,6;3398,8;30,1;16,6;30,9;27,8;18,9;15,9;55;43;44;73;7,7;3,6;
2026/02/16;1600 UTC;0;989,8;990,6;989,7;2642,9;29,9;16,7;31,8;29,4;18,9;15,6;49;41;45;81;8,4;3,1;
2026/02/16;1700 UTC;0;988,9;989,8;988,8;2962,6;31,2;12,9;32,2;29,3;17,6;12,4;46;32;33;76;8,4;3,5;
2026/02/16;1800 UTC;0;988,3;988,9;988,3;2681,5;30,5;14,1;31,9;30,5;16,1;13,5;40;33;37;95;8,4;3,5;
2026/02/16;1900 UTC;0;988,3;988,3;988,2;1987,5;30;15,8;31;29,8;16,4;14;43;36;42;84;8,6;3,5;
2026/02/16;2000 UTC;0;989;989;988,3;1123,3;28,4;16,2;30;28,4;16,2;14,8;48;41;48;81;8,7;3,9;
2026/02/16;2100 UTC;0;989,7;989,7;989;250,7;26,3;17,3;28,4;26,3;17,3;16,2;58;48;58;82;8,4;3,2;
2026/02/16;2200 UTC;0;990,3;990,3;989,7;;25,1;18,6;26,3;25,1;18,7;17,3;68;58;68;91;6,8;2;
2026/02/16;2300 UTC;0;991;991;990,3;;24,5;18,9;25,1;24,5;18,9;18,6;71;68;71;91;5;1,7;
2026/02/17;0000 UTC;0;991,4;991,4;991;;24,2;19,1;24,6;24,2;19,1;18,9;73;71;73;97;4,8;1,6;
2026/02/17;0100 UTC;0;991,7;991,8;991,4;;24,2;19,1;24,3;24,2;19,2;19;74;73;73;88;4,5;2;
2026/02/17;0200 UTC;0;991,1;991,7;991,1;;23,9;19;24,2;23,8;19,1;19;74;73;74;92;5;1,7;
2026/02/17;0300 UTC;0;990,6;991,1;990,6;;23,9;19,4;23,9;23,8;19,4;19;76;74;76;97;4,5;1,7;
2026/02/17;0400 UTC;0;990,3;990,6;990,3;;23,9;19,8;23,9;23,8;19,8;19,4;78;76;78;111;4,1;1,5;
2026/02/17;0500 UTC;0;990;990,4;990;;23,5;21,6;23,9;23,1;22,3;19;93;77;89;105;3,2;1,2;
2026/02/17;0600 UTC;;;;;;;;;;;;;;;;;;
2026/02/17;0700 UTC;;;;;;;;;;;;;;;;;;
2026/02/17;0800 UTC;;;;;;;;;;;;;;;;;;
2026/02/17;0900 UTC;0;990,7;;;19,3;21,6;;;;;;;;;220;;1,2;
2026/02/17;1000 UTC;0;991,1;991,1;990,7;188,8;22,5;;22,5;21,5;;;;;;274;1,8;,5;
2026/02/17;1100 UTC;0;991,6;991,6;991,1;1135,5;25,8;23,5;26;22,5;;;;;88;194;2,1;,9;
2026/02/17;1200 UTC;0;991,8;991,8;991,6;1803,3;28,8;20,2;29,1;25,8;23,5;19,4;88;59;60;83;5,8;2,3;
2026/02/17;1300 UTC;0;991,4;991,8;991,4;2206,1;28,1;18,8;30,1;26,8;20,4;17,9;66;51;57;90;6,9;2,1;
2026/02/17;1400 UTC;0;991,1;991,4;991,1;2404,6;27,2;19,3;28,9;27,2;19,6;18,3;62;55;62;152;7,8;4,1;
2026/02/17;1500 UTC;0;990,6;991,2;990,5;1904,3;28,3;19;28,9;27;19,9;17,8;63;54;57;96;7,8;3,2;
2026/02/17;1600 UTC;0;989,5;990,6;989,5;2947;30,1;17,4;30,8;28;20,5;16,1;59;44;47;134;7,7;2,9;
2026/02/17;1700 UTC;;;;;;;;;;;;;;;;;;
2026/02/17;1800 UTC;0;988,6;988,8;988,6;1766;28,7;19,3;30;27,9;19,6;17,3;57;48;57;123;9,5;4,5;
2026/02/17;1900 UTC;0;988,3;988,6;988,2;1789,9;29,1;17,6;30;28,4;19,8;16,7;57;47;50;98;8,6;2,8;
2026/02/17;2000 UTC;0;988,4;988,4;988,2;1100,2;28,1;18,7;29,4;27,8;18,9;17,4;57;49;57;83;8,9;4;
2026/02/17;2100 UTC;0;988,8;988,8;988,4;241,1;26,2;17,8;28,2;26,2;18,9;17,7;60;56;60;98;8,9;2,4;
2026/02/17;2200 UTC;0;989,1;989,2;988,8;;24,9;19,4;26,2;24,9;19,4;17,8;72;60;72;115;6,8;2,7;
2026/02/17;2300 UTC;0;989,7;989,7;989,1;;24,2;20,4;24,9;24,2;20,4;19,4;79;72;79;97;5,3;1,6;
2026/02/18;0000 UTC;0;990,3;990,3;989,7;;23,9;23,7;24,2;23,9;23,7;20,4;99;79;99;126;4,9;2,4;
2026/02/18;0100 UTC;0;990,5;990,5;990,2;;23,9;;24;23,9;;;;;;100;5,2;1,3;
2026/02/18;0200 UTC;0;990,3;990,6;990,2;;23,6;;24;23,5;;;;;;110;4,3;,7;
2026/02/18;0300 UTC;0;989,8;990,3;989,8;;23,1;;23,6;23,1;;;;;;153;2,9;1,3;
2026/02/18;0400 UTC;0;989,3;989,8;989,3;;22,8;;23,1;22,8;;;;;;198;2;,9;
2026/02/18;0500 UTC;0;988,8;989,3;988,8;;22,5;;22,8;22,4;;;;;;205;1,3;,6;
2026/02/18;0600 UTC;0;988,7;988,8;988,6;;22,3;;22,6;22,3;;;;;;237;1,5;1;
2026/02/18;0700 UTC;0;988,8;;;;22,3;;;;;;;;;187;;,8;
2026/02/18;0800 UTC;;;;;;;;;;;;;;;;;;
2026/02/18;0900 UTC;0;989,5;;;24,4;22,2;;;;;;;;;5;;,9;
2026/02/18;1000 UTC;0;990,3;990,3;989,5;380,9;23,2;;23,4;22,2;;;;;;232;2,3;1,4;
2026/02/18;1100 UTC;0;990,8;990,8;990,3;863,5;25;;25;23,2;;;;;;216;2,6;1,4;
2026/02/18;1200 UTC;0;990,7;991;990,7;1976;29;20,6;29,3;25;;;;;60;49;4,1;2,1;
2026/02/18;1300 UTC;0;990,4;990,7;990,4;2355,5;29,3;19,4;30,3;28,1;21;18,3;63;51;55;83;5,1;2;
2026/02/18;1400 UTC;0;990,2;990,5;990,1;2388;30,4;18,5;30,7;29,3;20,2;18,3;56;48;49;43;6,4;1,2;
2026/02/18;1500 UTC;0;989,4;990,2;989,4;3354,5;32,4;18,6;33,2;29,8;20,5;17,5;52;42;44;82;4,9;1,6;
2026/02/18;1600 UTC;0;988,4;989,4;988,4;3507,1;30,9;19,3;33;30,6;20,1;17,5;52;42;50;81;9,2;3,2;
2026/02/18;1700 UTC;0;987,6;988,4;987,6;2142,8;30,7;18,3;31,4;30,4;19,8;18,3;52;47;48;88;8,3;3,4;
2026/02/18;1800 UTC;0;987,6;987,6;987,2;1230,8;29,2;19,4;30,7;29,2;19,6;17,7;56;47;56;83;7,9;4,1;
2026/02/18;1900 UTC;0;987,3;987,6;987,1;768,8;28,3;19,9;29,6;28,3;19,9;19,1;60;54;60;67;9,2;3,9;
2026/02/18;2000 UTC;0;987,3;987,3;986,8;203,5;27,3;19,6;28,3;27,2;20,3;19,5;65;60;63;80;8,5;3,4;
2026/02/18;2100 UTC;0;987,3;987,5;987,2;100,5;26,1;20,1;27,3;26,1;20,1;19,5;70;63;70;61;8,6;4,2;
2026/02/18;2200 UTC;0;988,1;988,1;987,3;;25,7;20,5;26,1;25,7;20,5;20,1;73;70;73;70;6,6;2,1;
2026/02/18;2300 UTC;0;988,7;988,8;988,1;;25,1;20,9;25,7;25,1;21;20,5;78;73;78;51;5,1;3;
2026/02/19;0000 UTC;0;989;989;988,6;;24,9;23,6;25,1;24,8;23,6;21;92;78;92;55;5,2;2,6;
2026/02/19;0100 UTC;0;989,5;989,5;989;;24,6;24,6;24,9;24,6;24,7;23,5;100;92;100;47;5,3;2,4;
2026/02/19;0200 UTC;0;988,8;989,6;988,8;;24,4;;24,6;24,4;;;;;;47;4,2;2,5;
2026/02/19;0300 UTC;0;988,1;988,8;988,1;;24,2;;24,4;24,2;;;;;;28;4,1;1,5;
2026/02/19;0400 UTC;;;;;;;;;;;;;;;;;;
2026/02/19;0500 UTC;;;;;;;;;;;;;;;;;;
2026/02/19;0600 UTC;;;;;;;;;;;;;;;;;;
2026/02/19;0700 UTC;;;;;;;;;;;;;;;;;;
2026/02/19;0800 UTC;;;;;;;;;;;;;;;;;;
2026/02/19;0900 UTC;0;987,9;;;25,3;23,7;;;;;;;;;3;;,7;
2026/02/19;1000 UTC;0;988,4;988,5;987,9;322,2;24,7;;24,7;23,7;;;;;;103;1,8;,9;
2026/02/19;1100 UTC;0;989,3;989,3;988,4;1130,4;27,4;23,2;27,8;24,7;;;;;78;32;5,6;2,2;
2026/02/19;1200 UTC;0;989,4;989,5;989,3;1978,9;29,7;20;30,5;27,4;23,8;19,1;80;53;56;48;6;2,5;
2026/02/19;1300 UTC;0;989,1;989,4;989,1;2250,5;31,6;20,9;31,7;28,6;21,4;19,2;61;50;53;7;5,3;2,5;
2026/02/19;1400 UTC;0;988,5;989,1;988,5;2083,2;31,3;19,2;32,3;30,1;20,5;18;54;46;49;63;5,1;1,4;
2026/02/19;1500 UTC;24,6;988,5;988,5;988;1246,3;24,8;;33,1;24,5;24,6;18;100;42;;57;8,8;4,5;
2026/02/19;1600 UTC;3;987,4;988,7;987,4;845,2;24,4;;24,9;23,4;;;;;;61;8;3;
2026/02/19;1700 UTC;,2;987,1;987,6;987;472,5;25,4;25,4;25,4;24,4;;;;;100;83;5,5;2;
2026/02/19;1800 UTC;0;986,8;987,3;986,7;1358,3;26,9;25,8;26,9;25,4;;;;;94;67;6,9;4;
2026/02/19;1900 UTC;0;986,5;986,8;986,4;784,1;26,7;25;27,3;26,6;26,6;24,3;96;85;91;58;6,9;4,5;
2026/02/19;2000 UTC;0;985,9;986,7;985,9;437;26,6;24,8;26,8;26,4;25,2;24,5;91;89;90;61;7,9;4,3;
2026/02/19;2100 UTC;0;986,9;986,9;986;178,1;25,7;25,3;26,6;25,7;25,3;24,6;98;89;98;57;7,7;2,9;
2026/02/19;2200 UTC;0;987,1;987,2;986,9;;25,1;;25,7;25,1;;;;;;52;5,4;3,1;
2026/02/19;2300 UTC;0;987,8;987,8;987,1;;24,9;;25,1;24,9;;;;;;39;5,3;2,2;
2026/02/20;0000 UTC;;;;;;;;;;;;;;;;;;
2026/02/20;0100 UTC;;;;;;;;;;;;;;;;;;
2026/02/20;0200 UTC;;;;;;;;;;;;;;;;;;
2026/02/20;0300 UTC;;;;;;;;;;;;;;;;;;
2026/02/20;0400 UTC;;;;;;;;;;;;;;;;;;
2026/02/20;0500 UTC;;;;;;;;;;;;;;;;;;
2026/02/20;0600 UTC;;;;;;;;;;;;;;;;;;
2026/02/20;0700 UTC;;;;;;;;;;;;;;;;;;
2026/02/20;0800 UTC;;;;;;;;;;;;;;;;;;
2026/02/20;0900 UTC;0;988,1;;;22,8;23,8;;;;;;;;;17;;1,3;
2026/02/20;1000 UTC;0;988,6;988,6;988,1;390,4;25,3;;25,3;23,8;;;;;;39;4,8;2,1;
2026/02/20;1100 UTC;0;988,8;988,9;988,6;1063,6;27,7;22,1;27,7;25,2;;;;;72;26;6,9;3,1;
2026/02/20;1200 UTC;0;989,4;989,4;988,8;1402;29,5;21,3;29,5;27,2;23,3;20,4;78;60;61;40;7,6;3,8;
2026/02/20;1300 UTC;0;989,5;989,6;989,4;2870,9;29,7;19,5;32,1;29,5;22,3;18,8;61;47;54;45;6,4;3,1;
2026/02/20;1400 UTC;0;988,7;989,5;988,7;3289,2;31,9;20,1;32,9;29,6;21,1;18,8;58;45;50;21;6,3;3,1;
2026/02/20;1500 UTC;0;987,4;988,7;987,4;3578,3;33,4;18,2;33,6;31,4;20,1;17,4;50;41;41;26;6,4;2,6;
2026/02/20;1600 UTC;0;986,5;987,4;986,5;3166,6;30,8;18,9;34,8;30,8;20,1;17,1;49;37;49;129;8,4;4,4;
2026/02/20;1700 UTC;0;985,6;986,5;985,6;2829,9;31,1;18,9;31,9;30,5;20;18,4;52;45;48;84;9,1;3,9;
2026/02/20;1800 UTC;0;985,2;985,9;985,2;892,8;29,4;18,7;31,1;29,4;18,9;18,1;53;48;52;91;9,6;3,5;
2026/02/20;1900 UTC;0;985,9;985,9;985,1;558,1;28,4;19,4;29,4;28,4;19,7;18,2;58;51;58;101;7,6;2,5;
2026/02/20;2000 UTC;0;987,1;987,2;985,9;38,7;27,2;19,6;28,4;27,2;19,6;19;63;58;63;104;6,2;1,1;
2026/02/20;2100 UTC;2,2;988,4;988,4;987,1;;22,4;19;27,2;22,3;20,8;18,7;81;63;81;271;6,6;2;
2026/02/20;2200 UTC;1,6;989,1;989,1;988,3;;22,1;;22,5;22;22,3;19,3;100;81;;332;4,9;2,2;
2026/02/20;2300 UTC;;;;;;;;;;;;;;;;;;
2026/02/21;0000 UTC;;;;;;;;;;;;;;;;;;
2026/02/21;0100 UTC;;;;;;;;;;;;;;;;;;
2026/02/21;0200 UTC;;;;;;;;;;;;;;;;;;
2026/02/21;0300 UTC;;;;;;;;;;;;;;;;;;
2026/02/21;0400 UTC;;;;;;;;;;;;;;;;;;
2026/02/21;0500 UTC;;;;;;;;;;;;;;;;;;
2026/02/21;0600 UTC;;;;;;;;;;;;;;;;;;
2026/02/21;0700 UTC;;;;;;;;;;;;;;;;;;
2026/02/21;0800 UTC;;;;;;;;;;;;;;;;;;
2026/02/21;0900 UTC;0;989,1;;;19,9;23;;;;;;;;;231;;,8;
2026/02/21;1000 UTC;0;989,7;989,7;989,1;181,5;23,5;;23,5;23;;;;;;236;2;1,2;
2026/02/21;1100 UTC;0;990,4;990,4;989,6;636,4;24,4;;24,4;23,5;;;;;;210;2,5;1,5;
2026/02/21;1200 UTC;0;990,5;990,6;990,3;1269,4;27,1;26,8;27,3;24,2;;;;;99;18;2,6;1,5;
2026/02/21;1300 UTC;0;990,3;990,5;990,3;1520,2;28,5;21,8;29,1;27,1;27,2;21;100;64;67;19;4;1,1;
2026/02/21;1400 UTC;0;990;990,3;990;2569,2;30,5;20,1;31,7;28,3;22,5;20;70;52;54;11;5,3;2;
2026/02/21;1500 UTC;0;989,2;990;989,2;2648,1;31,7;19,1;32,2;29,7;21,2;18,3;59;46;48;70;5,1;2;
2026/02/21;1600 UTC;0;988,5;989,2;988,5;742,1;26;20,3;31,6;26;20,3;17,9;71;47;71;229;6,6;2,6;
2026/02/21;1700 UTC;0;987,8;988,5;987,8;1004,9;27,9;24,2;27,9;24,8;25,4;20,3;94;71;80;136;6,6;1,9;
2026/02/21;1800 UTC;0;987,5;987,8;987,2;2338,4;28,1;20;30;27,5;22,6;19,8;80;58;62;125;7,1;4,2;
2026/02/21;1900 UTC;0;988,1;988,1;987,4;339,5;26,8;21,7;28,1;26,8;21,7;19,8;74;62;74;146;7,1;2,9;
2026/02/21;2000 UTC;,4;988,8;988,8;988,1;52,5;24,9;24,9;26,8;24,9;25;21,6;100;74;100;150;7,1;3,8;
2026/02/21;2100 UTC;,8;990,8;990,8;988,8;3,9;24,7;;25;24,5;;;;;;272;6,5;1;
2026/02/21;2200 UTC;3,6;990,5;990,8;990,2;0;20,9;;24,7;20,8;;;;;;7;9;2,7;
2026/02/21;2300 UTC;3,8;989,8;990,5;989,7;;23;;23;20,9;;;;;;93;5,5;1,1;
2026/02/22;0000 UTC;1,8;989,8;989,8;989,6;;23,2;;23,2;22,8;;;;;;82;3;,8;
2026/02/22;0100 UTC;,2;990;990;989,5;;23,3;;23,6;23,2;;;;;;142;4,5;1,6;
2026/02/22;0200 UTC;;;;;;;;;;;;;;;;;;
2026/02/22;0300 UTC;;;;;;;;;;;;;;;;;;
2026/02/22;0400 UTC;;;;;;;;;;;;;;;;;;
2026/02/22;0500 UTC;;;;;;;;;;;;;;;;;;
2026/02/22;0600 UTC;;;;;;;;;;;;;;;;;;
2026/02/22;0700 UTC;;;;;;;;;;;;;;;;;;
2026/02/22;0800 UTC;;;;;;;;;;;;;;;;;;
2026/02/22;0900 UTC;0;988,9;;;29,5;22,5;;;;;;;;;312;;,4;
2026/02/22;1000 UTC;0;989,3;989,3;988,8;358,6;23,7;;24;22,5;;;;;;3;1,9;,7;
2026/02/22;1100 UTC;0;989,6;989,6;989,2;1108,5;26,3;;26,3;23,6;;;;;;38;5;2,4;
2026/02/22;1200 UTC;0;989,9;990;989,6;2187,5;29,2;21,4;29,4;26,3;26,9;21,2;100;63;63;42;6,1;3;
2026/02/22;1300 UTC;0;989,7;989,9;989,6;2685,7;29,7;20,3;31,1;28,9;22,6;19,5;66;53;57;52;7,6;3,5;
2026/02/22;1400 UTC;0;989,6;989,7;989,6;2159,1;29,1;20,1;31,9;28,9;21,6;18,8;60;50;58;60;6,4;3,1;
2026/02/22;1500 UTC;0;989,1;989,7;989,1;3026,8;32,3;19,1;33,1;29;20,8;18,1;60;43;46;55;6,5;2,2;
2026/02/22;1600 UTC;0;988,1;989,1;988,1;3684,8;31,6;18,5;33,5;31,5;20,8;17,6;49;41;46;76;5,8;2,8;
2026/02/22;1700 UTC;0;987,2;988,1;987,2;2705,3;31,2;19,2;33,8;31,1;20,3;17,4;49;40;49;68;7,1;3,4;
2026/02/22;1800 UTC;0;986,4;987,2;986,4;1922,5;30,6;18,6;32,7;30,6;20,6;18;53;44;49;62;8,2;4,2;
2026/02/22;1900 UTC;0;986,3;986,4;986,2;1120,3;29,2;18,4;32,2;29,2;19,4;17,7;52;44;52;82;8,6;3;
2026/02/22;2000 UTC;0;986,2;986,5;986,2;388,9;28;18,8;29,2;28;19,4;18,3;58;52;57;70;8,4;4,1;
2026/02/22;2100 UTC;0;986,7;986,7;986,2;89,4;26,8;19;28;26,8;19;18,5;63;57;62;66;8,4;4,5;
2026/02/22;2200 UTC;0;987,1;987,2;986,7;;25,8;20;26,8;25,8;20;19;70;62;70;62;8,3;4,3;
2026/02/22;2300 UTC;0;988,1;988,1;987,1;;25,3;20,9;25,8;25,3;20,9;20;77;70;77;57;7,1;2,7;
2026/02/23;0000 UTC;0;989;989;988,1;;25,1;21,3;25,3;25,1;21,3;20,9;79;77;79;67;4,6;2;
2026/02/23;0100 UTC;0;989;989,1;988,9;;25;22,9;25,1;25;22,9;21,3;88;79;88;72;4,5;2,2;
2026/02/23;0200 UTC;;;;;;;;;;;;;;;;;;
2026/02/23;0300 UTC;;;;;;;;;;;;;;;;;;
2026/02/23;0400 UTC;;;;;;;;;;;;;;;;;;
2026/02/23;0500 UTC;;;;;;;;;;;;;;;;;;
2026/02/23;0600 UTC;;;;;;;;;;;;;;;;;;
2026/02/23;0700 UTC;;;;;;;;;;;;;;;;;;
2026/02/23;0800 UTC;;;;;;;;;;;;;;;;;;
2026/02/23;0900 UTC;0;987,9;;;28,2;23,5;;;;;;;;;22;;1,2;
2026/02/23;1000 UTC;0;988,3;988,3;987,9;362,8;25,5;;25,5;23,5;;;;;;35;4;2;
2026/02/23;1100 UTC;0;989;989;988,3;1365,2;28,7;20,2;28,7;25,5;26,5;19,8;100;60;60;49;7,6;4,4;
2026/02/23;1200 UTC;0;989,1;989,2;989;1821,5;29,2;19,6;29,8;28,6;20,2;18,5;60;52;56;50;8,2;4,4;
2026/02/23;1300 UTC;0;989;989,2;989;2052;30,8;18,2;31;29,2;20,3;17,4;56;47;47;41;8,2;2,8;
2026/02/23;1400 UTC;0;988,7;989,1;988,7;1807,5;31,6;17,4;31,7;29,1;18,7;16,8;51;43;43;17;5,9;2;
2026/02/23;1500 UTC;0;988;988,7;988;1946,6;30,9;16,5;31,7;30,2;18,3;15,5;48;40;42;85;5,3;1,3;
2026/02/23;1600 UTC;0;987;988;987;1906,5;31,1;15,7;31,7;30,4;18,3;15,2;45;38;39;70;4,8;2,4;
2026/02/23;1700 UTC;0;986,1;987;986,1;1707,1;31,3;16,8;31,9;30,8;18;15,7;45;38;42;69;4,3;1,9;
2026/02/23;1800 UTC;0;985,5;986,1;985,5;1624,1;30,6;19;31,9;30,6;19;15,7;50;39;50;82;6,3;2,8;
2026/02/23;1900 UTC;0;984,9;985,5;984,9;1345,3;30,9;19,3;31,4;30,3;19,8;18,5;52;48;50;85;6,3;2,9;
2026/02/23;2000 UTC;0;984,9;985;984,8;1053,4;29,3;19,2;31,4;29,1;19,7;18,9;56;49;55;86;7,6;3,5;
2026/02/23;2100 UTC;0;985,6;985,6;984,9;210,2;27,2;19,7;29,3;27,2;19,7;18,8;63;54;63;77;7,6;3,3;
2026/02/23;2200 UTC;0;986,5;986,5;985,6;;26;20,8;27,2;26;20,8;19,7;73;63;73;69;5,7;3,1;
2026/02/23;2300 UTC;0;987,3;987,3;986,5;;25,4;23,4;26;25,4;23,4;20,8;89;73;89;61;6,3;3,1;
2026/02/24;0000 UTC;0;988;988;987,3;;24,8;;25,4;24,8;25,1;23,4;100;89;;59;5,1;2;
2026/02/24;0100 UTC;0;988,3;988,4;988;;25;;25,1;24,8;;;;;;79;4,8;2,7;
2026/02/24;0200 UTC;0;988,3;988,4;988,2;;24,3;;25;24,3;;;;;;51;5,2;2,5;
2026/02/24;0300 UTC;0;987,7;988,3;987,7;;24;;24,4;24;;;;;;47;4,1;2;
2026/02/24;0400 UTC;;;;;;;;;;;;;;;;;;
2026/02/24;0500 UTC;;;;;;;;;;;;;;;;;;
2026/02/24;0600 UTC;;;;;;;;;;;;;;;;;;
2026/02/24;0700 UTC;;;;;;;;;;;;;;;;;;
2026/02/24;0800 UTC;;;;;;;;;;;;;;;;;;
2026/02/24;0900 UTC;0;987,4;;;34,4;23,6;;;;;;;;;25;;1,4;
2026/02/24;1000 UTC;0;987,7;987,7;987,3;398,1;24,9;;25;23,6;;;;;;38;4,5;1,9;
2026/02/24;1100 UTC;0;988,4;988,4;987,7;988,3;27;26,9;27,1;24,7;;;;;100;43;6,3;3,4;
2026/02/24;1200 UTC;0;988,8;988,8;988,4;1380,1;28,6;21,7;29;27;26,5;21,5;100;65;66;31;7,4;3;
2026/02/24;1300 UTC;0;988,6;988,8;988,6;2066,5;29,3;20;30,7;28,5;22,4;19,3;68;55;57;3;6,3;2,9;
2026/02/24;1400 UTC;0;988;988,6;988;2355;31,9;19,3;31,9;29,3;21,4;17,7;57;46;47;32;6,1;2,3;
2026/02/24;1500 UTC;0;986,7;988;986,7;3150,3;32,2;18,1;33,8;30,5;19,7;17;50;39;43;10;6,1;2,3;
2026/02/24;1600 UTC;0;985,4;986,7;985,4;2330,2;33,2;19,4;33,9;31,2;19,8;16,1;48;36;44;70;5,4;1,2;
2026/02/24;1700 UTC;0;984,5;985,4;984,5;2655,2;32,9;16,5;34;32,5;18,9;15,8;44;35;38;106;5,7;1,6;
2026/02/24;1800 UTC;0;983,8;984,5;983,8;1588,4;31,9;20,3;33;31,5;20,6;16,8;52;38;51;81;6,5;3,5;
2026/02/24;1900 UTC;0;983,8;983,8;983,6;1485,8;30,3;20,3;31,9;30,2;21;20;55;50;55;81;8;3,9;
2026/02/24;2000 UTC;0;984,1;984,1;983,8;777,4;29,3;19,8;30,5;29;20,6;19,6;59;54;57;72;7,5;3,8;
2026/02/24;2100 UTC;0;984,6;984,7;984;214,6;27,4;19,7;29,3;27,4;19,9;19,4;63;56;63;74;8,2;3,6;
2026/02/24;2200 UTC;0;985,3;985,3;984,6;;26,1;20,7;27,4;26,1;20,7;19,7;72;63;72;68;7;3,5;
2026/02/24;2300 UTC;0;985,6;985,6;985,3;;25,4;21,3;26,1;25,4;21,3;20,7;78;72;78;64;6,8;3,7;
2026/02/25;0000 UTC;0;986,3;986,3;985,6;;25;25;25,4;25;25;21,3;100;78;100;62;5,9;3,1;
2026/02/25;0100 UTC;0;986,8;986,8;986,2;;24,6;;25;24,5;;;;;;35;5,5;1,5;
2026/02/25;0200 UTC;0;986,4;986,9;986,4;;24,4;;24,6;24,3;;;;;;39;4,1;2,5;
2026/02/25;0300 UTC;0;986,1;986,4;986;;24,2;;24,4;24,2;;;;;;54;4,5;2,1;
2026/02/25;0400 UTC;0;985,8;986,1;985,7;;24,2;;24,2;24,1;;;;;;46;4,1;1,9;
2026/02/25;0500 UTC;;;;;;;;;;;;;;;;;;
2026/02/25;0600 UTC;;;;;;;;;;;;;;;;;;
2026/02/25;0700 UTC;;;;;;;;;;;;;;;;;;
2026/02/25;0800 UTC;;;;;;;;;;;;;;;;;;
2026/02/25;0900 UTC;0;986,2;;;23,6;23,4;;;;;;;;;25;;1,5;
2026/02/25;1000 UTC;0;986,7;986,7;986,2;450,3;25,4;;25,4;23,4;;;;;;20;4,6;2,6;
2026/02/25;1100 UTC;0;986,9;986,9;986,7;1260;28;20,7;28,1;25,4;26,5;20,7;100;64;64;20;7,7;4,2;
2026/02/25;1200 UTC;0;987,2;987,2;986,9;1984,9;30,7;19,1;31;28;21,4;19,1;66;50;50;36;7,7;2,8;
2026/02/25;1300 UTC;0;986,8;987,2;986,7;2928,1;31,9;18,2;33,1;30,4;20,2;17,9;52;43;44;42;6,3;2,7;
2026/02/25;1400 UTC;0;986,3;986,8;986,3;3274;33,2;18;33,6;31,7;19,4;17,3;47;38;40;44;8;2,9;
2026/02/25;1500 UTC;0;985,4;986,3;985,4;3755,7;34;16,2;34,3;32,2;18,8;15,4;41;34;35;238;6,8;1,6;
2026/02/25;1600 UTC;0;984,2;985,4;984,2;2007,4;32,3;17,9;34,3;32;18,5;16;43;35;42;1;4,6;1,8;
2026/02/25;1700 UTC;0;983,8;984,2;983,8;1234,3;32,2;18,1;32,7;31,7;18,3;16,4;44;38;43;322;3,8;1,1;
2026/02/25;1800 UTC;0;983;983,9;983;1644,8;32,6;18,5;33,8;31,5;19;16,1;45;36;43;91;6,3;3;
2026/02/25;1900 UTC;0;982,9;983;982,8;1652,3;31,2;19,2;32,7;31;19,3;18,4;49;43;49;71;7,6;4;
2026/02/25;2000 UTC;0;982,7;982,9;982,6;975,2;29,7;18,7;32,1;29,7;19,6;18,6;52;46;52;69;8,5;4,9;
2026/02/25;2100 UTC;0;983,3;983,4;982,8;84,2;27,8;19,6;29,7;27,8;19,6;18,7;61;52;61;66;8,5;4,4;
2026/02/25;2200 UTC;0;984,6;984,6;983,3;;26,8;20,7;27,8;26,8;20,8;19,7;70;61;70;58;7,8;3,7;
2026/02/25;2300 UTC;0;986,2;986,2;984,6;;26,6;21,3;26,8;26,3;21,4;20,7;73;70;73;208;6,6;1,9;
2026/02/26;0000 UTC;,8;986,9;986,9;986,2;;23,8;20;26,6;23,8;21,3;19,2;79;68;79;229;5,3;2,9;
2026/02/26;0100 UTC;0;987,1;987,1;986,9;2,3;23,5;19,5;23,7;23,3;21,5;19,4;88;78;78;189;4,7;,7;
2026/02/26;0200 UTC;0;986,8;987,1;986,7;2,8;24,1;19,2;24,1;23,5;19,6;19,2;79;74;74;146;3;1,2;
2026/02/26;0300 UTC;0;986;986,8;986;;23,5;21,6;24,2;23,5;21,6;19,1;89;74;89;214;2;,9;
2026/02/26;0400 UTC;,2;985;986;985;;23,4;22,3;23,6;23,3;22,5;21;94;86;94;174;2,5;1,4;
2026/02/26;0500 UTC;,2;984,8;985,2;984,8;;23,1;;23,4;23,1;;;;;;57;3,5;1,6;
2026/02/26;0600 UTC;0;985,2;985,2;984,7;;22,8;;23,2;22,8;;;;;;39;3,4;1,5;
2026/02/26;0700 UTC;0;985,1;;;;22,3;;;;;;;;;28;;1,4;
2026/02/26;0800 UTC;;;;;;;;;;;;;;;;;;
2026/02/26;0900 UTC;,2;985,9;;;5,5;22,7;;;;;;;;;333;;1,3;
2026/02/26;1000 UTC;0;986,7;986,7;985,9;74,6;23,3;;23,4;22,7;;;;;;246;2,6;,6;
2026/02/26;1100 UTC;0;987,5;987,5;986,7;294;24,2;;24,3;23,2;;;;;;14;3,4;1,6;
2026/02/26;1200 UTC;0;987,9;987,9;987,5;847,6;26,1;25,9;26,4;24,2;;;;;98;342;3,9;1,9;
2026/02/26;1300 UTC;0;987,8;987,9;987,8;1763,2;27,8;22,3;28,2;26;26;21,1;99;67;72;343;3,9;1,7;
2026/02/26;1400 UTC;0;987,6;987,9;987,6;1227,8;28,1;21,2;28,5;27,4;23,1;20,6;74;64;66;258;3,4;1,1;
2026/02/26;1500 UTC;0;986,8;987,6;986,8;1394,9;29,7;22;29,7;27,9;22,2;20,6;68;63;64;31;2,2;,9;
2026/02/26;1600 UTC;0;986;986,8;986;1668,7;30,1;22;30,3;29,3;22,3;20,8;64;59;62;71;3,9;1,9;
2026/02/26;1700 UTC;0;985,2;986;985,2;1728,8;30,2;20;31,8;30,1;22,6;19,5;62;51;54;47;5,9;2,6;
2026/02/26;1800 UTC;0;984,1;985,2;984;2616,8;32,5;20;33;30,1;21,5;19,1;57;45;48;64;6,7;3,2;
2026/02/26;1900 UTC;0;983,8;984,1;983,7;1407,2;32,3;20,2;32,5;31,3;20,9;18,7;53;46;49;46;7,7;3,3;
2026/02/26;2000 UTC;0;984,3;984,3;983,6;834,5;29,7;19,4;32,6;29,7;20,7;19,1;54;47;54;30;7;2,5;
2026/02/26;2100 UTC;0;985;985;984,3;59,7;27,8;22;29,7;27,8;22;19,2;71;54;71;66;5,9;3,3;
2026/02/26;2200 UTC;0;986,3;986,3;985;;26,9;22,5;27,8;26,9;22,5;22;77;71;77;71;5,6;2,5;
2026/02/26;2300 UTC;0;987,1;987,1;986,3;;26,4;23,5;26,9;26,4;23,6;22,5;84;77;84;88;4,5;1,8;
2026/02/27;0000 UTC;0;987,6;987,6;987,1;;25,8;;26,4;25,8;26,1;23,6;100;84;;58;4,8;3;
2026/02/27;0100 UTC;,2;988,2;988,2;987,5;;25,5;;25,8;25,5;;;;;;314;4,6;1,9;
2026/02/27;0200 UTC;0;987,4;988,3;987,4;;24,5;;25,5;24,1;;;;;;318;3,8;1,4;
2026/02/27;0300 UTC;;;;;;;;;;;;;;;;;;
2026/02/27;0400 UTC;;;;;;;;;;;;;;;;;;
2026/02/27;0500 UTC;;;;;;;;;;;;;;;;;;
2026/02/27;0600 UTC;;;;;;;;;;;;;;;;;;
2026/02/27;0700 UTC;;;;;;;;;;;;;;;;;;
2026/02/27;0800 UTC;;;;;;;;;;;;;;;;;;
2026/02/27;0900 UTC;0;985,6;;;25,2;23,8;;;;;;;;;6;;1,2;
2026/02/27;1000 UTC;0;986,4;986,4;985,6;291,4;24,6;;24,6;23,8;;;;;;349;2,8;1,5;
2026/02/27;1100 UTC;0;986,9;986,9;986,4;893,4;26,8;;26,8;24,6;;;;;;360;4,6;1,8;
2026/02/27;1200 UTC;0;986,9;987,1;986,9;1835,3;29,3;22,2;29,3;26,8;27,3;22;100;66;66;350;5,1;2,4;
2026/02/27;1300 UTC;0;986,7;987;986,7;1844,2;30;20,3;30;29;22,7;19,8;67;56;56;353;6,8;3,1;
2026/02/27;1400 UTC;0;986,6;986,8;986,6;2742,8;32,3;19,6;32,5;29,9;21,1;19;57;47;47;358;8,1;2,5;
2026/02/27;1500 UTC;0;985,9;986,6;985,9;2668,5;31,8;19,1;32,5;31;19,9;18,3;50;45;47;339;6,4;2,7;
2026/02/27;1600 UTC;0;984,9;985,9;984,9;2520,6;32,4;19,3;33;31,7;20,7;18,3;49;43;46;324;7;2,4;
2026/02/27;1700 UTC;0;983,8;984,9;983,8;2088;32,5;19,4;33,8;32;20,9;17,8;48;41;46;297;6,4;2,1;
2026/02/27;1800 UTC;0;982,9;983,8;982,9;1850,4;32,8;18,9;33,2;32,1;19,8;17,8;46;42;44;330;5,4;1,7;
2026/02/27;1900 UTC;0;982,7;983;982,7;1274;32,4;18,8;33,5;32,2;20;17,5;46;41;45;348;4,3;1,7;
2026/02/27;2000 UTC;4,4;983,3;983,3;982,7;401,6;28,3;22,2;32,4;27,4;22,8;18,3;71;44;70;68;7,5;3,7;
2026/02/27;2100 UTC;0;984,4;984,4;983,3;114,1;27,2;22,1;28,5;27,2;22,5;22;74;69;74;75;8,3;3,9;
2026/02/27;2200 UTC;0;986;986;984,4;1,4;24,5;19,3;27,2;24,5;22,2;18,7;76;68;73;210;7,2;1,3;
2026/02/27;2300 UTC;0;986,7;;;;;;;;;;;;;24;;,7;
2026/02/28;0000 UTC;0;986,7;986,8;986,6;;;;;;;;;;;114;3,1;1,4;
2026/02/28;0100 UTC;;;;;;;;;;;;;;;;;;
2026/02/28;0200 UTC;;;;;;;;;;;;;;;;;;
2026/02/28;0300 UTC;;;;;;;;;;;;;;;;;;
2026/02/28;0400 UTC;;;;;;;;;;;;;;;;;;
2026/02/28;0500 UTC;;;;;;;;;;;;;;;;;;
2026/02/28;0600 UTC;;;;;;;;;;;;;;;;;;
2026/02/28;0700 UTC;;;;;;;;;;;;;;;;;;
2026/02/28;0800 UTC;,4;986;;;;22,7;;;;;;;;;337;;2,4;
2026/02/28;0900 UTC;1,2;986,6;986,6;986;3,9;22,6;;22,8;22,5;;;;;;3;5,5;1,5;
2026/02/28;1000 UTC;0;987,3;987,3;986,6;88,7;23;;23;22,6;;;;;;9;3,2;1,6;
2026/02/28;1100 UTC;0;987,9;987,9;987,3;371,7;23,4;;23,6;22,9;;;;;;358;3,5;1,7;
2026/02/28;1200 UTC;0;988,4;988,4;987,9;728,5;24,9;;25;23,4;;;;;;286;3,5;1,3;
2026/02/28;1300 UTC;0;988,3;988,4;988,2;1000,6;26,7;24,3;26,7;24,9;;;;;86;281;6,3;2,5;
2026/02/28;1400 UTC;0;988,1;988,3;988,1;1793,8;28;21;28,1;26,7;24,7;20,7;88;65;66;293;7;2,5;
2026/02/28;1500 UTC;0;987,5;988,1;987,5;2213,6;28,1;20,5;28,9;27,8;21,8;19,8;68;60;63;272;6,8;3,6;
2026/02/28;1600 UTC;0;986,8;987,5;986,8;2340,5;28,2;19,6;29,2;28,1;20,9;19,3;64;58;60;265;6,8;3,1;
2026/02/28;1700 UTC;0;985,4;986,8;985,4;1322,1;27;20,1;28,2;26,8;20,3;19,4;67;59;66;262;7,1;3,2;
2026/02/28;1800 UTC;0;984,6;985,4;984,6;829,8;26,5;19,9;27,1;26,4;20,2;19,4;67;64;67;285;6,3;2,1;
2026/02/28;1900 UTC;0;984,6;984,6;984,5;539,3;26,3;20,3;26,6;26,2;20,5;19,7;70;67;69;279;4,9;1,8;
2026/02/28;2000 UTC;0;985,3;985,3;984,6;250,2;25,8;19,8;26,4;25,8;20,4;19,7;71;69;70;287;4,7;1,7;
2026/02/28;2100 UTC;0;985,8;985,8;985,3;55,3;25,2;20,4;25,8;25,2;20,4;19,8;75;70;75;284;4,3;1;
2026/02/28;2200 UTC;0;986,4;986,4;985,8;;24,8;20,6;25,2;24,8;20,6;20,4;77;75;77;296;2,3;,9;
2026/02/28;2300 UTC;0;986,9;986,9;986,4;;24,6;21,1;24,9;24,6;21,1;20,6;81;77;81;43;2,7;1,6;
2026/03/01;0000 UTC;0;987,5;987,5;986,9;;24,1;;24,6;24,1;24,3;21,2;100;81;;56;4,7;2,7;
2026/03/01;0100 UTC;0;988,1;988,2;987,5;;24;;24,1;24;;;;;;42;4,4;1,6;
2026/03/01;0200 UTC;;;;;;;;;;;;;;;;;;
2026/03/01;0300 UTC;;;;;;;;;;;;;;;;;;
2026/03/01;0400 UTC;;;;;;;;;;;;;;;;;;
2026/03/01;0500 UTC;;;;;;;;;;;;;;;;;;
2026/03/01;0600 UTC;;;;;;;;;;;;;;;;;;
2026/03/01;0700 UTC;;;;;;;;;;;;;;;;;;
2026/03/01;0800 UTC;;;;;;;;;;;;;;;;;;
2026/03/01;0900 UTC;0;986,5;;;18,1;23,6;;;;;;;;;287;;,3;
2026/03/01;1000 UTC;0;987,2;987,2;986,5;274;24,4;;24,4;23,6;;;;;;290;1,8;,7;
2026/03/01;1100 UTC;0;987,9;987,9;987,2;658,9;25,6;;25,6;24,4;;;;;;325;2,9;1,2;
2026/03/01;1200 UTC;0;987,8;987,9;987,8;1104,6;27,5;21,6;27,6;25,4;26,4;21,1;100;69;70;304;3;1,1;
2026/03/01;1300 UTC;0;987,9;987,9;987,7;1421,1;28,1;19,1;28,6;27,3;21,2;19;70;57;58;306;4,6;2,4;
2026/03/01;1400 UTC;0;987,6;987,9;987,6;1971,3;29,3;19,3;29,5;28,1;20,2;18,6;60;53;55;323;5;2,3;
2026/03/01;1500 UTC;0;986,7;987,6;986,7;2050,8;29,9;18,9;30,2;29,1;19,9;18;57;50;52;333;5,3;2,2;
2026/03/01;1600 UTC;0;985,5;986,7;985,5;2382;31;19,6;31,9;29,7;20,8;18,3;53;46;51;20;5,6;1,9;
2026/03/01;1700 UTC;0;984,6;985,5;984,6;1728,1;31,1;20,2;31,8;30,3;21,4;19,7;56;50;53;37;4,8;2,1;
2026/03/01;1800 UTC;0;984;984,6;984;1436,1;31,3;20,6;31,6;30,3;21,2;19;56;49;53;37;5,2;2;
2026/03/01;1900 UTC;0;983,7;984;983,7;1109,4;31,1;19,9;31,4;30,7;20,9;19,5;55;50;52;42;5;2,4;
2026/03/01;2000 UTC;0;983,9;983,9;983,7;649,3;29,6;20,1;31,1;29,6;20,4;19,5;57;51;57;57;5,7;2,9;
2026/03/01;2100 UTC;0;984,9;984,9;983,9;102,1;27,2;21,2;29,6;27,2;21,2;19,7;70;56;70;58;7,8;4,6;
2026/03/01;2200 UTC;0;985,1;985,1;984,8;;25,7;21,3;27,2;25,7;21,3;21,1;76;70;76;62;8,2;3,9;
2026/03/01;2300 UTC;0;985,7;985,7;985,1;;25;25;25,7;25;25;21,3;100;76;100;47;6,5;3,2;
2026/03/02;0000 UTC;;;;;;;;;;;;;;;;;;
2026/03/02;0100 UTC;;;;;;;;;;;;;;;;;;
2026/03/02;0200 UTC;;;;;;;;;;;;;;;;;;
2026/03/02;0300 UTC;;;;;;;;;;;;;;;;;;
2026/03/02;0400 UTC;;;;;;;;;;;;;;;;;;
2026/03/02;0500 UTC;;;;;;;;;;;;;;;;;;
2026/03/02;0600 UTC;;;;;;;;;;;;;;;;;;
2026/03/02;0700 UTC;;;;;;;;;;;;;;;;;;
2026/03/02;0800 UTC;;;;;;;;;;;;;;;;;;
2026/03/02;0900 UTC;0;986,2;;;13,8;23,9;;;;;;;;;72;;,6;
2026/03/02;1000 UTC;0;986,9;986,9;986,2;276,3;24,9;;24,9;23,9;;;;;;323;2,2;,7;
2026/03/02;1100 UTC;3;987,9;988,1;986,9;317,6;23,8;;25,3;23,7;;;;;;281;4,8;,6;
2026/03/02;1200 UTC;,2;988,2;988,2;987,9;720,3;24,5;;24,6;23,6;;;;;;289;3;1,3;
2026/03/02;1300 UTC;0;988,2;988,6;988,2;837,4;25,6;;25,6;24,3;;;;;;320;3,3;1,6;
2026/03/02;1400 UTC;0;987,8;988,2;987,8;838,8;26,9;24,3;26,9;25,3;26;24;100;85;86;290;2,6;,6;
2026/03/02;1500 UTC;0;986,8;987,8;986,8;1712,4;28,7;22,3;28,8;26,9;25,3;21,2;90;65;68;300;4,4;2,1;
2026/03/02;1600 UTC;0;985,9;986,8;985,9;1768,3;30,3;20,8;30,3;28,5;22,4;19,6;69;55;57;269;5,2;1,6;
2026/03/02;1700 UTC;0;985;985,9;985;1773;29,8;19,5;30,5;29,1;21,1;18,8;58;53;54;285;5,4;1,7;
2026/03/02;1800 UTC;0;984,6;985;984,6;1047,2;29,5;20,3;29,8;29,1;20,3;18,8;58;53;58;252;4,4;1,8;
2026/03/02;1900 UTC;0;984,3;984,6;984,3;639,6;29,1;20;29,5;28,9;20,4;19,4;59;55;58;211;3,4;1,1;
2026/03/02;2000 UTC;0;984,7;984,7;984,2;327,3;28,6;20,7;29,1;28,3;20,8;19,5;63;56;62;191;2,1;,5;
2026/03/02;2100 UTC;0;985,2;985,2;984,7;68,3;27,6;20,6;28,5;27,5;20,8;20;66;62;66;142;2,5;1,5;
2026/03/02;2200 UTC;0;985,9;985,9;985,2;;27,5;19,9;27,6;27,4;20,6;19,7;66;63;64;100;3,4;1,2;
2026/03/02;2300 UTC;0;986,7;986,7;985,9;;25,3;;27,5;25,3;25,5;19,9;100;64;;52;5,2;3,1;
2026/03/03;0000 UTC;0;987,3;987,3;986,7;;24,9;;25,3;24,8;;;;;;49;5,1;2,7;
2026/03/03;0100 UTC;0;987,5;987,6;987,3;;24,9;;24,9;24,8;;;;;;46;4,4;2,7;
2026/03/03;0200 UTC;;;;;;;;;;;;;;;;;;
2026/03/03;0300 UTC;;;;;;;;;;;;;;;;;;
2026/03/03;0400 UTC;;;;;;;;;;;;;;;;;;
2026/03/03;0500 UTC;;;;;;;;;;;;;;;;;;
2026/03/03;0600 UTC;;;;;;;;;;;;;;;;;;
2026/03/03;0700 UTC;;;;;;;;;;;;;;;;;;
2026/03/03;0800 UTC;;;;;;;;;;;;;;;;;;
2026/03/03;0900 UTC;0;986,5;;;26,1;23,9;;;;;;;;;251;;,8;
2026/03/03;1000 UTC;0;987,1;987,2;986,5;505,1;25,1;;25,1;23,9;;;;;;239;1,7;,7;
2026/03/03;1100 UTC;0;987,9;987,9;987,1;1324,2;27,6;21,7;27,8;24,9;;;;;70;294;4,3;1,7;
2026/03/03;1200 UTC;0;988;988;987,9;1305;28,4;21,8;28,6;27,4;22,7;20,9;74;66;68;323;4,5;1;
2026/03/03;1300 UTC;0;987,6;988;987,6;1579,8;29,5;20,4;30;27,7;21,8;20,2;67;58;58;344;4,1;1,4;
2026/03/03;1400 UTC;0;987,4;987,6;987,3;2532,9;31,7;19,8;32,2;29,4;21,9;19,3;61;47;49;35;3,9;1,3;
2026/03/03;1500 UTC;0;986,8;987,4;986,8;1459,8;30,9;19,9;31,7;30,6;21,3;18,8;55;48;52;49;4,5;2,2;
2026/03/03;1600 UTC;0;985,7;986,8;985,7;962,5;29,1;20,9;31,2;28,9;21,5;19,9;62;51;61;156;4,6;1,6;
2026/03/03;1700 UTC;0;984,9;985,7;984,9;1273,7;29,4;21,8;29,9;28,9;22,5;20,9;66;60;64;65;8,2;5,1;
2026/03/03;1800 UTC;0;984,6;984,9;984,5;643,3;28,2;21,1;29,4;28,1;21,9;21;66;63;65;63;8,2;3,3;
2026/03/03;1900 UTC;0;984,4;984,6;983,9;496,4;28,1;21,1;28,4;27,9;21,8;20,8;68;65;66;83;7,4;2,8;
2026/03/03;2000 UTC;0;985,1;985,1;984,4;227,3;27,2;21,4;28,1;27,1;21,6;21;71;66;71;75;6,5;3,4;
2026/03/03;2100 UTC;0;985,9;986;985,1;39,2;26,4;21,4;27,2;26,4;21,4;21,2;74;70;74;67;7;2,9;
2026/03/03;2200 UTC;0;986,6;986,6;985,9;1;26,2;21,9;26,4;26,1;21,9;21,4;78;74;77;78;5,3;1,3;
2026/03/03;2300 UTC;0;987,1;987,1;986,6;2,7;25,8;24;26,2;25,8;24;21,9;90;78;90;56;3,8;2,1;
2026/03/04;0000 UTC;0;987,9;987,9;987,1;,6;25,4;;25,8;25,3;;;;;;77;3,7;1,6;
2026/03/04;0100 UTC;0;988,1;988,2;987,9;2,3;25,2;;25,4;25,2;;;;;;50;4,2;1,6;
2026/03/04;0200 UTC;0;987,7;988,1;987,7;,2;24,8;;25,2;24,8;;;;;;54;3,3;1,5;
2026/03/04;0300 UTC;0;987,4;987,7;987,4;1,3;24,7;;24,8;24,6;;;;;;36;4,8;2,1;
2026/03/04;0400 UTC;0;986,6;987,4;986,6;3,1;24,6;;24,8;24,5;;;;;;51;6;3,1;
2026/03/04;0500 UTC;0;986;986,6;986;1,2;24,3;;24,6;24,2;;;;;;42;6,1;2,3;
2026/03/04;0600 UTC;0;985,7;986;985,7;1,9;24,1;;24,3;24;;;;;;36;5,3;2,4;
2026/03/04;0700 UTC;0;985,9;985,9;985,5;1,4;23,9;;24,1;23,7;;;;;;48;5,8;2,9;
2026/03/04;0800 UTC;0;985,9;986;985,9;,7;23,6;;23,9;23,5;;;;;;36;5,4;2,5;
2026/03/04;0900 UTC;0;986,5;986,5;985,9;36,4;23,7;;23,7;23,4;;;;;;35;5,3;2,4;
2026/03/04;1000 UTC;0;987,2;987,2;986,5;479,1;25,9;;25,9;23,7;;;;;;33;7,3;3,2;
2026/03/04;1100 UTC;0;987,9;987,9;987,2;1024,7;27,3;22;27,3;25,8;25,9;21;100;71;73;31;9,8;4,7;
2026/03/04;1200 UTC;0;988,2;988,2;987,9;1526,9;30,4;22,2;30,8;26,8;22,7;20,3;75;61;62;37;9,3;4,4;
2026/03/04;1300 UTC;0;988,3;988,3;988;1954,4;32,3;22,1;32,5;28,7;23,3;19,6;66;54;55;36;9,3;4,4;
2026/03/04;1400 UTC;0;988,1;988,3;988,1;3069,7;34,2;21,5;34,5;30,5;23,1;19,4;57;46;47;46;8,6;4,3;
2026/03/04;1500 UTC;0;987,5;988,2;987,5;2494,6;34;20,5;35,2;30,7;23;17,9;51;43;45;45;8,6;3,1;
2026/03/04;1600 UTC;0;986,4;987,5;986,4;3060,9;32,7;21,8;35,3;29,7;22,1;17,8;55;40;53;67;10,4;6,3;
2026/03/04;1700 UTC;0;985,6;986,4;985,6;1807,3;30,9;19,3;33;29,6;21,7;18,4;54;48;50;57;10,4;4,9;
2026/03/04;1800 UTC;0;985,1;985,7;985,1;1882,5;31,4;19,2;31,9;29,7;19,6;17,7;52;45;48;57;9,9;5,2;
2026/03/04;1900 UTC;0;985,2;985,2;985,1;1193,5;30,5;18,7;31,4;29,5;19,7;17,9;53;48;49;60;9,9;5,4;
2026/03/04;2000 UTC;0;985,3;985,3;985,2;553,8;28,3;17;30,5;27,9;18,9;15,3;50;45;50;66;9,2;4,6;
2026/03/04;2100 UTC;0;986,2;986,3;985,3;92,6;26,6;18;28,3;26,4;18;16,9;59;50;59;73;8,9;3,4;
2026/03/04;2200 UTC;0;986,8;986,8;986,2;1,5;25,4;19,4;26,6;25,2;19,4;17,8;69;59;69;61;6,9;3,5;
2026/03/04;2300 UTC;0;987,6;987,6;986,8;;24,9;20,3;25,4;24,7;20,3;19,3;76;69;76;65;6,4;3;
2026/03/05;0000 UTC;0;988,5;988,5;987,6;,8;24,2;21,9;24,9;24;21,9;20,1;87;76;87;52;5,4;2,1;
2026/03/05;0100 UTC;0;989;989;988,5;,3;24,1;;24,2;23,7;23,9;22;100;87;;71;3,7;2,4;
2026/03/05;0200 UTC;0;988,5;989;988,5;,9;24,1;;24,2;23,9;;;;;;71;4;2,4;
2026/03/05;0300 UTC;0;988,3;988,5;988,3;1,5;23,5;;24,1;23,2;;;;;;59;3,7;1,3;
2026/03/05;0400 UTC;0;987,7;988,3;987,7;2,8;23,2;;23,5;22,9;;;;;;52;2,8;1,9;
2026/03/05;0500 UTC;0;987,3;987,7;987,3;1,8;23;;23,3;22,8;;;;;;50;3,7;2,1;
2026/03/05;0600 UTC;0;987,2;987,3;987,2;;22,7;;23;22,6;;;;;;49;3,6;2,1;
2026/03/05;0700 UTC;0;987,2;987,3;987,1;,1;22,7;;22,8;22,4;;;;;;63;3,4;2,2;
2026/03/05;0800 UTC;0;987,5;987,6;987,1;,8;21,8;;22,7;21,8;;;;;;255;3,9;,8;
2026/03/05;0900 UTC;0;988,1;988,1;987,5;29,2;22,9;;22,9;21,7;;;;;;41;2;,9;
2026/03/05;1000 UTC;0;988,7;988,7;988,1;382;24,8;;24,9;22,8;;;;;;45;4,6;1,6;
2026/03/05;1100 UTC;0;989,8;989,8;988,7;1160,9;26,6;23,8;26,8;24,2;;;;;85;46;6,7;3,1;
2026/03/05;1200 UTC;0;990;990;989,8;1384,3;29,2;22,5;29,2;26,6;25,1;20,9;90;67;67;64;7;3,9;
2026/03/05;1300 UTC;0;990,1;990,1;989,9;2657,2;30,3;19,1;30,5;28,7;22,5;17,6;67;48;51;54;7,2;3,4;
2026/03/05;1400 UTC;0;989,8;990,1;989,8;2673,3;30,5;18,2;31,6;29,5;19,8;17;52;44;48;57;7,5;4,6;
2026/03/05;1500 UTC;0;989;989,9;989;2852,3;32,2;17,6;32,3;29,9;19,2;16,3;51;40;42;59;7,5;3,8;
2026/03/05;1600 UTC;0;988,1;989;988,1;3559,8;33,2;16,7;33,5;31,5;18,3;14,3;43;32;37;67;7,7;3,3;
2026/03/05;1700 UTC;0;987,5;988,1;987,5;3206,9;32,6;12,4;34,1;32,2;16,9;12,1;38;27;29;81;7,6;3,5;
2026/03/05;1800 UTC;0;986,7;987,5;986,7;2754,7;33,8;13,3;33,9;32,3;14,4;9,4;33;24;29;54;8,7;4,2;
2026/03/05;1900 UTC;0;986,6;986,7;986,5;2005,7;30,8;16,8;33,8;30,5;16,8;13,8;43;29;43;69;9,9;5,4;
2026/03/05;2000 UTC;0;987,1;987,1;986,5;1103,6;28,8;17,7;30,9;28,8;17,7;16,4;51;43;51;71;10;5,2;
2026/03/05;2100 UTC;0;987,5;987,5;987,1;169,3;27;19,4;28,8;26,9;19,4;17,5;63;51;63;85;9,1;3;
2026/03/05;2200 UTC;0;988,7;988,7;987,5;;26,2;20,7;27;26,1;20,7;19,5;72;63;72;83;6,1;2,6;
2026/03/05;2300 UTC;0;989,6;989,6;988,7;;25,8;20,4;26,2;25,7;20,7;20,3;73;72;72;67;6,1;2,9;
2026/03/06;0000 UTC;0;990,4;990,5;989,6;;25,7;20,7;25,9;25,7;20,7;20,4;74;72;74;84;5,9;2,3;
2026/03/06;0100 UTC;1;990,9;991;990,4;;23,9;23,9;25,8;23,9;23,9;20,7;100;74;100;81;8,4;3,6;
2026/03/06;0200 UTC;,6;990,6;991;990,6;,2;23,4;;23,9;23,3;;;;;;70;6,8;2,7;
2026/03/06;0300 UTC;,8;990;990,6;990;1,2;23,2;;23,5;23;;;;;;76;4,4;2,3;
2026/03/06;0400 UTC;0;989,3;990;989,3;1,8;23,3;;23,3;23,1;;;;;;102;4,2;1,2;
2026/03/06;0500 UTC;0;988,9;989,3;988,9;1,3;23,2;;23,3;23,1;;;;;;173;3,3;1,4;
2026/03/06;0600 UTC;0;988,3;988,9;988,2;4,1;23,2;;23,2;23;;;;;;173;2,2;1,5;
2026/03/06;0700 UTC;1,4;988,7;988,7;988,3;4,5;23,3;;23,3;23,1;;;;;;124;4,3;2,3;
2026/03/06;0800 UTC;;;;;;;;;;;;;;;;;;
2026/03/06;0900 UTC;0;989,4;;;22,5;23,2;;;;;;;;;48;;3,1;
2026/03/06;1000 UTC;0;990,5;990,5;989,4;142,8;23,5;;23,5;23,2;;;;;;55;7;3,3;
2026/03/06;1100 UTC;0;991;991;990,4;561,6;23,9;;24,2;23,3;;;;;;62;6,4;2,6;
2026/03/06;1200 UTC;,4;991,3;991,4;991,1;916,7;24,8;;25;23,7;;;;;;54;4,5;1,9;
2026/03/06;1300 UTC;0;990,9;991,2;990,9;2283,6;28,9;23,4;28,9;24,8;;;;;72;51;6,1;2,9;
2026/03/06;1400 UTC;0;990,6;990,9;990,6;2711,6;29,5;20,4;30,9;28;24,9;20,4;77;57;58;49;6,5;3,3;
2026/03/06;1500 UTC;0;989,6;990,6;989,6;3044,3;30,4;19,1;31,3;28,6;23,2;18,9;69;49;51;73;8,2;3,9;
2026/03/06;1600 UTC;,2;988,4;989,6;988,4;3356;31,7;19,1;32,2;30,2;20,5;17,9;54;44;47;66;8,1;4,6;
2026/03/06;1700 UTC;0;987,6;988,4;987,6;3125,6;31,7;18,1;32;30,5;19,4;17;49;42;45;67;9,1;4,3;
2026/03/06;1800 UTC;0;987,2;987,6;987,2;2684;31,2;17,6;32,1;30,7;18,3;15,9;46;40;44;69;8,9;4,7;
2026/03/06;1900 UTC;0;987,1;987,2;987,1;1978,9;30;16,4;31,3;29,9;18,2;16,3;48;41;44;80;10;4,4;
2026/03/06;2000 UTC;0;987,3;987,3;987;1130,4;28,4;17,4;30,2;28,4;17,4;15,8;51;43;51;70;9,1;4,8;
2026/03/06;2100 UTC;0;987,8;987,8;987,3;161,7;26,4;19,3;28,4;26,4;19,3;17,4;65;51;65;82;8,3;3,2;
2026/03/06;2200 UTC;0;988,3;988,3;987,8;;25,3;19,9;26,4;25,3;19,9;19,3;72;65;72;80;6,1;2,3;
2026/03/06;2300 UTC;0;988,8;988,8;988,3;;24,8;20,6;25,3;24,7;20,6;19,9;78;72;78;82;4,9;2,5;
2026/03/07;0000 UTC;0;989;989;988,7;;24,2;22,6;24,8;24,2;22,6;20,6;90;78;90;69;5;2,9;
2026/03/07;0100 UTC;0;989,2;989,2;989;;24;;24,2;23,8;23,9;22,7;100;90;;76;5;1,9;
2026/03/07;0200 UTC;0;988,9;989,2;988,9;;23,7;;24,1;23,4;;;;;;76;3,5;1,7;
2026/03/07;0300 UTC;0;988,9;989;988,8;;23,4;;23,7;23,3;;;;;;73;3;1,3;
2026/03/07;0400 UTC;0;988,4;989;988,4;;24,2;;24,2;23,4;;;;;;99;3,5;1,3;
2026/03/07;0500 UTC;0;988,2;988,4;988,2;;24,2;;24,2;24;;;;;;104;3,9;1,3;
2026/03/07;0600 UTC;;;;;;;;;;;;;;;;;;
2026/03/07;0700 UTC;;;;;;;;;;;;;;;;;;
2026/03/07;0800 UTC;;;;;;;;;;;;;;;;;;
2026/03/07;0900 UTC;0;988,9;;;16,1;22,1;;;;;;;;;228;;1,3;
2026/03/07;1000 UTC;0;989,7;989,7;988,9;271,6;23;;23;22;;;;;;217;2,9;1,1;
2026/03/07;1100 UTC;0;990,1;990,1;989,7;557,9;24;;24;23;;;;;;185;3,6;1,8;
2026/03/07;1200 UTC;,2;990,1;990,4;990,1;1076,1;26;;26;24;;;;;;61;4,3;,5;
2026/03/07;1300 UTC;0;990;990,1;989,9;2378,7;27,7;19,7;29,1;25,8;27,7;19,5;100;59;62;122;4,6;2,1;
2026/03/07;1400 UTC;0;989,4;989,9;989,4;2720,2;30,2;20;30,7;27,6;21,5;17,7;63;51;54;59;5,6;2,8;
2026/03/07;1500 UTC;0;988,6;989,5;988,6;3331,3;29,4;17,9;30,3;28,5;19,7;17,9;57;48;50;151;7;2,6;
2026/03/07;1600 UTC;0;987,5;988,6;987,4;3430;31,9;17,4;32,2;29,2;19,1;16,2;52;42;42;102;7,9;3,6;
2026/03/07;1700 UTC;0;986,7;987,5;986,7;2971,2;31,3;18,3;31,8;30;18,8;16,9;47;42;46;118;7,9;3,3;
2026/03/07;1800 UTC;0;986,4;986,7;986,4;2210,3;30,7;18,2;31,9;30,2;18,2;16,5;48;42;47;84;7,5;3,4;
2026/03/07;1900 UTC;0;986,4;986,4;986,3;1779,9;29,9;17,5;31;29,8;18,5;17;49;45;47;101;8;3,6;
2026/03/07;2000 UTC;0;986,5;986,6;986,3;943,5;28,2;19,2;30,1;28,2;19,4;17,5;58;47;58;91;7,5;2,6;
2026/03/07;2100 UTC;0;986,8;986,8;986,5;95,5;26,5;18,7;28,2;26,5;19,1;18,3;62;56;62;102;7,5;2,4;
2026/03/07;2200 UTC;0;987,3;987,3;986,8;;25,4;19,9;26,5;25,4;19,9;18,7;72;62;72;86;5,9;1,9;
2026/03/07;2300 UTC;0;987,9;987,9;987,3;;25,1;20,4;25,4;25;20,4;20;76;72;75;98;3,9;1,6;
2026/03/08;0000 UTC;0;988,4;988,4;987,9;;25;20,4;25,2;24,9;20,5;20,3;76;75;76;108;4,7;1,8;
2026/03/08;0100 UTC;0;988,8;988,8;988,4;;24,8;20,4;25;24,6;20,5;20,3;77;75;77;107;4;1,6;
2026/03/08;0200 UTC;0;988,6;988,8;988,6;;24,6;20,5;24,8;24,5;20,5;20,3;78;77;78;86;3,4;1,2;
2026/03/08;0300 UTC;;;;;;;;;;;;;;;;;;
2026/03/08;0400 UTC;;;;;;;;;;;;;;;;;;
2026/03/08;0500 UTC;;;;;;;;;;;;;;;;;;
2026/03/08;0600 UTC;;;;;;;;;;;;;;;;;;
2026/03/08;0700 UTC;;;;;;;;;;;;;;;;;;
2026/03/08;0800 UTC;;;;;;;;;;;;;;;;;;
2026/03/08;0900 UTC;0;987,7;;;17,9;23;;;;;;;;;113;;1;
2026/03/08;1000 UTC;0;988,4;988,4;987,7;368,7;24,7;;24,7;23;;;;;;37;2,5;,8;
2026/03/08;1100 UTC;0;988,8;988,8;988,4;1322,5;27,5;21,6;27,8;24,7;26,1;21,1;100;68;70;55;4,7;2,8;
2026/03/08;1200 UTC;0;989;989;988,8;1878,4;28,7;20,5;29,8;27,5;22,6;19,8;73;58;61;46;7,1;3,3;
2026/03/08;1300 UTC;0;988,8;989;988,8;2232;29,3;19,3;30,6;28,1;21,5;19,1;63;51;55;60;7,1;3,7;
2026/03/08;1400 UTC;0;988,3;988,8;988,3;3025,5;30,3;18;31,9;29,1;20,9;16,5;59;41;48;72;8,1;2,5;
2026/03/08;1500 UTC;0;987,3;988,3;987,3;2560,5;30,8;20,3;32,5;29,4;20,9;17,4;55;43;53;80;7,3;2,8;
2026/03/08;1600 UTC;0;986,4;987,3;986,4;3068,8;33,2;19,2;33,2;29,7;20,9;17,5;55;43;44;53;8,7;4,3;
2026/03/08;1700 UTC;0;985,9;986,4;985,8;3133,2;33,2;18,8;33,2;31,4;19,7;17,1;47;40;43;51;8;4,1;
2026/03/08;1800 UTC;0;985,8;985,9;985,7;2856,1;32,6;17,8;33,7;31,7;19,1;17,2;45;38;42;61;8,2;3,1;
2026/03/08;1900 UTC;0;985,9;985,9;985,8;1106,8;30,3;17,4;32,5;30;18,3;17;49;41;46;75;7,8;3,5;
2026/03/08;2000 UTC;0;986,2;986,2;985,9;1081,1;29,5;17,2;30,8;29,5;18,1;16,7;48;44;48;76;7,7;3,6;
2026/03/08;2100 UTC;0;986,5;986,5;986,2;150,3;27;18,2;29,5;27;18,2;16,7;58;47;58;69;6,9;3,4;
2026/03/08;2200 UTC;0;987;987;986,5;;25,7;19,8;27;25,7;19,8;18,2;70;58;70;72;7,3;3,8;
2026/03/08;2300 UTC;0;987,5;987,5;986,9;;24,8;20,3;25,7;24,8;20,3;19,8;76;70;76;60;6,4;3,6;
2026/03/09;0000 UTC;0;988,5;988,5;987,5;;24,1;23,3;24,8;24,1;23,3;20,3;95;76;95;53;5,9;2,2;
2026/03/09;0100 UTC;0;989;989;988,5;;23,8;;24,1;23,7;;;;;;48;4,4;2,3;
2026/03/09;0200 UTC;0;988,9;989,1;988,9;;23,5;;23,8;23,5;;;;;;51;4,1;1,7;
2026/03/09;0300 UTC;0;988,3;988,9;988,3;;23,4;;23,6;23,3;;;;;;48;3,1;1,8;
2026/03/09;0400 UTC;0;987,7;988,3;987,7;;23,2;;23,4;23,2;;;;;;50;3,5;2,4;
2026/03/09;0500 UTC;0;987,8;987,8;987,6;;23,1;;23,2;22,9;;;;;;68;3,5;1,1;
2026/03/09;0600 UTC;0;988;988;987,8;;23;;23,3;22,9;;;;;;163;1,8;1;
2026/03/09;0700 UTC;0;988;988,1;987,8;;22,8;;23;22,7;;;;;;137;1,6;,3;
2026/03/09;0800 UTC;0;988,1;988,2;988;;22,7;;22,9;22,7;;;;;;353;1,5;,5;
2026/03/09;0900 UTC;0;988,9;988,9;988;38;22,8;;22,9;22,5;;;;;;251;1,2;,5;
2026/03/09;1000 UTC;0;989,9;989,9;988,9;509,5;24,4;;24,4;22,7;;;;;;302;1,9;,8;
2026/03/09;1100 UTC;0;990,6;990,6;989,9;1425,2;28,3;22;28,6;24,4;;;;;69;35;5,1;2,6;
2026/03/09;1200 UTC;0;990,7;990,8;990,5;1804,9;29,1;20;29,8;28,2;22,6;19,4;71;56;58;24;5,9;2;
2026/03/09;1300 UTC;0;990,5;990,7;990,5;2555,3;30,7;18,3;31,9;29,1;21;17,9;61;46;47;35;6,3;2,6;
2026/03/09;1400 UTC;0;990,2;990,6;990,2;2471,5;30,6;18,1;32,4;29,9;20,3;16,4;51;41;47;78;6,1;1,9;
2026/03/09;1500 UTC;0;989,2;990,2;989,2;2906,2;31,8;18,4;32,8;30,6;18,9;16,1;48;38;45;94;5,4;1,5;
2026/03/09;1600 UTC;0;988,2;989,2;988,2;2785,5;32,8;17,1;33,9;31;19;15,9;46;38;39;63;4,9;1,9;
2026/03/09;1700 UTC;0;987,7;988,2;987,7;2766,1;31,4;18,7;34,3;31,4;19,5;15,1;47;34;47;79;6,8;3,5;
2026/03/09;1800 UTC;0;987,5;987,7;987,5;1671,8;31,6;19,1;33;31;19,9;17,9;49;41;48;67;7,6;3,7;
2026/03/09;1900 UTC;0;987,4;987,5;987,3;1893,2;31,3;17,7;32,7;31,2;19,1;17,4;48;41;44;86;8,2;2,7;
2026/03/09;2000 UTC;0;987,6;987,6;987,3;1027,1;29,9;18,1;31,4;29,9;18,4;17,6;49;44;49;88;7,7;2,8;
2026/03/09;2100 UTC;0;987,8;987,9;987,6;137,7;27,7;19;29,9;27,7;19;17,5;59;49;59;75;7,9;3;
2026/03/09;2200 UTC;0;988,3;988,3;987,8;;26,3;20,5;27,7;26,3;20,5;19;70;59;70;78;6,3;2,8;
2026/03/09;2300 UTC;0;988,8;988,8;988,3;;25,5;21,5;26,3;25,5;21,5;20,4;78;70;78;76;5,6;2,8;
2026/03/10;0000 UTC;0;989,4;989,4;988,8;;24,8;24,8;25,5;24,8;24,8;21,5;100;78;100;51;6,2;2,7;
2026/03/10;0100 UTC;0;990,1;990,1;989,4;;24,6;;24,9;24,6;;;;;;57;4,3;2,3;
2026/03/10;0200 UTC;;;;;;;;;;;;;;;;;;
2026/03/10;0300 UTC;;;;;;;;;;;;;;;;;;
2026/03/10;0400 UTC;;;;;;;;;;;;;;;;;;
2026/03/10;0500 UTC;;;;;;;;;;;;;;;;;;
2026/03/10;0600 UTC;;;;;;;;;;;;;;;;;;
2026/03/10;0700 UTC;;;;;;;;;;;;;;;;;;
2026/03/10;0800 UTC;;;;;;;;;;;;;;;;;;
2026/03/10;0900 UTC;0;989,6;;;26;23,9;;;;;;;;;41;;,6;
2026/03/10;1000 UTC;0;990,1;990,1;989,6;538,4;25,9;;25,9;23,9;;;;;;62;3,5;2,1;
2026/03/10;1100 UTC;0;990,7;990,7;990,1;1266,3;27,8;22,7;28,3;26;26,5;20,9;100;67;74;71;5,4;2,5;
2026/03/10;1200 UTC;0;990,8;990,8;990,7;1720,9;29;20,4;29,7;27,8;23,1;19,6;75;57;60;67;6,4;2,7;
2026/03/10;1300 UTC;0;990,8;990,9;990,7;2513,7;30,5;19,2;31,2;29;21,6;18,4;61;47;51;78;6,1;2,4;
2026/03/10;1400 UTC;0;990,4;990,8;990,3;2111,6;30;20,4;31,8;29,6;21;19,1;58;50;56;65;7,5;3,9;
2026/03/10;1500 UTC;0;989,5;990,4;989,5;1796,3;31,3;19;31,5;29,8;20,9;17,8;57;46;48;106;7,5;2,7;
2026/03/10;1600 UTC;0;988,5;989,5;988,5;2583,3;32,2;17,4;32,6;30,6;18,9;17,1;49;41;41;84;7,8;3,8;
2026/03/10;1700 UTC;0;987,9;988,5;987,9;2774,3;31,9;17,7;33,5;30,9;18,6;17;46;40;43;75;8,5;4,6;
2026/03/10;1800 UTC;0;987,7;988;987,7;2224,6;31,1;16,5;32,6;31;18;15,9;44;39;42;96;8,5;3,3;
2026/03/10;1900 UTC;0;987,5;987,7;987,5;1733,9;30,7;17;31,6;30,2;17,5;15,5;45;39;44;74;7,9;4,7;
2026/03/10;2000 UTC;0;987,7;987,7;987,5;916,8;29;19;30,7;29;19;16,7;55;43;55;76;7,7;3,9;
2026/03/10;2100 UTC;0;988;988;987,7;131,6;27,3;19,3;29;27,3;19,3;19;62;55;62;82;7,6;2,7;
2026/03/10;2200 UTC;0;988,3;988,4;988;;26;19,8;27,3;26;19,8;19,3;69;62;69;96;6,3;2,1;
2026/03/10;2300 UTC;;;;;;;;;;;;;;;;;;
2026/03/11;0000 UTC;;;;;;;;;;;;;;;;;;
2026/03/11;0100 UTC;;;;;;;;;;;;;;;;;;
2026/03/11;0200 UTC;;;;;;;;;;;;;;;;;;
2026/03/11;0300 UTC;;;;;;;;;;;;;;;;;;
2026/03/11;0400 UTC;;;;;;;;;;;;;;;;;;
2026/03/11;0500 UTC;;;;;;;;;;;;;;;;;;
2026/03/11;0600 UTC;;;;;;;;;;;;;;;;;;
2026/03/11;0700 UTC;;;;;;;;;;;;;;;;;;
2026/03/11;0800 UTC;;;;;;;;;;;;;;;;;;
2026/03/11;0900 UTC;0;988,5;;;19,8;22,7;;;;;;;;;28;;1;
2026/03/11;1000 UTC;0;989,3;989,3;988,5;539,5;25,1;;25,1;22,7;;;;;;59;2,2;,9;
2026/03/11;1100 UTC;0;989,9;989,9;989,3;1122,2;28,3;22,2;28,3;25,1;25,5;20,8;100;69;69;55;5;2,9;
2026/03/11;1200 UTC;0;990;990,1;989,9;1993,5;29;19,2;29,4;27,1;22;18,4;69;53;55;84;5,9;1,9;
2026/03/11;1300 UTC;0;989,6;990,1;989,6;2535,8;30,5;18,1;30,9;29,1;19,7;17,4;56;45;47;82;6,1;2,5;
2026/03/11;1400 UTC;0;989,2;989,6;989,2;2314,2;31,7;19,4;31,7;29,1;19,9;17,1;53;43;48;75;6,4;3,3;
2026/03/11;1500 UTC;0;988,3;989,2;988,2;3133,2;32;16,3;32,3;29,9;20,5;16,3;54;39;39;70;8;2,9;
2026/03/11;1600 UTC;0;987,3;988,3;987,3;3645,9;32,6;16,4;33,1;31,6;18;15,4;43;36;38;82;8;3,6;
2026/03/11;1700 UTC;0;986,6;987,3;986,6;2438,5;31,7;17,3;32,9;31,1;17,5;15,6;44;37;42;79;9;3,9;
2026/03/11;1800 UTC;0;986,1;986,6;986,1;2580,2;31,3;16,2;31,9;30,9;17,5;15,8;44;38;40;83;9;3,7;
2026/03/11;1900 UTC;0;985,8;986,1;985,8;1917;30,6;17,6;31,9;30,6;17,9;16,1;46;40;46;93;8,6;2,9;
2026/03/11;2000 UTC;0;986,3;986,4;985,8;913,5;29,1;16,7;30,9;29,1;18,1;16,7;51;45;47;87;7,9;3;
2026/03/11;2100 UTC;0;987;987;986,3;138,8;27,4;17,8;29,1;27,4;18,1;16,6;56;47;56;116;7,4;3;
2026/03/11;2200 UTC;0;987,6;987,6;986,9;;26,4;19,3;27,4;26,4;19,3;17,7;65;56;65;92;6,2;2,1;
2026/03/11;2300 UTC;;;;;;;;;;;;;;;;;;
2026/03/12;0000 UTC;;;;;;;;;;;;;;;;;;
2026/03/12;0100 UTC;0;989,3;;;;24,6;20;;;;;;;76;52;;1,6;
2026/03/12;0200 UTC;0;989,1;989,3;989,1;;24,2;20,5;24,6;24,1;20,5;20,1;80;76;80;55;3,8;1,6;
2026/03/12;0300 UTC;0;988,8;989,1;988,8;;24,5;20,4;24,5;24,2;20,6;20,3;80;78;78;68;2,8;1,6;
2026/03/12;0400 UTC;0;988,3;988,8;988,3;;24,5;20,1;24,6;24,4;20,5;20,1;79;76;77;87;3,7;1,6;
2026/03/12;0500 UTC;0;987,9;988,3;987,9;;24,3;19,9;24,6;24,3;20,2;19,9;77;76;76;137;3,4;1;
2026/03/12;0600 UTC;0;987,8;987,9;987,7;;24,1;20,3;24,3;23,8;21,6;19,8;87;76;80;45;2,6;1,1;
2026/03/12;0700 UTC;0;987,8;987,8;987,6;;23,5;23;24,1;23,5;23,1;20,3;97;80;97;59;2,4;1,1;
2026/03/12;0800 UTC;0;988,2;988,2;987,8;;22,9;;23,5;22,9;;;;;;63;1,7;1;
2026/03/12;0900 UTC;0;988,6;988,6;988,2;16;22,8;;23,1;22,5;;;;;;332;1,7;,5;
2026/03/12;1000 UTC;0;989,1;989,1;988,6;439,2;24,9;;24,9;22,7;;;;;;231;1,5;,4;
2026/03/12;1100 UTC;0;989,7;989,7;989,1;1363,1;28,9;22;28,9;24,9;25,8;21,1;100;64;66;47;4,5;2,2;
2026/03/12;1200 UTC;0;989,8;990;989,7;1834,3;28,6;18,9;30,1;27,4;21,8;18,6;66;52;56;78;4,6;1,6;
2026/03/12;1300 UTC;0;989,4;989,8;989,4;1775,4;28,5;19,4;30,3;28,3;20,5;18,3;60;51;58;109;5,7;2,8;
2026/03/12;1400 UTC;0;988,7;989,4;988,7;2501;31,5;19,7;31,5;28,5;20,4;18;59;48;50;75;7;3,2;
2026/03/12;1500 UTC;0;987,9;988,7;987,9;1834,3;30,6;19,3;33;30;20,1;17,4;51;43;51;74;7,9;3,8;
2026/03/12;1600 UTC;0;987,1;987,9;987,1;2312,1;30,8;18,7;33,5;29,8;20,2;17,5;52;40;48;68;8,1;4,1;
2026/03/12;1700 UTC;0;986,2;987,1;986,2;2325,6;31,6;17,6;32,7;30,1;20,5;17,5;53;42;43;78;8,1;3,5;
2026/03/12;1800 UTC;0;985,8;986,2;985,7;2422,5;31,8;17,7;32,8;30,8;18,8;16,7;46;41;43;83;8,1;3,5;
2026/03/12;1900 UTC;0;985,9;986;985,8;1739,8;29,9;18,2;31,7;29,9;18,7;17,4;50;43;50;79;8,5;4,2;
2026/03/12;2000 UTC;0;986,2;986,3;985,9;839,9;28,9;18,6;30,7;28,9;19,1;18,3;55;49;54;72;9,3;3,7;
2026/03/12;2100 UTC;0;986,7;986,8;986,2;137,1;26,8;19,3;28,9;26,8;19,3;18,5;64;54;64;72;8,3;4,5;
2026/03/12;2200 UTC;0;987;987;986,7;;25,5;19,3;26,8;25,5;19,3;19,2;69;64;69;64;7,6;4,1;
2026/03/12;2300 UTC;;;;;;;;;;;;;;;;;;
2026/03/13;0000 UTC;0;988,2;988,3;987,6;;23,6;21,2;24,3;23,6;21,2;19,7;86;76;86;50;4,4;2,7;
2026/03/13;0100 UTC;0;988,7;988,7;988,2;;23,3;23,1;23,7;23,3;23,1;21,2;99;86;99;51;4,3;1,9;
2026/03/13;0200 UTC;0;988,6;988,7;988,5;;23,7;;23,8;23,2;;;;;;62;4,5;2,1;
2026/03/13;0300 UTC;0;988,6;988,7;988,5;;23,2;;23,7;23,1;;;;;;60;3,4;1,5;
2026/03/13;0400 UTC;0;988,1;988,6;988,1;;23,2;;23,2;23;;;;;;48;2,8;1,5;
2026/03/13;0500 UTC;0;987,8;988,1;987,7;;22,9;;23,2;22,8;;;;;;61;2,6;1,5;
2026/03/13;0600 UTC;0;987,8;987,9;987,8;;22,7;;22,9;22,7;;;;;;61;2,2;1,3;
2026/03/13;0700 UTC;0;988,2;988,2;987,8;;22,9;;23,1;22,7;;;;;;52;2,2;1,2;
2026/03/13;0800 UTC;0;988,7;988,7;988,2;;22,7;;23;22,6;;;;;;13;1,9;,7;
2026/03/13;0900 UTC;0;989;989;988,7;18,9;22,8;;22,8;22,4;;;;;;351;1,3;,5;
2026/03/13;1000 UTC;0;989,6;989,6;989;477,3;25,3;;25,3;22,7;;;;;;45;1,7;,8;
2026/03/13;1100 UTC;0;990,1;990,1;989,6;1348,7;28,6;21,9;28,6;24,8;26,1;21,3;100;66;67;45;6,1;3;
2026/03/13;1200 UTC;0;990,1;990,3;990,1;1274,1;29,2;20;29,4;27,6;21,8;19,9;68;58;58;35;6,1;2,4;
2026/03/13;1300 UTC;0;989,7;990,1;989,7;2556,7;30,2;18,7;31,6;29;20;17,3;57;46;50;80;7;3;
2026/03/13;1400 UTC;0;989,1;989,7;989;3057,9;32,4;18,3;32,5;30,2;19,8;16,7;50;40;43;62;6,8;3,3;
2026/03/13;1500 UTC;0;988,2;989,1;988,2;2848;31,1;17,4;34,2;31;19,5;16,8;47;37;44;70;6,3;2,8;
2026/03/13;1600 UTC;0;987,1;988,2;987,1;2427,5;33,6;16,7;33,8;31;18,4;16,2;45;37;37;90;6,6;3,5;
2026/03/13;1700 UTC;0;986,5;987,1;986,5;2435,1;31,9;17;34,9;31,8;17,8;14,8;42;31;41;71;6,6;3;
2026/03/13;1800 UTC;0;986;986,5;986;1439,1;31,4;17,3;33;31,4;17,7;16;43;37;43;64;7,2;3,8;
2026/03/13;1900 UTC;0;985,8;986;985,7;1465,9;31,6;17,7;32,7;31,1;18,9;17,2;47;41;44;97;6,9;2,7;
2026/03/13;2000 UTC;0;986,1;986,1;985,8;1016,6;30;17,7;31,7;29,9;18,5;17,4;48;44;48;80;7,4;3,4;
2026/03/13;2100 UTC;0;986,6;986,6;986,1;131,4;27,4;18,8;30;27,4;18,8;17,5;59;48;59;63;7,4;3,7;
2026/03/13;2200 UTC;0;987,4;987,4;986,6;;26;20,1;27,4;26;20,1;18,8;70;59;70;66;7;3,3;
2026/03/13;2300 UTC;;;;;;;;;;;;;;;;;;
2026/03/14;0000 UTC;;;;;;;;;;;;;;;;;;
2026/03/14;0100 UTC;;;;;;;;;;;;;;;;;;
2026/03/14;0200 UTC;0;988,1;;;;23,7;;;;;;;;;;;;
2026/03/14;0300 UTC;0;987,7;988,1;987,7;;23,5;;23,7;23,5;;;;;;53;4,9;2,8;
2026/03/14;0400 UTC;0;987,5;987,8;987,4;;23,6;;23,6;23,5;;;;;;49;4,5;2,2;
2026/03/14;0500 UTC;0;986,8;987,5;986,8;;23,6;;23,7;23,6;;;;;;45;4,6;2,8;
2026/03/14;0600 UTC;0;986,6;986,8;986,5;;23,5;;23,6;23,5;;;;;;37;4,9;2,6;
2026/03/14;0700 UTC;0;987,1;987,1;986,4;;23,1;;23,5;23,1;;;;;;27;5;1,3;
2026/03/14;0800 UTC;0;987,9;987,9;987,1;;23,2;;23,3;23,1;;;;;;24;2,8;1,3;
2026/03/14;0900 UTC;0;988,4;988,4;987,9;18,3;23,1;;23,3;23;;;;;;32;3,1;1,3;
2026/03/14;1000 UTC;0;988,9;988,9;988,4;473,4;24,6;;24,6;23,1;;;;;;22;4,7;2,7;
2026/03/14;1100 UTC;0;989,3;989,3;988,9;1149,1;28,5;21,9;28,5;24,5;;;;;67;32;8,3;4;
2026/03/14;1200 UTC;0;989,4;989,5;989,3;1890,3;29,6;20,9;30,5;27,7;22,2;19,7;68;53;59;34;8,3;2,9;
2026/03/14;1300 UTC;0;989,2;989,4;989,1;2312;30,5;18,9;32,6;29,4;21,4;18;59;44;50;24;6,2;2,2;
2026/03/14;1400 UTC;0;988,4;989,2;988,4;2742,4;31;18,2;33,5;30,4;20,6;17,1;52;41;46;98;6;2,1;
2026/03/14;1500 UTC;0;987,1;988,4;987,1;3541,4;32,6;16,9;33,9;31;19;15,6;49;36;39;47;5,5;1,9;
2026/03/14;1600 UTC;0;986;987,1;986;2858,9;34,1;16,1;34,5;32,2;17,8;14,9;40;32;34;148;5,4;1,6;
2026/03/14;1700 UTC;0;985,4;986;985,4;3068,5;35,4;15,3;35,4;33,1;17,1;14,6;36;30;30;226;4,5;1,5;
2026/03/14;1800 UTC;0;984,6;985,4;984,6;1816,2;35,4;13,1;35,5;32,9;15,4;13,1;34;26;26;238;3,9;1,5;
2026/03/14;1900 UTC;0;984,4;984,6;984,3;1789,1;34;17,4;35,7;33,6;17,5;11,7;37;24;37;76;7,4;2,8;
2026/03/14;2000 UTC;0;984,8;984,8;984,4;835,4;30,7;18,7;34;30,6;18,9;17,5;49;37;49;66;7,7;4,7;
2026/03/14;2100 UTC;0;985,5;985,5;984,8;128,7;28;19;30,7;28;19;18,4;58;49;58;68;7,6;3,8;
2026/03/14;2200 UTC;0;986,3;986,3;985,5;;26,7;19,6;28;26,7;19,6;18,9;65;58;65;70;6,6;3,7;
2026/03/14;2300 UTC;;;;;;;;;;;;;;;;;;
2026/03/15;0000 UTC;;;;;;;;;;;;;;;;;;
2026/03/15;0100 UTC;;;;;;;;;;;;;;;;;;
2026/03/15;0200 UTC;;;;;;;;;;;;;;;;;;
2026/03/15;0300 UTC;;;;;;;;;;;;;;;;;;
2026/03/15;0400 UTC;;;;;;;;;;;;;;;;;;
2026/03/15;0500 UTC;;;;;;;;;;;;;;;;;;
2026/03/15;0600 UTC;;;;;;;;;;;;;;;;;;
2026/03/15;0700 UTC;;;;;;;;;;;;;;;;;;
2026/03/15;0800 UTC;;;;;;;;;;;;;;;;;;
2026/03/15;0900 UTC;0;987,7;;;16,4;23;;;;;;;;;31;;1,3;
2026/03/15;1000 UTC;0;988;988;987,6;465,3;24,8;;24,8;23;;;;;;28;4,5;2,3;
2026/03/15;1100 UTC;0;988,6;988,6;987,9;1391,4;29;20;29;24,8;26,1;19,5;100;58;58;39;6,5;3,1;
2026/03/15;1200 UTC;0;988,7;988,7;988,5;2194,9;31,3;18,6;31,4;29;19,9;18,2;59;47;47;35;7,5;3,2;
2026/03/15;1300 UTC;0;988,5;988,7;988,5;2742,9;33;19;33;30,3;20,2;17,7;51;42;44;49;9,8;3,2;
2026/03/15;1400 UTC;0;988,2;988,6;988,2;3250,1;32,7;17,7;33,2;31,6;19,1;16,8;45;38;41;48;6,2;1,9;
2026/03/15;1500 UTC;0;987,2;988,2;987,2;2871,1;32,9;16,8;34;31,7;18,4;15,7;43;34;38;100;6,2;2,4;
2026/03/15;1600 UTC;0;986,1;987,2;986,1;2906,7;34,3;17,7;34,6;32,4;17,7;16;39;34;37;54;6,2;2,9;
2026/03/15;1700 UTC;0;985,2;986,1;985,2;2671,8;33,9;14,3;35;33,1;17,2;14,1;38;30;31;80;6,3;2,5;
2026/03/15;1800 UTC;0;984,5;985,2;984,5;1748,5;32,7;17,7;34;32,5;18,5;14,5;43;31;41;88;9,3;3,9;
2026/03/15;1900 UTC;0;984,4;984,6;984,4;1828,9;31,6;18,3;33,2;31,6;18,6;17,6;46;41;45;79;9,1;4,1;
2026/03/15;2000 UTC;0;984,9;984,9;984,3;997,2;29,8;18,9;32;29,7;19;18,1;52;44;52;81;8,4;3,8;
2026/03/15;2100 UTC;0;985,4;985,5;984,9;119;27,5;19,6;29,8;27,5;19,6;18,6;62;52;62;74;7,6;3,4;
2026/03/15;2200 UTC;0;986,1;986,1;985,4;;25,9;20,5;27,5;25,9;20,5;19,7;72;62;72;66;6,8;3,8;
2026/03/15;2300 UTC;;;;;;;;;;;;;;;;;;
2026/03/16;0000 UTC;;;;;;;;;;;;;;;;;;
2026/03/16;0100 UTC;;;;;;;;;;;;;;;;;;
2026/03/16;0200 UTC;;;;;;;;;;;;;;;;;;
2026/03/16;0300 UTC;;;;;;;;;;;;;;;;;;
2026/03/16;0400 UTC;;;;;;;;;;;;;;;;;;
2026/03/16;0500 UTC;;;;;;;;;;;;;;;;;;
2026/03/16;0600 UTC;;;;;;;;;;;;;;;;;;
2026/03/16;0700 UTC;;;;;;;;;;;;;;;;;;
2026/03/16;0800 UTC;;;;;;;;;;;;;;;;;;
2026/03/16;0900 UTC;0;988,5;988,6;988,3;24,1;21,6;;21,8;21,5;;;;;;296;;,8;
2026/03/16;1000 UTC;0;989;989;988,5;512,8;23,4;;23,4;21,5;;;;;;351;1,6;,9;
2026/03/16;1100 UTC;0;989,5;989,5;989;1397,8;26,5;21,3;26,5;23,1;;;;;73;21;4;1,8;
2026/03/16;1200 UTC;0;989,4;989,6;989,4;1996,3;30;17,5;30,2;26,5;21,4;17,5;73;47;47;58;7;4,2;
2026/03/16;1300 UTC;0;989,2;989,4;989,2;2743,7;30,4;15,9;31,5;29,6;18,3;14,8;48;38;42;74;7,4;3,3;
2026/03/16;1400 UTC;0;988,9;989,3;988,9;3117,7;32,4;14,6;33,1;30,1;17,3;14,6;45;34;34;55;7,8;3,3;
2026/03/16;1500 UTC;0;987,9;988,9;987,8;3679,4;32,3;15,8;33,5;31,5;17,7;13;40;31;37;100;7,8;2,3;
2026/03/16;1600 UTC;0;987;987,9;987;3433,7;33,6;11;33,8;31,6;15,1;10,8;37;25;25;111;6,4;2,2;
2026/03/16;1700 UTC;0;986,1;987;986,1;3265,5;33,9;10,9;33,9;32,6;12,7;9,4;29;23;25;133;7;2,9;
2026/03/16;1800 UTC;0;985,7;986,1;985,7;2642,7;33,1;10,8;34,6;32,5;12,6;8,9;28;22;26;83;7,7;3,6;
2026/03/16;1900 UTC;0;986;986;985,7;1860,4;31,4;13,1;33,3;31,4;13,2;9,7;33;24;33;85;8,4;4,1;
2026/03/16;2000 UTC;0;986,2;986,2;985,9;1043,3;29,5;13,9;31,4;29,5;14,3;13;38;33;38;84;8,5;3,6;
2026/03/16;2100 UTC;0;986,7;986,7;986,2;126,8;27,3;17;29,6;27,3;17;13,9;53;38;53;106;7,1;2,9;
2026/03/16;2200 UTC;0;987,5;987,5;986,7;;25,4;18,6;27,3;25,4;18,7;17;66;53;66;71;6,6;2,4;
2026/03/16;2300 UTC;0;987,8;987,8;987,5;;24,7;19,4;25,4;24,3;19,4;18,6;73;66;72;77;4,9;2,2;
2026/03/17;0000 UTC;0;988,8;988,8;987,8;;23,6;19,6;24,7;23,6;19,7;19,2;78;72;78;50;4,9;1,3;
2026/03/17;0100 UTC;0;989,2;989,2;988,8;;23,6;20,8;23,6;23,2;22,8;19,5;96;78;84;66;2,8;1,9;
2026/03/17;0200 UTC;0;988,9;989,3;988,9;;23,4;21,3;23,7;23,4;21,3;20,5;88;83;88;64;2,8;1,2;
2026/03/17;0300 UTC;0;988,9;989;988,9;;24,4;20,1;24,4;23,4;22,8;20,1;94;77;77;101;2,8;1;
2026/03/17;0400 UTC;0;988,3;988,9;988,3;;24,3;19,9;24,6;24,1;20,2;19,5;78;75;77;133;2,7;1,5;
2026/03/17;0500 UTC;0;988;988,3;988;;23;23;24,3;22,9;23;19,5;100;77;100;172;2,6;1,1;
2026/03/17;0600 UTC;0;987,8;988,2;987,7;;22,5;;23;22,4;;;;;;51;1,9;,8;
2026/03/17;0700 UTC;0;987,8;987,9;987,7;;22,5;;22,6;22,2;;;;;;40;2;,9;
2026/03/17;0800 UTC;0;988,1;988,1;987,8;;22;;22,5;21,9;;;;;;251;1,6;,3;
2026/03/17;0900 UTC;0;989;989;988,1;35,6;22,5;;22,5;21,9;;;;;;228;1,5;,5;
2026/03/17;1000 UTC;0;989,6;989,6;989;561,7;25;25;25,1;22,5;;;;;100;268;1,6;,4;
2026/03/17;1100 UTC;0;990,2;990,2;989,6;1422,4;28,5;19,6;28,5;25;25,1;19,2;100;58;59;61;6;3;
2026/03/17;1200 UTC;0;990,7;990,7;990,2;1756,4;29,9;17,5;30,1;27,5;20,2;16,8;61;47;47;62;7;3,1;
2026/03/17;1300 UTC;0;990,6;990,8;990,5;2668,5;30,8;16,4;32,2;29,6;18;15,6;47;38;42;71;7,6;3,1;
2026/03/17;1400 UTC;0;990;990,6;990;3011,8;31,4;14,8;33,2;29,7;17,8;14,7;47;34;37;69;8,3;3,9;
2026/03/17;1500 UTC;0;988,8;990;988,8;2558,7;32,1;16,2;33,2;30,6;16,9;14,3;43;33;39;79;9,5;3,8;
2026/03/17;1600 UTC;0;987,5;988,8;987,5;2347,9;31,3;16,9;33,4;30,8;17,5;14,6;42;34;42;81;8,6;4,2;
2026/03/17;1700 UTC;0;986,8;987,5;986,8;2855,4;31,8;15,8;33,6;30,5;17,3;14,9;43;34;38;78;8,6;4;
2026/03/17;1800 UTC;0;986,5;986,8;986,4;1263,7;30,7;14,7;31,9;30,2;16,4;14,6;42;37;38;99;7,7;3,3;
2026/03/17;1900 UTC;0;986,3;986,5;986,3;1534,5;30,4;16,3;31,2;30,1;17,1;14,7;45;38;43;87;9,4;4,1;
2026/03/17;2000 UTC;0;986,7;986,7;986,3;905,7;28,6;17,4;30,6;28,6;18;16;52;42;51;80;9,2;3,1;
2026/03/17;2100 UTC;0;987,1;987,1;986,7;89,4;27;18;28,6;27;18;16,5;58;50;58;97;7,8;1,9;
2026/03/17;2200 UTC;0;987,5;987,5;987;;25,8;19,3;27,1;25,8;19,3;18;67;58;67;88;6,3;1,7;
2026/03/17;2300 UTC;0;987,8;987,8;987,5;;25,1;19,7;25,9;25,1;19,8;19,3;72;67;72;85;4,8;1,9;
2026/03/18;0000 UTC;0;988,6;988,6;987,8;;25;19,9;25,2;25;20;19,8;73;72;73;86;4,5;1,6;
2026/03/18;0100 UTC;0;989;989,1;988,6;;24,4;20,1;25,1;24,4;20,1;19,8;77;73;77;69;5;3,1;
2026/03/18;0200 UTC;0;989,3;989,4;989;;23,5;23,5;24,4;23,5;23,5;20;100;77;100;58;4,5;1,1;
2026/03/18;0300 UTC;0;988,8;989,3;988,8;;24,3;24,1;24,4;23,4;24,3;23,4;100;99;99;79;3,9;2,1;
2026/03/18;0400 UTC;0;988,3;988,8;988,3;;23,2;;24,3;23,2;;;;;;56;3,9;1,4;
2026/03/18;0500 UTC;0;988;988,3;987,9;;23,2;;23,3;23;;;;;;66;2,7;1;
2026/03/18;0600 UTC;0;987,7;988;987,6;;22,6;;23,5;22,6;;;;;;175;3,3;1,7;
2026/03/18;0700 UTC;0;987,8;987,8;987,6;;22,3;;22,6;22,2;;;;;;188;3,3;1,2;
2026/03/18;0800 UTC;0;988,1;988,1;987,8;;22;;22,3;22;;;;;;225;1,8;1,2;
2026/03/18;0900 UTC;0;988,8;988,8;988,1;21;22,1;;22,2;21,9;;;;;;227;1,8;1;
2026/03/18;1000 UTC;0;989,2;989,2;988,7;530,4;24,1;;24,1;22,1;;;;;;270;1,6;,6;
2026/03/18;1100 UTC;0;989,9;989,9;989,2;1113,8;27;23,4;27;24,1;25,5;21,7;100;74;81;43;3,7;2;
2026/03/18;1200 UTC;0;989,7;989,9;989,7;1904,2;28;18,4;28,9;27;23,4;18,1;81;53;56;107;5,4;2,3;
2026/03/18;1300 UTC;0;989,8;989,8;989,7;1989,5;29,4;18;29,8;28;19,1;17,1;57;49;50;113;6,5;2,2;
2026/03/18;1400 UTC;0;989;989,8;989;3053,8;30,2;16,2;32;28,9;18,8;15,6;53;40;43;128;7,4;3,6;
2026/03/18;1500 UTC;0;987,8;989;987,8;3062,7;31,2;17;32,4;30,2;17,1;15;44;36;43;81;7,2;3,3;
2026/03/18;1600 UTC;0;986,8;987,8;986,7;2785,4;31;15,7;32,6;30,8;17,4;15,2;42;37;40;93;8,2;3,9;
2026/03/18;1700 UTC;0;986,2;986,7;986,2;1573,8;31,5;15,6;32,1;30,9;16,2;15,1;40;36;39;111;7,9;3,4;
2026/03/18;1800 UTC;0;985,7;986,2;985,7;1603;31,4;16;32;30,7;16,2;14,3;41;35;39;99;7,3;2,6;
2026/03/18;1900 UTC;0;985,3;985,7;985,3;1391,5;30,3;16,6;31,5;30,3;17;15,7;44;39;44;86;7,4;3,2;
2026/03/18;2000 UTC;0;985,4;985,4;985,2;978,3;29,4;16,5;30,8;29,4;16,8;14,2;46;37;46;91;7;2,6;
2026/03/18;2100 UTC;0;985,8;985,8;985,4;132,1;27,2;18,2;29,4;27,2;18,4;16,5;58;46;58;80;6,2;3;
2026/03/18;2200 UTC;0;986,4;986,4;985,8;;25,9;19,4;27,2;25,9;19,4;18,2;68;58;68;87;5,8;1,6;
2026/03/18;2300 UTC;0;987;987;986,4;;25,5;19,9;25,9;25,4;19,9;19,5;71;68;71;89;4,8;2;
2026/03/19;0000 UTC;0;987,4;987,4;987;;25,1;20,3;25,5;25,1;20,3;19,9;75;71;75;99;4,5;1,6;
2026/03/19;0100 UTC;0;987,8;987,9;987,4;;24,9;20,3;25,2;24,8;20,3;20,2;76;74;76;89;5,3;1,7;
2026/03/19;0200 UTC;0;987,4;987,9;987,4;;24,5;20,5;24,9;24,5;20,6;20,3;79;76;78;78;4,5;2,3;
2026/03/19;0300 UTC;0;986,8;987,4;986,8;;24,6;20,8;24,6;24,4;20,9;20,4;80;78;79;84;4,2;1,4;
2026/03/19;0400 UTC;0;986,7;986,8;986,6;;24,5;20,7;24,8;24,5;20,9;20,5;80;78;80;90;3,2;1,1;
2026/03/19;0500 UTC;0;986,3;986,7;986,3;;23,2;23,2;24,6;23;23,2;19,9;100;79;100;174;2,4;1,2;
2026/03/19;0600 UTC;0;986,7;986,7;986,2;;23,3;;23,7;23,2;;;;;;74;2,6;1;
2026/03/19;0700 UTC;0;986,6;986,7;986,6;;22,9;;23,4;22,8;;;;;;358;1,7;,5;
2026/03/19;0800 UTC;0;986,8;986,9;986,6;;22,8;;22,9;22,5;;;;;;8;1,3;,7;
2026/03/19;0900 UTC;0;987,2;987,2;986,8;29,3;22,6;;23;22,6;;;;;;268;1,5;,4;
2026/03/19;1000 UTC;0;987,8;987,8;987,2;502,9;24,7;;24,8;22,6;;;;;;2;1,6;,7;
2026/03/19;1100 UTC;0;988,4;988,4;987,8;1065,3;27,7;22,3;27,7;24,7;26;21,7;100;72;73;29;4,1;1,9;
2026/03/19;1200 UTC;0;988,4;988,4;988,2;2012;29,5;18,7;30,6;27,4;22,5;18,5;73;50;52;32;6,1;2,6;
2026/03/19;1300 UTC;0;988,3;988,5;988,3;2773,8;31,7;17,7;32,3;29,3;19,8;16,6;56;40;43;74;7;1,7;
2026/03/19;1400 UTC;0;987,6;988,3;987,6;3131,8;32,7;16,4;33,7;30,9;17,9;14,7;44;34;38;82;6,9;2,6;
2026/03/19;1500 UTC;0;986,4;987,6;986,4;3488,7;32,3;15;33,9;31,6;16,9;13,9;38;30;35;108;6,9;1,9;
2026/03/19;1600 UTC;0;985,2;986,4;985,2;2572,3;33,2;14,6;35,1;31,6;16;13,9;38;30;33;89;6;2,8;
2026/03/19;1700 UTC;0;984,4;985,2;984,4;2626,1;34,3;15,1;35,2;32,2;16,4;13,4;36;28;32;69;7,3;3,4;
2026/03/19;1800 UTC;0;984;984,4;984;1882,2;32,9;15,9;35,3;32,1;16,7;14,6;39;30;36;74;7,5;3,5;
2026/03/19;1900 UTC;0;983,6;984;983,6;1799,7;31,5;16;33,2;31,5;16,5;15,6;39;35;39;64;9,5;5;
2026/03/19;2000 UTC;0;983,8;983,8;983,6;965,8;29,7;17,5;31,7;29,7;17,6;15,8;48;39;48;80;9,1;3,5;
2026/03/19;2100 UTC;0;984,3;984,3;983,8;124,1;27,4;18,9;29,7;27,4;18,9;17,1;60;48;60;73;7,6;4,1;
2026/03/19;2200 UTC;0;985;985;984,3;;26;20,4;27,4;26;20,4;18,9;71;60;71;59;6,6;3,7;
2026/03/19;2300 UTC;0;985,8;985,8;985;;25,3;20,7;26;25,3;20,8;20,4;76;71;76;57;6,2;3,4;
2026/03/20;0000 UTC;0;986,7;986,7;985,8;;24,6;22,2;25,3;24,6;22,2;20,7;86;76;86;54;5,7;2,9;
2026/03/20;0100 UTC;0;987,3;987,3;986,7;;24,2;;24,6;24,2;24,3;22,1;100;86;;55;4,4;2,6;
2026/03/20;0200 UTC;0;987,6;987,7;987,3;;23,9;;24,2;23,9;;;;;;47;3,9;2;
2026/03/20;0300 UTC;0;987,4;987,6;987,4;;23,6;;23,9;23,6;;;;;;49;3,5;2,1;
2026/03/20;0400 UTC;0;986,9;987,4;986,9;;23,7;;23,7;23,5;;;;;;47;3,2;1,9;
2026/03/20;0500 UTC;0;986,4;986,9;986,4;;23,4;;23,7;23,4;;;;;;38;3,2;1,1;
2026/03/20;0600 UTC;0;985,8;986,4;985,8;;23,2;;23,4;23,1;;;;;;29;2,6;1,2;
2026/03/20;0700 UTC;0;985,9;985,9;985,8;;23,3;;23,4;23;;;;;;40;2,8;1,7;
2026/03/20;0800 UTC;0;986,2;986,2;985,9;;23,3;;23,5;23,3;;;;;;34;3,2;1,6;
2026/03/20;0900 UTC;0;986,8;986,8;986,2;16,2;23,4;;23,5;23,2;;;;;;18;3,1;1,5;
2026/03/20;1000 UTC;0;987,6;987,6;986,8;369,2;25;;25;23,4;;;;;;25;3,6;1,8;
2026/03/20;1100 UTC;0;988;988;987,5;879,8;27,2;22,3;27,2;25;;;;;74;26;6,3;3;
2026/03/20;1200 UTC;0;988,3;988,3;988;1820,9;30,8;19,2;31,2;27,2;22,3;18,9;75;48;50;49;8;4,5;
2026/03/20;1300 UTC;0;987,8;988,3;987,8;2050,8;33,3;18,4;33,3;29,2;20,5;18,3;57;41;41;43;7,4;3,5;
2026/03/20;1400 UTC;0;987,5;987,8;987,5;1875;30,2;17,4;33,8;30,2;19;16,5;48;37;46;84;7,4;2,5;
2026/03/20;1500 UTC;0;986,6;987,5;986,6;1521,3;31,5;15,7;33,1;30,2;17,9;15,5;46;38;38;104;5,6;1,5;
2026/03/20;1600 UTC;0;985,5;986,6;985,5;3165,2;33;16,2;35,6;31,4;17,2;14,2;41;28;37;102;6,9;2,7;
2026/03/20;1700 UTC;0;984,6;985,5;984,6;3026,7;35;16,6;35,6;33;17,6;14,4;38;30;34;77;7,4;3;
2026/03/20;1800 UTC;0;984,3;984,6;984,3;1986,6;32,3;16,9;35,1;32,3;17,3;15,1;40;32;40;72;9;4,8;
2026/03/20;1900 UTC;0;984,2;984,3;984,1;1721,5;31,6;17,6;33,1;31,5;17,7;16,7;44;39;43;84;9;3,8;
2026/03/20;2000 UTC;0;984,6;984,6;984,2;874,1;30;17,5;31,8;30;17,9;17;47;42;47;79;8,5;3,6;
2026/03/20;2100 UTC;0;985,1;985,1;984,5;117;27,7;18,7;30;27,7;18,7;17,5;58;47;58;75;8,2;4,2;
2026/03/20;2200 UTC;0;985,9;985,9;985,1;;26,4;19,7;27,7;26,4;19,7;18,6;67;58;67;72;7,6;3,2;
2026/03/20;2300 UTC;0;986,7;986,7;985,9;;25,5;20,9;26,4;25,5;20,9;19,8;76;67;76;63;6,5;2,7;
2026/03/21;0000 UTC;0;987,2;987,2;986,7;;25;21,5;25,5;25;21,6;20,9;81;76;81;60;5,9;3,1;
2026/03/21;0100 UTC;0;987,7;987,7;987,2;;24,5;;25;24,5;24,7;21,6;100;81;;52;4,8;2,2;
2026/03/21;0200 UTC;0;987,7;987,8;987,7;;23,9;;24,5;23,9;;;;;;55;3,7;2,1;
2026/03/21;0300 UTC;0;987,4;987,7;987,4;;23,7;;24;23,7;;;;;;47;3,5;1,8;
2026/03/21;0400 UTC;0;987,1;987,4;987,1;;23,5;;23,9;23,5;;;;;;55;3,5;2,2;
2026/03/21;0500 UTC;0;986,7;987,1;986,7;;23,4;;23,6;23,4;;;;;;51;3,5;2;
2026/03/21;0600 UTC;0;986,3;986,7;986,3;;23,2;;23,4;23,2;;;;;;41;3,2;1,4;
2026/03/21;0700 UTC;0;986,4;986,4;986,2;;23;;23,2;22,9;;;;;;42;2,5;1,3;
2026/03/21;0800 UTC;0;986,7;986,7;986,4;;22,7;;23,1;22,7;;;;;;25;2,3;1,2;
2026/03/21;0900 UTC;0;987,4;987,4;986,7;32,2;23;;23;22,5;;;;;;18;2,5;1,2;
2026/03/21;1000 UTC;0;988,2;988,2;987,4;512,9;24,5;;24,6;23;;;;;;29;4,4;2;
2026/03/21;1100 UTC;0;988,4;988,4;988,1;1347,3;28,5;21;28,5;24,3;;;;;64;40;9,5;4,1;
2026/03/21;1200 UTC;0;988,8;988,9;988,4;2088,8;31;18,7;31;28,5;21,3;18;64;48;48;55;7,3;4;
2026/03/21;1300 UTC;0;988,7;988,9;988,6;2498;30,7;17,4;32,5;30,1;19,7;16,7;50;40;45;56;7,9;3,6;
2026/03/21;1400 UTC;0;988,6;988,7;988,5;2999,6;31,9;16,2;34,3;30,6;18;13,9;46;31;39;56;7,6;2,7;
2026/03/21;1500 UTC;0;988;988,6;988;3892,3;35;13,7;35,2;31,9;16,7;12,2;40;27;28;34;7,3;1,5;
2026/03/21;1600 UTC;0;987;988;987;2163;34,1;15,3;35;32,3;16,3;12,2;35;27;33;92;5,5;2,6;
2026/03/21;1700 UTC;0;986,3;987;986,3;2625,1;33,4;15,8;34,9;33;15,8;12,8;35;28;35;105;6,3;2,6;
2026/03/21;1800 UTC;0;985,8;986,3;985,8;1554,7;32,5;16,3;34,9;32,5;16,8;15;38;32;38;83;7,1;3,2;
2026/03/21;1900 UTC;0;985,6;985,8;985,6;1366,5;32;17,3;32,8;31,7;17,3;15,9;42;38;42;80;7,8;3,8;
2026/03/21;2000 UTC;0;985,7;985,8;985,6;978;29,9;18;32;29,9;18;17,1;49;41;49;83;7,7;3,7;
2026/03/21;2100 UTC;0;986,3;986,3;985,7;109,1;27,7;18,8;29,9;27,7;18,8;17,9;58;49;58;66;7,7;3,9;
2026/03/21;2200 UTC;0;987,3;987,3;986,3;;26,4;19,2;27,7;26,4;19,4;18,8;64;58;64;68;7,3;3,5;
2026/03/21;2300 UTC;0;988;988;987,3;;25,7;20;26,4;25,7;20;19,2;71;64;71;68;5,8;3,4;
2026/03/22;0000 UTC;0;989,1;989,1;988;;24,8;20,4;25,7;24,8;20,4;20;77;71;77;57;5,6;2,1;
2026/03/22;0100 UTC;0;989,6;989,6;989,1;;24,6;20,8;24,8;24,5;21;20,4;80;77;80;68;3,6;1,9;
2026/03/22;0200 UTC;0;989,3;989,6;989,3;;23,8;23,7;24,7;23,8;23,7;20,8;100;79;100;30;3,5;1,3;
2026/03/22;0300 UTC;0;989,1;989,3;989,1;;23,9;;24;23,7;;;;;;50;3,8;2,1;
2026/03/22;0400 UTC;0;988,4;989,1;988,4;;24;;24;23,9;;;;;;54;4,2;2,7;
2026/03/22;0500 UTC;0;987,7;988,4;987,7;;23,8;;24;23,8;;;;;;51;4,4;2,7;
2026/03/22;0600 UTC;0;987,8;987,8;987,6;;23,5;;23,8;23,5;;;;;;37;4,1;1,6;
2026/03/22;0700 UTC;0;987,7;987,8;987,6;;23,2;;23,5;23,2;;;;;;30;2,8;1,3;
2026/03/22;0800 UTC;0;988,3;988,4;987,7;;23,2;;23,4;23,1;;;;;;17;2,3;,8;
2026/03/22;0900 UTC;0;988,6;988,6;988,2;15,3;23,3;;23,3;23,1;;;;;;27;2,2;1,2;
2026/03/22;1000 UTC;0;988,9;988,9;988,6;443,3;24,9;;24,9;23,3;;;;;;26;3,8;2,1;
2026/03/22;1100 UTC;0;989,6;989,6;988,9;1035;28,5;22,1;28,5;24,8;;;;;68;17;5,6;2,7;
2026/03/22;1200 UTC;0;989,6;989,8;989,6;1864,1;31,3;19,3;31,3;27,8;21,9;18,3;69;48;49;54;6,7;3,4;
2026/03/22;1300 UTC;0;989,4;989,6;989,4;2594,1;30,9;17,8;32,6;30;19,1;15,8;49;39;46;56;7,7;2,2;
2026/03/22;1400 UTC;0;988,7;989,4;988,7;3205,7;32,1;15,6;33,1;30,9;18;15,6;46;36;37;94;7,5;2,8;
2026/03/22;1500 UTC;0;988,1;988,7;988,1;2661,5;33,5;15,7;33,5;31,7;16,9;14,6;40;34;34;95;7;2,3;
2026/03/22;1600 UTC;0;987,2;988,1;987,2;2590;32,8;14,6;34,9;32;16,2;13,9;36;30;33;83;6;2,3;
2026/03/22;1700 UTC;0;986,4;987,2;986,4;1855,5;33,2;15,2;34,1;32;16,3;14,3;38;31;34;98;7,7;2,8;
2026/03/22;1800 UTC;0;985,9;986,4;985,9;2198,4;33;16,3;34,3;32,5;16,8;14,4;38;31;37;88;8,6;3,5;
2026/03/22;1900 UTC;0;985,9;986;985,8;1507,8;31,1;17,1;33,3;31,1;17,2;15,9;43;35;43;95;9,4;3,4;
2026/03/22;2000 UTC;0;985,9;985,9;985,7;513,3;29,4;17,9;31,1;29,4;18,2;17;51;43;50;81;9,2;3,1;
2026/03/22;2100 UTC;0;986,4;986,5;985,9;53,6;27,5;18,2;29,4;27,5;18,4;17,7;57;50;57;86;7,6;2,2;
2026/03/22;2200 UTC;0;987,2;987,2;986,4;;26,2;19,3;27,5;26,2;19,3;18,1;66;57;66;83;6,4;2,1;
2026/03/22;2300 UTC;0;988,1;988,1;987,2;;25,2;20,1;26,2;25,2;20,1;19,4;73;66;73;68;5,8;2,8;
2026/03/23;0000 UTC;0;988,5;988,5;988,1;;24,7;20,7;25,3;24,7;20,7;20,1;78;73;78;58;5,5;2,8;
2026/03/23;0100 UTC;0;988,8;988,8;988,4;;23,9;23,7;24,7;23,9;23,8;20,7;99;78;99;47;5,4;2,3;
2026/03/23;0200 UTC;0;989,1;989,1;988,8;;23,6;;23,9;23,5;;;;;;47;4;2,5;
2026/03/23;0300 UTC;0;988,4;989,1;988,4;;23,7;;23,7;23,6;;;;;;46;5,4;2,8;
2026/03/23;0400 UTC;0;987,8;988,4;987,7;;23,5;;23,8;23,5;;;;;;42;4,5;2,1;
2026/03/23;0500 UTC;0;987,6;987,8;987,4;;23,5;;23,5;23,4;;;;;;32;4,8;1,8;
2026/03/23;0600 UTC;0;987,2;987,6;987,2;;23;;23,5;23;;;;;;33;3,4;1,7;
2026/03/23;0700 UTC;0;987,2;987,2;987,1;;22,8;;23;22,7;;;;;;33;3,1;1,3;
2026/03/23;0800 UTC;0;987,6;987,6;987,2;;22,6;;22,9;22,5;;;;;;21;3;1,5;
2026/03/23;0900 UTC;0;988;988;987,6;23,9;22,7;;22,7;22,5;;;;;;27;3,4;1,7;
2026/03/23;1000 UTC;0;988,7;988,7;988;508,2;24,8;;24,9;22,7;;;;;;32;3,5;1,6;
2026/03/23;1100 UTC;0;989,3;989,3;988,7;1053,1;27,8;20,6;28,1;24,8;;;;;65;41;7,8;4;
2026/03/23;1200 UTC;0;989,3;989,4;989,3;2156,7;31,1;17,8;31,1;27,5;21,6;17,4;68;44;45;35;7,6;2,9;
2026/03/23;1300 UTC;0;989,3;989,3;989,1;2776,4;32,6;15,9;33;30,9;17,8;15,1;46;35;37;44;8,5;3,5;
2026/03/23;1400 UTC;0;988,6;989,3;988,6;2318,9;31,8;14,6;32,9;30,4;16,6;13,7;41;33;35;54;8;3,1;
2026/03/23;1500 UTC;0;987,8;988,6;987,8;3007,3;33,9;12,6;34,5;31,6;15,9;12,6;37;27;28;26;7,6;2;
2026/03/23;1600 UTC;0;986,8;987,8;986,8;3049,8;33;13,8;34,4;32,5;14,2;12,7;33;28;31;103;8,1;4,3;
2026/03/23;1700 UTC;0;986,4;986,8;986,4;2321,5;31,8;14,1;33,6;31,7;14,2;12,7;34;29;34;115;8,9;4,3;
2026/03/23;1800 UTC;0;986,1;986,4;986,1;2177,1;31,3;14,1;32,4;31,3;15,3;13,6;37;32;35;108;10,6;4,5;
2026/03/23;1900 UTC;0;986,1;986,2;986;1235;29,3;16,7;31,3;29,2;16,7;14,1;46;35;46;107;10,6;3,6;
2026/03/23;2000 UTC;0;986,3;986,3;986,1;719,7;28,2;18,7;29,4;28,2;18,8;16,8;57;46;57;101;9,5;2,9;
2026/03/23;2100 UTC;0;987,1;987,1;986,2;63,2;26,6;18,4;28,2;26,6;18,6;18,1;61;56;61;83;7,6;2,3;
2026/03/23;2200 UTC;0;987,4;987,4;987;;25,6;19,5;26,6;25,6;19,5;18,4;69;61;69;77;6,7;3,2;
2026/03/23;2300 UTC;0;988;988;987,4;;25,3;19,7;25,6;25,3;19,7;19,5;71;69;71;89;6;2,2;
2026/03/24;0000 UTC;0;988,5;988,5;987,9;;24,8;19,9;25,3;24,8;20;19,7;75;71;75;72;6,1;2,9;
2026/03/24;0100 UTC;0;988,4;988,6;988,3;;24;20,1;24,8;24;20,1;19,9;79;75;79;52;5,1;2,4;
2026/03/24;0200 UTC;0;988,4;988,5;988,4;;23,2;;24;23,2;23,3;20,1;100;79;;49;4,3;1,4;
2026/03/24;0300 UTC;0;988,2;988,4;988,1;;23,2;;23,2;23;;;;;;53;3,1;1,6;
2026/03/24;0400 UTC;0;988;988,3;988;;23,3;;23,6;23,1;;;;;;56;2,7;1,1;
2026/03/24;0500 UTC;0;987,7;988;987,6;;23,3;;23,6;23,2;;;;;;56;2,1;,6;
2026/03/24;0600 UTC;0;987,6;987,8;987,6;;22,8;;23,4;22,6;;;;;;237;1,1;,5;
2026/03/24;0700 UTC;0;987,8;987,8;987,5;;22,5;;22,9;22,5;;;;;;335;1,2;,5;
2026/03/24;0800 UTC;0;988,2;988,2;987,8;;22,4;;22,8;22,4;;;;;;220;1,6;,5;
2026/03/24;0900 UTC;0;988,7;988,7;988,2;17,8;22,4;;22,4;22,3;;;;;;221;1,5;,5;
2026/03/24;1000 UTC;0;989,1;989,2;988,7;245,2;23,2;;23,2;22,4;;;;;;201;1,9;,3;
2026/03/24;1100 UTC;0;989,8;989,8;989,1;1472,7;28,2;21,1;28,2;23,1;;;;;65;63;6;3,7;
2026/03/24;1200 UTC;0;990;990;989,8;2120,8;30,5;18,5;30,6;28,2;22;18,1;66;49;49;58;9,2;4,9;
2026/03/24;1300 UTC;0;989,7;990,1;989,7;2613,9;31,2;17;32,5;29,9;19;16,1;50;39;43;56;9,2;4,4;
2026/03/24;1400 UTC;0;989,1;989,7;989,1;2545,8;32,9;15,3;33,3;30,8;17,6;14,1;43;33;35;61;12,8;5;
2026/03/24;1500 UTC;0;988,5;989,2;988,5;2940,6;32,4;13,7;34,6;31,7;16,1;12,2;36;29;32;97;11,3;3,5;
2026/03/24;1600 UTC;0;988;988,6;987,9;2005,4;31,9;13,4;33,6;31,6;15,7;12,8;37;30;33;74;9,2;3,8;
2026/03/24;1700 UTC;0;987,4;988;987,4;1802,2;31,9;15,3;33,3;31,3;15,3;12,9;37;30;37;68;9;4,6;
2026/03/24;1800 UTC;0;986,7;987,4;986,6;2185,6;32,2;13,5;32,9;31,4;15,7;12,8;37;30;32;70;9,4;4,9;
2026/03/24;1900 UTC;0;986,7;986,8;986,6;1722,8;31,2;15,4;32,6;31,2;15,4;12,1;39;30;39;67;9,5;5,3;
2026/03/24;2000 UTC;0;987,2;987,2;986,6;561,4;28,7;18,4;31,2;28,7;18,4;15,1;54;38;54;70;9,8;4,6;
2026/03/24;2100 UTC;0;987,9;987,9;987,2;37,1;27,2;19,2;28,8;27,1;19,2;18,4;62;54;62;88;8,5;2,3;
2026/03/24;2200 UTC;0;988,6;988,6;987,9;;26,6;19,6;27,2;26,6;19,6;19,1;66;62;66;84;6,5;3,1;
2026/03/24;2300 UTC;0;989,2;989,2;988,6;;26,4;20,3;26,6;26,4;20,3;19,7;69;66;69;82;6,5;3,1;
2026/03/25;0000 UTC;0;989,3;989,4;989,2;;25,9;20,5;26,5;25,9;20,5;20,3;72;69;72;84;5,9;2,2;
2026/03/25;0100 UTC;0;989,7;989,7;989,3;;25,5;20,5;25,9;25,5;20,5;20,4;74;72;74;82;5,2;2,6;
2026/03/25;0200 UTC;0;989,3;989,8;989,3;;25,2;20,6;25,5;25,2;20,6;20,5;76;74;76;80;5,3;2,3;
2026/03/25;0300 UTC;0;989,1;989,3;989,1;;24,3;20,6;25,2;24,3;20,6;20,3;80;76;80;60;4,5;1,9;
2026/03/25;0400 UTC;0;988,7;989,1;988,7;;23,8;;24,3;23,7;23,8;20,6;100;80;;65;2,6;,8;
2026/03/25;0500 UTC;0;987,9;988,7;987,9;;24,1;;24,2;23,7;;;;;;79;3;1,6;
2026/03/25;0600 UTC;0;987,7;987,9;987,7;;24,4;;24,4;24,1;;;;;;99;3,3;1,2;
2026/03/25;0700 UTC;0;987,9;987,9;987,7;;24,3;;24,4;24,3;;;;;;118;3,3;1,5;
2026/03/25;0800 UTC;0;988,5;988,5;987,9;;23;;24,3;22,9;;;;;;221;2,7;,8;
2026/03/25;0900 UTC;0;989,3;989,3;988,5;9,2;23,1;;23,2;22,9;;;;;;215;1,6;,8;
2026/03/25;1000 UTC;0;989,8;989,8;989,3;256,6;23,7;;23,7;23;;;;;;201;2,1;1,3;
2026/03/25;1100 UTC;1,2;990,5;990,5;989,8;642;24,8;;24,8;23,7;;;;;;117;3,3;1,4;
2026/03/25;1200 UTC;0;990,7;990,7;990,5;1717,9;27,9;21,3;28;24,6;;;;;67;93;4,5;2,2;
2026/03/25;1300 UTC;0;990,3;990,7;990,3;2402,7;29,6;18,5;30,2;27,8;21,5;18;68;50;51;104;6,8;2,6;
2026/03/25;1400 UTC;0;989,8;990,4;989,8;2655,6;31,1;17;31,9;29,2;19,8;16,9;53;42;43;105;6,8;3,4;
2026/03/25;1500 UTC;0;989;989,8;988,9;3710;31,7;16,7;33,1;30,8;17,8;15;45;35;41;110;7,9;3,8;
2026/03/25;1600 UTC;0;988,6;989;988,6;1911,4;29,6;17,3;31,8;29,5;18,7;16,1;49;40;48;98;10,6;3;
2026/03/25;1700 UTC;0;988,1;988,6;988;2068,4;30,7;17,8;32,2;29,6;17,8;16,1;48;39;46;81;8,3;3,9;
2026/03/25;1800 UTC;0;988,2;988,3;988,1;1058,8;28,7;19,1;30,7;28,6;19,8;17,5;57;46;56;130;11,4;5,4;
2026/03/25;1900 UTC;0;988,3;988,4;988,2;1271,4;28,6;18,3;29,1;28,4;20;17,8;59;52;54;103;9,6;3,6;
2026/03/25;2000 UTC;0;988,2;988,3;988,2;567,9;28;18,1;28,6;27,9;19,1;18,1;58;54;55;91;7,8;3;
2026/03/25;2100 UTC;0;988,4;988,4;988,2;76,7;26,7;20,3;28;26,7;20,3;17,9;68;55;68;83;7,7;3,3;
2026/03/25;2200 UTC;0;989;989;988,4;;26;20,1;26,7;26;20,4;20,1;71;68;70;80;8,3;3,2;
2026/03/25;2300 UTC;0;989,4;989,4;989;;26;20,1;26;25,8;20,3;19,9;71;70;70;98;7,9;1,8;
2026/03/26;0000 UTC;0;990,1;990,1;989,4;;25,6;20;26;25,5;20,2;20;72;70;72;73;4,8;2,3;
2026/03/26;0100 UTC;0;990,6;990,6;990,1;;25,6;20;25,6;25,4;20,1;20;73;71;71;99;4,4;1,4;
2026/03/26;0200 UTC;0;990,3;990,6;990,3;;25,6;19,3;25,8;25,6;20;19,3;71;68;68;96;4;1,5;
2026/03/26;0300 UTC;0;989,8;990,3;989,8;;25,4;19,4;25,6;25,4;19,4;19,3;69;68;69;112;4;1,9;
2026/03/26;0400 UTC;0;989,6;989,9;989,6;;24,2;19,5;25,4;24,2;19,5;19,3;75;69;75;75;3,8;1,1;
2026/03/26;0500 UTC;0;989;989,6;989;;23,4;20,2;24,7;23,4;20,2;19,2;82;73;82;222;2,8;,7;
2026/03/26;0600 UTC;0;989,1;989,1;989;;23,2;23,2;23,4;23;23,2;20,2;100;82;100;198;2,6;1,6;
2026/03/26;0700 UTC;3,4;989,2;989,4;989,1;;22,4;;23,5;22,3;;;;;;324;8,1;,7;
2026/03/26;0800 UTC;0;989,3;989,4;989,2;;22,2;;22,5;22,2;;;;;;223;3,3;2,1;
2026/03/26;0900 UTC;0;989,6;989,6;989,3;14,6;22,1;;22,2;22,1;;;;;;225;3,3;1,6;
2026/03/26;1000 UTC;0;989,9;989,9;989,5;286,5;22,9;;22,9;22,1;;;;;;211;3,6;2,1;
2026/03/26;1100 UTC;,6;990,4;990,4;989,9;749,6;23,8;;23,8;22,8;;;;;;136;4,9;,7;
2026/03/26;1200 UTC;0;990,6;990,6;990,4;1491,8;25,8;21,8;26,1;23,7;;;;;79;132;4,2;1,5;
2026/03/26;1300 UTC;0;990,2;990,7;990,2;1639,3;27,9;23,3;28,1;25,5;23,3;20,4;83;64;76;24;5,8;2,1;
2026/03/26;1400 UTC;1,4;989,8;990,2;989,7;2282,6;25,2;23,7;30;25,2;23,9;19,3;92;57;92;149;8,9;3,1;
2026/03/26;1500 UTC;,2;989;989,8;989;2831,1;26,7;22,8;27,5;24,6;26,3;20,2;100;72;79;167;10,7;3,8;
2026/03/26;1600 UTC;,2;988;989;988;2276,1;28;20,4;28;25,7;23,3;20,4;82;63;63;151;7,1;3,6;
2026/03/26;1700 UTC;0;987,5;988;987,5;2318,7;30;16,6;30,2;28;20,7;16,4;63;44;44;117;10,1;4,6;
2026/03/26;1800 UTC;0;987,5;987,5;987,4;2078,2;29,9;19,2;30,6;28,9;19,2;16,1;54;42;53;110;9,8;3,4;
2026/03/26;1900 UTC;0;987,9;987,9;987,4;1662;28,5;18,1;30,3;28,5;19,1;17;54;48;53;107;11;3,8;
2026/03/26;2000 UTC;0;988,3;988,4;987,9;790,3;27,5;18,3;28,6;27,5;18,5;17,1;57;50;57;120;11;4,6;
2026/03/26;2100 UTC;0;988,8;988,8;988,3;102,1;26,2;18,8;27,6;26,2;18,8;17,1;64;53;64;126;8,3;2,7;
2026/03/26;2200 UTC;0;989,2;989,2;988,8;;25,2;19,4;26,2;25,2;19,4;18,8;70;64;70;132;5,1;2,6;
2026/03/26;2300 UTC;0;989,5;989,5;989,2;;24,9;19,4;25,2;24,8;19,6;19,4;73;70;72;131;5;2,7;
2026/03/27;0000 UTC;0;989,7;989,7;989,5;;24,6;19,5;24,9;24,5;19,5;19,4;73;71;73;129;5,2;2,2;
2026/03/27;0100 UTC;0;989,8;989,9;989,7;;23,9;19,9;24,6;23,6;20;19,4;79;73;79;148;3,8;1,4;
2026/03/27;0200 UTC;0;989,6;989,8;989,6;;24,3;21,4;24,4;23,8;21,4;19,9;84;79;84;117;5;2,1;
2026/03/27;0300 UTC;0;989,2;989,6;989,2;;23,5;23,3;24,3;23,5;23,4;21,4;99;84;99;166;4,4;1,2;
2026/03/27;0400 UTC;0;988,8;989,2;988,8;;22,9;;23,5;22,9;;;;;;184;2,8;1,3;
2026/03/27;0500 UTC;0;988,2;988,8;988,2;;22,6;;22,9;22,6;;;;;;191;2,4;1,2;
2026/03/27;0600 UTC;0;988,2;988,3;988,1;;22,4;;22,6;22,4;;;;;;201;2,3;1,5;
2026/03/27;0700 UTC;0;988,1;988,2;988;;22,1;;22,4;22,1;;;;;;221;2,6;1,4;
2026/03/27;0800 UTC;0;988,3;988,3;988,1;;22;;22,2;22;;;;;;207;2,7;1,4;
2026/03/27;0900 UTC;0;988,8;988,8;988,3;19,4;22,1;;22,2;22;;;;;;212;2,7;1,4;
2026/03/27;1000 UTC;0;989,2;989,2;988,8;455,4;23,5;;23,6;22,1;;;;;;188;3,8;2,2;
2026/03/27;1100 UTC;0;989,7;989,7;989,2;1364,1;26,7;23,3;26,8;23,5;;;;;81;148;6,6;2,6;
2026/03/27;1200 UTC;0;989,8;989,9;989,7;2213,9;28,8;20,4;28,9;26,6;23,4;20;82;61;61;137;9;3,9;
2026/03/27;1300 UTC;0;990;990,1;989,8;2440,6;29,8;17,1;30,2;28,3;20,6;17,1;62;46;47;137;9,7;5,6;
2026/03/27;1400 UTC;0;989,3;990;989,3;3015,3;30,8;17,7;31,1;29,2;19,4;16,5;54;42;46;131;9,8;4,8;
2026/03/27;1500 UTC;0;988,5;989,4;988,5;2945,4;31,1;16,5;31,8;30,1;18,1;15,2;47;39;41;130;9,9;4,7;
2026/03/27;1600 UTC;0;988;988,5;987,9;2768,6;29,7;15,9;31,8;29,2;17,6;15;46;37;43;118;11,6;6,3;
2026/03/27;1700 UTC;0;987,6;988;987,6;2114,5;28,9;17,4;30,4;28,9;18,8;14,7;52;39;50;120;13,4;6,7;
2026/03/27;1800 UTC;0;987,5;987,6;987,4;2166,9;29,4;19;30,4;28,8;19,4;16,7;55;45;54;120;13,4;4,9;
2026/03/27;1900 UTC;0;987,8;987,8;987,4;1033,4;28,8;18,2;30;28,8;19,4;18,1;55;51;53;103;10,1;3,6;
2026/03/27;2000 UTC;0;988,2;988,2;987,7;574,1;28;19,3;29;28;19,3;17,9;59;52;59;124;8,8;3,9;
2026/03/27;2100 UTC;0;988,7;988,7;988,2;124,9;26,3;19,4;28,2;26;19,7;17,9;68;55;66;125;9,9;3,8;
2026/03/27;2200 UTC;0;989,5;989,5;988,7;;25,5;20,2;26,3;25,5;20,3;19,4;73;66;73;123;6,9;2,4;
2026/03/27;2300 UTC;0;990;990;989,5;;25,3;20,7;25,6;25,3;20,7;20,3;75;73;75;110;5;1,7;
2026/03/28;0000 UTC;0;990,2;990,2;989,9;;24,9;20,8;25,3;24,9;20,9;20,7;78;75;78;140;4,1;2;
2026/03/28;0100 UTC;0;990,3;990,4;990,2;;24,6;20,7;24,9;24,6;20,9;20,6;79;78;79;142;3,9;1,5;
2026/03/28;0200 UTC;0;989,9;990,4;989,9;;23,9;23,6;24,6;23,8;23,6;20,6;99;79;99;176;3,3;,5;
2026/03/28;0300 UTC;0;989,2;989,9;989,2;;23,5;;23,8;23,5;;;;;;184;2;1,4;
2026/03/28;0400 UTC;0;988,7;989,2;988,7;;23,3;;23,5;23,2;;;;;;180;2,2;1,2;
2026/03/28;0500 UTC;0;988,3;988,7;988,3;;23,5;;23,5;23,2;;;;;;159;2,2;,9;
2026/03/28;0600 UTC;0;987,7;988,3;987,7;;22,8;;23,5;22,7;;;;;;223;1,7;1,2;
2026/03/28;0700 UTC;0;987,7;987,8;987,6;;22,7;;22,8;22,6;;;;;;221;2,2;1,5;
2026/03/28;0800 UTC;0;988,2;988,2;987,7;;22,9;;22,9;22,7;;;;;;223;2,2;,6;
2026/03/28;0900 UTC;0;988,7;988,7;988,1;22,6;22,7;;22,9;22,6;;;;;;223;2,1;1,4;
2026/03/28;1000 UTC;0;989,2;989,3;988,7;416;23,4;;23,7;22,7;;;;;;175;3,2;1,4;
2026/03/28;1100 UTC;0;990;990;989,2;1293;25,7;25,7;25,7;23,4;;;;;100;161;5,6;2,6;
2026/03/28;1200 UTC;0;990,2;990,2;990;1417;27;22,5;27,3;25,4;26;21,6;100;72;77;138;4,9;2,4;
2026/03/28;1300 UTC;0;990,1;990,3;990;2350,5;28,3;20,5;29,1;26;23,8;20,3;87;62;63;145;7,6;3,3;
2026/03/28;1400 UTC;,2;989,5;990,1;989,4;2863,6;29,4;19,2;29,9;26,5;22,8;19;77;53;54;83;9,3;3,9;
2026/03/28;1500 UTC;0;988,9;989,5;988,8;3091,8;29,2;18,9;31,6;28,9;20,1;17,8;56;45;54;88;10,3;4,4;
2026/03/28;1600 UTC;0;988,1;988,9;988,1;2945,2;31,1;17,3;31,8;27,9;20,6;17;60;43;44;90;9,9;4,5;
2026/03/28;1700 UTC;0;987,7;988,1;987,7;2304,9;30,6;18,2;31,7;30;18,8;15,9;50;40;48;98;10;3,5;
2026/03/28;1800 UTC;0;987,3;987,7;987,3;1909,4;31,4;17,4;31,4;29,7;19,2;16,7;52;42;43;103;9,4;3,4;
2026/03/28;1900 UTC;0;987,6;987,6;987,2;1399,9;29,3;19,3;31,6;29;19,3;16,9;55;42;55;111;9,8;3,6;
2026/03/28;2000 UTC;0;988,5;988,5;987,6;839,8;28,2;18,7;29,3;28,2;19,6;18,4;58;54;56;101;8,6;3,3;
2026/03/28;2100 UTC;0;989;989;988,5;53;27,1;20;28,2;27,1;20;18,7;65;56;65;102;8;2,3;
2026/03/28;2200 UTC;0;989,5;989,5;989;;26;20,6;27,1;25,6;20,6;18,4;72;64;72;124;6,4;2,8;
2026/03/28;2300 UTC;0;990,5;990,5;989,5;;24,8;21;26;24,8;21,4;20,6;79;72;79;135;6,4;2,3;
2026/03/29;0000 UTC;0;990,7;990,7;990,4;;24,5;23,5;24,8;24,5;23,5;21,1;94;80;94;154;5,9;1,8;
2026/03/29;0100 UTC;0;990,7;990,9;990,7;;23,8;;24,6;23,8;;;;;;191;2,9;1,4;
2026/03/29;0200 UTC;2,6;990,5;990,9;990,4;;23,7;;24;23,5;;;;;;140;6,9;1,4;
2026/03/29;0300 UTC;0;989,7;990,6;989,7;;23,3;;23,8;23,3;;;;;;181;3,6;1,5;
2026/03/29;0400 UTC;0;989,1;989,7;989,1;;23,3;;23,3;23,2;;;;;;187;3;2;
2026/03/29;0500 UTC;,2;988,6;989,1;988,6;;23,1;;23,3;23,1;;;;;;201;3;1;
2026/03/29;0600 UTC;0;988,2;988,7;988,2;;22,9;;23,1;22,8;;;;;;193;2,3;1;
2026/03/29;0700 UTC;0;988,4;988,5;988,2;;22,8;;22,9;22,8;;;;;;187;2,5;1,2;
2026/03/29;0800 UTC;0;988,4;988,5;988,4;;22,7;;22,8;22,7;;;;;;206;2,5;1,3;
2026/03/29;0900 UTC;0;989,1;989,1;988,4;9,8;22,8;;22,8;22,6;;;;;;216;2;1,2;
2026/03/29;1000 UTC;0;989,6;989,6;989,1;220,2;23,2;;23,3;22,8;;;;;;203;3,6;2,2;
2026/03/29;1100 UTC;,2;990,2;990,2;989,6;472,3;23,9;;23,9;23,2;;;;;;194;3,4;1,7;
2026/03/29;1200 UTC;0;990,5;990,5;990,2;1611,3;26;25;27;23,9;;;;;95;140;3,8;1,7;
2026/03/29;1300 UTC;,2;990,5;990,5;990,3;1653,5;27,1;22;27,4;25,9;27,1;21,4;100;71;74;76;6,3;3,6;
2026/03/29;1400 UTC;0;989,6;990,5;989,6;2470,9;28,6;20,6;28,9;26,9;24,1;20,6;84;62;62;140;6,6;3,1;
2026/03/29;1500 UTC;0;988,9;989,6;988,9;1655,5;27,1;22,5;28,7;26,7;22,9;19,9;78;60;76;55;9,3;2,4;
2026/03/29;1600 UTC;0;987,9;988,9;987,9;2175,6;29,8;20,1;29,8;27;23;18,9;77;55;56;99;9;4,2;
2026/03/29;1700 UTC;0;987,7;988;987,6;1795;27,6;21,1;30,2;26,9;21,1;18,9;68;53;68;99;10,9;3,8;
2026/03/29;1800 UTC;0;987,3;987,7;987,3;1428,5;26,3;20,2;27,7;25,9;21;19,6;71;65;69;88;10,5;2,9;
2026/03/29;1900 UTC;0;987,2;987,4;987,2;670,1;27,4;19,5;27,4;26,1;21,3;19,5;73;62;62;98;6,9;2,5;
2026/03/29;2000 UTC;0;987,8;987,8;987,2;361,6;27,1;18,7;27,6;27,1;20;18,6;64;60;60;97;6,9;2,3;
2026/03/29;2100 UTC;0;988,3;988,4;987,8;21,2;25,9;20,3;27,1;25,9;20,3;18,7;71;60;71;94;5,8;2;
2026/03/29;2200 UTC;0;988,9;988,9;988,3;;25,4;21;25,9;25,4;21,1;20,3;77;71;77;76;5,5;1,8;
2026/03/29;2300 UTC;0;989,5;989,5;988,9;;25;21,5;25,4;24,9;21,5;21;81;77;81;58;4,1;2,2;
2026/03/30;0000 UTC;0;990,2;990,2;989,5;;24,5;;25;24,5;24,6;21,6;100;81;;52;4;1,6;
2026/03/30;0100 UTC;0;990,5;990,5;990,1;;24,1;;24,5;24,1;;;;;;30;3,3;1,3;
2026/03/30;0200 UTC;0;989,8;990,5;989,8;;23,9;;24,1;23,9;;;;;;356;2,2;,7;
2026/03/30;0300 UTC;0;989,5;989,9;989,5;;23,8;;23,9;23,8;;;;;;237;1,9;1;
2026/03/30;0400 UTC;0;989,1;989,5;989,1;;23,7;;23,8;23,7;;;;;;232;1,9;1,1;
2026/03/30;0500 UTC;2,2;988,9;989,1;988,9;;22,3;;24;22,2;;;;;;89;7,5;3;
2026/03/30;0600 UTC;4,2;988,3;988,9;988,3;;22,7;;22,7;22;;;;;;192;7,2;1,6;
2026/03/30;0700 UTC;,2;988,2;988,5;988;;22,5;;22,8;22,5;;;;;;45;3,3;,6;
2026/03/30;0800 UTC;0;988,3;988,3;987,9;;22,7;;23;22,5;;;;;;89;4,1;1,5;
2026/03/30;0900 UTC;0;989;989;988,3;5,3;22,7;;22,8;22,4;;;;;;324;4,1;,5;
2026/03/30;1000 UTC;0;989,2;989,4;989;166,1;23,2;;23,2;22,6;;;;;;318;1,5;,5;
2026/03/30;1100 UTC;0;989,7;989,7;989,2;518,4;23,6;;23,8;23,2;;;;;;215;2,5;1,6;
2026/03/30;1200 UTC;,4;990;990,1;989,7;1030,8;25;;25,4;23,6;;;;;;207;2,8;1,3;
2026/03/30;1300 UTC;0;989,6;990;989,6;1334,4;26,4;23,4;26,4;24,9;;;;;84;162;3,4;1,8;
2026/03/30;1400 UTC;,2;988,9;989,6;988,9;1855,3;27,2;21,6;27,5;25,7;26,2;20,9;99;69;71;132;5,3;2,9;
2026/03/30;1500 UTC;,4;988,2;988,9;988,2;1245,4;25,4;23,7;28,1;25,1;23,7;20,6;91;66;91;132;9,6;2,8;
2026/03/30;1600 UTC;0;987,2;988,2;987,2;2694,3;29,4;20,8;29,5;25,4;24,7;18,8;92;53;60;91;7,7;2,8;
2026/03/30;1700 UTC;0;986,9;987,2;986,8;1422,4;28,4;19,9;29,3;28,4;21,4;19,5;64;58;60;73;8,8;4,8;
2026/03/30;1800 UTC;0;986,6;986,9;986,5;1011,4;26,7;18,4;28,7;26,7;20,7;18,4;63;59;60;92;8,8;3,5;
2026/03/30;1900 UTC;0;986,5;986,7;986,5;407,2;26,5;19;26,9;26,5;19;18,4;64;60;64;113;8;3,2;
2026/03/30;2000 UTC;0;987;987;986,5;187,3;25,8;19,8;26,6;25,8;19,8;19,1;69;64;69;104;7,6;1,5;
2026/03/30;2100 UTC;0;987;987,1;986,8;27,2;25,1;20,4;25,8;25,1;20,4;19,8;75;69;75;127;4,6;2,2;
2026/03/30;2200 UTC;0;987,4;987,4;987;;24,8;20,9;25,1;24,8;21;20,4;79;75;79;100;4,1;1,5;
2026/03/30;2300 UTC;0;988,3;988,3;987,4;;24,8;20,4;24,8;24,6;21,9;20,4;85;77;77;104;3,7;1,5;
2026/03/31;0000 UTC;0;988,8;988,8;988,3;;24;22,5;24,8;24;22,5;20,2;91;76;91;59;3,7;1,4;
2026/03/31;0100 UTC;0;989,1;989,2;988,8;;23,6;;24;23,6;;;;;;53;2,5;1,2;
2026/03/31;0200 UTC;0;989;989,2;989;;23,2;;23,7;23,2;;;;;;235;1,9;1,1;
2026/03/31;0300 UTC;0;988,8;989;988,6;;23,3;;23,3;23,1;;;;;;233;1,9;,8;
2026/03/31;0400 UTC;0;988,2;988,8;988,1;;23,2;;23,3;23,1;;;;;;164;1,5;,4;
2026/03/31;0500 UTC;0;987,6;988,2;987,6;;23,1;;23,2;23;;;;;;235;1,2;,7;
2026/03/31;0600 UTC;0;987,2;987,6;987,2;;23;;23,2;23;;;;;;185;2;1,4;
2026/03/31;0700 UTC;0;987;987,2;987;;22,9;;23,1;22,8;;;;;;224;2;,6;
2026/03/31;0800 UTC;0;987,1;987,1;986,8;;22,7;;22,9;22,6;;;;;;235;1,4;,9;
2026/03/31;0900 UTC;0;987,9;987,9;987,1;12,7;22,8;;22,8;22,6;;;;;;226;2;1,4;
2026/03/31;1000 UTC;,2;988,6;988,6;987,9;327,7;23,3;;23,4;22,8;;;;;;216;3,4;2,1;
2026/03/31;1100 UTC;0;989,5;989,5;988,6;862,2;25;;25,1;23,3;;;;;;201;3,3;1,7;
2026/03/31;1200 UTC;0;989,7;989,8;989,5;1639,7;27,8;22,3;27,8;25;;;;;72;143;3,6;1,6;
2026/03/31;1300 UTC;0;989,6;989,8;989,6;2250,8;29,4;18,7;30,1;27,4;22,1;17,6;72;49;52;116;4,7;2,5;
2026/03/31;1400 UTC;0;989;989,6;989;2274,6;29,9;17,5;31,1;28,6;20,6;17;59;46;47;99;5,1;2,2;
2026/03/31;1500 UTC;0;988,3;989;988,3;2623,1;31,3;20,4;32,8;28,7;20,8;17,5;61;41;52;57;7,2;3,1;
2026/03/31;1600 UTC;0;987,3;988,3;987,3;1995,7;30,2;18,1;31,3;28,9;20,5;17,9;56;47;48;87;8,7;3,9;
2026/03/31;1700 UTC;0;986,7;987,3;986,6;2323,2;29,3;19,2;31,2;29;19,4;17,3;56;44;55;109;8,6;3,9;
2026/03/31;1800 UTC;0;986,1;986,7;986,1;2301,7;30,2;18,1;30,4;29,3;19,3;17,2;55;47;49;108;8,2;3,3;
2026/03/31;1900 UTC;0;986,1;986,1;986;1138,3;29;18,3;30,2;28,7;19,2;17,6;55;49;52;101;8,5;3,7;
2026/03/31;2000 UTC;0;986,2;986,2;986,1;702,3;27,8;18,6;29,3;27,8;18,7;17,7;57;52;57;97;7,4;2,7;
2026/03/31;2100 UTC;0;986,5;986,5;986,1;91,5;26,6;19,1;27,8;26,6;19,4;18,7;64;57;63;119;6,3;3,1;
2026/03/31;2200 UTC;0;987,4;987,4;986,5;;25,6;19,6;26,6;25,6;19,6;18,9;69;63;69;122;6,3;2,7;
2026/03/31;2300 UTC;0;988,4;988,4;987,4;;25,2;19,6;25,6;25,2;19,8;19,5;71;69;71;130;4,9;2,3;
2026/04/01;0000 UTC;0;988,9;988,9;988,4;;25;20,5;25,2;25;20,5;19,6;76;71;76;127;4,2;2,1;
2026/04/01;0100 UTC;0;989,2;989,3;988,9;;24,9;20,6;25;24,8;20,7;20,3;77;75;77;110;4,6;1,8;
2026/04/01;0200 UTC;0;989;989,3;989;;24,6;20,8;25,1;24,6;20,8;20,6;79;76;79;118;4,3;1,8;
2026/04/01;0300 UTC;0;988,5;989;988,5;;24,3;20,4;24,7;24,3;20,8;19,9;79;76;79;135;4,3;1,8;
2026/04/01;0400 UTC;0;988,1;988,5;988,1;;23,4;;24,5;23,4;23,6;20,4;100;79;;180;3,8;,8;
2026/04/01;0500 UTC;0;987,7;988,1;987,7;;22,9;;23,4;22,9;;;;;;203;1,9;1,4;
2026/04/01;0600 UTC;0;987,7;987,7;987,5;;23;;23;22,8;;;;;;242;2,6;,4;
2026/04/01;0700 UTC;0;987,8;987,8;987,7;;22,7;;23;22,7;;;;;;213;1,8;1,1;
2026/04/01;0800 UTC;0;987,8;987,9;987,7;;22,7;;22,8;22,6;;;;;;203;2,2;1,3;
2026/04/01;0900 UTC;0;988,3;988,4;987,8;28,8;22,8;;22,8;22,6;;;;;;197;3,2;1,5;
2026/04/01;1000 UTC;0;989;989;988,3;571,3;24,2;;24,2;22,8;;;;;;190;2,3;1,3;
2026/04/01;1100 UTC;0;989,5;989,5;989;1134,5;26,8;24;26,8;24,2;;;;;85;100;3,6;1,9;
2026/04/01;1200 UTC;0;989,9;989,9;989,5;1555,6;28,4;18,6;28,6;26,7;23,3;18,3;84;54;56;106;5,5;2,6;
2026/04/01;1300 UTC;0;989,8;989,9;989,7;2492,3;30,5;16,8;30,5;28,4;19,6;16,8;58;44;44;84;6,8;3;
2026/04/01;1400 UTC;0;989,4;989,8;989,4;3353;30,8;16,9;31,3;30,1;18,5;16,3;49;42;43;118;8;3,2;
2026/04/01;1500 UTC;0;988,3;989,4;988,3;3157,4;31,3;16,9;32;30,3;17,3;14,8;44;37;42;134;8,2;3,5;
2026/04/01;1600 UTC;0;987,4;988,3;987,4;2373,7;30,5;17,7;31,9;29,8;17,8;16,3;47;40;46;125;8,5;3,7;
2026/04/01;1700 UTC;0;986,7;987,3;986,7;2428,7;30,6;17,6;31,8;29,8;18,3;16,7;49;41;46;105;8,4;3,4;
2026/04/01;1800 UTC;0;986,4;986,7;986,3;1999,6;29,9;17,5;31,2;29,7;17,7;16,1;47;41;47;108;8,3;3,4;
2026/04/01;1900 UTC;0;986,6;986,6;986,3;1338,9;29,4;17,5;30,3;29,3;19,3;17,5;54;47;49;107;8,6;3,2;
2026/04/01;2000 UTC;0;986,8;986,8;986,5;791,9;28;18,8;29,6;28;18,8;16,8;57;47;57;91;8,6;2,7;
2026/04/01;2100 UTC;0;987,3;987,3;986,8;52,4;26,4;19;28;26,4;19,7;18,7;64;57;64;102;6,9;2,5;
2026/04/01;2200 UTC;0;988;988;987,3;;25;19,8;26,4;25;19,9;19;73;64;73;136;7,9;2,4;
2026/04/01;2300 UTC;0;989,1;989,1;988;;24,1;23,9;25,1;24,1;23,9;19,8;99;73;99;137;6;3,6;
2026/04/02;0000 UTC;,8;990;990;989,1;;23,4;;24,1;23,4;;;;;;142;7,3;3,1;
2026/04/02;0100 UTC;1,8;990,1;990,2;989,9;;23,4;;23,5;23,3;;;;;;146;5,2;2,1;
2026/04/02;0200 UTC;,6;989,9;990,2;989,8;;23,6;;23,6;23,2;;;;;;113;5,5;2,4;
2026/04/02;0300 UTC;0;989,5;989,9;989,5;;23,3;;23,7;23,2;;;;;;203;4,6;,6;
2026/04/02;0400 UTC;2,6;989,1;989,5;989,1;;23,3;;23,4;23,1;;;;;;196;2,8;1,5;
2026/04/02;0500 UTC;,2;988,2;989,1;988,2;;23;;23,3;22,9;;;;;;192;3,2;1,7;
2026/04/02;0600 UTC;0;987,7;988,2;987,7;;22,9;;23;22,9;;;;;;172;3,6;2,2;
2026/04/02;0700 UTC;0;987,7;987,9;987,7;;22,9;;22,9;22,8;;;;;;167;3,5;1,8;
2026/04/02;0800 UTC;2;988,2;988,2;987,7;;23,1;;23,2;22,9;;;;;;125;5;1,8;
2026/04/02;0900 UTC;,4;988,6;988,6;988,1;18,7;23,3;;23,3;23;;;;;;131;5;,8;
2026/04/02;1000 UTC;0;989,1;989,1;988,6;175,1;23,1;;23,5;22,9;;;;;;75;7,9;3;
2026/04/02;1100 UTC;,2;990;990;989,1;604,2;23,7;;23,7;23,1;;;;;;83;5,9;2,1;
2026/04/02;1200 UTC;0;990,5;990,5;990;1513,1;25,8;25;26,3;23,7;;;;;96;73;6,2;3,7;
2026/04/02;1300 UTC;0;990,4;990,5;990,3;1968,9;27,8;20,7;28,1;25,7;25,6;20,7;98;65;65;78;6;2,1;
2026/04/02;1400 UTC;,2;990,1;990,4;990,1;1410,5;25,2;25;28;25,1;25;19,3;98;61;98;60;8,9;4,6;
2026/04/02;1500 UTC;0;989,2;990,1;989,2;2185,2;28;21,2;28,1;25,2;26,7;21,2;100;67;67;51;8,9;4,3;
2026/04/02;1600 UTC;0;988,6;989,2;988,5;2374,5;27,3;19,4;29,7;27,3;22,7;19,4;70;58;62;75;8,6;4,8;
2026/04/02;1700 UTC;0;988,1;988,6;988,1;2357,8;29,7;18,4;30,1;27,3;20,7;17,9;63;49;51;91;9,2;2,5;
2026/04/02;1800 UTC;0;987,9;988,1;987,9;1498,6;29,4;20,5;29,7;27,7;21,1;18,1;62;51;59;35;8,7;2,3;
2026/04/02;1900 UTC;0;988,1;988,1;987,9;701;27,5;19,8;29,4;27;20,6;19,6;66;58;63;92;6,3;1,7;
2026/04/02;2000 UTC;0;988,4;988,4;988,1;290,2;26,5;20,3;27,6;25,7;20,3;18,5;69;61;69;86;7,5;1,5;
2026/04/02;2100 UTC;0;988,8;988,8;988,4;54,2;26;20,3;26,5;26;20,3;19,9;71;68;71;118;4,8;2,1;
2026/04/02;2200 UTC;0;989,4;989,4;988,7;;25,4;20,7;26;25,4;20,7;20,3;76;71;76;116;4,8;2,4;
2026/04/02;2300 UTC;0;990,4;990,4;989,4;;25,1;20,8;25,4;25;20,8;20,7;77;76;77;120;4,8;2,2;
2026/04/03;0000 UTC;0;991,2;991,2;990,4;;24,2;24;25,1;24,2;24;20,8;99;77;99;171;3,5;1,3;
2026/04/03;0100 UTC;0;991,5;991,7;991,2;;23,7;;24,2;23,7;;;;;;189;2,8;2;
2026/04/03;0200 UTC;0;991,6;991,6;991,4;;23,4;;23,7;23,4;;;;;;183;2,7;1,7;
2026/04/03;0300 UTC;0;991;991,6;991;;23,3;;23,5;23,3;;;;;;194;2,9;1,4;
2026/04/03;0400 UTC;0;990,4;991;990,4;;23,2;;23,3;23;;;;;;204;1,9;,5;
2026/04/03;0500 UTC;0;990;990,4;989,9;;22,9;;23,2;22,8;;;;;;227;2;1,4;
2026/04/03;0600 UTC;0;989,6;990;989,6;;22,9;;23;22,8;;;;;;203;2,5;1,6;
2026/04/03;0700 UTC;0;989,9;989,9;989,6;;22,8;;22,9;22,8;;;;;;210;3;1,5;
2026/04/03;0800 UTC;0;990,3;990,3;989,9;;22,7;;22,8;22,6;;;;;;208;2,8;1,7;
2026/04/03;0900 UTC;,2;990,6;990,6;990,3;19,7;22,7;;22,7;22,6;;;;;;225;2,9;1,1;
2026/04/03;1000 UTC;0;991,3;991,3;990,6;511,7;23,5;;23,6;22,7;;;;;;226;2;1;
2026/04/03;1100 UTC;0;991,8;991,8;991,3;1177,3;25,4;;25,4;23,4;;;;;;167;2,3;,9;
2026/04/03;1200 UTC;0;992,1;992,2;991,8;1029,2;27,6;22,6;27,6;25,4;26,1;21,5;100;71;74;54;3;1,3;
2026/04/03;1300 UTC;0;992,3;992,3;992,1;2273,4;27,6;20,3;29,9;27,6;22,7;19;74;54;65;63;6,8;3,5;
2026/04/03;1400 UTC;,4;991,8;992,5;991,8;1670,4;29,3;23,2;29,3;24,8;26,3;20,4;100;65;70;45;8,1;1,5;
2026/04/03;1500 UTC;3,4;991;991,8;991;1897,4;25,8;;30,2;25,1;25,5;20,1;100;55;;168;6,8;2;
2026/04/03;1600 UTC;,4;989,9;991;989,9;2466;26,9;21,2;29,8;25,4;27;20,6;100;59;71;188;5,6;1,9;
2026/04/03;1700 UTC;0;989,1;989,9;989,1;1499;29,7;20;30,4;26,9;22,9;18,7;74;51;56;75;7,1;3,8;
2026/04/03;1800 UTC;0;989;989,1;988,9;2072,8;30,2;18,3;30,7;29,4;19,9;17,8;56;48;49;90;7,8;2,7;
2026/04/03;1900 UTC;0;989,3;989,3;989;1352,4;29,1;18,6;30,4;28,9;18,8;17,7;54;47;53;110;6,7;3;
2026/04/03;2000 UTC;0;989,7;989,7;989,3;637,9;27,8;19,3;29,2;27,8;19,3;18,2;60;53;60;104;7,9;2,9;
2026/04/03;2100 UTC;0;990,1;990,1;989,7;56,4;26,3;19,7;27,8;26,3;19,7;18,7;67;59;67;101;7,9;1,6;
2026/04/03;2200 UTC;0;990,7;990,7;990,1;;25,5;20,7;26,3;25,5;20,7;19,8;74;67;74;107;4,5;1,8;
2026/04/03;2300 UTC;0;991;991;990,6;;24,9;22,2;25,5;24,9;22,2;20,7;85;74;85;106;4,9;1,8;
2026/04/04;0000 UTC;0;991,5;991,5;991;;24,7;24;24,9;24,6;24;22,3;96;85;96;100;4,9;1,5;
2026/04/04;0100 UTC;0;991,7;991,8;991,5;;24,6;23,3;24,7;24,6;24;23,3;96;92;92;88;4,1;1,6;
2026/04/04;0200 UTC;0;991,6;991,8;991,6;;24,5;;24,6;24,4;24,5;23,2;100;92;;112;3,7;1,4;
2026/04/04;0300 UTC;0;991,2;991,6;991,2;;24,2;;24,5;24,2;;;;;;58;3,4;1,4;
2026/04/04;0400 UTC;0;990,5;991,2;990,5;;23,9;;24,2;23,8;;;;;;150;3,7;,8;
2026/04/04;0500 UTC;0;989,6;990,5;989,6;;23,7;;24;23,5;;;;;;118;3,1;,8;
2026/04/04;0600 UTC;0;989,5;989,6;989,4;;22,9;;23,7;22,9;;;;;;157;2,8;,9;
2026/04/04;0700 UTC;,2;989,6;989,6;989,5;;23;;23,1;22,9;;;;;;191;2,7;1,3;
2026/04/04;0800 UTC;0;989,9;990;989,6;;22,9;;23;22,9;;;;;;218;2,1;,8;
2026/04/04;0900 UTC;,4;990,3;990,4;989,9;18,5;22,8;;23;22,8;;;;;;193;1,8;1,2;
2026/04/04;1000 UTC;0;991;991;990,3;383,3;23,7;;24;22,8;;;;;;283;1,7;,7;
2026/04/04;1100 UTC;0;991,4;991,4;991;1313,9;26;;26;23,6;;;;;;191;2,5;1;
2026/04/04;1200 UTC;4,2;991,7;991,8;991,4;1281,3;26,6;;26,8;24,9;;;;;;54;4,5;2,5;
2026/04/04;1300 UTC;0;991,5;991,8;991,5;1787,6;29;22,4;29,1;26,2;27;22,2;100;68;68;46;5,5;2,9;
2026/04/04;1400 UTC;5,8;990,9;991,5;990,9;1702,3;25,4;;30,6;24,3;23,9;20,1;100;57;;104;7;1,7;
2026/04/04;1500 UTC;2;990;990,9;990;1702,4;25,9;25,3;27,5;25,4;;;;;97;66;7,7;3,3;
2026/04/04;1600 UTC;,2;989,2;990,1;989,2;2469,6;28,3;20,4;29,1;25,7;27,7;20,1;100;61;62;80;9,1;3,9;
2026/04/04;1700 UTC;0;988,5;989,2;988,5;2704,2;29,5;18,8;30,4;28,3;21,9;17,6;63;48;53;90;8,8;3,5;
2026/04/04;1800 UTC;0;988,3;988,5;988,2;2260,2;29,5;17,9;30,4;29,4;19,5;17,6;54;49;50;84;9,1;3,1;
2026/04/04;1900 UTC;0;988,3;988,4;988,2;1396,3;28,3;18,9;29,8;28,3;18,9;18,1;57;50;57;96;8,1;2,7;
2026/04/04;2000 UTC;0;988,9;988,9;988,3;454,9;27,4;19,3;28,3;27,4;19,7;18,8;61;57;61;95;6,7;2,5;
2026/04/04;2100 UTC;0;989,3;989,3;988,9;27,2;26,1;19,8;27,4;26,1;19,8;19,1;68;61;68;102;6,2;1,7;
2026/04/04;2200 UTC;0;989,8;989,8;989,3;;25,4;20,9;26,1;25,4;20,9;19,8;76;68;76;111;4,7;1,9;
2026/04/04;2300 UTC;0;990,2;990,2;989,7;;24,9;24;25,5;24,9;24;20,9;95;76;95;103;4,5;1,4;
2026/04/05;0000 UTC;0;990,7;990,7;990,2;;24,7;22,5;25;24,7;24,1;22,4;95;87;87;92;4,1;1,4;
2026/04/05;0100 UTC;0;990,7;990,9;990,6;;23,8;;24,8;23,8;;;;;;59;7,2;1,8;
2026/04/05;0200 UTC;0;990,6;990,7;990,5;;23,4;;24;23,4;;;;;;84;6,4;2,3;
2026/04/05;0300 UTC;0;989,8;990,7;989,8;;23,2;;23,6;23;;;;;;69;9,1;2,1;
2026/04/05;0400 UTC;0;989,5;989,9;989,5;;22,7;;23,2;22,6;;;;;;60;3,5;1,3;
2026/04/05;0500 UTC;0;988,8;989,6;988,8;;23,2;;23,2;22,6;;;;;;84;2,3;,9;
2026/04/05;0600 UTC;0;988,9;988,9;988,7;;22,2;;23,2;22,2;;;;;;230;1,8;,3;
2026/04/05;0700 UTC;0;988,7;988,9;988,6;;22,5;;22,5;22,2;;;;;;148;2;1,2;
2026/04/05;0800 UTC;0;989;989;988,7;;22,5;;22,6;22,5;;;;;;45;2,4;,7;
2026/04/05;0900 UTC;0;989,6;989,6;989;18;22,4;;22,5;22,1;;;;;;218;1,4;,6;
2026/04/05;1000 UTC;0;990,3;990,3;989,6;481,5;23,7;;23,7;22,4;;;;;;224;1,8;1,1;
2026/04/05;1100 UTC;0;990,8;990,8;990,3;967,4;26;26;26;23,6;;;;;100;283;2;,7;
2026/04/05;1200 UTC;0;991,4;991,4;990,8;745,2;26;25,1;26,6;25,6;26,1;23;100;84;95;27;4,6;1,1;
2026/04/05;1300 UTC;0;991,4;991,5;991,3;1584,5;25,3;25,3;28,1;25,2;27,2;21,4;100;70;100;125;6,4;3;
2026/04/05;1400 UTC;0;990,5;991,4;990,5;3286,9;29,4;19,5;29,9;25,2;26,4;19,5;100;55;55;75;5,5;2,3;
2026/04/05;1500 UTC;1;989,7;990,5;989,7;1594,4;27,6;23,7;30,4;26,8;23,9;19,5;80;54;79;45;9,3;2;
2026/04/05;1600 UTC;0;988,9;989,7;988,9;2753,3;30,7;19,7;31,2;27,7;24,1;19,3;79;52;52;83;7,9;2,6;
2026/04/05;1700 UTC;0;988,1;988,9;988,1;2897,4;30,8;18,2;31,5;30;20;18,1;52;46;47;78;7,5;3,9;
2026/04/05;1800 UTC;0;988,1;988,2;988;1844,2;28,8;19,6;31,5;28,7;19,7;18;58;46;58;105;9,2;3,3;
2026/04/05;1900 UTC;0;988,3;988,3;988,1;1253,7;28,5;19;29,2;28,2;19,8;18,5;60;54;56;102;9;3,1;
2026/04/05;2000 UTC;0;988,6;988,6;988,2;708,7;27,6;19,7;28,5;27,6;20,2;18,8;63;56;62;89;6,9;3,1;
2026/04/05;2100 UTC;0;989,2;989,2;988,6;55,3;26,2;20,3;27,5;26,2;20,4;19,5;70;62;70;99;6,9;1,8;
2026/04/05;2200 UTC;0;989,8;989,8;989,2;;25,2;20,4;26,2;25,2;20,6;20,3;75;70;75;101;6,9;1,5;
2026/04/05;2300 UTC;0;990,6;990,6;989,8;;24,8;20,6;25,2;24,8;20,7;20,4;78;75;78;76;4,9;2,4;
2026/04/06;0000 UTC;0;990,7;990,7;990,6;;24,9;20,8;24,9;24,7;20,9;20,5;78;77;78;97;4,6;1,5;
2026/04/06;0100 UTC;0;990,6;990,7;990,6;;24,8;20,8;25;24,8;20,9;20,8;79;78;79;114;4,4;2;
2026/04/06;0200 UTC;0;990,7;990,8;990,6;;24,6;20,8;24,8;24,6;20,8;20,6;80;77;79;100;4,7;1,4;
2026/04/06;0300 UTC;0;990,5;990,7;990,5;;24,3;22,2;24,6;24,1;23;20,6;92;79;88;87;3,8;1,6;
2026/04/06;0400 UTC;0;990;990,6;990;;23,3;;24,3;23,2;23,5;21,8;100;87;;59;3,3;1;
2026/04/06;0500 UTC;0;989,8;990,1;989,7;;23;;23,3;23;;;;;;187;1,9;,6;
2026/04/06;0600 UTC;0;989,7;989,8;989,6;;22,8;;23;22,7;;;;;;233;1,9;,8;
2026/04/06;0700 UTC;,2;989,8;989,8;989,7;;22,9;;23,1;22,8;;;;;;245;2,6;1,1;
2026/04/06;0800 UTC;0;990;990;989,7;;22,6;;22,9;22,5;;;;;;211;1,9;1;
2026/04/06;0900 UTC;0;990,6;990,6;990;13,4;22,4;;22,6;22,3;;;;;;180;3,3;1,8;
2026/04/06;1000 UTC;0;991,1;991,1;990,6;481,8;23,5;;23,5;22,4;;;;;;207;3,3;1,6;
2026/04/06;1100 UTC;0;991,9;991,9;991,1;1231,2;25,7;;25,7;23,4;;;;;;223;2,6;,8;
2026/04/06;1200 UTC;0;992,1;992,1;991,9;1088,9;27,2;21,2;27,4;25,7;26,3;21,2;100;69;70;80;4,4;2;
2026/04/06;1300 UTC;0;992,1;992,2;992,1;1947;28,7;19,5;29;26,7;23,8;19,2;83;57;58;119;5,8;2,4;
2026/04/06;1400 UTC;1,4;991,9;992,1;991,9;1576,9;25,6;24,6;29,7;25,5;24,6;19;94;54;94;25;6,7;1,9;
2026/04/06;1500 UTC;0;991;991,9;991;2136,2;28,9;20;29,1;25,6;26,1;19,6;100;57;59;83;5,1;2;
2026/04/06;1600 UTC;0;989,9;991;989,9;2632,7;29,5;20,1;30,8;28,5;21,9;19,7;65;53;57;83;5,1;1,9;
2026/04/06;1700 UTC;,2;989,2;990;989,2;1524,8;30;17,5;30,6;27,1;21,7;17,5;72;47;47;99;8,8;2,4;
2026/04/06;1800 UTC;0;989;989,2;989;2096,3;30,4;18,6;30,8;29,3;19,6;17,6;54;47;49;100;7,7;3,4;
2026/04/06;1900 UTC;0;989,1;989,1;988,9;1510,3;29,3;19;30,4;29,2;19;17,6;54;48;54;120;7,7;3,7;
2026/04/06;2000 UTC;0;989,5;989,5;989;777,5;28;19,4;29,5;28;19,4;18,5;60;53;60;117;7,5;3,5;
2026/04/06;2100 UTC;0;990,2;990,2;989,4;49;26,5;19,8;28;26,5;19,8;19;67;59;67;119;7,1;3,4;
2026/04/06;2200 UTC;0;990,5;990,6;990,2;;25,6;20,6;26,5;25,6;20,6;19,8;74;67;74;134;5,9;3,2;
2026/04/06;2300 UTC;0;991,3;991,3;990,5;;25;21,2;25,6;25;21,2;20,6;79;74;79;133;5,4;2,8;
2026/04/07;0000 UTC;0;991,9;991,9;991,3;;24,7;24,7;25,1;24,6;24,7;21,2;100;79;100;136;5,1;2,3;
2026/04/07;0100 UTC;0;992,1;992,2;991,9;;24,8;24,8;25,1;24,7;25,1;24,7;100;100;100;128;4,9;2,4;
2026/04/07;0200 UTC;0;992,2;992,2;992;;24,8;;24,8;24,7;;;;;;124;4,7;1,8;
2026/04/07;0300 UTC;0;991,8;992,2;991,8;;23,7;;24,8;23,7;;;;;;42;3,7;1,4;
2026/04/07;0400 UTC;0;991,1;991,8;991,1;;24,3;;24,3;23,7;;;;;;107;2,8;1,2;
2026/04/07;0500 UTC;0;990,9;991,1;990,8;;23,5;;24,4;23,4;;;;;;135;2,8;,5;
2026/04/07;0600 UTC;0;991;991;990,9;;22,9;;23,5;22,9;;;;;;237;1,5;,6;
2026/04/07;0700 UTC;0;990,5;991;990,5;;22,6;;23;22,6;;;;;;169;1,3;,9;
2026/04/07;0800 UTC;0;990,7;990,7;990,5;;22,8;;22,9;22,6;;;;;;175;1,5;,9;
2026/04/07;0900 UTC;0;991,1;991,1;990,7;11,6;22;;22,8;21,9;;;;;;218;1,8;1;
2026/04/07;1000 UTC;0;991,7;991,7;991,1;378,1;23,4;;23,6;22;;;;;;228;1,9;1;
2026/04/07;1100 UTC;0;992,2;992,3;991,7;1232,4;26,4;;26,5;23,3;;;;;;84;4,4;2,5;
2026/04/07;1200 UTC;0;992,8;992,8;992,2;1433,6;27,6;22,2;28,4;26,5;25,8;21,2;98;68;73;86;5,8;2,3;
2026/04/07;1300 UTC;0;992,6;992,9;992,6;2391,1;30;19,8;30,2;27,5;23,4;19,4;76;53;55;95;6,8;2,1;
2026/04/07;1400 UTC;0;991,8;992,6;991,8;2621,1;30,9;18;30,9;28,3;19,7;17,8;57;46;46;101;7,5;3,3;
2026/04/07;1500 UTC;0;990,8;991,8;990,8;2932,6;31,6;18,3;31,7;30,1;19,5;17,2;51;44;45;86;7,3;3,2;
2026/04/07;1600 UTC;0;990;990,8;990;2202,7;31,2;18,4;31,8;30,1;19,1;17,4;49;43;46;84;8,2;3,5;
2026/04/07;1700 UTC;0;989,7;990;989,7;2544,1;30,3;18,7;32,2;30,3;19,7;17,1;50;43;50;81;8,1;4,2;
2026/04/07;1800 UTC;0;989,4;989,7;989,3;1526,6;29,8;19,1;30,6;29,3;19,8;18;55;49;53;85;9,3;3,8;
2026/04/07;1900 UTC;0;990;990;989,4;822,5;28;19;29,8;28;20,3;19;61;53;58;81;10;4,4;
2026/04/07;2000 UTC;0;990,3;990,3;990;285,6;27;20,2;28;27;20,2;18,8;67;58;67;79;10;2,6;
2026/04/07;2100 UTC;0;990,6;990,6;990,3;32,4;26,1;20,9;27;26,1;20,9;20,2;73;67;73;80;6;2,4;
2026/04/07;2200 UTC;0;990,9;990,9;990,6;;25,4;21,2;26,1;25,4;21,2;20,9;77;73;77;74;4,5;2,1;
2026/04/07;2300 UTC;0;991,6;991,6;990,9;;25,3;21,7;25,4;25,3;21,7;21,1;80;77;80;95;4,2;1,6;
2026/04/08;0000 UTC;0;991,8;991,8;991,4;;24,7;;25,3;24,7;24,8;21,7;100;80;;72;5,3;2,4;
2026/04/08;0100 UTC;0;991,6;991,8;991,6;;24,6;;24,8;24,4;;;;;;76;4,2;1,7;
2026/04/08;0200 UTC;3,6;991,7;991,9;991,6;;24,1;;24,7;24,1;;;;;;103;6,6;1,7;
2026/04/08;0300 UTC;0;990,8;991,7;990,8;;23,8;;24,1;23,8;;;;;;57;4;1,3;
2026/04/08;0400 UTC;0;990;990,8;990;;23,7;;23,9;23,7;;;;;;46;4;2,4;
2026/04/08;0500 UTC;0;989,7;990;989,7;;23,5;;23,7;23,5;;;;;;113;4;1,4;
2026/04/08;0600 UTC;,6;989,4;989,7;989,4;;23,5;;23,6;23,3;;;;;;174;4,6;,7;
2026/04/08;0700 UTC;0;989,5;989,6;989,4;;23,5;;23,5;23,3;;;;;;43;3,5;1,4;
2026/04/08;0800 UTC;0;989,6;989,6;989,5;;23,2;;23,5;23,1;;;;;;90;2,7;,8;
2026/04/08;0900 UTC;0;990,2;990,2;989,6;9,9;23,7;;23,7;23,2;;;;;;44;2,6;1,4;
2026/04/08;1000 UTC;0;990,8;990,8;990,2;526,6;24,8;;24,8;23,7;;;;;;166;2,3;,9;
2026/04/08;1100 UTC;0;991,3;991,4;990,8;881,9;26,2;25,5;26,2;24,6;;;;;96;131;4,6;2,3;
2026/04/08;1200 UTC;0;991,8;991,8;991,3;1749,3;28,2;20,4;28,3;26,1;25,8;19,9;97;61;63;97;6;3,1;
2026/04/08;1300 UTC;0;991,8;992;991,8;1415,4;28,8;19,2;28,9;26,8;20,7;19,2;67;56;56;95;7,3;2,4;
2026/04/08;1400 UTC;0;991,3;991,9;991,3;3079,8;29,7;16,5;29,9;28,6;19,8;16,5;57;45;45;111;8,6;4;
2026/04/08;1500 UTC;,2;990,7;991,4;990,7;3310,5;30,1;15,2;30,9;29,3;17,3;14,5;47;38;41;120;9,5;4,1;
2026/04/08;1600 UTC;0;990;990,7;990;3309,8;30,7;16,1;31,1;30;16,6;12,8;43;33;41;139;8,5;3,6;
2026/04/08;1700 UTC;0;989,2;990;989,2;2360,4;30,5;15,6;31,1;29,7;17,2;14,3;45;36;41;123;8,2;3,7;
2026/04/08;1800 UTC;0;988,7;989,2;988,7;2155,8;30,1;15,4;31,3;29,9;16,8;13,9;43;36;41;95;9,3;3,3;
2026/04/08;1900 UTC;0;988,6;988,7;988,5;1463,2;28,2;18,6;30,9;28,2;19,3;14,2;56;37;56;125;9,3;5,1;
2026/04/08;2000 UTC;0;988,8;988,8;988,5;437,3;27,3;19,3;28,4;26,8;19,5;18,2;63;55;62;113;9,2;3,8;
2026/04/08;2100 UTC;0;989;989,2;988,7;53,9;25,8;20,6;27,3;25,8;20,6;19,2;73;62;73;93;8,6;1,8;
2026/04/08;2200 UTC;0;989,4;989,4;989;;25,2;21;25,9;25,2;21,1;20,7;78;73;77;92;5,7;1,7;
2026/04/08;2300 UTC;0;989,9;989,9;989,4;;25,2;20,1;25,4;25,2;21;20,1;77;74;74;103;5;1,7;
2026/04/09;0000 UTC;0;990,5;990,5;989,9;;25;19,9;25,2;24,9;20,1;19,9;74;73;74;98;4,6;1,4;
2026/04/09;0100 UTC;0;990,7;990,8;990,5;;23,9;20,2;25;23,9;20,2;19,9;80;74;80;51;3,7;1,5;
2026/04/09;0200 UTC;0;990,4;990,7;990,4;;23,4;;23,9;23,2;;;;;;74;2,8;1,5;
2026/04/09;0300 UTC;0;990,3;990,4;990,2;;23,4;;24,1;23,4;24;23,4;100;98;;65;3,2;1,8;
2026/04/09;0400 UTC;0;989,7;990,3;989,7;;23;;23,4;23;;;;;;24;2,8;,6;
2026/04/09;0500 UTC;0;989,3;989,7;989,3;;22,5;;23;22,4;;;;;;220;1,2;,5;
2026/04/09;0600 UTC;0;989,4;989,5;989,3;;22,3;;22,6;22,2;;;;;;212;1,9;1;
2026/04/09;0700 UTC;0;989,3;989,5;989,3;;22,1;;22,3;22,1;;;;;;236;1,8;,7;
2026/04/09;0800 UTC;0;989,1;989,4;989,1;;21,9;;22,1;21,9;;;;;;241;1,5;,8;
2026/04/09;0900 UTC;0;989,2;989,3;989;14,6;21,6;;21,9;21,5;;;;;;178;2,8;1,8;
2026/04/09;1000 UTC;0;990;990;989,2;470;22,8;;22,8;21,6;;;;;;198;3,3;2,2;
2026/04/09;1100 UTC;0;990,4;990,5;989,9;1388,9;25,9;20,8;26;22,8;;;;;73;176;3,3;1,9;
2026/04/09;1200 UTC;0;990,6;990,6;990,4;1583,4;27,2;19,2;27,3;25,9;21,6;19;76;61;62;128;5;2,2;
2026/04/09;1300 UTC;0;990,3;990,6;990,2;2371,5;28,8;18,1;29,6;27,2;19,8;17,3;62;48;52;84;6,4;2,4;
2026/04/09;1400 UTC;0;989,8;990,3;989,8;2289,1;30,6;18,2;30,6;28,6;18,9;17,3;54;47;48;100;6,4;1,8;
2026/04/09;1500 UTC;0;989,1;989,8;989,1;2192,9;31,1;18;31,3;28,9;19,7;17,2;52;45;46;52;5,6;1,9;
2026/04/09;1600 UTC;0;988,4;989,1;988,4;2019,3;30,5;18,2;31,8;29,7;19,1;16,7;50;43;48;120;7;3,2;
2026/04/09;1700 UTC;0;987,8;988,4;987,8;2386,9;30;18,6;30,9;29,4;19,5;17,7;53;47;50;119;9,3;4,4;
2026/04/09;1800 UTC;0;987,5;987,8;987,5;1654,1;29;18,1;30,9;28,8;19,3;18;54;48;52;120;9;4,6;
2026/04/09;1900 UTC;0;987,5;987,5;987,3;1626,8;29,2;17,3;29,9;28,8;18,2;17;52;47;49;112;7,9;2,9;
2026/04/09;2000 UTC;0;987,8;987,8;987,5;757,5;27,9;17,7;29,2;27,9;18;17,1;54;49;54;111;7,3;2,8;
2026/04/09;2100 UTC;0;988,1;988,1;987,8;43,7;26,6;18,5;27,9;26,6;18,6;17,8;61;54;61;99;6,4;2,1;
2026/04/09;2200 UTC;0;988,5;988,5;988;;25,3;19,1;26,6;25,3;19,1;18,4;69;61;69;80;5,1;2,2;
2026/04/09;2300 UTC;0;989,2;989,2;988,5;;24,5;19,7;25,3;24,4;19,7;19,1;75;69;75;69;5;1,7;
2026/04/10;0000 UTC;0;989,7;989,7;989,2;;24,4;19,9;24,6;24,4;19,9;19,7;76;75;76;71;3,4;1,7;
2026/04/10;0100 UTC;0;990;990,1;989,7;;24,7;20,1;24,7;24,4;20,1;19,9;76;76;76;100;3,2;1,1;
2026/04/10;0200 UTC;0;990,1;990,2;990;;24,3;19,8;24,8;24,3;20,1;19,8;76;75;76;83;2,7;1;
2026/04/10;0300 UTC;0;989,9;990,2;989,9;;23,5;20,3;24,3;23,5;21,4;19,8;85;76;82;214;1,9;,8;
2026/04/10;0400 UTC;0;989,4;989,9;989,4;;22,8;;23,5;22,8;;;;;;156;1,2;,3;
2026/04/10;0500 UTC;0;988,7;989,4;988,7;;22,9;;22,9;22,6;;;;;;51;1,6;,8;
2026/04/10;0600 UTC;0;988,9;988,9;988,7;;22,7;;22,9;22,6;;;;;;54;1,6;,7;
2026/04/10;0700 UTC;0;988,8;988,9;988,7;;22,2;;22,8;22,1;;;;;;240;1,1;,6;
2026/04/10;0800 UTC;0;988,7;988,9;988,6;;22;;22,3;21,9;;;;;;236;1,5;,4;
2026/04/10;0900 UTC;0;989,4;989,4;988,7;19;22,2;;22,3;22;;;;;;231;1,8;1,4;
2026/04/10;1000 UTC;0;989,8;989,8;989,4;512,8;23,7;;23,7;22,2;;;;;;222;1,8;,3;
2026/04/10;1100 UTC;0;990,7;990,7;989,8;1295,1;27,3;21;27,4;23,6;;;;;69;87;4,5;1,9;
2026/04/10;1200 UTC;0;991,1;991,1;990,7;1751,8;28,7;20,2;28,7;26,6;21,6;19,3;70;58;60;74;5,5;2,3;
2026/04/10;1300 UTC;0;990,7;991;990,7;2555,5;29,2;18,4;31;28,6;20,7;17,5;60;47;52;84;5,9;2,5;
2026/04/10;1400 UTC;0;990;990,7;989,9;2543,6;29,9;18,2;31,5;28,8;19,9;17,3;58;44;49;90;6,1;2,2;
2026/04/10;1500 UTC;0;989,3;990;989,3;2858,5;30,1;17,9;31,2;29,6;19,3;16,7;52;42;48;168;7,6;3,8;
2026/04/10;1600 UTC;0;988,4;989,3;988,4;2956,4;31,3;17,1;32,3;30,1;18,4;16,1;48;40;43;93;7,8;3,1;
2026/04/10;1700 UTC;0;987,9;988,4;987,9;2357,2;31;18,3;32,2;30,5;18,4;16,5;47;41;47;96;8,8;3,6;
2026/04/10;1800 UTC;0;987,6;988;987,6;1985,3;30,2;17,6;31,5;30,1;18,5;17,5;49;44;47;107;8,3;4;
2026/04/10;1900 UTC;0;987,8;987,9;987,5;1366,1;28,9;18,8;30,9;28,8;19,1;17,6;55;47;54;85;8,9;3,6;
2026/04/10;2000 UTC;0;988,4;988,4;987,8;760,8;27,9;18,2;29,2;27,9;18,9;18;56;52;56;83;8,1;3,3;
2026/04/10;2100 UTC;0;988,9;988,9;988,3;33,7;26,4;19,6;27,9;26,4;19,6;18,1;66;56;66;91;7;2;
2026/04/10;2200 UTC;0;989,6;989,6;988,9;;25,6;20,1;26,4;25,5;20,1;19,6;72;66;72;98;5,2;1,6;
2026/04/10;2300 UTC;0;990,5;990,5;989,6;;25,2;20,3;25,6;25,1;20,3;20,1;75;72;75;100;4,3;1,5;
2026/04/11;0000 UTC;0;991,5;991,6;990,5;;24,5;20,1;25,2;24,5;20,3;20,1;77;74;77;159;4,8;1,2;
2026/04/11;0100 UTC;0;991,4;991,6;991,4;;24,7;20,4;25;24,3;20,9;20,1;80;76;77;75;3,3;1,7;
2026/04/11;0200 UTC;0;991,3;991,6;991,3;;24,6;23,6;24,7;24;24,4;20,3;100;77;95;107;3;1,3;
2026/04/11;0300 UTC;0;990,7;991,3;990,7;;24,5;21;24,6;24,5;22,8;21;94;81;81;92;3,3;1,3;
2026/04/11;0400 UTC;0;990,1;990,7;990,1;;23,6;;24,5;23,5;23,6;20,5;100;80;;143;3;1,1;
2026/04/11;0500 UTC;0;989,4;990,1;989,4;;23,3;;23,7;23,1;;;;;;158;3;1,2;
2026/04/11;0600 UTC;0;989,3;989,4;989,3;;23,2;;23,4;23,1;;;;;;153;3,2;1,2;
2026/04/11;0700 UTC;1,4;989,5;989,6;989,3;;23,3;;23,4;22,8;;;;;;149;2,3;,9;
2026/04/11;0800 UTC;,2;989,6;989,7;989,5;;23,1;;23,3;22,9;;;;;;4;3,9;,5;
2026/04/11;0900 UTC;,8;990,4;990,4;989,6;10,7;23,2;;23,2;22,9;;;;;;142;2,5;1,3;
2026/04/11;1000 UTC;,6;991,1;991,1;990,4;211,5;23,3;;23,6;23,2;;;;;;78;4,1;1,8;
2026/04/11;1100 UTC;0;991,5;991,5;991,1;822,9;24,3;;24,3;23,3;;;;;;124;7,1;3,3;
2026/04/11;1200 UTC;0;991,5;991,6;991,4;1600,3;27,2;22,7;27,2;24,1;;;;;76;95;7,1;1,6;
2026/04/11;1300 UTC;2,2;991,4;991,5;991,2;2337,5;25,1;21,4;29,5;25;22,7;19,7;80;58;80;128;10,5;3,8;
2026/04/11;1400 UTC;2,6;990,6;991,5;990,6;1602,4;26,4;;26,4;24,6;;;;;;135;7;2,2;
2026/04/11;1500 UTC;,4;989,8;990,6;989,8;1997,3;26,2;26,2;27,5;24,9;27;22,1;100;77;100;82;8,2;1,9;
2026/04/11;1600 UTC;0;989,1;989,8;989,1;2278,2;29,2;19,7;29,3;26,2;26,4;19,4;100;56;56;110;7;3,9;
2026/04/11;1700 UTC;0;988,7;989,1;988,7;2542,4;29,8;19,3;30,1;28,5;20,7;18,7;60;52;53;98;8,5;3,3;
2026/04/11;1800 UTC;0;988,4;988,7;988,2;2222,6;28,5;19,6;30;28,5;20,5;18,3;61;50;59;92;9,7;3,6;
2026/04/11;1900 UTC;0;988,7;988,7;988,3;1179,9;28,1;19;29,3;28;20,2;18,5;60;56;58;104;9,2;3,2;
2026/04/11;2000 UTC;0;989,1;989,1;988,7;499,6;26,1;20,1;28,1;25,9;20,4;18,4;71;58;70;89;8,3;2,5;
2026/04/11;2100 UTC;0;989,7;989,7;989,1;30,9;25,7;20,5;26,1;25,6;20,6;20,1;73;70;73;126;5,4;2,4;
2026/04/11;2200 UTC;0;990,3;990,3;989,7;;25,2;20,3;25,7;25,2;20,5;20,2;74;72;74;130;5,3;2,3;
2026/04/11;2300 UTC;0;991;991;990,3;;25;20,6;25,2;24,9;20,6;20,3;77;74;77;130;4,5;2;
2026/04/12;0000 UTC;0;991,6;991,6;991;;24,1;21,6;25;24,1;21,6;20,3;86;77;86;169;4,6;1,9;
2026/04/12;0100 UTC;0;991,9;992;991,6;;23,6;;24,1;23,6;23,8;22,1;100;86;;166;5,2;2,1;
2026/04/12;0200 UTC;0;991,8;991,9;991,8;;23,3;;23,6;23,3;;;;;;145;3,8;,8;
2026/04/12;0300 UTC;,8;991,5;991,9;991,5;;23,2;;23,6;23,1;;;;;;127;5;1,1;
2026/04/12;0400 UTC;0;990,6;991,5;990,6;;23;;23,3;23;;;;;;177;2;1,2;
2026/04/12;0500 UTC;0;990,6;990,7;990,5;;22,8;;23,2;22,8;;;;;;127;6,7;3,8;
2026/04/12;0600 UTC;1,4;990,3;990,6;990,2;;22,7;;22,8;22,6;;;;;;64;6,8;1,4;
2026/04/12;0700 UTC;,2;990,1;990,3;990,1;;22,8;;22,8;22,7;;;;;;74;3,4;1,5;
2026/04/12;0800 UTC;0;990,5;990,5;990,1;;22,7;;22,8;22,6;;;;;;33;2,4;,6;
2026/04/12;0900 UTC;0;991;991;990,5;16,4;22,8;;22,9;22,6;;;;;;11;1,3;,6;
2026/04/12;1000 UTC;0;991,4;991,4;991;362,8;23,3;;23,4;22,8;;;;;;230;1,7;1,1;
2026/04/12;1100 UTC;0;991,8;991,8;991,4;1228,8;24,9;;25;23,2;;;;;;229;2,9;1,4;
2026/04/12;1200 UTC;0;991,8;991,9;991,8;1807,8;27,2;21,7;27,3;24,7;25,9;21,4;100;71;72;139;5,3;1,9;
2026/04/12;1300 UTC;0;991,8;991,9;991,7;2215,7;26,9;20,1;28,6;26,8;22,4;19;74;57;66;99;7,1;3,4;
2026/04/12;1400 UTC;0;990,8;991,8;990,8;2733,7;28,7;19,5;29,2;26,5;22,6;19,5;73;57;57;129;7,1;3,1;
2026/04/12;1500 UTC;,2;990,1;990,8;990,1;2581,4;25,6;24,6;29,5;25,6;24,9;18,9;95;54;94;179;9,5;3,9;
2026/04/12;1600 UTC;0;989,1;990,1;989;2205,6;28,5;19,2;29,6;25,6;26,7;19,2;100;56;57;160;7,6;3,8;
2026/04/12;1700 UTC;0;988,3;989,1;988,3;1798,7;29,6;19,2;29,6;26,8;21,3;18,2;71;53;54;120;8,2;3,7;
2026/04/12;1800 UTC;2;988,2;988,6;988,2;1172,9;26;20,8;29,7;25,1;21,2;18,8;77;53;73;138;9,2;2,5;
2026/04/12;1900 UTC;0;988,4;988,4;988,1;756,7;27,1;18,6;27,5;26;21;18,2;73;58;60;125;7,4;3,6;
2026/04/12;2000 UTC;0;988,9;988,9;988,4;310,7;26,5;19,6;27,1;26,5;20;18,5;67;60;66;110;7,6;2,3;
2026/04/12;2100 UTC;0;989,5;989,5;988,9;21;25,3;20,8;26,5;25,3;20,8;19;76;66;76;111;5,4;2,2;
2026/04/12;2200 UTC;0;990;990;989,5;;25;21,6;25,3;25;21,6;20,8;82;76;82;94;4,6;1,5;
2026/04/12;2300 UTC;0;990,6;990,6;990;;24,9;23,2;25;24,8;24,1;21,6;96;82;91;100;3,6;1,4;
2026/04/13;0000 UTC;0;990,7;990,7;990,6;;24,1;;24,9;24;24,3;22,8;100;88;;72;4,2;1,6;
2026/04/13;0100 UTC;0;990,7;990,8;990,6;;23,7;;24,2;23,6;;;;;;70;3,1;1,3;
2026/04/13;0200 UTC;0;990,6;990,7;990,5;;24;;24;23,6;;;;;;133;4,4;2;
2026/04/13;0300 UTC;0;990,1;990,6;990,1;;23,7;;24;23,7;;;;;;73;3,9;1,6;
2026/04/13;0400 UTC;0;989,1;990,2;989,1;;23,1;;23,7;23;;;;;;252;3,4;,8;
2026/04/13;0500 UTC;0;988,4;989,1;988,4;;22,3;;23,1;22,3;;;;;;183;2;1,5;
2026/04/13;0600 UTC;0;988,3;988,4;988,3;;22,2;;22,3;22,1;;;;;;203;2;1,6;
2026/04/13;0700 UTC;0;988,1;988,3;988;;22,3;;22,3;22,1;;;;;;220;2,3;1,2;
2026/04/13;0800 UTC;,2;988,4;988,4;988,1;;22,3;;22,6;22,3;;;;;;220;2,1;1,1;
2026/04/13;0900 UTC;,2;989,2;989,2;988,4;21;22,6;;22,6;22,2;;;;;;232;3,1;2;
2026/04/13;1000 UTC;0;989,9;989,9;989,2;579,1;23,5;;23,5;22,6;;;;;;217;3,3;2,1;
2026/04/13;1100 UTC;0;990,5;990,5;989,9;1072,6;25,5;;25,5;23,5;;;;;;211;4,1;2,4;
2026/04/13;1200 UTC;0;990,8;990,8;990,5;1487,6;26,8;22,4;26,8;25;25,9;22,4;100;77;77;172;5,6;1,9;
2026/04/13;1300 UTC;,4;990,7;990,8;990,5;1883,7;25,7;20,3;28;25,7;24,8;20;92;64;72;156;7,7;3,1;
2026/04/13;1400 UTC;0;989,9;990,7;989,9;2375,4;27,5;20,8;27,5;25,2;22,6;19,9;84;65;67;126;7,7;2,4;
2026/04/13;1500 UTC;0;989;989,9;989;2862,9;28,5;20,1;30;27,5;21;18,8;67;53;60;142;6,7;3,2;
2026/04/13;1600 UTC;0;988,3;989;988,3;2329,1;28,9;20,2;29,4;26,9;21,5;19,1;70;57;60;132;6,7;3,4;
2026/04/13;1700 UTC;,6;987,4;988,3;987,4;1187,7;25,3;21,7;29,7;24,6;21,7;19,6;80;56;80;180;9,5;2,6;
2026/04/13;1800 UTC;,6;987,3;987,5;987,3;801,5;25,4;20,6;27,6;25,2;22,3;19,7;80;68;75;118;8,4;4,7;
2026/04/13;1900 UTC;0;987,5;987,5;987,3;670,1;27,6;21,7;27,6;25,4;21,9;20,4;76;70;70;122;8,4;2,4;
2026/04/13;2000 UTC;0;988,2;988,2;987,5;268,1;25,4;21;27,6;25,4;21,5;20,3;77;68;77;142;8;3,3;
2026/04/13;2100 UTC;0;988,4;988,4;988,2;18,8;24,6;23,3;25,4;24,6;23,3;21;92;77;92;150;6,9;2,6;
2026/04/13;2200 UTC;0;988,5;988,5;988,3;;23,8;;24,6;23,8;23,9;21,1;100;83;;149;6,3;2,6;
2026/04/13;2300 UTC;0;989;989;988,5;;23,5;;23,8;23,5;;;;;;155;5,4;2,6;
2026/04/14;0000 UTC;0;989,5;989,5;989;;23,5;;23,6;23,4;;;;;;161;4,3;2,2;
2026/04/14;0100 UTC;0;989,3;989,5;989,2;;23,6;;23,6;23,5;;;;;;161;3,9;1,6;
2026/04/14;0200 UTC;0;989,6;989,6;989,3;;23,5;;23,6;23,4;;;;;;156;4,2;2,1;
2026/04/14;0300 UTC;0;989,3;989,7;989,3;;23,4;;23,5;23,3;;;;;;134;3,8;1,9;
2026/04/14;0400 UTC;0;988,6;989,3;988,6;;23,1;;23,4;23,1;;;;;;142;5,7;2,1;
2026/04/14;0500 UTC;,8;988,1;988,6;988,1;;23,1;;23,2;23,1;;;;;;136;4,7;1,7;
2026/04/14;0600 UTC;1;987,9;988,1;987,8;;23;;23,1;23;;;;;;151;4,2;2,5;
2026/04/14;0700 UTC;0;987,8;987,9;987,7;;22,5;;23;22,5;;;;;;172;5,5;3,1;
2026/04/14;0800 UTC;,2;988,2;988,2;987,7;;22,5;;22,6;22,5;;;;;;173;5,7;3,1;
2026/04/14;0900 UTC;,2;988,8;988,8;988,2;7,2;22,4;;22,5;22,3;;;;;;164;5,7;2,4;
2026/04/14;1000 UTC;1,8;989,6;989,6;988,8;75,8;22,4;;22,5;22,3;;;;;;178;4,9;2,2;
2026/04/14;1100 UTC;1;989,9;990;989,6;520,5;23,1;;23,2;22,4;;;;;;167;5;3;
2026/04/14;1200 UTC;,4;990,2;990,2;989,8;983,6;23,4;;23,7;23,1;;;;;;137;6,2;3,5;
2026/04/14;1300 UTC;,2;989,8;990,2;989,8;1457,9;24,7;;24,8;23,4;;;;;;140;7,5;3,2;
2026/04/14;1400 UTC;0;988,7;989,8;988,7;2930,2;26,7;23;27,3;24,7;25,6;21;100;70;80;156;7,2;3,5;
2026/04/14;1500 UTC;0;987,6;988,7;987,6;2223,4;27,3;20,9;28,3;26,4;23,4;20,4;81;66;68;158;7,1;3,6;
2026/04/14;1600 UTC;0;986,9;987,6;986,9;1619,9;27,8;20,8;28;26,2;22,8;19,5;77;65;66;128;7,7;3,3;
2026/04/14;1700 UTC;0;986,2;986,9;986,1;1557,3;28,2;18,7;28,8;27,5;21,1;18,2;68;55;57;125;8,3;3,8;
2026/04/14;1800 UTC;,4;986,2;986,2;986;1240,2;25;21;28,9;25;21;18,2;79;54;79;99;9,5;4,2;
2026/04/14;1900 UTC;0;986,3;986,3;986;848,4;25,9;19,9;25,9;24;24,7;19,8;100;70;70;107;9,5;2,9;
2026/04/14;2000 UTC;0;987;987;986,3;327,4;25,1;21,1;26,3;25,1;21,1;19,6;79;68;79;142;7,6;2,8;
2026/04/14;2100 UTC;0;987,6;987,6;987;25,6;24,1;19,7;25;24,1;23,5;19,6;95;76;76;137;7,1;3,3;
2026/04/14;2200 UTC;0;988,3;988,3;987,6;;23,4;20,7;24,2;23,4;20,8;19,5;85;76;85;162;5,5;2,1;
2026/04/14;2300 UTC;0;988,9;989;988,3;;23,5;19,9;23,7;23,3;21,3;19,6;88;78;80;141;5,1;1,2;
2026/04/15;0000 UTC;0;989,5;989,5;988,9;;22,8;;23,5;22,8;;;;;;181;2,7;1,6;
2026/04/15;0100 UTC;0;989,4;989,6;989,3;;22,9;;22,9;22,7;;;;;;190;2,5;1,4;
2026/04/15;0200 UTC;0;989,1;989,6;989,1;;22,8;;23,1;22,8;;;;;;204;4,3;,8;
2026/04/15;0300 UTC;0;988,7;989,1;988,6;;22,4;;22,8;22,4;;;;;;235;1,6;1;
2026/04/15;0400 UTC;0;988,2;988,7;988,2;;22,2;;22,5;22,1;;;;;;219;2,3;1,5;
2026/04/15;0500 UTC;0;987,9;988,2;987,8;;22,2;;22,3;22,1;;;;;;223;2,9;1,7;
2026/04/15;0600 UTC;0;987,5;987,9;987,4;;22,4;;22,5;22,2;;;;;;223;2,7;1,9;
2026/04/15;0700 UTC;,6;987,4;987,5;987,3;;22,6;;22,6;22,4;;;;;;211;3,4;1,9;
2026/04/15;0800 UTC;0;987,9;987,9;987,4;;22,4;;22,6;22,4;;;;;;227;3,2;1,6;
2026/04/15;0900 UTC;0;988,4;988,4;987,9;10,2;22,4;;22,4;22,3;;;;;;225;2,9;1,8;
2026/04/15;1000 UTC;0;989,1;989,1;988,4;171,6;22,8;;22,8;22,4;;;;;;57;2,7;,6;
2026/04/15;1100 UTC;,4;989,6;989,6;989,1;386,7;23,6;;23,6;22,8;;;;;;270;2,6;,8;
2026/04/15;1200 UTC;0;989,9;989,9;989,5;2447,6;26,7;26,4;26,7;23,3;;;;;99;161;4,3;2,4;
2026/04/15;1300 UTC;0;989,6;990,1;989,6;2380,1;27,9;20,5;28,2;24,9;26,2;20,5;99;64;64;135;6,3;2,9;
2026/04/15;1400 UTC;0;988,7;989,6;988,7;2669,9;26,8;20,5;29,3;26,8;21,4;19,6;69;57;69;146;9,6;5,3;
2026/04/15;1500 UTC;0;987,9;988,8;987,9;1970,6;28;20,3;28;26,5;21,2;19,4;69;63;63;100;9,6;2;
2026/04/15;1600 UTC;0;987,3;987,9;987,2;2748,6;29,4;20,1;30,6;27,8;20,7;17,9;63;48;57;85;7,5;3,5;
2026/04/15;1700 UTC;0;987;987,3;986,9;1586,7;27,7;19,3;31;27,1;20,8;18;66;49;60;124;9;4,5;
2026/04/15;1800 UTC;0;986,8;987,1;986,8;1587,7;28,4;20,2;28,7;26,7;20,5;19;65;57;61;104;9,9;2,8;
2026/04/15;1900 UTC;0;986,8;986,8;986,7;938,6;26,9;19,2;28,4;26,9;20,2;19;64;61;63;92;9;3;
2026/04/15;2000 UTC;0;987,3;987,3;986,8;293,1;26;19,6;27;26;20,3;18,9;70;63;68;115;7,6;3,7;
2026/04/15;2100 UTC;0;988;988;987,3;18;25,2;19,9;26;25,2;19,9;19,1;72;66;72;135;7,6;2,2;
2026/04/15;2200 UTC;0;988,5;988,5;988;;24,8;20,4;25,3;24,8;20,4;19,9;77;72;77;158;3,6;1,5;
2026/04/15;2300 UTC;0;989,1;989,1;988,5;;24,2;21,5;24,8;24,2;21,5;20,4;85;77;85;180;3,4;1,7;
2026/04/16;0000 UTC;0;989,3;989,4;989,1;;23,7;;24,2;23,7;;;;;;185;3,7;2,5;
2026/04/16;0100 UTC;0;989,4;989,5;989,3;;23,3;;23,7;23,3;;;;;;180;5;2,6;
2026/04/16;0200 UTC;0;989,1;989,4;989,1;;23;;23,3;22,9;;;;;;192;4,5;2,4;
2026/04/16;0300 UTC;0;988,9;989,1;988,9;;22,7;;23;22,7;;;;;;192;4,8;2,4;
2026/04/16;0400 UTC;0;988,1;988,9;988,1;;22,3;;22,7;22,3;;;;;;187;5,3;2,5;
2026/04/16;0500 UTC;0;987,8;988,1;987,8;;22;;22,3;21,9;;;;;;207;3,8;1,9;
2026/04/16;0600 UTC;0;987,6;987,8;987,6;;21,8;;22;21,7;;;;;;197;2,7;1,6;
2026/04/16;0700 UTC;0;987,6;987,6;987,5;;21,7;;21,8;21,7;;;;;;214;2,8;1,2;
2026/04/16;0800 UTC;0;987,7;987,7;987,4;;21,5;;21,7;21,4;;;;;;221;2;1,5;
2026/04/16;0900 UTC;0;988,1;988,2;987,7;13,4;21,5;;21,6;21,4;;;;;;217;2,2;1,5;
2026/04/16;1000 UTC;0;988,8;988,8;988,1;526,6;23,5;;23,5;21,5;;;;;;185;3,2;1,7;
2026/04/16;1100 UTC;0;989,6;989,6;988,8;1250,7;25,5;24,2;25,6;23,5;;;;;92;191;4,3;2,6;
2026/04/16;1200 UTC;0;989,8;989,9;989,6;1903,9;27,1;21,1;28,2;25,6;24,2;20,5;92;66;70;192;4,8;2,2;
2026/04/16;1300 UTC;0;989,7;989,9;989,7;2311,6;28,5;19,8;28,7;27;21,9;19,8;72;59;59;185;6,4;1,8;
2026/04/16;1400 UTC;0;988,7;989,7;988,7;2675,5;29,1;18,3;30,6;28,5;20,4;17;59;48;52;173;6,3;2,9;
2026/04/16;1500 UTC;0;987,7;988,7;987,7;3019,6;29,7;18,6;30,5;28,7;19,8;17,6;55;47;51;124;6,4;2,8;
2026/04/16;1600 UTC;0;986,5;987,7;986,5;3077,5;30;18,5;31,5;29,7;18,9;16,5;52;42;50;137;7,6;4,3;
2026/04/16;1700 UTC;0;985,8;986,5;985,8;2260,5;30,4;18,9;31,2;29,5;19,4;17,8;53;45;50;140;7,8;3,4;
2026/04/16;1800 UTC;0;985,3;985,8;985,3;2014,5;29,2;18,2;30,8;29;19,1;18;52;47;51;125;7,5;3,9;
2026/04/16;1900 UTC;0;985,6;985,6;985,3;1343;29,1;17,2;29,8;28,7;18,5;16,6;53;47;49;130;8,8;4,2;
2026/04/16;2000 UTC;0;985,9;985,9;985,6;685;27,8;17,8;29,3;27,8;17,9;17;54;48;54;113;7,3;3;
2026/04/16;2100 UTC;0;986,3;986,3;985,9;17,8;26;19,2;27,8;26;19,2;17,7;66;54;66;131;6;3,5;
2026/04/16;2200 UTC;0;986,9;986,9;986,3;;25,2;19,6;26;25,2;19,7;19,2;71;66;71;119;5,8;3,2;
2026/04/16;2300 UTC;0;987,8;987,8;986,9;;24,8;19,6;25,2;24,8;19,7;19,6;73;71;73;108;5,6;2,3;
2026/04/17;0000 UTC;0;988,3;988,3;987,8;;24,7;19,5;24,8;24,7;19,6;19,4;73;72;73;108;5;2;
2026/04/17;0100 UTC;0;988,3;988,4;988,3;;24,7;19,7;24,8;24,6;19,7;19,4;74;72;74;116;5;2,3;
2026/04/17;0200 UTC;0;988,2;988,3;988,2;;23,8;20;24,7;23,8;20;19,5;79;74;79;137;4,9;1,4;
2026/04/17;0300 UTC;0;987,6;988,2;987,6;;23,9;19,6;24,1;23,7;20;19,5;80;76;77;141;3,1;1,5;
2026/04/17;0400 UTC;0;987;987,6;987;;23,5;21,7;23,9;23,1;22,1;19,5;92;77;89;129;2,6;1,2;
2026/04/17;0500 UTC;0;986,4;987;986,4;;22,9;19,5;23,7;22,9;21,4;19,5;89;79;81;33;2,2;,7;
2026/04/17;0600 UTC;0;986;986,4;986;;21,9;;22,9;21,9;;;;;;224;1,3;,4;
2026/04/17;0700 UTC;0;985,8;986;985,8;;21,8;;22;21,8;;;;;;297;1,4;,5;
2026/04/17;0800 UTC;0;985,9;985,9;985,8;;21,8;;22;21,7;;;;;;234;1,1;,8;
2026/04/17;0900 UTC;0;986,6;986,6;985,9;14,9;21,9;;22,1;21,8;;;;;;222;2;1,4;
2026/04/17;1000 UTC;0;987,1;987,1;986,6;460,1;22,8;;22,8;21,9;;;;;;217;3,1;,8;
2026/04/17;1100 UTC;0;987,8;987,8;987,1;1112,5;25,6;24,3;26,1;22,8;;;;;92;168;2,5;1,4;
2026/04/17;1200 UTC;0;988,3;988,3;987,8;1365,5;26,8;21,3;27,1;25,6;25,3;20,2;95;68;72;143;4,9;2,5;
2026/04/17;1300 UTC;0;988,5;988,6;988,3;2404,6;28,8;19,3;29,1;26,9;21,8;18;73;53;56;146;5,9;3,1;
2026/04/17;1400 UTC;0;987,4;988,5;987,4;2882,2;30;17,3;30,2;28,7;18,8;16,7;56;45;46;163;5,8;2,6;
2026/04/17;1500 UTC;0;986,5;987,4;986,5;3057,3;31;17,4;31,2;29,6;18,4;16,8;49;44;44;145;5,7;2,1;
2026/04/17;1600 UTC;0;985,7;986,5;985,7;2750,2;31,8;17,4;32,5;30,2;18,7;15,8;46;40;42;133;6,9;2,8;
2026/04/17;1700 UTC;0;984,8;985,7;984,8;2485,4;31,3;17,4;31,8;30,6;18,7;16,8;47;42;44;94;7,4;3,3;
2026/04/17;1800 UTC;0;984,2;984,8;984,2;1387;30,4;17,5;31,7;29,8;18;16,8;47;43;46;129;7,6;3,6;
2026/04/17;1900 UTC;0;984,2;984,3;984,1;1516,5;29,8;17,6;30,8;29,6;17,9;17,2;48;44;48;106;7,7;3;
2026/04/17;2000 UTC;0;985;985;984,2;561;27,7;19,2;29,8;27,7;19,3;17,8;60;48;60;88;7,2;3,7;
2026/04/17;2100 UTC;0;985,5;985,5;985;23,2;26,3;20;27,7;26,3;20;18,9;68;60;68;117;7,7;3;
2026/04/17;2200 UTC;0;986,1;986,1;985,5;;25,4;20,1;26,3;25,4;20,1;19,9;73;68;73;126;5,5;2,9;
2026/04/17;2300 UTC;0;986,7;986,7;986,1;;24,8;20,2;25,4;24,7;20,2;20,1;76;73;76;130;4,8;2,8;
2026/04/18;0000 UTC;0;987,3;987,3;986,7;;24,8;20,1;24,9;24,8;20,2;20;76;74;75;120;5,5;2,4;
2026/04/18;0100 UTC;0;987,4;987,5;987,3;;24,6;20,5;24,8;24,4;20,5;20;78;75;78;108;4,4;2,1;
2026/04/18;0200 UTC;0;987,3;987,6;987,3;;23,9;22,4;25;23,9;22,4;19,8;91;75;91;50;4,9;1,2;
2026/04/18;0300 UTC;0;987;987,4;987;;23,6;;24;23,6;;;;;;58;2,6;,9;
2026/04/18;0400 UTC;0;986,2;987;986,2;;23,5;;23,7;23,2;;;;;;48;2,2;1,3;
2026/04/18;0500 UTC;0;985,9;986,2;985,8;;23,6;;23,6;23,4;;;;;;59;2,1;1;
2026/04/18;0600 UTC;0;985,7;985,9;985,7;;24;;24;23,4;;;;;;132;2,4;1,1;
2026/04/18;0700 UTC;0;985,6;985,8;985,6;;23;;24,1;23;;;;;;233;1,9;,9;
2026/04/18;0800 UTC;0;985,8;985,9;985,6;;22,6;;23;22,6;;;;;;187;2,5;1,4;
2026/04/18;0900 UTC;0;986,2;986,2;985,8;12,6;22,5;;22,6;22,4;;;;;;230;2,2;,6;
2026/04/18;1000 UTC;0;986,5;986,6;986,2;399,4;23,7;;23,7;22,4;;;;;;236;1,5;,6;
2026/04/18;1100 UTC;0;986,8;986,8;986,5;1033,6;26,2;24,4;26,3;23,5;;;;;90;113;2,1;,9;
2026/04/18;1200 UTC;0;987,3;987,3;986,8;1437;27,4;19,8;28,6;26,2;25,4;19,1;94;59;63;84;5,8;2,1;
2026/04/18;1300 UTC;0;987,1;987,4;987,1;1889,7;29,8;18,7;30,4;27,2;21;18,3;64;51;51;105;6,4;2,4;
2026/04/18;1400 UTC;0;986,5;987,1;986,5;2547,1;30,7;17,6;32;28,7;19,5;17;54;43;46;64;8;2,4;
2026/04/18;1500 UTC;0;985,6;986,5;985,6;2443,8;31,1;16,5;31,9;29,4;18,6;16,3;51;40;41;125;6;3,2;
2026/04/18;1600 UTC;0;985;985,6;985;2592,8;31,4;15,2;31,9;30,2;17;14,8;44;37;38;125;6,5;2,8;
2026/04/18;1700 UTC;0;984,3;985;984,3;2874,7;32;15,6;32,7;31,4;16,8;14,6;40;35;37;108;7,2;2,7;
2026/04/18;1800 UTC;0;983,7;984,3;983,7;1927;31,1;16,2;32,1;30,8;16,8;15,3;42;37;41;95;7,4;3,7;
2026/04/18;1900 UTC;0;984;984;983,7;1532,4;29,8;17;31,4;29,8;17;15,6;46;40;46;74;7,5;3,5;
2026/04/18;2000 UTC;0;984,4;984,4;984;629,5;28;17,4;29,9;28;17,4;16,7;53;46;53;110;7,9;3,1;
2026/04/18;2100 UTC;0;984,7;984,7;984,4;16,1;26,3;18,4;28;26,3;18,4;17,4;62;53;62;108;6,7;2,3;
2026/04/18;2200 UTC;0;984,9;984,9;984,7;;25,1;19,1;26,3;25,1;19,1;18,5;69;62;69;83;5,3;2,1;
2026/04/18;2300 UTC;0;985,6;985,6;984,9;;24,5;19,7;25,1;24,5;19,8;19,1;75;69;75;70;4,9;2,6;
2026/04/19;0000 UTC;0;986,3;986,3;985,6;;24,2;19,9;24,5;24,1;19,9;19,7;77;75;77;68;5,4;2,7;
2026/04/19;0100 UTC;0;986,6;986,6;986,3;;23,8;23,8;24,2;23,4;23,8;19,8;100;77;100;70;4,8;2,6;
2026/04/19;0200 UTC;0;987,1;987,1;986,6;;23,5;20,8;24,2;23,5;23,7;20,1;100;79;85;65;4,2;1,6;
2026/04/19;0300 UTC;0;987,2;987,3;987,1;;23,7;19,7;24,3;23,5;21,4;19,7;87;76;78;63;3,6;2;
2026/04/19;0400 UTC;0;986,6;987,2;986,6;;24,3;20,2;24,3;23,4;21,5;19,7;88;78;78;93;3,2;1,3;
2026/04/19;0500 UTC;0;986,2;986,7;986,2;;23,8;20,3;24,3;23,8;20,8;20,2;81;78;81;61;3;1,8;
2026/04/19;0600 UTC;0;985,7;986,2;985,7;;22,5;;23,8;22,5;;;;;;51;2,9;,6;
2026/04/19;0700 UTC;0;985,6;985,7;985,6;;22,3;;22,8;22,1;;;;;;224;2,5;1,4;
2026/04/19;0800 UTC;0;986;986;985,5;;22,4;;22,5;22,1;;;;;;234;2,5;,6;
2026/04/19;0900 UTC;0;986,6;986,6;986;18,1;22,5;;22,6;22,3;;;;;;233;1,5;,8;
2026/04/19;1000 UTC;0;987,3;987,3;986,6;346,9;23,7;;23,7;22,5;;;;;;218;2,7;1,9;
2026/04/19;1100 UTC;0;988;988;987,3;676,8;25,1;;25,1;23,6;;;;;;204;3,1;1,8;
2026/04/19;1200 UTC;0;988,4;988,4;988;1504;26,9;25,1;27,2;25;;;;;90;57;5;2,5;
2026/04/19;1300 UTC;0;988,3;988,5;988,3;2325,1;30,1;21,3;30,3;26,9;27,2;20,8;95;58;60;47;5;2,3;
2026/04/19;1400 UTC;0;987,8;988,3;987,8;2603,6;29,7;19,2;31,5;29,1;21,5;18,5;60;49;53;76;6,8;3,1;
2026/04/19;1500 UTC;,2;987,1;987,8;987,1;2413,8;32,2;20,2;32,4;29,6;21,4;18,7;57;46;49;54;6,7;1,8;
2026/04/19;1600 UTC;0;986,4;987,1;986,4;2306,4;31,1;19,4;33,6;30,9;20,5;18,1;50;41;50;70;7,1;3,9;
2026/04/19;1700 UTC;1,6;985,7;986,4;985,7;558,8;28,2;20,6;31,1;28,1;21,6;19,5;66;50;64;86;7,1;2,6;
2026/04/19;1800 UTC;0;985,2;985,7;985,2;1643,9;30,7;19,5;31,6;28,2;21,7;19,2;64;50;52;94;6,6;2,7;
2026/04/19;1900 UTC;0;985,1;985,2;984,9;1230,3;29,8;19,7;30,6;29,3;20,1;19,2;56;51;55;76;7,9;4,2;
2026/04/19;2000 UTC;0;985,3;985,4;984,9;435,4;28;20,1;29,8;28;20,2;19,6;62;55;62;79;7,9;3,5;
2026/04/19;2100 UTC;0;986;986;985,3;15,6;26,7;20,5;28;26,7;20,5;20,1;69;62;69;94;6,6;2;
2026/04/19;2200 UTC;0;986,8;986,8;986;;25,7;20,6;26,7;25,7;20,7;20,5;74;69;74;90;4,4;1,7;
2026/04/19;2300 UTC;0;987,6;987,6;986,8;;25,3;20,5;25,7;25,3;20,6;20,5;75;74;74;91;4,1;1,6;
2026/04/20;0000 UTC;0;988,3;988,3;987,6;;25,2;20,5;25,3;25,2;20,5;20,4;75;74;75;90;3,8;1,4;
2026/04/20;0100 UTC;0;988,3;988,4;988,3;;25,1;20,6;25,3;25,1;20,6;20,5;76;75;76;101;4,5;1,4;
2026/04/20;0200 UTC;0;988,8;988,8;988,3;;24,9;20,4;25,1;24,8;20,6;20,4;77;76;76;92;4,4;1,4;
2026/04/20;0300 UTC;0;988,5;988,9;988,5;;24,4;20,9;25;24,4;20,9;20,4;81;76;81;74;4,4;2,6;
2026/04/20;0400 UTC;0;988;988,5;988;;23,7;;24,4;23,7;;;100;81;;49;5;1,5;
2026/04/20;0500 UTC;0;987,6;988;987,6;;23,5;;23,7;23,2;;;;;;102;2,5;,8;
2026/04/20;0600 UTC;0;987,7;987,8;987,6;;23,6;;23,7;23,5;;;;;;102;1,9;,7;
2026/04/20;0700 UTC;0;987,6;987,7;987,6;;23,2;;23,8;23,2;;;;;;57;2,8;1,4;
2026/04/20;0800 UTC;0;988;988;987,6;;22,8;;23,2;22,8;;;;;;57;2,3;,9;
2026/04/20;0900 UTC;0;988,5;988,5;987,9;12,2;22,7;;23;22,5;;;;;;226;1,3;,6;
2026/04/20;1000 UTC;0;988,9;988,9;988,5;375,6;24,1;;24,2;22,7;;;;;;110;1,3;,4;
2026/04/20;1100 UTC;0;989,3;989,3;988,9;1253,6;28;21,4;28;24;;;;;67;62;4;1,7;
2026/04/20;1200 UTC;0;989,8;989,8;989,3;1473,7;27,9;20,5;28,2;27;21,4;20;70;62;64;87;4,6;2;
2026/04/20;1300 UTC;0;989,5;989,8;989,5;1925,3;29,1;18,9;30,1;27,9;21,8;18,2;64;52;54;112;5,9;2,4;
2026/04/20;1400 UTC;0;988,9;989,5;988,9;1837,7;31,4;18,9;31,4;28,8;19,2;17,8;54;47;47;76;7,5;3,5;
2026/04/20;1500 UTC;0;988,3;988,9;988,3;2849,4;31,1;16,3;32,4;30,2;18,9;16,3;48;40;41;89;8;2,4;
2026/04/20;1600 UTC;0;987,5;988,3;987,5;1423,6;30,4;17,5;31,3;30,2;18,1;16,2;47;41;46;73;9;4,2;
2026/04/20;1700 UTC;0;986,9;987,5;986,9;1987;30,5;17,4;31,9;30,1;18;16,6;47;42;45;96;9;3,8;
2026/04/20;1800 UTC;0;986,7;986,9;986,5;2246,5;30,6;17,2;31,6;30,1;18,1;16,5;47;41;45;118;9,5;4,3;
2026/04/20;1900 UTC;0;987,1;987,1;986,7;957,2;28,9;17,6;30,6;28,8;18,3;17,1;53;45;50;109;8,5;3,1;
2026/04/20;2000 UTC;0;987,5;987,5;987,1;191,9;27,4;18,1;28,9;27,4;18,1;17,3;57;50;57;136;6,9;3,5;
2026/04/20;2100 UTC;0;988,1;988,2;987,5;13,6;26,1;19,7;27,4;26,1;19,7;18;68;57;68;170;6,4;2,1;
2026/04/20;2200 UTC;0;988,5;988,5;988,1;;25,3;20,5;26,1;25,2;21;19,8;77;68;75;168;3,9;1,6;
2026/04/20;2300 UTC;0;989,1;989,1;988,5;;23,9;;25,3;23,9;24,2;20,5;100;75;;197;3,9;2,1;
2026/04/21;0000 UTC;0;989,6;989,6;989,1;;23,7;;23,9;23,6;;;;;;174;3,6;1,7;
2026/04/21;0100 UTC;0;990,1;990,1;989,6;;23,9;;24,5;23,7;;;;;;58;5,1;1,3;
2026/04/21;0200 UTC;0;989,8;990,1;989,8;;24,3;;24,3;23,9;;;;;;112;3,9;1,4;
2026/04/21;0300 UTC;0;989,4;989,8;989,4;;23,9;;24,3;23,7;;;;;;83;5,4;2,7;
2026/04/21;0400 UTC;0;988,8;989,4;988,7;;23,6;;23,9;23,1;;;;;;149;5,2;1,3;
2026/04/21;0500 UTC;0;988,2;988,8;988,2;;22,6;;23,6;22,6;;;;;;179;3,1;1,7;
2026/04/21;0600 UTC;0;988;988,2;988;;22,6;;22,7;22,6;;;;;;187;3,3;1,4;
2026/04/21;0700 UTC;0;988,1;988,1;987,9;;22,7;;22,8;22,6;;;;;;225;2,4;1,7;
2026/04/21;0800 UTC;0;988,2;988,2;987,9;;22,4;;22,7;22,4;;;;;;194;2,4;1,3;
2026/04/21;0900 UTC;0;989,2;989,2;988,2;8,9;22,4;;22,5;22,3;;;;;;197;2,5;1,7;
2026/04/21;1000 UTC;0;989,8;989,8;989,2;155,6;23,1;;23,1;22,4;;;;;;209;4,3;2,4;
2026/04/21;1100 UTC;,6;990,6;990,6;989,8;954,5;24,5;;24,6;23;;;;;;197;4,4;2,6;
2026/04/21;1200 UTC;0;990,7;990,8;990,6;1268,1;26,2;23,8;26,3;24,5;;;;;87;179;5,4;2,6;
2026/04/21;1300 UTC;0;990,7;990,7;990,5;2400,6;28,9;18,2;28,9;26,2;23,8;18,2;87;53;53;138;7,1;3,7;
2026/04/21;1400 UTC;0;990,2;990,7;990,1;2129,8;27,3;20;29;26,3;20,7;18,3;69;53;64;138;10;3,8;
2026/04/21;1500 UTC;0;989,4;990,1;989,4;2406,1;27,9;18,9;29,6;27,3;20;17,7;64;53;58;135;7,8;4,4;
2026/04/21;1600 UTC;0;988,6;989,4;988,6;1820,7;27,2;20;29,5;27;20,6;18,3;66;56;65;186;7,3;3,3;
2026/04/21;1700 UTC;0;988,1;988,6;988,1;1012,3;28,7;18;29,1;27,2;20,4;17,5;65;50;52;160;8,2;4,1;
2026/04/21;1800 UTC;0;988,3;988,4;988;1911;27,4;20,1;30;27,1;20,2;16,6;66;45;64;128;11,4;6,6;
2026/04/21;1900 UTC;0;988,6;988,6;988,3;1258,5;27,1;19,7;27,7;26,6;20,2;19,2;65;62;64;94;10,6;3,3;
2026/04/21;2000 UTC;0;988,7;988,7;988,4;586,4;26,6;19;27,1;26,5;20,2;18,8;68;61;63;145;7,6;3,8;
2026/04/21;2100 UTC;0;988,9;988,9;988,7;23,1;25,9;19,2;26,6;25,9;19,7;19;67;63;67;116;6,6;2,9;
2026/04/21;2200 UTC;0;989,2;989,2;988,8;;25,3;19,7;25,9;25,3;19,7;19,2;71;67;71;123;5,2;2,5;
2026/04/21;2300 UTC;0;990,1;990,1;989,2;;25;20;25,3;25;20;19,7;74;71;74;120;4,6;2,8;
2026/04/22;0000 UTC;0;990,5;990,5;990,1;;24,7;20,3;25;24,7;20,3;20;77;74;77;143;4,9;1,8;
2026/04/22;0100 UTC;0;990,7;990,8;990,5;;24,2;22,7;24,7;24,2;22,7;20,3;92;77;92;181;3,6;1,7;
2026/04/22;0200 UTC;0;990,5;990,7;990,5;;23,9;;24,2;23,9;;;;;;185;3;1,4;
2026/04/22;0300 UTC;0;990,1;990,5;990,1;;23,5;;23,9;23,5;;;;;;208;2,4;1;
2026/04/22;0400 UTC;5,6;989,7;990,1;989,7;;22,8;;23,6;22,6;;;;;;59;5;2,3;
2026/04/22;0500 UTC;1;989,5;989,7;989,5;;22,3;;22,8;22,2;;;;;;64;5;1,6;
2026/04/22;0600 UTC;2;989,5;989,6;989,5;;22,4;;22,5;22,2;;;;;;28;3,5;1,4;
2026/04/22;0700 UTC;,2;989,1;989,5;989;;22,2;;22,4;22,2;;;;;;281;2,6;,8;
2026/04/22;0800 UTC;0;989;989,1;989;;22,2;;22,2;22,1;;;;;;220;2,7;1,7;
2026/04/22;0900 UTC;0;989,8;989,8;989;13,7;21,9;;22,2;21,9;;;;;;225;3,1;1,6;
2026/04/22;1000 UTC;0;990,9;990,9;989,8;401,7;22,3;;22,4;21,9;;;;;;196;4,4;2,5;
2026/04/22;1100 UTC;0;991,4;991,4;990,9;764,3;23,8;;23,8;22,3;;;;;;226;5,6;2,9;
2026/04/22;1200 UTC;0;991,8;991,8;991,4;2119,7;26,9;23,4;26,9;23,8;25,3;20,8;100;74;81;181;5,4;2,2;
2026/04/22;1300 UTC;0;991,7;991,9;991,7;2212,7;27,6;20,5;28,1;26,4;22,9;20,3;81;65;65;169;5,8;3;
2026/04/22;1400 UTC;0;990,9;991,7;990,9;1822,1;28,4;19;29,4;27,3;20,9;18,5;67;54;57;159;6,6;3,5;
2026/04/22;1500 UTC;0;989,9;990,9;989,9;1364,2;28;19,7;28,4;27,2;20,9;19;66;57;60;187;8,5;3,3;
2026/04/22;1600 UTC;2,2;989,8;989,9;989,6;549,3;23,3;;28,3;23,2;23,2;18,4;100;57;;54;8,1;2,3;
2026/04/22;1700 UTC;3;989;989,8;989;418;23,3;;23,9;22,8;;;;;;203;5,5;1,5;
2026/04/22;1800 UTC;0;988,6;989;988,5;1223,7;25,9;25,9;25,9;23,2;;;;;100;174;3;1,3;
2026/04/22;1900 UTC;0;988,8;988,8;988,5;1061,4;26;24,9;26,7;25,8;26,3;24,5;100;89;94;218;4,3;1,4;
2026/04/22;2000 UTC;0;989,1;989,1;988,7;384,4;25,9;20,7;26,6;25,9;25,9;20,4;98;70;73;133;5,9;3,1;
2026/04/22;2100 UTC;0;989,9;990;989,1;33,7;24,8;20,5;25,9;24,8;21;20,4;77;73;77;111;9,3;2,7;
2026/04/22;2200 UTC;0;990,4;990,4;989,9;;23,5;;24,8;23,4;;;;;;114;9,3;2,6;
2026/04/22;2300 UTC;,2;990,7;990,8;990,4;;23,5;;23,6;23,4;;;;;;147;4,8;1,9;
2026/04/23;0000 UTC;0;991,1;991,2;990,7;;23,4;;23,6;23,3;;;;;;132;5,7;2,7;
2026/04/23;0100 UTC;0;990,7;991,1;990,7;;23,3;;23,6;23,3;;;;;;144;4,9;2,1;
2026/04/23;0200 UTC;0;990,7;990,8;990,6;;23,1;;23,3;23,1;;;;;;187;4;1,5;
2026/04/23;0300 UTC;0;990,2;990,7;990,2;;23;;23,2;23;;;;;;197;2,8;1,9;
2026/04/23;0400 UTC;0;989,4;990,2;989,4;;22,8;;23;22,8;;;;;;198;3,5;2,4;
2026/04/23;0500 UTC;0;989,1;989,4;989,1;;23;;23,1;22,8;;;;;;188;3,7;2,1;
2026/04/23;0600 UTC;4,4;988,9;989,1;988,8;;23,1;;23,2;23;;;;;;89;3,6;1,7;
2026/04/23;0700 UTC;,2;988,7;988,9;988,6;;22,6;;23,1;22,4;;;;;;164;3,5;1,1;
2026/04/23;0800 UTC;0;989,1;989,1;988,6;;23;;23;22,6;;;;;;193;1,8;1;
2026/04/23;0900 UTC;0;989,5;989,5;989;7,4;23,2;;23,2;22,9;;;;;;189;1,5;1;
2026/04/23;1000 UTC;0;990;990;989,5;261;23,6;;23,6;23,2;;;;;;202;2,2;1,5;
2026/04/23;1100 UTC;0;990,6;990,6;990;896,3;24,4;;24,5;23,5;;;;;;157;2,9;1,5;
2026/04/23;1200 UTC;0;990,9;990,9;990,6;1746,5;26,3;25,9;26,3;24,4;;;;;97;153;4,4;2,3;
2026/04/23;1300 UTC;1,8;991;991;990,8;1039,5;24,5;;26,8;24,5;26;24,6;100;88;;132;6,3;3,1;
2026/04/23;1400 UTC;,8;990,1;991;990,1;1921,9;27,3;25,9;27,3;24,4;;;;;92;99;6,3;2,2;
2026/04/23;1500 UTC;0;989,7;990,1;989,4;2272,2;26,4;20,7;29,6;26,4;26,4;19,7;92;62;71;112;12,4;4,5;
2026/04/23;1600 UTC;,2;988,7;989,9;988,7;1233,4;26;25,5;26,3;24,7;;;;;97;112;12,4;2,1;
2026/04/23;1700 UTC;0;988;988,7;988;1819,7;27,4;23,4;27,8;26;26,4;21,6;98;70;79;146;5,6;3,2;
2026/04/23;1800 UTC;0;987,6;988;987,6;1894,7;28,8;21,3;28,9;27,4;24,1;20,7;82;64;64;133;6,9;3,1;
2026/04/23;1900 UTC;,4;988,1;988,1;987,5;641,5;25,5;25,5;28,9;25,2;25,6;20,7;100;62;100;109;8,1;3,3;
2026/04/23;2000 UTC;0;988,3;988,3;988,1;494,8;25,7;24,4;26,6;25,5;26;21,4;100;74;93;89;7,3;2,7;
2026/04/23;2100 UTC;0;988,6;988,6;988,3;13;24,9;24,9;25,7;24,9;25,1;24,2;100;92;100;77;7,1;2,4;
2026/04/23;2200 UTC;0;989,4;989,4;988,6;;24,8;;24,9;24,5;;;;;;104;5;1,3;
2026/04/23;2300 UTC;0;990,1;990,1;989,4;;24,8;;24,9;24,7;;;;;;117;4,8;2,1;
2026/04/24;0000 UTC;0;990,3;990,4;990,1;;24,3;;24,8;24,2;;;;;;99;4,3;1,5;
2026/04/24;0100 UTC;,2;990,5;990,5;990,3;;24,2;;24,4;24,2;;;;;;145;4,5;1,3;
2026/04/24;0200 UTC;,2;990,2;990,5;990,2;;23,9;;24,2;23,8;;;;;;98;5,1;1,4;
2026/04/24;0300 UTC;0;990;990,3;990;;23,7;;23,9;23,6;;;;;;102;4;1,3;
2026/04/24;0400 UTC;0;989,5;990;989,5;;22,9;;23,7;22,9;;;;;;169;2,6;1,4;
2026/04/24;0500 UTC;0;988,8;989,5;988,8;;22,6;;23;22,6;;;;;;221;1,8;1,2;
2026/04/24;0600 UTC;0;988,7;988,8;988,5;;22,5;;22,6;22,2;;;;;;206;2;,7;
2026/04/24;0700 UTC;0;988,7;988,7;988,6;;22,4;;22,7;22,4;;;;;;185;2,9;1,7;
2026/04/24;0800 UTC;0;988,8;988,9;988,7;;22,6;;22,6;22,3;;;;;;111;2,8;,4;
2026/04/24;0900 UTC;0;989,6;989,6;988,8;16,8;22,6;;22,7;22,4;;;;;;246;1,5;,7;
2026/04/24;1000 UTC;0;990,6;990,6;989,6;208,4;23,2;;23,2;22,6;;;;;;206;1,6;,4;
2026/04/24;1100 UTC;,4;991,1;991,1;990,6;657,6;23,9;;23,9;22,9;;;;;;150;4,8;1;
2026/04/24;1200 UTC;0;991,6;991,7;991,1;1178;25;;26;23,9;;;;;;182;3,6;2,2;
2026/04/24;1300 UTC;0;991,2;991,7;991,2;1348,9;26,3;24,7;26,5;24,7;;;;;91;149;4;1,7;
2026/04/24;1400 UTC;0;990,2;991,2;990,2;2396,2;28,9;21,7;28,9;26,3;26;20,6;97;64;65;114;5,8;2,8;
2026/04/24;1500 UTC;0;989,5;990,2;989,4;2376,2;29,4;21,2;29,4;27,1;25,1;20,4;85;61;61;93;7,4;3;
2026/04/24;1600 UTC;,2;988,8;989,5;988,8;3091,5;30,4;18,4;30,4;28,7;21,4;17,5;62;48;49;108;8;3,2;
2026/04/24;1700 UTC;0;988,3;988,8;988,3;2204,6;29,8;18,6;30,6;27,5;19;17;59;47;51;94;10,6;3,1;
2026/04/24;1800 UTC;0;988,2;988,3;988,1;1681,8;28,9;18;29,9;28,2;20,6;17,7;62;50;52;117;8,3;3,8;
2026/04/24;1900 UTC;0;988,7;988,7;988,1;1049,2;28,1;19,5;29,8;26,8;21,1;18;70;52;60;116;7,8;3,6;
2026/04/24;2000 UTC;0;989,2;989,2;988,6;335,6;26,8;19,3;28,1;26,8;20,1;18,8;65;57;63;113;8,2;3,2;
2026/04/24;2100 UTC;0;989,3;989,4;989,2;12,9;25,7;20,2;26,8;25,7;20,2;19,3;72;63;72;123;6,5;2,5;
2026/04/24;2200 UTC;0;989,8;989,8;989,3;;25,1;20,5;25,7;25,1;20,5;20,2;76;72;76;125;5,2;2,4;
2026/04/24;2300 UTC;0;990,4;990,4;989,8;;24,8;20,8;25,1;24,8;20,8;20,5;78;76;78;122;5;2,2;
2026/04/25;0000 UTC;,2;990,9;990,9;990,4;;23,6;;24,9;23,5;;;100;78;;101;8,2;2,2;
2026/04/25;0100 UTC;0;990,8;991;990,8;;23,2;;23,6;23,2;;;;;;128;5,7;2,1;
2026/04/25;0200 UTC;0;990,6;990,8;990,6;;23,2;;23,5;23,2;;;;;;182;3,4;,9;
2026/04/25;0300 UTC;0;990,2;990,6;990,2;;23,6;;23,6;22,9;;;;;;129;3;1,7;
2026/04/25;0400 UTC;0;989,6;990,2;989,6;;22,9;;23,6;22,8;;;;;;224;2,6;1,1;
2026/04/25;0500 UTC;1;989,2;989,6;989,2;;22,9;;23,2;22,7;;;;;;235;1,9;,5;
2026/04/25;0600 UTC;0;989,2;989,2;989,1;;22,6;;22,9;22,6;;;;;;206;2,2;1,3;
2026/04/25;0700 UTC;0;989;989,2;989;;22,6;;22,7;22,4;;;;;;205;3,4;,4;
2026/04/25;0800 UTC;,2;989;989;988,9;;22,7;;22,8;22,6;;;;;;212;2,3;1,1;
2026/04/25;0900 UTC;,2;989,4;989,4;989;10,3;22,6;;22,7;22,4;;;;;;221;2,2;1,4;
2026/04/25;1000 UTC;,4;990;990;989,4;406,8;23,3;;23,4;22,5;;;;;;165;5;1,3;
2026/04/25;1100 UTC;0;990,3;990,4;990;1323,7;25,4;;25,4;23;;;;;;178;3,6;1,9;
2026/04/25;1200 UTC;0;990,5;990,5;990,3;1507,9;26,9;21,7;27,1;25,3;26,5;21,3;100;71;73;116;5,1;2,6;
2026/04/25;1300 UTC;3,2;990,5;990,8;990,5;1177;25,4;;26,8;24,3;;;;;;157;6,5;2;
2026/04/25;1400 UTC;1,8;990;990,5;989,8;2297,5;24;24;28,8;23,8;;;;;100;81;11,6;3,3;
2026/04/25;1500 UTC;4,6;988,8;990;988,8;1905,5;26,1;;28,3;24;;;;;;92;7,9;2,6;
2026/04/25;1600 UTC;,2;988,1;988,8;988,1;1953,6;28,4;21,9;28,4;26,1;27,2;20,6;100;64;68;133;9;4;
2026/04/25;1700 UTC;,2;987,8;988,1;987,8;1813,6;27,1;20,8;28,4;25,9;24;19,8;87;64;68;114;9,4;4;
2026/04/25;1800 UTC;0;987,7;987,8;987,5;1885,2;27,2;19,7;28,2;27;21,3;18,7;68;57;64;113;8,7;3,4;
2026/04/25;1900 UTC;0;988,1;988,1;987,7;1031,8;27,1;19,4;28,4;26,4;20;18,8;66;58;63;114;8,7;3,1;
2026/04/25;2000 UTC;0;988,8;988,8;988,2;492,6;26,4;19;27,7;26,4;19,5;18,4;64;60;64;99;6,5;1,8;
2026/04/25;2100 UTC;0;989,2;989,2;988,8;15,2;25,3;20;26,4;25,2;20,1;18,9;73;64;73;127;4,6;2;
2026/04/25;2200 UTC;0;989,7;989,7;989,1;;24,7;20,7;25,3;24,6;20,8;19,8;79;72;79;122;4,6;1,5;
2026/04/25;2300 UTC;0;990,2;990,2;989,7;;24,3;20,5;24,7;24,3;20,7;20,4;80;78;79;125;3,2;1,8;
2026/04/26;0000 UTC;0;990,4;990,4;990,2;;24,4;20,3;24,4;24,2;20,5;20,3;79;78;78;110;4,2;1,6;
2026/04/26;0100 UTC;0;990,6;990,6;990,4;;23,7;21,5;24,5;23,7;21,7;20;88;77;88;159;4,1;1;
2026/04/26;0200 UTC;0;990,5;990,6;990,5;;23,2;;23,7;23,2;;;;;;185;2,1;1,1;
2026/04/26;0300 UTC;0;990,1;990,6;990,1;;22,6;;23,2;22,5;;;;;;195;1,5;,7;
2026/04/26;0400 UTC;0;989,6;990,1;989,6;;22,3;;22,6;22,3;;;;;;232;1,7;1,3;
2026/04/26;0500 UTC;0;989,4;989,7;989,3;;22,2;;22,3;22,1;;;;;;222;1,7;1,1;
2026/04/26;0600 UTC;0;989,2;989,4;989,2;;22,1;;22,2;22,1;;;;;;208;1,7;1,2;
2026/04/26;0700 UTC;0;989,1;989,2;989,1;;21,7;;22,1;21,7;;;;;;290;1,7;,6;
2026/04/26;0800 UTC;0;989,5;989,5;989,1;;21,4;;21,7;21,4;;;;;;272;1,1;,7;
2026/04/26;0900 UTC;0;990,1;990,1;989,5;14,4;21,4;;21,5;21,3;;;;;;261;1,6;,8;
2026/04/26;1000 UTC;0;990,8;990,8;990,1;209,1;22,3;;22,4;21,3;;;;;;237;2;,7;
2026/04/26;1100 UTC;0;991,4;991,4;990,8;670,2;23,4;;23,6;22,3;;;;;;229;1,9;,8;
2026/04/26;1200 UTC;0;991,4;991,5;991,3;1903,9;27,4;21,5;27,8;23,4;;;;;70;68;4,4;2;
2026/04/26;1300 UTC;0;991,1;991,4;991,1;2263,7;28,8;18,5;29,1;26,9;22,3;17,6;73;52;54;82;6,2;2,7;
2026/04/26;1400 UTC;0;990,2;991,1;990,2;2717,8;29,3;17,7;30;28,5;18,7;16,7;54;46;50;76;5,9;2,9;
2026/04/26;1500 UTC;0;989,5;990,2;989,5;1821,9;28,6;19,1;29,2;26,8;19,7;17,4;63;50;57;118;7,1;2,3;
2026/04/26;1600 UTC;0;988,6;989,5;988,6;2587,5;30,2;17,4;30,6;28,5;19,4;16,6;57;45;46;81;7,7;3,7;
2026/04/26;1700 UTC;0;987,9;988,6;987,9;2816,5;31,3;17,3;31,3;29,4;17,6;15,6;49;41;43;71;9,3;3,5;
2026/04/26;1800 UTC;0;988;988;987,7;2079,8;29,7;17;31,3;28,9;17,8;15;48;41;46;99;7,6;2,8;
2026/04/26;1900 UTC;0;988,4;988,4;988;1283,6;28,7;16,3;30;28,7;17,1;15,6;48;43;47;98;6,4;2,2;
2026/04/26;2000 UTC;0;989,1;989,1;988,4;403,4;27,1;18;28,7;27,1;18;16,3;58;47;58;110;6,7;2,5;
2026/04/26;2100 UTC;0;989,4;989,4;989;23,7;25,7;19,4;27,1;25,6;19,4;18,1;68;58;68;110;5,8;2,6;
2026/04/26;2200 UTC;0;989,9;989,9;989,3;;25;19,7;25,7;25;19,7;19,4;73;68;73;101;4,9;1,4;
2026/04/26;2300 UTC;0;990,6;990,6;989,9;;24,6;19,9;25;24,6;19,9;19,7;75;73;75;83;4,5;2,3;
2026/04/27;0000 UTC;0;991;991;990,6;;24,4;19,7;24,6;24,4;19,9;19,7;76;75;75;87;4,9;1,6;
2026/04/27;0100 UTC;0;991;991;990,9;;24,3;19,6;24,4;24,2;19,7;19,6;76;75;75;85;3,9;1,4;
2026/04/27;0200 UTC;0;991;991;990,9;;24,1;19,2;24,3;24,1;19,6;19,2;75;74;74;100;3,3;1;
2026/04/27;0300 UTC;0;990,6;991;990,6;;24,1;19,2;24,2;24;19,3;19,1;74;73;74;106;2,6;,7;
2026/04/27;0400 UTC;0;989,8;990,6;989,8;;23,5;19,5;24,1;23,4;19,5;19,1;78;74;78;129;2,5;,8;
2026/04/27;0500 UTC;0;989,4;989,8;989,4;;22,7;21,3;23,5;22,7;21,3;19,3;92;78;92;133;1,5;,4;
2026/04/27;0600 UTC;0;989,3;989,5;989,3;;22;;22,7;22;;;;;;200;,9;,4;
2026/04/27;0700 UTC;0;989,4;989,4;989,3;;21,9;;22,2;21,9;;;;;;140;,9;,6;
2026/04/27;0800 UTC;0;989,9;989,9;989,4;;21,6;;22,2;21,6;;;;;;226;2;,3;
2026/04/27;0900 UTC;0;990,4;990,4;989,9;18,2;22;;22;21,5;;;;;;98;,9;,2;
2026/04/27;1000 UTC;0;991,2;991,2;990,4;280,2;22,7;;22,7;22;;;;;;227;1,6;1;
2026/04/27;1100 UTC;0;991,7;991,7;991,2;1281;25,4;25,4;25,4;22,7;;;;;100;168;2,4;1,4;
2026/04/27;1200 UTC;0;992,2;992,2;991,7;1729,1;27,2;19,4;27,7;25,4;25,3;19,4;100;62;62;148;4,9;2,2;
2026/04/27;1300 UTC;0;992,1;992,3;992,1;2034,4;28,6;17,8;30;27,3;18,5;16,5;62;46;52;86;5,7;2,1;
2026/04/27;1400 UTC;0;991,3;992,1;991,3;2173,6;29,3;17,7;30,4;28,2;18,8;16,2;54;44;50;95;6,2;2,5;
2026/04/27;1500 UTC;0;990,3;991,3;990,3;2990;31,2;16,2;31,2;28,6;17,9;13,7;52;36;41;84;5,8;2,2;
2026/04/27;1600 UTC;0;989,3;990,3;989,3;2493,6;30,6;15;31,2;29,3;15,9;13,9;42;37;39;118;6,4;2,6;
2026/04/27;1700 UTC;0;988,7;989,3;988,7;2477;31;16,5;31,3;29,9;16,9;14,3;44;37;42;78;6,4;2,7;
2026/04/27;1800 UTC;0;988,5;988,7;988,5;2223,7;29,9;17,5;31;29,5;17,6;14,3;48;37;47;93;7,1;2,6;
2026/04/27;1900 UTC;0;988,7;988,7;988,5;1055,8;29;16,7;30;28,8;17,3;15,8;47;44;47;104;6,7;2,8;
2026/04/27;2000 UTC;0;989,3;989,3;988,7;325,7;27,4;18,7;29,1;27,4;18,8;16,3;59;46;59;102;6,6;2,4;
2026/04/27;2100 UTC;0;989,7;989,7;989,3;29,4;25,7;19,8;27,4;25,7;19,8;18,8;70;59;70;91;5,8;2;
2026/04/27;2200 UTC;0;990,3;990,3;989,7;;24,9;19,8;25,7;24,9;19,9;19,8;73;70;73;102;5,6;1,9;
2026/04/27;2300 UTC;0;990,8;990,8;990,3;;24,7;19,4;25;24,7;19,8;19,4;73;72;73;104;6,3;1,8;
2026/04/28;0000 UTC;0;991,2;991,2;990,8;;24,5;19,3;24,7;24,5;19,5;19,3;73;73;73;102;5,5;1,9;
2026/04/28;0100 UTC;0;991,4;991,5;991,2;;24,2;19,4;24,5;24,2;19,5;19,3;75;73;75;91;5;1,9;
2026/04/28;0200 UTC;0;991,2;991,4;991,2;;23,9;19,2;24,2;23,9;19,5;19,2;77;75;75;107;3,8;1,5;
2026/04/28;0300 UTC;0;990,8;991,3;990,8;;24,1;18,8;24,1;23,9;19,2;18,7;75;72;72;108;4,5;1,5;
2026/04/28;0400 UTC;0;990,3;990,8;990,3;;23,4;18,9;24,1;23,4;18,9;18,5;76;72;76;118;3,5;1,3;
2026/04/28;0500 UTC;0;990;990,3;990;;22;;23,5;22;22,3;18,6;100;76;;230;2,5;1,3;
2026/04/28;0600 UTC;0;990,1;990,1;990;;21,6;;22;21,6;;;;;;219;2,1;1,5;
2026/04/28;0700 UTC;0;989,9;990,1;989,9;;21,2;;21,6;21,2;;;;;;221;2,3;1,6;
2026/04/28;0800 UTC;0;990,1;990,1;989,9;;20,9;;21,2;20,9;;;;;;219;2,2;1,1;
2026/04/28;0900 UTC;0;990,6;990,6;990,1;11,5;21,1;;21,1;20,9;;;;;;218;1,9;1,3;
2026/04/28;1000 UTC;0;991,2;991,2;990,6;293,6;22,4;;22,4;21;;;;;;227;2,5;1,5;
2026/04/28;1100 UTC;0;991,8;991,8;991,2;1262,8;25,3;24,9;25,3;22,4;;;;;98;200;4,3;2,3;
2026/04/28;1200 UTC;0;992,2;992,2;991,8;1126;26,4;21,5;26,4;25,3;24,9;21,2;98;74;75;147;5,4;2,9;
2026/04/28;1300 UTC;0;992,1;992,2;992,1;1512;27,1;20,6;27,7;26;23,3;20,4;82;66;68;138;6,7;3,8;
2026/04/28;1400 UTC;0;991,3;992,1;991,3;1900,9;28,7;20,1;29,1;27,1;21,7;18,5;72;55;60;134;7,1;3,1;
2026/04/28;1500 UTC;0;990,3;991,3;990,3;2833,9;29,4;19,1;30,4;28,2;20,1;18,2;60;51;54;87;8,6;3,3;
2026/04/28;1600 UTC;0;989,4;990,3;989,4;952,3;28,7;18,8;29,4;27,8;19,8;18,5;59;54;55;106;8,6;3;
2026/04/28;1700 UTC;0;988,6;989,4;988,6;2147,7;29,1;18,4;30,1;28,5;19;17,7;56;49;53;127;8,8;4,3;
2026/04/28;1800 UTC;0;988,3;988,6;988,3;1256,5;28,8;19,1;29,3;28;19,6;18,3;60;52;56;102;7,9;3,2;
2026/04/28;1900 UTC;0;988,6;988,6;988,3;1072,2;27,6;20,3;28,9;26,9;20,3;18,7;66;56;65;96;8,9;3,2;
2026/04/28;2000 UTC;0;989;989;988,6;334,6;26,3;19,9;27,6;26,2;20,4;19,3;69;63;68;104;10;2,9;
2026/04/28;2100 UTC;0;989,4;989,4;989;13,8;24,8;20,7;26,3;24,8;20,7;19,6;78;67;78;90;7,3;2,7;
2026/04/28;2200 UTC;0;990,1;990,1;989,4;;24,4;23;24,8;24,4;23,1;20,7;92;78;92;81;7;2,5;
2026/04/28;2300 UTC;0;990,5;990,5;990,1;;23,8;;24,4;23,8;;;;;;62;5;2,1;
2026/04/29;0000 UTC;,6;991;991,1;990,5;;23,3;;23,8;23,3;;;;;;113;5,8;1,9;
2026/04/29;0100 UTC;,2;991;991,1;990,8;;23,1;;23,4;23;;;;;;108;6,7;2,3;
2026/04/29;0200 UTC;0;990,9;991;990,8;,8;23,7;20,8;23,8;23;;;;;84;107;6,2;1,1;
2026/04/29;0300 UTC;0;990,6;990,9;990,6;1,2;23,2;23,2;23,8;23;23,2;20,8;100;84;100;117;3;,9;
2026/04/29;0400 UTC;0;990;990,7;990;;23,1;;23,5;23;;;;;;100;1,8;,7;
2026/04/29;0500 UTC;0;989,6;990;989,6;;22,3;;23,2;22,3;;;;;;97;2,9;,2;
2026/04/29;0600 UTC;0;989,4;989,6;989,3;;22,4;;22,5;22,3;;;;;;174;1,7;1,4;
2026/04/29;0700 UTC;,8;989,4;989,4;989,1;;22,4;;22,6;22,3;;;;;;67;6,7;2,4;
2026/04/29;0800 UTC;0;989,2;989,4;989,1;;22,1;;22,5;22,1;;;;;;72;4,1;1,2;
2026/04/29;0900 UTC;0;989,8;989,8;989,1;8,2;22,6;;22,6;21,9;;;;;;135;5,3;1,5;
2026/04/29;1000 UTC;0;990,5;990,5;989,8;168,2;22,8;;22,8;22,6;;;;;;289;3;,2;
2026/04/29;1100 UTC;1;991,3;991,3;990,5;527,1;23,8;;23,9;22,8;;;;;;161;6;1,5;
2026/04/29;1200 UTC;,8;991,3;991,4;991,2;1270,5;25,7;25,7;25,9;23,6;;;;;100;94;4,8;1,9;
2026/04/29;1300 UTC;,6;990,9;991,5;990,9;1928,3;27,2;21,7;27,4;24,2;;;;;72;88;7,4;3,1;
2026/04/29;1400 UTC;0;990,5;990,9;990,5;1864,1;28,2;19,1;28,7;27;21,7;18,8;72;56;58;90;9,5;2,8;
2026/04/29;1500 UTC;0;989,7;990,4;989,7;2270,3;28,2;19,1;28,8;26,1;20,3;18;67;54;58;121;8,7;4;
2026/04/29;1600 UTC;0;989,2;989,7;989,2;1958,2;28,6;17,7;29,1;27,6;19,3;16,8;60;48;52;101;8,4;3,7;
2026/04/29;1700 UTC;0;988,4;989,2;988,4;1795,2;28,8;17,5;29;27,9;18,7;17;55;50;51;103;8,5;3,6;
2026/04/29;1800 UTC;0;988,1;988,4;988,1;2297,2;29;16,4;29,7;28,7;17,4;14,9;50;43;46;119;8,6;3,8;
2026/04/29;1900 UTC;0;988,4;988,4;988,1;1202,9;28;15,4;29,1;28;17,6;14,6;51;43;46;122;8,3;4,9;
2026/04/29;2000 UTC;0;988,6;988,6;988,4;209,1;26,7;16,5;28,2;26,7;17,1;14,8;54;44;54;108;8,3;3,1;
2026/04/29;2100 UTC;0;989;989;988,6;8,7;25,3;17,9;26,7;25,3;17,9;16,6;64;54;64;110;6,5;2,4;
2026/04/29;2200 UTC;0;989,4;989,4;989;;24,4;18;25,3;24,4;18,2;17,9;68;64;68;104;5,2;1,8;
2026/04/29;2300 UTC;0;989,8;989,8;989,4;;24,3;18,2;24,6;24,3;18,2;17,9;69;66;69;122;5,7;2,9;
2026/04/30;0000 UTC;0;990;990,1;989,8;;23,7;18,3;24,3;23,7;18,4;18,2;72;69;72;139;4,8;1,5;
2026/04/30;0100 UTC;0;990;990,1;989,9;;23,3;18,4;23,7;23,1;18,6;18,2;75;72;74;146;4,2;1,6;
2026/04/30;0200 UTC;0;989,9;990,1;989,9;;23,4;19,3;24;23,2;19,3;18,4;78;74;78;137;4,5;1,5;
2026/04/30;0300 UTC;0;989,3;989,9;989,3;;22,1;22,1;23,6;22,1;22,1;18,9;100;77;100;215;2,9;,8;
2026/04/30;0400 UTC;0;988,7;989,3;988,7;;22,1;;22,7;21,9;;;;;;183;3,3;1,7;
2026/04/30;0500 UTC;0;988,3;988,7;988,3;;21,8;;22,1;21,7;;;;;;191;3;1,3;
2026/04/30;0600 UTC;0;988,1;988,4;988,1;;22,2;;22,3;21,8;;;;;;190;2,5;1,2;
2026/04/30;0700 UTC;0;988;988,1;987,9;;21,6;;22,2;21,6;;;;;;198;3,1;1,7;
2026/04/30;0800 UTC;0;988,3;988,3;988;;21,6;;21,7;21,6;;;;;;186;2,6;1,7;
2026/04/30;0900 UTC;,4;988,9;988,9;988,3;15,2;22;;22;21,6;;;;;;201;3,9;1,5;
2026/04/30;1000 UTC;0;989,7;989,7;988,9;331,6;22,7;;22,7;22;;;;;;195;3,6;2,3;
2026/04/30;1100 UTC;0;990,4;990,4;989,7;672,7;24,1;;24,2;22,6;;;;;;154;3,9;1,8;
2026/04/30;1200 UTC;0;990,9;990,9;990,4;1775,9;25,9;21,5;26,4;24,2;;;;;77;158;6,4;3,7;
2026/04/30;1300 UTC;2;991;991,1;990,8;1087,5;26;;26,2;24,5;;;100;77;;148;7,1;2,5;
2026/04/30;1400 UTC;0;990,6;991;990,6;2226,3;27,5;18,9;27,9;25,9;26;18;100;56;60;117;10,3;5,2;
2026/04/30;1500 UTC;,4;990;990,6;990;1574,9;25;;28;24,8;24,1;18,3;99;57;;129;10,3;3,4;
2026/04/30;1600 UTC;0;989,4;990;989,3;2036,2;26;19,9;27,9;24,9;26,1;19,4;100;61;69;100;9,7;3,9;
2026/04/30;1700 UTC;,2;989;989,4;989;1003,6;25,7;20,7;26;24,6;23,9;19,8;95;69;74;120;9,7;2,9;
2026/04/30;1800 UTC;,8;988,8;989,1;988,7;611,3;23,4;;25,7;23,3;;;;;;152;8,1;4,2;
2026/04/30;1900 UTC;0;988,9;989;988,7;400,7;23,5;;23,6;23,2;;;;;;122;7,1;2,1;
2026/04/30;2000 UTC;3;988,8;989;988,8;153,8;23,1;;23,5;23,1;;;;;;127;4,6;2,1;
2026/04/30;2100 UTC;0;989,1;989,1;988,8;8,9;23,2;;23,4;23,1;;;;;;111;4,3;1,9;
2026/04/30;2200 UTC;1;989,6;989,6;989;;23,1;;23,3;23,1;;;;;;62;5,3;2,5;
2026/04/30;2300 UTC;,2;989,7;989,7;989,5;;22,4;;23,1;22,4;;;;;;71;4,8;1;
2026/05/01;0000 UTC;,8;990,3;990,4;989,7;;22,8;;22,8;22,4;;;;;;122;4,1;2,2;
2026/05/01;0100 UTC;0;990,4;990,4;990,2;;22,8;;23;22,8;;;;;;191;4;1,4;
2026/05/01;0200 UTC;0;990,6;990,6;990,4;;22,7;;22,9;22,6;;;;;;82;4,3;1,4;
2026/05/01;0300 UTC;0;990,2;990,6;990,2;;22,6;;22,8;22,5;;;;;;350;3,3;1,2;
2026/05/01;0400 UTC;,4;989,8;990,2;989,8;;22,5;;22,6;22,4;;;;;;173;5,3;1,6;
2026/05/01;0500 UTC;,4;989,1;989,9;989,1;;22,8;;22,8;21,8;;;;;;96;5,5;1,3;
2026/05/01;0600 UTC;0;989,1;989,1;989;;22,2;;22,9;22,2;;;;;;181;2,9;1,1;
2026/05/01;0700 UTC;0;989,1;989,1;989;;21,9;;22,2;21,9;;;;;;190;2;1,6;
2026/05/01;0800 UTC;0;989,4;989,4;989,1;;21,7;;21,9;21,6;;;;;;228;2;1;
2026/05/01;0900 UTC;0;990,1;990,1;989,4;14,6;21,7;;21,7;21,5;;;;;;227;1,8;1,1;
2026/05/01;1000 UTC;0;990,8;990,8;990,1;293,4;22,7;;22,8;21,6;;;;;;217;2,4;1,6;
2026/05/01;1100 UTC;0;991,4;991,4;990,8;1044,5;24,7;;24,7;22,6;;;;;;198;3;1,6;
2026/05/01;1200 UTC;0;992;992;991,4;1508,2;25,7;;25,9;24,6;;;;;;171;4,2;2,6;
2026/05/01;1300 UTC;0;991,9;992,2;991,9;2026,8;26,8;23,2;26,9;25,4;;;;;80;152;5,8;3,2;
2026/05/01;1400 UTC;0;991,5;991,9;991,5;2151,3;28,2;21,6;28,6;26,6;24;20,9;83;64;68;137;5,8;2,9;
2026/05/01;1500 UTC;0;990,7;991,5;990,7;2207,8;28;19,7;30,2;27,4;22,1;19,2;71;55;61;132;7,3;4,1;
2026/05/01;1600 UTC;0;990,1;990,7;990,1;2557,3;29,7;17,4;30,3;27,9;20,4;17,3;62;47;48;120;9,1;4;
2026/05/01;1700 UTC;0;989,6;990,1;989,6;2535,7;29,8;16,4;30,3;29,3;18,6;15,6;51;43;44;111;9,1;3,8;
2026/05/01;1800 UTC;0;989,5;989,6;989,5;2034;29,8;16,9;30;29;17,5;15,3;50;40;46;87;8;3;
2026/05/01;1900 UTC;0;989,7;989,8;989,5;1134,3;28,8;17,5;29,8;28,8;17,8;14,8;51;41;51;102;8;2,8;
2026/05/01;2000 UTC;0;990,2;990,2;989,7;311,5;26,6;19,5;29;26,6;19,7;17,5;65;51;65;111;7,4;3,4;
2026/05/01;2100 UTC;0;990,6;990,6;990,2;17,4;25,6;20;26,7;25,6;20;19,3;71;64;71;95;6,3;1,2;
2026/05/01;2200 UTC;0;991;991;990,6;;25;20,2;25,6;25;20,2;19,9;75;71;75;97;4,4;1,4;
2026/05/01;2300 UTC;0;991,6;991,6;991;;24,8;20,1;25,1;24,7;20,3;20,1;76;75;75;92;5,1;1,6;
2026/05/02;0000 UTC;0;991,9;991,9;991,6;;24,7;19,9;24,9;24,7;20,1;19,9;75;74;75;106;4,6;1,4;
2026/05/02;0100 UTC;0;991,9;992,1;991,9;;24;20,3;24,8;24;20,3;19,8;80;74;80;138;3,5;1,2;
2026/05/02;0200 UTC;0;991,9;992;991,8;;23,5;22,4;24,1;23,5;22,4;20,4;94;80;94;160;2,7;1;
2026/05/02;0300 UTC;0;991,4;991,9;991,4;;22,9;;23,5;22,9;;;;;;185;2,1;1,6;
2026/05/02;0400 UTC;0;990,6;991,4;990,6;;22,8;;22,9;22,8;;;;;;170;2,8;1,5;
2026/05/02;0500 UTC;0;990;990,6;990;;22,6;;22,8;22,5;;;;;;160;2,8;1,6;
2026/05/02;0600 UTC;0;989,9;990;989,8;;22,3;;22,7;22,3;;;;;;204;2,9;1;
2026/05/02;0700 UTC;0;989,8;989,9;989,7;;22,2;;22,4;22,2;;;;;;209;2;1,1;
2026/05/02;0800 UTC;,2;990;990;989,7;;22,4;;22,5;22,2;;;;;;172;2,1;1,3;
2026/05/02;0900 UTC;,2;990,5;990,5;990;5,5;22,6;;22,6;22,3;;;;;;179;2,8;1,4;
2026/05/02;1000 UTC;0;991,2;991,2;990,5;135,7;23,1;;23,1;22,6;;;;;;178;2,8;1,3;
2026/05/02;1100 UTC;0;991,8;991,8;991,2;469,9;24,2;;24,3;23;;;;;;136;3,3;1,4;
2026/05/02;1200 UTC;0;992,4;992,4;991,8;919,9;25,6;25,6;25,7;24,2;;;;;100;146;4,5;2,2;
2026/05/02;1300 UTC;0;992,3;992,5;992,2;1083;26,5;22,8;26,5;25,3;25,5;22,4;100;79;80;106;6;2,4;
2026/05/02;1400 UTC;0;991,5;992,3;991,5;1229,2;27,6;21,2;27,7;26,5;23,1;20,8;81;68;68;58;7,5;4,3;
2026/05/02;1500 UTC;0;990,8;991,5;990,8;991,6;27,7;20,9;28;27,2;21,8;19,7;72;62;67;56;8,5;4,4;
2026/05/02;1600 UTC;0;990,2;990,8;990,2;1562,2;28,4;19,2;29,3;27,7;21,1;17,8;67;52;58;79;8,3;3,8;
2026/05/02;1700 UTC;0;989,7;990,2;989,7;949,3;28,1;18,6;28,5;27,5;19,7;18;61;55;56;78;8,1;2,8;
2026/05/02;1800 UTC;0;989,6;989,7;989,5;885,2;27,5;18,6;28,1;27,4;18,7;16,3;58;49;58;116;7,3;3,2;
2026/05/02;1900 UTC;0;989,8;989,8;989,5;585,3;26,8;18,3;27,5;26,8;19;17,7;60;55;60;111;6,2;2,5;
2026/05/02;2000 UTC;0;990,1;990,1;989,8;282;26,1;19,3;26,8;26,1;19,3;18,3;66;60;66;112;5,3;1,8;
2026/05/02;2100 UTC;0;990,3;990,3;990;16,1;25,4;19,8;26,1;25,4;19,8;19,3;71;66;71;111;4,5;2,2;
2026/05/02;2200 UTC;0;990,7;990,7;990,3;;24,9;19,7;25,4;24,9;19,9;19,6;73;71;73;100;4,5;1;
2026/05/02;2300 UTC;0;991,5;991,5;990,7;;24,5;20;25;24,5;20;19,7;76;73;76;122;3,7;1,8;
2026/05/03;0000 UTC;0;992,2;992,2;991,5;;24,6;20,1;24,6;24,3;20,2;20;77;76;76;118;3,5;1,7;
2026/05/03;0100 UTC;0;992,5;992,5;992,2;;23,8;20,6;24,6;23,8;20,6;20;82;76;82;133;3,3;1,2;
2026/05/03;0200 UTC;0;992,6;992,6;992,5;;23,3;21,2;23,8;23,3;22,3;20,5;92;82;88;153;2,2;,9;
2026/05/03;0300 UTC;0;992,4;992,6;992,4;;22,2;;23,3;22,2;;;;;;222;1,8;1,1;
2026/05/03;0400 UTC;0;991,4;992,4;991,4;;22;;22,3;22;;;;;;212;1,9;1,2;
2026/05/03;0500 UTC;0;990,8;991,4;990,8;;21,8;;22;21,7;;;;;;206;2,2;1,3;
2026/05/03;0600 UTC;0;990,3;990,8;990,3;;21,4;;21,8;21,3;;;;;;205;2,2;1,5;
2026/05/03;0700 UTC;0;990,1;990,4;990;;21,1;;21,5;21,1;;;;;;211;2,2;1,4;
2026/05/03;0800 UTC;0;990,2;990,2;990;;20,9;;21,2;20,9;;;;;;231;1,9;1,2;
2026/05/03;0900 UTC;0;990,8;990,8;990,2;11,6;20,8;;21;20,7;;;;;;220;2,7;1,8;
2026/05/03;1000 UTC;0;991,7;991,7;990,8;157,1;21,5;;21,5;20,8;;;;;;182;2,9;1,3;
2026/05/03;1100 UTC;1,4;992,4;992,4;991,7;304,2;22,1;;22,3;21,5;;;;;;264;3;,9;
2026/05/03;1200 UTC;,2;992,7;992,7;992,4;811;23,1;;23,1;22,1;;;;;;229;3,1;1,5;
2026/05/03;1300 UTC;2,2;992,6;992,8;992,6;631,5;23,7;;24;23;;;;;;106;2,6;1;
2026/05/03;1400 UTC;3,8;991,9;992,6;991,9;1488;25,3;;25,5;23,6;;;;;;111;5,9;2,6;
2026/05/03;1500 UTC;0;991,3;991,9;991,3;2237,5;25,5;25,1;26,7;25,1;25,9;22,3;100;80;97;125;9;4;
2026/05/03;1600 UTC;0;990,2;991,3;990,2;1887,4;27,6;21,1;27,6;25,4;25;20,6;97;67;68;124;6,9;2,6;
2026/05/03;1700 UTC;0;989,3;990,2;989,3;2091,9;27,1;18,7;29,1;26,9;21,5;18,4;68;54;60;124;7,4;3,9;
2026/05/03;1800 UTC;0;988,7;989,3;988,7;1950,2;28,4;18,7;28,8;27,1;19,7;18;61;53;56;128;6,9;3,4;
2026/05/03;1900 UTC;0;989;989;988,7;728,9;27,1;18,4;28,5;26,7;18,9;18,2;62;54;59;119;8,3;4,3;
2026/05/03;2000 UTC;0;989,4;989,4;989;198,1;26;19,4;27,2;26;19,4;18,3;67;58;67;90;7,3;2,2;
2026/05/03;2100 UTC;0;989,9;989,9;989,4;6,3;24,1;20,6;26;24,1;20,7;19,4;81;67;81;80;6,4;3,1;
2026/05/03;2200 UTC;0;990,3;990,3;989,9;;23,9;21,9;24,5;23,9;21,9;19,8;89;77;89;171;5,9;1,8;
2026/05/03;2300 UTC;0;991;991;990,3;;24;;24;23,5;;;;;;138;3,3;1,6;
2026/05/04;0000 UTC;0;991,5;991,5;991;;23,9;;24,3;23,9;;;;;;142;5,2;2,1;
2026/05/04;0100 UTC;0;991,5;991,7;991,4;;23,9;20;24,1;23,4;24,1;20;100;79;79;115;7;2,2;
2026/05/04;0200 UTC;0;991,3;991,5;991,3;;22,9;;23,9;22,9;;;;;;164;4;1,4;
2026/05/04;0300 UTC;0;991,3;991,4;991,2;;22,3;;22,9;22,3;;;;;;180;2,7;1,5;
2026/05/04;0400 UTC;,2;990,7;991,3;990,7;;22,6;;22,6;22,3;;;;;;180;4,5;1,7;
2026/05/04;0500 UTC;0;990,5;990,7;990,5;;22,1;;22,6;22,1;;;;;;189;2,8;1,8;
2026/05/04;0600 UTC;0;990,5;990,5;990,4;;22,1;;22,1;22;;;;;;196;3,3;2;
2026/05/04;0700 UTC;3,8;990,4;990,6;990,3;;21,8;;22,1;21,8;;;;;;233;3,7;1,2;
2026/05/04;0800 UTC;,2;990,7;990,7;990,4;;21,9;;21,9;21,7;;;;;;220;2,8;,9;
2026/05/04;0900 UTC;,4;991,2;991,2;990,7;11,1;21,7;;22;21,7;;;;;;199;3,5;2,1;
2026/05/04;1000 UTC;0;991,8;991,9;991,2;304,9;22,4;;22,4;21,7;;;;;;204;4;1,9;
2026/05/04;1100 UTC;0;992,4;992,4;991,8;1345,2;24,6;;24,6;22,3;;;;;;197;6,2;3;
2026/05/04;1200 UTC;0;993;993;992,4;1318,5;24,8;22,4;25,4;24,5;25,4;22,1;100;85;87;168;5,4;3,1;
2026/05/04;1300 UTC;0;992,9;993;992,9;1984,2;26,1;21,2;26,2;24,7;23,4;20,3;89;72;75;188;6,4;3,4;
2026/05/04;1400 UTC;,6;992,6;993,2;992,6;2321,9;24,9;23,7;27;23,4;24,7;20,3;100;70;93;153;9,9;4,5;
2026/05/04;1500 UTC;0;992;992,6;992;2636,1;27;20,2;27,7;24,9;24;18,4;93;62;67;131;7,8;3,1;
2026/05/04;1600 UTC;5,6;991,6;992,3;991,6;907,9;24,3;;27;22,8;;;;;;69;11,6;2;
2026/05/04;1700 UTC;,8;990,9;991,6;990,8;1562,2;23,6;;26,1;23,6;;;;;;225;7,7;3,5;
2026/05/04;1800 UTC;6,4;990,6;991;990,6;450,8;23,2;;23,6;22,6;;;;;;2;6,4;1,4;
2026/05/04;1900 UTC;0;990,6;990,6;990,4;611,9;24;;24;23,1;;;;;;238;2,4;,9;
2026/05/04;2000 UTC;0;990,9;990,9;990,6;248,3;23,8;;24,1;23,6;;;;;;233;1,9;1,2;
2026/05/04;2100 UTC;0;991,3;991,3;990,8;9,5;23,3;;23,8;23,3;;;;;;239;2,9;1,6;
2026/05/04;2200 UTC;0;992,1;992,1;991,3;;22,9;;23,4;22,8;;;;;;80;3,1;1;
2026/05/04;2300 UTC;,2;992,9;992,9;992,1;;23;;23;22,8;;;;;;188;3,9;2;
2026/05/05;0000 UTC;,4;993,4;993,4;992,9;;22,9;;23;22,8;;;;;;153;3,3;1,3;
2026/05/05;0100 UTC;,6;993,5;993,7;993,4;;22,5;;23;22,4;;;;;;137;4,9;1,3;
2026/05/05;0200 UTC;0;993,5;993,5;993,4;;22,4;;22,6;22,3;;;;;;180;2,6;,7;
2026/05/05;0300 UTC;0;993,3;993,5;993,2;;22,2;;22,4;22,1;;;;;;218;2,4;1,4;
2026/05/05;0400 UTC;0;992,6;993,3;992,6;;22;;22,3;22;;;;;;214;2,3;,9;
2026/05/05;0500 UTC;,2;992,2;992,6;992,2;;21,9;;22;21,9;;;;;;219;2,8;2;
2026/05/05;0600 UTC;1,4;992,1;992,4;992,1;;21,9;;21,9;21,8;;;;;;206;2,9;1,3;
2026/05/05;0700 UTC;,2;992;992,1;992;;21,4;;21,9;21,4;;;;;;213;2,8;1,5;
2026/05/05;0800 UTC;0;992,3;992,3;992;;21,4;;21,6;21,3;;;;;;213;3;,9;
2026/05/05;0900 UTC;0;992,6;992,6;992,3;14,9;21,6;;21,7;21,1;;;;;;207;2,2;,7;
2026/05/05;1000 UTC;0;993,4;993,4;992,6;353,2;22,4;;22,5;21,6;;;;;;224;2,1;1,2;
2026/05/05;1100 UTC;0;994,1;994,1;993,4;1163,8;24,1;;24,1;22,4;;;;;;187;4;2,1;
2026/05/05;1200 UTC;0;994,5;994,5;994,1;1635,7;26,4;21,3;26,6;24,1;;;;;74;134;5,7;3,1;
2026/05/05;1300 UTC;0;994,3;994,5;994,3;1899,6;27,6;20,3;28;26,2;22,1;19,5;76;62;65;154;7,4;3,6;
2026/05/05;1400 UTC;0;993,7;994,3;993,7;2081,7;28,3;19;28,6;27,6;20,3;17,9;65;54;57;147;7,4;2,8;
2026/05/05;1500 UTC;0;992,8;993,7;992,8;1894,5;28,6;17,5;28,6;27,2;20,4;16;64;47;51;152;6,8;2,3;
2026/05/05;1600 UTC;0;991,7;992,8;991,7;2242,1;29;18,6;29,4;27,7;19,9;17,4;61;49;54;135;8,2;4;
2026/05/05;1700 UTC;0;990,9;991,7;990,9;2670,6;29,1;17,9;29,7;28,8;19,7;17,2;55;48;51;147;8,9;4,4;
2026/05/05;1800 UTC;0;990,6;990,9;990,6;2134,2;29;17,6;29,7;28,3;19,1;17,2;56;49;50;141;8,1;4;
2026/05/05;1900 UTC;0;990,9;990,9;990,6;1068,9;28,3;18,3;29,1;28,2;18,5;17,6;55;50;55;140;8,1;3,4;
2026/05/05;2000 UTC;0;991,5;991,5;990,9;132,1;26,5;18,8;28,2;26,5;18,8;17,7;63;53;63;137;7,5;3,4;
2026/05/05;2100 UTC;0;991,7;991,7;991,5;6,7;24,9;19,3;26,5;24,9;19,4;18,8;71;63;71;145;6,9;2,1;
2026/05/05;2200 UTC;0;992,2;992,2;991,7;;24,3;19,6;24,9;24,3;19,6;19,3;75;71;75;156;4,5;2,4;
2026/05/05;2300 UTC;0;992,5;992,5;992,2;;24;20;24,3;24;20;19,6;78;75;78;157;4,3;2,1;
2026/05/06;0000 UTC;0;992,6;992,7;992,5;;23,6;23,6;24;23,6;23,6;20;100;78;100;187;3,8;2;
2026/05/06;0100 UTC;,2;993;993,1;992,6;;23;;23,7;23;;;;;;148;6,7;2,8;
2026/05/06;0200 UTC;0;992,9;993;992,9;;22,9;;23;22,9;;;;;;181;5,1;1,3;
2026/05/06;0300 UTC;0;992,7;993;992,7;;22,9;;22,9;22,9;;;;;;196;2,8;1,7;
2026/05/06;0400 UTC;1,6;992,2;992,7;992,2;;22,8;;22,9;22,7;;;;;;71;2,6;1;
2026/05/06;0500 UTC;3,4;991,9;992,3;991,9;;22,6;;22,8;22,5;;;;;;145;3,6;1,9;
2026/05/06;0600 UTC;,8;991,4;991,9;991,3;;22,4;;22,6;22,3;;;;;;192;3,9;1,1;
2026/05/06;0700 UTC;,6;991,1;991,4;991;;22,1;;22,4;22,1;;;;;;182;3,2;1,5;
2026/05/06;0800 UTC;0;991,3;991,3;991;;22,1;;22,2;22;;;;;;179;4,4;1,5;
2026/05/06;0900 UTC;1,2;991,5;991,5;991,3;12,7;22,1;;22,2;22;;;;;;234;3,1;1;
2026/05/06;1000 UTC;0;992,1;992,1;991,5;350,2;23,1;;23,2;22,1;;;;;;211;2,3;1,3;
2026/05/06;1100 UTC;0;992,3;992,3;992;1244,2;24,1;;24,2;23,1;;;;;;147;2,8;1,3;
2026/05/06;1200 UTC;0;992,6;992,6;992,2;1666,9;27,3;20,2;27,3;24,1;;;;;65;102;6,4;3;
2026/05/06;1300 UTC;0;992,5;992,8;992,5;1448,3;27,9;18,2;28;26,8;20;18,2;65;56;56;94;6,4;2,3;
2026/05/06;1400 UTC;0;992,1;992,5;992,1;1646,7;26,9;19,8;28,5;26,9;19,8;18,2;65;55;65;117;6,4;3,3;
2026/05/06;1500 UTC;,2;991,5;992,1;991,5;1407,9;25,5;;27;24,7;24,7;19,4;100;64;;95;7,8;2,2;
2026/05/06;1600 UTC;,8;990,5;991,5;990,5;1729,6;25,5;24,3;27,3;25,3;26,3;20,5;100;69;93;152;5,9;2,5;
2026/05/06;1700 UTC;0;989,8;990,5;989,8;1987,9;27,5;21,7;27,7;25,5;25,1;21,1;95;68;70;137;5,5;2,8;
2026/05/06;1800 UTC;,2;990;990;989,7;1798,8;27,4;20,2;27,9;27,2;21,6;20,1;71;64;65;103;10,7;3,6;
2026/05/06;1900 UTC;0;990,2;990,3;990;264,7;23,5;;27,4;23,2;;;;;;69;10,7;2,6;
2026/05/06;2000 UTC;,4;990,4;990,5;990,2;148,2;23,5;;24,3;23,5;;;;;;185;4,7;1,8;
2026/05/06;2100 UTC;0;990,4;990,7;990,3;9,9;23;;23,5;23;;;;;;181;3;1,4;
2026/05/06;2200 UTC;0;990,9;990,9;990,3;;23,5;;23,6;23;;;;;;153;3,4;1,2;
2026/05/06;2300 UTC;,4;991,4;991,4;990,8;;23,6;;23,6;23,4;;;;;;133;5,6;2,2;
2026/05/07;0000 UTC;0;991,7;991,7;991,4;;23,2;;23,6;23,2;;;;;;231;4,2;1;
2026/05/07;0100 UTC;0;992,3;992,3;991,7;;23,2;;23,2;23,1;;;;;;202;2,9;1,6;
2026/05/07;0200 UTC;5,4;991,9;992,7;991,9;;22,8;;23,3;22,8;;;;;;179;3,9;1,7;
2026/05/07;0300 UTC;,2;991,4;991,9;991,4;;22,3;;22,8;22,1;;;;;;176;3,1;1,6;
2026/05/07;0400 UTC;0;991,3;991,5;991,1;;23;;23;22,2;;;;;;108;5,2;1,7;
2026/05/07;0500 UTC;0;990,4;991,2;990,3;;22,7;;23;22,6;;;;;;141;3,8;1,6;
2026/05/07;0600 UTC;0;990,6;990,7;990,1;0;22,9;;22,9;22,7;;;;;;166;4,4;2,2;
2026/05/07;0700 UTC;0;990,1;990,8;990,1;,2;22,9;;22,9;22,8;;;;;;153;4,1;1,6;
2026/05/07;0800 UTC;0;989,1;990,1;989,1;;22,4;;22,9;22,4;;;;;;44;5,9;2,3;
2026/05/07;0900 UTC;0;990,4;990,4;989,1;11,8;22,4;;22,4;22,1;;;;;;85;3,9;1,1;
2026/05/07;1000 UTC;0;990,6;990,6;990,2;251,2;23,1;;23,2;22,4;;;;;;245;2,2;,9;
2026/05/07;1100 UTC;0;991,3;991,3;990,5;665,4;24,3;;24,3;23;;;;;;201;3,1;1,8;
2026/05/07;1200 UTC;,6;991,1;991,6;991,1;1278,4;26,7;;26,7;24,3;;;;;;67;4,8;2,3;
2026/05/07;1300 UTC;0;991,2;991,3;991;1968,2;28,3;20,7;28,4;26,3;26,3;20,1;100;63;63;65;7,6;4,2;
2026/05/07;1400 UTC;0;990,6;991,2;990,6;1936;28,1;19,8;28,8;27;22,5;19,6;73;59;61;96;8,7;3,1;
2026/05/07;1500 UTC;0;989,8;990,6;989,8;2388,5;28,8;18,9;29,6;27,2;20,1;18,5;65;52;55;117;8;4;
2026/05/07;1600 UTC;0;989,2;989,8;989,2;2687,3;29;18,1;29,5;27,9;19,3;17,6;57;50;52;121;9,1;4,6;
2026/05/07;1700 UTC;0;988,6;989,2;988,6;2519,5;29;17,4;29,6;28,7;19,3;16,7;56;47;49;122;8,9;4,2;
2026/05/07;1800 UTC;0;988,6;988,6;988,5;2012,8;28,7;18;29,3;28,4;18,8;17;55;48;53;122;8,5;4;
2026/05/07;1900 UTC;0;988,9;988,9;988,5;992,7;27,6;18,4;28,7;27,5;18,9;17,4;58;51;58;125;8,3;4;
2026/05/07;2000 UTC;0;989,1;989,2;988,8;177,7;26,2;18,9;27,8;26,2;19,2;18,5;64;58;64;103;8,5;2,2;
2026/05/07;2100 UTC;0;989,5;989,5;989,1;6,4;25;19,2;26,2;25;19,3;18,9;70;64;70;118;6,1;1,8;
2026/05/07;2200 UTC;0;989,7;989,7;989,5;;24,5;18,9;25,1;24,5;19,3;18,9;72;70;71;131;4,4;2,6;
2026/05/07;2300 UTC;0;990,3;990,3;989,7;;23,9;18,9;24,5;23,9;19;18,9;74;71;74;142;4,7;1,9;
2026/05/08;0000 UTC;0;990,6;990,7;990,3;;23,5;18,9;23,9;23,5;19;18,9;75;74;75;145;4;1,5;
2026/05/08;0100 UTC;0;990,9;990,9;990,6;;23;19,4;23,5;22,9;19,4;18,8;80;75;80;155;3,1;1,2;
2026/05/08;0200 UTC;0;990,7;990,9;990,7;;22,5;21,4;23;22,5;21,4;19,4;93;80;93;198;2,5;1;
2026/05/08;0300 UTC;0;990,9;991;990,7;;22,6;;22,7;22,4;;;;;;76;6,3;3,2;
2026/05/08;0400 UTC;1,2;990;990,9;990;;22,2;;22,6;22,2;;;;;;54;6,3;,8;
2026/05/08;0500 UTC;0;989,6;990;989,6;;22,2;;22,2;22,2;;;;;;227;1,5;,7;
2026/05/08;0600 UTC;0;989,2;989,6;989,2;;21,8;;22,2;21,8;;;;;;226;1,9;1,2;
2026/05/08;0700 UTC;0;989,4;989,4;989,2;;21,8;;21,9;21,7;;;;;;247;2;1;
2026/05/08;0800 UTC;,2;989,9;989,9;989,4;;21,6;;21,9;21,6;;;;;;219;2,1;1,2;
2026/05/08;0900 UTC;0;990,3;990,3;989,9;15,6;21,6;;21,6;21,5;;;;;;224;1,9;1,2;
2026/05/08;1000 UTC;0;990,9;990,9;990,3;372;22,4;;22,5;21,6;;;;;;224;2,9;1,5;
2026/05/08;1100 UTC;0;991,7;991,7;990,9;993,7;23,4;;23,8;22,5;;;;;;219;2,7;1,6;
2026/05/08;1200 UTC;0;992,1;992,2;991,7;1416,6;25,7;25,7;26,2;23,3;;;;;100;162;4,7;2,4;
2026/05/08;1300 UTC;0;992,1;992,3;992,1;1788,2;27,7;19,2;27,7;25,7;26;18,5;100;58;60;106;6,1;2,8;
2026/05/08;1400 UTC;0;991,5;992,1;991,5;2701,6;29,8;18,6;29,8;27,7;19,7;17;60;50;51;82;7,7;3,4;
2026/05/08;1500 UTC;0;990,6;991,5;990,6;2303,3;29,7;17,8;29,8;28,5;18,8;16,2;53;46;49;125;7,9;3;
2026/05/08;1600 UTC;0;989,9;990,6;989,9;2051,1;29,5;16,7;30,5;28,4;18,3;15,7;50;43;46;126;7,6;3,3;
2026/05/08;1700 UTC;0;989,5;989,9;989,5;1461;28,2;18,8;29,7;27,5;18,8;15,7;57;46;57;112;9,2;2,8;
2026/05/08;1800 UTC;0;989,4;989,6;989,3;837,2;27,4;19,7;28,2;26,5;20;18,3;66;56;63;105;7,6;3,3;
2026/05/08;1900 UTC;0;989,6;989,6;989,4;703,2;27,3;18,8;27,8;27;20,3;18,4;66;58;60;110;8,5;3,7;
2026/05/08;2000 UTC;0;989,8;989,8;989,6;164,3;26,2;19,2;27,3;26,2;19,4;18,7;65;60;65;107;8,4;2,2;
2026/05/08;2100 UTC;0;990,1;990,1;989,8;6,8;25,1;19,3;26,2;25,1;19,3;18,9;70;65;70;103;5,1;1,8;
2026/05/08;2200 UTC;0;990,5;990,5;990,1;;24,6;19,5;25,1;24,6;19,5;19,3;73;70;73;105;4,2;1,5;
2026/05/08;2300 UTC;0;991;991;990,5;;24,5;19,7;24,7;24,5;19,7;19,5;75;73;75;122;4,4;2,3;
2026/05/09;0000 UTC;0;991,1;991,1;991;;24,4;19,7;24,5;24,4;19,8;19,7;75;75;75;120;3,6;1,9;
2026/05/09;0100 UTC;0;991,1;991,2;991,1;;23,8;19,8;24,4;23,8;19,8;19,5;79;75;79;159;3,5;,9;
2026/05/09;0200 UTC;0;990,9;991,1;990,9;;23,3;21,9;24,3;23,3;21,9;19,9;92;77;92;158;3;1,1;
2026/05/09;0300 UTC;0;990,6;990,9;990,6;;23;;23,4;23;;;;;;151;2,3;,9;
2026/05/09;0400 UTC;0;990,2;990,6;990,1;;23,9;;23,9;23;;;;;;108;3,3;1,4;
2026/05/09;0500 UTC;0;989,8;990,2;989,7;;22,6;;23,9;22,5;;;;;;232;3,3;,5;
2026/05/09;0600 UTC;0;990;990;989,6;;22,2;;22,6;22,2;;;;;;225;1,8;1,1;
2026/05/09;0700 UTC;0;989,9;990;989,7;;22,1;;22,3;22,1;;;;;;231;2,2;1,2;
2026/05/09;0800 UTC;0;990,1;990,1;989,9;;21,9;;22,1;21,9;;;;;;227;2,3;1,5;
2026/05/09;0900 UTC;0;990,6;990,6;990,1;5,3;22,2;;22,2;21,8;;;;;;193;2,2;1,3;
2026/05/09;1000 UTC;0;991,3;991,3;990,6;268,5;22,9;;23,1;22,2;;;;;;198;3,3;2,1;
2026/05/09;1100 UTC;1,6;991,9;991,9;991,3;438,7;23,9;;23,9;22,9;;;;;;187;3,6;2,3;
2026/05/09;1200 UTC;,8;992;992,2;991,9;899,7;24,9;;24,9;23,7;;;;;;176;3,9;2,2;
2026/05/09;1300 UTC;,4;991,8;992;991,8;1224,8;26,3;;26,3;24,4;;;;;;141;4,5;2,3;
2026/05/09;1400 UTC;,8;991,1;991,8;991,1;1633,2;26,5;;27,8;25,8;;;;;;101;9,1;2,6;
2026/05/09;1500 UTC;0;990,5;991,1;990,4;1915,5;27,3;24;28;26,5;27,2;21;100;71;82;111;10,9;3,9;
2026/05/09;1600 UTC;,8;990,3;990,6;990,3;681,5;25;;27,5;24,8;;;;;;93;9,4;2,4;
2026/05/09;1700 UTC;,4;989,8;990,4;989,7;601;25,2;;25,5;24,7;;;;;;109;7,3;2,5;
2026/05/09;1800 UTC;0;989,8;989,9;989,8;778,8;26,5;23;26,5;25,3;25,6;21,1;100;75;81;121;7,8;4,1;
2026/05/09;1900 UTC;0;990;990;989,6;670,7;26,1;19,3;26,6;26,1;23;19,2;82;66;66;133;10;5,2;
2026/05/09;2000 UTC;0;990,8;990,9;990;122,4;25,4;18,3;26,1;25,4;19,3;18,3;66;64;65;120;10;3,6;
2026/05/09;2100 UTC;0;991,1;991,1;990,9;1,8;24,6;18,3;25,4;24,6;18,3;18,1;68;64;68;124;7,3;2,8;
2026/05/09;2200 UTC;0;991,6;991,6;991,1;;24,3;18,1;24,6;24,3;18,3;18,1;69;68;68;114;5,9;2,6;
2026/05/09;2300 UTC;0;991,8;991,9;991,6;;23,8;18,5;24,3;23,8;18,5;18,1;72;68;72;132;5,2;2,2;
2026/05/10;0000 UTC;0;991,9;991,9;991,7;;22,8;18,8;23,8;22,8;18,8;18,5;78;72;78;172;3,8;1,3;
2026/05/10;0100 UTC;0;991,9;991,9;991,8;;22,5;20,9;22,9;22,4;20,9;18,8;91;78;91;182;2,3;1;
2026/05/10;0200 UTC;0;991,8;992;991,8;;23,4;20,3;23,4;22,5;22;20,3;94;83;83;122;3,3;1,5;
2026/05/10;0300 UTC;0;991,7;992;991,7;;22,3;;23,4;22,3;22,5;20,2;100;83;;132;2,9;,4;
2026/05/10;0400 UTC;0;991,1;991,8;991,1;;21,8;;22,4;21,8;;;;;;189;1,8;,9;
2026/05/10;0500 UTC;0;990,8;991,1;990,8;;21,8;;21,8;21,7;;;;;;200;1,7;1,1;
2026/05/10;0600 UTC;0;990,6;990,8;990,5;;21,6;;21,8;21,6;;;;;;197;1,8;1,1;
2026/05/10;0700 UTC;0;990,6;990,6;990,5;;21,6;;21,6;21,5;;;;;;187;2,3;1,6;
2026/05/10;0800 UTC;0;990,5;990,6;990,5;;21,6;;21,7;21,6;;;;;;182;2,4;1,5;
2026/05/10;0900 UTC;0;990,9;990,9;990,5;15,9;21,8;;21,8;21,6;;;;;;185;3,1;1,5;
2026/05/10;1000 UTC;0;991,7;991,7;990,9;189,6;22,4;;22,4;21,8;;;;;;193;3,1;1,8;
2026/05/10;1100 UTC;0;992,5;992,5;991,7;696,2;24,1;;24,1;22,3;;;;;;177;3,4;1,9;
2026/05/10;1200 UTC;0;993,3;993,4;992,5;1121,9;24,9;22,8;25,3;24,1;24,9;21,7;100;82;88;119;5,5;2,5;
2026/05/10;1300 UTC;0;993,2;993,6;993,2;1110,3;26,3;19,5;26,6;24,3;22,7;19,4;88;66;66;124;6,8;1,3;
2026/05/10;1400 UTC;0;992,4;993,2;992,4;2033,2;28,1;18,8;28,2;26,3;21;18,5;69;56;57;125;5,8;3,1;
2026/05/10;1500 UTC;0;991,4;992,4;991,4;2650,9;29,1;16,6;29,3;27,4;19,8;15,7;60;44;47;107;7,4;3,1;
2026/05/10;1600 UTC;0;990,7;991,5;990,7;2827,7;29,2;16,2;30,1;28,8;18;14,4;50;41;45;125;7,2;4;
2026/05/10;1700 UTC;0;989,9;990,7;989,9;2628,4;29,7;16;30,3;29,1;16,7;13,2;46;36;44;126;6,6;3,1;
2026/05/10;1800 UTC;0;989,5;990;989,5;2108,4;29,2;15,8;30,3;29,2;17,5;14,5;47;39;44;121;6,3;3,2;
2026/05/10;1900 UTC;0;989,9;989,9;989,4;827,7;27,9;17,8;29,2;27,8;18;15,6;54;44;54;124;7;4,1;
2026/05/10;2000 UTC;0;990,3;990,3;989,9;155,1;26,5;18,8;27,9;26,5;19;17,7;63;54;63;135;7,2;3;
2026/05/10;2100 UTC;0;990,6;990,6;990,3;7,1;25,1;19,2;26,5;25,1;19,6;18,8;70;63;70;133;6,4;2,9;
2026/05/10;2200 UTC;0;991,4;991,4;990,6;;24,3;19,5;25,1;24,3;19,5;19,1;74;70;74;135;5,7;2,5;
2026/05/10;2300 UTC;0;991,7;991,7;991,4;;23,5;19,8;24,3;23,5;19,9;19,5;80;74;80;155;4,9;2,2;
2026/05/11;0000 UTC;0;991,9;992;991,7;;23;19,2;23,5;23;19,8;19,2;80;78;80;172;4,1;1,7;
2026/05/11;0100 UTC;0;992;992;991,9;;22,7;19,1;23;22,7;19,3;19;80;79;80;169;3,8;1,3;
2026/05/11;0200 UTC;0;992;992;991,9;;22,2;;22,7;22,2;22,3;19,1;100;80;;189;2,8;2;
2026/05/11;0300 UTC;0;991,1;992;991,1;;21,9;;22,3;21,9;;;;;;193;3,5;2,6;
2026/05/11;0400 UTC;0;990,5;991,1;990,5;;21,5;;21,9;21,5;;;;;;204;3,7;1,6;
2026/05/11;0500 UTC;0;990,1;990,5;990,1;;21,4;;21,6;21,1;;;;;;214;2,9;1,8;
2026/05/11;0600 UTC;0;989,6;990,1;989,6;;21,4;;21,4;21,3;;;;;;199;3,2;2;
2026/05/11;0700 UTC;0;989,6;989,7;989,6;;21,1;;21,4;21,1;;;;;;207;3,5;2,3;
2026/05/11;0800 UTC;0;989,8;989,8;989,6;;21;;21,1;21;;;;;;192;3,6;2;
2026/05/11;0900 UTC;0;990,3;990,3;989,7;10;21,1;;21,1;20,9;;;;;;256;2,7;,2;
2026/05/11;1000 UTC;0;991;991;990,3;235,9;21,9;;21,9;21;;;;;;238;1,6;,9;
2026/05/11;1100 UTC;0;991,6;991,6;991;673,8;23,1;;23,3;21,8;;;;;;178;3,6;1;
2026/05/11;1200 UTC;0;992,1;992,1;991,6;1185,4;25,4;;25,5;23,1;;;;;;195;4,2;2;
2026/05/11;1300 UTC;0;991,7;992,1;991,7;1661;26,5;22,7;26,9;25,3;25,7;20,8;100;71;80;182;4,3;2,3;
2026/05/11;1400 UTC;0;991,1;991,7;991,1;1413,7;27,4;20,7;27,6;26,1;22,3;19,7;80;63;67;160;4,3;1,9;
2026/05/11;1500 UTC;0;990,2;991,1;990,2;2117,5;27,8;19,7;28;26,4;23,7;18,7;81;58;62;155;5,2;2,4;
2026/05/11;1600 UTC;0;989,1;990,2;989,1;2231,1;29,1;18,9;29,6;26,6;20;17,8;63;51;54;234;4,9;1,2;
2026/05/11;1700 UTC;0;988,3;989,1;988,3;1995,3;29;18,8;30;27,8;20,2;18,2;61;51;54;213;4;1,4;
2026/05/11;1800 UTC;0;988,3;988,3;988,2;1650,6;27,3;20,5;30,2;27,3;20,5;18,7;67;52;66;149;6,2;3,2;
2026/05/11;1900 UTC;0;988,8;988,8;988,3;512,3;27,3;19,6;28,5;27,2;21;19,5;68;61;63;156;5,8;3,4;
2026/05/11;2000 UTC;0;989,4;989,4;988,8;225,1;26,7;20,2;27,5;26,7;20,5;19,7;68;63;68;144;5,6;2,8;
2026/05/11;2100 UTC;0;990,1;990,1;989,4;7,7;25,4;21;26,7;25,3;21,1;20;76;67;76;140;5,2;2,1;
2026/05/11;2200 UTC;0;990,8;990,8;990,1;;24,4;;25,5;24,4;;;;;;155;4,9;2,2;
2026/05/11;2300 UTC;0;991,6;991,6;990,8;;24;;24,4;24;;;;;;155;4,4;2,3;
2026/05/12;0000 UTC;0;992;992;991,6;;23,5;;24;23,5;;;;;;180;4,1;1,9;
2026/05/12;0100 UTC;0;992,2;992,2;991,9;;23,3;;23,5;23,2;;;;;;189;3,1;1,9;
2026/05/12;0200 UTC;0;991,8;992,2;991,8;;23,2;;23,3;23,2;;;;;;180;3,1;2;
2026/05/12;0300 UTC;0;991,5;991,9;991,5;;23,3;;23,4;23,1;;;;;;112;4,4;2,2;
2026/05/12;0400 UTC;0;990,8;991,5;990,8;;23,3;;23,4;23,2;;;;;;153;4,4;1,3;
2026/05/12;0500 UTC;0;990,3;990,8;990,3;;23,3;;23,4;23,3;;;;;;137;3;1,3;
2026/05/12;0600 UTC;0;990;990,3;989,9;;23,3;;23,3;23,2;;;;;;171;3,1;1,3;
2026/05/12;0700 UTC;0;990,1;990,1;989,9;;23,1;;23,4;23,1;;;;;;136;3,8;1,9;
2026/05/12;0800 UTC;,6;990,6;990,6;990,1;;23;;23,1;22,9;;;;;;92;3,2;1,5;
2026/05/12;0900 UTC;0;990,9;990,9;990,6;17,3;22,9;;23;22,8;;;;;;50;3,3;1,3;
2026/05/12;1000 UTC;0;991,8;991,8;990,9;199,9;23,2;;23,3;22,9;;;;;;143;3,4;2;
2026/05/12;1100 UTC;1,2;992,4;992,4;991,7;355,5;23,8;;23,9;23,1;;;;;;44;3,4;1;
2026/05/12;1200 UTC;0;992,5;992,6;992,4;1329,9;25,6;;25,9;23,8;;;;;;141;3,3;1,7;
2026/05/12;1300 UTC;0;992,1;992,5;992,1;771,5;26,8;23,8;26,8;25,3;25,8;21,8;100;76;84;79;4,5;1,4;
2026/05/12;1400 UTC;0;991,4;992,1;991,4;2242,1;28;20,2;29;26,6;24;20;84;60;63;78;6,7;3,3;
2026/05/12;1500 UTC;1,2;990,5;991,4;990,4;1703,7;26,5;20,9;28,4;25,5;26,6;20,4;100;63;72;86;7,6;3,3;
2026/05/12;1600 UTC;0;989,7;990,5;989,7;1944,8;29,1;19,9;29,3;26,3;25,5;19,9;91;57;58;91;7,4;3,1;
2026/05/12;1700 UTC;0;989,1;989,7;989,1;2301,8;29;20,8;29,6;28,1;20,8;19;62;56;61;101;9,1;3,2;
2026/05/12;1800 UTC;0;988,9;989,1;988,8;1522,7;28,3;19,5;29,1;27,5;20,6;18,3;61;55;59;111;10,1;4,1;
2026/05/12;1900 UTC;0;989,3;989,3;988,9;674,7;27,6;19,9;28,4;27,4;20;18,1;63;56;63;95;9,1;3;
2026/05/12;2000 UTC;0;990;990;989,3;122,8;25,8;20,3;27,6;25,8;20,3;19,6;72;63;72;131;9,2;4;
2026/05/12;2100 UTC;0;990,7;990,7;990;4,9;25,2;20,3;25,8;25,2;20,7;20,1;75;72;74;121;6,6;3,7;
2026/05/12;2200 UTC;0;991,6;991,6;990,7;;24,5;21,4;25,2;24,5;21,4;20,3;83;74;83;117;6,4;2,2;
2026/05/12;2300 UTC;0;991,9;991,9;991,5;;24,3;21,4;24,5;24,2;22,2;21,2;88;83;84;89;4,5;1,3;
2026/05/13;0000 UTC;0;992,4;992,4;991,9;;24;20,8;24,3;24;21,7;20,7;86;82;82;136;4,7;2,1;
2026/05/13;0100 UTC;0;992,5;992,6;992,4;;24;20,7;24,3;24;21;20,6;83;80;82;135;3,9;1,8;
2026/05/13;0200 UTC;0;992,4;992,5;992,3;;23,1;;24;23,1;;;;;;183;3,3;1,4;
2026/05/13;0300 UTC;0;992;992,5;992;;22,7;;23,1;22,6;;;;;;154;2,6;1;
2026/05/13;0400 UTC;0;991,6;992,1;991,6;;22,2;;22,7;22,2;;;;;;185;2,7;1,1;
2026/05/13;0500 UTC;0;991,2;991,6;991,2;;22;;22,3;21,9;;;;;;190;1,5;1,1;
2026/05/13;0600 UTC;0;990,9;991,2;990,9;;21,7;;22,1;21,7;;;;;;193;2,2;1,5;
2026/05/13;0700 UTC;0;990,9;990,9;990,7;;21,5;;21,8;21,5;;;;;;182;2,5;1,2;
2026/05/13;0800 UTC;0;991;991,1;990,8;;21,3;;21,5;21,2;;;;;;175;2,4;1,2;
2026/05/13;0900 UTC;0;991,5;991,5;991;12,6;21,2;;21,3;21,2;;;;;;217;2,1;1,1;
2026/05/13;1000 UTC;0;992,3;992,3;991,4;224,7;22;;22,1;21,2;;;;;;182;2,3;1,3;
2026/05/13;1100 UTC;0;993,2;993,2;992,3;747,9;23,7;;23,8;22;;;;;;195;2,7;1,1;
2026/05/13;1200 UTC;0;993,6;993,6;993,2;1519,7;26,1;20,1;26,5;23,7;;;;;70;136;5,8;3,3;
2026/05/13;1300 UTC;0;993,3;993,7;993,3;1658;28;19,9;28;25,3;20,3;18,8;70;60;61;79;6,5;2,9;
2026/05/13;1400 UTC;0;992,9;993,4;992,9;2041,3;26,1;18,8;28,7;26,1;20,2;18,1;66;56;64;135;9;4,8;
2026/05/13;1500 UTC;0;992;992,9;992;3133,7;28,1;18,4;28,2;26,1;19,7;17,5;66;54;56;133;12;4,3;
2026/05/13;1600 UTC;0;991,1;992;991,1;2251,3;27,7;20,5;28,4;27,4;20,8;17,7;66;55;65;76;7,7;2,9;
2026/05/13;1700 UTC;,2;990,6;991,1;990,6;956;25;;27,7;24;24,6;18,4;100;63;;56;7,8;2,6;
2026/05/13;1800 UTC;0;990,4;990,6;990,4;1067,4;26,3;19,4;26,4;25;25,5;19,2;100;65;66;70;8;4,1;
2026/05/13;1900 UTC;2,6;990,7;990,8;990,4;313,1;24;;26,4;23;23,8;17,7;100;63;;74;8,7;2,1;
2026/05/13;2000 UTC;0;990,9;990,9;990,7;186,8;24,8;23,2;24,9;24;24,7;23,2;100;91;91;82;4,4;2;
2026/05/13;2100 UTC;0;991,5;991,5;990,9;9,7;24,5;20,1;24,9;24,5;22,4;20;90;76;77;91;4,4;1,4;
2026/05/13;2200 UTC;0;992,4;992,4;991,5;;24,3;19,9;24,5;24,1;20,1;19,9;77;76;76;109;3,4;1,6;
2026/05/13;2300 UTC;0;992,9;992,9;992,4;;24,1;19,9;24,3;24;20;19,9;78;76;77;108;3,4;1,5;
2026/05/14;0000 UTC;0;993,1;993,2;992,9;;23,6;19,9;24,2;23,6;20;19,8;80;77;80;81;3,6;1,9;
2026/05/14;0100 UTC;0;993,1;993,2;993,1;;23,4;21,6;23,6;22,9;22,2;19,8;94;80;90;94;3,4;,8;
2026/05/14;0200 UTC;0;992,8;993,1;992,8;;22,2;;23,5;22,1;21,8;20,9;99;88;;182;2,2;,6;
2026/05/14;0300 UTC;0;992,2;992,8;992,2;;22,7;;22,8;22;;;;;;142;2,6;1,1;
2026/05/14;0400 UTC;0;991,8;992,2;991,8;;21,6;;22,7;21,6;;;;;;201;2,3;1;
2026/05/14;0500 UTC;0;991,2;991,8;991,2;;21,4;;21,6;21,3;;;;;;223;2;1,2;
2026/05/14;0600 UTC;0;991;991,2;990,9;;21,1;;21,4;21,1;;;;;;193;1,9;1,3;
2026/05/14;0700 UTC;,8;991;991;990,8;;21,4;;21,4;21,1;;;;;;220;3,1;1,5;
2026/05/14;0800 UTC;0;991,2;991,2;990,9;;21,2;;21,4;20,9;;;;;;197;2,4;1;
2026/05/14;0900 UTC;,6;991,5;991,5;991,2;21,4;21,9;;22;21,2;;;;;;155;4;1,2;
2026/05/14;1000 UTC;0;992,4;992,4;991,5;265,7;22,3;;22,4;21,8;;;;;;181;2,2;1,2;
2026/05/14;1100 UTC;0;993;993;992,4;685,7;23,7;;23,7;22,3;;;;;;208;2,2;1,4;
2026/05/14;1200 UTC;0;993,5;993,5;993;1775,4;26,2;22,4;26,3;23,6;;;;;79;168;3,5;1,8;
2026/05/14;1300 UTC;0;993,2;993,5;993,2;1450,5;26,4;19,5;27,6;25,7;22,2;19,3;80;63;66;133;4,1;1,9;
2026/05/14;1400 UTC;0;992,6;993,2;992,6;1633;26,6;18,8;27,5;25,1;20,4;17,9;68;57;62;131;9,1;4;
2026/05/14;1500 UTC;0;991,7;992,7;991,7;2520,9;28,7;15,3;28,9;26,3;18,2;14,6;62;42;44;136;7,6;3,3;
2026/05/14;1600 UTC;0;990,9;991,7;990,9;2612,2;28,5;17,3;29,2;28,2;18,6;14,3;53;39;51;130;6,4;3,5;
2026/05/14;1700 UTC;0;990,4;990,9;990,4;2028,7;28,8;17,1;29,7;28,2;17,7;16,1;51;46;49;137;7,4;3,5;
2026/05/14;1800 UTC;0;990,3;990,4;990,2;2064,1;28,6;16,5;29,1;28,4;17,7;16,1;51;47;48;120;7;3;
2026/05/14;1900 UTC;0;990,6;990,6;990,3;708,3;27,7;16,2;28,7;27,6;17,8;15,8;53;48;50;134;7,6;3,7;
2026/05/14;2000 UTC;0;991,1;991,1;990,6;151,3;26,1;17,1;27,7;26,1;17,8;15,9;59;49;58;125;6,6;3,6;
2026/05/14;2100 UTC;0;991,6;991,6;991,1;3,8;24,7;18;26,1;24,7;18;17,1;66;58;66;122;6,6;3;
2026/05/14;2200 UTC;0;992,2;992,2;991,6;;24,2;18,1;24,8;24,2;18,2;18;69;66;69;130;5;2,5;
2026/05/14;2300 UTC;0;992,9;992,9;992,2;;23,9;18,4;24,2;23,9;18,4;18,1;71;69;71;136;4,2;1,7;
2026/05/15;0000 UTC;0;993,4;993,4;992,9;;23,2;18,5;23,9;23,2;18,6;18,4;75;71;75;146;3;1,3;
2026/05/15;0100 UTC;0;993,5;993,5;993,4;;22,9;18,7;23,3;22,9;18,7;18,5;77;75;77;152;3;1,5;
2026/05/15;0200 UTC;0;993,3;993,5;993,3;;22,3;19,9;22,9;22,3;20,1;18,6;87;77;86;158;2,6;1,2;
2026/05/15;0300 UTC;0;992,7;993,3;992,7;;21,4;;22,3;21,4;;;;;;201;2,3;1,2;
2026/05/15;0400 UTC;0;992,3;992,8;992,3;;21,2;;21,4;21,2;;;;;;204;2,3;1,2;
2026/05/15;0500 UTC;0;991,8;992,3;991,8;;21,2;;21,2;20,9;;;;;;194;2,2;1,6;
2026/05/15;0600 UTC;,2;991,9;991,9;991,6;;21,5;;21,6;21,2;;;;;;159;3,7;1,9;
2026/05/15;0700 UTC;,2;991,6;991,9;991,5;;21,3;;21,5;21,2;;;;;;223;3,9;1,3;
2026/05/15;0800 UTC;0;991,8;991,8;991,6;;20,8;;21,3;20,8;;;;;;211;2,7;1,5;
2026/05/15;0900 UTC;0;992,3;992,3;991,8;7,1;20,6;;20,8;20,6;;;;;;226;2,7;1,1;
2026/05/15;1000 UTC;0;993,1;993,1;992,3;184,3;21,5;;21,5;20,6;;;;;;235;1,7;1,2;
2026/05/15;1100 UTC;0;993,7;993,7;993,1;806,4;23,1;;23,1;21,5;;;;;;180;4,8;2,5;
2026/05/15;1200 UTC;0;993,8;993,9;993,7;1890,8;25,4;20,1;25,6;23,1;;;;;72;131;4,8;2,2;
2026/05/15;1300 UTC;0;993,5;993,8;993,5;2213;26,2;19,1;27,7;25,4;21,7;18,8;78;60;65;143;5,9;3,5;
2026/05/15;1400 UTC;0;993,1;993,5;993,1;1702,9;26,7;19,7;27,4;25,8;20;18,3;68;60;65;184;6,7;2,7;
2026/05/15;1500 UTC;0;991,9;993,1;991,9;2444,3;29,1;18;29,1;26,4;19,8;16,8;66;48;51;162;7,3;3;
2026/05/15;1600 UTC;0;991,1;991,9;991,1;2191,4;29,1;17,1;30,1;28,2;18,5;16,5;52;46;49;169;6;2,7;
2026/05/15;1700 UTC;0;990,2;991,1;990,2;1996,3;28,9;17,1;29,6;28,3;18,1;16,7;52;46;49;140;5,7;2,9;
2026/05/15;1800 UTC;0;989,9;990,2;989,9;1389,7;28,7;16,9;29,3;28,4;17,8;15,6;52;45;49;124;6,5;3,3;
2026/05/15;1900 UTC;0;989,9;989,9;989,8;526,7;28,1;17,6;28,8;27,9;18,2;16,7;54;49;53;109;7,7;2,5;
2026/05/15;2000 UTC;0;990,2;990,3;989,9;136,7;26,3;17,9;28,1;26,3;18,2;17,5;60;53;60;120;7,6;2,9;
2026/05/15;2100 UTC;0;990,6;990,6;990,2;3,8;25,1;18,4;26,3;25,1;18,5;17,8;67;60;67;125;6,3;3;
2026/05/15;2200 UTC;0;991,4;991,4;990,6;;24,4;18,9;25,1;24,4;18,9;18,4;72;67;72;134;5;2,1;
2026/05/15;2300 UTC;0;992;992;991,4;;23,2;19,4;24,4;23,2;19,4;18,9;79;72;79;161;3,7;1,2;
2026/05/16;0000 UTC;0;992,3;992,4;992;;23,4;19,5;23,4;23,1;19,7;19,3;80;79;79;143;3;1,5;
2026/05/16;0100 UTC;0;992,5;992,5;992,3;;22,9;19,4;23,4;22,9;19,6;19,2;80;78;80;152;2,8;1;
2026/05/16;0200 UTC;0;992,2;992,5;992,2;;22,6;20,9;23;22,6;21;19,3;90;80;90;156;2;,8;
2026/05/16;0300 UTC;0;991,9;992,2;991,9;;21,9;;22,6;21,8;;;;;;204;1,6;1;
2026/05/16;0400 UTC;0;991,3;991,9;991,3;;21,8;;21,9;21,6;;;;;;199;1,8;,9;
2026/05/16;0500 UTC;0;990,7;991,3;990,7;;21,4;;21,8;21,4;;;;;;221;1,3;,9;
2026/05/16;0600 UTC;0;990,4;990,7;990,4;;21,1;;21,5;21,1;;;;;;230;1,9;1,4;
2026/05/16;0700 UTC;0;990,6;990,6;990,3;;20,9;;21,1;20,9;;;;;;230;2;1,4;
2026/05/16;0800 UTC;0;990,6;990,7;990,5;;20,7;;20,9;20,7;;;;;;249;1,8;,6;
2026/05/16;0900 UTC;0;991,2;991,2;990,6;8,5;20,5;;20,8;20,4;;;;;;262;1,9;1,1;
2026/05/16;1000 UTC;0;991,9;991,9;991,2;238,8;21,4;;21,4;20,4;;;;;;243;2,1;1,3;
2026/05/16;1100 UTC;0;992,5;992,5;991,9;1027,2;23,6;;23,6;21,4;;;;;;220;2,4;1,5;
2026/05/16;1200 UTC;0;992,8;992,8;992,5;1851;26,1;20,7;26,2;23,6;;;;;72;184;5;2,7;
2026/05/16;1300 UTC;0;992,5;992,8;992,4;2438,2;27,7;18,6;28,3;25,6;20,9;17,7;74;56;58;147;5,6;2,5;
2026/05/16;1400 UTC;0;992;992,5;992;2423,2;28,7;18,1;29;26,8;18,8;17;60;48;53;178;5,6;2,6;
2026/05/16;1500 UTC;0;990,9;992;990,9;2344,2;28,1;17,6;29,6;27,8;19,3;17,1;56;48;53;155;5,3;2,7;
2026/05/16;1600 UTC;0;990;990,9;990;2032,1;29,2;18,7;29,8;28;18,7;16,7;54;47;53;109;5,9;1,9;
2026/05/16;1700 UTC;0;989,3;990;989,3;1792,6;30,1;17,1;30,1;28,3;18,6;16,5;53;44;46;84;5,8;2,9;
2026/05/16;1800 UTC;0;989;989,3;989;976,5;28,3;17,1;30,2;28,2;17,6;16,2;52;44;51;118;7,1;3,8;
2026/05/16;1900 UTC;0;989,1;989,2;988,9;659,8;28,3;17,3;29,1;28,2;17,8;17;52;49;51;106;7,1;2,6;
2026/05/16;2000 UTC;0;989,6;989,6;989,1;144,9;26,3;18,3;28,3;26,3;18,5;17,3;61;51;61;105;7,3;2,7;
2026/05/16;2100 UTC;0;990,1;990,1;989,6;3,7;25,2;18,3;26,3;25,2;18,5;18,3;66;61;66;114;6,2;2,7;
2026/05/16;2200 UTC;0;991;991;990,1;;24,5;18,8;25,2;24,5;18,8;18,2;71;65;71;125;5,6;2,4;
2026/05/16;2300 UTC;0;991,7;991,7;991;;24;19,2;24,5;24;19,2;18,8;75;71;75;138;4,1;1,8;
2026/05/17;0000 UTC;0;992,1;992,1;991,7;;23;20,2;24;23;20,2;19,1;84;75;84;174;3,2;1,3;
2026/05/17;0100 UTC;0;992,5;992,5;992,1;;22,6;;23;22,6;;;;;;176;2,5;1,2;
2026/05/17;0200 UTC;0;992,3;992,6;992,3;;22,5;;22,7;22,5;;;;;;185;2,1;1,5;
2026/05/17;0300 UTC;0;991,8;992,4;991,8;;22,1;;22,5;22,1;;;;;;179;2;1,1;
2026/05/17;0400 UTC;0;991,3;991,8;991,3;;22,1;;22,3;22;;;;;;155;2;,9;
2026/05/17;0500 UTC;0;990,9;991,3;990,9;;21,3;;22,3;21,3;;;;;;138;1,9;,3;
2026/05/17;0600 UTC;0;990,5;990,9;990,5;;21,4;;21,4;21,1;;;;;;219;1;,6;
2026/05/17;0700 UTC;0;990,7;990,7;990,5;;21,2;;21,4;21,1;;;;;;230;1,8;1,3;
2026/05/17;0800 UTC;0;990,8;990,8;990,6;;21,2;;21,2;21,1;;;;;;204;1,7;1,1;
2026/05/17;0900 UTC;0;990,8;990,8;990,7;9,6;20,8;;21,2;20,8;;;;;;261;1,7;,4;
2026/05/17;1000 UTC;0;991,4;991,4;990,7;225,4;21,9;;21,9;20,8;;;;;;247;1,5;,9;
2026/05/17;1100 UTC;0;992;992;991,4;1088,3;24,5;;24,6;21,9;;;;;;191;2,9;1,2;
2026/05/17;1200 UTC;0;992,2;992,3;992;1442,5;27,6;21,6;27,6;24,4;25;20,5;100;70;70;124;3,5;1,6;
2026/05/17;1300 UTC;0;991,9;992,2;991,9;2142,1;28,5;18,3;29,5;26,1;21,7;17,8;72;51;54;67;6,1;3;
2026/05/17;1400 UTC;0;991,4;991,9;991,4;1628,2;28,5;18,2;28,9;27,2;19;17,8;59;52;54;123;5,8;2,5;
2026/05/17;1500 UTC;0;990,5;991,4;990,4;2114,1;29,3;18,3;30;28,4;19,6;17,2;55;48;52;82;5,5;2,5;
2026/05/17;1600 UTC;0;989,6;990,5;989,6;2070,2;29,4;17,1;30;28,7;18,8;17;54;47;48;111;7;2,9;
2026/05/17;1700 UTC;0;989;989,6;989;2148,5;30;18,4;30,4;28,6;18,8;17,1;54;47;50;86;7,7;3,5;
2026/05/17;1800 UTC;0;988,8;989;988,7;1919,3;28,1;18,3;30,4;28,1;18,7;17,6;55;48;55;87;8,1;3,2;
2026/05/17;1900 UTC;0;989;989;988,7;535,7;27,9;17,8;28,9;27,8;18,7;17,7;56;52;54;86;7,7;3,1;
2026/05/17;2000 UTC;0;989,5;989,5;989;107,4;26,2;17,6;28;26,2;18;17,4;59;54;59;87;7,3;2,6;
2026/05/17;2100 UTC;0;989,8;989,8;989,5;2,8;24,9;18,2;26,2;24,9;18,2;17,2;66;59;66;90;5,1;1,9;
2026/05/17;2200 UTC;0;990,6;990,6;989,8;;24,3;19,2;24,9;24,2;19,2;18,2;73;66;73;92;5,1;1,6;
2026/05/17;2300 UTC;0;991,4;991,4;990,6;;23,8;19,5;24,3;23,8;19,5;19,2;77;73;76;75;4,5;2,2;
2026/05/18;0000 UTC;0;992,1;992,1;991,4;;23,5;21,1;24,1;23,5;21,1;19,5;86;77;86;70;4,7;2,5;
2026/05/18;0100 UTC;0;992,4;992,4;992,1;;22,7;;23,5;22,7;;;;;;48;3,5;1,4;
2026/05/18;0200 UTC;0;992,3;992,4;992,2;;22,5;;22,8;22,5;;;;;;49;2,9;,9;
2026/05/18;0300 UTC;0;992;992,3;992;;22,5;;22,6;22,3;;;;;;60;2,5;1,8;
2026/05/18;0400 UTC;0;991,6;992;991,6;;22,3;;22,6;22,3;;;;;;68;2,5;,9;
2026/05/18;0500 UTC;0;991,4;991,6;991,4;;22,8;;22,8;22,2;;;;;;102;2,3;1,1;
2026/05/18;0600 UTC;0;991,3;991,4;991,2;;21,9;;22,9;21,6;;;;;;162;2,3;1;
2026/05/18;0700 UTC;0;991,1;991,3;991,1;;22,1;;22,5;21,9;;;;;;174;4,7;1,6;
2026/05/18;0800 UTC;1;991,6;991,6;991,1;;22,4;;22,5;22;;;;;;107;5,9;1,5;
2026/05/18;0900 UTC;0;991,8;991,8;991,5;17,3;22,8;;22,8;22,4;;;;;;39;3,3;1,3;
2026/05/18;1000 UTC;0;992,7;992,7;991,8;405,2;24,3;;24,3;22,8;;;;;;109;3,1;,9;
2026/05/18;1100 UTC;0;993,5;993,5;992,7;1233,3;26,3;21,4;26,3;24,3;;;;;75;98;4,1;1,7;
2026/05/18;1200 UTC;0;993,8;993,8;993,5;1239,3;26,5;20,6;27,1;26;21,5;20,2;74;68;70;87;4,3;1,4;
2026/05/18;1300 UTC;0;993,6;993,8;993,6;2146,9;28,1;19,1;29,3;26,5;22,1;18,4;73;55;58;119;4,6;2,3;
2026/05/18;1400 UTC;0;993;993,6;993;1879,8;28,1;19,1;29,5;27,7;20,2;17,6;60;52;58;124;5,7;3;
2026/05/18;1500 UTC;0;992,2;993;992,2;2515,4;29,1;19;30,7;27,6;20,4;18,5;63;50;54;133;7,9;2,7;
2026/05/18;1600 UTC;0;991,2;992,2;991,2;2442,1;29,1;19,3;29,9;28,5;19,3;17,8;56;49;55;123;6,8;3,8;
2026/05/18;1700 UTC;0;990,7;991,2;990,7;2031,1;29,2;19,1;29,7;28;20,6;18,6;62;52;55;110;8,1;3,5;
2026/05/18;1800 UTC;0;990,2;990,7;990,2;1834,5;29,1;18,6;29,6;28,5;19,8;18,2;57;52;53;90;7,2;2,7;
2026/05/18;1900 UTC;0;990,4;990,5;990,2;749,6;27,8;18,8;29,3;27,8;19,3;18,4;58;52;58;110;7,1;3,8;
2026/05/18;2000 UTC;0;990,9;990,9;990,4;153,5;26,5;18,6;27,8;26,5;18,9;18,5;62;58;62;93;7,1;2,3;
2026/05/18;2100 UTC;0;991,1;991,1;990,9;4,3;25,2;19,1;26,5;25,2;19,1;18,6;69;62;69;109;5,7;2,7;
2026/05/18;2200 UTC;0;991,6;991,6;991,1;;24,2;19,3;25,2;24,2;19,4;19,1;74;69;74;83;5,6;2,1;
2026/05/18;2300 UTC;0;992,1;992,1;991,6;;23,8;19,3;24,2;23,7;19,4;19,2;76;74;76;71;5,6;2,7;
2026/05/19;0000 UTC;0;992,7;992,8;992,1;;23,8;19,4;23,9;23,7;19,4;19,2;76;75;76;91;4,7;1,7;
2026/05/19;0100 UTC;0;992,8;992,9;992,7;;23,5;19,5;23,8;23,5;19,5;19,3;78;76;78;87;4,1;1,5;
2026/05/19;0200 UTC;0;993;993;992,8;;23,5;19,9;23,6;23,2;20,1;19,4;82;78;80;106;3,7;1,1;
2026/05/19;0300 UTC;0;992,6;993;992,6;;22,9;20,4;23,6;22,9;20,4;19,4;85;78;85;132;2,7;1,4;
2026/05/19;0400 UTC;0;991,9;992,6;991,9;;23,4;19,4;23,4;22,8;21,7;19,4;93;79;79;94;3,3;1,3;
2026/05/19;0500 UTC;0;991,5;991,9;991,5;;22,7;21,8;23,3;22,6;21,8;19,1;95;79;95;81;3,4;1,4;
2026/05/19;0600 UTC;0;991,4;991,6;991,4;;22,8;20,2;23;22,7;23;20,2;100;85;85;81;2,7;1,1;
2026/05/19;0700 UTC;0;991,5;991,5;991,4;;22,4;;22,8;21,9;;;;;;83;2,5;,9;
2026/05/19;0800 UTC;0;991,7;991,7;991,5;;21,4;;22,4;21,4;;;;;;202;1,9;,6;
2026/05/19;0900 UTC;0;992,2;992,2;991,7;10,4;21,2;;21,4;21,1;;;;;;208;1,6;1,3;
2026/05/19;1000 UTC;0;992,9;992,9;992,2;216,2;22;;22;21,2;;;;;;223;2;1,3;
2026/05/19;1100 UTC;0;993,7;993,7;992,9;1131;25;25;25;22;;;;;100;189;2,3;1;
2026/05/19;1200 UTC;0;993,9;994;993,7;1669,6;26,9;19,7;27,8;25;25;19,6;100;64;65;154;5,1;2,3;
2026/05/19;1300 UTC;0;993,8;993,9;993,7;2500,8;27,7;18,3;28,8;26,5;20,8;18,2;67;54;57;150;5,1;2,2;
2026/05/19;1400 UTC;0;993;993,8;993;2354,1;28,7;17,5;29,7;27,7;19,1;16,5;58;46;51;117;4,8;2,7;
2026/05/19;1500 UTC;0;991,9;993;991,9;1988,5;28,7;18,1;30;28;18,5;17,2;54;48;53;127;6,3;3,4;
2026/05/19;1600 UTC;0;991,2;991,9;991,2;1824,3;28,9;16,1;30,2;28,3;18,7;15,8;54;43;46;96;6,4;3,3;
2026/05/19;1700 UTC;0;990,5;991,2;990,4;1853,1;29,6;15,5;30,1;28,8;17,4;14,9;49;41;43;102;7;3,2;
2026/05/19;1800 UTC;0;990,2;990,5;990,2;2064,3;29,3;16,5;30,3;29,1;17,1;15,4;48;41;46;117;8,4;3,3;
2026/05/19;1900 UTC;0;990,7;990,7;990,2;627,2;27,9;17,3;29,4;27,7;17,4;16,6;53;46;53;92;6,9;2,8;
2026/05/19;2000 UTC;0;991;991;990,7;113,1;26,6;17,8;28,1;26,6;17,8;16,6;59;51;59;89;6,4;2,1;
2026/05/19;2100 UTC;0;991,4;991,5;991;3,1;24,9;18,8;26,6;24,9;18,8;17,8;69;59;69;85;5,6;2;
2026/05/19;2200 UTC;0;992;992;991,4;;24,4;19,2;24,9;24,4;19,2;18,8;73;69;73;97;4,4;1,4;
2026/05/19;2300 UTC;0;992,6;992,6;992;;24,3;19,4;24,5;24,2;19,4;19,2;74;73;74;112;4,1;2;
2026/05/20;0000 UTC;0;992,8;992,8;992,6;;24,1;20,1;24,4;24,1;20,2;19,4;79;74;79;101;5;1,6;
2026/05/20;0100 UTC;0;993;993,1;992,8;;23,3;20,4;24,3;23,3;21,1;19,6;83;78;83;148;5;1,7;
2026/05/20;0200 UTC;0;993,2;993,3;993;;23,2;;23,4;23,2;;;;;;139;3,5;1,7;
2026/05/20;0300 UTC;0;993,1;993,2;992,9;;23,1;;23,5;23;;;;;;138;2,8;1,2;
2026/05/20;0400 UTC;0;992,5;993,1;992,5;;22,7;;23,1;22,7;;;;;;87;2,1;,4;
2026/05/20;0500 UTC;0;991,8;992,5;991,8;;22,6;;23;22,3;;;;;;69;3,8;,7;
2026/05/20;0600 UTC;,2;991,7;991,8;991,6;;22,8;;22,9;22,6;;;;;;77;5,3;2,5;
2026/05/20;0700 UTC;,6;991,5;991,7;991,4;;22,4;;22,8;22,4;;;;;;106;4,5;1,1;
2026/05/20;0800 UTC;,6;992;992;991,5;;22,3;;22,5;22,2;;;;;;55;4,3;2,4;
2026/05/20;0900 UTC;,4;992,1;992,1;991,9;10,9;22,1;;22,3;22;;;;;;65;5,4;1,2;
2026/05/20;1000 UTC;0;992,7;992,7;992,1;266,7;22,6;;22,9;22;;;;;;68;2,1;,9;
2026/05/20;1100 UTC;0;993,4;993,4;992,7;1124,4;25,2;24,1;25,3;22,6;;;;;93;80;2,6;1,3;
2026/05/20;1200 UTC;0;993,7;993,7;993,4;1404,7;26,2;20,6;26,4;25,1;23,4;19,8;93;71;71;129;4,1;1,7;
2026/05/20;1300 UTC;0;993,4;993,8;993,4;1694,9;26,9;20,1;27,4;25,9;22,3;19,7;80;64;66;119;6,4;2,5;
2026/05/20;1400 UTC;0;992,9;993,4;992,9;2385,3;27,4;19,9;29,4;26,8;20,6;18,5;67;54;63;142;7,8;2,8;
2026/05/20;1500 UTC;0;991,9;992,9;991,9;2591,2;29,3;19;30;27;21,5;18,9;67;54;54;87;8,1;2,5;
2026/05/20;1600 UTC;0;991,2;991,9;991,2;1554,8;28,4;20,1;29,2;27;20,6;18,8;64;54;61;65;7,6;3,7;
2026/05/20;1700 UTC;0;990,5;991,2;990,5;1162,3;27,4;19,1;28,4;26,6;20,7;18,7;68;59;61;85;7,3;2,2;
2026/05/20;1800 UTC;0;990,2;990,5;990,2;841;27,4;17,5;28,5;27,4;19,8;17,3;61;54;55;85;6,8;3,2;
2026/05/20;1900 UTC;0;990,4;990,4;990,1;596,1;27,9;18,2;28,5;27,3;18,6;17;57;51;56;99;7,1;3;
2026/05/20;2000 UTC;0;990,8;990,8;990,4;216,6;25,9;19;28;25,9;19;17,5;66;53;66;90;7,2;2;
2026/05/20;2100 UTC;0;991,2;991,2;990,8;3,4;25,1;19,7;25,9;25,1;19,7;19;72;66;72;90;5,4;1,5;
2026/05/20;2200 UTC;0;991,8;991,8;991,2;;24,6;19,8;25,1;24,6;20;19,7;75;72;75;155;3,5;1,9;
2026/05/20;2300 UTC;0;992,1;992,1;991,8;;23,6;21,3;24,6;23,6;21,3;19,7;87;75;87;152;3,8;1,9;
2026/05/21;0000 UTC;0;992,5;992,5;992,1;;23,5;;23,6;23,3;;;;;;105;5,8;1,6;
2026/05/21;0100 UTC;0;992,6;992,7;992,5;;23,5;;23,7;23,5;;;;;;125;3,7;1,6;
2026/05/21;0200 UTC;0;992,5;992,6;992,5;;22,9;;23,7;22,9;;;;;;144;3;,9;
2026/05/21;0300 UTC;0;992,5;992,5;992,4;;22,3;;23;22,3;;;;;;184;2,4;1,5;
2026/05/21;0400 UTC;0;991,8;992,5;991,8;;21,7;;22,3;21,7;;;;;;189;2,4;1,3;
2026/05/21;0500 UTC;0;991,6;991,8;991,5;;21,4;;21,7;21,4;;;;;;228;1,9;1,2;
2026/05/21;0600 UTC;0;991,2;991,6;991,2;;21,7;;21,7;21,4;;;;;;188;2,8;1,7;
2026/05/21;0700 UTC;0;991,4;991,4;991,1;;22;;22;21,7;;;;;;127;4,8;2,4;
2026/05/21;0800 UTC;,2;991,6;991,6;991,4;;22;;22,1;21,8;;;;;;76;5,2;2,8;
2026/05/21;0900 UTC;0;992,3;992,3;991,6;10,7;22;;22,4;21,9;;;;;;226;4,9;1,3;
2026/05/21;1000 UTC;0;992,6;992,6;992,3;260,8;22,5;;22,5;22;;;;;;222;3,6;2,5;
2026/05/21;1100 UTC;0;993,3;993,3;992,6;563;23;;23,3;22,5;;;;;;209;4,9;2,7;
2026/05/21;1200 UTC;1,6;993,6;993,6;993,3;728,6;23,2;;23,4;23;;;;;;166;5,5;2,9;
2026/05/21;1300 UTC;2,2;993,6;993,7;993,5;804,4;23,1;;23,5;22,7;;;;;;194;7;3,5;
2026/05/21;1400 UTC;5;993,3;993,6;993,3;971,4;22,7;;23,4;22,4;;;;;;144;8,8;4,8;
2026/05/21;1500 UTC;,4;992,4;993,3;992,4;1512,6;23,7;;23,7;22,4;;;;;;148;8,9;3,9;
2026/05/21;1600 UTC;,4;991,9;992,4;991,9;1363,3;23,2;;25,1;23;24,5;21,1;100;79;;181;7,4;3,6;
2026/05/21;1700 UTC;,4;991,4;991,9;991,3;1153,5;24,2;;24,2;23;;;;;;126;7,6;2,2;
2026/05/21;1800 UTC;0;990,9;991,4;990,9;1432,1;25,9;20,7;26,3;23,3;25,1;20,7;100;73;73;125;7,6;3,1;
2026/05/21;1900 UTC;,4;991,2;991,2;990,8;588,3;25,1;23,3;26,4;24;23,3;20,1;90;69;90;88;8,8;2,5;
2026/05/21;2000 UTC;,2;991,8;991,8;991,1;136;22,9;;25,4;22,1;25,1;21,5;100;90;;73;10,7;2,9;
2026/05/21;2100 UTC;0;992,2;992,2;991,8;6,2;22,8;;23;22,7;;;;;;60;4,9;1,3;
2026/05/21;2200 UTC;0;992,9;992,9;992,2;;22,6;;22,9;22,6;;;;;;242;2,2;,5;
2026/05/21;2300 UTC;0;993,3;993,3;992,9;;22,4;;22,7;22,4;;;;;;3;1,4;,6;
2026/05/22;0000 UTC;0;993,8;993,8;993,3;;22,5;;22,6;22,4;;;;;;299;,9;,1;
2026/05/22;0100 UTC;0;993,9;994;993,8;;22;;22,5;22;;;;;;222;2;,7;
2026/05/22;0200 UTC;0;993,8;993,9;993,8;;21,4;;22;21,4;;;;;;226;2;1,1;
2026/05/22;0300 UTC;1,2;993,8;993,9;993,7;;21,8;;21,9;21,4;;;;;;179;6,8;3,3;
2026/05/22;0400 UTC;1;993,1;993,8;993,1;,4;21,7;;21,8;21,6;;;;;;165;5,6;1,7;
2026/05/22;0500 UTC;0;992,5;993;992,5;,1;21,8;;21,8;21,7;;;;;;207;3,5;1,4;
2026/05/22;0600 UTC;,2;992,5;992,7;992,5;;21,4;;21,8;21,4;;;;;;205;4;1,6;
2026/05/22;0700 UTC;,6;992,5;992,6;992,5;;21,5;;21,6;21,4;;;;;;224;3;1,7;
2026/05/22;0800 UTC;,8;992,8;992,8;992,5;;21,5;;21,7;21,5;;;;;;210;4,5;1,4;
2026/05/22;0900 UTC;,4;993,5;993,5;992,8;2,8;21,4;;21,5;21,3;;;;;;179;5,2;2;
2026/05/22;1000 UTC;0;993,7;993,8;993,5;194,6;21,7;;21,9;21,4;;;;;;255;3;,8;
2026/05/22;1100 UTC;0;994,4;994,4;993,7;668;22,9;;22,9;21,7;;;;;;173;3,2;1,3;
2026/05/22;1200 UTC;0;994,3;994,4;994,2;1823;25,4;24,8;25,8;22,8;;;;;97;160;5,6;2,5;
2026/05/22;1300 UTC;,2;994,1;994,3;994;2365,6;26,9;19,2;27,1;25;25,3;19,2;100;63;63;152;9,6;4,6;
2026/05/22;1400 UTC;0;993,5;994,1;993,5;2863,7;28,4;18,1;28,4;26,9;20,5;17;66;52;54;154;8,8;4,1;
2026/05/22;1500 UTC;0;992,6;993,5;992,6;2357;28,7;17,4;28,7;27,5;18,3;16,7;55;50;50;122;9,5;3,8;
2026/05/22;1600 UTC;0;992,1;992,6;992;1491;26,7;17,9;28,6;26,7;18,1;16;58;50;58;135;7,9;4,2;
2026/05/22;1700 UTC;0;991,5;992,1;991,4;1830,2;27,4;18,1;27,9;26,6;19,5;17,5;62;55;57;131;9,2;4,8;
2026/05/22;1800 UTC;0;991,4;991,5;991,3;1785,5;27,8;17,6;27,8;26,6;18,8;16,7;61;51;54;145;9,2;4,2;
2026/05/22;1900 UTC;0;991,7;991,7;991,4;683,4;26,5;17,8;28;26,5;18,2;16,2;60;50;59;151;8,6;4,7;
2026/05/22;2000 UTC;0;991,9;991,9;991,7;219,9;25,3;18,3;26,5;25,3;18,5;17,5;65;58;65;153;8,6;3,1;
2026/05/22;2100 UTC;0;992,4;992,5;991,9;9,6;24,2;19;25,3;24,2;19;18,3;73;65;73;161;5,4;2,4;
2026/05/22;2200 UTC;0;992,9;992,9;992,4;;23,2;20,5;24,2;23,2;20,5;19;85;73;85;183;4,2;2,1;
2026/05/22;2300 UTC;1,2;993,7;993,7;992,9;;22,8;;23,4;22,7;22,8;20,5;100;85;;154;6,8;3,3;
2026/05/23;0000 UTC;,2;993,6;993,7;993,5;;22,2;;22,8;22,2;;;;;;175;6,8;1,2;
2026/05/23;0100 UTC;0;993,8;993,9;993,6;;22,1;;22,5;22,1;;;;;;194;3,7;1,7;
2026/05/23;0200 UTC;1,8;993,9;994,1;993,8;;22,3;;22,4;22,1;;;;;;105;4,1;1,2;
2026/05/23;0300 UTC;0;993,4;993,9;993,4;;22,2;;22,4;22,2;;;;;;162;2,6;1;
2026/05/23;0400 UTC;,2;992,8;993,4;992,8;;22,3;;22,4;22,2;;;;;;172;5,4;1,7;
2026/05/23;0500 UTC;,2;992,2;992,8;992,2;;22,1;;22,3;22;;;;;;125;4,6;1,7;
2026/05/23;0600 UTC;1,2;992,2;992,2;992;;21,8;;22,1;21,8;;;;;;161;6,8;2,8;
2026/05/23;0700 UTC;,2;992;992,2;991,8;;22;;22,2;21,8;;;;;;176;6,8;1,5;
2026/05/23;0800 UTC;,2;992,5;992,5;992;;22;;22,2;22;;;;;;175;5,3;1,4;
2026/05/23;0900 UTC;0;993;993;992,5;11,4;22,3;;22,3;22;;;;;;83;3,1;1,3;
2026/05/23;1000 UTC;0;993,4;993,4;993;244,8;22,9;;22,9;22,3;;;;;;197;2,7;,8;
2026/05/23;1100 UTC;,2;993,9;993,9;993,4;930,4;24,6;;24,6;22,7;;;;;;151;5;2,6;
2026/05/23;1200 UTC;0;993,9;994,2;993,8;1285,6;25,7;24,6;25,9;23,8;;;;;93;128;8,9;3;
2026/05/23;1300 UTC;0;993,7;994;993,6;1868;26,5;19,9;26,9;25,7;24,3;19,6;93;65;67;115;9,8;4,2;
2026/05/23;1400 UTC;1;993,4;993,7;993,3;1820,2;24;;27,4;23,9;23,4;19,3;100;64;;141;12,8;5,8;
2026/05/23;1500 UTC;0;992,3;993,3;992,3;2430,2;27,2;20;27,4;23,8;;;;;65;126;12,8;4,8;
2026/05/23;1600 UTC;0;991,8;992,3;991,8;1892,4;28;19,1;28;26,8;20,4;18;66;57;59;109;9,1;3,1;
2026/05/23;1700 UTC;,8;991,4;991,8;991,4;1531,8;24,8;;28;24,5;24,3;18,5;97;57;;132;12;3,6;
2026/05/23;1800 UTC;0;991,3;991,4;991,2;1824,3;26,6;18,8;26,7;24,7;25,7;18,6;100;62;62;111;9,5;4,8;
2026/05/23;1900 UTC;0;991,5;991,7;991,3;760,1;25,1;18,2;26,6;24,4;19,2;18,1;71;62;65;87;11,5;2,8;
2026/05/23;2000 UTC;0;992,1;992,1;991,5;149,8;24,2;19,4;25,1;24,2;19,4;18,1;74;65;74;77;8,6;4;
2026/05/23;2100 UTC;0;992,4;992,4;992;;23,6;20,1;24,2;23,6;20,1;19,2;80;74;80;129;8,6;2,2;
2026/05/23;2200 UTC;0;992,9;992,9;992,4;;23,7;20,1;23,8;23,5;20,9;19,8;85;78;80;108;4,6;2,2;
2026/05/23;2300 UTC;0;992,7;992,9;992,7;;23,4;22,2;23,7;23,1;22,2;20,1;93;80;93;124;4,6;2,1;
2026/05/24;0000 UTC;0;992,9;992,9;992,7;;23,3;23,3;23,7;23,3;;;;;100;143;4,5;1,9;
2026/05/24;0100 UTC;0;992,9;993,1;992,8;;23,2;;23,4;23,1;;;;;;126;4,3;2,1;
2026/05/24;0200 UTC;0;992,7;992,9;992,6;;23;;23,2;23;;;;;;70;4,5;1,9;
2026/05/24;0300 UTC;0;992,4;992,8;992,4;;22,6;;23;22,6;;;;;;117;3,4;,5;
2026/05/24;0400 UTC;0;991,8;992,4;991,8;;22,6;;23;22,6;;;;;;80;2,9;1,6;
2026/05/24;0500 UTC;0;991,4;991,8;991,4;;22,6;;22,6;22,5;;;;;;128;3,4;1,5;
2026/05/24;0600 UTC;0;991,1;991,4;991;;21,9;;22,7;21,9;;;;;;167;2,6;1,1;
2026/05/24;0700 UTC;0;990,9;991,1;990,9;;21,7;;22,1;21,6;;;;;;187;2,8;1;
2026/05/24;0800 UTC;0;991,3;991,3;990,9;;21,5;;21,8;21,5;;;;;;176;2,6;1,2;
2026/05/24;0900 UTC;0;991,7;991,8;991,3;3,2;21,4;;21,5;21,1;;;;;;109;2,1;1;
2026/05/24;1000 UTC;0;992,2;992,2;991,7;123,4;22,1;;22,1;21,2;;;;;;249;2,1;,3;
2026/05/24;1100 UTC;0;992,8;992,9;992,2;1027,4;24,5;;24,6;22,1;;;;;;146;3,3;1,7;
2026/05/24;1200 UTC;0;992,7;992,9;992,7;1996,5;26,7;19,1;27;24,5;25,1;19,1;100;63;63;101;7,1;3,8;
2026/05/24;1300 UTC;0;992,4;992,8;992,4;2063,2;27,9;16,3;28;26,7;19,2;16;63;49;49;84;9,1;4;
2026/05/24;1400 UTC;0;992,1;992,4;992,1;2166,1;27,9;17,3;28,9;27,3;17,8;15,4;53;46;53;98;8,3;3,3;
2026/05/24;1500 UTC;0;991,5;992,1;991,5;2663,7;28,8;16,1;29,3;27,9;18,3;16,1;55;46;46;103;9;3,7;
2026/05/24;1600 UTC;0;991,1;991,5;991;2449,2;28,7;15,8;29,2;27,9;17,5;15,3;51;43;46;85;8,7;4,2;
2026/05/24;1700 UTC;0;990,6;991,1;990,5;2303,1;28,7;15,4;29,6;28,2;16,9;15,3;50;43;44;83;9,1;4,3;
2026/05/24;1800 UTC;0;990,5;990,6;990,4;1853,1;28,1;16;28,8;27,8;16,5;15;48;44;48;85;8,9;3,4;
2026/05/24;1900 UTC;0;990,7;990,7;990,4;665,2;27,2;16,3;28,2;26,6;16,7;15,7;53;47;51;107;7,6;2,6;
2026/05/24;2000 UTC;0;991,3;991,3;990,7;155,6;25,7;17,7;27,3;25,7;17,7;16;61;51;61;106;6,2;2,4;
2026/05/24;2100 UTC;0;991,8;991,8;991,3;2,5;24,5;17,5;25,7;24,5;17,9;17,5;66;61;65;112;5,4;2;
2026/05/24;2200 UTC;0;992,3;992,3;991,8;;23,9;16,8;24,4;23,9;17,5;16,7;67;64;64;100;3,9;1,5;
2026/05/24;2300 UTC;0;992,8;992,8;992,3;;23,5;16,6;23,9;23,5;16,8;16,5;65;64;65;116;4,1;2;
2026/05/25;0000 UTC;0;993,2;993,2;992,7;;23,3;16,5;23,6;23,1;16,7;16,4;67;65;66;126;3,7;1,9;
2026/05/25;0100 UTC;0;993,1;993,3;993;;23,4;16,7;23,4;22,9;16,7;16,4;68;66;66;103;3,7;1,5;
2026/05/25;0200 UTC;0;992,7;993,1;992,7;;23;16,9;23,4;22,9;17;16,6;69;66;69;88;3,7;1,3;
2026/05/25;0300 UTC;0;992,4;992,7;992,4;;22,4;17,1;23;22,4;17,2;16,9;72;69;72;127;3,3;1,3;
2026/05/25;0400 UTC;0;991,9;992,3;991,9;;21;16,9;22,4;21;17,1;16,8;77;72;77;184;2,3;,7;
2026/05/25;0500 UTC;0;991,5;991,9;991,5;;20,1;;21;20,1;19,5;16,8;96;77;;257;1,7;,9;
2026/05/25;0600 UTC;0;991,3;991,5;991,3;;20,2;;20,2;20;;;;;;230;1,8;1;
2026/05/25;0700 UTC;,8;991,8;991,9;991,3;;20,3;;20,5;20;;;;;;334;3,9;,6;
2026/05/25;0800 UTC;,4;992;992;991,8;;20;;20,4;20;;;;;;240;2;,7;
2026/05/25;0900 UTC;0;992,7;992,7;992;8;19,8;;20,1;19,7;;;;;;229;2,3;1,6;
2026/05/25;1000 UTC;0;993,3;993,3;992,7;115,7;20,8;;20,8;19,6;;;;;;235;2,4;1,3;
2026/05/25;1100 UTC;0;993,8;993,8;993,3;973;23,3;23,2;23,3;20,8;;;;;100;206;3,3;2;
2026/05/25;1200 UTC;0;993,8;994;993,7;1942,3;25,7;18;25,7;23,2;22,9;17,3;99;61;62;118;3,4;2;
2026/05/25;1300 UTC;0;993,6;993,8;993,6;2071,8;26,9;17,1;27,2;25,7;18,8;16,5;63;54;55;148;6,9;3,7;
2026/05/25;1400 UTC;0;993,1;993,6;993,1;1540,5;27;17;27,8;26,5;17,1;15;55;47;55;118;6,9;2,1;
2026/05/25;1500 UTC;0;992,4;993,1;992,4;1234,4;27,5;15,6;27,8;26,2;17,9;15,6;60;48;48;123;6,4;2,9;
2026/05/25;1600 UTC;0;992;992,5;992;1076,6;26,8;18,6;27,6;25,3;18,9;14,9;62;47;61;53;7,6;4,1;
2026/05/25;1700 UTC;0;991,4;992;991,4;1619,5;26,8;17,3;27,5;26,3;19,2;17,2;63;56;56;99;7,2;1,9;
2026/05/25;1800 UTC;0;991,6;991,6;991,3;715,2;24,4;19,3;27,2;24;20,2;17,2;78;55;73;80;8,1;4,1;
2026/05/25;1900 UTC;0;991,9;991,9;991,6;429,7;23,8;19,1;24,4;23,5;19,8;19;79;73;75;102;7,7;2,4;
2026/05/25;2000 UTC;0;992,3;992,4;991,8;144,9;23,5;19,3;24,6;23,5;19,3;17,9;77;67;77;101;5,8;2,3;
2026/05/25;2100 UTC;0;992,8;992,8;992,3;,1;23,1;;23,5;23;;;;;;79;5,8;1,3;
2026/05/25;2200 UTC;0;993,3;993,3;992,7;;23,7;21,7;23,7;23,1;;;;;89;132;5,6;2,9;
2026/05/25;2300 UTC;,2;993,8;993,8;993,3;;22,3;;23,7;22,2;;;;;;145;5,6;2,1;
2026/05/26;0000 UTC;0;994;994;993,8;;22,1;;22,3;22,1;;;;;;154;3,4;1,6;
2026/05/26;0100 UTC;0;994,1;994,1;994;;21,9;;22,1;21,9;;;;;;174;4;1,5;
2026/05/26;0200 UTC;0;993,9;994,1;993,9;;22;;22,1;21,9;;;;;;185;2,8;1,8;
2026/05/26;0300 UTC;0;993,6;993,9;993,6;;21,7;;22;21,7;;;;;;178;3,4;2;
2026/05/26;0400 UTC;0;993;993,6;993;;21,4;;21,8;21,4;;;;;;189;3,4;2,2;
2026/05/26;0500 UTC;0;992,9;993,1;992,8;;21,3;;21,4;21,2;;;;;;192;3,1;1,9;
2026/05/26;0600 UTC;;;;;;;;;;;;;;;;;;
2026/05/26;0700 UTC;;;;;;;;;;;;;;;;;;
2026/05/26;0800 UTC;;;;;;;;;;;;;;;;;;
2026/05/26;0900 UTC;0;993,1;;;7,1;21;;;;;;;;;208;;1,7;
2026/05/26;1000 UTC;0;993,9;993,9;993,1;189,4;22;;22;20,9;;;;;;203;2,5;1,4;
2026/05/26;1100 UTC;0;994,5;994,5;993,9;908,5;23,4;;23,4;21,9;;;;;;195;4,2;2,2;
2026/05/26;1200 UTC;0;994,6;994,7;994,5;1353;25,4;23,5;25,4;23,3;;;;;90;158;5,2;2,6;
2026/05/26;1300 UTC;0;994,3;994,6;994,3;1473,3;26,7;21,2;26,7;25,2;23,8;20,1;91;70;72;133;7,1;2,7;
2026/05/26;1400 UTC;0;993,7;994,3;993,7;1394,2;27,2;18,4;28,1;26,3;21,4;18,3;72;57;59;155;6,9;4;
2026/05/26;1500 UTC;0;992,9;993,7;992,9;1428,7;26,8;18,3;28;26,3;20,8;18,2;68;57;60;138;8,5;4,4;
2026/05/26;1600 UTC;0;992,2;992,9;992,1;2296,6;27,7;17,8;29;26,8;18,5;16,7;60;50;55;128;9;5,3;
2026/05/26;1700 UTC;0;991,5;992,2;991,5;1955,3;27,8;16,7;28,5;27,3;18,6;16,1;56;49;51;135;8,7;4,5;
2026/05/26;1800 UTC;0;991,4;991,5;991,4;1934,6;27,9;17,5;28,3;27,4;18,4;16,6;56;50;53;128;9,9;5,4;
2026/05/26;1900 UTC;0;991,5;991,5;991,4;646,8;27,2;17,3;28;27,1;17,7;16,3;55;50;55;133;9,3;4,3;
2026/05/26;2000 UTC;0;991,9;991,9;991,5;174,8;25,6;18,3;27,2;25,6;18,5;17;64;54;64;113;8,4;3;
2026/05/26;2100 UTC;0;992,3;992,3;991,9;2,4;24,5;18,9;25,6;24,5;18,9;18,3;71;64;71;121;6,4;3,4;
2026/05/26;2200 UTC;0;992,8;992,9;992,3;;23,5;19,9;24,5;23,4;19,9;18,9;80;71;80;156;6,2;1,4;
2026/05/26;2300 UTC;;;;;;;;;;;;;;;;;;
2026/05/27;0000 UTC;;;;;;;;;;;;;;;;;;
2026/05/27;0100 UTC;;;;;;;;;;;;;;;;;;
2026/05/27;0200 UTC;;;;;;;;;;;;;;;;;;
2026/05/27;0300 UTC;;;;;;;;;;;;;;;;;;
2026/05/27;0400 UTC;;;;;;;;;;;;;;;;;;
2026/05/27;0500 UTC;;;;;;;;;;;;;;;;;;
2026/05/27;0600 UTC;;;;;;;;;;;;;;;;;;
2026/05/27;0700 UTC;;;;;;;;;;;;;;;;;;
2026/05/27;0800 UTC;;;;;;;;;;;;;;;;;;
2026/05/27;0900 UTC;0;992,4;;;7,1;21;;;;;;;;;251;;,5;
2026/05/27;1000 UTC;,2;993,1;993,1;992,4;278;22,1;;22,1;21;;;;;;236;1,6;1;
2026/05/27;1100 UTC;0;993,7;993,7;993,1;991,2;22,8;;23,1;22;;;;;;157;3,2;1,6;
2026/05/27;1200 UTC;0;993,6;993,8;993,6;1705,8;26,2;19;26,4;22,8;;;;;65;100;6,9;2,9;
2026/05/27;1300 UTC;0;993,4;993,7;993,4;1893,8;25,9;18,2;27,3;25,7;19,5;17,7;67;57;62;116;7,3;3,8;
2026/05/27;1400 UTC;0;992,8;993,4;992,8;2680,5;28,2;15,8;28,2;25,7;19;15,1;63;47;47;127;7,3;3,9;
2026/05/27;1500 UTC;0;991,9;992,8;991,9;2734,6;28,3;14,5;28,5;27,6;16;14,5;48;42;43;130;8,5;3,5;
2026/05/27;1600 UTC;0;991,2;991,9;991,2;2967;28,9;13,9;29,1;28,2;14,9;12,9;43;37;40;141;7,6;3,7;
2026/05/27;1700 UTC;0;990,2;991,2;990,2;2328;29;14,8;29,1;27,8;15,2;12,9;44;38;42;139;7,6;3,4;
2026/05/27;1800 UTC;0;989,9;990,2;989,9;1571,3;28,2;14,5;29;27,4;16,4;14,1;48;41;43;136;8,2;3,4;
2026/05/27;1900 UTC;0;990;990,1;989,8;554,2;27,2;14,2;28,3;27,2;14,8;13,8;45;42;45;100;6,7;2,8;
2026/05/27;2000 UTC;0;990,5;990,5;990;129,1;26;14;27,5;26;14,6;13,3;48;43;48;102;5,4;1,7;
2026/05/27;2100 UTC;0;990,8;990,8;990,4;2,6;24,4;16,3;26;24,4;16,3;14,1;61;48;61;111;4,8;1,9;
2026/05/27;2200 UTC;0;991,3;991,3;990,8;;23,9;16,4;24,4;23,9;16,5;16,3;63;61;63;122;5,8;2,5;
2026/05/27;2300 UTC;0;991,9;991,9;991,3;;23,4;17,1;23,9;23,4;17,1;16,4;68;63;68;125;4,9;2,3;
2026/05/28;0000 UTC;0;992,7;992,8;991,9;;23;17,3;23,4;23;17,4;17,1;70;68;70;130;3,7;1,7;
2026/05/28;0100 UTC;0;992,7;992,8;992,6;;23,1;16,4;23,3;23;17,4;16,4;70;66;66;103;4;1,4;
2026/05/28;0200 UTC;0;992,6;992,7;992,5;;22,1;16,7;23,2;21,7;16,7;16;72;65;71;94;3,3;,9;
2026/05/28;0300 UTC;0;992,4;992,6;992,4;;20,5;19,3;22,3;20,5;19,3;16,2;93;70;93;211;2,3;1,1;
2026/05/28;0400 UTC;0;991,8;992,4;991,8;;20,3;;20,5;20,3;;;;;;220;1,9;1,2;
2026/05/28;0500 UTC;0;991,4;991,8;991,4;;19,8;;20,4;19,8;;;;;;220;2,2;1,5;
2026/05/28;0600 UTC;0;991,1;991,5;991,1;;19,3;;19,8;19,3;;;;;;237;2,2;1;
2026/05/28;0700 UTC;0;991;991,1;990,9;;19,1;;19,6;18,9;;;;;;301;1,5;,7;
2026/05/28;0800 UTC;0;991,3;991,3;991;;19,2;;19,2;19;;;;;;227;2,1;1,5;
2026/05/28;0900 UTC;0;991,6;991,6;991,2;5,7;19,1;;19,4;19,1;;;;;;218;2,2;1,3;
2026/05/28;1000 UTC;0;992,3;992,3;991,6;105,9;20,1;;20,1;19,1;;;;;;227;1,9;,9;
2026/05/28;1100 UTC;0;993,2;993,2;992,3;737,3;23;;23;20,1;;;;;;232;2;1;
2026/05/28;1200 UTC;0;993,5;993,6;993,2;1928,3;25,5;18,4;25,5;22,9;22,6;18,1;99;64;65;165;5;2,9;
2026/05/28;1300 UTC;0;993,3;993,5;993,3;2468,3;27,5;16,1;27,5;25,5;18,3;14,2;65;45;50;175;6,3;2,8;
2026/05/28;1400 UTC;0;992,5;993,3;992,5;2788,4;27,8;15,2;28,7;27,1;16,3;11,9;50;36;46;157;7,1;3,2;
2026/05/28;1500 UTC;0;991,7;992,5;991,7;2438,8;28,7;15,3;28,7;27,5;15,4;12,4;46;39;44;135;6,9;2,8;
2026/05/28;1600 UTC;0;991;991,7;991;2411,3;28,5;12,9;29,5;28;14,5;8,5;44;27;38;132;6,9;2,9;
2026/05/28;1700 UTC;0;990,5;991;990,5;2638,2;28,7;12,6;29,5;28,4;14,3;11,4;41;34;37;144;7;3,5;
2026/05/28;1800 UTC;0;990,2;990,5;990,2;1637,2;28,2;14,9;28,8;27,7;14,9;12,4;45;37;44;150;6,7;3,1;
2026/05/28;1900 UTC;0;990,1;990,3;990,1;733,6;27,2;15,7;28,4;27,1;15,8;14,1;50;41;50;137;6,8;3,8;
2026/05/28;2000 UTC;0;990,5;990,5;990,1;145,3;25,4;16,3;27,3;25,4;16,3;15,3;57;49;57;127;7,7;2,9;
2026/05/28;2100 UTC;0;990,9;990,9;990,4;12,3;24,5;16,8;25,4;24,5;16,9;16,3;62;57;62;117;5,8;2,8;
2026/05/28;2200 UTC;0;991,7;991,7;990,9;;23,5;17,6;24,6;23,5;17,6;16,8;69;62;69;135;5,4;2,7;
2026/05/28;2300 UTC;0;992,4;992,4;991,7;;23,2;18,5;23,6;23,2;18,5;17,7;75;69;75;146;4,6;1,6;
2026/05/29;0000 UTC;0;992,8;992,8;992,4;;22,9;18,8;23,2;22,9;18,9;18,5;78;75;78;155;3,2;1,1;
2026/05/29;0100 UTC;,2;993,1;993,2;992,8;;22;21,9;22,9;22;21,9;18,6;99;78;99;143;8,8;4,1;
2026/05/29;0200 UTC;0;993;993,1;992,9;;21,6;;22;21,5;;;;;;187;7;2,2;
2026/05/29;0300 UTC;,4;992,8;993,1;992,8;;21,5;;21,6;21,5;;;;;;199;3,6;1,9;
2026/05/29;0400 UTC;,2;992,5;992,8;992,4;;21,5;;21,5;21,3;;;;;;163;3,3;1,1;
2026/05/29;0500 UTC;1,6;991,9;992,5;991,9;;21,2;;21,5;21,1;;;;;;180;6,5;1,7;
2026/05/29;0600 UTC;1;991,6;992;991,6;;21,1;;21,3;21;;;;;;159;4,8;2,2;
2026/05/29;0700 UTC;,2;991,7;991,7;991,5;;21,3;;21,6;21;;;;;;204;4,8;1,3;
2026/05/29;0800 UTC;,2;992;992,1;991,7;;21;;21,3;21;;;;;;190;2,2;1,3;
2026/05/29;0900 UTC;,8;992,6;992,7;992;6,7;21,1;;21,1;20,8;;;;;;203;3,7;1,7;
2026/05/29;1000 UTC;0;992,9;992,9;992,5;210,1;21,7;;21,8;21,1;;;;;;218;3,1;1,7;
2026/05/29;1100 UTC;0;993,7;993,7;992,9;585,1;22,8;;22,9;21,6;;;;;;160;2,9;1,3;
2026/05/29;1200 UTC;0;993,8;993,9;993,7;1710,1;26,2;20,6;26,5;22,8;;;;;72;129;5,4;2;
2026/05/29;1300 UTC;0;993,7;993,8;993,6;2288,3;27;17,7;27,7;25,8;21,5;17,7;77;57;57;115;6;2,9;
2026/05/29;1400 UTC;0;993,1;993,8;993,1;2323,7;28,3;17,8;28,3;26,6;18,6;16,6;59;51;53;109;8,5;3,5;
2026/05/29;1500 UTC;0;992,3;993,1;992,3;2696,5;28,2;16,8;28,6;27,8;17,9;16,3;54;48;50;123;8,5;3,3;
2026/05/29;1600 UTC;0;991,5;992,3;991,5;2699,9;28,7;15,8;29,5;27,9;17,3;15,8;51;45;45;102;7,5;3,1;
2026/05/29;1700 UTC;0;990,8;991,5;990,8;2147,3;28,7;16,1;29;27,8;16,8;15,6;49;45;46;129;7,9;3,9;
2026/05/29;1800 UTC;0;990,7;990,8;990,6;1846,5;28,3;14,8;28,8;27,9;16,6;14,8;49;43;44;113;7,8;3,5;
2026/05/29;1900 UTC;0;991;991;990,7;629,4;27,5;15,8;28,3;27,5;15,9;14,8;49;44;49;110;8,2;3;
2026/05/29;2000 UTC;0;991,5;991,5;991;139,6;25,9;16,6;27,7;25,9;16,6;15,6;57;48;57;109;6,4;2,6;
2026/05/29;2100 UTC;0;992;992;991,5;2,1;24,6;17,6;25,9;24,6;17,6;16,7;65;57;65;125;5,4;2,8;
2026/05/29;2200 UTC;0;992,7;992,7;992;;24;18;24,6;23,9;18;17,6;69;65;69;122;5,2;2,1;
2026/05/29;2300 UTC;0;993,2;993,2;992,7;;23,8;17,7;24;23,7;18;17,7;70;69;69;108;4,9;2,3;
2026/05/30;0000 UTC;0;993,7;993,7;993,2;;23,6;17,8;23,8;23,6;17,8;17,6;70;69;70;101;5,1;1,5;
2026/05/30;0100 UTC;0;993,8;993,9;993,7;;23,6;18,1;23,8;23,6;18,1;17,8;71;69;71;116;4,7;2;
2026/05/30;0200 UTC;0;993,5;993,8;993,5;;22,7;18;23,6;22,7;18,3;18;75;71;75;146;3,9;1,4;
2026/05/30;0300 UTC;0;993,1;993,5;993,1;;22;20,8;22,7;21,5;20,8;17,8;94;75;93;138;2,7;1,4;
2026/05/30;0400 UTC;0;992,5;993,1;992,5;;21,5;18,1;22,5;21,5;20,8;18;93;78;81;161;2,8;,6;
2026/05/30;0500 UTC;0;992,2;992,5;992,1;;20,7;;21,5;20,7;;;;;;237;1,6;1,2;
2026/05/30;0600 UTC;0;991,7;992,2;991,7;;20,5;;20,7;20,4;;;;;;223;2;1,4;
2026/05/30;0700 UTC;0;991,7;991,8;991,6;;20,5;;20,6;20,4;;;;;;220;2,1;1,1;
2026/05/30;0800 UTC;0;991,9;992;991,7;;20,1;;20,5;20,1;;;;;;252;1,6;,5;
2026/05/30;0900 UTC;0;992,6;992,6;991,9;7,5;19,7;;20,2;19,5;;;;;;292;1,6;,7;
2026/05/30;1000 UTC;0;993,3;993,3;992,6;114,8;21,1;;21,1;19,7;;;;;;237;1,8;1,3;
2026/05/30;1100 UTC;0;993,9;993,9;993,3;457,2;23,9;;23,9;21,1;;;;;;169;2;,9;
2026/05/30;1200 UTC;0;994;994,1;993,8;1650,1;25,7;19,2;26,2;23,9;24,4;19,1;100;66;67;124;7,2;3,4;
2026/05/30;1300 UTC;0;993,9;994,1;993,8;1742,4;26,5;18,1;27,7;25,7;19,6;17,5;68;55;60;108;7,4;3,1;
2026/05/30;1400 UTC;0;993,7;994,2;993,7;1190,2;26,3;18,9;27,3;26;18,9;17,7;64;58;64;98;8,4;3;
2026/05/30;1500 UTC;0;992,8;993,7;992,8;1944,7;27,5;16,7;28,3;26,3;19,4;16,5;64;51;52;93;7,7;3,1;
2026/05/30;1600 UTC;0;992,2;992,8;992,2;1976,9;28,4;15,5;29,1;27,5;17,2;15,3;53;44;45;109;8,2;2,6;
2026/05/30;1700 UTC;0;991,7;992,2;991,7;1789,4;28,2;16,7;28,9;27,9;17,6;15,4;52;44;50;103;7,5;2,9;
2026/05/30;1800 UTC;0;991,4;991,7;991,4;1621,3;27,9;16,2;29,1;27,6;17,3;15,1;51;45;49;107;7,8;3,6;
2026/05/30;1900 UTC;0;991,9;991,9;991,5;657,4;27,2;15,5;28,2;27,1;16,4;14,8;52;45;49;109;7,4;2,8;
2026/05/30;2000 UTC;0;992,6;992,6;991,9;155,1;25,8;16,9;27,3;25,8;16,9;15,4;58;48;58;105;6,7;2;
2026/05/30;2100 UTC;0;992,9;992,9;992,6;1;24,9;17,7;25,8;24,9;17,7;16,9;64;58;64;115;4,9;2;
2026/05/30;2200 UTC;0;993,7;993,7;992,9;;23,6;18,9;25;23,6;18,9;17,8;75;64;75;147;5,5;3;
2026/05/30;2300 UTC;0;994,1;994,1;993,6;;23,4;20,4;23,6;23,3;21;18,9;86;75;83;148;5,2;1,3;
2026/05/31;0000 UTC;,2;994,7;994,7;994;;22,6;;23,4;22,6;;;;;;151;5,8;2,7;
2026/05/31;0100 UTC;0;994,1;994,7;994,1;;22,1;;22,6;22,1;;;;;;184;5,2;1,9;
2026/05/31;0200 UTC;0;993,9;994,4;993,9;;21,8;;22,1;21,8;;;;;;197;2,8;1,5;
2026/05/31;0300 UTC;0;993,8;994;993,8;;21,5;;21,8;21,5;;;;;;194;2,7;1,7;
2026/05/31;0400 UTC;0;993,3;993,8;993,3;;21,3;;21,5;21,3;;;;;;205;2,7;1,6;
2026/05/31;0500 UTC;0;992,6;993,3;992,5;;21,1;;21,3;21,1;;;;;;200;3,6;1,9;
2026/05/31;0600 UTC;0;992,2;992,8;992;;21,1;;21,1;21;;;;;;197;4;2,5;
2026/05/31;0700 UTC;0;991,9;992,3;991,8;;21,3;;21,3;21,1;;;;;;205;3,9;1,5;
2026/05/31;0800 UTC;0;992,3;992,4;991,9;;21,2;;21,3;21,1;;;;;;321;2,5;,5;
2026/05/31;0900 UTC;3;992,7;992,7;992,3;15,9;21,6;;21,6;21,2;;;;;;262;2,5;,6;
2026/05/31;1000 UTC;,2;993,4;993,4;992,5;278,5;21,7;;21,9;21,5;;;;;;216;3,8;2,4;
2026/05/31;1100 UTC;0;994;994;993,4;538,3;22,6;;22,7;21,6;;;;;;211;4;2,2;
2026/05/31;1200 UTC;0;994,1;994,1;993,9;1378,3;24,2;;24,4;22,6;;;;;;198;4,6;2,6;
2026/05/31;1300 UTC;0;994;994,2;993,8;1506,6;25,4;22,7;25,8;24,2;24,9;20,9;100;77;85;185;4,5;2,7;
2026/05/31;1400 UTC;0;993,2;994,1;993,2;1858,8;26,2;21,1;26,6;24,6;24,6;20,8;95;71;74;193;5;3,3;
2026/05/31;1500 UTC;,6;992,5;993,2;992,5;1218,8;24,1;23,6;26,9;23,9;23,6;20,4;97;69;97;96;7,6;1,9;
2026/05/31;1600 UTC;0;991,4;992,5;991,4;1579,9;25,4;22,5;26;23,7;25;21,8;100;78;84;157;6,2;2,7;
2026/05/31;1700 UTC;0;990,4;991,4;990,3;1731,2;25,9;21,2;26;24,8;23,8;20,7;91;75;75;170;6,2;3;
2026/05/31;1800 UTC;0;990,4;990,5;990,2;1151,5;24,6;21,6;26,9;24,6;22,7;19,5;84;69;84;130;7,2;4,4;
2026/05/31;1900 UTC;0;990,3;990,4;990,2;702,6;24,8;23;25,8;24,6;23,3;20;90;71;90;156;7;2,6;
2026/05/31;2000 UTC;0;991,1;991,1;990,3;168,3;24,1;22,5;24,8;24,1;23,1;21,9;91;86;91;157;5,4;2,9;
2026/05/31;2100 UTC;0;991,5;991,5;991,1;,9;22,7;22,7;24,1;22,7;23,1;22,3;100;90;100;167;6,1;3,1;
2026/05/31;2200 UTC;0;992;992;991,5;;22,5;;22,7;22,3;;;;;;153;5,3;2,5;
2026/05/31;2300 UTC;0;992,6;992,6;992;;22,3;;22,8;22,3;;;;;;191;4,4;2,1;
2026/06/01;0000 UTC;0;992,5;993;992,5;;21,5;;22,3;21,5;;;;;;185;3,4;2,4;
2026/06/01;0100 UTC;0;992,4;992,5;991,9;;21,8;;21,8;21,6;;;;;;174;;1,4;
2026/06/01;0200 UTC;0;992,5;992,7;992,4;;21,5;;21,8;21,4;;;;;;208;3,1;2;
2026/06/01;0300 UTC;,2;992,4;992,6;992,4;;21,8;;21,8;21,5;;;;;;206;4;2,4;
2026/06/01;0400 UTC;0;992,1;992,4;992,1;;21,8;;21,9;21,8;;;;;;212;4,4;2,2;
2026/06/01;0500 UTC;0;991,8;992,1;991,8;;21,7;;21,8;21,7;;;;;;217;3,7;2;
2026/06/01;0600 UTC;0;991,5;991,8;991,5;;21,7;;21,8;21,7;;;;;;199;3,9;2,2;
2026/06/01;0700 UTC;,2;991,5;991,6;991,4;;21,6;;21,7;21,5;;;;;;199;3,7;2;
2026/06/01;0800 UTC;0;991,9;991,9;991,5;;21,6;;21,6;21,5;;;;;;192;3,6;2,3;
2026/06/01;0900 UTC;0;992,1;992,3;991,9;7,8;21,4;;21,6;21,4;;;;;;184;3,5;1,9;
2026/06/01;1000 UTC;0;992,8;992,8;992,1;260,4;21,9;;21,9;21,4;;;;;;215;3,3;2;
2026/06/01;1100 UTC;0;993,5;993,5;992,9;618,3;22,5;;22,6;21,9;;;;;;221;3,3;1,2;
2026/06/01;1200 UTC;0;993,6;993,7;993,5;1730,1;26,8;19,1;27,5;22,5;;;;;63;54;4,4;2,1;
2026/06/01;1300 UTC;0;993,4;993,7;993,4;1781,8;26,6;19,9;27,1;26,1;21;19;71;63;67;97;4,4;1,5;
2026/06/01;1400 UTC;0;992,8;993,4;992,8;2252,9;27,7;17,4;28,2;26,4;20,2;17,4;68;53;53;117;5,2;2,1;
2026/06/01;1500 UTC;0;992,3;992,8;992,2;2087,6;27,4;19,9;29,8;27;19,9;16,7;64;47;63;52;6,4;3;
2026/06/01;1600 UTC;4,4;991,8;992,3;991,8;1099,2;23,6;;29,1;23,5;23,5;18,9;100;58;;75;7,1;3,8;
2026/06/01;1700 UTC;,2;991,1;991,8;991,1;1227,2;25,6;20,6;25,7;23,6;;;;;74;129;6,9;2,7;
2026/06/01;1800 UTC;0;991;991,2;991;650,4;24,3;21,3;25,7;24,1;22,7;20,9;91;74;83;182;6,2;2,2;
2026/06/01;1900 UTC;0;991,4;991,4;991;548,1;24;22,9;24,6;23,8;23,4;21;95;82;94;199;4,5;2,4;
2026/06/01;2000 UTC;0;991,8;991,8;991,2;178,9;23,6;23,6;24;23,6;23,6;22,6;100;93;100;187;4,1;1,5;
2026/06/01;2100 UTC;0;992;992;991,7;1,2;23,5;;23,6;23,5;;;;;;158;3,2;1,1;
2026/06/01;2200 UTC;0;992,5;992,5;992;;23,8;;23,8;23,5;;;;;;127;3,5;2,1;
2026/06/01;2300 UTC;0;993;993;992,5;;23,4;;23,8;23,3;;;;;;141;3,5;1,2;
2026/06/02;0000 UTC;0;993,6;993,6;993;;23;;23,4;23;;;;;;163;2,6;1,4;
2026/06/02;0100 UTC;0;993,8;994;993,6;;22,9;;23;22,8;;;;;;179;2,5;1,1;
2026/06/02;0200 UTC;0;993,6;993,9;993,6;;22,6;;22,9;22,5;;;;;;169;2,3;1,4;
2026/06/02;0300 UTC;0;993,6;993,7;993,6;;22,2;;22,6;22,2;;;;;;178;2,3;1,3;
2026/06/02;0400 UTC;0;993;993,6;993;;22,1;;22,2;22,1;;;;;;172;2,5;1,5;
2026/06/02;0500 UTC;0;992,9;993,1;992,9;;22,1;;22,2;22,1;;;;;;181;2,5;1,4;
2026/06/02;0600 UTC;0;992,3;992,9;992,3;;22;;22,1;21,9;;;;;;200;2,1;1,1;
2026/06/02;0700 UTC;0;992,2;992,3;992,1;;21,6;;22;21,6;;;;;;237;1,8;,6;
2026/06/02;0800 UTC;0;992,4;992,4;992,1;;21,6;;21,7;21,6;;;;;;222;2;1,2;
2026/06/02;0900 UTC;0;992,8;992,8;992,3;6,9;21,2;;21,6;21,2;;;;;;253;2;,6;
2026/06/02;1000 UTC;0;993,5;993,5;992,8;200;21,9;;21,9;21,2;;;;;;277;1,6;,5;
2026/06/02;1100 UTC;0;994,2;994,2;993,5;639,3;22,7;;22,7;21,8;;;;;;207;3,2;1,6;
2026/06/02;1200 UTC;0;994,6;994,7;994,2;1543,6;25,7;24,2;25,7;22,3;;;;;92;84;3,2;1,2;
2026/06/02;1300 UTC;0;994,5;994,7;994,5;1734,9;26,1;19,3;27,2;25,7;23,6;19,3;91;66;66;140;4,1;2,1;
2026/06/02;1400 UTC;0;994;994,6;994;2497,8;28;17,6;28,2;25,8;19,9;16,6;68;51;53;133;5,1;2,2;
2026/06/02;1500 UTC;0;993,6;994,1;993,6;2705,5;28;15,3;29,4;28;17,5;15,3;53;45;46;147;4,8;2,5;
2026/06/02;1600 UTC;0;992,8;993,6;992,8;2153;28,5;16,1;29,8;27,8;17;15,1;49;43;47;129;5,6;2,4;
2026/06/02;1700 UTC;0;992,1;992,8;992,1;1937,9;28,6;17,2;29,8;28,1;18,2;15,8;51;46;50;102;7,1;3;
2026/06/02;1800 UTC;0;992,3;992,3;992;1840,5;28,9;17,4;29,3;28,3;17,8;16,4;52;46;50;68;7,6;4;
2026/06/02;1900 UTC;0;992,5;992,5;992,2;670,7;26,9;17,6;28,9;26,8;18,2;16,6;59;49;57;71;7,2;3,7;
2026/06/02;2000 UTC;0;992,7;992,7;992,5;150;25,3;17,6;27;25,3;17,7;17;63;56;63;90;7,4;2,5;
2026/06/02;2100 UTC;0;993,3;993,3;992,7;3,3;24,1;18,6;25,3;24,1;18,6;17,6;71;63;71;92;5,7;1,8;
2026/06/02;2200 UTC;0;993,8;993,8;993,3;;23,6;18,6;24,1;23,6;18,7;18,5;74;71;74;72;4,5;2,4;
2026/06/02;2300 UTC;0;994,1;994,1;993,8;;23;18,9;23,6;22,7;19,1;18,6;79;74;78;80;4,3;1,9;
2026/06/03;0000 UTC;0;994,7;994,7;994,1;;23,1;18,7;23,2;23;18,9;18,5;78;76;76;99;3,9;1;
2026/06/03;0100 UTC;0;995;995;994,7;;22,7;18,7;23,1;22,6;18,8;18,4;78;76;78;97;3,2;,9;
2026/06/03;0200 UTC;0;995;995;994,9;;21,9;;22,7;21,7;21,8;18,5;100;78;;54;2,4;1;
2026/06/03;0300 UTC;0;994,8;995;994,8;;21,5;;22;21,5;;;;;;109;1,8;,5;
2026/06/03;0400 UTC;0;994,2;994,8;994,2;;21,5;;21,6;21;;;;;;129;1,9;,9;
2026/06/03;0500 UTC;;;;;;;;;;;;;;;;;;
2026/06/03;0600 UTC;0;993,7;993,9;993,7;;20,5;;20,6;20,4;;;;;;191;2;1,2;
2026/06/03;0700 UTC;0;993,7;993,8;993,7;;20,4;;20,7;20,4;;;;;;207;1,9;1,1;
2026/06/03;0800 UTC;0;994,1;994,1;993,6;;19,5;;20,4;19,5;;;;;;17;1,8;1,1;
2026/06/03;0900 UTC;0;994,6;994,6;994,1;4,3;19,5;;19,7;19,4;;;;;;255;1,7;,9;
2026/06/03;1000 UTC;0;995,1;995,1;994,6;92,2;20,1;;20,1;19,5;;;;;;228;1,9;1,1;
2026/06/03;1100 UTC;0;995,7;995,7;995,1;247,6;22,5;;22,6;20,1;;;;;;225;2,4;1,3;
2026/06/03;1200 UTC;0;996;996,1;995,7;1771,2;26,1;23,9;26,1;22,5;;;;;87;204;3,3;1,1;
2026/06/03;1300 UTC;0;995,9;996,1;995,9;1678,4;26,6;20,6;26,7;25,8;22,9;19,9;87;68;70;178;5,1;2,8;
2026/06/03;1400 UTC;0;995,7;996,1;995,7;1403,9;25,4;20,9;27,3;24,6;22;18,8;84;62;76;115;10,2;1,9;
2026/06/03;1500 UTC;0;994,9;995,7;994,9;2009,8;27,1;19,4;27,9;25,4;20,5;19;76;61;63;130;7,2;3,7;
2026/06/03;1600 UTC;0;994,1;994,9;994,1;1533;27,2;17,8;27,3;26,5;19,9;17,3;66;55;57;125;7,9;4,2;
2026/06/03;1700 UTC;0;993,5;994,1;993,5;1490,1;26,8;19,2;28,7;26,1;19,5;17,8;67;54;63;149;8;3,2;
2026/06/03;1800 UTC;0;993,3;993,5;993,2;1430,6;26,4;19,5;27,8;26,2;20;18,5;67;60;66;154;7,6;3,4;
2026/06/03;1900 UTC;0;993,4;993,5;993,3;749;26,5;19,1;26,8;26,3;19,8;18,7;66;62;64;142;7,5;3,8;
2026/06/03;2000 UTC;0;993,9;993,9;993,4;263,1;25,5;18,3;26,6;25,5;19,2;17,9;65;60;64;123;6,8;3,4;
2026/06/03;2100 UTC;0;994,2;994,2;993,9;2;24,6;18,7;25,5;24,6;18,7;18,3;70;64;70;125;6,6;2,4;
2026/06/03;2200 UTC;0;994,6;994,6;994,2;;24,1;18,9;24,6;24,1;18,9;18,6;73;70;73;120;5;2,4;
2026/06/03;2300 UTC;0;994,9;994,9;994,6;;23,8;19,3;24,1;23,8;20,2;18,9;80;73;76;131;5,3;2;
2026/06/04;0000 UTC;0;995,5;995,5;994,9;;22,5;19,9;23,8;22,5;19,9;18,8;86;75;86;192;3,8;1,2;
2026/06/04;0100 UTC;0;995,5;995,6;995,5;;22,3;;22,6;22,2;;;;;;175;2,5;1,3;
2026/06/04;0200 UTC;0;995,4;995,5;995,4;;21,7;;22,3;21,7;;;;;;182;2,1;1,3;
2026/06/04;0300 UTC;0;995,5;995,5;995,3;;21,4;;21,7;21,3;;;;;;184;2,7;1,6;
2026/06/04;0400 UTC;0;995,2;995,5;995,2;;20,9;;21,4;20,9;;;;;;195;3;1,7;
2026/06/04;0500 UTC;0;994,7;995,2;994,7;;20,8;;21;20,8;;;;;;192;2,8;2;
2026/06/04;0600 UTC;0;994,3;994,7;994,3;;20,8;;20,8;20,7;;;;;;184;2,9;1,4;
2026/06/04;0700 UTC;0;994,4;994,4;994,2;;21;;21;20,8;;;;;;208;2,6;1,5;
2026/06/04;0800 UTC;0;994,5;994,6;994,3;;20,9;;21;20,9;;;;;;210;3,1;2;
2026/06/04;0900 UTC;0;994,9;995;994,5;5,6;20,9;;20,9;20,8;;;;;;207;3,7;2,2;
2026/06/04;1000 UTC;0;995,4;995,4;994,9;239,9;22;;22;20,8;;;;;;197;5,4;3;
2026/06/04;1100 UTC;0;995,9;996;995,4;602,6;23,8;;23,8;21,9;;;;;;184;6,6;3;
2026/06/04;1200 UTC;0;996,2;996,2;995,9;1216,8;24;24;24,8;23,6;;;;;100;178;6,8;4,1;
2026/06/04;1300 UTC;,2;996,4;996,5;996,2;907;23,1;;24;23,1;;;;;;164;9;2,1;
2026/06/04;1400 UTC;,4;995,9;996,5;995,9;1092,2;23,9;;24,3;22,8;;;;;;158;7,2;3,5;
2026/06/04;1500 UTC;,2;995;995,9;995;1943,2;26,1;19,6;26,1;23,9;;;;;68;152;7,5;4;
2026/06/04;1600 UTC;0;993,9;995;993,9;2235,4;27;18;27;25,9;20,6;18;71;58;58;136;8,2;4,7;
2026/06/04;1700 UTC;0;993,3;993,9;993,3;1608,1;27,2;17,7;27,4;26,4;18,5;17,5;61;56;56;141;8,6;4,7;
2026/06/04;1800 UTC;,2;993,2;993,3;993,1;787,6;24,5;21,6;27,4;24,2;22;17,3;86;55;84;174;8,8;2,3;
2026/06/04;1900 UTC;,8;993,4;993,6;993,2;502,3;23,6;;25;22,7;;;;;;179;10,8;3,1;
2026/06/04;2000 UTC;0;993,8;993,8;993,3;240,8;23,6;21,6;24,2;23,6;;;;;89;160;8,4;4,7;
2026/06/04;2100 UTC;0;994,1;994,2;993,7;6,4;22,8;21,2;23,6;22,8;21,5;20,8;92;85;91;153;9,6;2,5;
2026/06/04;2200 UTC;0;994,3;994,3;993,9;;22;21,7;22,8;22;21,7;20,9;98;90;98;198;4,9;1,7;
2026/06/04;2300 UTC;,2;994,6;994,9;994,2;;21,8;21,5;22,3;21,8;;;;;98;127;6,2;2,4;
2026/06/05;0000 UTC;0;994,8;994,8;994,6;;22,1;21,4;22,1;21,8;21,5;20,6;98;93;96;141;6,2;1,2;
2026/06/05;0100 UTC;0;994,8;994,9;994,7;;21,6;;22,2;21,6;21,9;21,2;100;95;;223;2,5;1,6;
2026/06/05;0200 UTC;,2;994,4;994,9;994,3;;21,9;;22;21,6;;;;;;209;6,1;2,4;
2026/06/05;0300 UTC;0;994;994,4;994;;21,7;;21,9;21,7;;;;;;186;5,7;3,2;
2026/06/05;0400 UTC;0;993,8;994,1;993,7;;21,6;;21,7;21,6;;;;;;179;7,1;3,6;
2026/06/05;0500 UTC;0;993,2;993,8;993,2;;21,6;;21,7;21,3;;;;;;202;7,6;2,4;
2026/06/05;0600 UTC;0;992,6;993,2;992,5;;21,4;;21,7;21,3;;;;;;207;4,5;2,7;
2026/06/05;0700 UTC;,2;992,5;992,7;992,5;;21,4;;21,4;21,2;;;;;;197;6;3,3;
2026/06/05;0800 UTC;,2;993,1;993,1;992,5;;21,2;;21,4;21,2;;;;;;202;6,4;3,2;
2026/06/05;0900 UTC;0;993,3;993,3;993,1;4,3;20,8;;21,2;20,8;;;;;;200;5,2;2,8;
2026/06/05;1000 UTC;0;994;994;993,3;182,8;21,4;;21,4;20,8;;;;;;197;4,8;2,2;
2026/06/05;1100 UTC;0;994,7;994,7;994;583,9;22,7;;22,7;21,4;;;;;;208;6,2;3,1;
2026/06/05;1200 UTC;0;994,9;995;994,7;933,5;23,9;23,8;23,9;22,7;;;;;99;184;7,2;4,2;
2026/06/05;1300 UTC;0;994,5;994,9;994,5;1613,8;25,2;20,3;26;23,8;24;20,1;100;72;74;187;7,5;3,9;
2026/06/05;1400 UTC;2;994,4;994,8;994,4;874,9;23,4;;25,4;22,6;;;;;;174;10,4;4,5;
2026/06/05;1500 UTC;,4;993,9;994,6;993,9;1082,1;23,4;;23,5;22,8;;;;;;152;11;4,2;
2026/06/05;1600 UTC;,4;993,4;993,9;993,4;1284,7;22,6;;24,3;22,3;;;;;;152;10,6;5;
2026/06/05;1700 UTC;,4;992,9;993,5;992,9;993,8;22,1;;22,8;22,1;;;;;;147;11,2;6,1;
2026/06/05;1800 UTC;,2;992,8;993;992,6;912,2;22,2;;22,3;21,7;;;;;;170;12,6;5,4;
2026/06/05;1900 UTC;0;992,6;993,2;992,5;507,9;22,7;20,6;22,7;22,2;22,4;20,6;100;88;88;155;10,8;4,3;
2026/06/05;2000 UTC;0;992,9;992,9;992,5;215,2;22,6;21,9;22,8;22,6;22;20,1;96;85;96;179;8,4;2,9;
2026/06/05;2100 UTC;1,8;993,5;993,6;992,9;1,6;21,6;;22,7;21,5;;;;;;156;7,9;2,6;
2026/06/05;2200 UTC;,4;993,7;993,7;993,4;;21,4;;21,6;21,3;;;;;;193;6,6;3,2;
2026/06/05;2300 UTC;0;993,9;993,9;993,7;0;21,3;;21,4;21,2;;;;;;193;7;2,7;
2026/06/06;0000 UTC;,2;994,2;994,2;993,9;;21;;21,3;21;;;;;;202;6,7;2,3;
2026/06/06;0100 UTC;0;993,8;994,3;993,8;;20,6;;21;20,6;;;;;;197;5,3;3,2;
2026/06/06;0200 UTC;0;993,2;993,8;993,2;;20,5;;20,6;20,5;;;;;;202;5,4;2,9;
2026/06/06;0300 UTC;0;992,7;993,3;992,7;;20,5;;20,6;20,5;;;;;;193;5,1;2,5;
2026/06/06;0400 UTC;;;;;;;;;;;;;;;;;;
2026/06/06;0500 UTC;;;;;;;;;;;;;;;;;;
2026/06/06;0600 UTC;;;;;;;;;;;;;;;;;;
2026/06/06;0700 UTC;;;;;;;;;;;;;;;;;;
2026/06/06;0800 UTC;;;;;;;;;;;;;;;;;;
2026/06/06;0900 UTC;0;992,7;;;8,3;19,9;;;;;;;;;215;;1,4;
2026/06/06;1000 UTC;0;993;993;992,7;170,3;20,5;;20,5;19,8;;;;;;201;3;1,6;
2026/06/06;1100 UTC;0;993,4;993,4;993;453;22,7;21,1;22,7;20,5;;;;;91;196;4,6;2,7;
2026/06/06;1200 UTC;0;993,8;993,8;993,4;942,3;22,7;21;23,3;22,4;21,1;19,3;91;81;91;171;7,5;4,8;
2026/06/06;1300 UTC;,2;993,5;993,9;993,5;1272;24,1;20;24,1;22,1;23,6;20;100;78;78;147;7,5;2,7;
2026/06/06;1400 UTC;,8;992,9;993,5;992,9;1218,3;23,8;22,5;25,2;22,9;22,5;18,8;93;71;92;146;8,9;2;
2026/06/06;1500 UTC;0;992,3;992,9;992,3;1096,1;23,8;22,7;25,1;22,5;23,2;18,9;100;68;94;170;10,5;2,5;
2026/06/06;1600 UTC;0;991,5;992,3;991,5;970;25,2;18,4;25,2;22,3;22,7;16,9;93;65;66;140;9,7;2,9;
2026/06/06;1700 UTC;0;991,1;991,5;991,1;1286,3;24,8;17,7;25,9;23,9;18,8;16,6;67;57;65;124;10,2;2,7;
2026/06/06;1800 UTC;0;991,1;991,2;991,1;417,9;23,8;17,4;24,8;22,7;18;16,7;72;65;67;123;8,7;2,9;
2026/06/06;1900 UTC;0;991,4;991,4;991,1;481,7;24,4;17,1;24,4;23,8;17,8;17;67;63;64;144;6;3;
2026/06/06;2000 UTC;0;991,6;991,6;991,4;194,2;23,7;16,6;24,4;23,7;17,6;16,5;67;64;64;127;6;2,2;
2026/06/06;2100 UTC;0;992;992;991,6;5,5;23;16,9;23,7;23;16,9;16,5;69;64;69;145;4,2;1,3;
2026/06/06;2200 UTC;0;992,4;992,4;992;;22,5;17,2;23;22,5;17,2;16,9;72;69;72;147;2,5;1,2;
2026/06/06;2300 UTC;0;992,9;992,9;992,4;;22,3;17,2;22,5;22,3;17,4;17,2;74;72;73;159;3;1,7;
2026/06/07;0000 UTC;0;993,2;993,2;992,9;;21,7;17,2;22,3;21,7;17,2;17;76;73;76;174;2,9;1,1;
2026/06/07;0100 UTC;0;993,2;993,3;993,1;;21,6;17,8;21,7;21,6;17,8;17,2;79;76;79;182;2,3;1,1;
2026/06/07;0200 UTC;;;;;;;;;;;;;;;;;;
2026/06/07;0300 UTC;;;;;;;;;;;;;;;;;;
2026/06/07;0400 UTC;;;;;;;;;;;;;;;;;;
2026/06/07;0500 UTC;;;;;;;;;;;;;;;;;;
2026/06/07;0600 UTC;;;;;;;;;;;;;;;;;;
2026/06/07;0700 UTC;;;;;;;;;;;;;;;;;;
2026/06/07;0800 UTC;;;;;;;;;;;;;;;;;;
2026/06/07;0900 UTC;0;992,5;;;5,3;20,6;;;;;;;;;37;;,5;
2026/06/07;1000 UTC;0;993,1;993,1;992,5;183;21,2;;21,2;20,6;;;;;;195;2,4;1,4;
2026/06/07;1100 UTC;0;993,9;993,9;993,1;586,6;22,8;22,1;22,8;21,2;;;;;96;169;3,5;1,7;
2026/06/07;1200 UTC;0;994;994,1;993,9;1030,7;23,9;18,9;24,1;22,6;21,8;18,8;96;74;74;161;4,5;2,5;
2026/06/07;1300 UTC;0;993,8;994,1;993,8;1651,4;24,8;18,2;25;23,8;20;17,8;77;65;67;129;5,7;3,2;
2026/06/07;1400 UTC;0;993,5;993,8;993,5;1406,8;24,9;18,2;25,2;24,5;19,3;17,7;72;65;67;123;6,4;3,2;
2026/06/07;1500 UTC;0;992,6;993,5;992,6;1539,3;25,8;16,7;26,3;24,9;18,6;16,3;67;56;57;136;6,3;3,1;
2026/06/07;1600 UTC;0;992;992,6;991,9;1125,6;24,7;17,1;26,2;24,7;17,1;16,2;63;55;63;119;7,5;3,6;
2026/06/07;1700 UTC;0;991,5;992,1;991,5;1161,3;25,8;17,6;26,1;23,1;18,9;17;75;60;61;61;7,5;2,7;
2026/06/07;1800 UTC;0;991,5;991,6;991,5;563,4;23,9;18,9;26,2;23,5;19,1;17,4;74;58;74;182;5,5;2,3;
2026/06/07;1900 UTC;2;991,9;991,9;991,5;264,8;22,4;20,3;24;21,9;21,2;17,8;95;72;87;129;6,6;1,6;
2026/06/07;2000 UTC;0;992,2;992,2;991,9;147,1;23,4;17,1;23,4;22,3;20,2;17,1;87;68;68;116;5,3;2,9;
2026/06/07;2100 UTC;0;992,6;992,6;992,2;4,9;22,8;17,5;23,5;22,8;18;17,2;74;68;72;136;5,3;1,5;
2026/06/07;2200 UTC;0;993,2;993,2;992,6;;22,2;17,5;22,8;22,2;17,6;17,4;75;72;75;152;2,4;1,1;
2026/06/07;2300 UTC;0;993,7;993,7;993,2;;22,3;17,9;22,3;22;18;17,6;77;75;76;151;2,5;1,1;
2026/06/08;0000 UTC;0;994,2;994,2;993,7;;22,1;18,1;22,4;22;18,1;17,8;78;76;78;164;2,3;1,1;
2026/06/08;0100 UTC;0;994,1;994,3;994,1;;21,5;19,1;22,1;21,5;19,1;18;86;78;86;173;2,5;1,1;
2026/06/08;0200 UTC;0;994,1;994,2;994;;21,7;19,6;21,7;21,5;19,7;19,1;89;86;88;173;2;1,3;
2026/06/08;0300 UTC;0;994,1;994,2;994,1;;21,3;;21,7;21,3;;;100;88;;181;2,9;1,9;
2026/06/08;0400 UTC;0;993,6;994,2;993,6;;21,2;;21,3;21,2;;;;;;85;4,8;1,5;
2026/06/08;0500 UTC;0;993,5;993,7;993,5;;21,2;;21,3;21,1;;;;;;35;2,8;,8;
2026/06/08;0600 UTC;0;993,1;993,5;993,1;;21,2;;21,3;21,1;;;;;;191;2,1;1,3;
2026/06/08;0700 UTC;0;993,3;993,3;993,1;;21,1;;21,2;21;;;;;;29;2,3;,7;
2026/06/08;0800 UTC;0;993,7;993,7;993,3;;21,1;;21,2;21,1;;;;;;187;2,4;1,1;
2026/06/08;0900 UTC;0;993,9;993,9;993,7;5,9;21;;21,2;20,9;;;;;;87;3,4;1,3;
2026/06/08;1000 UTC;0;994,5;994,5;993,9;174;21,7;;21,8;20,9;;;;;;153;2,7;1,5;
2026/06/08;1100 UTC;0;995,4;995,4;994,5;452,4;22,4;;22,4;21,7;;;;;;175;4,4;1,9;
2026/06/08;1200 UTC;0;995,7;995,7;995,4;910,6;23,7;22,2;23,9;22,2;;;;;91;151;5,6;2,1;
2026/06/08;1300 UTC;0;995,6;995,7;995,5;983,8;24;19,6;24,4;23,6;22,5;19,6;91;76;76;112;6,3;2,9;
2026/06/08;1400 UTC;0;994,9;995,6;994,9;1213,4;25,4;20,2;25,8;22,9;23,4;19,3;97;70;73;79;6,4;2,1;
2026/06/08;1500 UTC;0;994,3;994,9;994,3;1108,7;24,4;20,9;26,1;23;21,6;18,6;91;65;81;153;9,3;3,1;
2026/06/08;1600 UTC;,2;993,8;994,3;993,8;1237,1;24,3;17,9;25,7;23,4;20,9;16,7;81;59;68;92;8;2;
2026/06/08;1700 UTC;0;993,2;993,8;993,2;1231;25,2;17,6;25,6;24,3;19,2;17,5;70;62;63;152;7;2,7;
2026/06/08;1800 UTC;0;992,9;993,2;992,9;795,7;25,1;17,6;26;25;18;17;64;59;63;122;7,2;3,5;
2026/06/08;1900 UTC;0;993,4;993,4;992,9;356,9;24,7;17,7;25,5;24,7;17,8;16,9;65;59;65;145;7,9;3,7;
2026/06/08;2000 UTC;0;993,8;993,8;993,4;172,4;24,2;17,5;24,8;24,2;17,9;17,5;67;64;66;135;7,5;3,1;
2026/06/08;2100 UTC;0;994,4;994,4;993,8;5,8;22,7;18,4;24,2;22,7;18,6;17,4;77;66;77;131;7,1;3,7;
2026/06/08;2200 UTC;0;994,5;994,5;994,4;;22;18,3;22,7;22;18,4;18,1;80;77;80;151;6,8;2,8;
2026/06/08;2300 UTC;0;994,8;994,8;994,5;;22,3;18;22,3;22;18,4;18;80;77;77;160;5,7;2;
2026/06/09;0000 UTC;0;995,2;995,2;994,8;;22,5;17,6;22,7;22,3;18;17,5;77;73;74;131;5,3;1,7;
2026/06/09;0100 UTC;0;994,9;995,3;994,9;;23;17;23;22,5;17,6;17;74;69;69;130;4,1;1,8;
2026/06/09;0200 UTC;0;994,8;995;994,7;;22,1;17,9;23,1;22,1;17,9;17;77;69;77;178;3;1,2;
2026/06/09;0300 UTC;0;994,6;994,8;994,6;;21,9;18,1;22,1;21,9;18,3;17,9;80;77;79;193;1,8;1;
2026/06/09;0400 UTC;0;994,1;994,7;994,1;;21,8;20,5;22;21,7;20,5;18,1;92;79;92;211;2,3;1;
2026/06/09;0500 UTC;0;993,6;994,1;993,5;;21,9;19;21,9;21,7;20,7;19;94;84;84;166;3,3;1,4;
2026/06/09;0600 UTC;0;993,4;993,6;993,4;;22;18,6;22;21,9;19;18,5;84;81;81;142;4,1;2;
2026/06/09;0700 UTC;0;993,3;993,4;993,2;;21,7;19,2;22;21,7;19,2;18,1;86;79;86;161;4,7;,8;
2026/06/09;0800 UTC;0;993,8;993,8;993,3;;21,8;18,4;21,8;21,6;19,4;18,4;87;81;81;132;4,8;2,1;
2026/06/09;0900 UTC;0;993,8;993,8;993,7;5,5;22;18,1;22;21,7;18,3;17,9;81;78;78;162;4,8;2,8;
2026/06/09;1000 UTC;0;994,4;994,4;993,8;221,2;22,6;19;22,6;21,9;19;18;81;78;80;182;5,4;1,7;
2026/06/09;1100 UTC;0;995,1;995,2;994,4;564,1;24,1;18,5;24,1;22,5;19,2;18,2;80;71;71;178;4,1;2,6;
2026/06/09;1200 UTC;0;995,3;995,4;995,1;1060,8;25,4;17,5;25,4;24,1;18,5;17,5;71;62;62;138;6,7;3,6;
2026/06/09;1300 UTC;0;994,9;995,3;994,8;1604,1;26,1;17,3;26,4;25,1;17,9;16,9;63;58;58;154;8,8;4;
2026/06/09;1400 UTC;0;994,6;994,9;994,6;1164,9;25,5;16,9;26,1;25,5;17,5;16,7;60;57;59;146;7,5;3,9;
2026/06/09;1500 UTC;0;993,8;994,6;993,8;1113,7;26,2;16,9;26,2;25,4;17,6;16,2;61;55;57;143;7,2;3,8;
2026/06/09;1600 UTC;0;993,3;993,8;993,3;1235,8;26,5;16,9;26,5;25,8;17,2;16,5;58;55;55;125;7,2;3,6;
2026/06/09;1700 UTC;0;992,6;993,3;992,6;1270,5;26,4;16,6;26,6;26;17;15,9;57;53;55;132;7,7;3,9;
2026/06/09;1800 UTC;0;992,4;992,6;992,3;1081,9;25,8;15,8;26,5;25,8;16,8;15,8;56;54;54;129;8;4,4;
2026/06/09;1900 UTC;0;992,6;992,6;992,2;573,1;25,3;15,9;25,8;25,3;16,3;15,7;57;54;56;130;7,6;3,7;
2026/06/09;2000 UTC;0;992,7;992,7;992,5;196,4;24,4;16,5;25,3;24,4;16,5;15,8;61;56;61;120;7,2;3,1;
2026/06/09;2100 UTC;0;993;993;992,7;5,7;23,5;16,6;24,4;23,5;16,6;16,2;65;61;65;149;6;2,2;
2026/06/09;2200 UTC;0;993,1;993,1;993;;21,9;16,8;23,5;21,9;16,8;16,6;73;65;73;176;4,3;2,4;
2026/06/09;2300 UTC;0;993,5;993,6;993,1;;21,2;17,1;21,9;21,2;17,1;16,8;77;73;77;172;4,2;1,7;
2026/06/10;0000 UTC;0;993,9;993,9;993,5;;21;17,6;21,3;20,7;17,8;17,1;82;77;81;161;3,2;1,3;
2026/06/10;0100 UTC;0;993,7;993,9;993,7;;21,2;17,5;21,2;21;17,6;17,3;81;79;80;171;2,6;1,1;
2026/06/10;0200 UTC;0;993,3;993,7;993,3;;21,1;17,6;21,3;21;17,6;17,4;80;79;80;185;2,4;1,2;
2026/06/10;0300 UTC;0;993;993,3;993;;21,3;17,5;21,3;21,1;17,6;17,5;80;79;79;178;2,1;1;
2026/06/10;0400 UTC;0;992,4;993;992,4;;21,2;17,5;21,3;21,2;17,6;17,4;80;78;80;192;2,5;1,7;
2026/06/10;0500 UTC;0;992,1;992,4;992,1;;21,1;18;21,2;21,1;18;17,5;83;80;82;189;2,6;1,7;
2026/06/10;0600 UTC;0;991,4;992,1;991,4;;21;17,7;21,1;21;18;17,7;82;81;82;191;4,4;2,8;
2026/06/10;0700 UTC;0;991,5;991,5;991,4;;20,9;17,2;21;20,8;17,7;17,2;82;80;80;190;4,5;3,2;
2026/06/10;0800 UTC;0;991,9;991,9;991,4;;20,8;17,2;21;20,7;17,3;17,1;81;79;80;152;4,7;1,2;
2026/06/10;0900 UTC;0;992,3;992,3;991,9;4,9;20,8;17,1;20,9;20,7;17,3;17,1;81;79;79;200;3,8;2,1;
2026/06/10;1000 UTC;0;992,8;992,8;992,3;199,4;21,6;17,5;21,6;20,7;17,5;17,1;80;78;78;199;3,5;1,8;
2026/06/10;1100 UTC;0;993,5;993,6;992,8;610,5;22,9;17,3;23,1;21,6;17,9;17;78;70;71;186;4,9;3;
2026/06/10;1200 UTC;0;993,9;993,9;993,5;1159,4;24,3;17,1;24,6;22,8;17,8;17,1;72;64;64;173;6,6;4,2;
2026/06/10;1300 UTC;0;993,5;993,9;993,5;1994,4;26,1;15,4;26,4;24,2;17,8;15,4;65;52;52;163;7,6;4,1;
2026/06/10;1400 UTC;0;993,1;993,5;993,1;2058,9;26,9;15,9;27,3;26;16,8;15,1;56;48;51;163;7,3;3,4;
2026/06/10;1500 UTC;0;992,2;993,1;992,2;1722;27;16,3;27,1;26,8;16,8;14,9;54;48;52;162;7,3;4,1;
2026/06/10;1600 UTC;0;991,3;992,2;991,3;1617,3;27,3;16,6;27,7;26,8;17;15,6;53;49;52;142;7,3;3;
2026/06/10;1700 UTC;0;990,8;991,3;990,8;1378,9;27,4;16,1;27,8;27,2;17,6;16;54;49;50;163;7,3;2,8;
2026/06/10;1800 UTC;0;990,4;990,8;990,4;1190,9;27,2;16,7;28;27,1;17;16;53;49;53;130;5,8;2,8;
2026/06/10;1900 UTC;0;990,6;990,6;990,4;722,2;26,4;17;27,7;26,4;17,5;16,7;56;52;56;122;7;4,4;
2026/06/10;2000 UTC;0;991;991;990,6;198,6;25,3;17;26,4;25,3;17,2;16,8;60;56;60;108;7,1;2,9;
2026/06/10;2100 UTC;0;991,6;991,6;991;5,4;23,9;16,9;25,3;23,9;17,5;16,9;65;60;65;108;5,5;2,4;
2026/06/10;2200 UTC;0;992,1;992,1;991,6;;22,8;17,3;23,9;22,8;17,3;16,9;71;65;71;139;6;2,6;
2026/06/10;2300 UTC;0;992,7;992,7;992,1;;22,1;17,5;22,8;22,1;17,5;17,3;75;71;75;145;4,9;2,1;
2026/06/11;0000 UTC;0;993;993;992,6;;21,8;17,5;22,2;21,8;17,6;17,5;77;75;77;149;4,5;1,7;
2026/06/11;0100 UTC;0;993;993,1;992,9;;20,7;19,2;21,8;20,7;19,2;17,5;91;77;91;187;3,6;1,6;
2026/06/11;0200 UTC;0;992,7;993,1;992,7;;20,5;;20,7;20,5;;;;;;175;2,5;1,4;
2026/06/11;0300 UTC;0;992,6;992,7;992,6;;20,2;;20,5;20,2;;;;;;191;2,5;1,1;
2026/06/11;0400 UTC;0;992,3;992,6;992,3;;20,4;;20,4;20,1;;;;;;208;1,6;,9;
2026/06/11;0500 UTC;0;991,9;992,3;991,9;;20,6;;20,6;20,4;;;;;;294;1,2;,4;
2026/06/11;0600 UTC;0;991,9;992;991,8;;20,5;;20,6;20,4;;;;;;227;1,5;,8;
2026/06/11;0700 UTC;0;991,9;991,9;991,8;;20,1;;20,5;20;;;;;;215;1,7;1,3;
2026/06/11;0800 UTC;0;992,2;992,2;991,9;;20,1;;20,2;20;;;;;;209;1,7;1,1;
2026/06/11;0900 UTC;0;992,9;992,9;992,2;4,5;19,9;;20,1;19,8;;;;;;191;2,1;1,6;
2026/06/11;1000 UTC;0;993,7;993,7;992,9;102,6;20,8;;20,8;19,9;;;;;;209;2,6;1,4;
2026/06/11;1100 UTC;0;994,2;994,2;993,7;193,5;23,1;23,1;23,2;20,8;;;;;100;178;3,8;2,3;
2026/06/11;1200 UTC;0;994,3;994,5;994,1;1555,4;25,2;17,6;25,5;23,1;23,4;17,3;100;62;63;132;5,4;2,8;
2026/06/11;1300 UTC;0;994,1;994,4;994,1;1961,9;25,9;16,5;27,3;25,2;18;16;64;52;56;89;6;2,4;
2026/06/11;1400 UTC;0;993,6;994,1;993,6;2066;27,8;14,8;27,8;25,9;17,3;14,7;58;45;45;104;6,5;2,6;
2026/06/11;1500 UTC;0;992,7;993,6;992,7;2394,2;27,7;15,5;28,9;27,5;17;14,8;51;44;47;139;6,1;2,9;
2026/06/11;1600 UTC;0;991,7;992,7;991,7;2376,2;28,5;14,3;29,3;27,6;17,1;14,3;49;41;42;121;6,8;2,6;
2026/06/11;1700 UTC;0;991,1;991,7;991,1;2160,2;28,6;14,9;29,3;27,7;16,4;13,9;48;40;43;82;6,4;2,3;
2026/06/11;1800 UTC;0;990,7;991,1;990,7;1741,5;27,9;15;29,2;27,6;15,8;13,8;46;41;45;124;6,3;3,4;
2026/06/11;1900 UTC;0;991,2;991,2;990,6;813,7;27,1;16,1;28,6;27,1;16,1;14,4;51;43;51;132;6,7;3,4;
2026/06/11;2000 UTC;0;991,6;991,6;991,2;115,7;25,6;16,3;27,1;25,6;16,4;15,6;57;51;56;118;6,3;3,2;
2026/06/11;2100 UTC;0;992,3;992,3;991,6;4,1;24,2;17,2;25,6;24,2;17,2;16,3;65;56;65;108;6;2,6;
2026/06/11;2200 UTC;0;993;993;992,3;;23,4;17,9;24,2;23,4;17,9;17,2;72;65;72;111;5,7;2,6;
2026/06/11;2300 UTC;0;993,9;993,9;993;;23,1;17,9;23,4;23,1;18,1;17,9;73;72;73;124;5,7;2,9;
2026/06/12;0000 UTC;0;994,4;994,4;993,9;;22,8;17,9;23,1;22,7;18;17,8;74;73;74;132;5;2,6;
2026/06/12;0100 UTC;0;994,5;994,5;994,3;;22,8;17,7;22,9;22,7;17,9;17,7;74;73;73;127;5,5;2,8;
2026/06/12;0200 UTC;0;994,4;994,5;994,4;;22,5;17,7;22,8;22,5;17,8;17,6;75;73;75;127;4,7;2,2;
2026/06/12;0300 UTC;0;993,9;994,4;993,9;;22,1;17,4;22,5;22,1;17,7;17,4;75;73;75;138;3,9;1,7;
2026/06/12;0400 UTC;0;993,4;993,9;993,4;;21,7;17,7;22,1;21,5;17,7;17,3;78;75;78;119;3,2;1,4;
2026/06/12;0500 UTC;0;992,9;993,4;992,9;;20,5;17,2;21,8;20,5;17,7;17,1;82;77;82;216;2,4;,8;
2026/06/12;0600 UTC;0;992,8;993;992,7;;20;;20,5;20;;;;;;203;1,3;,6;
2026/06/12;0700 UTC;0;992,9;992,9;992,7;;19,8;;20,1;19,7;;;;;;221;1,5;1,1;
2026/06/12;0800 UTC;0;993,2;993,2;992,9;;19,5;;19,8;19,4;;;;;;230;1,6;1,1;
2026/06/12;0900 UTC;0;993,7;993,7;993,2;2,6;19,3;;19,5;19,1;;;;;;216;2,1;1,1;
2026/06/12;1000 UTC;0;994,6;994,6;993,7;93,4;20;;20;19,3;;;;;;275;1,6;,7;
2026/06/12;1100 UTC;0;995,2;995,2;994,6;190,3;22,8;;22,9;20;;;;;;215;2,8;1,7;
2026/06/12;1200 UTC;0;995,3;995,5;995,2;1687,9;25,4;18,7;25,5;22,7;23,4;18,2;99;66;67;173;4;2,3;
2026/06/12;1300 UTC;0;995;995,3;995;1672,4;26,2;17,5;26,6;25,2;19;17,5;67;59;59;135;5,5;3;
2026/06/12;1400 UTC;0;994,1;995;994,1;1675,2;26,8;17,4;27;25,9;18,5;17;62;55;56;129;5,7;2,2;
2026/06/12;1500 UTC;0;993;994,1;993;2626,5;27,8;15,8;29,4;26,7;17,9;15,6;56;44;48;91;5,7;2,1;
2026/06/12;1600 UTC;0;991,9;993;991,9;1840,8;29,6;17,7;29,6;27,1;17,8;15,3;54;43;49;85;5,6;2,5;
2026/06/12;1700 UTC;0;990,9;991,9;990,9;2096,9;28,7;16;29,9;27,9;17,1;15,5;50;43;46;110;6,1;2,5;
2026/06/12;1800 UTC;0;990,6;990,9;990,5;1413,6;27,5;16,4;29,5;27,5;17;15,7;51;44;51;107;6,7;2,8;
2026/06/12;1900 UTC;0;990,9;990,9;990,6;774,1;26,9;17,4;28,2;26,7;17,5;16,5;56;50;56;92;7,1;2,5;
2026/06/12;2000 UTC;0;991,2;991,2;990,8;115,2;25,4;17,8;26,9;25,4;17,9;17,4;63;56;63;77;6,3;2,9;
2026/06/12;2100 UTC;0;991,9;991,9;991,2;3,7;23,9;17,9;25,4;23,9;18;17,8;69;63;69;85;6,1;2,2;
2026/06/12;2200 UTC;0;992,6;992,6;991,9;;23,3;18,3;23,9;23,3;18,3;17,9;74;69;73;101;5,6;1,9;
2026/06/12;2300 UTC;0;993,4;993,4;992,6;;23,2;18,1;23,3;23,2;18,3;18,1;74;73;73;121;6,1;2,9;
2026/06/13;0000 UTC;0;993,9;993,9;993,4;;23,2;18,1;23,2;23,1;18,3;18,1;74;73;73;115;5,5;2,1;
2026/06/13;0100 UTC;0;993,9;994;993,9;;23;18,1;23,2;23;18,3;18,1;75;73;74;106;4;1,7;
2026/06/13;0200 UTC;0;993,7;993,9;993,7;;22,6;18,3;23,1;22,6;18,3;18;77;74;77;133;3,9;1,5;
2026/06/13;0300 UTC;0;993,4;993,7;993,4;;21,9;18,9;22,6;21,9;18,9;18,1;83;76;83;99;2,8;,8;
2026/06/13;0400 UTC;0;992,8;993,5;992,8;;21,6;;22,2;21,3;21,5;19,3;100;83;;143;2,3;,8;
2026/06/13;0500 UTC;0;992,5;992,8;992,4;;20,7;;21,7;20,7;;;;;;220;1,8;1;
2026/06/13;0600 UTC;0;992,4;992,5;992,2;;20,8;;21;20,7;;;;;;228;1,7;1,3;
2026/06/13;0700 UTC;0;992,7;992,7;992,4;;20,3;;20,8;20,3;;;;;;288;1,8;,3;
2026/06/13;0800 UTC;0;993,1;993,1;992,7;;20,3;;20,5;20,2;;;;;;265;1,5;,8;
2026/06/13;0900 UTC;0;993,5;993,6;993,1;3,9;20,5;;20,6;20,3;;;;;;210;1,8;1;
2026/06/13;1000 UTC;0;994,3;994,3;993,5;128,4;21,2;;21,3;20,4;;;;;;234;2,7;,9;
2026/06/13;1100 UTC;0;995,3;995,3;994,3;475,2;22,6;;22,7;21,2;;;;;;232;2,3;,7;
2026/06/13;1200 UTC;0;995,8;995,8;995,3;1099,2;25,7;20,4;25,7;22,5;24,1;20,1;100;72;72;69;2,8;1,6;
2026/06/13;1300 UTC;0;995,7;995,9;995,7;1732,5;27,1;20;27,1;25,6;20,7;18,7;73;63;65;110;5,1;1,8;
2026/06/13;1400 UTC;0;995,3;995,7;995,3;1927;28,3;18,6;28,7;26,7;20,6;18,1;65;54;56;61;5,6;2,3;
2026/06/13;1500 UTC;0;994,4;995,3;994,4;2205,1;29,4;17,5;30,3;27,5;19,3;16,5;56;45;49;59;5,3;2,7;
2026/06/13;1600 UTC;0;993,7;994,4;993,7;1239,4;27,8;18,3;31;27,4;19,2;16,3;57;44;56;115;5,6;2,5;
2026/06/13;1700 UTC;0;993,1;993,7;993,1;1701,3;28,5;17,3;29;27,6;18,6;17,3;57;51;51;117;6,7;2,9;
2026/06/13;1800 UTC;0;992,3;993,1;992,3;1553,9;28,8;16,7;28,9;27,8;18;16,7;54;48;48;98;7;3;
2026/06/13;1900 UTC;0;992,5;992,5;992,3;736,1;27,7;16,2;29,4;27;17,5;16,1;55;47;50;69;7;3;
2026/06/13;2000 UTC;0;993;993,1;992,5;125,9;26,1;18,1;27,9;26,1;18,1;15,9;61;48;61;112;5,7;2,1;
2026/06/13;2100 UTC;0;993,7;993,7;993;3,7;24,6;18,7;26,1;24,6;18,7;18;70;61;70;97;5,1;1,9;
2026/06/13;2200 UTC;0;994,2;994,2;993,7;;24;19,2;24,6;24;19,2;18,7;75;70;75;114;5,7;2,7;
2026/06/13;2300 UTC;0;995;995;994,2;;23,7;19,2;24;23,6;19,3;19,1;77;75;76;117;5,5;2,7;
2026/06/14;0000 UTC;0;995,5;995,5;995;;23,3;19,7;23,7;23,2;19,8;19,2;81;76;80;122;5,1;2,1;
2026/06/14;0100 UTC;0;995,4;995,5;995,4;;22,7;22,7;23,3;22,5;22,7;19,6;100;80;100;89;4,3;1,4;
2026/06/14;0200 UTC;0;995,2;995,4;995,2;;22,8;;23;22,7;;;;;;72;3,2;1,5;
2026/06/14;0300 UTC;0;994,6;995,2;994,6;;21,9;;22,8;21,9;;;;;;241;3;,5;
2026/06/14;0400 UTC;0;994;994,6;993,9;;21,6;;21,9;21,3;;;;;;31;1,6;,7;
2026/06/14;0500 UTC;0;993,2;994;993,2;;21,2;;21,8;21,2;;;;;;8;1,7;,9;
2026/06/14;0600 UTC;0;992,8;993,2;992,7;;20,7;;21,2;20,7;;;;;;235;2;,3;
2026/06/14;0700 UTC;0;992,9;993;992,8;;19,8;;20,7;19,8;;;;;;168;2,3;,8;
2026/06/14;0800 UTC;0;993,1;993,1;992,9;;20,1;;20,3;19,7;;;;;;245;1,8;,3;
2026/06/14;0900 UTC;0;993,5;993,5;993,1;3,2;20,1;;20,4;20,1;;;;;;245;1,2;,8;
2026/06/14;1000 UTC;0;994;994;993,5;212;21,1;;21,1;20;;;;;;219;1,4;,8;
2026/06/14;1100 UTC;0;994,7;994,7;994;420,6;22,7;;22,7;21;;;;;;234;2;,9;
2026/06/14;1200 UTC;0;995,5;995,5;994,7;870,5;24,9;;24,9;22,6;;;;;;181;3,5;1,9;
2026/06/14;1300 UTC;0;995,2;995,6;995,2;1916,2;27,2;20,4;27,2;24,9;26,3;18,6;100;63;66;129;3,7;1,9;
2026/06/14;1400 UTC;0;994,7;995,2;994,7;1509,2;27,6;18,1;28,5;26,5;20,3;18;66;54;56;141;4,8;2,1;
2026/06/14;1500 UTC;0;994;994,7;994;1519;28,4;17,1;29,1;27,5;18,5;16,5;57;47;50;117;5,6;2,4;
2026/06/14;1600 UTC;0;992,8;994;992,8;1966,7;28,5;17,5;31;27,9;18,7;16;52;42;51;109;6,5;2,5;
2026/06/14;1700 UTC;0;992,1;992,8;992,1;1914,3;28,5;17,7;30;28,2;18;16,8;52;45;52;118;7,6;4,4;
2026/06/14;1800 UTC;0;992,2;992,2;992,1;1721,9;28;17,2;29,7;28;17,9;16,2;53;45;52;119;9;4,4;
2026/06/14;1900 UTC;0;992,3;992,5;992,2;785,2;27,3;17,6;28,5;27;18,1;17;58;51;55;93;8,1;2,5;
2026/06/14;2000 UTC;0;992,7;992,7;992,3;117,3;25,9;18,2;27,4;25,9;18,3;17,4;62;55;62;91;6,8;2,1;
2026/06/14;2100 UTC;0;993,1;993,1;992,7;3,4;24,4;18,7;25,9;24,4;18,8;18,2;70;62;70;79;5,3;2;
2026/06/14;2200 UTC;0;993,6;993,6;993,1;;23,9;19,1;24,4;23,9;19,1;18,6;75;70;75;85;5;1,8;
2026/06/14;2300 UTC;0;994,3;994,3;993,6;;23,7;19,5;23,9;23,7;19,5;19,1;77;75;77;106;4,1;1,4;
2026/06/15;0000 UTC;0;994,9;994,9;994,3;;23,6;19,5;23,8;23,6;19,6;19,5;78;77;78;110;4,3;1,6;
2026/06/15;0100 UTC;0;994,9;995;994,9;;23,2;20,9;23,7;23,2;20,9;19,5;87;78;87;104;3,5;1,1;
2026/06/15;0200 UTC;0;994,4;994,9;994,4;;22,6;20;23,3;22,6;20,9;19,8;87;83;85;61;3,5;1,6;
2026/06/15;0300 UTC;0;994,3;994,5;994,3;;22,6;;22,7;21,9;;;;;;105;3;1,3;
2026/06/15;0400 UTC;0;993,8;994,3;993,8;;22,6;;22,8;22,6;;;;;;129;3;1,4;
2026/06/15;0500 UTC;0;993,1;993,8;993,1;;22,3;;22,7;22,3;;;;;;85;3,2;1,1;
2026/06/15;0600 UTC;0;992,6;993,1;992,5;;21,3;;22,3;21,3;;;;;;108;2,2;,5;
2026/06/15;0700 UTC;0;992,4;992,6;992,4;;20,9;;21,3;20,8;;;;;;125;1,5;,4;
2026/06/15;0800 UTC;0;992,5;992,5;992,4;;20,2;;21,1;20,2;;;;;;;,8;,2;
2026/06/15;0900 UTC;0;992,7;992,7;992,5;3,1;20,7;;21;20,1;;;;;;229;1,3;,5;
2026/06/15;1000 UTC;0;993,5;993,5;992,7;159,8;20,9;;21;20,1;;;;;;217;1,5;1;
2026/06/15;1100 UTC;0;994,3;994,4;993,5;347,5;22,5;;22,5;20,9;;;;;;204;2,7;1,5;
2026/06/15;1200 UTC;0;994,5;994,5;994,2;1321,2;26;21,9;26;22,5;;;;;78;152;3;1,4;
2026/06/15;1300 UTC;0;994,4;994,6;994,4;1928,3;27,3;19,7;27,3;25,9;21,5;18,8;78;62;63;141;4,3;2;
2026/06/15;1400 UTC;0;993,8;994,4;993,8;1793,5;28;19,1;28;26,3;20,3;18;66;57;59;168;6,6;2,4;
2026/06/15;1500 UTC;0;992,7;993,8;992,7;1709,5;29;18,1;29,1;27,1;19,3;17,7;61;51;52;121;6,1;2,1;
2026/06/15;1600 UTC;0;992;992,7;992;1032,2;27,5;20,7;29,1;26,9;21,1;17,7;68;52;67;60;5,7;2,6;
2026/06/15;1700 UTC;0;991,4;992;991,3;1062,3;26,9;18,8;27,7;25,9;20,6;18,8;70;61;61;78;7,9;3,7;
2026/06/15;1800 UTC;0;991,1;991,4;991;1149;27,1;18,7;27,6;26,8;19,1;18,3;62;58;60;77;7,5;3,3;
2026/06/15;1900 UTC;0;990,7;991,1;990,7;903,9;27,1;18,4;27,8;26,9;19,1;17,6;61;54;59;85;7,6;2,5;
2026/06/15;2000 UTC;0;990,9;990,9;990,7;127,2;25,9;19;27,3;25,9;19,2;18,4;66;59;66;91;5,5;2,5;
2026/06/15;2100 UTC;0;991,6;991,6;990,9;3,5;24,5;19,4;25,9;24,5;19,4;19;73;66;73;114;5,7;2,9;
2026/06/15;2200 UTC;0;992;992;991,6;;23,8;19,7;24,5;23,8;19,7;19,4;78;73;78;125;5,7;3;
2026/06/15;2300 UTC;0;992,4;992,4;992;;23,6;21,2;23,8;23,6;21,2;19,7;86;78;86;126;5,1;2,1;
2026/06/16;0000 UTC;0;992,8;992,8;992,4;;23,5;22,6;23,6;23,4;22,6;21,2;95;86;95;131;4,3;2,2;
2026/06/16;0100 UTC;0;993,1;993,1;992,8;;23;;23,6;23;;;;;;113;5,4;2,5;
2026/06/16;0200 UTC;,6;993;993,2;993;;22,8;;23;22,8;;;;;;148;5,2;1,6;
2026/06/16;0300 UTC;0;993,3;993,3;992,8;;22,6;;22,8;22,5;;;;;;195;3,6;2,2;
2026/06/16;0400 UTC;,2;992,5;993,3;992,5;;22,3;;22,6;22,1;;;;;;207;3,6;1,4;
2026/06/16;0500 UTC;0;991,6;992,5;991,6;;22,3;;22,3;22,2;;;;;;163;3,5;1,5;
2026/06/16;0600 UTC;,4;991,2;991,6;991,2;;22,1;;22,3;22,1;;;;;;131;4,1;2,1;
2026/06/16;0700 UTC;0;991,3;991,4;991,2;;22,1;;22,3;22,1;;;;;;144;3,4;1;
2026/06/16;0800 UTC;,2;991,5;991,5;991,3;;21,9;;22,1;21,8;;;;;;28;2,2;,5;
2026/06/16;0900 UTC;,2;991,9;991,9;991,4;1,3;22,2;;22,2;21,9;;;;;;160;1,5;,4;
2026/06/16;1000 UTC;,4;992,6;992,6;991,9;106,4;22,6;;22,6;22,2;;;;;;96;1,5;,7;
2026/06/16;1100 UTC;,8;993,3;993,3;992,6;469,9;23,1;;23,2;22,6;;;;;;61;5;2,5;
2026/06/16;1200 UTC;0;993,5;993,6;993,3;833,3;24;;24,1;22,7;;;;;;56;4,3;1,4;
2026/06/16;1300 UTC;1,2;993,3;993,6;993,3;933,5;23,9;;24,3;23,4;;;;;;58;4;2;
2026/06/16;1400 UTC;0;992,6;993,3;992,6;1416,9;25,4;;25,4;23,9;;;;;;24;7,1;2;
2026/06/16;1500 UTC;0;991,4;992,6;991,4;2360,8;28,5;22,9;28,8;25,3;26,2;20,7;100;65;72;39;7,2;2,8;
2026/06/16;1600 UTC;0;990,5;991,4;990,5;2227,2;28,9;18,9;30,1;27,6;23,8;18,9;74;53;55;40;7,3;3,6;
2026/06/16;1700 UTC;0;989,7;990,5;989,7;934,4;27,7;19,2;28,9;27,5;19,7;18,5;61;55;60;60;6,6;3,3;
2026/06/16;1800 UTC;0;989,3;989,7;989,3;997,3;27,6;18,9;28,5;27,4;19,5;18,5;61;56;59;66;7,5;3,9;
2026/06/16;1900 UTC;0;989,4;989,5;989,3;689,8;27,6;18,1;28,3;27,5;19,3;17,8;60;53;56;71;7,1;3,4;
2026/06/16;2000 UTC;0;989,8;989,8;989,4;107,6;26,2;18,2;27,6;26,2;18,5;17,2;61;55;61;70;7,1;2,9;
2026/06/16;2100 UTC;0;990,3;990,3;989,8;3,3;24,7;19,5;26,2;24,7;19,5;18,2;73;61;73;91;5;1,7;
2026/06/16;2200 UTC;0;990,9;990,9;990,3;;23,8;20;24,7;23,8;20;19,5;79;73;79;103;5,4;1,5;
2026/06/16;2300 UTC;0;991,5;991,5;990,9;;23,4;;23,8;23,4;23,5;20;100;79;;92;4,6;2;
2026/06/17;0000 UTC;0;991,8;991,8;991,5;;22,6;;23,4;22,6;;;;;;40;4,6;1,4;
2026/06/17;0100 UTC;0;992;992;991,8;;22;;22,6;21,8;;;;;;43;3,1;1;
2026/06/17;0200 UTC;0;991,9;992;991,8;;21,8;;22;21,8;;;;;;55;2,8;1,8;
2026/06/17;0300 UTC;0;991,6;991,9;991,6;;21,6;;21,9;21,6;;;;;;53;3,2;1,8;
2026/06/17;0400 UTC;0;991,2;991,6;991,2;;21,6;;21,7;21,5;;;;;;52;3,5;2,1;
2026/06/17;0500 UTC;0;991;991,2;990,9;;21,4;;21,6;21,3;;;;;;50;3,2;1,4;
2026/06/17;0600 UTC;0;991;991;990,8;;20,7;;21,4;20,7;;;;;;359;2,2;,3;
2026/06/17;0700 UTC;0;991,2;991,2;990,9;;21;;21,1;20,7;;;;;;4;1,3;,4;
2026/06/17;0800 UTC;0;991,8;991,8;991,2;;20,7;;21,1;20,6;;;;;;88;1,3;,2;
2026/06/17;0900 UTC;0;992;992;991,8;1,6;21;;21,2;20,7;;;;;;344;1,8;,9;
2026/06/17;1000 UTC;0;992,8;992,8;992;142,4;22;;22;20,9;;;;;;353;1,9;,9;
2026/06/17;1100 UTC;0;993,7;993,7;992,8;239,5;24,2;;24,2;21,9;;;;;;28;3,2;1,4;
2026/06/17;1200 UTC;0;994;994;993,7;1315,5;26,7;21,8;27,4;23,8;;;;;74;38;5,9;2,5;
2026/06/17;1300 UTC;0;993,9;994;993,8;2409,4;29,4;18,6;29,9;26,7;23,3;18,4;80;52;52;42;6,6;3;
2026/06/17;1400 UTC;0;993,3;993,9;993,3;2080,1;28,5;17,9;29,9;27,8;20;17,4;58;49;53;50;6,4;2,8;
2026/06/17;1500 UTC;0;992,8;993,3;992,8;2003,6;29,2;17,2;31,3;28,5;19,5;16,9;56;44;48;71;6,5;2,3;
2026/06/17;1600 UTC;0;992,1;992,8;992,1;2332,5;31,4;17,9;31,5;28,7;19,3;15,9;53;40;45;48;5,8;2;
2026/06/17;1700 UTC;0;991,4;992,1;991,4;1415,7;30,4;17,7;31,4;29;18,9;15,8;51;40;46;82;5,8;2,1;
2026/06/17;1800 UTC;0;991,4;991,4;991,3;1406,5;29,4;18,7;30,6;28,9;18,7;15,8;53;42;53;78;5,8;3;
2026/06/17;1900 UTC;0;991,7;991,7;991,4;455,7;28,3;18,9;29,5;27,9;19,1;18,6;58;52;57;61;7,4;4;
2026/06/17;2000 UTC;0;992,2;992,2;991,7;127,5;26,6;19,1;28,3;26,6;19,2;18,5;63;56;63;81;6,6;2,5;
2026/06/17;2100 UTC;0;992,6;992,6;992,2;5,4;25;19,1;26,6;25;19,1;18,8;70;63;70;96;4,8;1,9;
2026/06/17;2200 UTC;0;993,1;993,1;992,6;;24;20,1;25;24;20,1;19,1;79;70;79;96;5,7;1,6;
2026/06/17;2300 UTC;0;993,5;993,5;993,1;;23,7;23,7;24;23,7;23,8;20,2;100;79;100;113;4,5;1,9;
2026/06/18;0000 UTC;0;993,8;993,8;993,5;;23,6;;23,7;23,6;;;;;;99;4,5;1,5;
2026/06/18;0100 UTC;0;994,1;994,1;993,8;;23,2;;23,6;23,1;;;;;;94;4;1,5;
2026/06/18;0200 UTC;0;994,1;994,2;994,1;;22,8;;23,2;22,5;;;;;;128;3,7;1,4;
2026/06/18;0300 UTC;0;994;994,2;994;;22,6;;23,1;22,6;;;;;;156;3,6;1,3;
2026/06/18;0400 UTC;0;993,8;994,1;993,8;;22,3;;22,6;22,1;;;;;;143;2,7;1,1;
2026/06/18;0500 UTC;0;993,5;993,8;993,5;;22,2;;22,4;22,1;;;;;;146;2,4;1,4;
2026/06/18;0600 UTC;0;993,4;993,5;993,4;;21,7;;22,2;21,7;;;;;;173;2,4;1,1;
2026/06/18;0700 UTC;0;993,5;993,5;993,3;;21,5;;21,7;21,3;;;;;;176;1,8;1,3;
2026/06/18;0800 UTC;0;993,7;993,7;993,5;;21,4;;21,6;21,4;;;;;;188;2,1;1,4;
2026/06/18;0900 UTC;0;994,2;994,2;993,7;4,2;20,8;;21,5;20,8;;;;;;228;2;1,2;
2026/06/18;1000 UTC;0;994,6;994,7;994,1;161,5;21,7;;21,7;20,8;;;;;;220;2;1,4;
2026/06/18;1100 UTC;0;995,2;995,2;994,6;506,7;22,7;;22,8;21,7;;;;;;182;3,8;2,3;
2026/06/18;1200 UTC;0;995,4;995,4;995,2;1417;26;23,5;26,1;22,7;;;;;86;175;4,6;2,4;
2026/06/18;1300 UTC;0;995,4;995,6;995,3;2038,6;27,6;18;27,7;25,8;23,3;17,8;86;56;56;139;5,7;3,5;
2026/06/18;1400 UTC;0;994,8;995,4;994,8;2258,1;27,7;17,6;28,9;27,3;18;16,4;57;49;54;131;5,7;2,7;
2026/06/18;1500 UTC;0;993,9;994,8;993,9;2127,5;29,2;15,6;29,7;27,4;18,4;15,4;56;43;44;130;6,5;3,9;
2026/06/18;1600 UTC;0;993,1;993,9;993,1;2356,6;29,8;15,6;30,4;28,6;16,6;13,6;45;38;42;103;7,4;3,3;
2026/06/18;1700 UTC;0;992,5;993,1;992,4;2287,7;29,6;15,7;30,5;29,2;16,4;13,4;44;37;43;95;7,3;2,5;
2026/06/18;1800 UTC;0;992,3;992,5;992,3;1731;28,3;16,8;29,9;28,3;17,2;15,1;50;43;50;104;7,5;3,2;
2026/06/18;1900 UTC;0;992,6;992,6;992,3;845,3;27,7;17,7;29;27,7;18,2;16,5;56;47;55;120;7,9;4,1;
2026/06/18;2000 UTC;0;993,2;993,2;992,6;112,9;26,1;18,1;27,7;26,1;18,2;17,4;61;55;61;139;7,6;2,9;
2026/06/18;2100 UTC;0;993,8;993,8;993,2;3,7;24,7;19,3;26,1;24,7;19,3;18,2;72;62;72;145;5,8;2;
2026/06/18;2200 UTC;0;994,3;994,4;993,8;;23,5;19,4;24,7;23,5;19,5;19,3;78;72;78;178;6,7;3,7;
2026/06/18;2300 UTC;0;995;995;994,3;;22,6;22,6;23,5;22,6;22,6;19,4;100;78;100;163;8;4,8;
2026/06/19;0000 UTC;,6;995,3;995,3;995;;22,3;;22,6;22,3;;;;;;140;8;3,3;
2026/06/19;0100 UTC;0;995,5;995,5;995,3;;21,9;;22,3;21,9;;;;;;144;7,3;3,7;
2026/06/19;0200 UTC;1,2;995,6;995,6;995,5;;21,7;;21,9;21,7;;;;;;157;8,6;4,4;
2026/06/19;0300 UTC;6,8;995,6;995,7;995,5;;21;;21,8;21;;;;;;155;11,5;4,2;
2026/06/19;0400 UTC;2,8;995,4;995,6;995,3;;21,3;;21,3;21;;;;;;142;8,1;3,5;
2026/06/19;0500 UTC;6,4;995,2;995,5;995,1;,2;21;;21,3;21;;;;;;139;10,4;4,4;
2026/06/19;0600 UTC;4;994,6;995,2;994,6;;21;;21;20,9;;;;;;155;10,4;4,3;
2026/06/19;0700 UTC;3;994,8;994,8;994,6;;21;;21;20,9;;;;;;146;7,7;2;
2026/06/19;0800 UTC;,2;994,5;994,8;994,5;;20,9;;21;20,8;;;;;;142;7,5;2,3;
2026/06/19;0900 UTC;,2;994,6;994,7;994,5;3,9;20,6;;20,9;20,6;;;;;;190;4,4;2,3;
2026/06/19;1000 UTC;0;994,9;994,9;994,6;103,6;21,2;;21,3;20,5;;;;;;191;3,6;2,3;
2026/06/19;1100 UTC;0;995,5;995,5;994,9;209,6;23,3;21,6;23,3;21,2;;;;;90;161;6,1;3,8;
2026/06/19;1200 UTC;0;995,3;995,5;995,3;1733,8;25,1;17,8;25,3;23,3;21,7;17,4;90;63;64;135;8,4;5;
2026/06/19;1300 UTC;0;995,4;995,5;995,3;1187;25,7;16,9;25,7;24,4;18,1;16,1;64;58;58;134;9,9;4,5;
2026/06/19;1400 UTC;0;995,2;995,5;995,1;1631,3;26,1;15,9;26,4;24,7;17,8;15,8;63;53;54;142;9,6;4,9;
2026/06/19;1500 UTC;0;994,5;995,2;994,5;2114;25,3;17;27,1;24,9;18,2;15,4;62;51;60;130;10,5;5,8;
2026/06/19;1600 UTC;0;993,7;994,5;993,7;1491,1;25;17,4;26,5;23,4;18;16,3;68;56;62;152;10,5;3,3;
2026/06/19;1700 UTC;0;992,9;993,7;992,9;1953,8;26,1;16,2;27;25;17,4;15,2;62;50;54;147;9,8;4,4;
2026/06/19;1800 UTC;0;992,9;992,9;992,7;1307,7;23,9;17,1;26,8;23,9;17,2;16;66;53;66;153;10,9;4,9;
2026/06/19;1900 UTC;0;992,8;993,1;992,8;523,4;23,8;17,7;23,9;22,1;18;17,1;76;66;69;152;10;3,6;
2026/06/19;2000 UTC;0;992,9;992,9;992,7;181,9;23,3;16,2;23,9;23,3;17,6;16;69;62;65;154;7,8;3;
2026/06/19;2100 UTC;0;993,1;993,1;992,9;5,3;21,9;16,1;23,3;21,9;16,3;16;69;65;69;158;5,5;1,6;
2026/06/19;2200 UTC;0;993,3;993,3;993;;21,1;16,2;22;21,1;16,2;16;73;69;73;195;2,8;1,1;
2026/06/19;2300 UTC;0;993,6;993,6;993,3;;20,6;16,3;21,1;20,6;16,4;16,2;77;73;77;186;2,6;1,6;
2026/06/20;0000 UTC;0;993,7;993,7;993,5;;20,2;16,3;20,6;20,1;16,3;16,2;78;77;78;193;2,2;1,6;
2026/06/20;0100 UTC;0;993,9;993,9;993,7;;19,8;16,4;20,2;19,8;16,5;16,3;81;78;81;209;2,5;1,8;
2026/06/20;0200 UTC;0;993,8;994;993,8;;19,5;17,5;19,8;19,5;17,9;16,3;89;81;88;206;2,5;1,7;
2026/06/20;0300 UTC;0;993,8;994,1;993,8;;19,9;17,3;20,1;19,5;17,8;16,8;88;82;85;232;3,2;1,5;
2026/06/20;0400 UTC;0;993,5;993,8;993,5;;19,8;19,8;19,9;19,7;19,8;17,3;100;85;100;192;2,9;1,2;
2026/06/20;0500 UTC;,2;992,9;993,5;992,9;;19,6;;20;19,6;;;;;;226;2,3;1,6;
2026/06/20;0600 UTC;,4;992,4;992,9;992,4;;20,1;;20,1;19,6;;;;;;179;4;2;
2026/06/20;0700 UTC;0;992,4;992,5;992,3;;19,7;;20,2;19,7;;;;;;230;3,5;1,7;
2026/06/20;0800 UTC;,6;992,7;992,8;992,3;;19,7;;19,9;19,7;;;;;;246;2,9;,8;
2026/06/20;0900 UTC;,4;992,8;992,8;992,6;4;19,8;;19,9;19,7;;;;;;239;2,5;1,4;
2026/06/20;1000 UTC;0;993,4;993,4;992,8;145,2;20;;20,1;19,6;;;;;;235;3,2;1,8;
2026/06/20;1100 UTC;0;994,2;994,3;993,4;408,4;21,7;;21,7;20;;;;;;215;5,3;3;
2026/06/20;1200 UTC;0;994,2;994,3;994,2;1080,1;23,4;22,9;23,4;21,6;;;;;97;197;5,3;2,8;
2026/06/20;1300 UTC;0;993,9;994,2;993,9;1251,4;24,1;20,6;24,3;23,2;22,5;19,6;97;76;81;175;6,8;2,9;
2026/06/20;1400 UTC;,2;993,8;994;993,8;1079,8;24,4;21,4;24,4;22,6;23,3;20,1;100;79;84;172;7,7;3,5;
2026/06/20;1500 UTC;0;993,1;993,8;993,1;1113,5;22,5;22,5;24,8;22,5;22,5;18,6;100;69;100;124;9;3,9;
2026/06/20;1600 UTC;0;992,4;993,1;992,4;1589,7;24,6;21,4;24,7;22,5;23,8;21,4;100;83;83;145;9;2,9;
2026/06/20;1700 UTC;1;992,1;992,4;992;818,2;21,9;;24,6;21,9;;;;;;150;8,4;4,3;
2026/06/20;1800 UTC;1,8;991,7;992,1;991,7;645,8;22,1;;22,1;21,6;;;;;;139;7,9;3,5;
2026/06/20;1900 UTC;0;991,7;991,7;991,6;521,6;22,8;20,1;23;22,1;;;;;85;134;7,1;2,8;
2026/06/20;2000 UTC;0;991,9;992;991,6;179,3;22,3;20,2;22,9;22,3;20,3;19,1;88;80;88;113;6,5;1,6;
2026/06/20;2100 UTC;0;992,1;992,2;991,8;6,6;21,9;19,7;22,4;21,8;20,4;19,7;91;88;88;136;3,5;1,9;
2026/06/20;2200 UTC;0;992,2;992,2;992;;21,6;18,3;21,9;21,5;19,6;18,3;88;81;81;141;4,3;2,4;
2026/06/20;2300 UTC;0;992,7;992,7;992,2;;21;18,7;21,6;21;18,9;18,3;88;81;87;147;4,3;1,4;
2026/06/21;0000 UTC;0;992,9;992,9;992,7;;20,6;18,4;21;20,6;18,7;18,3;87;86;87;170;3;1,5;
2026/06/21;0100 UTC;0;993,1;993,1;992,9;;20,9;18,9;20,9;20,4;19,4;18,4;93;87;89;161;2,9;1,3;
2026/06/21;0200 UTC;0;993,2;993,3;993,1;;20,7;19,7;21;20,7;19,7;18,3;94;85;94;218;2,1;1,1;
2026/06/21;0300 UTC;0;992,8;993,2;992,8;;20,1;20;20,7;20,1;20,4;19,8;100;94;99;191;2,3;1,6;
2026/06/21;0400 UTC;0;992,4;992,8;992,4;;19,8;19,1;20,1;19,7;20;19,1;100;96;96;162;2,3;1,3;
2026/06/21;0500 UTC;0;992,2;992,4;992,2;;19,3;19;20;19,3;19,1;17,4;99;86;99;235;2,2;,8;
2026/06/21;0600 UTC;0;992;992,2;991,8;;18,6;;19,3;18,5;;;;;;21;2,4;,8;
2026/06/21;0700 UTC;0;992,2;992,2;992;;18,1;;18,6;18;;;;;;281;1,7;,9;
2026/06/21;0800 UTC;0;992,4;992,4;992,1;;18,1;;18,1;17,9;;;;;;213;1,5;,9;
2026/06/21;0900 UTC;0;992,9;992,9;992,4;1,2;18;;18,2;17,8;;;;;;219;2;1,4;
2026/06/21;1000 UTC;0;993,2;993,2;992,9;87,9;19,5;19,1;19,5;17,9;;;;;98;268;2;,6;
2026/06/21;1100 UTC;0;993,5;993,6;993,2;164,1;21,9;18,6;21,9;19,5;19,8;18,4;98;81;82;213;2;1,1;
2026/06/21;1200 UTC;0;993,4;993,5;993,4;1573,2;24,4;17,7;24,4;21,9;18,9;17,2;83;65;66;130;3;1,4;
2026/06/21;1300 UTC;0;993,3;993,5;993,3;2113,9;25,7;17,7;26,6;24,3;19,4;15,8;68;55;61;122;5,5;1,9;
2026/06/21;1400 UTC;0;992,8;993,3;992,8;2708,3;27,2;16,9;27,3;25,6;17,9;15,6;61;52;53;170;4,9;1,9;
2026/06/21;1500 UTC;0;992,1;992,8;992,1;1822,3;26,3;15,7;28,3;25,6;17,7;15;58;47;52;138;4,9;2,6;
2026/06/21;1600 UTC;0;991,3;992,1;991,3;1817,2;28;15,6;28,2;26,2;17,6;15,1;56;46;47;130;4,8;1,3;
2026/06/21;1700 UTC;0;990,8;991,3;990,8;2036;27,6;16,7;29;26,5;17,5;15,5;56;44;51;107;6,9;2,5;
2026/06/21;1800 UTC;0;990,8;990,8;990,7;1429,5;26,3;17;28,1;26;17,7;15,7;57;49;57;100;6,8;2,7;
2026/06/21;1900 UTC;0;991,1;991,1;990,7;1009,9;25,6;16,8;26,9;25,6;17,2;16,3;59;53;58;104;6,1;3;
2026/06/21;2000 UTC;0;991,6;991,6;991,1;142,4;24,1;17;25,6;24,1;17;16,4;65;58;65;95;6,9;1,9;
2026/06/21;2100 UTC;0;992,1;992,1;991,6;4,9;23;17;24,1;22,9;17;16,9;69;65;69;98;4,9;1,6;
2026/06/21;2200 UTC;0;992,8;992,8;992,1;;22,5;17,2;23,1;22,5;17,2;17;72;69;72;95;4,4;1,6;
2026/06/21;2300 UTC;0;993,6;993,6;992,8;;22,4;16,8;22,5;22,3;17,1;16,8;72;71;71;98;4,5;1,5;
2026/06/22;0000 UTC;0;994;994,1;993,6;;22,3;16,7;22,4;22,2;16,8;16,7;71;70;71;108;4,6;1,8;
2026/06/22;0100 UTC;0;994,2;994,3;994;;22;17,2;22,5;21,9;17,2;16,7;74;70;74;116;5,4;2;
2026/06/22;0200 UTC;0;993,9;994,2;993,9;;22,1;16,8;22,3;22;17,4;16,8;74;72;72;104;3,8;1,3;
2026/06/22;0300 UTC;0;993,6;993,9;993,6;;20,8;16,7;22,1;20,8;16,8;16,4;77;71;77;149;3,8;1,2;
2026/06/22;0400 UTC;0;993,2;993,6;993,2;;20,2;17,9;20,8;20,2;18;16,6;87;77;87;162;2,2;1,4;
2026/06/22;0500 UTC;0;992,9;993,2;992,9;;20,6;16,2;20,8;20,2;18,3;16,2;88;76;76;125;2,4;1,1;
2026/06/22;0600 UTC;0;992,6;992,9;992,6;;19,7;16,4;20,6;19,6;16,4;15,8;81;76;81;121;1,7;,9;
2026/06/22;0700 UTC;0;992,8;992,8;992,6;;19;19;20;19;19;16,6;100;81;100;210;2,2;1;
2026/06/22;0800 UTC;0;993;993;992,8;;18,7;;19,3;18,6;;;;;;209;1,8;1,1;
2026/06/22;0900 UTC;0;993,3;993,3;993;1,5;18,7;;18,8;18,6;;;;;;225;1,6;1,1;
2026/06/22;1000 UTC;0;994,1;994,1;993,3;86,4;19,9;;19,9;18,7;;;;;;243;1,7;,5;
2026/06/22;1100 UTC;0;994,8;994,8;994,1;161,3;22,9;21,1;22,9;19,9;;;;;89;210;1,7;,7;
2026/06/22;1200 UTC;0;994,9;994,9;994,7;1571,8;24,8;17,8;24,8;22,9;21,2;17,4;90;65;65;166;3,8;1,9;
2026/06/22;1300 UTC;0;994,8;995;994,8;2333,5;26,6;14,8;26,8;24,8;18,1;14,7;66;47;48;107;4,1;1,7;
2026/06/22;1400 UTC;0;994,1;994,8;994,1;2664,9;27,8;13,3;27,8;26,3;15,4;12,1;50;38;41;132;5;2,5;
2026/06/22;1500 UTC;0;993,4;994,1;993,4;2817,3;28,3;12,5;28,7;27,2;14,6;12,4;44;37;38;180;5,9;2,8;
2026/06/22;1600 UTC;0;992,6;993,4;992,6;2760;28,5;11,8;28,9;27,9;13,8;11,6;41;35;35;184;5,8;2,5;
2026/06/22;1700 UTC;0;991,8;992,6;991,8;2496,1;28,3;11,3;28,8;28,2;12,3;10,4;37;33;35;165;6,4;3,2;
2026/06/22;1800 UTC;0;991,5;991,8;991,5;2084,5;28,3;13,9;28,9;28,2;14,6;11,2;42;34;41;149;6,6;2,9;
2026/06/22;1900 UTC;0;991,9;991,9;991,5;841,5;26,4;13,7;28,3;26,4;14,5;13,7;46;41;46;115;7,5;3,8;
2026/06/22;2000 UTC;0;992,6;992,6;991,9;125,9;24,8;14,1;26,5;24,8;14,1;13,2;52;45;52;116;7,2;2,9;
2026/06/22;2100 UTC;0;993,1;993,1;992,6;5,8;23,2;14,5;24,8;23,2;14,5;14;58;52;58;130;6;2,6;
2026/06/22;2200 UTC;0;993,5;993,5;993,1;;22,2;15;23,2;22,2;15;14,4;64;58;64;147;5,2;2,1;
2026/06/22;2300 UTC;0;993,8;993,8;993,5;;21,4;15,3;22,2;21,4;15,3;15;68;64;68;154;4,6;2;
2026/06/23;0000 UTC;0;993,9;993,9;993,7;;20,4;15,4;21,4;20,4;15,6;15,3;73;68;73;170;3,7;1,6;
2026/06/23;0100 UTC;0;993,8;993,9;993,8;;20,6;15,6;20,6;20,1;15,7;15,4;75;73;73;154;3,3;1,8;
2026/06/23;0200 UTC;0;993,5;993,8;993,5;;19,7;15,4;20,8;19,7;15,6;15,3;77;72;77;180;3,7;1,6;
2026/06/23;0300 UTC;0;993,1;993,5;993,1;;19,4;15,8;19,7;19,4;15,8;15,5;79;77;79;186;2,4;1,8;
2026/06/23;0400 UTC;0;992,5;993,1;992,5;;19,1;15,5;19,9;19,1;16,1;15,4;80;78;80;225;2,3;1,4;
2026/06/23;0500 UTC;0;992,1;992,5;992,1;;18,8;18;19,1;18,7;18;15,6;96;80;96;218;2;1,2;
2026/06/23;0600 UTC;0;991,8;992,1;991,8;;18,7;;19;18,6;18,7;17,8;100;95;;198;2,1;1,3;
2026/06/23;0700 UTC;0;991,9;991,9;991,8;;18,7;;18,9;18,7;;;;;;222;1,9;1;
2026/06/23;0800 UTC;0;992,2;992,2;991,9;;19,1;;19,2;18,7;;;;;;220;2;1,5;
2026/06/23;0900 UTC;0;992,7;992,7;992,2;1,2;19,4;;19,4;19;;;;;;205;2;1,3;
2026/06/23;1000 UTC;0;993,3;993,3;992,7;164;20,1;;20,1;19,4;;;;;;219;2,4;1,6;
2026/06/23;1100 UTC;0;994;994;993,3;440,1;21;21;21,2;20,2;21,2;20,6;100;98;100;193;4,6;2,2;
2026/06/23;1200 UTC;0;994,3;994,3;994;923,9;23,3;21,4;23,4;21;23;20,8;100;87;89;160;4,9;2,9;
2026/06/23;1300 UTC;0;993,9;994,3;993,9;1753,9;25,2;18,7;25,7;23,2;21,9;18,7;89;67;67;158;6,5;3,1;
2026/06/23;1400 UTC;0;993,5;993,9;993,5;1226,8;22,8;21,9;25,7;22,8;22,1;18,7;95;67;94;155;7,7;3,8;
2026/06/23;1500 UTC;,8;992,4;993,5;992,4;1558,3;25,3;20;25,3;22,5;24,3;20;100;73;73;145;6,1;3,1;
2026/06/23;1600 UTC;0;991,2;992,4;991,2;1677;24,9;20,4;25,4;24,6;21;19;78;69;76;193;6,5;3,1;
2026/06/23;1700 UTC;,6;990,7;991,2;990,6;1675,2;23,5;23,5;27;23,1;23,6;18,6;100;63;100;120;7,4;3;
2026/06/23;1800 UTC;0;990,5;990,7;990,4;1107,3;23,7;19,7;25,2;23,3;23,5;19,6;100;73;78;130;7;3,8;
2026/06/23;1900 UTC;0;990,8;990,8;990,5;622,9;23,7;19;24,2;23,7;19,9;18,6;78;72;75;123;7,8;3,9;
2026/06/23;2000 UTC;0;991,4;991,4;990,8;187,7;21,5;;23,7;21,5;;;;;;101;12;2,8;
2026/06/23;2100 UTC;0;991,7;991,7;991,4;16,8;21;;21,6;21;;;;;;69;6,9;2,7;
2026/06/23;2200 UTC;0;992,1;992,1;991,7;;20,9;;21,1;20,8;;;;;;85;5,2;1;
2026/06/23;2300 UTC;0;992,6;992,6;992,1;;20,9;;21,1;20,8;;;;;;65;3;1,6;
2026/06/24;0000 UTC;0;992,7;992,8;992,6;;21,4;;21,4;20,9;;;;;;169;4,1;,9;
2026/06/24;0100 UTC;0;992,8;992,9;992,7;0;21,2;;21,5;21,2;;;;;;235;2;1;
2026/06/24;0200 UTC;0;992,6;992,8;992,6;;21,2;;21,3;21,2;;;;;;348;2,1;,8;
2026/06/24;0300 UTC;0;992,2;992,6;992,2;;21,1;;21,2;21,1;;;;;;234;2,1;1;
2026/06/24;0400 UTC;0;991,4;992,2;991,4;;20,8;;21,1;20,8;;;;;;213;1,6;1,1;
2026/06/24;0500 UTC;0;990,9;991,4;990,9;;20,4;;20,9;20,4;;;;;;171;2,1;1,4;
2026/06/24;0600 UTC;0;990,6;990,9;990,6;;19,9;;20,4;19,9;;;;;;227;2,1;,8;
2026/06/24;0700 UTC;0;990,8;990,8;990,6;;19,9;;20;19,8;;;;;;191;1,9;,8;
2026/06/24;0800 UTC;0;991,1;991,1;990,8;;19,6;;20,2;19,5;;;;;;82;1,5;,6;
2026/06/24;0900 UTC;0;991,8;991,8;991,1;1;19;;19,6;19;;;;;;236;,9;,5;
2026/06/24;1000 UTC;0;992,4;992,4;991,8;115,9;20,2;;20,2;19;;;;;;250;1,2;,8;
2026/06/24;1100 UTC;0;993,2;993,2;992,4;318,3;22,1;;22,2;20,2;;;;;;215;1,6;,7;
2026/06/24;1200 UTC;0;993,5;993,5;993,2;1403,2;25,1;19,4;25,6;22,1;;;;;71;100;5,6;2,1;
2026/06/24;1300 UTC;0;993,3;993,5;993,3;1980,1;26,4;17,6;27,3;25,1;20,7;17,6;73;57;58;102;6,8;2,5;
2026/06/24;1400 UTC;0;992,6;993,3;992,6;1752,6;27,6;17,8;28,1;26;18,8;17,4;62;54;55;78;7;3,2;
2026/06/24;1500 UTC;0;991,9;992,6;991,9;2585;27,8;16,1;29;27,3;18,6;15,7;57;48;49;112;7,2;3,5;
2026/06/24;1600 UTC;0;991,1;991,9;991,1;2412,9;28;16,6;29,5;26,6;18,6;16,3;57;49;50;101;8,5;3,5;
2026/06/24;1700 UTC;0;990,4;991,1;990,4;2314;28,4;16,5;29;27,8;17,7;15,2;53;45;49;102;8,4;3,5;
2026/06/24;1800 UTC;0;990,1;990,4;990;1671,3;27,4;16;29;26,9;18,4;15,1;57;43;50;86;8,5;3,4;
2026/06/24;1900 UTC;0;990,2;990,2;990;975,9;27;16,8;27,7;26,9;17,1;15,7;54;48;54;89;8,8;2,8;
2026/06/24;2000 UTC;0;990,7;990,7;990,2;122,8;25,3;18,2;27;25,3;18,2;16,8;65;54;65;76;7;3,4;
2026/06/24;2100 UTC;0;991;991;990,7;5,7;23,9;18,8;25,3;23,9;18,8;18,2;73;65;73;90;5,8;1,5;
2026/06/24;2200 UTC;0;991,8;991,8;991;;23,3;19;23,9;23,3;19;18,8;77;73;77;89;3,9;1,7;
2026/06/24;2300 UTC;0;992,4;992,4;991,8;;23,1;19,4;23,3;23;19,4;18,9;80;77;80;108;3,9;1,5;
2026/06/25;0000 UTC;0;992,7;992,7;992,4;;22,9;21,1;23,1;22,9;21,2;19,4;90;80;90;99;4,2;1,4;
2026/06/25;0100 UTC;0;993;993;992,7;;22,7;21,8;22,9;22,7;22;21,2;95;90;95;93;4,2;1,4;
2026/06/25;0200 UTC;0;993;993;992,9;;22,6;;22,7;22,5;;;;;;109;4;1,6;
2026/06/25;0300 UTC;0;992,7;993;992,7;;21,6;;22,6;21,6;;;;;;51;3,5;,7;
2026/06/25;0400 UTC;0;992,2;992,7;992,2;;21,7;;21,8;21,4;;;;;;113;2,2;,7;
2026/06/25;0500 UTC;0;991,9;992,2;991,9;;20,3;;21,7;20,3;;;;;;216;1,6;,7;
2026/06/25;0600 UTC;0;991,9;992;991,7;;20,1;;20,9;20,1;;;;;;41;5,6;3;
2026/06/25;0700 UTC;,4;991,9;991,9;991,6;;20,9;;20,9;20,1;;;;;;58;5,6;1,9;
2026/06/25;0800 UTC;,4;992;992,2;991,9;;21,3;;21,4;20,9;;;;;;63;3;,8;
2026/06/25;0900 UTC;,4;992,7;992,7;992;3,6;20,8;;21,3;20,8;;;;;;194;3,9;1,1;
2026/06/25;1000 UTC;0;993,5;993,5;992,7;188,7;21,3;;21,3;20,8;;;;;;192;2,7;1,9;
2026/06/25;1100 UTC;0;994,4;994,4;993,5;510,9;22,3;;22,6;21,1;;;;;;191;3,8;2,3;
2026/06/25;1200 UTC;0;994,6;994,7;994,4;1200,2;24,3;21,7;24,4;22,2;;;;;85;147;4,4;1,6;
2026/06/25;1300 UTC;2,2;995,1;995,2;994,6;733,8;22,4;;24,8;22,4;22,7;20,9;100;80;;60;7,6;3,3;
2026/06/25;1400 UTC;,2;994,2;995,1;994,2;1716,4;25,5;21,7;25,5;22,1;;;;;80;181;8;2,6;
2026/06/25;1500 UTC;0;993,8;994,2;993,7;1937,2;25,5;18,6;26,5;25,4;21,2;17,5;80;61;66;124;8,9;4,7;
2026/06/25;1600 UTC;0;993,1;993,8;993;1375,4;26,2;19;26,3;23,6;21,5;18;80;64;65;132;9,6;4,8;
2026/06/25;1700 UTC;0;992,7;993,1;992,7;2094,7;27;15,8;27,3;26,1;19,8;15,4;67;49;50;112;10,4;5,1;
2026/06/25;1800 UTC;0;992,7;992,7;992,6;1837,8;27;14,7;27,5;26,7;16,8;13,7;53;44;47;131;10,8;5,1;
2026/06/25;1900 UTC;0;992,9;992,9;992,6;985,6;26,2;16,7;27,1;26,1;16,7;15,3;56;47;56;122;9,4;4,2;
2026/06/25;2000 UTC;0;993,4;993,4;992,9;281,3;25,1;17,3;26,3;25,1;17,3;16,2;62;55;62;102;8,2;2,1;
2026/06/25;2100 UTC;0;993,8;993,8;993,4;13,6;23,8;18,6;25,1;23,8;18,6;17,3;73;62;73;126;5,5;3,3;
2026/06/25;2200 UTC;0;994,1;994,1;993,7;;23,2;18,9;23,8;23,2;18,9;18,5;77;73;77;139;4,9;2,1;
2026/06/25;2300 UTC;0;994,7;994,7;994,1;;22,7;;23,2;22,7;22,7;18,9;100;77;;155;4,4;2,6;
2026/06/26;0000 UTC;0;995,2;995,2;994,7;;22,5;;22,7;22,5;;;;;;139;5,1;2,2;
2026/06/26;0100 UTC;2;995,2;995,4;995,2;;22,2;;22,5;22,1;;;;;;110;4,4;2,3;
2026/06/26;0200 UTC;1,2;994,9;995,3;994,9;;22,2;;22,3;22,2;;;;;;69;5,1;1,7;
2026/06/26;0300 UTC;1,6;994,7;995;994,7;;22,3;;22,3;22,2;;;;;;70;6,4;2,5;
2026/06/26;0400 UTC;0;994,2;994,7;994,2;;22,3;;22,4;22,2;;;;;;55;5;1,2;
2026/06/26;0500 UTC;,4;993,6;994,2;993,6;,1;22,3;;22,4;22,3;;;;;;57;2,9;1,7;
2026/06/26;0600 UTC;0;993,2;993,6;993,2;;22,2;;22,3;22;;;;;;183;2,9;1,1;
2026/06/26;0700 UTC;1,4;993,6;993,6;993,2;;22,2;;22,3;22,1;;;;;;118;3,9;2;
2026/06/26;0800 UTC;,6;993,7;993,9;993,6;1;21,9;;22,2;21,9;;;;;;118;4,5;2,2;
2026/06/26;0900 UTC;,4;994;994;993,7;2,1;22,1;;22,1;21,9;;;;;;161;4,4;1,2;
2026/06/26;1000 UTC;0;994,6;994,6;994;178;22,8;;22,8;22,1;;;;;;105;3,1;1,3;
2026/06/26;1100 UTC;2;995,6;995,6;994,6;201,2;22,6;;22,8;22,5;;;;;;113;8,2;3,3;
2026/06/26;1200 UTC;2,4;996,1;996,1;995,6;552,7;23,3;;23,4;22,5;;;;;;77;9,9;3;
2026/06/26;1300 UTC;0;996;996,1;996;1153,4;25,2;21;25,3;23,3;23,6;20,1;99;74;77;107;9;3,9;
2026/06/26;1400 UTC;0;995,8;996;995,8;1160,8;25,9;22,2;25,9;24,2;25;21;99;77;80;83;9,7;4,2;
2026/06/26;1500 UTC;0;995,3;995,9;995,3;1187;25,8;21,2;26,3;24,7;23;19,5;88;68;76;102;9,5;2,7;
2026/06/26;1600 UTC;0;994,7;995,3;994,7;1145,3;25,1;23,8;26,8;24,7;24,2;20,3;95;69;92;109;7,6;3,3;
2026/06/26;1700 UTC;0;994;994,7;994;1085,3;25,9;20,8;26;24,9;23,9;20,4;93;73;74;111;9,4;3,5;
2026/06/26;1800 UTC;,4;993,9;994,2;993,8;572,2;24,8;23,5;25,9;23,8;24,2;21;100;74;93;85;9,6;2,6;
2026/06/26;1900 UTC;,4;994,2;994,2;993,9;320,5;23,8;23,8;25,3;23,2;23,8;21,3;100;81;100;112;8,7;3,4;
2026/06/26;2000 UTC;0;994,6;994,6;994,2;123,4;24;23,8;24,2;23,8;24;23,7;100;98;99;107;7,5;2,7;
2026/06/26;2100 UTC;0;994,9;994,9;994,6;5,3;23,4;;24;23,3;;;;;;110;6,3;2,5;
2026/06/26;2200 UTC;0;995,4;995,4;994,9;;23,2;;23,4;23,2;;;;;;126;4,9;1,9;
2026/06/26;2300 UTC;0;995,9;995,9;995,4;;23;;23,2;23;;;;;;132;4;1,5;
2026/06/27;0000 UTC;0;996,2;996,3;995,9;;22,3;;23;22,3;;;;;;91;7,5;2,6;
2026/06/27;0100 UTC;0;996,2;996,2;996;;22,3;;22,7;22,3;;;;;;162;7,5;1,2;
2026/06/27;0200 UTC;0;996;996,2;996;;22;;22,4;22;;;;;;165;2,8;1,1;
2026/06/27;0300 UTC;0;995,6;996,1;995,6;;21,8;;22,1;21,8;;;;;;180;2,9;1,3;
2026/06/27;0400 UTC;0;995,1;995,6;995,1;;22;;22;21,8;;;;;;131;3,5;1,8;
2026/06/27;0500 UTC;0;994,6;995,1;994,6;;21,9;;22;21,9;;;;;;178;3,8;1,2;
2026/06/27;0600 UTC;,2;994,1;994,6;994,1;;21,6;;22;21,6;;;;;;139;2,5;,9;
2026/06/27;0700 UTC;0;994,2;994,2;994;;21,2;;21,7;21,2;;;;;;195;2,5;1,3;
2026/06/27;0800 UTC;0;994,3;994,3;994,1;;20,6;;21,2;20,6;;;;;;182;4,3;1,9;
2026/06/27;0900 UTC;0;994,7;994,7;994,3;1;21;;21;20,6;;;;;;142;4,5;2,2;
2026/06/27;1000 UTC;0;995,3;995,3;994,7;90,1;21,3;;21,3;20,9;;;;;;157;3,9;1,9;
2026/06/27;1100 UTC;0;996;996;995,3;403;24;;24;21,3;;;;;;111;6;2,2;
2026/06/27;1200 UTC;,8;996,2;996,2;996;807,9;23,3;23,3;24,9;23;24;21,3;100;81;100;136;8,2;2,9;
2026/06/27;1300 UTC;,2;996,2;996,3;996,1;1016,8;25,5;19,4;25,5;23;24;19,3;100;69;69;106;7,9;3,6;
2026/06/27;1400 UTC;0;996,1;996,3;996,1;2167,4;26,8;15,9;26,8;25,5;20,2;15,7;70;51;51;120;9,8;5,1;
2026/06/27;1500 UTC;0;995,6;996,1;995,6;2759;27,5;15,8;27,8;26,4;16,8;14,8;55;47;49;107;9,5;3,2;
2026/06/27;1600 UTC;0;994,6;995,7;994,6;2604,5;27,8;13,1;27,9;26,8;16,2;12,9;51;40;41;100;10,2;3,7;
2026/06/27;1700 UTC;0;994;994,6;994;2159;27,1;16,1;28;26,7;16,1;13;51;40;51;136;10,2;3,7;
2026/06/27;1800 UTC;0;993,7;994;993,6;1876,1;26,8;15,1;27,4;26,5;16,5;14,6;52;48;49;128;7,8;4,5;
2026/06/27;1900 UTC;0;993,7;993,7;993,5;969,5;25,9;16,9;27;25,9;16,9;13,7;58;45;58;120;9,1;4,7;
2026/06/27;2000 UTC;0;994,3;994,3;993,7;219,6;24,8;18;25,9;24,8;18;16,8;66;58;66;119;10,4;4,3;
2026/06/27;2100 UTC;0;994,5;994,5;994,3;4,7;23,2;17,9;24,8;22,8;18,1;17,6;75;66;72;96;10,4;1,9;
2026/06/27;2200 UTC;0;994,8;994,8;994,4;;22,9;18,1;23,3;22,9;18,1;17,7;74;71;74;123;5,1;2,2;
2026/06/27;2300 UTC;0;995,1;995,1;994,8;;22,9;18,1;22,9;22,5;18,2;18;77;74;75;109;5,1;2,5;
2026/06/28;0000 UTC;0;995,6;995,6;995,1;;22,8;17,9;23;22,8;18,1;17,8;75;73;74;116;5,3;2;
2026/06/28;0100 UTC;0;995,8;995,8;995,6;;22,2;18;22,8;22,2;18;17,8;77;74;77;98;3,9;1,3;
2026/06/28;0200 UTC;0;995,6;995,8;995,6;;22,2;18;22,7;22,2;18,1;17,9;77;75;77;138;4,2;1,6;
2026/06/28;0300 UTC;0;995;995,6;995;;22,4;18;22,6;22;18,3;18;79;76;76;105;4,5;1,4;
2026/06/28;0400 UTC;0;994,4;995;994,4;;21,9;17,7;22,4;21,9;18;17,7;78;76;77;110;4;1,7;
2026/06/28;0500 UTC;0;993,7;994,4;993,7;;20,8;17,4;21,9;20,8;17,7;17,2;81;77;81;61;3,9;1;
2026/06/28;0600 UTC;0;993,4;993,7;993,4;;20;;20,8;20;20,4;17,5;100;81;;78;2,3;,8;
2026/06/28;0700 UTC;0;993,6;993,6;993,3;;19,6;;20;19,4;;;;;;244;1,4;1;
2026/06/28;0800 UTC;0;993,7;993,7;993,6;;19,5;;19,7;19,5;;;;;;231;2,1;1,1;
2026/06/28;0900 UTC;0;993,7;993,7;993,6;1,5;20;;20;19,5;;;;;;268;2;,6;
2026/06/28;1000 UTC;4;994,8;994,8;993,7;63,1;20,2;;20,5;19,8;;;;;;182;3;,9;
2026/06/28;1100 UTC;4,2;995,2;995,2;994,7;356,4;21,3;;21,3;20,2;;;;;;252;2,2;1;
2026/06/28;1200 UTC;3,4;995,6;995,6;995,2;483,9;22,2;;22,2;21,2;;;;;;40;2,3;,9;
2026/06/28;1300 UTC;3,2;995,7;995,7;995,6;628,8;22,4;;22,6;21,9;;;;;;115;6,4;3,5;
2026/06/28;1400 UTC;3;995,3;995,7;995,3;1061,1;23;;23,1;22,2;;;;;;98;8,6;2,9;
2026/06/28;1500 UTC;1;994,4;995,3;994,4;1239;23,1;;23,6;22,9;;;;;;122;8,7;4,4;
2026/06/28;1600 UTC;0;993,8;994,4;993,7;1670;23,8;;24,4;23;;;;;;128;8,7;2,8;
2026/06/28;1700 UTC;3,6;992,9;993,8;992,9;644,8;23;;23,8;22,5;;;;;;102;6,5;,8;
2026/06/28;1800 UTC;0;992,7;992,9;992,6;1090,2;24,1;;24,2;23;;;;;;147;5,7;2,7;
2026/06/28;1900 UTC;0;992,6;992,7;992,6;699,1;24,4;21,5;25,1;23,9;24,6;20,9;100;79;84;132;5,8;3,1;
2026/06/28;2000 UTC;0;992,8;992,8;992,6;215,9;23,6;23,6;24,8;23,6;23,6;20,9;100;80;100;144;6,6;1,7;
2026/06/28;2100 UTC;,2;993,1;993,1;992,8;7,8;22,3;;23,6;22,3;;;;;;115;5,4;2,8;
2026/06/28;2200 UTC;0;993,5;993,5;993,1;;22;;22,3;22;;;;;;126;5,4;2,2;
2026/06/28;2300 UTC;0;994;994;993,5;;21,9;;22,1;21,8;;;;;;170;3,5;1,4;
2026/06/29;0000 UTC;0;994,1;994,2;994;;22,1;;22,1;21,9;;;;;;164;3,7;2;
2026/06/29;0100 UTC;1,8;994,2;994,3;994,1;0;21,8;;22,1;21,8;;;;;;119;5,8;3,3;
2026/06/29;0200 UTC;,4;994;994,2;993,9;;21,6;;21,9;21,6;;;;;;111;5,8;2,1;
2026/06/29;0300 UTC;,8;993,8;994;993,8;;21,8;;21,8;21,6;;;;;;89;4,9;1,2;
2026/06/29;0400 UTC;2,6;993,3;993,8;993,3;0;21,6;;21,8;21,5;;;;;;104;5,1;2,2;
2026/06/29;0500 UTC;,2;992,5;993,3;992,5;;21,5;;21,6;21,4;;;;;;103;5,9;1,5;
2026/06/29;0600 UTC;,8;992,2;992,5;992,1;;21,7;;21,7;21,5;;;;;;125;5,3;1,6;
2026/06/29;0700 UTC;1,8;992,3;992,3;992,2;;21,6;;21,7;21,6;;;;;;98;5,1;1,6;
2026/06/29;0800 UTC;1,4;992,6;992,6;992,2;;21,4;;21,6;21,4;;;;;;65;5,5;2,8;
2026/06/29;0900 UTC;,8;993;993;992,6;1,4;21,3;;21,4;21,3;;;;;;102;5;1,6;
2026/06/29;1000 UTC;,8;993,7;993,7;992,9;85,6;21,6;;21,6;21,2;;;;;;85;7,3;1,5;
2026/06/29;1100 UTC;,2;994,4;994,4;993,7;379,8;22,3;;22,5;21,6;;;;;;57;3,9;2,1;
2026/06/29;1200 UTC;,4;994,8;994,9;994,3;631,7;22,2;;22,5;22;;;;;;81;7,5;2,6;
2026/06/29;1300 UTC;5,8;995,1;995,1;994,8;759,6;22,1;;23;22,1;;;;;;102;8,1;3,4;
2026/06/29;1400 UTC;,2;994,4;995,1;994,4;1720,8;23,6;;24;22,1;;;;;;152;8,1;3;
2026/06/29;1500 UTC;4,8;994,1;994,5;994,1;676,5;22,3;;23,6;22,1;;;;;;124;7,7;4,2;
2026/06/29;1600 UTC;,2;993,5;994,1;993,5;1102,4;23,3;;23,6;22,3;;;;;;137;7,8;2,6;
2026/06/29;1700 UTC;6;993,1;993,5;993,1;571,2;22;;23,6;22;;;;;;119;6,8;2,3;
2026/06/29;1800 UTC;4;992,8;993,1;992,7;537,6;21,8;;22,3;21,7;;;;;;120;6,5;3,1;
2026/06/29;1900 UTC;1,8;993,2;993,2;992,8;256,3;22,1;;22,1;21,8;;;;;;23;5,8;1,3;
2026/06/29;2000 UTC;,4;993,1;993,2;992,8;207,9;22,1;;22,4;22;;;;;;160;3,8;2,1;
2026/06/29;2100 UTC;0;993,2;993,3;993,1;12,3;22;;22,1;22;;;;;;139;4,9;2,5;
2026/06/29;2200 UTC;0;993,8;993,8;993,2;;22,1;;22,2;22;;;;;;181;4,9;1,7;
2026/06/29;2300 UTC;0;994,1;994,1;993,8;;21,8;;22,1;21,7;;;;;;146;3;1,2;
2026/06/30;0000 UTC;0;994,5;994,5;994,1;;21,7;;21,8;21,7;;;;;;128;3;1,4;
2026/06/30;0100 UTC;0;994,5;994,7;994,5;;21,3;;21,7;21,3;;;;;;66;2,8;,5;
2026/06/30;0200 UTC;0;994,5;994,7;994,4;;21,3;;21,8;21;;;;;;76;8,3;2,8;
2026/06/30;0300 UTC;0;994,1;994,5;994,1;;21,2;;21,3;20,9;;;;;;121;5,2;1,8;
2026/06/30;0400 UTC;0;993,8;994,1;993,8;;21,1;;21,3;21,1;;;;;;128;3,1;1,5;
2026/06/30;0500 UTC;0;993;993,8;993;;20,3;;21,2;20,3;;;;;;191;2,5;1,1;
2026/06/30;0600 UTC;,2;992,6;993;992,6;;20,3;;20,7;20;;;;;;169;2,6;1,5;
2026/06/30;0700 UTC;0;992,5;992,6;992,4;;19,9;;20,5;19,9;;;;;;150;2,4;1;
2026/06/30;0800 UTC;0;992,6;992,6;992,4;;19,9;;20,2;19,7;;;;;;186;1,8;1,3;
2026/06/30;0900 UTC;0;992,9;992,9;992,5;,5;19,8;;19,9;19,5;;;;;;164;1,6;1,1;
2026/06/30;1000 UTC;0;993,7;993,7;992,9;105,6;20,4;;20,4;19,8;;;;;;147;3,5;2;
2026/06/30;1100 UTC;0;994,3;994,3;993,7;381,7;21,7;;21,8;20,4;;;;;;151;4,9;2,2;
2026/06/30;1200 UTC;0;994,8;994,8;994,3;1039,8;23,2;22,3;23,5;21,5;;;;;95;139;5,6;3,2;
2026/06/30;1300 UTC;,2;995;995;994,8;970,1;23,2;23,2;23,7;23;23,3;21,8;100;92;100;83;5,3;2;
2026/06/30;1400 UTC;,4;994,6;995;994,6;2124,1;24,7;23;24,9;22,6;;;;;91;87;6,2;2,6;
2026/06/30;1500 UTC;,2;993,9;994,6;993,9;3129,1;25,3;20,8;25,3;22,9;24,4;20,8;100;76;76;97;10;3,1;
2026/06/30;1600 UTC;2,4;993,6;993,9;993,5;3431,6;22,7;;26,4;22,6;23,2;19,3;100;68;;79;11,1;3,6;
2026/06/30;1700 UTC;2,6;993,2;993,7;993,2;2293,2;21,7;;22,7;21,6;;;;;;114;11,4;4,5;
2026/06/30;1800 UTC;,4;992,6;993,3;992,6;2667,1;22,3;;22,6;21,5;;;;;;56;9,1;2,9;
2026/06/30;1900 UTC;0;992,2;992,6;992,2;3458,1;23,5;21,3;23,6;22,2;;;;;87;74;5;2;
2026/06/30;2000 UTC;0;992,5;992,5;992,2;3495,1;23,4;20,8;23,7;23,4;21,5;20,6;88;84;86;114;4;1,7;
2026/06/30;2100 UTC;0;992,5;992,5;992,4;3080,9;22,9;22,7;23,4;22,9;22,7;20,9;99;86;99;141;3,4;1,1;
2026/06/30;2200 UTC;0;993,2;993,2;992,5;2961,3;22,3;;22,9;22,3;;;;;;139;2,1;1,3;
2026/06/30;2300 UTC;0;993,5;993,6;993,2;2953,4;21,3;;22,3;21,3;;;;;;191;2,5;1,3;
