REGIAO:;NE
UF:;SE
ESTACAO:;BREJO GRANDE
CODIGO (WMO):;A421
LATITUDE:;-10,47388888
LONGITUDE:;-36,48194443
ALTITUDE:;6,11
DATA DE FUNDACAO:;17/07/08
Data;Hora UTC;PRECIPITAÇÃO TOTAL, HORÁRIO (mm);PRESSAO ATMOSFERICA AO NIVEL DA ESTACAO, HORARIA (mB);PRESSÃO ATMOSFERICA MAX.NA HORA ANT. (AUT) (mB);PRESSÃO ATMOSFERICA MIN. NA HORA ANT. (AUT) (mB);RADIACAO GLOBAL (Kj/m²);TEMPERATURA DO AR - BULBO SECO, HORARIA (°C);TEMPERATURA DO PONTO DE ORVALHO (°C);TEMPERATURA MÁXIMA NA HORA ANT. (AUT) (°C);TEMPERATURA MÍNIMA NA HORA ANT. (AUT) (°C);TEMPERATURA ORVALHO MAX. NA HORA ANT. (AUT) (°C);TEMPERATURA ORVALHO MIN. NA HORA ANT. (AUT) (°C);UMIDADE REL. MAX. NA HORA ANT. (AUT) (%);UMIDADE REL. MIN. NA HORA ANT. (AUT) (%);UMIDADE RELATIVA DO AR, HORARIA (%);VENTO, DIREÇÃO HORARIA (gr) (° (gr));VENTO, RAJADA MAXIMA (m/s);VENTO, VELOCIDADE HORARIA (m/s);
2026/01/01;0000 UTC;0;1015;1015;1014,7;;26,4;24,5;26,6;26,4;24,5;24,2;89;87;89;72;7,1;3;
2026/01/01;0100 UTC;0;1015,2;1015,2;1015;;26,3;24,3;26,5;26,3;24,6;24,2;90;88;89;64;7,7;3;
2026/01/01;0200 UTC;0;1014,9;1015,2;1014,9;;26,2;24,4;26,3;26;24,4;24,2;90;89;90;69;6,3;2,3;
2026/01/01;0300 UTC;0;1014,3;1014,9;1014,3;;26,1;24,4;26,3;26,1;24,4;24,3;90;89;90;67;6,2;2,2;
2026/01/01;0400 UTC;0;1013,5;1014,3;1013,5;;25,8;24,2;26,2;25,8;24,4;24,2;91;90;91;64;6,1;2;
2026/01/01;0500 UTC;0;1012,8;1013,5;1012,8;;25,6;24,2;25,8;25,5;24,2;24,1;92;91;92;66;5,3;1,8;
2026/01/01;0600 UTC;0;1012,2;1012,8;1012,1;;25,5;24,1;25,7;25,4;24,4;24,1;93;92;92;57;4,5;1,9;
2026/01/01;0700 UTC;0;1012,2;1012,3;1012,1;;24,3;23,7;25,6;24,3;24,2;23,7;97;92;97;40;4,5;,7;
2026/01/01;0800 UTC;0;1012,5;1012,5;1012,2;;23,6;23,5;24,3;23,6;23,7;23,4;99;97;99;46;2,2;,8;
2026/01/01;0900 UTC;0;1012,9;1012,9;1012,5;144,6;24,8;24,4;24,8;23,6;24,4;23,5;100;98;98;54;4,1;1,3;
2026/01/01;1000 UTC;0;1013,1;1013,1;1012,9;1002,4;27,4;25;27,4;24,8;25;24,4;98;87;87;54;5,2;2,1;
2026/01/01;1100 UTC;0;1013,2;1013,4;1013,1;2275,1;29,1;23,9;29,2;27,3;24,9;23,8;87;73;74;56;7,7;3,5;
2026/01/01;1200 UTC;0;1013,4;1013,4;1013,2;2313,8;29,4;24,1;30,5;28,6;24,9;23,2;74;70;73;62;7,4;3,2;
2026/01/01;1300 UTC;0;1013;1013,4;1013;2888,8;31,5;24,1;32,6;28,8;25,2;23,9;76;63;65;82;8,8;4,3;
2026/01/01;1400 UTC;0;1012,5;1013;1012,5;5032,8;31,8;24,6;32,1;30,6;25,1;23,9;71;64;66;71;9,2;4,4;
2026/01/01;1500 UTC;0;1011,9;1012,5;1011,9;4476,4;31,4;24,5;32,1;30,5;25,4;24;70;65;67;74;9,6;5,3;
2026/01/01;1600 UTC;0;1011,3;1011,9;1011,3;4691,1;31,1;24,5;32,4;30,6;25,4;24,1;70;65;68;88;10;4,2;
2026/01/01;1700 UTC;0;1010,8;1011,3;1010,8;4031,3;30,8;24,5;31,6;30,3;25,4;24,3;73;67;69;81;10,3;4,9;
2026/01/01;1800 UTC;0;1010,4;1010,8;1010,4;3447,1;30,5;24,8;31,5;29,8;25,2;24,2;74;68;72;86;10,2;4,1;
2026/01/01;1900 UTC;0;1010,1;1010,4;1010;2468,7;29,5;24,6;30,5;29,4;25,3;24,4;76;71;75;79;11,1;5,1;
2026/01/01;2000 UTC;0;1010,3;1010,3;1010;1240,1;28,1;24,7;29,5;28,1;25,1;24,5;82;75;82;72;11,1;5;
2026/01/01;2100 UTC;0;1010,8;1010,8;1010,2;153,5;27,2;24,6;28,1;27,2;25;24,6;86;82;86;76;8,8;3,9;
2026/01/01;2200 UTC;0;1011,3;1011,3;1010,8;;26,9;24,6;27,2;26,9;24,7;24,4;88;86;88;71;9,3;3,8;
2026/01/01;2300 UTC;0;1011,6;1011,6;1011,3;;26,7;24,8;26,9;26,7;24,9;24,5;90;87;90;69;8,5;3,2;
2026/01/02;0000 UTC;0;1012;1012;1011,6;;26,7;24,9;26,7;26,6;25;24,8;90;90;90;63;8,3;3,7;
2026/01/02;0100 UTC;0;1011,8;1012;1011,8;;26,4;24,8;26,7;26,4;25;24,8;91;90;91;62;8,6;3,8;
2026/01/02;0200 UTC;0;1011,4;1011,8;1011,3;;26,3;24,7;26,5;26,3;24,9;24,7;91;90;91;62;8,6;3,4;
2026/01/02;0300 UTC;0;1011,1;1011,5;1011,1;;26,4;24,7;26,5;26,3;24,8;24,6;91;90;91;62;7;3,1;
2026/01/02;0400 UTC;0;1010,7;1011,1;1010,7;;26;24,6;26,6;26;24,8;24,6;92;90;92;49;7;1,1;
2026/01/02;0500 UTC;0;1010,4;1010,7;1010,4;;25,1;23,9;26;25,1;24,6;23,9;93;92;93;52;3,9;1,3;
2026/01/02;0600 UTC;0;1010;1010,4;1010;;24,9;23,8;25,2;24,9;24;23,8;94;93;94;58;4,5;1,6;
2026/01/02;0700 UTC;0;1010,3;1010,3;1010;;24,8;23,8;25;24,8;23,9;23,8;95;94;94;51;4,8;1,9;
2026/01/02;0800 UTC;0;1010,6;1010,6;1010,3;;24,4;23,6;24,9;24,4;23,9;23,6;95;94;95;47;4,9;1,2;
2026/01/02;0900 UTC;0;1011,1;1011,1;1010,6;167,9;25,4;24,5;25,4;24,3;24,5;23,5;96;94;94;50;3,4;1;
2026/01/02;1000 UTC;0;1011,2;1011,2;1011,1;1136,6;27,5;24;27,6;25,4;24,5;24;94;81;81;50;5,6;2,7;
2026/01/02;1100 UTC;0;1011,7;1011,7;1011,2;2337,3;29,9;23,2;30;27,5;24,4;23,1;81;67;67;53;8;3,5;
2026/01/02;1200 UTC;0;1011,6;1011,8;1011,6;3413,9;31,3;22,8;31,9;29,9;23,5;22,7;67;60;60;54;9;3,9;
2026/01/02;1300 UTC;0;1011,5;1011,7;1011,5;3335,7;31,5;24,5;33,2;31,3;24,8;22,4;67;55;67;68;9;4,2;
2026/01/02;1400 UTC;0;1010,9;1011,5;1010,9;3238,3;32,5;25,5;32,8;30;25,8;24;72;65;67;67;9,2;4,1;
2026/01/02;1500 UTC;0;1010,3;1010,9;1010,3;3813,1;31,9;25,2;33,3;30,9;25,9;24,3;69;63;68;70;9,4;5;
2026/01/02;1600 UTC;0;1009,7;1010,4;1009,6;3905,1;30,5;24,8;32,2;30,2;25,6;24,6;73;67;72;76;11,7;5,5;
2026/01/02;1700 UTC;0;1008,7;1009,7;1008,7;3515,6;31;25;31,5;29,9;25,6;24,5;74;70;70;71;11,7;5,2;
2026/01/02;1800 UTC;0;1007,9;1008,7;1007,9;3300,4;30,2;24,7;31,6;30;25,6;24,3;74;69;73;66;12,1;6,8;
2026/01/02;1900 UTC;0;1007,6;1007,9;1007,6;2403,4;29,3;24,4;30,5;29,3;25,2;24,3;76;72;75;67;12,5;5,9;
2026/01/02;2000 UTC;0;1007,7;1007,8;1007,6;1205,1;28,1;24,7;29,4;28,1;25,2;24,3;82;75;82;65;13,8;5,4;
2026/01/02;2100 UTC;0;1007,9;1007,9;1007,6;159,4;27,1;25;28,1;27,1;25;24,7;88;82;88;65;12,3;5,1;
2026/01/02;2200 UTC;0;1008,4;1008,5;1007,9;;26,8;24,9;27,1;26,8;25;24,9;90;88;90;64;12,3;5;
2026/01/02;2300 UTC;0;1009,2;1009,2;1008,3;;26,7;24,9;26,9;26,7;25;24,9;90;89;89;63;12,2;5;
2026/01/03;0000 UTC;0;1009,7;1009,7;1009,2;;26,7;25;26,8;26,7;25;24,9;90;89;90;63;11,5;4,8;
2026/01/03;0100 UTC;0;1010,2;1010,2;1009,7;;26,8;24,7;26,8;26,7;25;24,7;90;88;89;60;11;4,5;
2026/01/03;0200 UTC;0;1009,9;1010,2;1009,9;;26,6;24,9;26,8;26,6;24,9;24,7;90;88;90;57;10,3;3,4;
2026/01/03;0300 UTC;0;1009,6;1009,9;1009,6;;26,3;23,9;26,6;26,3;24,9;23,9;91;87;87;53;7,3;2,7;
2026/01/03;0400 UTC;0;1009;1009,6;1009;;26,1;23,9;26,4;26,1;23,9;23,8;88;86;87;55;7,8;3,5;
2026/01/03;0500 UTC;0;1008,7;1009,1;1008,6;;25,8;23,3;26,2;25,8;23,9;23,3;87;85;86;53;8,4;2,5;
2026/01/03;0600 UTC;0;1008,6;1008,7;1008,5;;25,4;23,3;25,8;25,4;23,4;23,2;88;86;88;52;6,1;2,5;
2026/01/03;0700 UTC;0;1009,1;1009,1;1008,6;;25,1;23,4;25,4;25,1;23,4;23,3;90;88;90;45;6,1;1,8;
2026/01/03;0800 UTC;0;1010;1010;1009,1;;24,8;23,2;25,1;24,8;23,4;23,2;91;90;91;47;4,8;1,5;
2026/01/03;0900 UTC;0;1010,4;1010,4;1010;124,9;25,4;23,6;25,4;24,7;23,6;23,2;92;90;90;42;4,2;1,6;
2026/01/03;1000 UTC;0;1010,9;1010,9;1010,4;996,1;28;23,7;28;25,4;23,8;23,5;90;77;78;47;6,1;2;
2026/01/03;1100 UTC;0;1011,6;1011,6;1010,9;2083,9;29,4;22,9;29,8;28;23,7;22,5;78;67;68;43;7,3;2,4;
2026/01/03;1200 UTC;0;1012,3;1012,3;1011,6;1698,2;30,7;23;30,7;29,4;23,2;22,5;68;64;64;53;7,3;2,5;
2026/01/03;1300 UTC;0;1012;1012,4;1012;3957;33,4;22,7;33,7;30,7;23,4;22,1;63;52;54;55;6,9;3,1;
2026/01/03;1400 UTC;0;1011,4;1012;1011,4;3439,6;30,3;24,7;33,9;30,3;25,3;22,3;72;51;72;76;10,7;5,4;
2026/01/03;1500 UTC;0;1010,7;1011,4;1010,7;5035,2;31,6;25,1;32,3;30,4;25,7;24,4;72;66;68;70;11,3;5,7;
2026/01/03;1600 UTC;0;1009,9;1010,7;1009,9;4680,8;31,8;25,3;32,1;30,9;25,7;24,7;71;67;69;74;12,7;5,6;
2026/01/03;1700 UTC;0;1009,3;1009,9;1009,3;4008,5;31,3;24,9;31,9;30,6;25,5;24,5;72;68;69;70;12,7;6,5;
2026/01/03;1800 UTC;0;1008,8;1009,3;1008,8;3280,3;30,4;25;31,4;30;25,3;24,4;74;69;73;67;13,4;6,4;
2026/01/03;1900 UTC;0;1008,4;1008,8;1008,4;2388,1;29,3;25,1;30,4;29,3;25,3;24,7;79;73;78;70;12,5;6,1;
2026/01/03;2000 UTC;0;1008,5;1008,6;1008,3;1212,7;28,2;25;29,3;28,2;25,3;24,8;83;78;83;69;14,2;5,7;
2026/01/03;2100 UTC;0;1009;1009;1008,5;159,7;27,2;25,2;28,2;27,2;25,2;24,9;89;83;89;65;13;5,6;
2026/01/03;2200 UTC;0;1009,5;1009,5;1008,8;;27;25,2;27,2;27;25,3;25,2;90;89;90;64;11,4;5,9;
2026/01/03;2300 UTC;0;1010,2;1010,2;1009,5;;26,9;25,2;27;26,9;25,2;24,9;91;88;91;64;11,5;5,5;
2026/01/04;0000 UTC;0;1011;1011;1010,2;;26,8;25,1;26,9;26,8;25,3;25,1;91;90;90;61;11,2;5,2;
2026/01/04;0100 UTC;0;1011,5;1011,5;1011;;26,8;25;26,9;26,8;25,1;25;91;89;90;58;10,7;4,7;
2026/01/04;0200 UTC;0;1011,3;1011,6;1011,2;;26,5;25;26,9;26,5;25,2;25;92;90;92;53;10,7;2,7;
2026/01/04;0300 UTC;0;1010,9;1011,3;1010,9;;26,3;23,9;26,5;26,2;25;23,9;92;87;87;54;7,8;3,1;
2026/01/04;0400 UTC;0;1010,7;1011;1010,7;;25,8;23,8;26,3;25,8;23,9;23,7;89;87;89;56;6,9;2,7;
2026/01/04;0500 UTC;0;1010,7;1010,9;1010,7;;25,8;23,9;25,8;25,6;24;23,8;90;89;89;53;7,2;3,5;
2026/01/04;0600 UTC;0;1010,5;1010,7;1010,4;;25,6;23,9;25,8;25,6;23,9;23,8;90;89;90;51;8,3;2,6;
2026/01/04;0700 UTC;0;1010,9;1010,9;1010,5;;25,3;23,7;25,6;25,3;23,9;23,7;91;90;91;49;6,1;1,9;
2026/01/04;0800 UTC;0;1011,5;1011,5;1010,9;;24,8;23,5;25,4;24,8;23,7;23,5;92;91;92;46;5,6;1,5;
2026/01/04;0900 UTC;0;1012;1012,1;1011,5;136,5;25,3;23,8;25,3;24,7;23,8;23,5;93;92;92;55;4;1,7;
2026/01/04;1000 UTC;0;1012,8;1012,8;1012;541;26,3;23,6;26,3;25,3;24,2;23,6;92;85;85;53;4,9;1,7;
2026/01/04;1100 UTC;0;1013;1013;1012,8;1483;28,9;22,7;29,2;26,2;24,2;22,6;86;69;70;44;6,3;2,5;
2026/01/04;1200 UTC;0;1012,9;1013,1;1012,8;3197,9;31,4;22,4;31,5;28,9;23,5;22,2;70;59;59;52;9,4;4,3;
2026/01/04;1300 UTC;0;1012,5;1012,9;1012,5;4108,3;33,2;22,3;33,5;30,6;23,4;21,7;62;52;53;46;9,4;2,7;
2026/01/04;1400 UTC;0;1012,1;1012,5;1012,1;4403,6;32,4;25,1;33,8;30,7;25,1;22,5;66;52;66;71;9,3;4,7;
2026/01/04;1500 UTC;0;1011,7;1012,1;1011,7;5233,2;30,7;24,7;32,7;30,7;25,5;24;70;63;70;75;11,2;6;
2026/01/04;1600 UTC;0;1011,1;1011,8;1011,1;4600;31,6;24,1;32,1;30,7;25,4;23,9;71;65;65;70;11,9;6,1;
2026/01/04;1700 UTC;0;1010,5;1011,1;1010,4;3980,3;31,5;24,8;31,8;30,6;25;23,9;71;64;68;67;12,3;6,2;
2026/01/04;1800 UTC;0;1009,9;1010,5;1009,9;3337,1;29,9;24,2;31,7;29,7;24,9;24;72;66;71;72;13;7,1;
2026/01/04;1900 UTC;0;1009,6;1009,9;1009,5;2400,3;29,1;24,9;30,5;29;25;24,2;78;71;78;69;13,8;7;
2026/01/04;2000 UTC;0;1009,7;1009,7;1009,5;1229,3;28;24,7;29,2;28;25,1;24,6;83;77;82;69;14;5,8;
2026/01/04;2100 UTC;0;1010,4;1010,4;1009,7;166,7;27,1;24,9;28;27,1;25;24,6;88;82;88;67;12,2;5,4;
2026/01/04;2200 UTC;0;1011,4;1011,4;1010,3;;26,8;25;27,1;26,8;25,2;24,9;91;88;90;63;10,7;5,1;
2026/01/04;2300 UTC;0;1011,9;1011,9;1011,4;;26,7;24,9;26,8;26,7;25;24,8;91;89;90;62;10,8;4,2;
2026/01/05;0000 UTC;0;1012,5;1012,5;1011,8;;26,7;25,1;26,8;26,6;25,1;24,8;91;90;91;65;11,6;4,7;
2026/01/05;0100 UTC;0;1012,5;1012,8;1012,5;;26,5;24,8;26,8;26,4;25,1;24,7;91;90;90;62;11;4,2;
2026/01/05;0200 UTC;0;1012,4;1012,6;1012,4;;26,3;24,5;26,5;26,3;24,7;24,5;90;90;90;59;10,1;4,3;
2026/01/05;0300 UTC;0;1011,9;1012,4;1011,9;;26;24,6;26,3;26;24,6;24,4;92;90;92;60;10;3,7;
2026/01/05;0400 UTC;0;1011,7;1011,9;1011,7;;25,9;24,3;26,1;25,9;24,6;24,3;92;91;91;64;8,6;3,6;
2026/01/05;0500 UTC;0;1011,8;1011,8;1011,5;;25,8;24,2;26,1;25,8;24,5;24,2;92;90;91;41;8,1;1,2;
2026/01/05;0600 UTC;0;1011,9;1012,1;1011,7;;25;24;25,7;25;24,2;24;94;91;94;52;4,6;1,9;
2026/01/05;0700 UTC;0;1012,1;1012,2;1011,9;;24,5;23,8;25;24,5;24;23,6;96;94;96;46;4,1;1,2;
2026/01/05;0800 UTC;0;1012,4;1012,4;1012,1;;24;23,5;24,5;24;23,8;23,5;97;96;97;49;3,3;1,4;
2026/01/05;0900 UTC;0;1013;1013;1012,4;137,1;24,7;24,2;24,7;24;24,2;23,5;98;97;97;52;3,4;1,1;
2026/01/05;1000 UTC;0;1012,9;1013,1;1012,9;1059,5;27;24,3;27,1;24,7;24,6;24,2;97;85;85;47;6,3;2,6;
2026/01/05;1100 UTC;0;1013,5;1013,5;1012,9;2273,8;28,9;24,1;29,3;27;24,7;23,6;85;73;75;53;6,7;2,6;
2026/01/05;1200 UTC;0;1013,2;1013,5;1013;2937,9;30,7;23;31,4;28,9;24,4;23;75;63;64;54;8,6;3,4;
2026/01/05;1300 UTC;0;1012,9;1013,2;1012,9;4367,4;32,1;22,9;32,5;30,7;23,8;22,5;65;58;58;58;8,8;3,7;
2026/01/05;1400 UTC;0;1012,7;1012,9;1012,7;5093,3;31,7;22,8;32,6;31,4;23,7;22,6;63;56;59;75;9,6;4,7;
2026/01/05;1500 UTC;0;1012,1;1012,7;1012,1;5297,8;32,2;22,8;32,7;31,6;23,3;22,1;60;56;58;71;9,5;4,5;
2026/01/05;1600 UTC;0;1011,4;1012,1;1011,4;4689,4;32;24,3;32,8;31,2;24,4;22,4;64;56;64;72;10,3;4,8;
2026/01/05;1700 UTC;0;1010,8;1011,4;1010,8;4023,7;31,5;24,6;32,4;30,7;24,6;23,3;67;61;67;76;9,8;4,9;
2026/01/05;1800 UTC;0;1010,2;1010,8;1010,2;3525,1;30;23,8;31,9;30;24,5;23,3;70;64;70;70;9,9;5,4;
2026/01/05;1900 UTC;0;1010,1;1010,2;1010;2601,6;29,7;23,8;30,6;29,5;24,6;23,7;73;68;71;78;9,9;4,3;
2026/01/05;2000 UTC;0;1010,4;1010,4;1010;1354,8;28,2;23,8;29,8;28,2;24,2;23,3;77;71;77;70;8,9;4,5;
2026/01/05;2100 UTC;0;1010,8;1010,8;1010,4;169,8;26,9;23,7;28,3;26,9;23,9;23,7;83;77;83;74;8,4;3,6;
2026/01/05;2200 UTC;0;1011,6;1011,6;1010,8;;26,4;24,3;26,9;26,3;24,3;23,7;88;83;88;76;6,9;2,8;
2026/01/05;2300 UTC;0;1012,3;1012,3;1011,6;;26,1;24,3;26,4;26,1;24,4;24,2;90;88;90;75;6,5;2,5;
2026/01/06;0000 UTC;0;1013,1;1013,1;1012,3;;25,9;24,3;26,2;25,9;24,4;24,2;91;89;91;74;6,5;2,1;
2026/01/06;0100 UTC;0;1013,5;1013,5;1013;;25,7;24,3;26;25,7;24,4;24,3;92;91;92;74;5,5;2,1;
2026/01/06;0200 UTC;0;1013,2;1013,5;1013,2;;25,5;24;25,7;25,5;24,3;24;92;91;91;77;4,9;2;
2026/01/06;0300 UTC;0;1012,8;1013,3;1012,8;;25,2;24,1;25,5;25,2;24,2;23,9;93;91;93;76;4,2;1,6;
2026/01/06;0400 UTC;0;1012,3;1012,8;1012,3;;24,6;23,6;25,3;24,6;24;23,5;94;92;94;81;3,7;1,2;
2026/01/06;0500 UTC;0;1012;1012,3;1012;;24,1;23,7;24,6;23,9;23,7;23,4;98;94;98;72;2,6;1,5;
2026/01/06;0600 UTC;0;1011,8;1012,1;1011,7;;23,8;23,5;24,2;23,8;23,9;23,5;99;97;98;82;2,6;1,1;
2026/01/06;0700 UTC;0;1011,9;1011,9;1011,8;;24,8;24,2;24,8;23,7;24,2;23,5;99;96;96;80;4;1,8;
2026/01/06;0800 UTC;0;1012,4;1012,4;1011,9;;24,5;23,8;24,9;24,5;24,2;23,7;96;95;96;79;4,1;1,6;
2026/01/06;0900 UTC;0;1013;1013;1012,4;102,7;25,8;24;25,8;24,5;24;23,8;96;90;90;77;5,1;2,6;
2026/01/06;1000 UTC;0;1013,5;1013,5;1013;943,4;28,2;24,9;28,2;25,8;24,9;23,9;90;82;82;84;7,4;2,5;
2026/01/06;1100 UTC;0;1014,3;1014,3;1013,5;1771,9;28;23,9;29;27,7;24,9;23,4;82;75;78;79;8,2;4,3;
2026/01/06;1200 UTC;0;1014,9;1014,9;1014,3;2521,6;29,1;24,4;29,9;28;24,9;23,6;79;72;76;92;8;3,6;
2026/01/06;1300 UTC;0;1014,8;1015;1014,8;3442,6;30,8;23,7;31,2;28,7;24,7;23,4;76;65;66;97;9,2;3,3;
2026/01/06;1400 UTC;0;1014,6;1014,8;1014,5;3350,6;30,7;23,9;31,7;29,9;24,3;23;69;64;67;100;9,4;3,1;
2026/01/06;1500 UTC;0;1014,1;1014,6;1014,1;2763,8;31,1;23,9;32,5;29,8;25,2;23,2;69;63;66;91;8,6;3,6;
2026/01/06;1600 UTC;0;1013,4;1014,1;1013,4;3973,6;30,3;23,5;32;30;24,2;23;70;61;67;91;9;4,4;
2026/01/06;1700 UTC;0;1013,1;1013,4;1013,1;3155,8;30;23,5;31;29,4;24,1;22,4;70;64;68;93;8,9;3,6;
2026/01/06;1800 UTC;0;1012,9;1013,1;1012,9;2871,9;30;23,4;31,2;28,9;24,4;22,5;72;64;68;103;7,9;2,8;
2026/01/06;1900 UTC;0;1012,5;1012,9;1012,5;2424,8;29;23,4;30,4;28,6;23,9;22,9;73;66;72;87;8,1;3,7;
2026/01/06;2000 UTC;0;1012,8;1012,8;1012,5;1213;27,6;23,4;29;27,6;23,6;23;78;72;78;103;8,7;2,3;
2026/01/06;2100 UTC;0;1013,1;1013,1;1012,8;169,6;26,7;23,2;27,7;26,7;23,7;23,2;82;78;81;106;6,5;1,8;
2026/01/06;2200 UTC;0;1013,8;1013,8;1013,1;;25,9;23,1;26,7;25,8;23,1;23;85;81;85;97;5;1,3;
2026/01/06;2300 UTC;0;1014,4;1014,4;1013,8;;25,6;23,3;25,9;25,6;23,3;23,1;87;85;87;101;3,9;,8;
2026/01/07;0000 UTC;0;1014,9;1014,9;1014,4;;25,1;23,3;25,6;25;23,3;23,1;90;87;90;101;3,2;1,1;
2026/01/07;0100 UTC;0;1015,4;1015,4;1014,9;;25;23,5;25,2;24,8;23,6;23,2;92;90;91;122;2,6;,6;
2026/01/07;0200 UTC;0;1014,9;1015,4;1014,9;;24,8;23,4;25;24,8;23,5;23,4;92;91;92;103;2;,6;
2026/01/07;0300 UTC;0;1014,1;1014,9;1014,1;;23,8;23,1;24,8;23,8;23,4;23;96;92;96;168;2,5;,3;
2026/01/07;0400 UTC;0;1013,3;1014,1;1013,3;;23,7;23,5;23,9;23,4;23,5;23;99;96;99;114;2;,7;
2026/01/07;0500 UTC;0;1013,2;1013,4;1013,2;;23,9;23,5;24,1;23,6;23,8;23,4;99;98;98;121;3,2;,9;
2026/01/07;0600 UTC;0;1013,4;1013,5;1013,2;;24;23,1;24,3;23,9;23,6;23;98;94;94;116;3,2;,9;
2026/01/07;0700 UTC;0;1013,4;1013,4;1013,3;;23,4;22,6;24,1;23,3;23,1;22,5;95;93;95;125;2,7;,7;
2026/01/07;0800 UTC;0;1013,8;1013,8;1013,4;;22,8;22,3;23,4;22,8;22,6;22,2;97;95;97;126;1,9;,5;
2026/01/07;0900 UTC;0;1014,6;1014,6;1013,8;108,9;23,1;22,9;23,1;22,5;22,9;22,1;99;97;98;63;1,7;,9;
2026/01/07;1000 UTC;0;1014,9;1014,9;1014,6;952,9;27,7;23,8;27,7;23,1;24,6;22,9;98;80;80;103;4,2;1,5;
2026/01/07;1100 UTC;0;1015,4;1015,4;1014,9;1983,3;28,2;22,7;29,2;27,2;24,4;22,4;80;70;72;88;5,6;2;
2026/01/07;1200 UTC;0;1015,4;1015,5;1015,3;2892,4;30,5;22,9;30,9;27,9;24,1;22,6;76;63;64;80;5,9;2,8;
2026/01/07;1300 UTC;0;1015,3;1015,4;1015,2;3698,5;30,8;23,1;31,1;29;23,9;22,4;70;63;64;100;7;2,8;
2026/01/07;1400 UTC;0;1015;1015,3;1015;2365,3;28,8;23,2;30,8;28,8;23,9;21,2;74;61;72;109;7,2;2,3;
2026/01/07;1500 UTC;0;1014,5;1015,1;1014,5;2300,6;28,8;24,5;29,4;27,5;24,9;23,1;83;72;78;154;6;2;
2026/01/07;1600 UTC;0;1013,8;1014,5;1013,8;4413,2;31,1;23,9;31,8;28,8;25,3;23,4;79;64;66;145;6,2;2,3;
2026/01/07;1700 UTC;0;1013,4;1013,8;1013,4;3990,2;31,5;23,4;31,9;30,4;24,9;22,9;68;62;62;139;6,2;2,3;
2026/01/07;1800 UTC;0;1013,1;1013,4;1013,1;3562,4;30,2;23,2;31,7;30,2;24,5;22,8;69;62;66;116;6,1;1,8;
2026/01/07;1900 UTC;0;1013;1013,1;1013;2761,9;29,8;23,7;31;29,4;24;23,1;71;65;70;149;4,8;1,7;
2026/01/07;2000 UTC;0;1013,3;1013,3;1013;1689,5;28,4;24,2;29,8;28,4;24,3;23,3;78;69;78;103;5;1,8;
2026/01/07;2100 UTC;0;1013,7;1013,7;1013,2;282,8;25,7;24,1;28,4;25,7;24,3;23,6;91;78;91;76;4,6;2,1;
2026/01/07;2200 UTC;0;1014;1014;1013,7;;24,5;24,3;25,7;24,5;24,5;24;99;91;99;106;4,5;,5;
2026/01/07;2300 UTC;0;1014,5;1014,5;1014;;24,4;24,4;24,5;24,3;24,5;24,3;100;99;100;101;1,4;,6;
2026/01/08;0000 UTC;0;1014,6;1014,6;1014,5;;24,2;24,2;24,5;24,2;24,5;24,2;100;100;100;98;1,6;,2;
2026/01/08;0100 UTC;0;1014,5;1014,8;1014,5;;23,6;23,6;24,2;23,6;24,2;23,6;100;100;100;140;,9;,3;
2026/01/08;0200 UTC;0;1014;1014,5;1014;;23,2;;23,6;23,2;;;100;100;;294;,9;,2;
2026/01/08;0300 UTC;0;1013,4;1014;1013,4;;23,2;;23,3;23,1;;;;;;225;,5;,2;
2026/01/08;0400 UTC;;;;;;;;;;;;;;;;;;
2026/01/08;0500 UTC;0;1012,4;1012,9;1012,4;;22,9;;23;22,7;;;;;;195;,9;,4;
2026/01/08;0600 UTC;0;1012,4;1012,4;1012,2;;23,7;;23,7;22,9;;;;;;77;3,7;,7;
2026/01/08;0700 UTC;0;1012,5;1012,5;1012,2;;23,6;;23,7;23,5;;;;;;55;1,9;,8;
2026/01/08;0800 UTC;,8;1013;1013;1012,5;;23,4;;23,6;23,4;;;;;;257;1,8;,7;
2026/01/08;0900 UTC;0;1013,7;1013,7;1013;93,4;23,4;;23,5;23,2;;;;;;302;1,3;,6;
2026/01/08;1000 UTC;0;1014,1;1014,1;1013,7;734,2;24,8;;24,9;23,4;;;;;;48;1,9;,6;
2026/01/08;1100 UTC;,2;1014,5;1014,6;1014,1;1600,4;26,6;26,3;26,7;24,7;;;;;98;325;2,1;1,1;
2026/01/08;1200 UTC;1,4;1014,8;1014,8;1014,5;2244,6;27;25,5;27,1;25,2;26,3;24,7;99;91;92;62;4,4;2,1;
2026/01/08;1300 UTC;0;1014,5;1014,8;1014,5;3753,8;28,9;25,3;29,5;27;26,8;25,1;93;81;81;65;5,8;3;
2026/01/08;1400 UTC;0;1014,3;1014,5;1014,3;3234,2;28,1;24,5;30,1;28,1;25,9;24,5;83;75;81;92;7,2;3;
2026/01/08;1500 UTC;0;1013,9;1014,3;1013,9;2072;26,1;25;29,5;25,3;26,2;24,1;96;79;94;107;8,4;1,3;
2026/01/08;1600 UTC;0;1013,3;1013,9;1013,3;3144,6;30,4;25,1;30,6;26,1;25,8;24,4;94;72;73;93;5,6;2,7;
2026/01/08;1700 UTC;0;1012,8;1013,3;1012,8;2043,9;28,2;24;30,7;28,2;25,2;23,5;80;68;78;78;6,3;3;
2026/01/08;1800 UTC;0;1012,5;1012,8;1012,5;1709,2;28,3;24,3;29,2;28;25,2;24,1;81;78;79;82;5,9;2,6;
2026/01/08;1900 UTC;0;1012,6;1012,6;1012,4;1513,3;27,3;24,3;28,7;27,3;25,3;24,3;85;79;84;90;6,3;2,3;
2026/01/08;2000 UTC;0;1013,3;1013,3;1012,6;441,9;26,9;23,8;27,3;26,9;24,3;23;84;78;83;77;6,7;2,5;
2026/01/08;2100 UTC;0;1013,8;1013,8;1013,3;71,1;24,9;23,7;26,9;24,9;24,3;23,7;93;83;93;64;6,7;2,5;
2026/01/08;2200 UTC;0;1014,1;1014,1;1013,7;;24,8;23,8;25;24,8;24;23,7;94;93;94;74;6,3;1,1;
2026/01/08;2300 UTC;0;1014,4;1014,4;1014,1;;24,3;23,7;24,9;24,3;23,9;23,7;96;94;96;127;3,3;,8;
2026/01/09;0000 UTC;0;1014,9;1014,9;1014,3;;24,4;23,9;24,7;24,3;24,1;23,7;97;96;97;104;3,3;,7;
2026/01/09;0100 UTC;0;1014,7;1014,9;1014,7;;24,7;24,3;24,8;24,3;24,4;23,8;98;97;98;65;2,6;,9;
2026/01/09;0200 UTC;0;1014,2;1014,8;1014,2;;24,2;24,1;24,7;24,1;24,4;24,1;100;98;100;102;2,1;,5;
2026/01/09;0300 UTC;0;1013,6;1014,2;1013,6;;23,3;23,3;24,1;23,3;24,1;23,3;100;100;100;131;1,1;,2;
2026/01/09;0400 UTC;0;1013,1;1013,6;1013,1;;23,1;;23,3;23;23,3;23,1;100;100;;47;,9;,3;
2026/01/09;0500 UTC;0;1012,8;1013,1;1012,8;;22,6;;23,1;22,6;;;;;;73;1,1;,4;
2026/01/09;0600 UTC;0;1012,8;1012,9;1012,8;;22,4;;22,6;22,2;;;;;;241;1,1;,3;
2026/01/09;0700 UTC;0;1013;1013;1012,8;;22;;22,4;21,9;;;;;;310;,9;,5;
2026/01/09;0800 UTC;0;1013,4;1013,4;1013;;22;;22,4;21,8;;;;;;294;1,2;,4;
2026/01/09;0900 UTC;0;1013,9;1013,9;1013,4;133,3;22,7;;22,7;22;;;;;;268;1,1;,5;
2026/01/09;1000 UTC;0;1014,4;1014,4;1013,9;1147,8;26,7;26,7;26,7;22,7;;;;;100;58;2,4;,7;
2026/01/09;1100 UTC;0;1014,4;1014,5;1014,4;2389,6;28,9;24,9;29,1;26,6;27,4;24,3;100;78;79;80;7;3,1;
2026/01/09;1200 UTC;0;1014,9;1014,9;1014,4;2490,6;29;24,4;30,3;28,3;25,4;24;80;73;76;77;7,3;3,3;
2026/01/09;1300 UTC;0;1014,9;1014,9;1014,8;3519,4;31,1;24;31,6;28,8;25,5;23,8;77;66;66;73;7,1;3,6;
2026/01/09;1400 UTC;0;1014,6;1014,9;1014,5;3195,7;31,9;24,8;32,3;29,4;25,7;23,4;74;66;66;91;7,6;2,7;
2026/01/09;1500 UTC;0;1014,3;1014,6;1014,2;3298,6;31,3;24,3;31,9;29,8;25,5;24,1;75;65;67;101;6,9;2,6;
2026/01/09;1600 UTC;0;1013,6;1014,3;1013,6;3797,9;30,7;24,2;32,3;30,1;25,2;23,5;71;64;69;93;8,2;3,5;
2026/01/09;1700 UTC;0;1013,1;1013,6;1013,1;3280,2;30;24,3;31,8;29,7;25;23,1;72;63;71;91;8,2;3,2;
2026/01/09;1800 UTC;0;1012,6;1013,2;1012,6;3522,9;30,9;24,5;31,7;30;25,4;24,1;73;67;69;104;6,9;2,6;
2026/01/09;1900 UTC;0;1012,5;1012,6;1012,5;2624,3;29,8;24,6;30,9;29,6;25,1;23,8;75;68;74;100;8,4;2,6;
2026/01/09;2000 UTC;0;1012,7;1012,8;1012,5;877,1;28;24,7;29,8;27,8;24,7;24,1;82;74;82;97;7,3;2,4;
2026/01/09;2100 UTC;0;1013;1013;1012,7;174,7;26,8;24,5;28,1;26,8;24,7;24,2;87;81;87;101;6,1;1,6;
2026/01/09;2200 UTC;0;1013,4;1013,5;1013;;26,1;24,6;26,8;26,1;24,7;24,4;91;87;91;105;4,5;1,1;
2026/01/09;2300 UTC;0;1013,7;1013,8;1013,4;;26,1;25;26,1;25,9;25,1;24,5;94;91;94;108;4,2;1,3;
2026/01/10;0000 UTC;0;1013,9;1013,9;1013,6;;26,3;24,6;26,4;26,1;25,1;24,5;94;91;91;97;5,8;1,9;
2026/01/10;0100 UTC;0;1014,1;1014,2;1013,9;;26,5;24,9;26,5;26,2;24,9;24,5;91;90;91;100;6,1;1,5;
2026/01/10;0200 UTC;0;1013,7;1014,1;1013,7;;25,7;25;26,5;25,7;25,2;24,9;96;91;96;78;4,2;1,2;
2026/01/10;0300 UTC;0;1013;1013,7;1013;;25,4;24,6;25,9;25,4;25,1;24,6;96;95;96;112;4,6;,8;
2026/01/10;0400 UTC;,6;1012,5;1013;1012,5;;24,1;24,1;25,5;24,1;24,9;23,9;100;95;100;85;6,3;1,5;
2026/01/10;0500 UTC;,6;1012,1;1012,5;1012;;24,5;24,5;24,5;24;24,5;24;100;100;100;76;5,4;1,8;
2026/01/10;0600 UTC;0;1012,1;1012,1;1012;;24,5;24,5;24,7;24,3;24,7;24,3;100;100;100;91;4,5;1,6;
2026/01/10;0700 UTC;1,2;1012,5;1012,5;1012;;24,4;24,4;24,5;24;24,5;24;100;100;100;102;7,3;2,1;
2026/01/10;0800 UTC;7,2;1012,7;1012,7;1012,2;;23,8;;24,4;23,5;;;;;;106;8;2,2;
2026/01/10;0900 UTC;3,2;1013;1013,1;1012,7;204,5;24,2;;24,2;23,5;;;;;;93;8,2;,4;
2026/01/10;1000 UTC;0;1013,3;1013,4;1013;664,7;26,5;26,3;26,5;24,2;;;;;99;80;4;1,6;
2026/01/10;1100 UTC;0;1013,7;1013,7;1013,3;2438,5;28,3;25,4;28,5;26,5;26,9;24,8;99;84;85;77;7,4;3,4;
2026/01/10;1200 UTC;0;1013,8;1013,9;1013,7;2771,8;27,7;25;29;27,1;25,9;24,4;86;80;85;87;7,4;3,4;
2026/01/10;1300 UTC;0;1013,7;1013,9;1013,7;3361,4;29,3;25,3;30,9;27,8;26,7;24,7;85;74;79;95;7,9;3,3;
2026/01/10;1400 UTC;0;1013,8;1013,8;1013,7;3401,4;30,3;25,4;30,9;28,9;26,1;24,6;80;72;75;113;8,2;2,9;
2026/01/10;1500 UTC;0;1013,2;1013,8;1013,2;2514,6;29,8;24,2;31,3;28,8;26,1;23,8;77;67;72;98;7,3;3;
2026/01/10;1600 UTC;0;1012,5;1013,2;1012,4;3001,7;29,8;24,2;30,2;29,4;24,7;23,5;75;68;72;94;7,3;2,8;
2026/01/10;1700 UTC;0;1012;1012,5;1012;4169,1;30,8;23;31,6;29,8;25,4;22,9;73;63;63;85;6,9;3,4;
2026/01/10;1800 UTC;0;1011,6;1012,1;1011,6;3655,8;30,7;24,9;31,1;29,7;25,3;23,1;74;63;71;107;7,7;2,7;
2026/01/10;1900 UTC;0;1011,8;1011,8;1011,6;2059,9;29,6;24,8;30,7;28,9;25,4;23,7;78;70;75;110;7,1;1,9;
2026/01/10;2000 UTC;0;1012;1012;1011,6;776;27,7;24,3;29,9;27,7;25,1;24;82;73;82;111;7;1,7;
2026/01/10;2100 UTC;0;1012,4;1012,4;1012;204,7;26,8;24,3;27,7;26,8;24,7;24,2;86;82;86;110;6,5;2;
2026/01/10;2200 UTC;0;1012,7;1012,7;1012,4;;26,2;25,1;26,8;26,2;25,1;24,3;93;86;93;101;6,5;,9;
2026/01/10;2300 UTC;0;1012,8;1012,8;1012,6;;26,3;25,1;26,3;26,1;25,1;24,9;93;93;93;96;3,7;1,6;
2026/01/11;0000 UTC;0;1012,9;1012,9;1012,8;;26,1;24,6;26,4;26;25,2;24,5;94;91;92;90;4,7;2;
2026/01/11;0100 UTC;0;1013,4;1013,4;1012,9;;25,9;24,6;26,1;25,9;24,6;24;93;89;93;77;4,6;1,6;
2026/01/11;0200 UTC;0;1012,9;1013,4;1012,8;;25,9;24,6;26,2;25,9;24,9;24,6;93;92;93;81;6,5;2,6;
2026/01/11;0300 UTC;0;1012,3;1012,9;1012,3;;25,7;24,7;25,9;25,6;24,7;24,5;94;92;94;74;6,5;1,5;
2026/01/11;0400 UTC;0;1011,7;1012,3;1011,7;;25,4;24,5;25,8;25,4;24,8;24,4;94;93;94;71;4,1;1,7;
2026/01/11;0500 UTC;0;1011,4;1011,7;1011,4;;25,6;24,3;25,8;25,4;24,8;24,3;95;93;93;70;4,9;1,9;
2026/01/11;0600 UTC;0;1011,4;1011,4;1011,2;;25,4;24;25,6;25,3;24,4;24;94;92;92;70;4,7;1,7;
2026/01/11;0700 UTC;0;1011,6;1011,6;1011,4;;25,2;24,1;25,5;25,2;24,2;23,9;94;91;94;69;3,9;1,1;
2026/01/11;0800 UTC;0;1012,1;1012,1;1011,6;;25,1;24,1;25,3;25,1;24,3;24,1;94;94;94;65;4,2;1,5;
2026/01/11;0900 UTC;0;1012,8;1012,8;1012,1;147,1;25,3;24,4;25,6;24,9;24,6;24;95;94;95;317;3,3;,9;
2026/01/11;1000 UTC;0;1013,5;1013,5;1012,8;964,1;27,9;24,8;27,9;25,3;25,1;24,4;95;84;84;75;6,4;2,9;
2026/01/11;1100 UTC;0;1014,1;1014,1;1013,5;1721,7;29,3;24,9;29,3;27,3;25,3;24,3;84;78;78;73;7,7;3,1;
2026/01/11;1200 UTC;0;1014,5;1014,5;1014;3235,7;30,1;24,8;30,2;28,6;25,1;24;79;73;73;77;7,7;3,3;
2026/01/11;1300 UTC;0;1014,7;1014,7;1014,5;3490,3;30,4;24,9;30,9;29,3;25,4;23,5;75;68;73;96;7,5;2,8;
2026/01/11;1400 UTC;0;1014,3;1014,7;1014,3;3076,7;30,2;24,4;31,3;29,9;25,1;23,3;73;66;71;78;9,2;4;
2026/01/11;1500 UTC;0;1013,8;1014,3;1013,8;3174,3;31,7;24,8;31,8;30,1;25,5;23,8;72;65;67;89;9,2;3,6;
2026/01/11;1600 UTC;0;1013,3;1013,8;1013,3;4574,8;31,3;24,7;31,8;30,4;25,4;23,9;72;66;68;94;9;3;
2026/01/11;1700 UTC;0;1012,5;1013,3;1012,5;4084,9;30,9;24,2;31,5;30,3;25,1;23,6;71;65;68;85;9,1;4,4;
2026/01/11;1800 UTC;0;1012;1012,6;1012;3391,9;30,5;24,4;31,4;29,7;24,5;23,3;70;64;70;91;10,1;3,6;
2026/01/11;1900 UTC;0;1011,9;1012;1011,7;2634,1;29,3;24,4;30,7;29,2;24,6;23,5;75;67;75;86;9,7;4,1;
2026/01/11;2000 UTC;0;1012,1;1012,1;1011,9;1403,7;28,4;23,9;29,7;28,4;24,9;23,7;79;73;77;79;9,7;3,7;
2026/01/11;2100 UTC;0;1012,3;1012,4;1012,1;188,3;27,1;24,3;28,4;27;24,6;23,7;86;77;85;83;7,9;3;
2026/01/11;2200 UTC;0;1012,5;1012,5;1012,3;;26,6;24,7;27,1;26,6;24,8;24,3;89;85;89;86;6,1;2,4;
2026/01/11;2300 UTC;0;1013;1013;1012,5;;26,5;25;26,6;26,4;25;24,7;92;89;92;85;6,3;2,6;
2026/01/12;0000 UTC;0;1013,5;1013,5;1013;;26,4;25,1;26,6;26,4;25,2;25;93;92;93;82;7;2,6;
2026/01/12;0100 UTC;0;1013,7;1013,8;1013,5;;26,5;24,9;26,6;26,3;25,2;24,9;93;91;91;78;6,4;2,7;
2026/01/12;0200 UTC;0;1013,3;1013,7;1013,3;;26,1;25,1;26,5;26,1;25,1;24,8;94;91;94;77;6,4;2,2;
2026/01/12;0300 UTC;0;1012,8;1013,3;1012,8;;26;25;26,3;26;25,3;25;95;93;94;77;5,5;2,3;
2026/01/12;0400 UTC;0;1012,3;1012,9;1012,3;;25,9;24,8;26,2;25,9;25,1;24,8;94;93;94;81;6,6;2,2;
2026/01/12;0500 UTC;0;1012;1012,3;1012;;25,8;24,8;25,9;25,7;24,8;24,7;95;94;94;81;5,4;2,5;
2026/01/12;0600 UTC;0;1012,2;1012,2;1012;;25,5;24,4;25,8;25,5;24,8;24,4;94;93;93;78;5,2;2;
2026/01/12;0700 UTC;0;1012,5;1012,5;1012,1;;25,3;24,5;25,5;25,3;24,5;24,4;95;93;95;76;5,1;1,4;
2026/01/12;0800 UTC;0;1012,8;1012,8;1012,5;;25,6;25;25,6;25,2;25;24,5;97;95;96;78;3,6;1,7;
2026/01/12;0900 UTC;0;1013,6;1013,6;1012,8;133,3;26,3;24,9;26,3;25,5;25;24,8;97;92;92;79;5,1;2,1;
2026/01/12;1000 UTC;0;1014,1;1014,1;1013,6;978,1;28,1;24,9;28,1;26,3;25,4;24,9;92;83;83;71;6,9;3,9;
2026/01/12;1100 UTC;0;1014,3;1014,3;1014;2237,4;28,8;24,8;29,2;28;25,3;24,5;83;78;79;89;9;3,9;
2026/01/12;1200 UTC;0;1014,6;1014,7;1014,3;3238,5;29,3;24,3;29,9;28,8;25,4;24,3;80;74;75;87;9;4,5;
2026/01/12;1300 UTC;0;1014,7;1014,8;1014,5;3725,3;30,4;25,2;30,8;29,3;25,5;24,1;76;70;74;95;8,9;3,7;
2026/01/12;1400 UTC;0;1014,3;1014,8;1014,2;3830,8;31;24,6;31,4;30;25,6;24,2;74;69;69;93;9;3,3;
2026/01/12;1500 UTC;0;1014,1;1014,3;1014,1;2591,4;31;24,6;31,7;30;25,4;24,1;74;67;69;96;10,2;3,5;
2026/01/12;1600 UTC;0;1013,8;1014,2;1013,8;4638,9;31,6;24,9;32,3;30,7;25,7;23,9;70;66;68;100;9,3;3,2;
2026/01/12;1700 UTC;0;1013,4;1013,8;1013,4;3997,2;31,1;24,2;31,6;30,4;25,4;24,1;72;66;66;95;8,7;2,9;
2026/01/12;1800 UTC;0;1012,9;1013,4;1012,9;3072,8;29,2;24,2;31,1;29,2;24,8;23,7;75;67;74;97;9,3;3,4;
2026/01/12;1900 UTC;0;1012,9;1013;1012,8;1300,8;29,1;25;29,7;28,5;25,1;24;79;74;78;98;7,2;3;
2026/01/12;2000 UTC;0;1013,4;1013,4;1012,9;635,1;27,1;25;29,1;27,1;25,1;24,4;88;77;88;81;7;2,7;
2026/01/12;2100 UTC;0;1013,4;1013,6;1013,3;118,7;26,6;24,4;27,1;26,6;25,2;24,4;90;87;88;84;5,7;2,4;
2026/01/12;2200 UTC;0;1013,7;1013,7;1013,4;;26,3;24,3;26,6;26,3;24,4;24,2;89;88;89;90;5,1;1,6;
2026/01/12;2300 UTC;0;1014,1;1014,1;1013,7;;26,3;24,1;26,4;26,2;24,4;24;89;88;88;89;4,9;2;
2026/01/13;0000 UTC;0;1014,6;1014,6;1014,1;;25,6;24;26,3;25,6;24,3;24;91;88;91;91;4,6;1,4;
2026/01/13;0100 UTC;0;1014,6;1014,7;1014,5;;25,9;24,3;26,1;25,6;24,5;24;92;91;91;87;5;1,7;
2026/01/13;0200 UTC;0;1014,2;1014,6;1014,2;;25,3;23,7;26;25,3;24,3;23,7;91;89;91;91;4,4;1,1;
2026/01/13;0300 UTC;0;1013,5;1014,2;1013,5;;25,3;24,1;25,3;25;24,1;23,6;93;91;93;88;3,4;1,5;
2026/01/13;0400 UTC;0;1012,6;1013,5;1012,6;;25;23,6;25,4;25;24,1;23,6;93;91;92;90;3,4;,8;
2026/01/13;0500 UTC;0;1012,2;1012,6;1012,2;;24,5;23,8;25;24,5;23,8;23,5;96;92;96;89;2,5;1;
2026/01/13;0600 UTC;0;1012,3;1012,4;1012,2;;25,5;24,3;25,5;24,4;24,4;23,7;96;93;93;92;5,3;1,5;
2026/01/13;0700 UTC;0;1012,5;1012,5;1012,3;;25,3;23,9;25,5;25,1;24,3;23,9;93;92;92;100;3,5;1,1;
2026/01/13;0800 UTC;0;1012,9;1012,9;1012,4;;25,6;23,2;25,6;25,2;24;23,2;92;86;86;91;5,3;1,9;
2026/01/13;0900 UTC;0;1013,5;1013,5;1012,9;97,2;25,9;23,1;25,9;25,3;23,3;22,8;87;85;85;85;5,3;2,2;
2026/01/13;1000 UTC;0;1014,1;1014,1;1013,5;915,7;28,4;23,4;28,4;25,9;24,1;22,9;85;74;74;91;6,9;2,9;
2026/01/13;1100 UTC;0;1014,6;1014,6;1014,1;2104,9;29,1;23;29,2;27,8;23,3;21,9;74;68;70;95;7,6;2,5;
2026/01/13;1200 UTC;0;1014,8;1014,8;1014,6;3544,3;30,9;23;30,9;29,1;23,4;21,9;70;61;63;105;6,6;2,3;
2026/01/13;1300 UTC;0;1014,7;1015;1014,7;4205;31,2;23;31,6;29,6;23,9;22,3;67;61;62;104;7,7;2,7;
2026/01/13;1400 UTC;0;1014,3;1014,7;1014,3;3285,8;31,9;21,9;32;30,1;23,6;21,7;65;55;56;111;7,8;2,6;
2026/01/13;1500 UTC;0;1013,7;1014,3;1013,7;2329;31,1;23,4;32;30,2;23,9;21,5;65;56;64;89;8,4;3,6;
2026/01/13;1600 UTC;0;1013,3;1013,7;1013,3;3744,4;31,7;23,9;32,1;30,5;24,5;22,8;67;61;63;137;7,4;2,3;
2026/01/13;1700 UTC;0;1012,8;1013,3;1012,8;3870,6;31,2;23,8;32;30,5;25;23,3;69;61;65;136;6,4;2,1;
2026/01/13;1800 UTC;0;1012,3;1012,8;1012,3;3156,9;31,5;25,3;31,5;29,8;25,3;23,5;71;65;70;138;6,3;1,6;
2026/01/13;1900 UTC;0;1012,4;1012,4;1012,2;2709;30;24;31,7;29,8;25,1;23,3;72;64;70;135;6,9;1,8;
2026/01/13;2000 UTC;0;1012,9;1012,9;1012,4;906,1;27,9;24,1;30;27,9;24,4;23,7;80;70;80;144;5,4;1,4;
2026/01/13;2100 UTC;0;1013,5;1013,5;1012,9;99,1;27;23,9;27,9;27;24,4;23,9;84;80;83;131;4,4;1,5;
2026/01/13;2200 UTC;0;1013,9;1014;1013,5;;26,7;23,9;27;26,7;24;23,7;85;83;85;116;4,7;1,1;
2026/01/13;2300 UTC;0;1014,4;1014,4;1013,9;;26,5;24,1;26,7;26,5;24,1;23,7;87;84;87;129;4,6;1,2;
2026/01/14;0000 UTC;0;1014,5;1014,5;1014,4;;25,8;23,9;26,5;25,5;24,1;23,1;90;85;90;107;3,5;1,1;
2026/01/14;0100 UTC;0;1014,4;1014,5;1014,4;;26,1;23,8;26,2;25,7;24;23,7;90;87;87;100;4,1;1,3;
2026/01/14;0200 UTC;0;1013,7;1014,4;1013,7;;25,2;23,3;26,1;25,2;23,7;23,2;89;87;89;94;3,9;1;
2026/01/14;0300 UTC;0;1013,1;1013,7;1013,1;;25,1;23,3;25,3;25;23,5;23,2;90;89;90;105;3,1;,9;
2026/01/14;0400 UTC;0;1012,4;1013,1;1012,3;;25,3;23;25,6;25,1;23,6;23;90;87;87;103;5;1,5;
2026/01/14;0500 UTC;0;1012;1012,4;1012;;24,5;22,9;25,4;24,5;23;22,8;91;86;91;102;4,2;,7;
2026/01/14;0600 UTC;0;1012;1012,1;1011,9;;24,8;23;25,1;24,5;23,2;22,9;92;89;89;104;3,9;1;
2026/01/14;0700 UTC;0;1012,2;1012,2;1011,9;;23,8;22,5;24,8;23,8;23;22,5;92;89;92;68;2,9;,4;
2026/01/14;0800 UTC;0;1012,4;1012,4;1012,1;;23,4;22,9;23,9;23,2;23;22,5;98;92;97;142;1,7;,5;
2026/01/14;0900 UTC;0;1013,1;1013,1;1012,4;106,6;24,9;24,5;24,9;23,4;24,5;22,9;98;97;98;107;2,9;,9;
2026/01/14;1000 UTC;0;1013,7;1013,7;1013,1;1136,2;27,9;24,1;27,9;24,9;25,6;24,1;98;80;80;107;4,7;1,5;
2026/01/14;1100 UTC;0;1014,1;1014,1;1013,7;2437,2;29,4;23,8;29,6;27,9;25;23,8;81;71;72;135;5,8;2;
2026/01/14;1200 UTC;,2;1014,4;1014,4;1014,1;3135,3;30,1;23,5;30,5;28,1;24,4;22,8;77;65;68;99;7,9;3,6;
2026/01/14;1300 UTC;0;1014,4;1014,5;1014,3;3617,6;30,5;24,1;30,9;29,3;24,4;22,9;71;65;69;90;8;3,5;
2026/01/14;1400 UTC;0;1014,2;1014,4;1014,2;2202;30,5;23,4;31,5;30;24,4;23,1;69;63;66;90;8,8;3,3;
2026/01/14;1500 UTC;0;1013,7;1014,2;1013,7;2240;29,7;24;31,6;28,8;24,4;22,6;74;63;71;112;8,1;2,3;
2026/01/14;1600 UTC;0;1013,3;1013,7;1013,2;2700,1;30;24,1;31,6;29,1;24,6;22,9;74;62;71;93;7,6;3,2;
2026/01/14;1700 UTC;0;1012,6;1013,3;1012,5;3547,9;30,6;22,8;31,6;29,4;24,3;22,3;73;60;63;97;8,2;2,7;
2026/01/14;1800 UTC;0;1012,2;1012,6;1012,2;2903,7;30,1;23,3;31,2;29,7;24,3;22,1;69;61;67;122;7;2,3;
2026/01/14;1900 UTC;0;1012,1;1012,3;1012,1;1575,8;29;24;30,5;28,4;24,5;23;76;66;74;97;7;2,5;
2026/01/14;2000 UTC;0;1012,5;1012,5;1012,1;1239,6;28,1;22,9;29,2;28,1;24;22,8;75;69;73;91;6;2;
2026/01/14;2100 UTC;0;1012,9;1012,9;1012,4;207,1;27;23,2;28,1;27;23,3;22,9;80;73;80;113;6;1;
2026/01/14;2200 UTC;0;1013,4;1013,4;1012,9;;26,6;23,6;27,1;26,6;23,6;23,1;84;79;84;115;3,4;,8;
2026/01/14;2300 UTC;0;1013,8;1013,8;1013,4;;26,6;23,7;26,6;26,4;23,9;23,6;86;84;84;105;3,4;1;
2026/01/15;0000 UTC;0;1014,1;1014,1;1013,8;;26,8;24;26,9;26,6;24,3;23,5;86;83;85;103;3,5;1,4;
2026/01/15;0100 UTC;0;1014;1014,1;1014;;26,6;24,4;26,8;26,5;24,4;24;88;85;88;115;3,5;,8;
2026/01/15;0200 UTC;0;1013,3;1014;1013,3;;26,7;24,4;26,7;26,5;24,5;24,3;88;87;87;108;4,2;1,4;
2026/01/15;0300 UTC;0;1012,5;1013,3;1012,5;;26,4;24,3;26,7;26,3;24,4;24;88;86;88;103;4,8;1,4;
2026/01/15;0400 UTC;0;1011,9;1012,5;1011,9;;25,6;23,9;26,4;25,6;24,3;23,8;90;87;90;98;4,7;1,4;
2026/01/15;0500 UTC;0;1011,6;1011,9;1011,6;;25,1;23,6;25,7;25,1;23,9;23,6;92;89;92;95;3,8;1;
2026/01/15;0600 UTC;0;1011,4;1011,6;1011,4;;24,5;23,2;25,1;24,4;23,6;23,2;93;91;93;101;2,6;,6;
2026/01/15;0700 UTC;0;1011,7;1011,7;1011,4;;24,9;23,4;25;24,4;23,7;23,2;94;92;92;93;3,1;1;
2026/01/15;0800 UTC;0;1012,1;1012,1;1011,7;;24,4;23;25;24,4;23,4;23;92;91;92;109;3,2;,6;
2026/01/15;0900 UTC;0;1013;1013;1012,1;99,5;24,1;23,5;24,4;23,6;23,5;22,7;97;92;97;68;1,6;,4;
2026/01/15;1000 UTC;0;1013,7;1013,7;1013;1044,2;28;23,2;28,3;24,1;24,5;23,2;97;75;75;84;4,6;2,5;
2026/01/15;1100 UTC;0;1014,2;1014,2;1013,7;2552,8;29,7;23,2;30;27,7;24,8;23,2;78;68;68;78;6,1;3,3;
2026/01/15;1200 UTC;0;1014,6;1014,6;1014,2;3155,4;29,2;23,5;31;28,4;24,4;23;75;65;72;82;7,6;3,1;
2026/01/15;1300 UTC;0;1014,5;1014,6;1014,5;3866,7;30;23,2;31,6;28,8;25;22,6;76;63;67;84;7,1;3,6;
2026/01/15;1400 UTC;0;1014,3;1014,5;1014,3;3781,4;30,5;24;31,5;29,3;24,6;22,8;71;64;69;85;7,2;2,9;
2026/01/15;1500 UTC;0;1013,7;1014,3;1013,7;1855,3;30,3;23;31,9;30;24,4;22,4;71;60;65;91;7,3;3,1;
2026/01/15;1600 UTC;0;1013,1;1013,7;1013,1;4329,9;31,7;24;32,3;30;25,3;23,1;70;63;64;102;7,9;2,7;
2026/01/15;1700 UTC;0;1012,6;1013,1;1012,6;3964,4;30,8;23,6;32,3;30,4;24,7;22,7;69;61;65;91;7;3,1;
2026/01/15;1800 UTC;0;1012,1;1012,6;1012,1;3482,4;30,3;23,3;31,6;30,2;24,4;22,9;69;62;66;117;7,4;2,7;
2026/01/15;1900 UTC;0;1011,9;1012,1;1011,9;2741,3;30,1;24,2;31,4;29,8;24,5;23,3;71;65;70;120;7,1;1,9;
2026/01/15;2000 UTC;0;1012;1012;1011,8;1352,6;28,1;23,5;30,4;28,1;24,5;23,4;76;69;76;130;6,5;1,6;
2026/01/15;2100 UTC;0;1012,5;1012,5;1012;199,8;26,9;24,1;28,2;26,9;24,4;23,7;85;76;85;112;4,9;1,2;
2026/01/15;2200 UTC;0;1013,2;1013,2;1012,5;;26,7;24,4;26,9;26,7;24,4;24,1;87;85;87;109;4,6;1,5;
2026/01/15;2300 UTC;0;1013,7;1013,7;1013,2;;26,4;24,1;26,8;26,4;24,4;24,1;87;87;87;108;4,3;1,2;
2026/01/16;0000 UTC;0;1014,1;1014,1;1013,7;;26,1;24,1;26,4;26;24,2;23,9;89;87;89;110;4;1,1;
2026/01/16;0100 UTC;0;1014,1;1014,2;1014,1;;25,8;24;26,2;25,8;24,2;23,9;90;89;90;99;4,2;1,3;
2026/01/16;0200 UTC;0;1013,5;1014,1;1013,5;;25,4;23,9;25,8;25,4;24;23,7;92;89;91;95;3,7;1;
2026/01/16;0300 UTC;0;1012,7;1013,5;1012,7;;25,3;23,8;25,5;25,2;24,1;23,8;92;91;91;99;2,8;,9;
2026/01/16;0400 UTC;0;1012,1;1012,7;1012,1;;25,4;24,3;25,5;25,2;24,3;23,8;94;91;94;89;2,6;1,2;
2026/01/16;0500 UTC;0;1011,8;1012,1;1011,8;;24,8;24,3;25,4;24,6;24,5;24,1;97;94;97;74;2,6;1;
2026/01/16;0600 UTC;0;1011,9;1011,9;1011,7;;24;23,9;24,8;24;24,3;23,9;100;97;100;63;1,9;,4;
2026/01/16;0700 UTC;0;1012,1;1012,2;1011,8;;24,1;24,1;24,6;23,9;24,6;23,9;100;100;100;99;2,9;,4;
2026/01/16;0800 UTC;0;1012,4;1012,4;1012,1;;23,2;23,2;24,1;23,2;24;23,2;100;100;100;241;1;,4;
2026/01/16;0900 UTC;2,4;1012,9;1012,9;1012,4;212,2;25;;25;23,2;;;;;;89;2,2;,6;
2026/01/16;1000 UTC;0;1013,4;1013,4;1012,9;904,4;26,4;25,7;26,6;24,9;26,4;24,9;100;95;96;9;3,5;,7;
2026/01/16;1100 UTC;0;1013,7;1013,7;1013,4;2462,5;28,8;24,4;29,1;26,5;26,3;24,2;96;76;77;93;7;2,7;
2026/01/16;1200 UTC;0;1014,1;1014,2;1013,7;3055,4;29,9;24,7;30;28,5;25,1;23,6;80;72;74;98;7,2;2,5;
2026/01/16;1300 UTC;0;1014,2;1014,3;1014,1;3296,3;31,1;25,1;31,1;28,9;25,5;23,5;75;69;70;88;8,2;3,1;
2026/01/16;1400 UTC;0;1013,9;1014,2;1013,9;2509,5;29,8;23,8;31,5;29,6;25,2;23,5;73;65;71;97;7,8;2,8;
2026/01/16;1500 UTC;0;1013,4;1013,9;1013,4;1805,4;31,2;23,5;31,6;29,7;24,7;22,8;72;62;64;92;7,3;3;
2026/01/16;1600 UTC;0;1012,8;1013,4;1012,8;4105,4;31,7;23,4;32,3;30,2;24,6;22,9;68;61;62;93;8,7;3;
2026/01/16;1700 UTC;0;1012,2;1012,8;1012,2;3864,9;30,5;23,6;32;30,1;24,7;23;71;62;67;86;7,4;3,5;
2026/01/16;1800 UTC;0;1011,8;1012,2;1011,8;2968,4;29,7;24,6;31;28,3;26;23,5;82;67;74;121;6,9;2,1;
2026/01/16;1900 UTC;0;1011,7;1011,8;1011,6;2807,2;29,4;24,4;30,1;29,1;24,8;23,6;76;70;74;88;6,7;2,7;
2026/01/16;2000 UTC;0;1011,7;1011,8;1011,6;1461,9;28,3;24,2;29,5;28,3;24,8;24;79;74;79;106;6,7;2;
2026/01/16;2100 UTC;0;1011,9;1011,9;1011,7;197,5;26,6;24,4;28,3;26,6;24,4;24;88;79;88;106;6,8;1,6;
2026/01/16;2200 UTC;0;1012,5;1012,5;1011,9;;26;24,4;26,6;26;24,4;24,3;91;88;91;114;4,4;1,3;
2026/01/16;2300 UTC;0;1012,8;1012,9;1012,5;;25,7;24,1;26;25,7;24,5;24,1;92;90;91;113;3,8;,9;
2026/01/17;0000 UTC;0;1013,3;1013,3;1012,8;;25,6;24,1;25,7;25,4;24,3;24,1;93;91;92;96;2,9;1,1;
2026/01/17;0100 UTC;0;1013;1013,3;1013;;25,2;24,2;25,6;25,2;24,2;23,9;94;92;94;99;2,8;,9;
2026/01/17;0200 UTC;0;1012,4;1013;1012,4;;25,7;24,7;25,7;25,2;24,7;24,2;95;94;94;89;3,4;1,4;
2026/01/17;0300 UTC;0;1011,9;1012,4;1011,9;;25,9;24,4;25,9;25,7;24,7;24,4;94;91;91;83;3,4;1,5;
2026/01/17;0400 UTC;,2;1011,2;1011,9;1011,2;;25,4;23,8;26;25,4;24,4;23,7;93;90;91;87;3,8;1,4;
2026/01/17;0500 UTC;0;1010,8;1011,3;1010,7;;24,4;23,4;25,5;24,4;23,9;23,2;94;90;94;95;3,6;,9;
2026/01/17;0600 UTC;0;1010,9;1010,9;1010,7;;25;22,7;25,4;24,3;24,2;22,7;96;86;87;77;4,7;1,3;
2026/01/17;0700 UTC;0;1011,2;1011,2;1010,9;;24,2;23,4;25;24,2;23,5;22,7;95;87;95;91;2,5;,6;
2026/01/17;0800 UTC;0;1011,7;1011,7;1011,2;;23,8;23,8;24,2;23,8;23,8;23,4;100;95;100;152;1,4;,3;
2026/01/17;0900 UTC;0;1012,4;1012,4;1011,7;145,3;25,1;24,8;25,1;23,8;25;23,8;100;99;99;63;4,2;1,5;
2026/01/17;1000 UTC;0;1012,7;1013;1012,4;764,8;27,5;24,4;27,5;25;25,5;24,3;99;83;83;75;4,8;1,7;
2026/01/17;1100 UTC;0;1013,1;1013,1;1012,7;2238,2;28,6;24,1;29,1;27,5;24,9;23,3;83;73;76;70;7,7;3,8;
2026/01/17;1200 UTC;0;1013,3;1013,3;1013,1;3106,5;29,8;23,5;30,8;28,5;24,6;22,7;76;67;69;73;8,8;3,4;
2026/01/17;1300 UTC;0;1013,3;1013,4;1013,3;3551,9;31,2;23,1;31,3;29;24,4;22,8;74;62;62;62;8,6;4,4;
2026/01/17;1400 UTC;0;1012,8;1013,3;1012,8;3573,7;31;23,4;32,3;30,1;25;22,7;69;60;64;68;9,1;4,1;
2026/01/17;1500 UTC;0;1012,1;1012,8;1012,1;1704,3;31,4;23,5;32,3;30,7;24,4;23;66;61;63;64;9,4;4,5;
2026/01/17;1600 UTC;0;1011,3;1012,1;1011,3;4925,8;31,1;23,7;32;30,8;24,3;22,6;66;59;65;68;10;4,6;
2026/01/17;1700 UTC;0;1010,5;1011,3;1010,4;4168,1;31,7;22,8;31,9;30,7;24,2;22;66;59;59;70;9,8;4,8;
2026/01/17;1800 UTC;0;1009,7;1010,5;1009,6;3593,9;30,6;23,8;31,7;30;24,1;22,5;68;59;67;66;10,2;5;
2026/01/17;1900 UTC;0;1009,4;1009,7;1009,3;2492,9;28,8;23,1;30,9;28,8;23,8;22,6;71;64;71;74;10,8;5;
2026/01/17;2000 UTC;0;1009,4;1009,6;1009,4;549,8;27,8;23,1;28,8;27,8;23,6;22,5;77;70;76;76;11,2;5,1;
2026/01/17;2100 UTC;0;1009,8;1009,9;1009,4;162,3;27,2;23,6;27,8;27,2;23,7;23,1;81;76;81;75;9,9;4,3;
2026/01/17;2200 UTC;0;1009,9;1009,9;1009,7;;26,8;23,6;27,2;26,8;23,9;23,5;83;81;82;74;9,7;3,9;
2026/01/17;2300 UTC;0;1011,4;1011,4;1009,9;;26,8;23,9;26,9;26,6;24;23,6;85;82;84;73;9,7;3,6;
2026/01/18;0000 UTC;0;1011,8;1011,8;1011,2;;26,4;24;26,8;26,4;24;23,9;87;84;87;64;7,5;2,7;
2026/01/18;0100 UTC;0;1011,9;1012;1011,8;;26,3;24;26,4;26,2;24;23,9;87;87;87;65;5,6;2,5;
2026/01/18;0200 UTC;0;1011,7;1012;1011,7;;26,4;24;26,5;26,2;24,3;23,9;88;86;86;71;6,2;2,7;
2026/01/18;0300 UTC;0;1011,3;1011,7;1011,2;;26,4;24,1;26,5;26,2;24,4;24;89;86;87;69;6,2;2,6;
2026/01/18;0400 UTC;0;1010,4;1011,3;1010,4;;26,1;23,9;26,4;26;24,2;23,8;89;87;88;67;6,1;2,7;
2026/01/18;0500 UTC;0;1010,5;1010,5;1010,3;;25,9;23,9;26,1;25,9;24,1;23,8;89;88;89;69;5,6;2,3;
2026/01/18;0600 UTC;0;1010,8;1010,8;1010,5;;25,6;23,6;26,1;25,6;23,9;23,6;89;88;89;76;6,3;1,7;
2026/01/18;0700 UTC;0;1010,8;1010,9;1010,8;;24,6;23,3;25,6;24,6;23,7;23,3;93;89;93;67;3,4;1;
2026/01/18;0800 UTC;0;1011,2;1011,2;1010,7;;23,9;23,5;24,6;23,6;23,5;22,9;97;93;97;7;2;,4;
2026/01/18;0900 UTC;0;1011,6;1011,6;1011,2;62,8;23,7;23,6;24;23,5;23,6;23,2;100;97;100;20;1,2;,3;
2026/01/18;1000 UTC;0;1012,1;1012,1;1011,6;829,1;26,6;25,1;26,6;23,7;25,3;23,7;100;92;92;19;2,2;1;
2026/01/18;1100 UTC;0;1012,5;1012,5;1012,1;1766,6;29,4;24,9;29,4;26,3;25,6;23,9;92;77;77;65;9,1;4,3;
2026/01/18;1200 UTC;0;1012,7;1012,8;1012,5;3313,9;30,6;23,9;30,6;29;25;23,1;77;67;68;70;10,5;4,2;
2026/01/18;1300 UTC;0;1012,6;1012,8;1012,6;3984,3;30,9;23,7;31,1;29,6;24,5;23,2;73;65;66;77;10,5;5,2;
2026/01/18;1400 UTC;0;1012,1;1012,6;1012,1;4264,2;31,9;24,1;32,1;30,2;24,5;22,5;69;60;63;67;10,7;4,8;
2026/01/18;1500 UTC;0;1011,8;1012,3;1011,8;3569,4;31,5;23,3;32,1;30,4;24,2;22,5;66;58;62;71;9,9;5,1;
2026/01/18;1600 UTC;0;1011,2;1011,8;1011,2;4235,3;31,1;24;32,5;30,5;24,6;22,7;69;59;66;78;9,9;4;
2026/01/18;1700 UTC;0;1010,6;1011,2;1010,6;3988,7;30,6;24,1;32,3;29,9;24,8;21,8;70;57;68;71;9,7;5,1;
2026/01/18;1800 UTC;0;1009,8;1010,6;1009,8;3110;29,7;23,4;31;29,5;24,6;23,1;72;66;69;76;10,5;5,3;
2026/01/18;1900 UTC;0;1009,7;1009,8;1009,6;2477,1;28,8;24;30,2;28,7;24,6;23,4;76;69;75;82;10,5;4,4;
2026/01/18;2000 UTC;0;1009,8;1009,8;1009,6;1173,7;28;24,1;29,2;27,9;24,4;23,7;79;74;79;79;11,1;4,6;
2026/01/18;2100 UTC;0;1010;1010,1;1009,8;186,1;27,2;24,1;28,2;27,2;24,3;23,9;84;79;83;79;10;4,6;
2026/01/18;2200 UTC;0;1010,4;1010,5;1010;;26,9;24;27,2;26,8;24,2;23,6;84;82;84;76;9,9;4,4;
2026/01/18;2300 UTC;0;1010,8;1010,8;1010,4;;26,7;23,8;26,9;26,6;24;23,6;85;83;84;73;10,3;4,3;
2026/01/19;0000 UTC;0;1011,4;1011,4;1010,8;;26,5;23,9;26,7;26,5;23,9;23,7;86;84;86;70;9,6;3,5;
2026/01/19;0100 UTC;0;1011,7;1011,7;1011,4;;26,4;23,7;26,7;26,3;24;23,6;86;83;85;70;9,1;3,4;
2026/01/19;0200 UTC;0;1011,4;1011,7;1011,4;;26,1;23,7;26,4;26,1;23,8;23,6;87;85;87;66;6,9;2,8;
2026/01/19;0300 UTC;0;1011;1011,4;1011;;26,2;24,1;26,3;26,1;24,1;23,8;89;87;89;67;7,9;3;
2026/01/19;0400 UTC;0;1010,6;1011;1010,5;;26,3;24,4;26,4;26,1;24,4;24,1;90;88;89;64;7,1;2,4;
2026/01/19;0500 UTC;0;1010,2;1010,6;1010,2;;25,8;23,7;26,3;25,8;24,3;23,6;89;87;88;66;6,6;2,5;
2026/01/19;0600 UTC;0;1009,6;1010,2;1009,6;;25,5;23,8;25,8;25,4;23,9;23,7;91;88;90;63;7,5;1,9;
2026/01/19;0700 UTC;0;1009,6;1009,7;1009,5;;25,7;23,4;26;25,5;24;23,4;90;87;87;61;6,9;2,7;
2026/01/19;0800 UTC;0;1010,2;1010,2;1009,5;;24,3;23,4;25,7;24,3;23,6;23,4;95;87;95;331;6,7;,7;
2026/01/19;0900 UTC;0;1011,2;1011,2;1010,2;59,5;23,8;23,7;24,3;23,6;23,7;23,3;100;95;100;356;1,8;,6;
2026/01/19;1000 UTC;0;1012;1012;1011,2;504,7;25,5;24,7;25,5;23,8;24,9;23,7;100;96;96;334;1,8;,7;
2026/01/19;1100 UTC;0;1012,4;1012,4;1012;1425,9;27,4;24,5;27,8;25,4;25,1;24,2;96;83;85;56;4,4;2,1;
2026/01/19;1200 UTC;0;1012,6;1012,6;1012,4;2493,9;30,7;24,2;30,9;27,3;24,9;23,6;85;68;69;66;7,4;3,8;
2026/01/19;1300 UTC;0;1012,6;1012,8;1012,6;3706,1;30,7;24,6;31;29,2;24,8;23,2;73;67;70;85;7,4;3,6;
2026/01/19;1400 UTC;0;1011,9;1012,6;1011,9;4450,7;30,9;24,4;31,8;30,1;25,1;23,5;71;66;68;88;9;3,8;
2026/01/19;1500 UTC;0;1011,2;1011,9;1011,2;3264,8;29,9;24,1;31,4;29,6;24,9;23,4;73;65;71;85;9,3;4,5;
2026/01/19;1600 UTC;0;1010,9;1011,2;1010,9;2547,4;29,3;23,6;30;29,3;25;23,5;75;69;71;84;9,5;4,4;
2026/01/19;1700 UTC;0;1010,1;1010,9;1010,1;3884,9;30,4;24,4;31,5;29,2;25,2;23,7;76;68;71;84;9,8;4,8;
2026/01/19;1800 UTC;0;1009,6;1010,1;1009,5;3208,8;29,7;24,3;31,3;29,3;25,2;24,3;76;70;73;86;10,4;4,5;
2026/01/19;1900 UTC;0;1009,3;1009,6;1009,3;2163,2;29,2;24,9;30;28,9;24,9;24,1;78;73;78;77;11,1;4,7;
2026/01/19;2000 UTC;0;1009,4;1009,4;1009,2;1075,1;28;24,4;29,2;27,9;25,1;24,2;81;77;81;80;11,1;4,1;
2026/01/19;2100 UTC;0;1009,8;1009,8;1009,3;236,1;27,3;24,7;28;27,3;24,7;24,3;86;81;86;73;10,4;3,4;
2026/01/19;2200 UTC;0;1010,2;1010,2;1009,8;;26,9;24,6;27,3;26,9;24,8;24,5;87;86;87;73;10,2;3,9;
2026/01/19;2300 UTC;0;1010,7;1010,7;1010,2;;26,8;24,7;27;26,8;24,9;24,6;89;87;88;74;8,7;3,7;
2026/01/20;0000 UTC;0;1011,5;1011,5;1010,7;;27;24,9;27;26,8;24,9;24,7;89;88;88;70;9,3;4,3;
2026/01/20;0100 UTC;0;1011,6;1011,8;1011,5;;26,8;25;27;26,7;25,2;24,8;90;88;90;72;9,2;4;
2026/01/20;0200 UTC;0;1011,3;1011,6;1011,2;;26,6;24,8;26,8;26,5;25;24,7;90;89;90;73;8,3;3,6;
2026/01/20;0300 UTC;0;1011,2;1011,4;1011,2;;26,8;25;26,8;26,5;25,1;24,8;92;90;90;67;9,3;3,7;
2026/01/20;0400 UTC;0;1010,7;1011,2;1010,7;;26,4;25;26,8;26,4;25,2;25;92;90;92;66;8,3;3,3;
2026/01/20;0500 UTC;0;1010,2;1010,7;1010,1;;26,5;25;26,6;26,4;25,1;24,9;92;91;91;67;7,5;2,5;
2026/01/20;0600 UTC;0;1010,4;1010,6;1010,2;;26,5;24,9;26,6;26,5;25,1;24,8;92;90;91;54;7;2,1;
2026/01/20;0700 UTC;0;1010,3;1010,5;1010,3;;26,3;24,9;26,5;26,1;25;24,7;93;91;92;69;6,4;2,6;
2026/01/20;0800 UTC;0;1010,7;1010,7;1010,3;;26,2;25;26,4;26;25;24,8;94;92;93;69;6,3;2,3;
2026/01/20;0900 UTC;0;1011,4;1011,4;1010,7;221,1;27,1;25,3;27,1;26,1;25,5;24,8;93;90;90;68;5,2;2,5;
2026/01/20;1000 UTC;2,4;1012,2;1012,2;1011,4;805,2;24,5;23,7;28,1;24,5;25,7;23,5;95;85;95;31;7,3;1,8;
2026/01/20;1100 UTC;0;1012,1;1012,2;1011,9;1333,3;28;25;28,1;24,4;26,2;23,6;97;84;84;66;7,6;3,6;
2026/01/20;1200 UTC;4,4;1012,6;1012,8;1012,1;1171;27,6;26,3;28,1;23,7;26,8;22,5;99;84;93;65;8,1;3,9;
2026/01/20;1300 UTC;,4;1012,2;1012,6;1012,1;2918,9;28,7;25;29,1;26,9;26,6;25;94;80;80;79;9,1;5;
2026/01/20;1400 UTC;0;1012,3;1012,5;1012,2;2065,3;28,2;25,2;30,4;27,2;26,8;23,6;85;75;84;53;10,5;2,2;
2026/01/20;1500 UTC;0;1012;1012,3;1011,8;2410,9;29,6;25,5;30,3;27,8;26,4;25,2;88;76;78;77;10,6;5,2;
2026/01/20;1600 UTC;0;1011,4;1012;1011,3;2776,2;28,9;25,2;30,3;28,9;26,1;24,9;81;77;80;73;10,8;4,8;
2026/01/20;1700 UTC;0;1010,6;1011,4;1010,5;2915,3;28,8;24,6;30,3;28,7;26,1;24,4;81;75;78;62;12;4,7;
2026/01/20;1800 UTC;0;1010,1;1010,6;1010,1;2387,9;29,4;25,2;30,7;28,4;25,5;24,3;80;72;78;76;11,4;4,3;
2026/01/20;1900 UTC;0;1009,7;1010,1;1009,7;1340,3;28,1;24,5;29,5;28,1;25,3;24,1;82;76;81;70;9,6;4,2;
2026/01/20;2000 UTC;0;1009,8;1009,8;1009,7;726,3;27,6;24,5;28,3;27,6;25,3;24,5;84;81;83;76;10,3;3,7;
2026/01/20;2100 UTC;0;1010,7;1010,7;1009,8;195,4;27,1;24,2;27,6;27;24,6;24,2;86;83;84;72;9,8;3,6;
2026/01/20;2200 UTC;0;1011,2;1011,2;1010,7;;26,7;24,3;27,1;26,7;24,3;23,8;87;83;87;79;8,5;2,8;
2026/01/20;2300 UTC;0;1011,7;1011,7;1011,2;;26,6;24,3;26,8;26,5;24,4;24,2;88;86;87;72;7,4;3,6;
2026/01/21;0000 UTC;0;1011,9;1012;1011,7;;26,4;24,2;26,7;26,4;24,3;24,2;88;87;88;72;7,8;3,3;
2026/01/21;0100 UTC;0;1012,2;1012,3;1011,9;;26,5;24,2;26,6;26,4;24,4;24,2;88;87;87;71;8;3,7;
2026/01/21;0200 UTC;0;1012,4;1012,4;1012,1;;26,5;24,1;26,6;26,4;24,3;24,1;88;87;87;71;7,2;2,8;
2026/01/21;0300 UTC;0;1011,7;1012,4;1011,7;;25,8;24,1;26,5;25,8;24,1;24;90;87;90;74;6,9;1,8;
2026/01/21;0400 UTC;0;1011,2;1011,7;1011,2;;25,6;24;25,9;25,6;24,1;23,9;91;90;91;72;4;1,8;
2026/01/21;0500 UTC;0;1010,7;1011,2;1010,7;;25,4;23,8;25,7;25,4;24,1;23,8;91;90;91;77;4,5;1,8;
2026/01/21;0600 UTC;0;1010,5;1010,7;1010,5;;25,2;23,9;25,4;25,2;23,9;23,6;92;90;92;69;3,5;1,4;
2026/01/21;0700 UTC;0;1010,5;1010,5;1010,4;;25,3;24,4;25,4;25,2;24,4;23,9;94;92;94;68;3,1;1,4;
2026/01/21;0800 UTC;0;1010,9;1010,9;1010,5;;24,7;24,5;25,3;24,7;24,5;24,2;99;94;99;96;4;1,4;
2026/01/21;0900 UTC;19,6;1011,7;1011,7;1010,9;47,6;24,2;;24,7;23,8;24,4;23,9;100;99;;68;8;2,4;
2026/01/21;1000 UTC;0;1012,2;1012,2;1011,7;631;25,9;25,9;25,9;24,2;;;;;100;69;5,7;1,4;
2026/01/21;1100 UTC;0;1013,1;1013,1;1012,2;1205,1;27,2;25,6;27,2;25,8;26;25,4;100;91;91;67;7,6;2,8;
2026/01/21;1200 UTC;0;1013,4;1013,4;1013,1;2663,7;29;25,7;29;26,9;26,3;24,9;92;82;82;76;8;3,7;
2026/01/21;1300 UTC;0;1013,5;1013,5;1013,3;3542,7;29,8;24,8;30;28,4;26,1;24,5;83;73;75;81;9,2;4,5;
2026/01/21;1400 UTC;0;1013;1013,5;1012,9;4131,7;30,2;24,4;30,8;29,5;25,7;24,2;77;70;71;77;9,2;4,4;
2026/01/21;1500 UTC;0;1012,3;1013;1012,3;3488,3;30,4;25,3;30,6;29,3;25,4;23,9;76;69;74;74;10;4,4;
2026/01/21;1600 UTC;0;1011,8;1012,4;1011,7;3456,6;30,1;24,7;31,3;29,2;25,6;23,9;76;69;73;71;11,2;4,4;
2026/01/21;1700 UTC;0;1011;1011,8;1011;3064,4;29,2;24,1;30,4;29,1;25;23,8;76;72;74;75;9,5;4,3;
2026/01/21;1800 UTC;0;1010,4;1011;1010,4;2940,7;29,6;24,2;29,9;28,7;25,2;23,6;77;72;73;81;9,5;3,9;
2026/01/21;1900 UTC;0;1010,1;1010,4;1010,1;1650,2;28,2;24,1;29,8;28;24,5;23,8;80;71;78;79;9,6;3,9;
2026/01/21;2000 UTC;0;1010,2;1010,2;1010;1414,3;27,9;24,7;29,1;27,7;25;24;83;77;83;75;8,7;3,8;
2026/01/21;2100 UTC;0;1010,7;1010,7;1010,2;314,3;27,1;24,1;27,9;27,1;24,5;24;84;80;84;75;9,1;3,4;
2026/01/21;2200 UTC;0;1011,3;1011,3;1010,7;;26,5;23,8;27,1;26,5;24,1;23,7;86;84;85;72;6,9;2,5;
2026/01/21;2300 UTC;0;1011,9;1011,9;1011,3;;26,2;24;26,5;26,2;24,1;23,8;88;85;88;75;6,3;2;
2026/01/22;0000 UTC;0;1012,5;1012,5;1011,9;;25,7;24,1;26,2;25,7;24,1;24;91;88;91;75;3,8;1,7;
2026/01/22;0100 UTC;0;1012,6;1012,7;1012,5;;25,9;24,5;25,9;25,7;24,5;24,1;92;91;92;72;4,1;2,2;
2026/01/22;0200 UTC;0;1012,3;1012,7;1012,3;;25,9;24,3;26,3;25,9;24,7;24,3;92;90;91;79;6,3;2,4;
2026/01/22;0300 UTC;0;1011,8;1012,3;1011,8;;25,8;24,1;25,9;25,7;24,4;24,1;92;91;91;81;6;2,4;
2026/01/22;0400 UTC;0;1011,4;1011,8;1011,4;;25,4;23,8;25,8;25,3;24,2;23,8;93;91;91;75;4,6;1,9;
2026/01/22;0500 UTC;0;1011,1;1011,4;1011,1;;25,1;23,5;25,5;25,1;23,9;23,4;91;89;91;76;4,8;2;
2026/01/22;0600 UTC;0;1011;1011,2;1011;;25,1;23,7;25,1;24,9;23,7;23,5;92;91;92;79;4,1;1,7;
2026/01/22;0700 UTC;0;1011,1;1011,1;1010,9;;24,9;23,6;25,1;24,9;23,8;23,6;93;92;92;81;3,8;1,7;
2026/01/22;0800 UTC;0;1011,3;1011,3;1011;;24,6;23,4;25;24,5;23,6;23,1;93;91;93;76;4,4;1,6;
2026/01/22;0900 UTC;0;1011,9;1011,9;1011,3;67,6;24,9;23,8;24,9;24,2;23,8;23,1;94;93;94;73;3,1;1,5;
2026/01/22;1000 UTC;0;1012,4;1012,4;1011,9;925,1;27,7;23,4;27,7;24,9;24,1;23,2;94;77;77;72;7;3,8;
2026/01/22;1100 UTC;0;1013;1013;1012,4;2364,1;28,7;23,3;29,2;27,7;24,2;22,9;78;71;73;80;8,2;3,5;
2026/01/22;1200 UTC;0;1013,2;1013,2;1013;3266,2;29,6;24,1;29,9;28,7;24,3;23,2;74;69;72;72;8,6;3,5;
2026/01/22;1300 UTC;0;1013;1013,2;1013;3481,3;29,9;23,6;31,2;29,2;24,9;23,2;73;66;69;89;7,5;3,3;
2026/01/22;1400 UTC;0;1012,9;1013;1012,7;2817,7;26,4;23,9;30,7;26,4;24,9;23,2;87;67;86;82;8,8;4,1;
2026/01/22;1500 UTC;0;1012,4;1012,9;1012,4;3367,4;29,9;24,2;30,3;26,3;26,4;23,7;92;70;72;84;8,8;3,7;
2026/01/22;1600 UTC;0;1011,7;1012,4;1011,7;3855,5;30,6;23,9;31,3;29,4;25,4;23,2;75;66;68;98;10,4;3,4;
2026/01/22;1700 UTC;0;1011,2;1011,8;1011,2;4148,2;30,2;23,9;30,9;29,7;24,9;22,9;72;65;69;90;9,6;3,8;
2026/01/22;1800 UTC;0;1010,7;1011,2;1010,7;2990,2;29,7;24,7;30,5;28,6;24,7;22,8;76;64;75;86;8,9;3,3;
2026/01/22;1900 UTC;0;1010,4;1010,7;1010,4;2308;28,8;23,7;30;28,5;24,2;22,9;74;69;74;84;8,3;4;
2026/01/22;2000 UTC;0;1010,7;1010,7;1010,4;1337,4;28,1;23;28,8;28,1;24;22,6;77;72;74;78;7,4;3,1;
2026/01/22;2100 UTC;0;1011,2;1011,2;1010,7;202,4;26,7;22,9;28,1;26,7;23,3;22,9;80;74;80;79;6,9;2,8;
2026/01/22;2200 UTC;0;1011,7;1011,7;1011,2;;25,5;22,8;26,7;25,4;22,9;22,8;86;80;85;93;6,2;1,1;
2026/01/22;2300 UTC;0;1012,3;1012,3;1011,7;;25,1;22,9;25,5;25,1;22,9;22,7;88;85;88;94;3,1;1;
2026/01/23;0000 UTC;0;1012,7;1012,7;1012,3;;25,1;23;25,4;25;23,2;22,9;89;87;88;91;3,5;1,2;
2026/01/23;0100 UTC;0;1013;1013,1;1012,7;;25,2;23,2;25,2;24,8;23,2;22,9;90;88;89;89;4;1,3;
2026/01/23;0200 UTC;0;1012,6;1013;1012,6;;24,8;23,1;25,2;24,7;23,2;22,9;91;88;91;87;4;1,2;
2026/01/23;0300 UTC;0;1012,3;1012,6;1012,3;;25,4;23,6;25,4;24,7;23,6;23,1;91;90;90;89;3,3;1;
2026/01/23;0400 UTC;0;1011,7;1012,3;1011,7;;25,5;23,4;25,6;25,3;23,7;23,4;91;88;88;87;4,9;1,4;
2026/01/23;0500 UTC;0;1011,5;1011,7;1011,4;;24,9;23;25,5;24,9;23,4;23;89;88;89;84;4;1,3;
2026/01/23;0600 UTC;0;1011,2;1011,5;1011,2;;24,8;23,3;24,9;24,4;23,4;22,9;93;89;91;84;3,2;1,4;
2026/01/23;0700 UTC;0;1011,4;1011,4;1011,1;;24,5;23,1;24,8;24,4;23,2;22,9;92;91;92;77;3,3;1,5;
2026/01/23;0800 UTC;0;1011,6;1011,7;1011,4;;23,9;23,1;24,5;23,8;23,1;22,8;95;92;95;85;3,3;1;
2026/01/23;0900 UTC;0;1012,2;1012,2;1011,6;94,8;24,7;23,9;24,7;23,9;23,9;23;95;95;95;86;2,2;,9;
2026/01/23;1000 UTC;0;1013;1013;1012,2;700,7;26,8;25,3;26,8;24,7;25,5;23,9;96;91;91;95;5,6;1,3;
2026/01/23;1100 UTC;0;1013,4;1013,4;1013;1265,7;27,7;24;27,7;26,8;25,5;23,5;91;80;81;72;6,8;3,2;
2026/01/23;1200 UTC;0;1013,6;1013,6;1013,3;1865,9;28,7;23,9;28,8;27,4;24,6;23,3;81;75;76;72;6,8;2,8;
2026/01/23;1300 UTC;0;1013,6;1013,6;1013,5;3367,8;30,6;24,8;30,6;28,2;24,8;22,7;76;69;71;71;8,2;3,4;
2026/01/23;1400 UTC;,2;1013,4;1013,6;1013,4;2906,1;31;24,1;31;28,7;24,5;22,7;73;66;67;79;6,7;3;
2026/01/23;1500 UTC;0;1012,8;1013,4;1012,8;2233;30,8;22;31,8;30,1;24,4;21,5;69;57;60;82;7,3;3,2;
2026/01/23;1600 UTC;0;1012,3;1012,9;1012,3;4194,4;31,1;22,7;31,6;29,7;24,1;21,8;69;59;61;91;7,9;3,4;
2026/01/23;1700 UTC;0;1011,8;1012,3;1011,8;4167,9;30,8;23;31,4;30,3;23,5;22,1;66;60;63;89;7,9;2,8;
2026/01/23;1800 UTC;0;1011,6;1011,8;1011,5;3565,4;30,6;22,7;31,4;30;23,8;22,3;67;62;63;112;7;2;
2026/01/23;1900 UTC;0;1011,6;1011,7;1011,5;2807,3;29,7;23,3;30,6;28,9;23,9;22,6;72;63;68;94;6,2;2,1;
2026/01/23;2000 UTC;0;1012,3;1012,3;1011,6;1559,9;28,2;23,2;29,7;28,2;23,6;22,8;75;68;75;112;5,6;1,5;
2026/01/23;2100 UTC;0;1012,7;1012,7;1012,3;150,9;26,5;23,5;28,2;26,5;23,8;23,2;83;75;83;115;4,8;,9;
2026/01/23;2200 UTC;0;1013;1013;1012,7;;25,4;23,6;26,5;25,4;23,6;23,3;90;83;90;86;2,5;,6;
2026/01/23;2300 UTC;0;1013,3;1013,3;1013;;24,9;23,7;25,4;24,8;23,7;23,5;94;90;94;98;1,9;,5;
2026/01/24;0000 UTC;0;1013,5;1013,5;1013,3;;24,3;23,4;24,9;24,3;23,8;23,4;95;94;95;82;1,9;,7;
2026/01/24;0100 UTC;0;1013,7;1013,8;1013,5;;23,4;23,1;24,3;23,4;23,5;23;98;95;98;174;1,2;,3;
2026/01/24;0200 UTC;0;1013,6;1013,7;1013,6;;22,9;22,9;23,5;22,9;23,2;22,9;100;98;100;130;,8;,2;
2026/01/24;0300 UTC;0;1013,1;1013,6;1013,1;;22,4;22,4;22,9;22,3;22,9;22,3;100;100;100;248;,7;,3;
2026/01/24;0400 UTC;0;1012,8;1013,1;1012,8;;22,2;;22,4;22,2;;;100;100;;196;,6;,3;
2026/01/24;0500 UTC;0;1012,4;1012,8;1012,4;;22,2;;22,3;21,9;;;;;;327;1,4;,4;
2026/01/24;0600 UTC;0;1012,3;1012,4;1012,3;;21,7;;22,2;21,6;;;;;;282;,9;,2;
2026/01/24;0700 UTC;0;1012,1;1012,3;1012,1;;21,1;;21,7;21;;;;;;267;,7;,3;
2026/01/24;0800 UTC;0;1012,8;1012,8;1012,1;;21,3;;21,3;20,9;;;;;;239;,8;,4;
2026/01/24;0900 UTC;0;1013,4;1013,4;1012,8;90,2;22;;22;21,2;;;;;;282;1,8;,6;
2026/01/24;1000 UTC;0;1013,9;1013,9;1013,4;822,5;24,7;;24,7;22;;;;;;309;1,4;,8;
2026/01/24;1100 UTC;0;1014,4;1014,4;1013,9;2297,9;29,3;24,5;29,4;24,7;26,8;24,5;100;75;75;104;5;1,9;
2026/01/24;1200 UTC;0;1014,4;1014,4;1014,3;2877,3;30;23,9;30,4;28,4;24,5;22,9;78;68;70;80;6,7;2,4;
2026/01/24;1300 UTC;0;1014,4;1014,5;1014,4;3491,7;29,6;22,8;30,9;29,1;24,3;22,2;72;62;67;86;6,8;2,7;
2026/01/24;1400 UTC;0;1014,5;1014,6;1014,4;3347;31,1;23,5;31,4;29,6;24,3;22,3;70;62;64;93;6,9;2,6;
2026/01/24;1500 UTC;0;1013,8;1014,5;1013,8;2187,2;30,2;24;32,2;29,8;25,1;22,8;70;60;70;103;6,4;2,3;
2026/01/24;1600 UTC;0;1013,3;1013,9;1013,3;3140,4;31,2;22,6;31,3;29,4;24,6;22,1;72;59;60;76;6,8;3,3;
2026/01/24;1700 UTC;0;1012,6;1013,3;1012,6;3765;30,3;23,5;31,8;30,3;24,7;22,6;69;60;67;90;6;2,6;
2026/01/24;1800 UTC;0;1012,2;1012,6;1012,2;3500,7;30,7;24,1;31;30;24,4;23,2;70;66;68;109;6;2,2;
2026/01/24;1900 UTC;0;1012,4;1012,4;1012,2;2898,3;30,3;24,4;31,5;29,8;24,7;23,4;72;63;71;109;5,8;2;
2026/01/24;2000 UTC;0;1012,8;1012,8;1012,4;1399,3;28,5;23,6;30,7;28,5;24,9;23,4;75;69;75;100;5,7;1,7;
2026/01/24;2100 UTC;0;1013,2;1013,2;1012,8;204,6;27,1;23,9;28,6;27,1;24;23,6;83;75;83;130;5,5;1,7;
2026/01/24;2200 UTC;0;1013,6;1013,6;1013,2;;26,4;24,3;27,1;26,4;24,4;23,9;89;83;88;118;5,5;1,1;
2026/01/24;2300 UTC;0;1014,1;1014,1;1013,6;;26,1;23,9;26,4;26;24,3;23,8;89;87;88;107;4,2;1,3;
2026/01/25;0000 UTC;0;1014,7;1014,7;1014,1;;26,2;24,4;26,2;26;24,4;23,9;90;88;90;103;4,1;1,1;
2026/01/25;0100 UTC;0;1014,9;1015;1014,7;;26,1;23,7;26,3;26,1;24,5;23,7;90;87;87;96;4,6;1,5;
2026/01/25;0200 UTC;0;1014,6;1014,9;1014,6;;26,2;24,4;26,5;26,1;24,6;23,8;90;87;90;93;5;1,9;
2026/01/25;0300 UTC;0;1014,4;1014,6;1014,4;;25,5;24;26,3;25,5;24,4;23,8;91;88;91;85;4,7;1,3;
2026/01/25;0400 UTC;0;1013,7;1014,4;1013,7;;24,9;24,1;25,6;24,9;24,3;23,9;95;91;95;88;3,3;,6;
2026/01/25;0500 UTC;0;1013,6;1013,7;1013,5;;24,4;23,9;24,9;24,4;24,1;23,8;97;95;97;105;2,2;,6;
2026/01/25;0600 UTC;0;1013,5;1013,6;1013,4;;24,7;24,2;24,7;24;24,2;23,6;99;97;97;72;3,5;1;
2026/01/25;0700 UTC;0;1013,6;1013,7;1013,5;;25,4;24,5;25,4;24,4;24,6;23,9;98;95;95;71;5,7;2,4;
2026/01/25;0800 UTC;0;1014,2;1014,2;1013,6;;24,4;23,4;25,4;24,4;24,5;23,4;96;93;94;77;4,7;1,2;
2026/01/25;0900 UTC;0;1014,4;1014,5;1014,1;75,3;25,1;24,4;25,1;24,3;24,5;23,4;98;94;96;62;3,7;1,3;
2026/01/25;1000 UTC;0;1014,9;1014,9;1014,4;588,7;26,5;24,1;26,6;25,1;24,5;23,7;96;87;87;10;3,7;1;
2026/01/25;1100 UTC;0;1015,2;1015,3;1014,9;1514,7;28,2;24,7;28,2;26,1;24,7;23,5;88;81;81;329;2,7;1;
2026/01/25;1200 UTC;0;1015,2;1015,3;1015,2;3267,5;29,4;24,1;30,3;28,2;25,3;23,2;82;70;73;66;7,4;3,5;
2026/01/25;1300 UTC;0;1015,1;1015,2;1015,1;3437,9;29,5;24,4;31,1;29,3;25,3;23,5;75;68;74;64;7,7;3,3;
2026/01/25;1400 UTC;0;1014,8;1015,1;1014,8;3269,3;30,1;22,3;30,5;28,6;25,2;21,7;77;61;63;68;9,1;4,1;
2026/01/25;1500 UTC;0;1014,6;1014,8;1014,6;2704,6;30,9;24;32,3;29,5;25,6;21,7;73;60;67;100;8,4;3,2;
2026/01/25;1600 UTC;0;1013,8;1014,6;1013,8;3184,9;30,2;24,2;31,6;29,4;25,4;23,4;74;65;71;87;7,4;3,6;
2026/01/25;1700 UTC;0;1013,1;1013,8;1013,1;4194,6;31,6;25,3;31,6;30,2;25,5;23,5;74;64;69;98;8;2,9;
2026/01/25;1800 UTC;0;1012,5;1013,1;1012,5;3804,7;30,5;24,2;32;30,4;25,8;23,9;72;66;69;107;8,1;2,8;
2026/01/25;1900 UTC;0;1012,5;1012,5;1012,4;2834;29,9;25;30,8;29,7;25,1;24,1;75;69;75;107;6,7;2;
2026/01/25;2000 UTC;0;1012,8;1012,8;1012,5;1213,8;28,5;24,9;30,1;28,5;25,5;24,5;81;74;81;106;6,4;1,7;
2026/01/25;2100 UTC;0;1013,3;1013,3;1012,8;197,8;27,4;24,8;28,5;27,4;24,8;24,6;86;80;86;110;4,8;,9;
2026/01/25;2200 UTC;2;1013,9;1013,9;1013,3;;25,5;24,3;27,4;25,5;25,3;24,3;93;86;93;137;4,6;1,5;
2026/01/25;2300 UTC;0;1014,4;1014,4;1013,9;;25,2;25,2;25,5;25,1;25,2;24,4;100;93;100;111;4,6;1;
2026/01/26;0000 UTC;0;1014,8;1014,8;1014,4;;25,4;25,4;25,4;25,1;25,4;25,1;100;100;100;99;2,9;1,1;
2026/01/26;0100 UTC;0;1014,9;1015;1014,7;;25,5;25,4;25,6;25,4;25,5;25,3;100;99;99;92;3,4;1,2;
2026/01/26;0200 UTC;0;1014,4;1014,9;1014,4;;25,5;25,2;25,6;25,4;25,4;25,2;99;98;99;105;3,2;1;
2026/01/26;0300 UTC;0;1013,7;1014,4;1013,7;;25,6;24,6;25,8;25,5;25,3;24,5;99;94;94;98;4,8;1,7;
2026/01/26;0400 UTC;0;1013,4;1013,7;1013,4;;25,4;24,5;25,9;25,4;25;24,4;95;93;94;98;4,8;,9;
2026/01/26;0500 UTC;0;1013,2;1013,4;1013,1;;25,5;24,6;25,7;25,3;24,9;24,5;96;94;95;98;3,5;,9;
2026/01/26;0600 UTC;0;1013,1;1013,2;1013;;25,2;24,4;25,7;25,1;24,8;24,2;95;94;95;118;3,8;,6;
2026/01/26;0700 UTC;0;1013,2;1013,2;1013;;25,3;24,2;25,4;24,8;24,4;24,1;96;94;94;91;3,7;1;
2026/01/26;0800 UTC;0;1013,8;1013,8;1013,2;;24,9;24,5;25,3;24,8;24,5;24;97;94;97;86;3;1,1;
2026/01/26;0900 UTC;0;1014,2;1014,2;1013,7;64,8;24,9;24,6;25;24,8;24,6;24,4;98;97;98;87;3;,6;
2026/01/26;1000 UTC;0;1014,6;1014,6;1014,2;806,6;28,1;25;28,3;24,9;25,6;24,6;98;82;84;95;5;1,6;
2026/01/26;1100 UTC;0;1015,3;1015,3;1014,6;1554,4;28,6;24,9;29,4;27,3;26,2;24,3;87;78;81;98;5,8;2,8;
2026/01/26;1200 UTC;0;1015,7;1015,7;1015,3;2901;29,4;24,5;30,4;28,6;25,7;24;81;73;75;78;7,8;3,5;
2026/01/26;1300 UTC;0;1015,5;1015,7;1015,5;3015,2;30,2;25,7;31,1;29,1;26,1;24,4;79;72;77;62;7,8;3;
2026/01/26;1400 UTC;0;1015,3;1015,5;1015,3;2864,8;30,8;24,3;32;29,7;26,4;24,3;78;66;69;78;7,4;3,3;
2026/01/26;1500 UTC;0;1014,7;1015,3;1014,7;2426,7;31,6;23,8;31,8;29,6;26;23,3;77;62;63;117;7,4;2,6;
2026/01/26;1600 UTC;0;1014,1;1014,7;1014,1;4503,9;31,5;25,4;32,4;30,4;26,1;24,3;73;63;70;109;8,4;3;
2026/01/26;1700 UTC;0;1013,6;1014,2;1013,5;4194,8;31,1;24,3;32;30,5;25,9;24,3;73;67;67;101;7,4;3,1;
2026/01/26;1800 UTC;0;1013,3;1013,6;1013,3;3533,3;30,6;24,5;31,4;30;25;23,7;72;65;70;107;8,3;2,7;
2026/01/26;1900 UTC;0;1013,1;1013,3;1013,1;2794,7;30,1;24;31,2;29,9;25,5;23,3;73;66;70;101;7,3;2,7;
2026/01/26;2000 UTC;0;1013,3;1013,4;1013,1;1518,8;28,8;24,6;30,2;28,8;25;24,1;79;70;78;97;6,6;2;
2026/01/26;2100 UTC;0;1013,5;1013,5;1013,3;213,8;27,3;24,9;28,8;27,3;25;24,5;87;78;87;114;6,6;1,3;
2026/01/26;2200 UTC;0;1013,9;1013,9;1013,5;;26,7;24,3;27,3;26,7;24,9;24;88;85;87;100;4,1;1,4;
2026/01/26;2300 UTC;0;1014,4;1014,4;1013,9;;26,6;24,5;26,8;26,5;24,8;24,3;89;87;88;98;4,2;1,4;
2026/01/27;0000 UTC;0;1014,7;1014,7;1014,4;;26,4;24,7;26,6;26,3;24,8;24,3;91;88;91;108;5;1,2;
2026/01/27;0100 UTC;0;1014,8;1014,9;1014,7;;26,7;24,7;26,7;26,3;25;24,7;91;89;89;90;5,2;1,8;
2026/01/27;0200 UTC;0;1014,1;1014,8;1014,1;;26,3;24,8;26,7;26,2;24,8;24,5;92;89;91;98;5,2;1,6;
2026/01/27;0300 UTC;0;1013,6;1014,1;1013,6;;26,5;24,3;26,6;26,3;24,9;24,3;91;88;88;92;5,6;2,3;
2026/01/27;0400 UTC;0;1013,3;1013,6;1013,3;;26,2;24,4;26,5;26,1;24,4;24;90;87;90;81;5,6;1,6;
2026/01/27;0500 UTC;0;1012,8;1013,3;1012,8;;25,8;24,3;26,3;25,7;24,5;24,2;91;90;91;70;3,8;1,4;
2026/01/27;0600 UTC;0;1012,8;1012,9;1012,7;;25,2;24,6;26,1;25,2;24,6;24,3;96;90;96;100;3,4;1,3;
2026/01/27;0700 UTC;0;1013,2;1013,2;1012,8;;25,6;24,4;25,7;25,2;24,9;24,3;98;92;93;105;4,3;1,3;
2026/01/27;0800 UTC;0;1013,5;1013,5;1013,1;;24,6;24,2;25,6;24,6;24,4;23,9;98;93;98;67;5;1,5;
2026/01/27;0900 UTC;,6;1014,2;1014,2;1013,5;52,4;24,4;24,4;24,7;24,3;24,4;24;100;97;100;90;4,6;,5;
2026/01/27;1000 UTC;1,6;1014,6;1014,6;1014,2;1034,9;27,6;26,4;27,6;24,3;26,8;24,2;100;93;93;85;8,3;2,2;
2026/01/27;1100 UTC;,2;1015,2;1015,2;1014,6;2222,5;29;25,4;29,1;27,6;26,3;24,8;93;81;81;68;6,8;3,3;
2026/01/27;1200 UTC;0;1015,1;1015,2;1015,1;2890;29,4;25,8;30;28,1;26,5;24,8;85;78;81;60;7,1;2,9;
2026/01/27;1300 UTC;0;1014,7;1015,1;1014,7;3292,8;28,3;24,5;30,7;28,3;26,3;24,3;81;73;80;69;7,8;4;
2026/01/27;1400 UTC;0;1014,4;1014,7;1014,4;2381;29,5;25,7;30,7;28,3;26,4;24,5;83;72;80;84;8,4;3,7;
2026/01/27;1500 UTC;0;1013,9;1014,4;1013,9;2288,2;30,7;24,5;31;29,6;26,2;23,5;80;68;70;83;9,3;3,9;
2026/01/27;1600 UTC;0;1013,5;1013,9;1013,5;4944;31,1;24,6;31,9;30,5;25,5;23,6;72;64;69;77;9,3;4,3;
2026/01/27;1700 UTC;0;1013,1;1013,5;1013;4251,9;30,2;24,5;31,6;30,2;25;23,3;73;64;72;74;9,6;3,9;
2026/01/27;1800 UTC;0;1012,7;1013,1;1012,7;3549,5;30,6;24,2;30,9;29,8;25,1;23,4;74;66;69;84;8,9;3,8;
2026/01/27;1900 UTC;0;1012,9;1012,9;1012,7;2805;29,7;24,9;30,7;29,4;24,9;23,2;76;68;76;90;9;3,8;
2026/01/27;2000 UTC;0;1013,1;1013,1;1012,7;1350,7;28;24,7;29,7;28;25;24,3;82;74;82;95;9,3;3,8;
2026/01/27;2100 UTC;0;1013,9;1013,9;1013;229,7;27,2;24,3;28;27,2;24,9;23,9;85;81;84;89;9,1;3;
2026/01/27;2200 UTC;0;1014,4;1014,4;1013,9;;27;24,2;27,2;26,9;24,3;24;85;83;84;82;6,7;2,8;
2026/01/27;2300 UTC;0;1014,8;1014,8;1014,4;;26,8;24,2;27;26,8;24,2;24;86;84;86;75;8,5;2,8;
2026/01/28;0000 UTC;0;1015,3;1015,3;1014,8;;26,6;24,1;26,8;26,6;24,2;24;86;85;86;73;7,4;2,5;
2026/01/28;0100 UTC;0;1015;1015,3;1015;;26,2;24;26,6;26,2;24,1;23,9;88;86;88;72;5,6;2,3;
2026/01/28;0200 UTC;0;1014,6;1015;1014,6;;25,8;24,2;26,2;25,8;24,2;24;90;88;90;68;5,2;2,2;
2026/01/28;0300 UTC;0;1014,1;1014,6;1014,1;;25,5;24,2;25,9;25,5;24,4;24,2;93;90;93;70;5,1;1,6;
2026/01/28;0400 UTC;0;1013,6;1014,1;1013,6;;25,3;24,4;25,5;25,1;24,4;24,1;95;93;94;74;3,6;1,3;
2026/01/28;0500 UTC;0;1013,3;1013,6;1013,2;;25,1;24,3;25,3;25;24,4;24,2;96;94;95;83;3;1,1;
2026/01/28;0600 UTC;0;1013,2;1013,3;1013,2;;24,6;24;25,2;24,5;24,4;24;97;95;97;79;2,4;,9;
2026/01/28;0700 UTC;0;1013,1;1013,2;1013;;24;24;24,6;23,9;24;23,6;100;97;100;16;1,8;,4;
2026/01/28;0800 UTC;0;1013,6;1013,6;1013,1;;23,2;23,2;24;23,2;24;23,2;100;99;100;261;1,6;,5;
2026/01/28;0900 UTC;0;1014,1;1014,1;1013,6;97,3;23,2;23,2;23,2;22,8;23,2;22,8;100;100;100;274;1;,4;
2026/01/28;1000 UTC;0;1014,6;1014,6;1014,1;663,5;26,1;25,9;26,1;23,2;25,9;23,3;100;99;99;270;1,4;,5;
2026/01/28;1100 UTC;0;1015;1015;1014,6;1629,8;28,8;25,1;29,1;26,1;26,5;24,6;99;80;80;80;6,4;2,8;
2026/01/28;1200 UTC;0;1015,3;1015,3;1015;2875,6;29,6;24,3;30,2;28,3;25,8;24,1;82;71;73;74;7,2;3,8;
2026/01/28;1300 UTC;0;1015,2;1015,3;1015,1;3073,3;29,6;24,3;30,6;29,4;25,2;24;76;70;74;84;7,1;3,1;
2026/01/28;1400 UTC;0;1015,1;1015,2;1015,1;3294,3;29,9;24,9;31,1;29,5;25,4;24,3;76;69;74;91;8,3;2,9;
2026/01/28;1500 UTC;0;1014,5;1015,1;1014,5;4529,1;31;24,6;31,6;29,8;25,6;23,9;77;65;69;94;7,6;3,3;
2026/01/28;1600 UTC;0;1014,1;1014,5;1014,1;3391,7;29,7;24,1;31,7;29,7;25,1;23,6;73;65;72;86;8;3,1;
2026/01/28;1700 UTC;0;1013,9;1014,2;1013,9;2692,6;30,2;25;30,5;29,5;25,6;24,2;76;71;74;87;7,3;3,6;
2026/01/28;1800 UTC;0;1013,7;1013,9;1013,6;1777,9;29,2;25,2;30,2;28,9;25,3;24,1;80;74;79;97;7,3;2,5;
2026/01/28;1900 UTC;0;1013,9;1013,9;1013,7;1572,6;28,8;24,6;29,3;28,8;25,2;24,3;79;76;78;89;6;2,8;
2026/01/28;2000 UTC;0;1013,9;1013,9;1013,7;725,2;27,9;24,8;29;27,9;25,2;24,6;84;78;83;91;6,6;2,8;
2026/01/28;2100 UTC;0;1014,1;1014,1;1013,8;164,3;27,1;24,7;27,9;27,1;24,8;24,5;87;82;87;100;6,6;1,5;
2026/01/28;2200 UTC;0;1014,4;1014,4;1014,1;;26,9;25;27,1;26,9;25;24,7;89;87;89;102;4,3;1,3;
2026/01/28;2300 UTC;0;1014,9;1014,9;1014,4;;26,8;24,8;27;26,7;25;24,8;90;89;89;90;4,4;1,8;
2026/01/29;0000 UTC;0;1015,5;1015,5;1014,9;;26,6;24,9;26,8;26,6;25,1;24,7;91;89;90;95;4,1;1,6;
2026/01/29;0100 UTC;0;1015,8;1015,8;1015,5;;26,5;24,8;26,7;26,4;24,9;24,8;91;90;91;87;5,1;1,8;
2026/01/29;0200 UTC;0;1015,3;1015,8;1015,3;;26,2;24,8;26,5;26,2;25;24,8;93;91;92;94;4,7;1,4;
2026/01/29;0300 UTC;0;1014,7;1015,4;1014,7;;26,3;25,1;26,3;26;25,1;24,8;94;92;93;77;3,5;1,8;
2026/01/29;0400 UTC;0;1014,3;1014,7;1014,3;;25,7;24,9;26,3;25,7;25,1;24,8;96;93;96;89;3,7;1,7;
2026/01/29;0500 UTC;0;1013,8;1014,3;1013,8;;25;24,7;25,7;25;24,9;24,7;98;96;98;72;3,5;1,1;
2026/01/29;0600 UTC;0;1013,4;1013,8;1013,4;;24,5;24,4;25,1;24,5;24,8;24,4;100;98;100;99;2,3;,6;
2026/01/29;0700 UTC;0;1013,5;1013,6;1013,4;;24,7;24,7;24,7;24,3;24,7;24,3;100;100;100;199;1,1;,3;
2026/01/29;0800 UTC;0;1014;1014;1013,5;;24,3;24,3;24,8;24,3;24,7;24,3;100;100;100;14;1,5;,4;
2026/01/29;0900 UTC;0;1014,9;1014,9;1014;60,6;24,9;24,9;24,9;24,3;24,9;24,3;100;100;100;291;1,7;,8;
2026/01/29;1000 UTC;0;1015,4;1015,4;1014,9;677,3;26;26;26;24,8;26;24,8;100;100;100;326;2,5;1,4;
2026/01/29;1100 UTC;0;1015,7;1015,7;1015,4;1791,1;27,8;25,1;28,3;26;26,5;25,1;100;85;86;17;3,1;1,3;
2026/01/29;1200 UTC;0;1015,4;1015,8;1015,4;1942,4;29,8;24,7;30,1;27,8;25,8;24,4;87;73;74;89;5,6;2,5;
2026/01/29;1300 UTC;0;1015,4;1015,5;1015,3;4036,9;32;24,6;32;29,4;25,2;23;76;63;65;110;6,4;2,1;
2026/01/29;1400 UTC;0;1015,3;1015,5;1015,3;2555,3;30,4;24,5;32,2;30,1;24,9;23,3;71;61;71;81;6,4;3;
2026/01/29;1500 UTC;0;1014,4;1015,3;1014,4;1922,9;32,1;25,5;32,5;30,5;25,5;23,7;70;64;68;100;6,9;2,2;
2026/01/29;1600 UTC;0;1013,9;1014,4;1013,9;3382,9;29,9;23,7;32,4;29,9;25,7;23,5;71;62;69;84;7;3,1;
2026/01/29;1700 UTC;0;1013,1;1013,9;1013,1;3629,6;31,4;24,4;31,5;29,9;25,3;23,9;74;65;66;104;7;2,5;
2026/01/29;1800 UTC;0;1013;1013,1;1012,8;2729,4;30,2;24,9;31,7;29,7;24,9;23,6;74;64;74;144;6,8;1,9;
2026/01/29;1900 UTC;0;1012,8;1013;1012,8;2414,1;29,2;24,5;31,2;29,2;25,6;24,4;76;70;76;136;6,7;1,8;
2026/01/29;2000 UTC;0;1013,1;1013,1;1012,8;930,2;28,4;24,6;29,5;28,3;25;24,2;80;75;80;127;5,2;1,5;
2026/01/29;2100 UTC;0;1013,4;1013,4;1013,1;185,1;27;24,6;28,4;27;25,1;24,5;87;80;87;116;4,2;,9;
2026/01/29;2200 UTC;0;1013,5;1013,6;1013,4;;26,6;24,5;27;26,6;24,6;24,4;88;86;88;99;3,3;1,2;
2026/01/29;2300 UTC;0;1014,1;1014,1;1013,5;;26,2;24,8;26,6;26,2;24,8;24,4;92;88;92;118;3,3;,7;
2026/01/30;0000 UTC;0;1014,5;1014,6;1014,1;;26,3;24,9;26,6;26,2;25,2;24,8;92;92;92;92;3,6;1,1;
2026/01/30;0100 UTC;0;1014,3;1014,5;1014,3;;26,4;24,7;26,5;26,1;24,9;24,3;92;89;90;86;3,5;1,5;
2026/01/30;0200 UTC;0;1013,7;1014,3;1013,6;;26,6;25;26,6;26,4;25;24,7;91;90;91;72;4,8;1,8;
2026/01/30;0300 UTC;0;1013;1013,7;1013;;26,4;24,7;26,6;26,1;25;24,6;92;90;90;73;3,6;1,8;
2026/01/30;0400 UTC;0;1012,7;1013,1;1012,7;;26,2;24,9;26,4;26,1;24,9;24,5;93;90;93;75;3,5;1,7;
2026/01/30;0500 UTC;0;1012,7;1012,7;1012,6;;25,4;25;26,3;25,3;25;24,7;98;92;98;319;4;,3;
2026/01/30;0600 UTC;0;1012,3;1012,7;1012,2;;25;24,8;25,5;25;25,2;24,8;99;98;99;280;1,9;,3;
2026/01/30;0700 UTC;0;1012,4;1012,4;1012,2;;24,7;24,7;25;24,7;24,9;24,6;100;99;100;356;1,9;,5;
2026/01/30;0800 UTC;0;1012,7;1012,7;1012,4;;24,7;24,7;24,7;24,6;24,7;24,6;100;100;100;353;2,8;,7;
2026/01/30;0900 UTC;0;1013,3;1013,3;1012,7;49;24,8;24,7;24,8;24,7;24,7;24,6;100;99;99;45;2,3;,6;
2026/01/30;1000 UTC;0;1014;1014;1013,3;433,5;25,8;24,9;25,9;24,8;25,1;24,7;99;95;95;29;2,4;,9;
2026/01/30;1100 UTC;0;1014,4;1014,4;1013,9;1057;27,3;24,7;27,6;25,8;25,5;24,7;95;86;86;12;4,7;1,1;
2026/01/30;1200 UTC;0;1014,5;1014,6;1014,4;2100,8;29,1;25;29,5;27,2;25,6;24,7;87;77;78;43;6;2,5;
2026/01/30;1300 UTC;0;1014,3;1014,7;1014,3;3540,5;31,7;25,2;31,7;29,1;25,7;24,3;79;68;68;63;5,9;2,2;
2026/01/30;1400 UTC;0;1013,8;1014,3;1013,8;4777,7;32,5;24,1;32,9;30,6;25,9;23,6;71;60;61;64;6,9;4,2;
2026/01/30;1500 UTC;0;1013,1;1013,8;1013,1;4942,1;32,4;24,3;33,1;31,6;24,8;23;65;58;62;79;8,4;3,7;
2026/01/30;1600 UTC;0;1012,5;1013,1;1012,5;4628;31,8;24,8;32,9;31,7;25,4;23,6;68;60;66;72;8,5;3,9;
2026/01/30;1700 UTC;0;1011,7;1012,5;1011,7;4259,7;31,9;25,3;32,3;31;25,9;24,4;71;66;68;89;8,4;4;
2026/01/30;1800 UTC;0;1011,3;1011,7;1011,2;3999,8;31,3;25,9;32,1;30,9;26;24,7;74;67;73;80;9,5;4,3;
2026/01/30;1900 UTC;0;1011,2;1011,4;1011,1;2621,6;29,9;25;31,4;29,6;26,2;24,8;79;72;75;77;9;4,1;
2026/01/30;2000 UTC;0;1011,3;1011,3;1011,1;1520,4;28,8;24,9;29,9;28,7;25;24,3;79;74;79;74;10,2;4,5;
2026/01/30;2100 UTC;0;1011,5;1011,5;1011,3;294,5;27,6;24,8;28,8;27,6;25,4;24,7;85;79;85;69;9;3,8;
2026/01/30;2200 UTC;0;1011,7;1011,7;1011,5;;27,2;25,1;27,6;27,2;25,1;24,4;88;84;88;72;7,5;2,8;
2026/01/30;2300 UTC;0;1012,1;1012,1;1011,7;;27,2;25,2;27,3;27,1;25,2;25;89;87;89;68;7,6;3,5;
2026/01/31;0000 UTC;0;1012,8;1012,8;1012,1;;27;25,4;27,2;27;25,4;25,1;91;89;91;64;8,7;3,4;
2026/01/31;0100 UTC;0;1013,1;1013,1;1012,8;;26,9;25,4;27,1;26,9;25,5;25,3;91;90;91;60;7,8;2,8;
2026/01/31;0200 UTC;0;1013;1013,1;1013;;26,7;25,3;26,9;26,7;25,4;25,2;92;91;92;62;8,3;2,6;
2026/01/31;0300 UTC;0;1012,6;1013;1012,6;;26,5;25,3;26,8;26,5;25,3;25,2;93;92;93;58;6,4;2,4;
2026/01/31;0400 UTC;0;1012,4;1012,7;1012,4;;26,3;25,1;26,5;26,2;25,3;25,1;93;93;93;55;6,2;2,1;
2026/01/31;0500 UTC;0;1012,1;1012,4;1012,1;;26;24,9;26,4;25,9;25,1;24,9;94;92;94;55;7,3;1,2;
2026/01/31;0600 UTC;0;1012,1;1012,2;1012,1;;25,3;24,5;26;25,3;24,9;24,5;95;94;95;52;4,3;1,1;
2026/01/31;0700 UTC;0;1011,9;1012,1;1011,9;;24,9;24,3;25,3;24,9;24,5;24,3;97;95;97;47;4,2;1,9;
2026/01/31;0800 UTC;0;1012,3;1012,3;1011,9;;24,5;24,1;24,9;24,5;24,3;24,1;98;97;98;55;4,2;1,5;
2026/01/31;0900 UTC;0;1012,7;1012,7;1012,2;79,2;24,8;24,4;24,8;24,3;24,4;24;99;98;98;48;3,7;1,7;
2026/01/31;1000 UTC;0;1013,3;1013,3;1012,7;854,2;27;24,9;27;24,8;25,1;24,4;98;88;88;53;4,6;2,1;
2026/01/31;1100 UTC;0;1013,7;1013,7;1013,3;2272,1;29,9;25,4;29,9;27;25,5;24,8;88;77;77;53;6,6;2,7;
2026/01/31;1200 UTC;0;1013,9;1013,9;1013,7;2762,1;30,8;24,1;31,2;29;25,2;24;77;67;68;53;7,1;3;
2026/01/31;1300 UTC;0;1013,5;1014;1013,5;4331,3;31,4;24,3;31,8;30,7;24,8;23,4;69;64;66;78;9,1;4,8;
2026/01/31;1400 UTC;0;1013,2;1013,5;1013,2;5038,3;31;24,8;31,8;30,6;25,1;24,1;70;66;70;81;10,1;5,3;
2026/01/31;1500 UTC;0;1012,6;1013,2;1012,6;4127,8;32;24,1;32,3;31;25,1;23,4;70;62;63;78;10,5;5;
2026/01/31;1600 UTC;0;1012,1;1012,6;1012,1;4980,1;31,5;24,4;32,3;31,1;24,9;23,5;68;62;66;84;10,5;4,8;
2026/01/31;1700 UTC;0;1011,3;1012,1;1011,3;4199,1;31,3;23,7;32,1;30,5;25,2;23,5;69;64;64;75;10,7;4,8;
2026/01/31;1800 UTC;0;1010,6;1011,3;1010,5;3591,6;30,7;24,7;31,5;30,4;25;23,7;72;64;70;76;10,4;4,9;
2026/01/31;1900 UTC;0;1010,3;1010,6;1010,2;2679,1;29,8;24,2;30,9;29,6;24,9;23,8;73;69;72;68;10,5;5,3;
2026/01/31;2000 UTC;0;1010,2;1010,4;1010,2;1467,6;28,5;24,8;29,8;28,5;25,1;24,1;81;72;81;71;11,6;5;
2026/01/31;2100 UTC;0;1010,5;1010,5;1010,2;205,6;27,4;25,2;28,5;27,4;25,3;24,8;88;81;88;70;10,1;4,8;
2026/01/31;2200 UTC;0;1011,1;1011,1;1010,5;;27,1;25,2;27,4;27,1;25,5;25,1;90;88;90;70;9,2;4,5;
2026/01/31;2300 UTC;0;1011,7;1011,7;1011,1;;27;25,1;27,1;26,9;25,3;25,1;90;89;89;69;9,2;4,4;
2026/02/01;0000 UTC;0;1012,4;1012,4;1011,7;;26,8;25;27;26,8;25,2;25;91;89;90;66;8,9;3,7;
2026/02/01;0100 UTC;0;1012,5;1012,6;1012,4;;26,7;25,3;26,9;26,7;25,4;25;92;90;92;62;8,3;3,6;
2026/02/01;0200 UTC;0;1012,2;1012,5;1012,2;;26,4;25;26,7;26,4;25,3;24,9;92;90;92;61;9,3;3;
2026/02/01;0300 UTC;0;1011,6;1012,2;1011,5;;26,4;25,3;26,5;26,3;25,3;25,1;94;92;94;58;7,2;3,1;
2026/02/01;0400 UTC;0;1011,3;1011,6;1011,3;;26,2;24,9;26,5;26,2;25,4;24,9;94;93;93;61;8,6;2,8;
2026/02/01;0500 UTC;0;1011,1;1011,4;1011,1;;26;24,9;26,3;26;25;24,9;94;92;94;65;6,6;2,6;
2026/02/01;0600 UTC;0;1011;1011,1;1010,7;;26,1;25;26,2;26;25,1;24,9;94;93;94;68;7;2,9;
2026/02/01;0700 UTC;0;1010,8;1011,1;1010,8;;26,1;25;26,1;25,9;25,1;24,8;94;93;94;65;6,8;3,3;
2026/02/01;0800 UTC;0;1011,3;1011,3;1010,8;;26;24,6;26,2;26;25,1;24,6;94;92;92;63;7,2;2,9;
2026/02/01;0900 UTC;0;1011,6;1011,6;1011,3;84,7;26,2;24,7;26,2;25,8;24,7;24,6;93;91;91;60;6,1;2,6;
2026/02/01;1000 UTC;0;1012,5;1012,5;1011,6;726,2;27,8;25;27,8;26,2;25,2;24,7;91;85;85;59;6,3;2,9;
2026/02/01;1100 UTC;0;1012,6;1012,7;1012,5;1486,3;29,3;24,6;29,4;27,4;25,3;24,5;85;76;76;67;8,8;4,8;
2026/02/01;1200 UTC;0;1012,8;1012,9;1012,6;3644,9;29,6;24,1;31,2;29,2;25,5;23,8;77;69;73;66;8,9;4,9;
2026/02/01;1300 UTC;0;1012,7;1012,9;1012,6;3165,7;30,6;25,1;31,1;29,2;25,5;23,9;76;68;73;67;8,9;4,4;
2026/02/01;1400 UTC;0;1012,2;1012,7;1012,2;4398,9;30,7;24;31,8;30;25,8;23,7;73;66;67;74;11,7;5,4;
2026/02/01;1500 UTC;0;1011,5;1012,2;1011,5;2780,5;31,8;24,7;32;30,2;25,4;24;72;65;66;71;11,7;4,4;
2026/02/01;1600 UTC;0;1010,6;1011,5;1010,6;3777,8;30,1;24,5;31,7;30;25;23,8;73;66;72;77;9,7;5,3;
2026/02/01;1700 UTC;0;1009,8;1010,7;1009,8;3858,5;31,1;25,2;31,4;30;25,6;24,4;74;68;71;74;10,3;5;
2026/02/01;1800 UTC;0;1009,2;1009,8;1009,1;3693,8;30;24,6;31,8;30;25,2;24,2;73;67;73;68;10,4;5;
2026/02/01;1900 UTC;0;1009;1009,2;1008,9;2705,7;29,8;24,7;30,6;29,5;25,2;24,2;76;70;74;83;10,6;4,8;
2026/02/01;2000 UTC;0;1009,2;1009,2;1009;1329,5;27,9;24,7;29,9;27,9;24,9;24,3;83;74;83;78;9,5;3,4;
2026/02/01;2100 UTC;0;1009,8;1009,8;1009,1;96;27,1;24,7;27,9;27,1;24,9;24,6;87;83;87;72;9;3,9;
2026/02/01;2200 UTC;0;1010,6;1010,6;1009,8;;26,7;25;27,1;26,7;25;24,7;90;87;90;73;8,2;2,7;
2026/02/01;2300 UTC;0;1011,7;1011,7;1010,6;;26,5;24,8;26,8;26,5;25;24,7;90;89;90;73;7,4;2,6;
2026/02/02;0000 UTC;0;1012,6;1012,6;1011,7;;26,3;24,9;26,6;26,3;24,9;24,7;92;90;92;67;6,8;2,6;
2026/02/02;0100 UTC;0;1013;1013,1;1012,6;;26,2;24,9;26,4;26,1;25;24,7;93;91;93;72;6,3;2,3;
2026/02/02;0200 UTC;0;1012,3;1013;1012,3;;25,7;24,8;26,2;25,7;24,9;24,7;95;93;95;71;4,1;1,9;
2026/02/02;0300 UTC;0;1011,8;1012,3;1011,8;;25,4;24,7;25,8;25,4;24,8;24,6;96;94;96;71;4,2;1,8;
2026/02/02;0400 UTC;0;1011,2;1011,8;1011,2;;25,1;24,7;25,5;25,1;24,8;24,5;98;95;98;64;3,6;1,3;
2026/02/02;0500 UTC;0;1011;1011,2;1010,9;;25;24,7;25,3;24,9;24,9;24,6;98;98;98;61;3,3;1,2;
2026/02/02;0600 UTC;0;1011;1011;1010,9;;24;24;25;23,9;24,7;23,9;100;98;100;216;2,4;,3;
2026/02/02;0700 UTC;0;1011,1;1011,1;1010,9;;24,4;24,4;24,4;24;24,4;24;100;100;100;42;2,3;1;
2026/02/02;0800 UTC;0;1012;1012;1011,1;;23,8;23,8;24,4;23,8;24,4;23,8;100;100;100;252;2,3;,5;
2026/02/02;0900 UTC;0;1012,6;1012,6;1012;85,7;23,7;;23,8;23,5;23,8;23,5;100;100;;33;1,6;,4;
2026/02/02;1000 UTC;0;1013,2;1013,2;1012,6;720,6;26,1;25,2;26,1;23,7;25,5;23,7;100;95;95;44;3;1,3;
2026/02/02;1100 UTC;0;1013,6;1013,6;1013,2;2094,6;28,4;25;28,6;26,1;25,5;24,6;95;82;82;52;4,3;1,9;
2026/02/02;1200 UTC;0;1013,6;1013,7;1013,6;2645,4;30,1;24,5;30,3;28;26;24,5;84;72;72;73;9,3;4,9;
2026/02/02;1300 UTC;0;1013,4;1013,7;1013,4;4371,9;30,6;24,3;31,3;30;25,4;24,1;73;67;69;70;9,7;5,3;
2026/02/02;1400 UTC;0;1013,1;1013,4;1013,1;4183,8;31,7;23,9;32;30,3;25,6;23,5;71;63;64;68;10,4;4,7;
2026/02/02;1500 UTC;0;1012,6;1013,1;1012,6;1053,5;32,1;24;32,4;30,7;25;23,4;67;60;62;61;10;4,8;
2026/02/02;1600 UTC;0;1011,6;1012,6;1011,6;4591,1;31,2;24,2;32,4;30,9;25,2;23,7;68;63;66;84;11;4,2;
2026/02/02;1700 UTC;0;1010,9;1011,6;1010,9;4079,9;30,6;24,2;32,2;30,5;25,3;23,4;70;63;69;80;10;4,5;
2026/02/02;1800 UTC;0;1010,4;1010,9;1010,4;3692,8;31,3;24,8;31,9;30,5;25;23,8;70;65;68;77;9,4;4;
2026/02/02;1900 UTC;0;1010,3;1010,4;1010,1;2843,5;29,4;24,2;31,3;29,3;24,9;23,9;75;67;74;91;8,4;3,8;
2026/02/02;2000 UTC;0;1010,6;1010,6;1010,3;1578,1;28,6;24,8;29,8;28,6;24,9;24;80;74;80;85;8,4;2,9;
2026/02/02;2100 UTC;0;1010,8;1010,8;1010,5;190,8;27;24,7;28,6;27;24,8;24,5;87;79;87;80;7,2;2,5;
2026/02/02;2200 UTC;0;1011,4;1011,4;1010,7;;26,4;24,6;27;26,4;24,7;24,6;90;87;90;80;4,7;2,2;
2026/02/02;2300 UTC;0;1011,7;1011,7;1011,4;;26,4;24,4;26,6;26,3;24,7;24,4;90;89;89;75;5,2;2,3;
2026/02/03;0000 UTC;0;1012,3;1012,3;1011,7;;25,9;24,3;26,4;25,9;24,4;24,3;91;89;91;75;4,3;1,6;
2026/02/03;0100 UTC;0;1012,4;1012,5;1012,3;;25,8;24,4;25,9;25,7;24,4;24,3;92;91;92;72;4,7;2;
2026/02/03;0200 UTC;0;1012,1;1012,4;1012,1;;26;24,7;26,2;25,8;24,8;24,4;93;92;92;75;5,6;2,4;
2026/02/03;0300 UTC;0;1011,9;1012,1;1011,8;;26;24,5;26,2;25,9;24,7;24,5;92;91;91;68;6,7;2,5;
2026/02/03;0400 UTC;0;1011,3;1011,9;1011,3;;25,4;24,2;26;25,4;24,5;24,1;93;91;93;65;6,7;1,6;
2026/02/03;0500 UTC;0;1011,1;1011,3;1011,1;;25,1;24,1;25,5;25;24,4;24,1;95;93;95;56;4,5;1;
2026/02/03;0600 UTC;0;1010,9;1011,1;1010,9;;24,1;23,7;25,1;24,1;24,2;23,7;97;95;97;29;3,2;,5;
2026/02/03;0700 UTC;0;1011,3;1011,3;1010,9;;23,6;23,6;24,1;23,4;23,6;23,4;100;97;100;24;2,2;,8;
2026/02/03;0800 UTC;0;1011,9;1011,9;1011,3;;22,5;22,5;23,7;22,5;23,7;22,5;100;100;100;20;2,2;,2;
2026/02/03;0900 UTC;0;1012,4;1012,4;1011,9;79,6;22,6;;22,8;22,2;;;;;;333;1,4;,4;
2026/02/03;1000 UTC;0;1012,9;1012,9;1012,4;1017,3;26,6;25;26,6;22,6;;;;;91;9;4;1,3;
2026/02/03;1100 UTC;0;1012,8;1012,9;1012,8;2403;29;24,1;29,1;26,4;24,9;24;91;75;75;47;6,3;2,4;
2026/02/03;1200 UTC;0;1012,9;1012,9;1012,8;3081,3;30,7;23,1;31,2;28,9;24,2;23,1;75;64;64;55;7,1;2,8;
2026/02/03;1300 UTC;0;1012,8;1012,9;1012,8;4186,4;32,3;22,6;32,6;30,5;23,8;22,1;66;55;57;60;6,8;3,5;
2026/02/03;1400 UTC;0;1012,8;1012,9;1012,8;4945,3;32,7;21,5;32,7;31,5;22,7;21,3;58;52;52;71;7,9;3,9;
2026/02/03;1500 UTC;0;1012,2;1012,8;1012,2;5192,7;33,4;20,9;33,7;31,5;22,2;20,3;55;47;48;83;7,2;3,4;
2026/02/03;1600 UTC;0;1011,6;1012,2;1011,6;4565,2;33;19,9;34,2;32,4;21,2;18,5;49;42;46;84;7,6;3,7;
2026/02/03;1700 UTC;0;1011,1;1011,6;1011,1;3971,7;32,4;22,1;33,5;32;22,4;18,7;56;43;55;94;8,7;3,1;
2026/02/03;1800 UTC;0;1010,7;1011,1;1010,7;3712;30,9;23,4;32,5;30,7;23,5;21,6;64;54;64;89;8,5;4,2;
2026/02/03;1900 UTC;0;1010,8;1010,8;1010,6;2970,3;30,1;23,3;31,4;29,9;23,9;22,4;69;60;67;94;9,1;3,2;
2026/02/03;2000 UTC;0;1010,9;1011;1010,8;1617,8;29;23,8;30,3;28,9;24,1;23;74;66;74;113;8,1;1,8;
2026/02/03;2100 UTC;0;1011,2;1011,2;1010,9;176;27,2;24;29;27,2;24,1;23,4;83;73;83;95;6,8;2,4;
2026/02/03;2200 UTC;0;1011,7;1011,7;1011,1;;26,7;24,3;27,1;26,7;24,4;24;87;83;87;92;6,8;1,7;
2026/02/03;2300 UTC;0;1012,1;1012,1;1011,7;;26,7;24,6;26,8;26,5;24,6;24,4;89;87;88;87;6,4;2,8;
2026/02/04;0000 UTC;0;1012,6;1012,6;1012,1;;26,4;24,5;26,7;26,4;24,7;24,4;89;88;89;91;6,2;2;
2026/02/04;0100 UTC;0;1013,3;1013,4;1012,6;;26,4;24,7;26,7;26,4;24,7;24,5;90;89;90;73;6,5;2,5;
2026/02/04;0200 UTC;0;1013,1;1013,4;1013,1;;26,1;24,8;26,4;26;24,8;24,6;93;90;93;71;6,5;2;
2026/02/04;0300 UTC;0;1012,6;1013,1;1012,6;;26;25;26,1;25,9;25;24,8;95;93;94;72;5,2;2;
2026/02/04;0400 UTC;0;1012,3;1012,6;1012,3;;25,9;25;26,2;25,9;25,2;25;95;94;95;63;6,2;1,6;
2026/02/04;0500 UTC;0;1011,9;1012,3;1011,9;;26,1;25,1;26,1;25,9;25,2;25,1;96;94;94;66;4,6;2,2;
2026/02/04;0600 UTC;0;1012,1;1012,1;1011,9;;25,7;24,8;26,1;25,7;25,1;24,8;95;94;95;63;4,8;1,6;
2026/02/04;0700 UTC;0;1012,3;1012,3;1012;;25,1;24,6;25,7;25,1;24,8;24,5;97;95;97;58;3,5;,9;
2026/02/04;0800 UTC;0;1012,5;1012,5;1012,2;;23,8;23,8;25,1;23,8;24,5;23,7;100;97;100;334;3;,3;
2026/02/04;0900 UTC;0;1012,9;1012,9;1012,5;73,2;24,2;24,2;24,2;23,5;24,2;23,5;100;100;100;312;1,7;,8;
2026/02/04;1000 UTC;0;1013,4;1013,4;1012,9;832,8;27,1;26,1;27,1;24,2;26,3;24,2;100;94;94;37;2,2;,9;
2026/02/04;1100 UTC;0;1013,7;1013,7;1013,4;1405,8;27,9;25;28,7;27,1;26,2;24,9;94;83;84;60;4,2;1,6;
2026/02/04;1200 UTC;0;1013,5;1013,7;1013,4;2032,4;30,3;24,8;30,3;27,8;25,7;24,8;86;72;72;49;4,7;1,6;
2026/02/04;1300 UTC;0;1013,2;1013,6;1013,2;3554,4;32,7;24,6;32,7;29,3;25,4;23,1;76;62;62;69;5,9;2,8;
2026/02/04;1400 UTC;0;1013;1013,2;1013;4907;32,6;23;33,5;31,8;24,3;21,8;63;53;57;59;6,8;3,3;
2026/02/04;1500 UTC;0;1012,5;1013;1012,5;5164;33,3;23,3;33,6;32;24,3;22,8;61;54;56;66;7,4;3,5;
2026/02/04;1600 UTC;0;1011,9;1012,5;1011,9;4584,2;32,5;24,2;33,6;32,1;25,4;23,1;66;56;62;89;8;3,1;
2026/02/04;1700 UTC;0;1011,3;1011,9;1011,3;4081;32,3;25;33,3;31,9;25,2;23,5;66;59;65;87;6,9;3,4;
2026/02/04;1800 UTC;0;1010,8;1011,3;1010,7;3737,8;31,8;23,9;32,6;31,6;24,9;23,8;66;62;63;114;7,1;2,4;
2026/02/04;1900 UTC;0;1010,6;1010,8;1010,6;2948,3;30,8;24,1;32,3;30,6;24,8;23,5;68;63;67;82;7,1;3,4;
2026/02/04;2000 UTC;0;1010,8;1010,8;1010,6;1637,6;29,4;25;30,8;29,2;25,1;23,9;77;67;77;94;6,5;2,6;
2026/02/04;2100 UTC;0;1010,8;1010,9;1010,8;193,5;27,6;25,4;29,5;27,6;25,4;24,6;88;76;88;94;7,7;2,3;
2026/02/04;2200 UTC;0;1011,1;1011,1;1010,8;;27,1;25,4;27,6;27,1;25,4;25,2;90;88;90;94;6,2;2,5;
2026/02/04;2300 UTC;0;1011,7;1011,7;1011,1;;27,1;25,2;27,2;27,1;25,6;25,2;91;89;90;89;6,9;2,8;
2026/02/05;0000 UTC;0;1012,4;1012,4;1011,7;;26,9;25,4;27,1;26,9;25,5;25;91;88;91;91;6,7;2,6;
2026/02/05;0100 UTC;0;1012,7;1012,8;1012,3;;26,6;24,8;26,9;26,6;25,4;24,7;92;89;90;85;5,9;1,9;
2026/02/05;0200 UTC;0;1012,4;1012,7;1012,4;;26,4;25,4;26,8;26,4;25,5;24,8;94;90;94;75;6,3;1,9;
2026/02/05;0300 UTC;0;1011,8;1012,4;1011,8;;26,3;25,4;26,4;26,3;25,6;25,4;95;94;95;83;4,3;1,8;
2026/02/05;0400 UTC;0;1011,5;1011,8;1011,5;;26,4;25,4;26,4;26,2;25,4;25,2;95;94;94;76;5,8;2;
2026/02/05;0500 UTC;0;1011;1011,5;1011;;26,2;25,2;26,4;26,2;25,4;25,1;95;94;94;79;5,8;2,3;
2026/02/05;0600 UTC;0;1011,3;1011,3;1011;;26,3;24,9;26,6;26,2;25,4;24,9;94;92;92;76;6,3;2,2;
2026/02/05;0700 UTC;0;1011,6;1011,6;1011,3;;25,9;24,8;26,6;25,9;25,2;24,8;94;92;94;63;4,6;1,7;
2026/02/05;0800 UTC;0;1012;1012;1011,6;;25,5;24,6;25,9;25,5;24,9;24,6;95;94;95;66;3,8;1,4;
2026/02/05;0900 UTC;0;1012,8;1012,8;1012;41,7;25,1;24,6;25,5;25,1;24,7;24,4;97;95;97;301;3,1;,5;
2026/02/05;1000 UTC;0;1013,2;1013,2;1012,8;616,9;26,7;25,7;26,7;24,9;26;24,6;99;94;94;329;2,3;,9;
2026/02/05;1100 UTC;0;1013,1;1013,2;1013;1852,3;28,7;25,4;29,4;26,7;26,1;24,6;94;80;83;69;3,1;1,6;
2026/02/05;1200 UTC;0;1013,1;1013,2;1013;2259,5;30,8;24,4;31,2;28,2;25,9;24,4;83;69;69;71;6,3;2,8;
2026/02/05;1300 UTC;0;1012,8;1013,1;1012,7;3508,1;31;23,9;32,1;29,3;24,8;23,5;71;62;66;75;7,5;3,2;
2026/02/05;1400 UTC;0;1012,4;1012,8;1012,4;2735,7;32;24,2;32,3;29,8;25,1;23,3;72;62;63;92;8,3;3,5;
2026/02/05;1500 UTC;0;1011,7;1012,5;1011,7;2826,2;32,5;23,5;32,7;30,8;24,9;23,1;65;57;59;91;8,3;3,2;
2026/02/05;1600 UTC;0;1010,9;1011,7;1010,9;4677,6;32,5;24,2;33,4;31,4;24,3;22,1;64;55;62;95;8,1;3,1;
2026/02/05;1700 UTC;0;1010,3;1010,9;1010,3;3920,5;32;24,1;32,8;31,4;24,5;22,8;66;58;63;98;8,1;2,7;
2026/02/05;1800 UTC;0;1009,7;1010,3;1009,7;3835,7;31,4;23,3;32,3;30,8;24,5;22,5;66;59;62;94;7,1;2,7;
2026/02/05;1900 UTC;0;1009,6;1009,7;1009,5;3009,7;30,1;23,2;31,6;29,8;24;22,8;69;61;66;93;7,7;3,2;
2026/02/05;2000 UTC;0;1009,8;1009,9;1009,5;1445,4;28,4;24,1;30,2;28,4;24,6;23,3;78;66;78;84;7,8;3;
2026/02/05;2100 UTC;0;1010,2;1010,2;1009,8;140,9;27,2;23,8;28,4;27,2;24,3;23,8;82;78;82;85;7,5;2,7;
2026/02/05;2200 UTC;0;1010,8;1010,8;1010,1;;26,9;23,8;27,2;26,7;24;23,7;85;82;83;82;5,4;2,4;
2026/02/05;2300 UTC;0;1011,4;1011,4;1010,8;;26,4;23;26,8;26,4;23,8;23;83;82;82;88;5,4;2,2;
2026/02/06;0000 UTC;0;1012,1;1012,1;1011,4;;26,4;23,1;26,6;26,3;23,2;22,7;83;80;82;80;5,1;1,9;
2026/02/06;0100 UTC;0;1012,7;1012,7;1012,1;;25,9;22,8;26,5;25,9;23,1;22,7;83;80;83;73;4,8;1,8;
2026/02/06;0200 UTC;0;1012,2;1012,7;1012,2;;26,3;23,6;26,4;25,9;23,6;22,8;85;83;85;74;4,6;1,9;
2026/02/06;0300 UTC;0;1011,5;1012,2;1011,5;;25,8;23,6;26,5;25,8;23,9;23,5;88;85;88;74;5,3;1,5;
2026/02/06;0400 UTC;0;1011;1011,5;1011;;25,6;23,5;25,9;25,6;23,6;23,4;88;87;88;74;4;1,8;
2026/02/06;0500 UTC;0;1011;1011;1010,8;;24,9;23,4;25,6;24,9;23,6;23,3;91;89;91;68;3,9;1,2;
2026/02/06;0600 UTC;0;1011,2;1011,2;1011;;23,6;22,7;25;23,6;23,5;22,7;95;91;95;85;3,1;,7;
2026/02/06;0700 UTC;0;1011,2;1011,3;1011,1;;22,7;22,5;23,7;22,7;23;22,5;99;95;99;99;1,6;,5;
2026/02/06;0800 UTC;0;1011,6;1011,6;1011,2;;22,7;22,7;22,7;21,8;22,7;21,8;100;99;100;321;2,4;1;
2026/02/06;0900 UTC;0;1012,4;1012,4;1011,6;63,5;23;23;23;22,7;23;22,7;100;100;100;328;2,4;,3;
2026/02/06;1000 UTC;0;1012,6;1012,7;1012,4;1040,5;27,5;25,6;27,5;23;26,2;23;100;89;89;51;4,2;1,6;
2026/02/06;1100 UTC;0;1013;1013;1012,6;1608,2;28,8;25,5;28,8;27,1;25,5;24,6;89;82;82;54;5,5;2,6;
2026/02/06;1200 UTC;0;1013,1;1013,1;1012,9;2852,1;31,2;23,6;31,4;28,3;25,6;22,6;82;62;64;63;8,5;3,6;
2026/02/06;1300 UTC;,2;1013,3;1013,3;1013,1;4194,9;32,6;23,7;32,6;30,9;24,1;22,4;65;58;59;70;9,1;4,2;
2026/02/06;1400 UTC;0;1012,8;1013,3;1012,8;4358;31,7;23,9;33;31,4;24,6;22,6;64;58;64;69;10,3;5;
2026/02/06;1500 UTC;0;1011,9;1012,8;1011,9;1530;32,1;24,9;32,8;31,5;25;22,5;67;56;66;74;10,6;5,6;
2026/02/06;1600 UTC;0;1011,4;1012;1011,4;4850,1;31,5;23,3;32,6;31;25,4;23,2;68;60;62;75;10,9;5,5;
2026/02/06;1700 UTC;0;1010,7;1011,4;1010,7;4049,6;31,5;24;32,6;31,2;24,9;22,5;65;60;65;74;10,9;5;
2026/02/06;1800 UTC;0;1010,2;1010,8;1010,1;3627,9;31,1;23,7;32,5;30,9;24,9;23,7;69;62;65;69;10,9;5,1;
2026/02/06;1900 UTC;0;1010,2;1010,2;1010;2855,3;29,8;24,1;31,7;29,7;25;23,9;72;65;72;73;10,9;5,7;
2026/02/06;2000 UTC;0;1010,2;1010,2;1010;1525,9;28,7;24,2;29,8;28,7;24,7;24,1;77;72;77;73;10,2;4,5;
2026/02/06;2100 UTC;0;1010,8;1010,8;1010,2;205,4;27,6;24,3;28,7;27,6;24,5;24,2;82;77;82;73;10,2;4,4;
2026/02/06;2200 UTC;0;1011,3;1011,3;1010,8;;27,2;24,5;27,6;27,2;24,5;24,2;85;82;85;76;9,2;3,8;
2026/02/06;2300 UTC;0;1012,2;1012,2;1011,3;;27,2;24,4;27,3;27,1;24,7;24,3;86;84;84;75;8,6;3,9;
2026/02/07;0000 UTC;0;1012,8;1012,9;1012,2;;27;24,5;27,2;27;24,6;24,3;86;84;86;72;8,6;3,4;
2026/02/07;0100 UTC;0;1013,1;1013,2;1012,8;;27;24,8;27,1;26,9;24,8;24,5;88;86;88;72;6,8;3,2;
2026/02/07;0200 UTC;0;1012,7;1013,1;1012,7;;26,9;24,7;27,1;26,8;24,8;24,7;88;87;88;72;7,4;3,2;
2026/02/07;0300 UTC;0;1012,2;1012,7;1012,2;;26,7;24,8;26,9;26,7;24,9;24,7;89;88;89;68;6,4;2,5;
2026/02/07;0400 UTC;0;1011,6;1012,2;1011,6;;26,5;24,9;26,7;26,5;24,9;24,7;91;89;91;72;6,5;2,4;
2026/02/07;0500 UTC;0;1011,4;1011,6;1011,3;;26,5;24,9;26,8;26,5;24,9;24,7;91;89;91;75;5,7;2,4;
2026/02/07;0600 UTC;0;1011,2;1011,4;1011,2;;26,5;24,9;26,6;26,5;25;24,8;91;90;91;82;6,1;2,3;
2026/02/07;0700 UTC;0;1011,7;1011,7;1011,1;;26,2;23,3;26,7;26,2;25;23,3;92;84;84;71;8,7;3,4;
2026/02/07;0800 UTC;0;1012,4;1012,4;1011,7;;25,7;24;26,2;25,3;24;23,3;92;84;90;59;6,9;2;
2026/02/07;0900 UTC;0;1013,4;1013,4;1012,4;31,9;25,8;25,2;25,9;25,7;25,2;24,1;96;90;96;67;4,7;2,1;
2026/02/07;1000 UTC;0;1014,6;1014,6;1013,4;402,5;27,1;25,3;27,1;25,8;25,4;25;97;90;90;72;6,8;3,5;
2026/02/07;1100 UTC;0;1015,1;1015,4;1014,6;559,2;26;23,7;27,2;25,8;25,4;23,4;90;86;87;62;11,1;3,2;
2026/02/07;1200 UTC;0;1015,1;1015,3;1015,1;2302,9;29,3;23,2;30,1;26;24,5;22,9;89;67;70;59;6,6;2,7;
2026/02/07;1300 UTC;0;1014,9;1015,1;1014,9;3783,3;31,4;24,6;32,2;29,3;25,6;23,4;75;63;67;62;6,8;3,3;
2026/02/07;1400 UTC;0;1014,8;1014,9;1014,8;2710,2;31,7;24,9;32,8;31,3;25,2;23,1;69;60;67;69;12,5;6,2;
2026/02/07;1500 UTC;0;1014,2;1014,8;1014,2;2064,3;31,3;23,9;32,8;30,6;25,7;23,4;70;62;65;69;11,3;5;
2026/02/07;1600 UTC;0;1013,5;1014,2;1013,5;4687,2;31,8;24,3;32,6;30,6;24,5;23,1;66;59;65;70;11,3;6,4;
2026/02/07;1700 UTC;0;1012,5;1013,5;1012,5;4060,1;32,2;24,6;32,4;30,9;24,9;23,3;67;61;64;68;11,7;5,3;
2026/02/07;1800 UTC;0;1012,5;1012,5;1011,8;3157,1;29,3;24,5;32,3;29,1;25,3;23,2;76;64;76;67;12,7;6,2;
2026/02/07;1900 UTC;0;1012,6;1013;1012,4;1238,1;27,9;24,6;29,6;27,9;24,9;24,2;82;75;82;62;11,6;4,5;
2026/02/07;2000 UTC;0;1012,7;1012,8;1012,4;425;27,7;24,3;27,9;27,5;24,8;24,3;85;81;82;68;9,9;4,4;
2026/02/07;2100 UTC;0;1013,1;1013,1;1012,5;157,5;27,2;24,6;27,8;27,1;24,6;24,2;86;81;86;63;9,6;4,6;
2026/02/07;2200 UTC;0;1013,6;1013,6;1013,1;;26,9;25;27,2;26,9;25;24,7;89;86;89;66;9,4;3,7;
2026/02/07;2300 UTC;0;1014,4;1014,4;1013,6;;26,9;25,4;26,9;26,8;25,4;25;92;89;92;62;7,5;3,1;
2026/02/08;0000 UTC;0;1015,1;1015,1;1014,4;;26,9;25,2;27;26,9;25,4;25;92;89;90;60;7,5;2,7;
2026/02/08;0100 UTC;0;1015,2;1015,3;1015,1;;26,9;25,7;27;26,9;25,7;25,2;93;90;93;58;6;2,2;
2026/02/08;0200 UTC;0;1014,9;1015,2;1014,8;;26,5;25,1;26,9;26,5;25,7;25,1;93;91;92;40;6,6;,9;
2026/02/08;0300 UTC;0;1014,1;1014,9;1014,1;;25,6;24,6;26,5;25,6;25,1;24,6;94;92;94;51;2,6;1;
2026/02/08;0400 UTC;0;1013,8;1014,1;1013,8;;25,2;24,3;25,6;25,2;24,5;24,3;95;94;95;45;2,7;,7;
2026/02/08;0500 UTC;0;1013,5;1013,8;1013,5;;24,7;24,1;25,3;24,7;24,4;24;97;95;97;21;2,1;,6;
2026/02/08;0600 UTC;0;1013,6;1013,6;1013,4;;24,6;24,1;24,9;24,6;24,4;24,1;97;96;97;8;1,5;,3;
2026/02/08;0700 UTC;0;1013,8;1013,8;1013,6;;23,8;23,8;24,6;23,7;24,1;23,7;100;97;100;13;,9;,3;
2026/02/08;0800 UTC;0;1014,4;1014,4;1013,7;;23,5;23,5;23,8;23,4;23,7;23,4;100;100;100;242;1,2;,8;
2026/02/08;0900 UTC;0;1015,1;1015,1;1014,4;49;23,8;23,8;23,8;23,5;23,8;23,5;100;100;100;230;1,2;,9;
2026/02/08;1000 UTC;0;1015,8;1015,8;1015,1;475,8;25,8;25,4;25,8;23,8;25,5;23,8;100;98;98;286;1,3;,5;
2026/02/08;1100 UTC;0;1016,2;1016,2;1015,8;1190,5;28,3;25,5;28,3;25,8;25,7;25,1;98;85;85;34;2,5;1,1;
2026/02/08;1200 UTC;0;1016;1016,2;1016;2305;29,6;25,8;30,6;28,2;26,6;25,3;85;77;80;48;4,8;1,9;
2026/02/08;1300 UTC;0;1015,8;1016,1;1015,8;2543,9;30,7;25,2;30,9;29,4;25,9;24,4;80;71;73;76;6,8;3,1;
2026/02/08;1400 UTC;0;1015,6;1015,9;1015,6;3366,3;31,5;26;31,8;30,5;26,1;24,8;75;71;73;71;8,6;3,8;
2026/02/08;1500 UTC;0;1014,9;1015,6;1014,9;2857,1;32,4;25,8;32,4;30,3;26,3;24,2;77;65;68;77;10,6;5,4;
2026/02/08;1600 UTC;0;1014,4;1015,1;1014,4;1569,8;27,9;23,4;32,5;27,9;25,9;22,7;78;67;76;81;11,1;3,8;
2026/02/08;1700 UTC;0;1014,8;1015,1;1014,4;295,1;26,5;23,3;28,2;26,5;24,8;22,8;82;76;82;67;9,3;3,6;
2026/02/08;1800 UTC;,4;1015;1015;1014,7;137,2;25,5;24,5;26,5;25,5;24,6;23,4;94;83;94;48;7,1;,6;
2026/02/08;1900 UTC;,8;1015,1;1015,1;1014,9;125;24,4;24,2;25,5;24,4;24,4;23,8;99;94;99;267;2,9;1;
2026/02/08;2000 UTC;0;1015,4;1015,4;1015;93,1;24,3;24,2;24,5;24,3;24,5;24,1;100;99;100;270;3,9;1,1;
2026/02/08;2100 UTC;,2;1015,5;1015,7;1015,4;24,6;23,9;23,9;24,3;23,9;24,2;23,9;100;99;100;298;2,6;,8;
2026/02/08;2200 UTC;0;1015,5;1015,5;1015,2;;23,7;23,7;23,9;23,6;23,9;23,6;100;100;100;339;2,2;,9;
2026/02/08;2300 UTC;0;1016,1;1016,1;1015,5;;23,7;23,7;23,8;23,6;23,8;23,6;100;100;100;325;2,4;,8;
2026/02/09;0000 UTC;0;1016,3;1016,3;1016,1;;23,5;23,5;23,8;23,5;23,8;23,5;100;100;100;17;2,1;,7;
2026/02/09;0100 UTC;0;1015,9;1016,3;1015,9;;23,3;23,3;23,5;23,3;23,5;23,3;100;100;100;40;1,5;,2;
2026/02/09;0200 UTC;0;1015,4;1015,9;1015,4;;23,2;;23,3;23,1;23,3;23,1;100;100;;178;1;,4;
2026/02/09;0300 UTC;0;1014,8;1015,4;1014,8;;23,1;;23,2;23;;;;;;223;,7;,3;
2026/02/09;0400 UTC;0;1014,5;1014,8;1014,5;;22,9;;23,1;22,9;;;;;;229;1,6;1,1;
2026/02/09;0500 UTC;0;1014,2;1014,5;1014,1;;23;;23,1;22,9;;;;;;57;1,6;,3;
2026/02/09;0600 UTC;0;1014,2;1014,2;1014;;23;;23,1;22,9;;;;;;265;1,2;,5;
2026/02/09;0700 UTC;0;1014,4;1014,4;1014;;23,1;;23,1;22,8;;;;;;313;1,9;,9;
2026/02/09;0800 UTC;1;1014,8;1014,9;1014,2;;23,2;;23,2;22,8;;;;;;24;2,1;,8;
2026/02/09;0900 UTC;,2;1015,6;1015,6;1014,8;10,8;23,6;;23,6;23,2;;;;;;196;1,9;,7;
2026/02/09;1000 UTC;0;1015,8;1015,9;1015,6;402,4;24,3;;24,3;23,6;;;;;;315;3,7;1,1;
2026/02/09;1100 UTC;0;1016,1;1016,1;1015,8;2314,4;28;25,2;28;24,3;26,5;25,2;100;85;85;50;3,1;1,5;
2026/02/09;1200 UTC;0;1016,3;1016,3;1016;3258;29,5;25,5;29,5;27,7;25,6;24,4;85;77;79;54;3,4;1,4;
2026/02/09;1300 UTC;,2;1016,2;1016,3;1016,1;4428,9;31,1;25,1;31,7;29,1;25,9;24,3;79;68;71;73;6,8;2,6;
2026/02/09;1400 UTC;0;1015,7;1016,2;1015,7;3942,4;31,6;25,1;32;30,7;25,7;24,2;72;66;68;63;7,6;3,1;
2026/02/09;1500 UTC;0;1014,9;1015,7;1014,9;3210,6;31,6;24,6;32,2;30,9;25,6;23,8;70;63;67;65;8;3,8;
2026/02/09;1600 UTC;0;1014,2;1014,9;1014,2;4283,9;32,2;25,6;32,4;30,8;25,8;23,9;71;63;68;85;7,9;3,5;
2026/02/09;1700 UTC;0;1013,5;1014,2;1013,5;4147;31,4;24,5;32,5;31,1;25,8;23,6;68;63;67;87;8,8;3,7;
2026/02/09;1800 UTC;0;1013,1;1013,5;1013;3942,8;30,9;24,3;32,3;30,9;25,2;23,6;69;62;68;80;8,9;3,8;
2026/02/09;1900 UTC;0;1013,2;1013,2;1013;2898;30,1;24,4;31,3;30,1;25,1;23,6;72;66;72;70;7,8;3,9;
2026/02/09;2000 UTC;0;1013,2;1013,2;1013,1;1950,7;29,4;24,4;30,4;29,4;25,3;24,2;76;71;74;72;9,4;4,4;
2026/02/09;2100 UTC;0;1013,7;1013,7;1013,1;335,6;27,7;24,7;29,4;27,7;24,7;24,3;84;74;84;76;8,4;3,1;
2026/02/09;2200 UTC;0;1014,4;1014,4;1013,7;;27,1;24,9;27,7;27,1;24,9;24,6;87;84;87;73;6,7;2,5;
2026/02/09;2300 UTC;0;1014,9;1014,9;1014,4;;27,1;24,9;27,1;26,9;25;24,8;89;87;88;71;5,8;2,8;
2026/02/10;0000 UTC;0;1015,2;1015,2;1014,9;;26,9;24,8;27,1;26,9;25,1;24,7;90;88;88;68;5,5;2,1;
2026/02/10;0100 UTC;0;1015,1;1015,3;1015,1;;26,6;24,9;27;26,6;25,1;24,8;91;88;90;77;5,6;2,1;
2026/02/10;0200 UTC;0;1014,7;1015,1;1014,7;;26,5;24,8;26,6;26,5;25;24,7;91;90;91;74;5,7;2,3;
2026/02/10;0300 UTC;0;1014;1014,7;1014;;26,8;24,8;26,8;26,5;25;24,7;91;89;89;76;5,2;2,4;
2026/02/10;0400 UTC;0;1013,6;1014;1013,6;;26,6;24,6;26,8;26,6;24,8;24,6;90;89;89;76;5,4;2,6;
2026/02/10;0500 UTC;0;1013,3;1013,6;1013,2;;26,2;24,6;26,6;26,2;24,7;24,5;91;89;91;73;4,7;1,7;
2026/02/10;0600 UTC;0;1013,3;1013,4;1013,2;;25,6;24,6;26,2;25,6;24,7;24,4;94;91;94;79;3,8;1,4;
2026/02/10;0700 UTC;0;1013,7;1013,7;1013,3;;24,9;24,2;25,7;24,9;24,7;24,2;96;94;96;83;2,9;,6;
2026/02/10;0800 UTC;0;1013,7;1013,7;1013,6;;24,6;24,5;24,9;24,4;24,5;24;99;96;99;79;2,1;1;
2026/02/10;0900 UTC;0;1014,1;1014,1;1013,6;43,9;25,3;24,9;25,3;24,6;24,9;24,4;99;98;98;88;3,3;1,2;
2026/02/10;1000 UTC;0;1014,6;1014,6;1014,1;964,8;28,4;24,8;28,5;25,3;25,7;24,8;98;81;81;96;5,9;2,7;
2026/02/10;1100 UTC;0;1014,8;1014,9;1014,6;1358,6;28,6;24,6;29,3;27,8;25;24,4;84;77;79;84;8,3;3,4;
2026/02/10;1200 UTC;0;1015;1015,1;1014,8;1531,5;29,2;24,7;29,4;28,4;25;23,9;80;74;77;91;8;2,6;
2026/02/10;1300 UTC;0;1014,8;1015;1014,8;3650,3;31,4;24,3;31,7;29,1;25,5;23,7;78;64;66;81;9;4,1;
2026/02/10;1400 UTC;0;1014,5;1014,8;1014,5;3550,2;31,3;24;32,6;30,7;24,8;23,5;69;60;65;82;8,8;3,4;
2026/02/10;1500 UTC;0;1014,1;1014,6;1014,1;2690,8;31,5;24,4;32,7;31;25,3;23,5;68;62;66;91;7,6;2,2;
2026/02/10;1600 UTC;0;1013,7;1014,1;1013,7;3707,5;31,7;23,9;32,8;31,3;25,1;23,3;68;60;64;95;7,7;2,8;
2026/02/10;1700 UTC;0;1013;1013,7;1013;3677,4;31,3;23,8;32,6;30,2;25;22,9;68;59;65;118;7,2;2,2;
2026/02/10;1800 UTC;0;1012,6;1013;1012,6;2879,8;31,2;24,9;32,6;30,2;25,4;23,8;70;64;69;110;6,4;2,4;
2026/02/10;1900 UTC;0;1012,5;1012,6;1012,4;2155,7;29,8;24,3;31,5;29,3;25;23,5;73;67;72;135;7,2;2,4;
2026/02/10;2000 UTC;0;1012,6;1012,6;1012,4;1261,8;29,1;24,2;30,4;29;24,7;23,9;76;69;75;124;6,3;1,6;
2026/02/10;2100 UTC;0;1012,8;1012,8;1012,6;320,3;27,8;24,3;29,1;27,8;24,6;24;82;75;82;113;4,6;1,1;
2026/02/10;2200 UTC;0;1013,2;1013,2;1012,8;;26,7;24,3;27,8;26,7;24,3;24,1;87;82;87;104;3,7;,8;
2026/02/10;2300 UTC;0;1013,8;1013,8;1013,2;;25,9;23,9;26,7;25,9;24,4;23,9;89;87;89;100;2,3;,7;
2026/02/11;0000 UTC;0;1014,3;1014,3;1013,7;;25,7;24,3;25,9;25,5;24,3;23,7;92;89;92;94;2,1;,8;
2026/02/11;0100 UTC;0;1014,4;1014,5;1014,3;;24,9;23,6;25,7;24,9;24,3;23,6;92;91;92;88;2,3;,5;
2026/02/11;0200 UTC;0;1013,9;1014,4;1013,9;;24,1;23,3;24,9;24,1;23,6;23,2;95;92;95;222;1;,6;
2026/02/11;0300 UTC;0;1013,6;1013,9;1013,6;;24;23,6;24,3;24;23,8;23,3;98;95;98;200;,9;,3;
2026/02/11;0400 UTC;0;1013,3;1013,6;1013,3;;23,1;23,1;24;23,1;23,6;23;100;98;100;218;,9;,5;
2026/02/11;0500 UTC;0;1012,9;1013,3;1012,9;;23,1;23,1;23,1;22,9;23,1;22,9;100;100;100;230;2,1;1,2;
2026/02/11;0600 UTC;0;1012,8;1013;1012,8;;23,6;23,6;23,6;23,1;23,6;23,1;100;100;100;324;2;,3;
2026/02/11;0700 UTC;0;1012,8;1012,9;1012,7;;23,7;23,7;23,7;23,3;23,7;23,3;100;100;100;27;1,4;,6;
2026/02/11;0800 UTC;2,8;1013,3;1013,3;1012,8;;23,9;;24,2;23,7;24,2;23,7;100;100;;4;2,4;,6;
2026/02/11;0900 UTC;0;1013,7;1013,7;1013,3;59;23,9;;24;23,8;;;;;;308;1,4;,6;
2026/02/11;1000 UTC;0;1014,3;1014,3;1013,7;533,2;25;;25;23,9;;;;;;314;1,7;1;
2026/02/11;1100 UTC;0;1015,2;1015,2;1014,3;1185,6;26,3;25,7;26,3;24,9;25,9;25;100;96;96;273;2,5;,9;
2026/02/11;1200 UTC;0;1015,3;1015,5;1015,2;2591,8;29,7;25,5;29,8;26,2;26,5;25,2;96;78;78;73;5,6;2,5;
2026/02/11;1300 UTC;0;1015,3;1015,4;1015,1;2488,6;28,4;24,9;31,1;27,2;26,1;23,5;84;71;81;77;8,5;2,1;
2026/02/11;1400 UTC;0;1015;1015,3;1015;2284,1;29,3;25,2;29,9;28;25,6;23,7;82;75;78;69;7,1;3;
2026/02/11;1500 UTC;0;1014,7;1015;1014,7;3132,1;29,7;23,9;31,3;29,3;25,4;23,4;78;66;71;86;7,2;3,5;
2026/02/11;1600 UTC;0;1014,2;1014,7;1014,2;3025,6;30,1;24,3;32,3;29,7;25,6;23,3;72;65;71;123;8,2;1,9;
2026/02/11;1700 UTC;0;1013,6;1014,2;1013,6;2411;29,8;23,7;31,2;29,5;24,6;23,2;72;66;70;84;6,9;2,7;
2026/02/11;1800 UTC;0;1013,4;1013,6;1013,3;1562,9;29,3;24;29,8;29;24,1;23,2;75;69;73;107;5,3;1,4;
2026/02/11;1900 UTC;0;1013,3;1013,4;1012,9;1196,7;28,9;24;29,7;28,6;24,3;23,4;76;70;75;112;5,5;1,2;
2026/02/11;2000 UTC;0;1013,5;1013,5;1013,3;736,9;28,3;24,2;29,2;28,2;24,3;23,8;79;74;79;141;4,4;1,3;
2026/02/11;2100 UTC;0;1013,7;1013,8;1013,4;193,9;27,1;24,2;28,3;27,1;24,5;24,1;84;79;84;101;4,1;,6;
2026/02/11;2200 UTC;0;1014,6;1014,6;1013,7;;26,4;24,2;27,1;26,4;24,3;24,1;88;84;88;77;2,4;,7;
2026/02/11;2300 UTC;0;1014,9;1014,9;1014,5;;26,1;24,5;26,4;26;24,5;24;91;87;91;99;2,3;,8;
2026/02/12;0000 UTC;0;1015,7;1015,7;1014,9;;26,1;24,7;26,3;26,1;24,7;24,5;92;91;92;57;2,7;,2;
2026/02/12;0100 UTC;0;1015,5;1015,7;1015,5;;25;24,2;26,1;25;24,7;24,2;95;92;95;83;1,4;,7;
2026/02/12;0200 UTC;0;1015;1015,7;1015;;23,9;23,7;25;23,9;24,2;23,6;99;94;99;108;4,5;,5;
2026/02/12;0300 UTC;0;1014,6;1015;1014,6;;23,5;23,5;23,9;23,5;23,8;23,5;100;99;100;184;1,3;,3;
2026/02/12;0400 UTC;0;1014,1;1014,6;1014,1;;23,2;23,2;23,6;23,2;23,6;23,2;100;100;100;257;1;,4;
2026/02/12;0500 UTC;0;1013,9;1014,1;1013,8;;23,7;;23,7;23;;;;;;285;2;,5;
2026/02/12;0600 UTC;,2;1013,8;1013,9;1013,6;;23,1;23,1;23,7;23,1;;;;;100;73;4,4;,2;
2026/02/12;0700 UTC;0;1014,1;1014,1;1013,7;;23,1;23,1;23,5;23,1;23,5;23,1;100;100;100;296;2,2;,2;
2026/02/12;0800 UTC;0;1014;1014,1;1013,9;;22,3;22,3;23;22,3;23;22,3;100;100;100;240;1;,2;
2026/02/12;0900 UTC;0;1014,2;1014,2;1013,9;43,5;22,5;;22,5;21,8;;;;;;223;1,5;,4;
2026/02/12;1000 UTC;0;1014,9;1014,9;1014,2;746,3;24,8;;24,8;22,5;;;;;;314;1,7;,7;
2026/02/12;1100 UTC;,2;1015,5;1015,5;1014,9;1895,2;28,9;25;29,2;24,8;26,5;24,9;100;79;80;108;5;1,2;
2026/02/12;1200 UTC;0;1015,7;1015,8;1015,5;2847,4;31;24,6;31;28,5;26;23,4;82;69;69;124;4,9;1,5;
2026/02/12;1300 UTC;0;1015,6;1015,9;1015,6;3554;30,2;23,9;31,6;29,4;25,3;23,3;73;63;69;118;5,7;2,4;
2026/02/12;1400 UTC;0;1015,6;1015,6;1015,4;2516,4;30;23,3;32,7;29,7;24,7;23;72;59;67;123;6,2;2,1;
2026/02/12;1500 UTC;0;1015;1015,6;1014,9;1815,4;29,6;25,6;32,5;27,2;26,1;23,5;89;63;79;85;9,3;2,6;
2026/02/12;1600 UTC;0;1014,5;1015;1014,5;2862,7;30;23,6;30,5;29,5;25,5;23,3;79;67;69;84;6,7;2,6;
2026/02/12;1700 UTC;0;1013,8;1014,5;1013,8;2412,4;29,7;23,8;30,7;29,7;24,7;23,6;73;67;71;123;6,6;1,9;
2026/02/12;1800 UTC;0;1013;1013,8;1013;2170,3;30,2;24,7;30,5;29,5;24,7;23,6;73;69;72;94;6;2,5;
2026/02/12;1900 UTC;0;1013,3;1013,3;1012,9;1090,7;26,9;24,4;30,6;26,9;25;23,9;86;70;86;79;7,4;3,6;
2026/02/12;2000 UTC;,6;1013,2;1013,4;1013,2;885,4;27,3;24,9;27,5;26,1;26,2;24,4;95;86;87;97;6,5;1,8;
2026/02/12;2100 UTC;0;1013,6;1013,7;1013,2;124,8;26,3;24,7;27,3;26,3;25,1;24,6;91;87;91;99;4,3;,9;
2026/02/12;2200 UTC;0;1014,1;1014,1;1013,6;;25,9;24,4;26,4;25,9;24,8;24,3;92;90;92;89;4,5;1,1;
2026/02/12;2300 UTC;0;1014,6;1014,6;1014;;25,6;24,7;25,9;25,5;24,9;24,3;95;92;95;97;3,1;1;
2026/02/13;0000 UTC;0;1015,3;1015,3;1014,6;;25,2;24,5;25,6;25,2;24,8;24,5;96;95;96;53;3,2;,8;
2026/02/13;0100 UTC;0;1015,4;1015,4;1015,3;;24,7;24,7;25,2;24,7;24,8;24,5;100;96;99;8;2,4;,4;
2026/02/13;0200 UTC;0;1014,7;1015,4;1014,7;;24,4;24,4;24,8;24,4;24,7;24,4;100;99;100;332;,9;,3;
2026/02/13;0300 UTC;0;1014,2;1014,7;1014,2;;23,9;23,9;24,4;23,9;24,4;23,9;100;100;100;265;1,1;,3;
2026/02/13;0400 UTC;0;1013,3;1014,2;1013,3;;23,6;;24;23,6;;;;;;257;1,2;,3;
2026/02/13;0500 UTC;0;1013,4;1013,4;1013,3;;23,7;;23,8;23,5;;;;;;336;,8;,1;
2026/02/13;0600 UTC;0;1013,3;1013,4;1013,2;;23,5;;23,8;23,4;;;;;;302;,7;,4;
2026/02/13;0700 UTC;0;1013;1013,3;1013;;24,3;;24,3;23,3;;;;;;91;3,6;1,3;
2026/02/13;0800 UTC;0;1013,6;1013,6;1013;;23,5;23,3;24,7;23,5;24,7;23,2;100;97;99;67;4,1;,7;
2026/02/13;0900 UTC;0;1014,2;1014,2;1013,6;38,2;24;24;24;23,1;24;23,1;100;99;100;331;1,4;,3;
2026/02/13;1000 UTC;0;1015;1015;1014,2;404,8;25,7;25,7;25,7;24;25,7;24;100;100;100;17;1,5;,5;
2026/02/13;1100 UTC;0;1015,3;1015,3;1015;1277,3;27,7;24,9;27,8;25,7;26,2;24,9;100;85;85;66;6,8;3,2;
2026/02/13;1200 UTC;0;1015,8;1015,9;1015,3;2746,3;28,8;24,1;29;27,7;25;23,4;85;74;76;61;6,5;2,6;
2026/02/13;1300 UTC;0;1015,5;1015,8;1015,5;2566,2;29;24,5;29,6;28,3;25;23,4;77;74;76;82;6,1;3;
2026/02/13;1400 UTC;0;1015;1015,5;1015;3282,8;31,3;22,4;31,5;29;25,1;21,7;77;57;59;68;6,2;3;
2026/02/13;1500 UTC;0;1014,3;1015;1014,3;3067;31;22,9;31,9;30,1;23,6;21,7;67;57;62;95;6,2;2,4;
2026/02/13;1600 UTC;0;1013,4;1014,3;1013,4;3806,8;33,2;23;33,2;31;23,5;22,3;63;55;55;127;5,5;2;
2026/02/13;1700 UTC;0;1012,7;1013,4;1012,7;3838;31,6;23,3;33,2;31,2;23,9;21,9;64;53;61;94;6,2;2,8;
2026/02/13;1800 UTC;0;1012,3;1012,8;1012,3;3247,7;30;24,3;31,7;30;24,9;23,4;72;62;72;108;6,5;2,3;
2026/02/13;1900 UTC;0;1012,3;1012,4;1012,1;2327,6;29,8;24,7;31;29,1;24,7;23,5;75;67;74;86;7,1;2,8;
2026/02/13;2000 UTC;0;1012,6;1012,6;1012,3;837,8;27,9;24,5;30,3;27,9;24,9;23,1;82;68;82;89;6,7;2,9;
2026/02/13;2100 UTC;0;1012,9;1012,9;1012,5;162;27,2;24,9;28;27,2;24,9;24,5;87;82;87;86;6,6;3,1;
2026/02/13;2200 UTC;0;1013,5;1013,5;1012,9;;27;24,8;27,2;27;25,1;24,8;88;87;88;75;6,4;2;
2026/02/13;2300 UTC;0;1014;1014;1013,5;;26,9;24,8;27;26,8;24,8;24,4;89;86;89;81;4,6;1,8;
2026/02/14;0000 UTC;0;1014,3;1014,3;1014;;26,7;25,4;27;26,7;25,5;24,9;93;89;92;69;5;2,2;
2026/02/14;0100 UTC;0;1014,5;1014,6;1014,3;;26,7;25,3;26,7;26,5;25,4;25,3;93;92;93;69;4;1,6;
2026/02/14;0200 UTC;0;1014;1014,5;1014;;25,9;24,8;26,7;25,9;25,3;24,7;94;92;94;55;3,1;,3;
2026/02/14;0300 UTC;0;1013,2;1014;1013,2;;25,7;24,9;25,9;25,6;24,9;24,8;96;94;95;71;1,6;,7;
2026/02/14;0400 UTC;0;1012,5;1013,2;1012,5;;25,3;24,7;25,7;25,2;24,9;24,7;97;95;97;322;1,2;,3;
2026/02/14;0500 UTC;0;1012;1012,5;1012;;24,4;24,2;25,3;24,4;24,9;24,2;99;97;99;66;5,3;,3;
2026/02/14;0600 UTC;0;1012;1012;1011,9;;24;24;24,4;23,9;24,2;23,9;100;99;100;281;,9;,2;
2026/02/14;0700 UTC;0;1011,9;1012;1011,9;;23,6;23,6;24;23,6;24;23,6;100;100;100;232;1,7;,4;
2026/02/14;0800 UTC;0;1012,5;1012,5;1011,9;;23,2;;23,6;23,2;;;;;;194;1;,2;
2026/02/14;0900 UTC;0;1013;1013;1012,5;68,4;23,5;;23,5;23,1;;;;;;296;1,5;,2;
2026/02/14;1000 UTC;0;1013,7;1013,7;1013;1068,3;26,3;26,3;26,3;23,5;;;;;100;315;2,8;1,7;
2026/02/14;1100 UTC;0;1014;1014;1013,7;2281,9;29,1;25,6;29,3;26,4;26,7;25,2;100;80;82;59;3,3;1,5;
2026/02/14;1200 UTC;0;1014,2;1014,3;1014;2455;29;24,7;30,1;28,3;25,8;24,4;82;75;78;66;4,6;2,5;
2026/02/14;1300 UTC;0;1014,3;1014,3;1014,1;3479,8;30,6;24,5;31,8;29;25,4;23,9;78;65;70;81;6,5;2,7;
2026/02/14;1400 UTC;0;1013,8;1014,3;1013,8;2869,2;31,6;24,6;32,2;29,7;25,6;24;73;65;66;95;7,1;3,2;
2026/02/14;1500 UTC;0;1013,3;1013,8;1013,3;2854,6;31,8;24,7;32,7;30,6;25,8;23,2;71;64;66;90;6,8;3,1;
2026/02/14;1600 UTC;0;1012,6;1013,3;1012,5;2779,9;31,6;24,6;32,7;30,7;25,6;24,2;71;65;66;103;6,8;2,4;
2026/02/14;1700 UTC;0;1011,6;1012,5;1011,6;3294,8;31,2;24,4;31,8;30,4;25,2;23,6;71;65;67;94;7,2;3,6;
2026/02/14;1800 UTC;0;1011,3;1011,6;1011,2;3204,4;30,8;24,5;32,1;30,4;25,1;23,6;70;64;69;104;7;2,4;
2026/02/14;1900 UTC;0;1011,4;1011,4;1011,2;2027,8;29,8;24,3;30,9;29,3;24,7;23,7;76;67;72;102;7,1;2,9;
2026/02/14;2000 UTC;0;1011,6;1011,6;1011,3;1038,1;28,5;24,5;29,8;28,5;25;23,7;79;72;79;113;7,5;2;
2026/02/14;2100 UTC;0;1012,3;1012,3;1011,6;213,6;27,3;24,9;28,5;27,3;24,9;24,3;87;79;87;102;5,8;1,8;
2026/02/14;2200 UTC;0;1012,7;1012,7;1012,2;;27,1;24,7;27,3;27;24,9;24,7;88;87;87;102;5,3;1,2;
2026/02/14;2300 UTC;0;1013,5;1013,5;1012,7;;27,2;24,7;27,3;27,1;24,9;24,7;87;86;86;95;4,9;1,7;
2026/02/15;0000 UTC;0;1014;1014;1013,5;;26;24,3;27,2;26;24,6;23,6;90;83;90;136;4,9;,5;
2026/02/15;0100 UTC;0;1014,3;1014,5;1014;;25,2;23,4;26;25,1;24,7;23,4;93;89;90;88;6,5;2,4;
2026/02/15;0200 UTC;0;1013,8;1014,3;1013,8;;24,6;24,1;25,3;24,5;24,1;23,3;97;90;97;119;5,3;,7;
2026/02/15;0300 UTC;0;1013;1013,8;1013;;24,6;24,4;24,6;24,2;24,4;24;99;97;99;44;2,1;,6;
2026/02/15;0400 UTC;0;1012,1;1013;1012,1;;23,6;23,6;24,6;23,6;24,4;23,6;100;99;100;282;1,7;,2;
2026/02/15;0500 UTC;;;;;;;;;;;;;;;;;;
2026/02/15;0600 UTC;0;1011,3;1011,5;1011,3;;22,8;;23,2;22,8;;;;;;232;,9;,3;
2026/02/15;0700 UTC;;;;;;;;;;;;;;;;;;
2026/02/15;0800 UTC;0;1011,7;1011,7;1011,4;;23,6;;23,7;22,8;;;;;;332;1,7;,6;
2026/02/15;0900 UTC;;;;;;;;;;;;;;;;;;
2026/02/15;1000 UTC;0;1012,9;1012,9;1012,3;1028,3;27,2;26,3;27,2;24;;;;;95;57;2,5;,9;
2026/02/15;1100 UTC;0;1013,4;1013,4;1012,9;1857,6;28,5;24,8;29,1;26,6;26,7;24,8;95;80;80;71;3,4;1,4;
2026/02/15;1200 UTC;0;1013,6;1013,6;1013,4;2223,6;30,9;25,1;30,9;28,5;25,1;24;81;71;72;96;6,4;2,6;
2026/02/15;1300 UTC;0;1013,5;1013,6;1013,4;3140,9;31,8;23,6;32,3;28,8;25,5;23,6;76;62;62;105;7,9;2,8;
2026/02/15;1400 UTC;;;;;;;;;;;;;;;;;;
2026/02/15;1500 UTC;0;1013,1;1013,6;1013,1;2694,2;29,1;24,2;32,2;29;24,7;22,9;75;63;75;102;7,3;2,6;
2026/02/15;1600 UTC;;;;;;;;;;;;;;;;;;
2026/02/15;1700 UTC;;;;;;;;;;;;;;;;;;
2026/02/15;1800 UTC;;;;;;;;;;;;;;;;;;
2026/02/15;1900 UTC;;;;;;;;;;;;;;;;;;
2026/02/15;2000 UTC;0;1012,3;1012,3;1011,8;801;28,1;23,5;29;28,1;24;23,2;76;71;76;100;5;1,8;
2026/02/15;2100 UTC;0;1012,8;1012,8;1012,2;203;26,9;23,8;28,1;26,9;23,8;23,5;83;76;83;108;4,5;,9;
2026/02/15;2200 UTC;0;1013,4;1013,4;1012,8;;25,6;23,7;26,9;25,6;23,8;23,5;90;83;90;76;2,7;,4;
2026/02/15;2300 UTC;0;1013,9;1013,9;1013,4;;24,3;23,5;25,5;24,3;23,7;23,4;95;90;95;187;1;,2;
2026/02/16;0000 UTC;0;1014,3;1014,3;1013,9;;23,9;23,7;24,3;23,7;23,8;23,4;99;95;99;88;1;,4;
2026/02/16;0100 UTC;0;1014,5;1014,6;1014,3;;23,5;23,4;23,9;23,5;23,8;23,4;100;99;100;85;1,3;,5;
2026/02/16;0200 UTC;0;1014,1;1014,5;1014;;25,1;24,8;25,1;23,4;24,8;23,4;100;98;98;122;5,1;1,5;
2026/02/16;0300 UTC;0;1013,4;1014,1;1013,4;;25,3;23,9;25,4;25,1;24,8;23,9;98;92;92;68;6,7;,6;
2026/02/16;0400 UTC;0;1012,9;1013,4;1012,8;;25,2;24,1;25,3;25,1;24,2;23,8;94;92;94;87;2,5;1;
2026/02/16;0500 UTC;0;1012,5;1012,9;1012,5;;25,8;24,1;25,9;25,2;24,2;23,7;94;88;91;69;4,3;1,9;
2026/02/16;0600 UTC;0;1012,6;1012,6;1012,5;;24;23,2;25,8;24;24,2;23,2;95;91;95;323;4,3;,2;
2026/02/16;0700 UTC;0;1012,9;1012,9;1012,6;;23,2;23,2;24;23,1;23,4;23,1;100;95;100;305;1,8;,7;
2026/02/16;0800 UTC;0;1013,1;1013,2;1012,9;;22,6;22,6;23,2;22,4;23,2;22,4;100;100;100;259;1,4;,5;
2026/02/16;0900 UTC;0;1013,6;1013,6;1013,1;70,3;22,3;;22,6;22,1;;;;;;238;1,2;,6;
2026/02/16;1000 UTC;0;1014,2;1014,2;1013,6;937,6;25,9;25,5;25,9;22,3;;;;;98;312;1,5;,7;
2026/02/16;1100 UTC;0;1014,6;1014,6;1014,2;1924,8;29,1;22,8;29,4;25,9;25,7;22,6;98;68;69;78;5,7;2,9;
2026/02/16;1200 UTC;0;1014,9;1014,9;1014,6;2879,3;30,3;22,7;30,5;29;23,2;22;70;63;64;74;7;3,2;
2026/02/16;1300 UTC;0;1014,8;1014,9;1014,8;3238,3;30,6;22,8;31,2;29,6;23,5;21,7;65;59;63;66;6,4;3,1;
2026/02/16;1400 UTC;0;1014,5;1014,8;1014,5;2640;31,3;22,7;32;29,7;23,6;22,1;66;58;60;99;7;2,5;
2026/02/16;1500 UTC;0;1013,8;1014,5;1013,8;1590,7;32,1;22,7;32,3;30,2;23,7;22,2;65;57;58;97;7,9;2,5;
2026/02/16;1600 UTC;0;1013;1013,8;1013;4541,9;31,8;22,8;32,8;31,1;23,3;21,5;60;54;59;105;7,1;2,2;
2026/02/16;1700 UTC;0;1012,5;1013;1012,5;3893,4;31,3;22,4;32,4;30,9;23,2;21,4;61;53;59;95;7,3;3,1;
2026/02/16;1800 UTC;0;1012;1012,5;1012;2658,2;30,7;22,8;31,8;29,5;24,3;22,3;68;59;63;103;7,1;2,4;
2026/02/16;1900 UTC;0;1012;1012;1011,8;2713;29,7;22,9;31,2;29,7;24,2;21,8;68;59;67;86;6,7;2,6;
2026/02/16;2000 UTC;0;1012,5;1012,5;1012;1320,6;28,5;23;30,2;28,5;23,6;22,2;72;65;72;97;6,7;2,3;
2026/02/16;2100 UTC;0;1013;1013;1012,4;221,1;27,2;23,7;28,5;27,2;23,9;22,9;81;72;81;92;6;2,2;
2026/02/16;2200 UTC;0;1013,6;1013,6;1013;;26,5;23,9;27,2;26,5;23,9;23,6;86;82;86;91;4,5;1,5;
2026/02/16;2300 UTC;0;1014;1014;1013,6;;26;23,6;26,6;26;24;23,6;88;86;87;91;3,7;1,3;
2026/02/17;0000 UTC;0;1014,6;1014,6;1014;;25,6;23,9;26;25,6;24;23,5;90;87;90;100;3;1;
2026/02/17;0100 UTC;0;1014,8;1014,8;1014,6;;25,4;24;25,7;25,4;24,2;23,8;92;90;92;104;3,5;,8;
2026/02/17;0200 UTC;0;1014,1;1014,8;1014,1;;25,2;23,6;25,6;25,2;24,1;23,6;92;90;91;76;2,8;1;
2026/02/17;0300 UTC;0;1013,5;1014,1;1013,5;;25,4;24,4;25,4;24,4;24,4;23,3;96;91;94;77;2,9;1,6;
2026/02/17;0400 UTC;0;1013;1013,5;1013;;24,7;23,6;25,8;24,7;24,4;23,6;94;91;93;71;4,3;,8;
2026/02/17;0500 UTC;0;1012,8;1013;1012,8;;23,4;23,1;24,7;23,4;23,7;23,1;98;93;98;80;1,9;,3;
2026/02/17;0600 UTC;0;1012,8;1012,8;1012,7;;22,5;22,5;23,4;22,5;23,2;22,5;100;98;100;283;1;,6;
2026/02/17;0700 UTC;0;1012,7;1012,8;1012,7;;22,2;22,2;22,6;22,2;22,6;22,2;100;100;100;305;1;,4;
2026/02/17;0800 UTC;0;1013,1;1013,1;1012,7;;21,9;;22,3;21,8;;;;;;310;,9;,5;
2026/02/17;0900 UTC;0;1013,6;1013,6;1013,1;54,1;22,1;;22,1;21,6;;;;;;322;,9;,4;
2026/02/17;1000 UTC;0;1014;1014;1013,6;619,3;25,1;25,1;25,1;22,1;;;;;100;261;1,5;,7;
2026/02/17;1100 UTC;0;1014,1;1014,1;1014;1403;29,1;24,3;29,7;25,1;26,6;24,3;100;75;75;79;5,9;2,7;
2026/02/17;1200 UTC;0;1014,7;1014,7;1014,1;2650,8;30,7;25;30,8;28,6;25,2;24,1;78;71;72;76;6,3;3,1;
2026/02/17;1300 UTC;0;1014,2;1014,7;1014,2;3961,9;31,1;24;31,7;30;25,3;23,8;72;64;66;98;7,1;3,1;
2026/02/17;1400 UTC;0;1013,8;1014,3;1013,8;2413;32,1;24,7;32,7;30,9;25,4;23,4;69;60;65;86;7,5;3,7;
2026/02/17;1500 UTC;0;1013,1;1013,8;1013,1;1798,1;31,3;24,5;32,8;30,7;25,5;23,8;70;62;67;98;7,5;3,3;
2026/02/17;1600 UTC;0;1012,4;1013,2;1012,4;2612;31,1;24,8;32,3;30,5;25,5;23,9;72;64;69;91;7,6;3,5;
2026/02/17;1700 UTC;0;1011,8;1012,4;1011,8;3961,4;31,8;25;32,6;30,7;26;24,1;71;65;67;113;8,9;2,7;
2026/02/17;1800 UTC;0;1011,7;1011,9;1011,7;2997,6;30,1;25;31,9;29,1;26;24,5;79;66;74;97;9,5;3,2;
2026/02/17;1900 UTC;0;1011,5;1011,7;1011,5;1905,6;29,3;24,6;30,3;28,9;25,4;24,4;78;73;76;96;8,3;2,9;
2026/02/17;2000 UTC;0;1011,5;1011,6;1011,4;1183,2;28,2;25,1;29,6;28,1;25,4;24,7;83;76;83;88;7,9;3,1;
2026/02/17;2100 UTC;0;1011,8;1011,8;1011,5;166,7;27,1;24,9;28,2;27,1;25,2;24,6;88;82;88;96;7,9;2,1;
2026/02/17;2200 UTC;0;1012,2;1012,2;1011,8;;27;25;27,1;26,9;25;24,8;89;88;89;85;6;2,5;
2026/02/17;2300 UTC;;;;;;;;;;;;;;;;;;
2026/02/18;0000 UTC;;;;;;;;;;;;;;;;;;
2026/02/18;0100 UTC;;;;;;;;;;;;;;;;;;
2026/02/18;0200 UTC;;;;;;;;;;;;;;;;;;
2026/02/18;0300 UTC;;;;;;;;;;;;;;;;;;
2026/02/18;0400 UTC;;;;;;;;;;;;;;;;;;
2026/02/18;0500 UTC;;;;;;;;;;;;;;;;;;
2026/02/18;0600 UTC;;;;;;;;;;;;;;;;;;
2026/02/18;0700 UTC;;;;;;;;;;;;;;;;;;
2026/02/18;0800 UTC;;;;;;;;;;;;;;;;;;
2026/02/18;0900 UTC;;;;;;;;;;;;;;;;;;
2026/02/18;1000 UTC;;;;;;;;;;;;;;;;;;
2026/02/18;1100 UTC;;;;;;;;;;;;;;;;;;
2026/02/18;1200 UTC;;;;;;;;;;;;;;;;;;
2026/02/18;1300 UTC;;;;;;;;;;;;;;;;;;
2026/02/18;1400 UTC;;;;;;;;;;;;;;;;;;
2026/02/18;1500 UTC;;;;;;;;;;;;;;;;;;
2026/02/18;1600 UTC;;;;;;;;;;;;;;;;;;
2026/02/18;1700 UTC;;;;;;;;;;;;;;;;;;
2026/02/18;1800 UTC;;;;;;;;;;;;;;;;;;
2026/02/18;1900 UTC;;;;;;;;;;;;;;;;;;
2026/02/18;2000 UTC;;;;;;;;;;;;;;;;;;
2026/02/18;2100 UTC;;;;;;;;;;;;;;;;;;
2026/02/18;2200 UTC;;;;;;;;;;;;;;;;;;
2026/02/18;2300 UTC;;;;;;;;;;;;;;;;;;
2026/02/19;0000 UTC;;;;;;;;;;;;;;;;;;
2026/02/19;0100 UTC;;;;;;;;;;;;;;;;;;
2026/02/19;0200 UTC;;;;;;;;;;;;;;;;;;
2026/02/19;0300 UTC;;;;;;;;;;;;;;;;;;
2026/02/19;0400 UTC;;;;;;;;;;;;;;;;;;
2026/02/19;0500 UTC;;;;;;;;;;;;;;;;;;
2026/02/19;0600 UTC;;;;;;;;;;;;;;;;;;
2026/02/19;0700 UTC;;;;;;;;;;;;;;;;;;
2026/02/19;0800 UTC;;;;;;;;;;;;;;;;;;
2026/02/19;0900 UTC;;;;;;;;;;;;;;;;;;
2026/02/19;1000 UTC;;;;;;;;;;;;;;;;;;
2026/02/19;1100 UTC;;;;;;;;;;;;;;;;;;
2026/02/19;1200 UTC;;;;;;;;;;;;;;;;;;
2026/02/19;1300 UTC;;;;;;;;;;;;;;;;;;
2026/02/19;1400 UTC;;;;;;;;;;;;;;;;;;
2026/02/19;1500 UTC;;;;;;;;;;;;;;;;;;
2026/02/19;1600 UTC;;;;;;;;;;;;;;;;;;
2026/02/19;1700 UTC;;;;;;;;;;;;;;;;;;
2026/02/19;1800 UTC;;;;;;;;;;;;;;;;;;
2026/02/19;1900 UTC;;;;;;;;;;;;;;;;;;
2026/02/19;2000 UTC;;;;;;;;;;;;;;;;;;
2026/02/19;2100 UTC;;;;;;;;;;;;;;;;;;
2026/02/19;2200 UTC;;;;;;;;;;;;;;;;;;
2026/02/19;2300 UTC;;;;;;;;;;;;;;;;;;
2026/02/20;0000 UTC;;;;;;;;;;;;;;;;;;
2026/02/20;0100 UTC;;;;;;;;;;;;;;;;;;
2026/02/20;0200 UTC;;;;;;;;;;;;;;;;;;
2026/02/20;0300 UTC;;;;;;;;;;;;;;;;;;
2026/02/20;0400 UTC;;;;;;;;;;;;;;;;;;
2026/02/20;0500 UTC;;;;;;;;;;;;;;;;;;
2026/02/20;0600 UTC;;;;;;;;;;;;;;;;;;
2026/02/20;0700 UTC;;;;;;;;;;;;;;;;;;
2026/02/20;0800 UTC;;;;;;;;;;;;;;;;;;
2026/02/20;0900 UTC;;;;;;;;;;;;;;;;;;
2026/02/20;1000 UTC;;;;;;;;;;;;;;;;;;
2026/02/20;1100 UTC;;;;;;;;;;;;;;;;;;
2026/02/20;1200 UTC;;;;;;;;;;;;;;;;;;
2026/02/20;1300 UTC;;;;;;;;;;;;;;;;;;
2026/02/20;1400 UTC;;;;;;;;;;;;;;;;;;
2026/02/20;1500 UTC;;;;;;;;;;;;;;;;;;
2026/02/20;1600 UTC;;;;;;;;;;;;;;;;;;
2026/02/20;1700 UTC;;;;;;;;;;;;;;;;;;
2026/02/20;1800 UTC;;;;;;;;;;;;;;;;;;
2026/02/20;1900 UTC;;;;;;;;;;;;;;;;;;
2026/02/20;2000 UTC;;;;;;;;;;;;;;;;;;
2026/02/20;2100 UTC;;;;;;;;;;;;;;;;;;
2026/02/20;2200 UTC;;;;;;;;;;;;;;;;;;
2026/02/20;2300 UTC;;;;;;;;;;;;;;;;;;
2026/02/21;0000 UTC;;;;;;;;;;;;;;;;;;
2026/02/21;0100 UTC;;;;;;;;;;;;;;;;;;
2026/02/21;0200 UTC;;;;;;;;;;;;;;;;;;
2026/02/21;0300 UTC;;;;;;;;;;;;;;;;;;
2026/02/21;0400 UTC;;;;;;;;;;;;;;;;;;
2026/02/21;0500 UTC;;;;;;;;;;;;;;;;;;
2026/02/21;0600 UTC;;;;;;;;;;;;;;;;;;
2026/02/21;0700 UTC;;;;;;;;;;;;;;;;;;
2026/02/21;0800 UTC;;;;;;;;;;;;;;;;;;
2026/02/21;0900 UTC;;;;;;;;;;;;;;;;;;
2026/02/21;1000 UTC;;;;;;;;;;;;;;;;;;
2026/02/21;1100 UTC;;;;;;;;;;;;;;;;;;
2026/02/21;1200 UTC;;;;;;;;;;;;;;;;;;
2026/02/21;1300 UTC;;;;;;;;;;;;;;;;;;
2026/02/21;1400 UTC;;;;;;;;;;;;;;;;;;
2026/02/21;1500 UTC;;;;;;;;;;;;;;;;;;
2026/02/21;1600 UTC;;;;;;;;;;;;;;;;;;
2026/02/21;1700 UTC;;;;;;;;;;;;;;;;;;
2026/02/21;1800 UTC;;;;;;;;;;;;;;;;;;
2026/02/21;1900 UTC;;;;;;;;;;;;;;;;;;
2026/02/21;2000 UTC;;;;;;;;;;;;;;;;;;
2026/02/21;2100 UTC;;;;;;;;;;;;;;;;;;
2026/02/21;2200 UTC;;;;;;;;;;;;;;;;;;
2026/02/21;2300 UTC;;;;;;;;;;;;;;;;;;
2026/02/22;0000 UTC;;;;;;;;;;;;;;;;;;
2026/02/22;0100 UTC;;;;;;;;;;;;;;;;;;
2026/02/22;0200 UTC;;;;;;;;;;;;;;;;;;
2026/02/22;0300 UTC;;;;;;;;;;;;;;;;;;
2026/02/22;0400 UTC;;;;;;;;;;;;;;;;;;
2026/02/22;0500 UTC;;;;;;;;;;;;;;;;;;
2026/02/22;0600 UTC;;;;;;;;;;;;;;;;;;
2026/02/22;0700 UTC;;;;;;;;;;;;;;;;;;
2026/02/22;0800 UTC;0;1011,8;1011,9;1011,7;;24,7;24,7;25,9;24,7;25,1;24,6;100;95;100;250;2;,6;
2026/02/22;0900 UTC;0;1012,1;1012,1;1011,8;72,9;24,4;24,4;24,7;24,3;24,6;24,3;100;100;100;266;1,1;,3;
2026/02/22;1000 UTC;0;1012,5;1012,5;1012;1011,6;27,3;25,6;27,4;24,5;26,7;24,5;100;90;90;1;3,1;1,1;
2026/02/22;1100 UTC;;;;;;;;;;;;;;;;;;
2026/02/22;1200 UTC;;;;;;;;;;;;;;;;;;
2026/02/22;1300 UTC;;;;;;;;;;;;;;;;;;
2026/02/22;1400 UTC;;;;;;;;;;;;;;;;;;
2026/02/22;1500 UTC;;;;;;;;;;;;;;;;;;
2026/02/22;1600 UTC;;;;;;;;;;;;;;;;;;
2026/02/22;1700 UTC;;;;;;;;;;;;;;;;;;
2026/02/22;1800 UTC;;;;;;;;;;;;;;;;;;
2026/02/22;1900 UTC;;;;;;;;;;;;;;;;;;
2026/02/22;2000 UTC;;;;;;;;;;;;;;;;;;
2026/02/22;2100 UTC;;;;;;;;;;;;;;;;;;
2026/02/22;2200 UTC;;;;;;;;;;;;;;;;;;
2026/02/22;2300 UTC;;;;;;;;;;;;;;;;;;
2026/02/23;0000 UTC;;;;;;;;;;;;;;;;;;
2026/02/23;0100 UTC;;;;;;;;;;;;;;;;;;
2026/02/23;0200 UTC;;;;;;;;;;;;;;;;;;
2026/02/23;0300 UTC;;;;;;;;;;;;;;;;;;
2026/02/23;0400 UTC;;;;;;;;;;;;;;;;;;
2026/02/23;0500 UTC;;;;;;;;;;;;;;;;;;
2026/02/23;0600 UTC;;;;;;;;;;;;;;;;;;
2026/02/23;0700 UTC;;;;;;;;;;;;;;;;;;
2026/02/23;0800 UTC;;;;;;;;;;;;;;;;;;
2026/02/23;0900 UTC;;;;;;;;;;;;;;;;;;
2026/02/23;1000 UTC;0;1011,6;1011,6;1011,2;929,4;27,4;25,6;27,4;23,8;25,9;23,8;100;90;90;52;4;1,8;
2026/02/23;1100 UTC;0;1012;1012;1011,6;2324,8;29,9;25,3;29,9;27,4;25,6;25,1;90;76;76;55;6,4;2,6;
2026/02/23;1200 UTC;0;1012;1012,1;1011,9;3145,2;31,4;24,8;31,7;29,3;25,6;24,4;78;67;68;56;7,8;2,6;
2026/02/23;1300 UTC;0;1011,8;1012;1011,8;3945,5;32,1;24,9;32,5;31,1;25;23,7;68;62;66;70;7,1;2,7;
2026/02/23;1400 UTC;0;1011,3;1011,8;1011,3;4977,6;32,5;24,9;33,4;31,9;25,8;24,3;67;62;64;73;7,9;3,7;
2026/02/23;1500 UTC;0;1010,7;1011,3;1010,7;5083,2;33,1;25,5;33,4;31,6;25,7;24,1;66;61;64;89;8,5;3,6;
2026/02/23;1600 UTC;0;1010,1;1010,7;1010;4605,3;32,5;24,7;33,4;31,9;25,9;24,2;67;61;63;94;7,8;3,7;
2026/02/23;1700 UTC;0;1009,2;1010,1;1009,2;3239,2;31,5;26,1;32,6;30,6;26,2;24,1;74;63;73;90;8,4;3,3;
2026/02/23;1800 UTC;0;1008,7;1009,2;1008,7;3227,5;30,4;24,9;32,5;30,4;26,3;24,7;75;68;73;79;8,6;3,7;
2026/02/23;1900 UTC;0;1008,6;1008,8;1008,5;1205,6;28,6;25,5;30,4;28,5;25,8;24,6;83;72;83;81;7,9;3,7;
2026/02/23;2000 UTC;0;1008,6;1008,6;1008,5;566,8;28,1;25,3;28,8;28,1;25,9;25,3;85;83;85;79;8,4;3,8;
2026/02/23;2100 UTC;0;1008,9;1008,9;1008,5;136,3;27,6;25,5;28,1;27,6;25,7;25,2;89;85;89;82;8,2;2,6;
2026/02/23;2200 UTC;0;1009,6;1009,6;1008,9;;27,3;25;27,6;27,2;25,6;25;90;87;87;78;6,5;2,9;
2026/02/23;2300 UTC;0;1010,4;1010,4;1009,6;;27,4;25,5;27,4;27,1;25,5;25;90;87;89;81;5,6;2,8;
2026/02/24;0000 UTC;0;1011;1011;1010,4;;27,4;25,4;27,5;27,2;25,8;25,4;91;89;89;67;6,8;3,2;
2026/02/24;0100 UTC;0;1011,4;1011,4;1011;;27;25,5;27,4;27;25,6;25,3;91;89;91;74;6,3;2,1;
2026/02/24;0200 UTC;0;1011,3;1011,4;1011,3;;26,7;25,4;27;26,7;25,5;25,4;92;91;92;77;5,3;1,7;
2026/02/24;0300 UTC;;;;;;;;;;;;;;;;;;
2026/02/24;0400 UTC;;;;;;;;;;;;;;;;;;
2026/02/24;0500 UTC;;;;;;;;;;;;;;;;;;
2026/02/24;0600 UTC;;;;;;;;;;;;;;;;;;
2026/02/24;0700 UTC;;;;;;;;;;;;;;;;;;
2026/02/24;0800 UTC;;;;;;;;;;;;;;;;;;
2026/02/24;0900 UTC;;;;;;;;;;;;;;;;;;
2026/02/24;1000 UTC;;;;;;;;;;;;;;;;;;
2026/02/24;1100 UTC;;;;;;;;;;;;;;;;;;
2026/02/24;1200 UTC;;;;;;;;;;;;;;;;;;
2026/02/24;1300 UTC;;;;;;;;;;;;;;;;;;
2026/02/24;1400 UTC;;;;;;;;;;;;;;;;;;
2026/02/24;1500 UTC;;;;;;;;;;;;;;;;;;
2026/02/24;1600 UTC;;;;;;;;;;;;;;;;;;
2026/02/24;1700 UTC;;;;;;;;;;;;;;;;;;
2026/02/24;1800 UTC;;;;;;;;;;;;;;;;;;
2026/02/24;1900 UTC;;;;;;;;;;;;;;;;;;
2026/02/24;2000 UTC;;;;;;;;;;;;;;;;;;
2026/02/24;2100 UTC;;;;;;;;;;;;;;;;;;
2026/02/24;2200 UTC;;;;;;;;;;;;;;;;;;
2026/02/24;2300 UTC;;;;;;;;;;;;;;;;;;
2026/02/25;0000 UTC;;;;;;;;;;;;;;;;;;
2026/02/25;0100 UTC;;;;;;;;;;;;;;;;;;
2026/02/25;0200 UTC;;;;;;;;;;;;;;;;;;
2026/02/25;0300 UTC;;;;;;;;;;;;;;;;;;
2026/02/25;0400 UTC;;;;;;;;;;;;;;;;;;
2026/02/25;0500 UTC;;;;;;;;;;;;;;;;;;
2026/02/25;0600 UTC;;;;;;;;;;;;;;;;;;
2026/02/25;0700 UTC;;;;;;;;;;;;;;;;;;
2026/02/25;0800 UTC;;;;;;;;;;;;;;;;;;
2026/02/25;0900 UTC;;;;;;;;;;;;;;;;;;
2026/02/25;1000 UTC;;;;;;;;;;;;;;;;;;
2026/02/25;1100 UTC;;;;;;;;;;;;;;;;;;
2026/02/25;1200 UTC;;;;;;;;;;;;;;;;;;
2026/02/25;1300 UTC;;;;;;;;;;;;;;;;;;
2026/02/25;1400 UTC;;;;;;;;;;;;;;;;;;
2026/02/25;1500 UTC;;;;;;;;;;;;;;;;;;
2026/02/25;1600 UTC;;;;;;;;;;;;;;;;;;
2026/02/25;1700 UTC;;;;;;;;;;;;;;;;;;
2026/02/25;1800 UTC;;;;;;;;;;;;;;;;;;
2026/02/25;1900 UTC;;;;;;;;;;;;;;;;;;
2026/02/25;2000 UTC;;;;;;;;;;;;;;;;;;
2026/02/25;2100 UTC;;;;;;;;;;;;;;;;;;
2026/02/25;2200 UTC;;;;;;;;;;;;;;;;;;
2026/02/25;2300 UTC;;;;;;;;;;;;;;;;;;
2026/02/26;0000 UTC;;;;;;;;;;;;;;;;;;
2026/02/26;0100 UTC;;;;;;;;;;;;;;;;;;
2026/02/26;0200 UTC;;;;;;;;;;;;;;;;;;
2026/02/26;0300 UTC;;;;;;;;;;;;;;;;;;
2026/02/26;0400 UTC;;;;;;;;;;;;;;;;;;
2026/02/26;0500 UTC;;;;;;;;;;;;;;;;;;
2026/02/26;0600 UTC;;;;;;;;;;;;;;;;;;
2026/02/26;0700 UTC;;;;;;;;;;;;;;;;;;
2026/02/26;0800 UTC;;;;;;;;;;;;;;;;;;
2026/02/26;0900 UTC;;;;;;;;;;;;;;;;;;
2026/02/26;1000 UTC;;;;;;;;;;;;;;;;;;
2026/02/26;1100 UTC;;;;;;;;;;;;;;;;;;
2026/02/26;1200 UTC;;;;;;;;;;;;;;;;;;
2026/02/26;1300 UTC;;;;;;;;;;;;;;;;;;
2026/02/26;1400 UTC;;;;;;;;;;;;;;;;;;
2026/02/26;1500 UTC;;;;;;;;;;;;;;;;;;
2026/02/26;1600 UTC;;;;;;;;;;;;;;;;;;
2026/02/26;1700 UTC;;;;;;;;;;;;;;;;;;
2026/02/26;1800 UTC;;;;;;;;;;;;;;;;;;
2026/02/26;1900 UTC;;;;;;;;;;;;;;;;;;
2026/02/26;2000 UTC;;;;;;;;;;;;;;;;;;
2026/02/26;2100 UTC;;;;;;;;;;;;;;;;;;
2026/02/26;2200 UTC;;;;;;;;;;;;;;;;;;
2026/02/26;2300 UTC;;;;;;;;;;;;;;;;;;
2026/02/27;0000 UTC;;;;;;;;;;;;;;;;;;
2026/02/27;0100 UTC;;;;;;;;;;;;;;;;;;
2026/02/27;0200 UTC;;;;;;;;;;;;;;;;;;
2026/02/27;0300 UTC;;;;;;;;;;;;;;;;;;
2026/02/27;0400 UTC;;;;;;;;;;;;;;;;;;
2026/02/27;0500 UTC;;;;;;;;;;;;;;;;;;
2026/02/27;0600 UTC;;;;;;;;;;;;;;;;;;
2026/02/27;0700 UTC;;;;;;;;;;;;;;;;;;
2026/02/27;0800 UTC;;;;;;;;;;;;;;;;;;
2026/02/27;0900 UTC;;;;;;;;;;;;;;;;;;
2026/02/27;1000 UTC;;;;;;;;;;;;;;;;;;
2026/02/27;1100 UTC;;;;;;;;;;;;;;;;;;
2026/02/27;1200 UTC;;;;;;;;;;;;;;;;;;
2026/02/27;1300 UTC;;;;;;;;;;;;;;;;;;
2026/02/27;1400 UTC;;;;;;;;;;;;;;;;;;
2026/02/27;1500 UTC;;;;;;;;;;;;;;;;;;
2026/02/27;1600 UTC;;;;;;;;;;;;;;;;;;
2026/02/27;1700 UTC;;;;;;;;;;;;;;;;;;
2026/02/27;1800 UTC;;;;;;;;;;;;;;;;;;
2026/02/27;1900 UTC;;;;;;;;;;;;;;;;;;
2026/02/27;2000 UTC;;;;;;;;;;;;;;;;;;
2026/02/27;2100 UTC;;;;;;;;;;;;;;;;;;
2026/02/27;2200 UTC;;;;;;;;;;;;;;;;;;
2026/02/27;2300 UTC;;;;;;;;;;;;;;;;;;
2026/02/28;0000 UTC;;;;;;;;;;;;;;;;;;
2026/02/28;0100 UTC;;;;;;;;;;;;;;;;;;
2026/02/28;0200 UTC;;;;;;;;;;;;;;;;;;
2026/02/28;0300 UTC;;;;;;;;;;;;;;;;;;
2026/02/28;0400 UTC;;;;;;;;;;;;;;;;;;
2026/02/28;0500 UTC;;;;;;;;;;;;;;;;;;
2026/02/28;0600 UTC;;;;;;;;;;;;;;;;;;
2026/02/28;0700 UTC;;;;;;;;;;;;;;;;;;
2026/02/28;0800 UTC;;;;;;;;;;;;;;;;;;
2026/02/28;0900 UTC;;;;;;;;;;;;;;;;;;
2026/02/28;1000 UTC;;;;;;;;;;;;;;;;;;
2026/02/28;1100 UTC;;;;;;;;;;;;;;;;;;
2026/02/28;1200 UTC;;;;;;;;;;;;;;;;;;
2026/02/28;1300 UTC;;;;;;;;;;;;;;;;;;
2026/02/28;1400 UTC;;;;;;;;;;;;;;;;;;
2026/02/28;1500 UTC;;;;;;;;;;;;;;;;;;
2026/02/28;1600 UTC;;;;;;;;;;;;;;;;;;
2026/02/28;1700 UTC;;;;;;;;;;;;;;;;;;
2026/02/28;1800 UTC;;;;;;;;;;;;;;;;;;
2026/02/28;1900 UTC;;;;;;;;;;;;;;;;;;
2026/02/28;2000 UTC;;;;;;;;;;;;;;;;;;
2026/02/28;2100 UTC;;;;;;;;;;;;;;;;;;
2026/02/28;2200 UTC;;;;;;;;;;;;;;;;;;
2026/02/28;2300 UTC;;;;;;;;;;;;;;;;;;
2026/03/01;0000 UTC;;;;;;;;;;;;;;;;;;
2026/03/01;0100 UTC;;;;;;;;;;;;;;;;;;
2026/03/01;0200 UTC;;;;;;;;;;;;;;;;;;
2026/03/01;0300 UTC;;;;;;;;;;;;;;;;;;
2026/03/01;0400 UTC;;;;;;;;;;;;;;;;;;
2026/03/01;0500 UTC;;;;;;;;;;;;;;;;;;
2026/03/01;0600 UTC;;;;;;;;;;;;;;;;;;
2026/03/01;0700 UTC;;;;;;;;;;;;;;;;;;
2026/03/01;0800 UTC;;;;;;;;;;;;;;;;;;
2026/03/01;0900 UTC;;;;;;;;;;;;;;;;;;
2026/03/01;1000 UTC;;;;;;;;;;;;;;;;;;
2026/03/01;1100 UTC;;;;;;;;;;;;;;;;;;
2026/03/01;1200 UTC;;;;;;;;;;;;;;;;;;
2026/03/01;1300 UTC;;;;;;;;;;;;;;;;;;
2026/03/01;1400 UTC;;;;;;;;;;;;;;;;;;
2026/03/01;1500 UTC;;;;;;;;;;;;;;;;;;
2026/03/01;1600 UTC;;;;;;;;;;;;;;;;;;
2026/03/01;1700 UTC;;;;;;;;;;;;;;;;;;
2026/03/01;1800 UTC;;;;;;;;;;;;;;;;;;
2026/03/01;1900 UTC;;;;;;;;;;;;;;;;;;
2026/03/01;2000 UTC;;;;;;;;;;;;;;;;;;
2026/03/01;2100 UTC;;;;;;;;;;;;;;;;;;
2026/03/01;2200 UTC;;;;;;;;;;;;;;;;;;
2026/03/01;2300 UTC;;;;;;;;;;;;;;;;;;
2026/03/02;0000 UTC;;;;;;;;;;;;;;;;;;
2026/03/02;0100 UTC;;;;;;;;;;;;;;;;;;
2026/03/02;0200 UTC;;;;;;;;;;;;;;;;;;
2026/03/02;0300 UTC;;;;;;;;;;;;;;;;;;
2026/03/02;0400 UTC;;;;;;;;;;;;;;;;;;
2026/03/02;0500 UTC;;;;;;;;;;;;;;;;;;
2026/03/02;0600 UTC;;;;;;;;;;;;;;;;;;
2026/03/02;0700 UTC;;;;;;;;;;;;;;;;;;
2026/03/02;0800 UTC;;;;;;;;;;;;;;;;;;
2026/03/02;0900 UTC;;;;;;;;;;;;;;;;;;
2026/03/02;1000 UTC;;;;;;;;;;;;;;;;;;
2026/03/02;1100 UTC;;;;;;;;;;;;;;;;;;
2026/03/02;1200 UTC;;;;;;;;;;;;;;;;;;
2026/03/02;1300 UTC;;;;;;;;;;;;;;;;;;
2026/03/02;1400 UTC;;;;;;;;;;;;;;;;;;
2026/03/02;1500 UTC;;;;;;;;;;;;;;;;;;
2026/03/02;1600 UTC;;;;;;;;;;;;;;;;;;
2026/03/02;1700 UTC;;;;;;;;;;;;;;;;;;
2026/03/02;1800 UTC;;;;;;;;;;;;;;;;;;
2026/03/02;1900 UTC;;;;;;;;;;;;;;;;;;
2026/03/02;2000 UTC;;;;;;;;;;;;;;;;;;
2026/03/02;2100 UTC;;;;;;;;;;;;;;;;;;
2026/03/02;2200 UTC;;;;;;;;;;;;;;;;;;
2026/03/02;2300 UTC;;;;;;;;;;;;;;;;;;
2026/03/03;0000 UTC;;;;;;;;;;;;;;;;;;
2026/03/03;0100 UTC;;;;;;;;;;;;;;;;;;
2026/03/03;0200 UTC;;;;;;;;;;;;;;;;;;
2026/03/03;0300 UTC;;;;;;;;;;;;;;;;;;
2026/03/03;0400 UTC;;;;;;;;;;;;;;;;;;
2026/03/03;0500 UTC;0;1009,7;1009,8;1009,5;;25,5;25,5;25,8;25,5;25,7;25,5;100;99;100;308;2,3;,8;
2026/03/03;0600 UTC;0;1009,4;1009,7;1009,3;;25,3;25,3;25,5;25,2;25,5;25,2;100;100;100;275;2,6;1,2;
2026/03/03;0700 UTC;0;1009,4;1009,4;1009,1;;24,1;24;25,4;24,1;25,4;24;100;99;99;248;3,5;,6;
2026/03/03;0800 UTC;0;1009,2;1009,5;1009,2;;23,7;23,7;24,1;23,7;24;23,7;100;99;100;53;1,7;,4;
2026/03/03;0900 UTC;0;1009,5;1009,5;1009,1;29,5;23,9;23,9;23,9;23,6;23,9;23,6;100;100;100;53;,9;,2;
2026/03/03;1000 UTC;0;1010;1010;1009,5;406,6;26,1;26,1;26,1;23,9;26,1;23,9;100;100;100;53;2,4;1,2;
2026/03/03;1100 UTC;0;1010,8;1010,8;1010;614,3;27;25,2;27;26,1;26,2;25,1;100;90;90;54;3,6;1,4;
2026/03/03;1200 UTC;0;1010,9;1011;1010,8;1572,1;28,6;24,7;28,7;27;25,6;24,5;90;79;79;62;4,1;2,1;
2026/03/03;1300 UTC;0;1011;1011,2;1010,9;3274,8;30,4;25,5;30,5;28,6;25,8;24,6;80;73;75;60;5,8;2;
2026/03/03;1400 UTC;0;1010,9;1011;1010,9;3890,2;30,9;26;31,8;29,8;26,5;24,8;78;70;75;77;7,1;3,5;
2026/03/03;1500 UTC;0;1010,2;1010,9;1010,2;3264,2;29,8;25,7;31,5;29,8;26,6;25,4;79;74;78;71;8,5;4,3;
2026/03/03;1600 UTC;0;1009,4;1010,3;1009,4;2961,7;29,9;25,9;30,3;29,2;26,4;25,4;82;77;79;74;9,4;4,8;
2026/03/03;1700 UTC;0;1008,4;1009,4;1008,4;4031,1;31,3;26,6;31,3;29,7;27;25,7;81;75;76;68;10,2;4,2;
2026/03/03;1800 UTC;0;1007,7;1008,4;1007,7;2484,6;28,7;25,8;31,3;28,7;26,2;24,9;85;72;85;70;9,6;3,4;
2026/03/03;1900 UTC;0;1007,4;1007,9;1007,4;1711,3;29,1;25,5;29,9;28,5;26,3;25,3;86;78;81;74;9,7;4,2;
2026/03/03;2000 UTC;0;1008,1;1008,1;1007,2;1001,9;28,2;26,1;29,3;28,2;26,2;25,5;88;81;88;67;9,4;3,6;
2026/03/03;2100 UTC;0;1009;1009;1008,1;163,7;27,5;25,6;28,2;27,5;26,1;25,6;90;87;89;70;7,8;3;
2026/03/03;2200 UTC;0;1009,4;1009,4;1009;;27,3;25,6;27,6;27,3;25,6;25,5;91;88;91;67;6,3;2,6;
2026/03/03;2300 UTC;0;1010;1010;1009,4;;27,2;25,9;27,4;27,1;25,9;25,6;93;90;93;59;5,8;2,3;
2026/03/04;0000 UTC;;;;;;;;;;;;;;;;;;
2026/03/04;0100 UTC;;;;;;;;;;;;;;;;;;
2026/03/04;0200 UTC;;;;;;;;;;;;;;;;;;
2026/03/04;0300 UTC;;;;;;;;;;;;;;;;;;
2026/03/04;0400 UTC;;;;;;;;;;;;;;;;;;
2026/03/04;0500 UTC;;;;;;;;;;;;;;;;;;
2026/03/04;0600 UTC;;;;;;;;;;;;;;;;;;
2026/03/04;0700 UTC;;;;;;;;;;;;;;;;;;
2026/03/04;0800 UTC;;;;;;;;;;;;;;;;;;
2026/03/04;0900 UTC;;;;;;;;;;;;;;;;;;
2026/03/04;1000 UTC;;;;;;;;;;;;;;;;;;
2026/03/04;1100 UTC;;;;;;;;;;;;;;;;;;
2026/03/04;1200 UTC;;;;;;;;;;;;;;;;;;
2026/03/04;1300 UTC;;;;;;;;;;;;;;;;;;
2026/03/04;1400 UTC;;;;;;;;;;;;;;;;;;
2026/03/04;1500 UTC;;;;;;;;;;;;;;;;;;
2026/03/04;1600 UTC;;;;;;;;;;;;;;;;;;
2026/03/04;1700 UTC;;;;;;;;;;;;;;;;;;
2026/03/04;1800 UTC;;;;;;;;;;;;;;;;;;
2026/03/04;1900 UTC;;;;;;;;;;;;;;;;;;
2026/03/04;2000 UTC;;;;;;;;;;;;;;;;;;
2026/03/04;2100 UTC;;;;;;;;;;;;;;;;;;
2026/03/04;2200 UTC;;;;;;;;;;;;;;;;;;
2026/03/04;2300 UTC;;;;;;;;;;;;;;;;;;
2026/03/05;0000 UTC;;;;;;;;;;;;;;;;;;
2026/03/05;0100 UTC;;;;;;;;;;;;;;;;;;
2026/03/05;0200 UTC;;;;;;;;;;;;;;;;;;
2026/03/05;0300 UTC;;;;;;;;;;;;;;;;;;
2026/03/05;0400 UTC;;;;;;;;;;;;;;;;;;
2026/03/05;0500 UTC;;;;;;;;;;;;;;;;;;
2026/03/05;0600 UTC;;;;;;;;;;;;;;;;;;
2026/03/05;0700 UTC;;;;;;;;;;;;;;;;;;
2026/03/05;0800 UTC;;;;;;;;;;;;;;;;;;
2026/03/05;0900 UTC;;;;;;;;;;;;;;;;;;
2026/03/05;1000 UTC;;;;;;;;;;;;;;;;;;
2026/03/05;1100 UTC;;;;;;;;;;;;;;;;;;
2026/03/05;1200 UTC;;;;;;;;;;;;;;;;;;
2026/03/05;1300 UTC;;;;;;;;;;;;;;;;;;
2026/03/05;1400 UTC;;;;;;;;;;;;;;;;;;
2026/03/05;1500 UTC;;;;;;;;;;;;;;;;;;
2026/03/05;1600 UTC;;;;;;;;;;;;;;;;;;
2026/03/05;1700 UTC;;;;;;;;;;;;;;;;;;
2026/03/05;1800 UTC;;;;;;;;;;;;;;;;;;
2026/03/05;1900 UTC;;;;;;;;;;;;;;;;;;
2026/03/05;2000 UTC;;;;;;;;;;;;;;;;;;
2026/03/05;2100 UTC;;;;;;;;;;;;;;;;;;
2026/03/05;2200 UTC;;;;;;;;;;;;;;;;;;
2026/03/05;2300 UTC;;;;;;;;;;;;;;;;;;
2026/03/06;0000 UTC;;;;;;;;;;;;;;;;;;
2026/03/06;0100 UTC;;;;;;;;;;;;;;;;;;
2026/03/06;0200 UTC;;;;;;;;;;;;;;;;;;
2026/03/06;0300 UTC;;;;;;;;;;;;;;;;;;
2026/03/06;0400 UTC;;;;;;;;;;;;;;;;;;
2026/03/06;0500 UTC;;;;;;;;;;;;;;;;;;
2026/03/06;0600 UTC;;;;;;;;;;;;;;;;;;
2026/03/06;0700 UTC;;;;;;;;;;;;;;;;;;
2026/03/06;0800 UTC;;;;;;;;;;;;;;;;;;
2026/03/06;0900 UTC;;;;;;;;;;;;;;;;;;
2026/03/06;1000 UTC;;;;;;;;;;;;;;;;;;
2026/03/06;1100 UTC;;;;;;;;;;;;;;;;;;
2026/03/06;1200 UTC;;;;;;;;;;;;;;;;;;
2026/03/06;1300 UTC;;;;;;;;;;;;;;;;;;
2026/03/06;1400 UTC;;;;;;;;;;;;;;;;;;
2026/03/06;1500 UTC;;;;;;;;;;;;;;;;;;
2026/03/06;1600 UTC;;;;;;;;;;;;;;;;;;
2026/03/06;1700 UTC;;;;;;;;;;;;;;;;;;
2026/03/06;1800 UTC;;;;;;;;;;;;;;;;;;
2026/03/06;1900 UTC;;;;;;;;;;;;;;;;;;
2026/03/06;2000 UTC;;;;;;;;;;;;;;;;;;
2026/03/06;2100 UTC;;;;;;;;;;;;;;;;;;
2026/03/06;2200 UTC;;;;;;;;;;;;;;;;;;
2026/03/06;2300 UTC;;;;;;;;;;;;;;;;;;
2026/03/07;0000 UTC;;;;;;;;;;;;;;;;;;
2026/03/07;0100 UTC;;;;;;;;;;;;;;;;;;
2026/03/07;0200 UTC;;;;;;;;;;;;;;;;;;
2026/03/07;0300 UTC;;;;;;;;;;;;;;;;;;
2026/03/07;0400 UTC;;;;;;;;;;;;;;;;;;
2026/03/07;0500 UTC;;;;;;;;;;;;;;;;;;
2026/03/07;0600 UTC;;;;;;;;;;;;;;;;;;
2026/03/07;0700 UTC;;;;;;;;;;;;;;;;;;
2026/03/07;0800 UTC;;;;;;;;;;;;;;;;;;
2026/03/07;0900 UTC;;;;;;;;;;;;;;;;;;
2026/03/07;1000 UTC;;;;;;;;;;;;;;;;;;
2026/03/07;1100 UTC;;;;;;;;;;;;;;;;;;
2026/03/07;1200 UTC;;;;;;;;;;;;;;;;;;
2026/03/07;1300 UTC;;;;;;;;;;;;;;;;;;
2026/03/07;1400 UTC;;;;;;;;;;;;;;;;;;
2026/03/07;1500 UTC;;;;;;;;;;;;;;;;;;
2026/03/07;1600 UTC;;;;;;;;;;;;;;;;;;
2026/03/07;1700 UTC;;;;;;;;;;;;;;;;;;
2026/03/07;1800 UTC;;;;;;;;;;;;;;;;;;
2026/03/07;1900 UTC;;;;;;;;;;;;;;;;;;
2026/03/07;2000 UTC;;;;;;;;;;;;;;;;;;
2026/03/07;2100 UTC;;;;;;;;;;;;;;;;;;
2026/03/07;2200 UTC;;;;;;;;;;;;;;;;;;
2026/03/07;2300 UTC;;;;;;;;;;;;;;;;;;
2026/03/08;0000 UTC;;;;;;;;;;;;;;;;;;
2026/03/08;0100 UTC;;;;;;;;;;;;;;;;;;
2026/03/08;0200 UTC;;;;;;;;;;;;;;;;;;
2026/03/08;0300 UTC;;;;;;;;;;;;;;;;;;
2026/03/08;0400 UTC;;;;;;;;;;;;;;;;;;
2026/03/08;0500 UTC;;;;;;;;;;;;;;;;;;
2026/03/08;0600 UTC;;;;;;;;;;;;;;;;;;
2026/03/08;0700 UTC;;;;;;;;;;;;;;;;;;
2026/03/08;0800 UTC;;;;;;;;;;;;;;;;;;
2026/03/08;0900 UTC;;;;;;;;;;;;;;;;;;
2026/03/08;1000 UTC;;;;;;;;;;;;;;;;;;
2026/03/08;1100 UTC;;;;;;;;;;;;;;;;;;
2026/03/08;1200 UTC;;;;;;;;;;;;;;;;;;
2026/03/08;1300 UTC;;;;;;;;;;;;;;;;;;
2026/03/08;1400 UTC;;;;;;;;;;;;;;;;;;
2026/03/08;1500 UTC;;;;;;;;;;;;;;;;;;
2026/03/08;1600 UTC;;;;;;;;;;;;;;;;;;
2026/03/08;1700 UTC;;;;;;;;;;;;;;;;;;
2026/03/08;1800 UTC;;;;;;;;;;;;;;;;;;
2026/03/08;1900 UTC;;;;;;;;;;;;;;;;;;
2026/03/08;2000 UTC;;;;;;;;;;;;;;;;;;
2026/03/08;2100 UTC;;;;;;;;;;;;;;;;;;
2026/03/08;2200 UTC;;;;;;;;;;;;;;;;;;
2026/03/08;2300 UTC;;;;;;;;;;;;;;;;;;
2026/03/09;0000 UTC;;;;;;;;;;;;;;;;;;
2026/03/09;0100 UTC;;;;;;;;;;;;;;;;;;
2026/03/09;0200 UTC;;;;;;;;;;;;;;;;;;
2026/03/09;0300 UTC;;;;;;;;;;;;;;;;;;
2026/03/09;0400 UTC;;;;;;;;;;;;;;;;;;
2026/03/09;0500 UTC;;;;;;;;;;;;;;;;;;
2026/03/09;0600 UTC;;;;;;;;;;;;;;;;;;
2026/03/09;0700 UTC;;;;;;;;;;;;;;;;;;
2026/03/09;0800 UTC;;;;;;;;;;;;;;;;;;
2026/03/09;0900 UTC;;;;;;;;;;;;;;;;;;
2026/03/09;1000 UTC;;;;;;;;;;;;;;;;;;
2026/03/09;1100 UTC;;;;;;;;;;;;;;;;;;
2026/03/09;1200 UTC;;;;;;;;;;;;;;;;;;
2026/03/09;1300 UTC;;;;;;;;;;;;;;;;;;
2026/03/09;1400 UTC;;;;;;;;;;;;;;;;;;
2026/03/09;1500 UTC;;;;;;;;;;;;;;;;;;
2026/03/09;1600 UTC;;;;;;;;;;;;;;;;;;
2026/03/09;1700 UTC;;;;;;;;;;;;;;;;;;
2026/03/09;1800 UTC;;;;;;;;;;;;;;;;;;
2026/03/09;1900 UTC;;;;;;;;;;;;;;;;;;
2026/03/09;2000 UTC;;;;;;;;;;;;;;;;;;
2026/03/09;2100 UTC;;;;;;;;;;;;;;;;;;
2026/03/09;2200 UTC;;;;;;;;;;;;;;;;;;
2026/03/09;2300 UTC;;;;;;;;;;;;;;;;;;
2026/03/10;0000 UTC;;;;;;;;;;;;;;;;;;
2026/03/10;0100 UTC;;;;;;;;;;;;;;;;;;
2026/03/10;0200 UTC;;;;;;;;;;;;;;;;;;
2026/03/10;0300 UTC;;;;;;;;;;;;;;;;;;
2026/03/10;0400 UTC;;;;;;;;;;;;;;;;;;
2026/03/10;0500 UTC;;;;;;;;;;;;;;;;;;
2026/03/10;0600 UTC;;;;;;;;;;;;;;;;;;
2026/03/10;0700 UTC;;;;;;;;;;;;;;;;;;
2026/03/10;0800 UTC;;;;;;;;;;;;;;;;;;
2026/03/10;0900 UTC;;;;;;;;;;;;;;;;;;
2026/03/10;1000 UTC;;;;;;;;;;;;;;;;;;
2026/03/10;1100 UTC;;;;;;;;;;;;;;;;;;
2026/03/10;1200 UTC;;;;;;;;;;;;;;;;;;
2026/03/10;1300 UTC;;;;;;;;;;;;;;;;;;
2026/03/10;1400 UTC;;;;;;;;;;;;;;;;;;
2026/03/10;1500 UTC;;;;;;;;;;;;;;;;;;
2026/03/10;1600 UTC;;;;;;;;;;;;;;;;;;
2026/03/10;1700 UTC;;;;;;;;;;;;;;;;;;
2026/03/10;1800 UTC;;;;;;;;;;;;;;;;;;
2026/03/10;1900 UTC;;;;;;;;;;;;;;;;;;
2026/03/10;2000 UTC;;;;;;;;;;;;;;;;;;
2026/03/10;2100 UTC;;;;;;;;;;;;;;;;;;
2026/03/10;2200 UTC;;;;;;;;;;;;;;;;;;
2026/03/10;2300 UTC;;;;;;;;;;;;;;;;;;
2026/03/11;0000 UTC;;;;;;;;;;;;;;;;;;
2026/03/11;0100 UTC;;;;;;;;;;;;;;;;;;
2026/03/11;0200 UTC;;;;;;;;;;;;;;;;;;
2026/03/11;0300 UTC;;;;;;;;;;;;;;;;;;
2026/03/11;0400 UTC;;;;;;;;;;;;;;;;;;
2026/03/11;0500 UTC;;;;;;;;;;;;;;;;;;
2026/03/11;0600 UTC;;;;;;;;;;;;;;;;;;
2026/03/11;0700 UTC;;;;;;;;;;;;;;;;;;
2026/03/11;0800 UTC;;;;;;;;;;;;;;;;;;
2026/03/11;0900 UTC;;;;;;;;;;;;;;;;;;
2026/03/11;1000 UTC;;;;;;;;;;;;;;;;;;
2026/03/11;1100 UTC;;;;;;;;;;;;;;;;;;
2026/03/11;1200 UTC;;;;;;;;;;;;;;;;;;
2026/03/11;1300 UTC;;;;;;;;;;;;;;;;;;
2026/03/11;1400 UTC;;;;;;;;;;;;;;;;;;
2026/03/11;1500 UTC;;;;;;;;;;;;;;;;;;
2026/03/11;1600 UTC;;;;;;;;;;;;;;;;;;
2026/03/11;1700 UTC;;;;;;;;;;;;;;;;;;
2026/03/11;1800 UTC;;;;;;;;;;;;;;;;;;
2026/03/11;1900 UTC;;;;;;;;;;;;;;;;;;
2026/03/11;2000 UTC;;;;;;;;;;;;;;;;;;
2026/03/11;2100 UTC;;;;;;;;;;;;;;;;;;
2026/03/11;2200 UTC;;;;;;;;;;;;;;;;;;
2026/03/11;2300 UTC;;;;;;;;;;;;;;;;;;
2026/03/12;0000 UTC;;;;;;;;;;;;;;;;;;
2026/03/12;0100 UTC;;;;;;;;;;;;;;;;;;
2026/03/12;0200 UTC;;;;;;;;;;;;;;;;;;
2026/03/12;0300 UTC;;;;;;;;;;;;;;;;;;
2026/03/12;0400 UTC;;;;;;;;;;;;;;;;;;
2026/03/12;0500 UTC;;;;;;;;;;;;;;;;;;
2026/03/12;0600 UTC;;;;;;;;;;;;;;;;;;
2026/03/12;0700 UTC;;;;;;;;;;;;;;;;;;
2026/03/12;0800 UTC;;;;;;;;;;;;;;;;;;
2026/03/12;0900 UTC;;;;;;;;;;;;;;;;;;
2026/03/12;1000 UTC;;;;;;;;;;;;;;;;;;
2026/03/12;1100 UTC;;;;;;;;;;;;;;;;;;
2026/03/12;1200 UTC;;;;;;;;;;;;;;;;;;
2026/03/12;1300 UTC;;;;;;;;;;;;;;;;;;
2026/03/12;1400 UTC;;;;;;;;;;;;;;;;;;
2026/03/12;1500 UTC;;;;;;;;;;;;;;;;;;
2026/03/12;1600 UTC;;;;;;;;;;;;;;;;;;
2026/03/12;1700 UTC;;;;;;;;;;;;;;;;;;
2026/03/12;1800 UTC;;;;;;;;;;;;;;;;;;
2026/03/12;1900 UTC;;;;;;;;;;;;;;;;;;
2026/03/12;2000 UTC;;;;;;;;;;;;;;;;;;
2026/03/12;2100 UTC;;;;;;;;;;;;;;;;;;
2026/03/12;2200 UTC;;;;;;;;;;;;;;;;;;
2026/03/12;2300 UTC;;;;;;;;;;;;;;;;;;
2026/03/13;0000 UTC;;;;;;;;;;;;;;;;;;
2026/03/13;0100 UTC;;;;;;;;;;;;;;;;;;
2026/03/13;0200 UTC;;;;;;;;;;;;;;;;;;
2026/03/13;0300 UTC;;;;;;;;;;;;;;;;;;
2026/03/13;0400 UTC;;;;;;;;;;;;;;;;;;
2026/03/13;0500 UTC;;;;;;;;;;;;;;;;;;
2026/03/13;0600 UTC;;;;;;;;;;;;;;;;;;
2026/03/13;0700 UTC;;;;;;;;;;;;;;;;;;
2026/03/13;0800 UTC;;;;;;;;;;;;;;;;;;
2026/03/13;0900 UTC;;;;;;;;;;;;;;;;;;
2026/03/13;1000 UTC;;;;;;;;;;;;;;;;;;
2026/03/13;1100 UTC;;;;;;;;;;;;;;;;;;
2026/03/13;1200 UTC;;;;;;;;;;;;;;;;;;
2026/03/13;1300 UTC;;;;;;;;;;;;;;;;;;
2026/03/13;1400 UTC;;;;;;;;;;;;;;;;;;
2026/03/13;1500 UTC;;;;;;;;;;;;;;;;;;
2026/03/13;1600 UTC;;;;;;;;;;;;;;;;;;
2026/03/13;1700 UTC;;;;;;;;;;;;;;;;;;
2026/03/13;1800 UTC;;;;;;;;;;;;;;;;;;
2026/03/13;1900 UTC;;;;;;;;;;;;;;;;;;
2026/03/13;2000 UTC;;;;;;;;;;;;;;;;;;
2026/03/13;2100 UTC;;;;;;;;;;;;;;;;;;
2026/03/13;2200 UTC;;;;;;;;;;;;;;;;;;
2026/03/13;2300 UTC;;;;;;;;;;;;;;;;;;
2026/03/14;0000 UTC;;;;;;;;;;;;;;;;;;
2026/03/14;0100 UTC;;;;;;;;;;;;;;;;;;
2026/03/14;0200 UTC;;;;;;;;;;;;;;;;;;
2026/03/14;0300 UTC;;;;;;;;;;;;;;;;;;
2026/03/14;0400 UTC;;;;;;;;;;;;;;;;;;
2026/03/14;0500 UTC;;;;;;;;;;;;;;;;;;
2026/03/14;0600 UTC;;;;;;;;;;;;;;;;;;
2026/03/14;0700 UTC;;;;;;;;;;;;;;;;;;
2026/03/14;0800 UTC;;;;;;;;;;;;;;;;;;
2026/03/14;0900 UTC;;;;;;;;;;;;;;;;;;
2026/03/14;1000 UTC;;;;;;;;;;;;;;;;;;
2026/03/14;1100 UTC;;;;;;;;;;;;;;;;;;
2026/03/14;1200 UTC;;;;;;;;;;;;;;;;;;
2026/03/14;1300 UTC;;;;;;;;;;;;;;;;;;
2026/03/14;1400 UTC;;;;;;;;;;;;;;;;;;
2026/03/14;1500 UTC;;;;;;;;;;;;;;;;;;
2026/03/14;1600 UTC;;;;;;;;;;;;;;;;;;
2026/03/14;1700 UTC;;;;;;;;;;;;;;;;;;
2026/03/14;1800 UTC;;;;;;;;;;;;;;;;;;
2026/03/14;1900 UTC;;;;;;;;;;;;;;;;;;
2026/03/14;2000 UTC;;;;;;;;;;;;;;;;;;
2026/03/14;2100 UTC;;;;;;;;;;;;;;;;;;
2026/03/14;2200 UTC;;;;;;;;;;;;;;;;;;
2026/03/14;2300 UTC;;;;;;;;;;;;;;;;;;
2026/03/15;0000 UTC;;;;;;;;;;;;;;;;;;
2026/03/15;0100 UTC;;;;;;;;;;;;;;;;;;
2026/03/15;0200 UTC;;;;;;;;;;;;;;;;;;
2026/03/15;0300 UTC;;;;;;;;;;;;;;;;;;
2026/03/15;0400 UTC;;;;;;;;;;;;;;;;;;
2026/03/15;0500 UTC;;;;;;;;;;;;;;;;;;
2026/03/15;0600 UTC;;;;;;;;;;;;;;;;;;
2026/03/15;0700 UTC;;;;;;;;;;;;;;;;;;
2026/03/15;0800 UTC;;;;;;;;;;;;;;;;;;
2026/03/15;0900 UTC;;;;;;;;;;;;;;;;;;
2026/03/15;1000 UTC;;;;;;;;;;;;;;;;;;
2026/03/15;1100 UTC;;;;;;;;;;;;;;;;;;
2026/03/15;1200 UTC;;;;;;;;;;;;;;;;;;
2026/03/15;1300 UTC;;;;;;;;;;;;;;;;;;
2026/03/15;1400 UTC;;;;;;;;;;;;;;;;;;
2026/03/15;1500 UTC;;;;;;;;;;;;;;;;;;
2026/03/15;1600 UTC;;;;;;;;;;;;;;;;;;
2026/03/15;1700 UTC;;;;;;;;;;;;;;;;;;
2026/03/15;1800 UTC;;;;;;;;;;;;;;;;;;
2026/03/15;1900 UTC;;;;;;;;;;;;;;;;;;
2026/03/15;2000 UTC;;;;;;;;;;;;;;;;;;
2026/03/15;2100 UTC;;;;;;;;;;;;;;;;;;
2026/03/15;2200 UTC;;;;;;;;;;;;;;;;;;
2026/03/15;2300 UTC;;;;;;;;;;;;;;;;;;
2026/03/16;0000 UTC;;;;;;;;;;;;;;;;;;
2026/03/16;0100 UTC;;;;;;;;;;;;;;;;;;
2026/03/16;0200 UTC;;;;;;;;;;;;;;;;;;
2026/03/16;0300 UTC;;;;;;;;;;;;;;;;;;
2026/03/16;0400 UTC;;;;;;;;;;;;;;;;;;
2026/03/16;0500 UTC;;;;;;;;;;;;;;;;;;
2026/03/16;0600 UTC;;;;;;;;;;;;;;;;;;
2026/03/16;0700 UTC;;;;;;;;;;;;;;;;;;
2026/03/16;0800 UTC;;;;;;;;;;;;;;;;;;
2026/03/16;0900 UTC;;;;;;;;;;;;;;;;;;
2026/03/16;1000 UTC;;;;;;;;;;;;;;;;;;
2026/03/16;1100 UTC;;;;;;;;;;;;;;;;;;
2026/03/16;1200 UTC;;;;;;;;;;;;;;;;;;
2026/03/16;1300 UTC;;;;;;;;;;;;;;;;;;
2026/03/16;1400 UTC;;;;;;;;;;;;;;;;;;
2026/03/16;1500 UTC;;;;;;;;;;;;;;;;;;
2026/03/16;1600 UTC;;;;;;;;;;;;;;;;;;
2026/03/16;1700 UTC;;;;;;;;;;;;;;;;;;
2026/03/16;1800 UTC;;;;;;;;;;;;;;;;;;
2026/03/16;1900 UTC;;;;;;;;;;;;;;;;;;
2026/03/16;2000 UTC;;;;;;;;;;;;;;;;;;
2026/03/16;2100 UTC;;;;;;;;;;;;;;;;;;
2026/03/16;2200 UTC;;;;;;;;;;;;;;;;;;
2026/03/16;2300 UTC;;;;;;;;;;;;;;;;;;
2026/03/17;0000 UTC;;;;;;;;;;;;;;;;;;
2026/03/17;0100 UTC;;;;;;;;;;;;;;;;;;
2026/03/17;0200 UTC;;;;;;;;;;;;;;;;;;
2026/03/17;0300 UTC;;;;;;;;;;;;;;;;;;
2026/03/17;0400 UTC;;;;;;;;;;;;;;;;;;
2026/03/17;0500 UTC;;;;;;;;;;;;;;;;;;
2026/03/17;0600 UTC;;;;;;;;;;;;;;;;;;
2026/03/17;0700 UTC;;;;;;;;;;;;;;;;;;
2026/03/17;0800 UTC;;;;;;;;;;;;;;;;;;
2026/03/17;0900 UTC;;;;;;;;;;;;;;;;;;
2026/03/17;1000 UTC;;;;;;;;;;;;;;;;;;
2026/03/17;1100 UTC;;;;;;;;;;;;;;;;;;
2026/03/17;1200 UTC;;;;;;;;;;;;;;;;;;
2026/03/17;1300 UTC;;;;;;;;;;;;;;;;;;
2026/03/17;1400 UTC;;;;;;;;;;;;;;;;;;
2026/03/17;1500 UTC;;;;;;;;;;;;;;;;;;
2026/03/17;1600 UTC;;;;;;;;;;;;;;;;;;
2026/03/17;1700 UTC;;;;;;;;;;;;;;;;;;
2026/03/17;1800 UTC;;;;;;;;;;;;;;;;;;
2026/03/17;1900 UTC;;;;;;;;;;;;;;;;;;
2026/03/17;2000 UTC;;;;;;;;;;;;;;;;;;
2026/03/17;2100 UTC;;;;;;;;;;;;;;;;;;
2026/03/17;2200 UTC;;;;;;;;;;;;;;;;;;
2026/03/17;2300 UTC;;;;;;;;;;;;;;;;;;
2026/03/18;0000 UTC;;;;;;;;;;;;;;;;;;
2026/03/18;0100 UTC;;;;;;;;;;;;;;;;;;
2026/03/18;0200 UTC;;;;;;;;;;;;;;;;;;
2026/03/18;0300 UTC;;;;;;;;;;;;;;;;;;
2026/03/18;0400 UTC;;;;;;;;;;;;;;;;;;
2026/03/18;0500 UTC;;;;;;;;;;;;;;;;;;
2026/03/18;0600 UTC;;;;;;;;;;;;;;;;;;
2026/03/18;0700 UTC;;;;;;;;;;;;;;;;;;
2026/03/18;0800 UTC;;;;;;;;;;;;;;;;;;
2026/03/18;0900 UTC;;;;;;;;;;;;;;;;;;
2026/03/18;1000 UTC;;;;;;;;;;;;;;;;;;
2026/03/18;1100 UTC;;;;;;;;;;;;;;;;;;
2026/03/18;1200 UTC;;;;;;;;;;;;;;;;;;
2026/03/18;1300 UTC;;;;;;;;;;;;;;;;;;
2026/03/18;1400 UTC;;;;;;;;;;;;;;;;;;
2026/03/18;1500 UTC;;;;;;;;;;;;;;;;;;
2026/03/18;1600 UTC;;;;;;;;;;;;;;;;;;
2026/03/18;1700 UTC;;;;;;;;;;;;;;;;;;
2026/03/18;1800 UTC;;;;;;;;;;;;;;;;;;
2026/03/18;1900 UTC;;;;;;;;;;;;;;;;;;
2026/03/18;2000 UTC;;;;;;;;;;;;;;;;;;
2026/03/18;2100 UTC;;;;;;;;;;;;;;;;;;
2026/03/18;2200 UTC;;;;;;;;;;;;;;;;;;
2026/03/18;2300 UTC;;;;;;;;;;;;;;;;;;
2026/03/19;0000 UTC;;;;;;;;;;;;;;;;;;
2026/03/19;0100 UTC;;;;;;;;;;;;;;;;;;
2026/03/19;0200 UTC;;;;;;;;;;;;;;;;;;
2026/03/19;0300 UTC;;;;;;;;;;;;;;;;;;
2026/03/19;0400 UTC;;;;;;;;;;;;;;;;;;
2026/03/19;0500 UTC;;;;;;;;;;;;;;;;;;
2026/03/19;0600 UTC;;;;;;;;;;;;;;;;;;
2026/03/19;0700 UTC;;;;;;;;;;;;;;;;;;
2026/03/19;0800 UTC;;;;;;;;;;;;;;;;;;
2026/03/19;0900 UTC;;;;;;;;;;;;;;;;;;
2026/03/19;1000 UTC;;;;;;;;;;;;;;;;;;
2026/03/19;1100 UTC;;;;;;;;;;;;;;;;;;
2026/03/19;1200 UTC;;;;;;;;;;;;;;;;;;
2026/03/19;1300 UTC;;;;;;;;;;;;;;;;;;
2026/03/19;1400 UTC;;;;;;;;;;;;;;;;;;
2026/03/19;1500 UTC;;;;;;;;;;;;;;;;;;
2026/03/19;1600 UTC;;;;;;;;;;;;;;;;;;
2026/03/19;1700 UTC;;;;;;;;;;;;;;;;;;
2026/03/19;1800 UTC;;;;;;;;;;;;;;;;;;
2026/03/19;1900 UTC;;;;;;;;;;;;;;;;;;
2026/03/19;2000 UTC;;;;;;;;;;;;;;;;;;
2026/03/19;2100 UTC;;;;;;;;;;;;;;;;;;
2026/03/19;2200 UTC;;;;;;;;;;;;;;;;;;
2026/03/19;2300 UTC;;;;;;;;;;;;;;;;;;
2026/03/20;0000 UTC;;;;;;;;;;;;;;;;;;
2026/03/20;0100 UTC;;;;;;;;;;;;;;;;;;
2026/03/20;0200 UTC;;;;;;;;;;;;;;;;;;
2026/03/20;0300 UTC;;;;;;;;;;;;;;;;;;
2026/03/20;0400 UTC;;;;;;;;;;;;;;;;;;
2026/03/20;0500 UTC;;;;;;;;;;;;;;;;;;
2026/03/20;0600 UTC;;;;;;;;;;;;;;;;;;
2026/03/20;0700 UTC;;;;;;;;;;;;;;;;;;
2026/03/20;0800 UTC;;;;;;;;;;;;;;;;;;
2026/03/20;0900 UTC;;;;;;;;;;;;;;;;;;
2026/03/20;1000 UTC;;;;;;;;;;;;;;;;;;
2026/03/20;1100 UTC;;;;;;;;;;;;;;;;;;
2026/03/20;1200 UTC;;;;;;;;;;;;;;;;;;
2026/03/20;1300 UTC;;;;;;;;;;;;;;;;;;
2026/03/20;1400 UTC;;;;;;;;;;;;;;;;;;
2026/03/20;1500 UTC;;;;;;;;;;;;;;;;;;
2026/03/20;1600 UTC;;;;;;;;;;;;;;;;;;
2026/03/20;1700 UTC;;;;;;;;;;;;;;;;;;
2026/03/20;1800 UTC;;;;;;;;;;;;;;;;;;
2026/03/20;1900 UTC;;;;;;;;;;;;;;;;;;
2026/03/20;2000 UTC;;;;;;;;;;;;;;;;;;
2026/03/20;2100 UTC;;;;;;;;;;;;;;;;;;
2026/03/20;2200 UTC;;;;;;;;;;;;;;;;;;
2026/03/20;2300 UTC;;;;;;;;;;;;;;;;;;
2026/03/21;0000 UTC;;;;;;;;;;;;;;;;;;
2026/03/21;0100 UTC;;;;;;;;;;;;;;;;;;
2026/03/21;0200 UTC;;;;;;;;;;;;;;;;;;
2026/03/21;0300 UTC;;;;;;;;;;;;;;;;;;
2026/03/21;0400 UTC;;;;;;;;;;;;;;;;;;
2026/03/21;0500 UTC;;;;;;;;;;;;;;;;;;
2026/03/21;0600 UTC;;;;;;;;;;;;;;;;;;
2026/03/21;0700 UTC;;;;;;;;;;;;;;;;;;
2026/03/21;0800 UTC;;;;;;;;;;;;;;;;;;
2026/03/21;0900 UTC;;;;;;;;;;;;;;;;;;
2026/03/21;1000 UTC;;;;;;;;;;;;;;;;;;
2026/03/21;1100 UTC;;;;;;;;;;;;;;;;;;
2026/03/21;1200 UTC;;;;;;;;;;;;;;;;;;
2026/03/21;1300 UTC;;;;;;;;;;;;;;;;;;
2026/03/21;1400 UTC;;;;;;;;;;;;;;;;;;
2026/03/21;1500 UTC;;;;;;;;;;;;;;;;;;
2026/03/21;1600 UTC;;;;;;;;;;;;;;;;;;
2026/03/21;1700 UTC;;;;;;;;;;;;;;;;;;
2026/03/21;1800 UTC;;;;;;;;;;;;;;;;;;
2026/03/21;1900 UTC;;;;;;;;;;;;;;;;;;
2026/03/21;2000 UTC;;;;;;;;;;;;;;;;;;
2026/03/21;2100 UTC;;;;;;;;;;;;;;;;;;
2026/03/21;2200 UTC;;;;;;;;;;;;;;;;;;
2026/03/21;2300 UTC;;;;;;;;;;;;;;;;;;
2026/03/22;0000 UTC;;;;;;;;;;;;;;;;;;
2026/03/22;0100 UTC;;;;;;;;;;;;;;;;;;
2026/03/22;0200 UTC;;;;;;;;;;;;;;;;;;
2026/03/22;0300 UTC;;;;;;;;;;;;;;;;;;
2026/03/22;0400 UTC;;;;;;;;;;;;;;;;;;
2026/03/22;0500 UTC;;;;;;;;;;;;;;;;;;
2026/03/22;0600 UTC;;;;;;;;;;;;;;;;;;
2026/03/22;0700 UTC;;;;;;;;;;;;;;;;;;
2026/03/22;0800 UTC;;;;;;;;;;;;;;;;;;
2026/03/22;0900 UTC;;;;;;;;;;;;;;;;;;
2026/03/22;1000 UTC;;;;;;;;;;;;;;;;;;
2026/03/22;1100 UTC;;;;;;;;;;;;;;;;;;
2026/03/22;1200 UTC;;;;;;;;;;;;;;;;;;
2026/03/22;1300 UTC;;;;;;;;;;;;;;;;;;
2026/03/22;1400 UTC;;;;;;;;;;;;;;;;;;
2026/03/22;1500 UTC;;;;;;;;;;;;;;;;;;
2026/03/22;1600 UTC;;;;;;;;;;;;;;;;;;
2026/03/22;1700 UTC;;;;;;;;;;;;;;;;;;
2026/03/22;1800 UTC;;;;;;;;;;;;;;;;;;
2026/03/22;1900 UTC;;;;;;;;;;;;;;;;;;
2026/03/22;2000 UTC;;;;;;;;;;;;;;;;;;
2026/03/22;2100 UTC;;;;;;;;;;;;;;;;;;
2026/03/22;2200 UTC;;;;;;;;;;;;;;;;;;
2026/03/22;2300 UTC;;;;;;;;;;;;;;;;;;
2026/03/23;0000 UTC;;;;;;;;;;;;;;;;;;
2026/03/23;0100 UTC;;;;;;;;;;;;;;;;;;
2026/03/23;0200 UTC;;;;;;;;;;;;;;;;;;
2026/03/23;0300 UTC;;;;;;;;;;;;;;;;;;
2026/03/23;0400 UTC;;;;;;;;;;;;;;;;;;
2026/03/23;0500 UTC;;;;;;;;;;;;;;;;;;
2026/03/23;0600 UTC;;;;;;;;;;;;;;;;;;
2026/03/23;0700 UTC;;;;;;;;;;;;;;;;;;
2026/03/23;0800 UTC;;;;;;;;;;;;;;;;;;
2026/03/23;0900 UTC;;;;;;;;;;;;;;;;;;
2026/03/23;1000 UTC;;;;;;;;;;;;;;;;;;
2026/03/23;1100 UTC;;;;;;;;;;;;;;;;;;
2026/03/23;1200 UTC;;;;;;;;;;;;;;;;;;
2026/03/23;1300 UTC;;;;;;;;;;;;;;;;;;
2026/03/23;1400 UTC;;;;;;;;;;;;;;;;;;
2026/03/23;1500 UTC;;;;;;;;;;;;;;;;;;
2026/03/23;1600 UTC;;;;;;;;;;;;;;;;;;
2026/03/23;1700 UTC;;;;;;;;;;;;;;;;;;
2026/03/23;1800 UTC;;;;;;;;;;;;;;;;;;
2026/03/23;1900 UTC;;;;;;;;;;;;;;;;;;
2026/03/23;2000 UTC;;;;;;;;;;;;;;;;;;
2026/03/23;2100 UTC;;;;;;;;;;;;;;;;;;
2026/03/23;2200 UTC;;;;;;;;;;;;;;;;;;
2026/03/23;2300 UTC;;;;;;;;;;;;;;;;;;
2026/03/24;0000 UTC;;;;;;;;;;;;;;;;;;
2026/03/24;0100 UTC;;;;;;;;;;;;;;;;;;
2026/03/24;0200 UTC;;;;;;;;;;;;;;;;;;
2026/03/24;0300 UTC;;;;;;;;;;;;;;;;;;
2026/03/24;0400 UTC;;;;;;;;;;;;;;;;;;
2026/03/24;0500 UTC;;;;;;;;;;;;;;;;;;
2026/03/24;0600 UTC;;;;;;;;;;;;;;;;;;
2026/03/24;0700 UTC;;;;;;;;;;;;;;;;;;
2026/03/24;0800 UTC;;;;;;;;;;;;;;;;;;
2026/03/24;0900 UTC;;;;;;;;;;;;;;;;;;
2026/03/24;1000 UTC;;;;;;;;;;;;;;;;;;
2026/03/24;1100 UTC;;;;;;;;;;;;;;;;;;
2026/03/24;1200 UTC;;;;;;;;;;;;;;;;;;
2026/03/24;1300 UTC;;;;;;;;;;;;;;;;;;
2026/03/24;1400 UTC;;;;;;;;;;;;;;;;;;
2026/03/24;1500 UTC;;;;;;;;;;;;;;;;;;
2026/03/24;1600 UTC;;;;;;;;;;;;;;;;;;
2026/03/24;1700 UTC;;;;;;;;;;;;;;;;;;
2026/03/24;1800 UTC;;;;;;;;;;;;;;;;;;
2026/03/24;1900 UTC;;;;;;;;;;;;;;;;;;
2026/03/24;2000 UTC;;;;;;;;;;;;;;;;;;
2026/03/24;2100 UTC;;;;;;;;;;;;;;;;;;
2026/03/24;2200 UTC;;;;;;;;;;;;;;;;;;
2026/03/24;2300 UTC;;;;;;;;;;;;;;;;;;
2026/03/25;0000 UTC;;;;;;;;;;;;;;;;;;
2026/03/25;0100 UTC;;;;;;;;;;;;;;;;;;
2026/03/25;0200 UTC;;;;;;;;;;;;;;;;;;
2026/03/25;0300 UTC;;;;;;;;;;;;;;;;;;
2026/03/25;0400 UTC;;;;;;;;;;;;;;;;;;
2026/03/25;0500 UTC;;;;;;;;;;;;;;;;;;
2026/03/25;0600 UTC;;;;;;;;;;;;;;;;;;
2026/03/25;0700 UTC;;;;;;;;;;;;;;;;;;
2026/03/25;0800 UTC;;;;;;;;;;;;;;;;;;
2026/03/25;0900 UTC;;;;;;;;;;;;;;;;;;
2026/03/25;1000 UTC;;;;;;;;;;;;;;;;;;
2026/03/25;1100 UTC;;;;;;;;;;;;;;;;;;
2026/03/25;1200 UTC;;;;;;;;;;;;;;;;;;
2026/03/25;1300 UTC;;;;;;;;;;;;;;;;;;
2026/03/25;1400 UTC;;;;;;;;;;;;;;;;;;
2026/03/25;1500 UTC;;;;;;;;;;;;;;;;;;
2026/03/25;1600 UTC;;;;;;;;;;;;;;;;;;
2026/03/25;1700 UTC;;;;;;;;;;;;;;;;;;
2026/03/25;1800 UTC;;;;;;;;;;;;;;;;;;
2026/03/25;1900 UTC;;;;;;;;;;;;;;;;;;
2026/03/25;2000 UTC;;;;;;;;;;;;;;;;;;
2026/03/25;2100 UTC;;;;;;;;;;;;;;;;;;
2026/03/25;2200 UTC;;;;;;;;;;;;;;;;;;
2026/03/25;2300 UTC;;;;;;;;;;;;;;;;;;
2026/03/26;0000 UTC;;;;;;;;;;;;;;;;;;
2026/03/26;0100 UTC;;;;;;;;;;;;;;;;;;
2026/03/26;0200 UTC;;;;;;;;;;;;;;;;;;
2026/03/26;0300 UTC;;;;;;;;;;;;;;;;;;
2026/03/26;0400 UTC;;;;;;;;;;;;;;;;;;
2026/03/26;0500 UTC;;;;;;;;;;;;;;;;;;
2026/03/26;0600 UTC;;;;;;;;;;;;;;;;;;
2026/03/26;0700 UTC;;;;;;;;;;;;;;;;;;
2026/03/26;0800 UTC;;;;;;;;;;;;;;;;;;
2026/03/26;0900 UTC;;;;;;;;;;;;;;;;;;
2026/03/26;1000 UTC;;;;;;;;;;;;;;;;;;
2026/03/26;1100 UTC;;;;;;;;;;;;;;;;;;
2026/03/26;1200 UTC;;;;;;;;;;;;;;;;;;
2026/03/26;1300 UTC;;;;;;;;;;;;;;;;;;
2026/03/26;1400 UTC;;;;;;;;;;;;;;;;;;
2026/03/26;1500 UTC;;;;;;;;;;;;;;;;;;
2026/03/26;1600 UTC;;;;;;;;;;;;;;;;;;
2026/03/26;1700 UTC;;;;;;;;;;;;;;;;;;
2026/03/26;1800 UTC;;;;;;;;;;;;;;;;;;
2026/03/26;1900 UTC;;;;;;;;;;;;;;;;;;
2026/03/26;2000 UTC;;;;;;;;;;;;;;;;;;
2026/03/26;2100 UTC;;;;;;;;;;;;;;;;;;
2026/03/26;2200 UTC;;;;;;;;;;;;;;;;;;
2026/03/26;2300 UTC;;;;;;;;;;;;;;;;;;
2026/03/27;0000 UTC;;;;;;;;;;;;;;;;;;
2026/03/27;0100 UTC;;;;;;;;;;;;;;;;;;
2026/03/27;0200 UTC;;;;;;;;;;;;;;;;;;
2026/03/27;0300 UTC;;;;;;;;;;;;;;;;;;
2026/03/27;0400 UTC;;;;;;;;;;;;;;;;;;
2026/03/27;0500 UTC;;;;;;;;;;;;;;;;;;
2026/03/27;0600 UTC;;;;;;;;;;;;;;;;;;
2026/03/27;0700 UTC;;;;;;;;;;;;;;;;;;
2026/03/27;0800 UTC;;;;;;;;;;;;;;;;;;
2026/03/27;0900 UTC;;;;;;;;;;;;;;;;;;
2026/03/27;1000 UTC;;;;;;;;;;;;;;;;;;
2026/03/27;1100 UTC;;;;;;;;;;;;;;;;;;
2026/03/27;1200 UTC;;;;;;;;;;;;;;;;;;
2026/03/27;1300 UTC;;;;;;;;;;;;;;;;;;
2026/03/27;1400 UTC;;;;;;;;;;;;;;;;;;
2026/03/27;1500 UTC;;;;;;;;;;;;;;;;;;
2026/03/27;1600 UTC;;;;;;;;;;;;;;;;;;
2026/03/27;1700 UTC;;;;;;;;;;;;;;;;;;
2026/03/27;1800 UTC;;;;;;;;;;;;;;;;;;
2026/03/27;1900 UTC;;;;;;;;;;;;;;;;;;
2026/03/27;2000 UTC;;;;;;;;;;;;;;;;;;
2026/03/27;2100 UTC;;;;;;;;;;;;;;;;;;
2026/03/27;2200 UTC;;;;;;;;;;;;;;;;;;
2026/03/27;2300 UTC;;;;;;;;;;;;;;;;;;
2026/03/28;0000 UTC;;;;;;;;;;;;;;;;;;
2026/03/28;0100 UTC;;;;;;;;;;;;;;;;;;
2026/03/28;0200 UTC;;;;;;;;;;;;;;;;;;
2026/03/28;0300 UTC;;;;;;;;;;;;;;;;;;
2026/03/28;0400 UTC;;;;;;;;;;;;;;;;;;
2026/03/28;0500 UTC;;;;;;;;;;;;;;;;;;
2026/03/28;0600 UTC;;;;;;;;;;;;;;;;;;
2026/03/28;0700 UTC;;;;;;;;;;;;;;;;;;
2026/03/28;0800 UTC;;;;;;;;;;;;;;;;;;
2026/03/28;0900 UTC;;;;;;;;;;;;;;;;;;
2026/03/28;1000 UTC;;;;;;;;;;;;;;;;;;
2026/03/28;1100 UTC;;;;;;;;;;;;;;;;;;
2026/03/28;1200 UTC;;;;;;;;;;;;;;;;;;
2026/03/28;1300 UTC;;;;;;;;;;;;;;;;;;
2026/03/28;1400 UTC;;;;;;;;;;;;;;;;;;
2026/03/28;1500 UTC;;;;;;;;;;;;;;;;;;
2026/03/28;1600 UTC;;;;;;;;;;;;;;;;;;
2026/03/28;1700 UTC;;;;;;;;;;;;;;;;;;
2026/03/28;1800 UTC;;;;;;;;;;;;;;;;;;
2026/03/28;1900 UTC;;;;;;;;;;;;;;;;;;
2026/03/28;2000 UTC;;;;;;;;;;;;;;;;;;
2026/03/28;2100 UTC;;;;;;;;;;;;;;;;;;
2026/03/28;2200 UTC;;;;;;;;;;;;;;;;;;
2026/03/28;2300 UTC;;;;;;;;;;;;;;;;;;
2026/03/29;0000 UTC;;;;;;;;;;;;;;;;;;
2026/03/29;0100 UTC;;;;;;;;;;;;;;;;;;
2026/03/29;0200 UTC;;;;;;;;;;;;;;;;;;
2026/03/29;0300 UTC;;;;;;;;;;;;;;;;;;
2026/03/29;0400 UTC;;;;;;;;;;;;;;;;;;
2026/03/29;0500 UTC;;;;;;;;;;;;;;;;;;
2026/03/29;0600 UTC;;;;;;;;;;;;;;;;;;
2026/03/29;0700 UTC;;;;;;;;;;;;;;;;;;
2026/03/29;0800 UTC;;;;;;;;;;;;;;;;;;
2026/03/29;0900 UTC;;;;;;;;;;;;;;;;;;
2026/03/29;1000 UTC;;;;;;;;;;;;;;;;;;
2026/03/29;1100 UTC;;;;;;;;;;;;;;;;;;
2026/03/29;1200 UTC;;;;;;;;;;;;;;;;;;
2026/03/29;1300 UTC;;;;;;;;;;;;;;;;;;
2026/03/29;1400 UTC;;;;;;;;;;;;;;;;;;
2026/03/29;1500 UTC;;;;;;;;;;;;;;;;;;
2026/03/29;1600 UTC;;;;;;;;;;;;;;;;;;
2026/03/29;1700 UTC;;;;;;;;;;;;;;;;;;
2026/03/29;1800 UTC;;;;;;;;;;;;;;;;;;
2026/03/29;1900 UTC;;;;;;;;;;;;;;;;;;
2026/03/29;2000 UTC;;;;;;;;;;;;;;;;;;
2026/03/29;2100 UTC;;;;;;;;;;;;;;;;;;
2026/03/29;2200 UTC;;;;;;;;;;;;;;;;;;
2026/03/29;2300 UTC;;;;;;;;;;;;;;;;;;
2026/03/30;0000 UTC;;;;;;;;;;;;;;;;;;
2026/03/30;0100 UTC;;;;;;;;;;;;;;;;;;
2026/03/30;0200 UTC;;;;;;;;;;;;;;;;;;
2026/03/30;0300 UTC;;;;;;;;;;;;;;;;;;
2026/03/30;0400 UTC;;;;;;;;;;;;;;;;;;
2026/03/30;0500 UTC;;;;;;;;;;;;;;;;;;
2026/03/30;0600 UTC;;;;;;;;;;;;;;;;;;
2026/03/30;0700 UTC;;;;;;;;;;;;;;;;;;
2026/03/30;0800 UTC;;;;;;;;;;;;;;;;;;
2026/03/30;0900 UTC;;;;;;;;;;;;;;;;;;
2026/03/30;1000 UTC;;;;;;;;;;;;;;;;;;
2026/03/30;1100 UTC;;;;;;;;;;;;;;;;;;
2026/03/30;1200 UTC;;;;;;;;;;;;;;;;;;
2026/03/30;1300 UTC;;;;;;;;;;;;;;;;;;
2026/03/30;1400 UTC;;;;;;;;;;;;;;;;;;
2026/03/30;1500 UTC;;;;;;;;;;;;;;;;;;
2026/03/30;1600 UTC;;;;;;;;;;;;;;;;;;
2026/03/30;1700 UTC;;;;;;;;;;;;;;;;;;
2026/03/30;1800 UTC;;;;;;;;;;;;;;;;;;
2026/03/30;1900 UTC;;;;;;;;;;;;;;;;;;
2026/03/30;2000 UTC;;;;;;;;;;;;;;;;;;
2026/03/30;2100 UTC;;;;;;;;;;;;;;;;;;
2026/03/30;2200 UTC;;;;;;;;;;;;;;;;;;
2026/03/30;2300 UTC;;;;;;;;;;;;;;;;;;
2026/03/31;0000 UTC;;;;;;;;;;;;;;;;;;
2026/03/31;0100 UTC;;;;;;;;;;;;;;;;;;
2026/03/31;0200 UTC;;;;;;;;;;;;;;;;;;
2026/03/31;0300 UTC;;;;;;;;;;;;;;;;;;
2026/03/31;0400 UTC;;;;;;;;;;;;;;;;;;
2026/03/31;0500 UTC;;;;;;;;;;;;;;;;;;
2026/03/31;0600 UTC;;;;;;;;;;;;;;;;;;
2026/03/31;0700 UTC;;;;;;;;;;;;;;;;;;
2026/03/31;0800 UTC;;;;;;;;;;;;;;;;;;
2026/03/31;0900 UTC;;;;;;;;;;;;;;;;;;
2026/03/31;1000 UTC;;;;;;;;;;;;;;;;;;
2026/03/31;1100 UTC;;;;;;;;;;;;;;;;;;
2026/03/31;1200 UTC;;;;;;;;;;;;;;;;;;
2026/03/31;1300 UTC;;;;;;;;;;;;;;;;;;
2026/03/31;1400 UTC;;;;;;;;;;;;;;;;;;
2026/03/31;1500 UTC;;;;;;;;;;;;;;;;;;
2026/03/31;1600 UTC;;;;;;;;;;;;;;;;;;
2026/03/31;1700 UTC;;;;;;;;;;;;;;;;;;
2026/03/31;1800 UTC;;;;;;;;;;;;;;;;;;
2026/03/31;1900 UTC;;;;;;;;;;;;;;;;;;
2026/03/31;2000 UTC;;;;;;;;;;;;;;;;;;
2026/03/31;2100 UTC;;;;;;;;;;;;;;;;;;
2026/03/31;2200 UTC;;;;;;;;;;;;;;;;;;
2026/03/31;2300 UTC;;;;;;;;;;;;;;;;;;
2026/04/01;0000 UTC;;;;;;;;;;;;;;;;;;
2026/04/01;0100 UTC;;;;;;;;;;;;;;;;;;
2026/04/01;0200 UTC;;;;;;;;;;;;;;;;;;
2026/04/01;0300 UTC;;;;;;;;;;;;;;;;;;
2026/04/01;0400 UTC;;;;;;;;;;;;;;;;;;
2026/04/01;0500 UTC;;;;;;;;;;;;;;;;;;
2026/04/01;0600 UTC;;;;;;;;;;;;;;;;;;
2026/04/01;0700 UTC;;;;;;;;;;;;;;;;;;
2026/04/01;0800 UTC;;;;;;;;;;;;;;;;;;
2026/04/01;0900 UTC;;;;;;;;;;;;;;;;;;
2026/04/01;1000 UTC;;;;;;;;;;;;;;;;;;
2026/04/01;1100 UTC;;;;;;;;;;;;;;;;;;
2026/04/01;1200 UTC;;;;;;;;;;;;;;;;;;
2026/04/01;1300 UTC;;;;;;;;;;;;;;;;;;
2026/04/01;1400 UTC;;;;;;;;;;;;;;;;;;
2026/04/01;1500 UTC;;;;;;;;;;;;;;;;;;
2026/04/01;1600 UTC;;;;;;;;;;;;;;;;;;
2026/04/01;1700 UTC;;;;;;;;;;;;;;;;;;
2026/04/01;1800 UTC;;;;;;;;;;;;;;;;;;
2026/04/01;1900 UTC;;;;;;;;;;;;;;;;;;
2026/04/01;2000 UTC;;;;;;;;;;;;;;;;;;
2026/04/01;2100 UTC;;;;;;;;;;;;;;;;;;
2026/04/01;2200 UTC;;;;;;;;;;;;;;;;;;
2026/04/01;2300 UTC;;;;;;;;;;;;;;;;;;
2026/04/02;0000 UTC;;;;;;;;;;;;;;;;;;
2026/04/02;0100 UTC;;;;;;;;;;;;;;;;;;
2026/04/02;0200 UTC;;;;;;;;;;;;;;;;;;
2026/04/02;0300 UTC;;;;;;;;;;;;;;;;;;
2026/04/02;0400 UTC;;;;;;;;;;;;;;;;;;
2026/04/02;0500 UTC;;;;;;;;;;;;;;;;;;
2026/04/02;0600 UTC;;;;;;;;;;;;;;;;;;
2026/04/02;0700 UTC;;;;;;;;;;;;;;;;;;
2026/04/02;0800 UTC;;;;;;;;;;;;;;;;;;
2026/04/02;0900 UTC;;;;;;;;;;;;;;;;;;
2026/04/02;1000 UTC;;;;;;;;;;;;;;;;;;
2026/04/02;1100 UTC;;;;;;;;;;;;;;;;;;
2026/04/02;1200 UTC;;;;;;;;;;;;;;;;;;
2026/04/02;1300 UTC;;;;;;;;;;;;;;;;;;
2026/04/02;1400 UTC;;;;;;;;;;;;;;;;;;
2026/04/02;1500 UTC;;;;;;;;;;;;;;;;;;
2026/04/02;1600 UTC;;;;;;;;;;;;;;;;;;
2026/04/02;1700 UTC;;;;;;;;;;;;;;;;;;
2026/04/02;1800 UTC;;;;;;;;;;;;;;;;;;
2026/04/02;1900 UTC;;;;;;;;;;;;;;;;;;
2026/04/02;2000 UTC;;;;;;;;;;;;;;;;;;
2026/04/02;2100 UTC;;;;;;;;;;;;;;;;;;
2026/04/02;2200 UTC;;;;;;;;;;;;;;;;;;
2026/04/02;2300 UTC;;;;;;;;;;;;;;;;;;
2026/04/03;0000 UTC;;;;;;;;;;;;;;;;;;
2026/04/03;0100 UTC;;;;;;;;;;;;;;;;;;
2026/04/03;0200 UTC;;;;;;;;;;;;;;;;;;
2026/04/03;0300 UTC;;;;;;;;;;;;;;;;;;
2026/04/03;0400 UTC;;;;;;;;;;;;;;;;;;
2026/04/03;0500 UTC;;;;;;;;;;;;;;;;;;
2026/04/03;0600 UTC;;;;;;;;;;;;;;;;;;
2026/04/03;0700 UTC;;;;;;;;;;;;;;;;;;
2026/04/03;0800 UTC;;;;;;;;;;;;;;;;;;
2026/04/03;0900 UTC;;;;;;;;;;;;;;;;;;
2026/04/03;1000 UTC;;;;;;;;;;;;;;;;;;
2026/04/03;1100 UTC;;;;;;;;;;;;;;;;;;
2026/04/03;1200 UTC;;;;;;;;;;;;;;;;;;
2026/04/03;1300 UTC;;;;;;;;;;;;;;;;;;
2026/04/03;1400 UTC;;;;;;;;;;;;;;;;;;
2026/04/03;1500 UTC;;;;;;;;;;;;;;;;;;
2026/04/03;1600 UTC;;;;;;;;;;;;;;;;;;
2026/04/03;1700 UTC;;;;;;;;;;;;;;;;;;
2026/04/03;1800 UTC;;;;;;;;;;;;;;;;;;
2026/04/03;1900 UTC;;;;;;;;;;;;;;;;;;
2026/04/03;2000 UTC;;;;;;;;;;;;;;;;;;
2026/04/03;2100 UTC;;;;;;;;;;;;;;;;;;
2026/04/03;2200 UTC;;;;;;;;;;;;;;;;;;
2026/04/03;2300 UTC;;;;;;;;;;;;;;;;;;
2026/04/04;0000 UTC;;;;;;;;;;;;;;;;;;
2026/04/04;0100 UTC;;;;;;;;;;;;;;;;;;
2026/04/04;0200 UTC;;;;;;;;;;;;;;;;;;
2026/04/04;0300 UTC;;;;;;;;;;;;;;;;;;
2026/04/04;0400 UTC;;;;;;;;;;;;;;;;;;
2026/04/04;0500 UTC;;;;;;;;;;;;;;;;;;
2026/04/04;0600 UTC;;;;;;;;;;;;;;;;;;
2026/04/04;0700 UTC;;;;;;;;;;;;;;;;;;
2026/04/04;0800 UTC;;;;;;;;;;;;;;;;;;
2026/04/04;0900 UTC;;;;;;;;;;;;;;;;;;
2026/04/04;1000 UTC;;;;;;;;;;;;;;;;;;
2026/04/04;1100 UTC;;;;;;;;;;;;;;;;;;
2026/04/04;1200 UTC;;;;;;;;;;;;;;;;;;
2026/04/04;1300 UTC;;;;;;;;;;;;;;;;;;
2026/04/04;1400 UTC;;;;;;;;;;;;;;;;;;
2026/04/04;1500 UTC;;;;;;;;;;;;;;;;;;
2026/04/04;1600 UTC;;;;;;;;;;;;;;;;;;
2026/04/04;1700 UTC;;;;;;;;;;;;;;;;;;
2026/04/04;1800 UTC;;;;;;;;;;;;;;;;;;
2026/04/04;1900 UTC;;;;;;;;;;;;;;;;;;
2026/04/04;2000 UTC;;;;;;;;;;;;;;;;;;
2026/04/04;2100 UTC;;;;;;;;;;;;;;;;;;
2026/04/04;2200 UTC;;;;;;;;;;;;;;;;;;
2026/04/04;2300 UTC;;;;;;;;;;;;;;;;;;
2026/04/05;0000 UTC;;;;;;;;;;;;;;;;;;
2026/04/05;0100 UTC;;;;;;;;;;;;;;;;;;
2026/04/05;0200 UTC;;;;;;;;;;;;;;;;;;
2026/04/05;0300 UTC;;;;;;;;;;;;;;;;;;
2026/04/05;0400 UTC;;;;;;;;;;;;;;;;;;
2026/04/05;0500 UTC;;;;;;;;;;;;;;;;;;
2026/04/05;0600 UTC;;;;;;;;;;;;;;;;;;
2026/04/05;0700 UTC;;;;;;;;;;;;;;;;;;
2026/04/05;0800 UTC;;;;;;;;;;;;;;;;;;
2026/04/05;0900 UTC;;;;;;;;;;;;;;;;;;
2026/04/05;1000 UTC;;;;;;;;;;;;;;;;;;
2026/04/05;1100 UTC;;;;;;;;;;;;;;;;;;
2026/04/05;1200 UTC;;;;;;;;;;;;;;;;;;
2026/04/05;1300 UTC;;;;;;;;;;;;;;;;;;
2026/04/05;1400 UTC;;;;;;;;;;;;;;;;;;
2026/04/05;1500 UTC;;;;;;;;;;;;;;;;;;
2026/04/05;1600 UTC;;;;;;;;;;;;;;;;;;
2026/04/05;1700 UTC;;;;;;;;;;;;;;;;;;
2026/04/05;1800 UTC;;;;;;;;;;;;;;;;;;
2026/04/05;1900 UTC;;;;;;;;;;;;;;;;;;
2026/04/05;2000 UTC;0;1011,8;1011,8;1011,6;379;27,7;24,4;28,8;27,7;25,8;24,3;85;81;82;104;5,8;1,5;
2026/04/05;2100 UTC;;;;;;;;;;;;;;;;;;
2026/04/05;2200 UTC;;;;;;;;;;;;;;;;;;
2026/04/05;2300 UTC;;;;;;;;;;;;;;;;;;
2026/04/06;0000 UTC;;;;;;;;;;;;;;;;;;
2026/04/06;0100 UTC;;;;;;;;;;;;;;;;;;
2026/04/06;0200 UTC;;;;;;;;;;;;;;;;;;
2026/04/06;0300 UTC;;;;;;;;;;;;;;;;;;
2026/04/06;0400 UTC;;;;;;;;;;;;;;;;;;
2026/04/06;0500 UTC;;;;;;;;;;;;;;;;;;
2026/04/06;0600 UTC;;;;;;;;;;;;;;;;;;
2026/04/06;0700 UTC;;;;;;;;;;;;;;;;;;
2026/04/06;0800 UTC;;;;;;;;;;;;;;;;;;
2026/04/06;0900 UTC;;;;;;;;;;;;;;;;;;
2026/04/06;1000 UTC;;;;;;;;;;;;;;;;;;
2026/04/06;1100 UTC;;;;;;;;;;;;;;;;;;
2026/04/06;1200 UTC;;;;;;;;;;;;;;;;;;
2026/04/06;1300 UTC;;;;;;;;;;;;;;;;;;
2026/04/06;1400 UTC;;;;;;;;;;;;;;;;;;
2026/04/06;1500 UTC;;;;;;;;;;;;;;;;;;
2026/04/06;1600 UTC;;;;;;;;;;;;;;;;;;
2026/04/06;1700 UTC;;;;;;;;;;;;;;;;;;
2026/04/06;1800 UTC;;;;;;;;;;;;;;;;;;
2026/04/06;1900 UTC;;;;;;;;;;;;;;;;;;
2026/04/06;2000 UTC;;;;;;;;;;;;;;;;;;
2026/04/06;2100 UTC;;;;;;;;;;;;;;;;;;
2026/04/06;2200 UTC;;;;;;;;;;;;;;;;;;
2026/04/06;2300 UTC;;;;;;;;;;;;;;;;;;
2026/04/07;0000 UTC;;;;;;;;;;;;;;;;;;
2026/04/07;0100 UTC;;;;;;;;;;;;;;;;;;
2026/04/07;0200 UTC;;;;;;;;;;;;;;;;;;
2026/04/07;0300 UTC;;;;;;;;;;;;;;;;;;
2026/04/07;0400 UTC;;;;;;;;;;;;;;;;;;
2026/04/07;0500 UTC;;;;;;;;;;;;;;;;;;
2026/04/07;0600 UTC;;;;;;;;;;;;;;;;;;
2026/04/07;0700 UTC;;;;;;;;;;;;;;;;;;
2026/04/07;0800 UTC;;;;;;;;;;;;;;;;;;
2026/04/07;0900 UTC;;;;;;;;;;;;;;;;;;
2026/04/07;1000 UTC;;;;;;;;;;;;;;;;;;
2026/04/07;1100 UTC;;;;;;;;;;;;;;;;;;
2026/04/07;1200 UTC;;;;;;;;;;;;;;;;;;
2026/04/07;1300 UTC;;;;;;;;;;;;;;;;;;
2026/04/07;1400 UTC;;;;;;;;;;;;;;;;;;
2026/04/07;1500 UTC;;;;;;;;;;;;;;;;;;
2026/04/07;1600 UTC;;;;;;;;;;;;;;;;;;
2026/04/07;1700 UTC;;;;;;;;;;;;;;;;;;
2026/04/07;1800 UTC;;;;;;;;;;;;;;;;;;
2026/04/07;1900 UTC;;;;;;;;;;;;;;;;;;
2026/04/07;2000 UTC;;;;;;;;;;;;;;;;;;
2026/04/07;2100 UTC;;;;;;;;;;;;;;;;;;
2026/04/07;2200 UTC;;;;;;;;;;;;;;;;;;
2026/04/07;2300 UTC;;;;;;;;;;;;;;;;;;
2026/04/08;0000 UTC;;;;;;;;;;;;;;;;;;
2026/04/08;0100 UTC;;;;;;;;;;;;;;;;;;
2026/04/08;0200 UTC;;;;;;;;;;;;;;;;;;
2026/04/08;0300 UTC;;;;;;;;;;;;;;;;;;
2026/04/08;0400 UTC;;;;;;;;;;;;;;;;;;
2026/04/08;0500 UTC;;;;;;;;;;;;;;;;;;
2026/04/08;0600 UTC;;;;;;;;;;;;;;;;;;
2026/04/08;0700 UTC;;;;;;;;;;;;;;;;;;
2026/04/08;0800 UTC;;;;;;;;;;;;;;;;;;
2026/04/08;0900 UTC;;;;;;;;;;;;;;;;;;
2026/04/08;1000 UTC;;;;;;;;;;;;;;;;;;
2026/04/08;1100 UTC;;;;;;;;;;;;;;;;;;
2026/04/08;1200 UTC;;;;;;;;;;;;;;;;;;
2026/04/08;1300 UTC;;;;;;;;;;;;;;;;;;
2026/04/08;1400 UTC;;;;;;;;;;;;;;;;;;
2026/04/08;1500 UTC;;;;;;;;;;;;;;;;;;
2026/04/08;1600 UTC;;;;;;;;;;;;;;;;;;
2026/04/08;1700 UTC;;;;;;;;;;;;;;;;;;
2026/04/08;1800 UTC;;;;;;;;;;;;;;;;;;
2026/04/08;1900 UTC;;;;;;;;;;;;;;;;;;
2026/04/08;2000 UTC;;;;;;;;;;;;;;;;;;
2026/04/08;2100 UTC;;;;;;;;;;;;;;;;;;
2026/04/08;2200 UTC;;;;;;;;;;;;;;;;;;
2026/04/08;2300 UTC;;;;;;;;;;;;;;;;;;
2026/04/09;0000 UTC;;;;;;;;;;;;;;;;;;
2026/04/09;0100 UTC;;;;;;;;;;;;;;;;;;
2026/04/09;0200 UTC;;;;;;;;;;;;;;;;;;
2026/04/09;0300 UTC;;;;;;;;;;;;;;;;;;
2026/04/09;0400 UTC;;;;;;;;;;;;;;;;;;
2026/04/09;0500 UTC;;;;;;;;;;;;;;;;;;
2026/04/09;0600 UTC;;;;;;;;;;;;;;;;;;
2026/04/09;0700 UTC;;;;;;;;;;;;;;;;;;
2026/04/09;0800 UTC;;;;;;;;;;;;;;;;;;
2026/04/09;0900 UTC;;;;;;;;;;;;;;;;;;
2026/04/09;1000 UTC;;;;;;;;;;;;;;;;;;
2026/04/09;1100 UTC;;;;;;;;;;;;;;;;;;
2026/04/09;1200 UTC;;;;;;;;;;;;;;;;;;
2026/04/09;1300 UTC;;;;;;;;;;;;;;;;;;
2026/04/09;1400 UTC;;;;;;;;;;;;;;;;;;
2026/04/09;1500 UTC;;;;;;;;;;;;;;;;;;
2026/04/09;1600 UTC;;;;;;;;;;;;;;;;;;
2026/04/09;1700 UTC;;;;;;;;;;;;;;;;;;
2026/04/09;1800 UTC;;;;;;;;;;;;;;;;;;
2026/04/09;1900 UTC;;;;;;;;;;;;;;;;;;
2026/04/09;2000 UTC;;;;;;;;;;;;;;;;;;
2026/04/09;2100 UTC;;;;;;;;;;;;;;;;;;
2026/04/09;2200 UTC;;;;;;;;;;;;;;;;;;
2026/04/09;2300 UTC;;;;;;;;;;;;;;;;;;
2026/04/10;0000 UTC;;;;;;;;;;;;;;;;;;
2026/04/10;0100 UTC;;;;;;;;;;;;;;;;;;
2026/04/10;0200 UTC;;;;;;;;;;;;;;;;;;
2026/04/10;0300 UTC;;;;;;;;;;;;;;;;;;
2026/04/10;0400 UTC;;;;;;;;;;;;;;;;;;
2026/04/10;0500 UTC;;;;;;;;;;;;;;;;;;
2026/04/10;0600 UTC;;;;;;;;;;;;;;;;;;
2026/04/10;0700 UTC;;;;;;;;;;;;;;;;;;
2026/04/10;0800 UTC;;;;;;;;;;;;;;;;;;
2026/04/10;0900 UTC;;;;;;;;;;;;;;;;;;
2026/04/10;1000 UTC;;;;;;;;;;;;;;;;;;
2026/04/10;1100 UTC;;;;;;;;;;;;;;;;;;
2026/04/10;1200 UTC;;;;;;;;;;;;;;;;;;
2026/04/10;1300 UTC;;;;;;;;;;;;;;;;;;
2026/04/10;1400 UTC;;;;;;;;;;;;;;;;;;
2026/04/10;1500 UTC;;;;;;;;;;;;;;;;;;
2026/04/10;1600 UTC;;;;;;;;;;;;;;;;;;
2026/04/10;1700 UTC;;;;;;;;;;;;;;;;;;
2026/04/10;1800 UTC;;;;;;;;;;;;;;;;;;
2026/04/10;1900 UTC;;;;;;;;;;;;;;;;;;
2026/04/10;2000 UTC;;;;;;;;;;;;;;;;;;
2026/04/10;2100 UTC;;;;;;;;;;;;;;;;;;
2026/04/10;2200 UTC;;;;;;;;;;;;;;;;;;
2026/04/10;2300 UTC;;;;;;;;;;;;;;;;;;
2026/04/11;0000 UTC;;;;;;;;;;;;;;;;;;
2026/04/11;0100 UTC;;;;;;;;;;;;;;;;;;
2026/04/11;0200 UTC;;;;;;;;;;;;;;;;;;
2026/04/11;0300 UTC;;;;;;;;;;;;;;;;;;
2026/04/11;0400 UTC;;;;;;;;;;;;;;;;;;
2026/04/11;0500 UTC;;;;;;;;;;;;;;;;;;
2026/04/11;0600 UTC;;;;;;;;;;;;;;;;;;
2026/04/11;0700 UTC;;;;;;;;;;;;;;;;;;
2026/04/11;0800 UTC;;;;;;;;;;;;;;;;;;
2026/04/11;0900 UTC;;;;;;;;;;;;;;;;;;
2026/04/11;1000 UTC;;;;;;;;;;;;;;;;;;
2026/04/11;1100 UTC;;;;;;;;;;;;;;;;;;
2026/04/11;1200 UTC;;;;;;;;;;;;;;;;;;
2026/04/11;1300 UTC;;;;;;;;;;;;;;;;;;
2026/04/11;1400 UTC;;;;;;;;;;;;;;;;;;
2026/04/11;1500 UTC;;;;;;;;;;;;;;;;;;
2026/04/11;1600 UTC;;;;;;;;;;;;;;;;;;
2026/04/11;1700 UTC;;;;;;;;;;;;;;;;;;
2026/04/11;1800 UTC;;;;;;;;;;;;;;;;;;
2026/04/11;1900 UTC;;;;;;;;;;;;;;;;;;
2026/04/11;2000 UTC;;;;;;;;;;;;;;;;;;
2026/04/11;2100 UTC;;;;;;;;;;;;;;;;;;
2026/04/11;2200 UTC;;;;;;;;;;;;;;;;;;
2026/04/11;2300 UTC;;;;;;;;;;;;;;;;;;
2026/04/12;0000 UTC;;;;;;;;;;;;;;;;;;
2026/04/12;0100 UTC;;;;;;;;;;;;;;;;;;
2026/04/12;0200 UTC;;;;;;;;;;;;;;;;;;
2026/04/12;0300 UTC;;;;;;;;;;;;;;;;;;
2026/04/12;0400 UTC;;;;;;;;;;;;;;;;;;
2026/04/12;0500 UTC;;;;;;;;;;;;;;;;;;
2026/04/12;0600 UTC;;;;;;;;;;;;;;;;;;
2026/04/12;0700 UTC;;;;;;;;;;;;;;;;;;
2026/04/12;0800 UTC;;;;;;;;;;;;;;;;;;
2026/04/12;0900 UTC;;;;;;;;;;;;;;;;;;
2026/04/12;1000 UTC;;;;;;;;;;;;;;;;;;
2026/04/12;1100 UTC;;;;;;;;;;;;;;;;;;
2026/04/12;1200 UTC;;;;;;;;;;;;;;;;;;
2026/04/12;1300 UTC;;;;;;;;;;;;;;;;;;
2026/04/12;1400 UTC;;;;;;;;;;;;;;;;;;
2026/04/12;1500 UTC;;;;;;;;;;;;;;;;;;
2026/04/12;1600 UTC;;;;;;;;;;;;;;;;;;
2026/04/12;1700 UTC;;;;;;;;;;;;;;;;;;
2026/04/12;1800 UTC;;;;;;;;;;;;;;;;;;
2026/04/12;1900 UTC;;;;;;;;;;;;;;;;;;
2026/04/12;2000 UTC;;;;;;;;;;;;;;;;;;
2026/04/12;2100 UTC;;;;;;;;;;;;;;;;;;
2026/04/12;2200 UTC;;;;;;;;;;;;;;;;;;
2026/04/12;2300 UTC;;;;;;;;;;;;;;;;;;
2026/04/13;0000 UTC;;;;;;;;;;;;;;;;;;
2026/04/13;0100 UTC;;;;;;;;;;;;;;;;;;
2026/04/13;0200 UTC;;;;;;;;;;;;;;;;;;
2026/04/13;0300 UTC;;;;;;;;;;;;;;;;;;
2026/04/13;0400 UTC;;;;;;;;;;;;;;;;;;
2026/04/13;0500 UTC;;;;;;;;;;;;;;;;;;
2026/04/13;0600 UTC;;;;;;;;;;;;;;;;;;
2026/04/13;0700 UTC;;;;;;;;;;;;;;;;;;
2026/04/13;0800 UTC;;;;;;;;;;;;;;;;;;
2026/04/13;0900 UTC;;;;;;;;;;;;;;;;;;
2026/04/13;1000 UTC;;;;;;;;;;;;;;;;;;
2026/04/13;1100 UTC;;;;;;;;;;;;;;;;;;
2026/04/13;1200 UTC;;;;;;;;;;;;;;;;;;
2026/04/13;1300 UTC;;;;;;;;;;;;;;;;;;
2026/04/13;1400 UTC;;;;;;;;;;;;;;;;;;
2026/04/13;1500 UTC;;;;;;;;;;;;;;;;;;
2026/04/13;1600 UTC;;;;;;;;;;;;;;;;;;
2026/04/13;1700 UTC;;;;;;;;;;;;;;;;;;
2026/04/13;1800 UTC;;;;;;;;;;;;;;;;;;
2026/04/13;1900 UTC;;;;;;;;;;;;;;;;;;
2026/04/13;2000 UTC;;;;;;;;;;;;;;;;;;
2026/04/13;2100 UTC;;;;;;;;;;;;;;;;;;
2026/04/13;2200 UTC;;;;;;;;;;;;;;;;;;
2026/04/13;2300 UTC;;;;;;;;;;;;;;;;;;
2026/04/14;0000 UTC;;;;;;;;;;;;;;;;;;
2026/04/14;0100 UTC;;;;;;;;;;;;;;;;;;
2026/04/14;0200 UTC;;;;;;;;;;;;;;;;;;
2026/04/14;0300 UTC;;;;;;;;;;;;;;;;;;
2026/04/14;0400 UTC;;;;;;;;;;;;;;;;;;
2026/04/14;0500 UTC;;;;;;;;;;;;;;;;;;
2026/04/14;0600 UTC;;;;;;;;;;;;;;;;;;
2026/04/14;0700 UTC;;;;;;;;;;;;;;;;;;
2026/04/14;0800 UTC;;;;;;;;;;;;;;;;;;
2026/04/14;0900 UTC;;;;;;;;;;;;;;;;;;
2026/04/14;1000 UTC;;;;;;;;;;;;;;;;;;
2026/04/14;1100 UTC;;;;;;;;;;;;;;;;;;
2026/04/14;1200 UTC;;;;;;;;;;;;;;;;;;
2026/04/14;1300 UTC;;;;;;;;;;;;;;;;;;
2026/04/14;1400 UTC;;;;;;;;;;;;;;;;;;
2026/04/14;1500 UTC;;;;;;;;;;;;;;;;;;
2026/04/14;1600 UTC;;;;;;;;;;;;;;;;;;
2026/04/14;1700 UTC;;;;;;;;;;;;;;;;;;
2026/04/14;1800 UTC;;;;;;;;;;;;;;;;;;
2026/04/14;1900 UTC;;;;;;;;;;;;;;;;;;
2026/04/14;2000 UTC;;;;;;;;;;;;;;;;;;
2026/04/14;2100 UTC;;;;;;;;;;;;;;;;;;
2026/04/14;2200 UTC;;;;;;;;;;;;;;;;;;
2026/04/14;2300 UTC;;;;;;;;;;;;;;;;;;
2026/04/15;0000 UTC;;;;;;;;;;;;;;;;;;
2026/04/15;0100 UTC;;;;;;;;;;;;;;;;;;
2026/04/15;0200 UTC;;;;;;;;;;;;;;;;;;
2026/04/15;0300 UTC;;;;;;;;;;;;;;;;;;
2026/04/15;0400 UTC;;;;;;;;;;;;;;;;;;
2026/04/15;0500 UTC;;;;;;;;;;;;;;;;;;
2026/04/15;0600 UTC;;;;;;;;;;;;;;;;;;
2026/04/15;0700 UTC;;;;;;;;;;;;;;;;;;
2026/04/15;0800 UTC;;;;;;;;;;;;;;;;;;
2026/04/15;0900 UTC;;;;;;;;;;;;;;;;;;
2026/04/15;1000 UTC;;;;;;;;;;;;;;;;;;
2026/04/15;1100 UTC;;;;;;;;;;;;;;;;;;
2026/04/15;1200 UTC;;;;;;;;;;;;;;;;;;
2026/04/15;1300 UTC;;;;;;;;;;;;;;;;;;
2026/04/15;1400 UTC;;;;;;;;;;;;;;;;;;
2026/04/15;1500 UTC;;;;;;;;;;;;;;;;;;
2026/04/15;1600 UTC;;;;;;;;;;;;;;;;;;
2026/04/15;1700 UTC;;;;;;;;;;;;;;;;;;
2026/04/15;1800 UTC;;;;;;;;;;;;;;;;;;
2026/04/15;1900 UTC;;;;;;;;;;;;;;;;;;
2026/04/15;2000 UTC;;;;;;;;;;;;;;;;;;
2026/04/15;2100 UTC;;;;;;;;;;;;;;;;;;
2026/04/15;2200 UTC;;;;;;;;;;;;;;;;;;
2026/04/15;2300 UTC;;;;;;;;;;;;;;;;;;
2026/04/16;0000 UTC;;;;;;;;;;;;;;;;;;
2026/04/16;0100 UTC;;;;;;;;;;;;;;;;;;
2026/04/16;0200 UTC;;;;;;;;;;;;;;;;;;
2026/04/16;0300 UTC;;;;;;;;;;;;;;;;;;
2026/04/16;0400 UTC;;;;;;;;;;;;;;;;;;
2026/04/16;0500 UTC;;;;;;;;;;;;;;;;;;
2026/04/16;0600 UTC;;;;;;;;;;;;;;;;;;
2026/04/16;0700 UTC;;;;;;;;;;;;;;;;;;
2026/04/16;0800 UTC;;;;;;;;;;;;;;;;;;
2026/04/16;0900 UTC;;;;;;;;;;;;;;;;;;
2026/04/16;1000 UTC;;;;;;;;;;;;;;;;;;
2026/04/16;1100 UTC;;;;;;;;;;;;;;;;;;
2026/04/16;1200 UTC;;;;;;;;;;;;;;;;;;
2026/04/16;1300 UTC;;;;;;;;;;;;;;;;;;
2026/04/16;1400 UTC;;;;;;;;;;;;;;;;;;
2026/04/16;1500 UTC;;;;;;;;;;;;;;;;;;
2026/04/16;1600 UTC;;;;;;;;;;;;;;;;;;
2026/04/16;1700 UTC;;;;;;;;;;;;;;;;;;
2026/04/16;1800 UTC;;;;;;;;;;;;;;;;;;
2026/04/16;1900 UTC;;;;;;;;;;;;;;;;;;
2026/04/16;2000 UTC;;;;;;;;;;;;;;;;;;
2026/04/16;2100 UTC;;;;;;;;;;;;;;;;;;
2026/04/16;2200 UTC;;;;;;;;;;;;;;;;;;
2026/04/16;2300 UTC;;;;;;;;;;;;;;;;;;
2026/04/17;0000 UTC;;;;;;;;;;;;;;;;;;
2026/04/17;0100 UTC;;;;;;;;;;;;;;;;;;
2026/04/17;0200 UTC;;;;;;;;;;;;;;;;;;
2026/04/17;0300 UTC;;;;;;;;;;;;;;;;;;
2026/04/17;0400 UTC;;;;;;;;;;;;;;;;;;
2026/04/17;0500 UTC;;;;;;;;;;;;;;;;;;
2026/04/17;0600 UTC;;;;;;;;;;;;;;;;;;
2026/04/17;0700 UTC;;;;;;;;;;;;;;;;;;
2026/04/17;0800 UTC;;;;;;;;;;;;;;;;;;
2026/04/17;0900 UTC;;;;;;;;;;;;;;;;;;
2026/04/17;1000 UTC;;;;;;;;;;;;;;;;;;
2026/04/17;1100 UTC;;;;;;;;;;;;;;;;;;
2026/04/17;1200 UTC;;;;;;;;;;;;;;;;;;
2026/04/17;1300 UTC;;;;;;;;;;;;;;;;;;
2026/04/17;1400 UTC;;;;;;;;;;;;;;;;;;
2026/04/17;1500 UTC;;;;;;;;;;;;;;;;;;
2026/04/17;1600 UTC;;;;;;;;;;;;;;;;;;
2026/04/17;1700 UTC;;;;;;;;;;;;;;;;;;
2026/04/17;1800 UTC;;;;;;;;;;;;;;;;;;
2026/04/17;1900 UTC;;;;;;;;;;;;;;;;;;
2026/04/17;2000 UTC;;;;;;;;;;;;;;;;;;
2026/04/17;2100 UTC;;;;;;;;;;;;;;;;;;
2026/04/17;2200 UTC;;;;;;;;;;;;;;;;;;
2026/04/17;2300 UTC;;;;;;;;;;;;;;;;;;
2026/04/18;0000 UTC;;;;;;;;;;;;;;;;;;
2026/04/18;0100 UTC;;;;;;;;;;;;;;;;;;
2026/04/18;0200 UTC;;;;;;;;;;;;;;;;;;
2026/04/18;0300 UTC;;;;;;;;;;;;;;;;;;
2026/04/18;0400 UTC;;;;;;;;;;;;;;;;;;
2026/04/18;0500 UTC;;;;;;;;;;;;;;;;;;
2026/04/18;0600 UTC;;;;;;;;;;;;;;;;;;
2026/04/18;0700 UTC;;;;;;;;;;;;;;;;;;
2026/04/18;0800 UTC;;;;;;;;;;;;;;;;;;
2026/04/18;0900 UTC;;;;;;;;;;;;;;;;;;
2026/04/18;1000 UTC;;;;;;;;;;;;;;;;;;
2026/04/18;1100 UTC;;;;;;;;;;;;;;;;;;
2026/04/18;1200 UTC;;;;;;;;;;;;;;;;;;
2026/04/18;1300 UTC;;;;;;;;;;;;;;;;;;
2026/04/18;1400 UTC;;;;;;;;;;;;;;;;;;
2026/04/18;1500 UTC;;;;;;;;;;;;;;;;;;
2026/04/18;1600 UTC;;;;;;;;;;;;;;;;;;
2026/04/18;1700 UTC;;;;;;;;;;;;;;;;;;
2026/04/18;1800 UTC;;;;;;;;;;;;;;;;;;
2026/04/18;1900 UTC;;;;;;;;;;;;;;;;;;
2026/04/18;2000 UTC;;;;;;;;;;;;;;;;;;
2026/04/18;2100 UTC;;;;;;;;;;;;;;;;;;
2026/04/18;2200 UTC;;;;;;;;;;;;;;;;;;
2026/04/18;2300 UTC;;;;;;;;;;;;;;;;;;
2026/04/19;0000 UTC;;;;;;;;;;;;;;;;;;
2026/04/19;0100 UTC;;;;;;;;;;;;;;;;;;
2026/04/19;0200 UTC;;;;;;;;;;;;;;;;;;
2026/04/19;0300 UTC;;;;;;;;;;;;;;;;;;
2026/04/19;0400 UTC;;;;;;;;;;;;;;;;;;
2026/04/19;0500 UTC;;;;;;;;;;;;;;;;;;
2026/04/19;0600 UTC;;;;;;;;;;;;;;;;;;
2026/04/19;0700 UTC;;;;;;;;;;;;;;;;;;
2026/04/19;0800 UTC;;;;;;;;;;;;;;;;;;
2026/04/19;0900 UTC;;;;;;;;;;;;;;;;;;
2026/04/19;1000 UTC;;;;;;;;;;;;;;;;;;
2026/04/19;1100 UTC;;;;;;;;;;;;;;;;;;
2026/04/19;1200 UTC;;;;;;;;;;;;;;;;;;
2026/04/19;1300 UTC;;;;;;;;;;;;;;;;;;
2026/04/19;1400 UTC;;;;;;;;;;;;;;;;;;
2026/04/19;1500 UTC;;;;;;;;;;;;;;;;;;
2026/04/19;1600 UTC;;;;;;;;;;;;;;;;;;
2026/04/19;1700 UTC;;;;;;;;;;;;;;;;;;
2026/04/19;1800 UTC;;;;;;;;;;;;;;;;;;
2026/04/19;1900 UTC;;;;;;;;;;;;;;;;;;
2026/04/19;2000 UTC;;;;;;;;;;;;;;;;;;
2026/04/19;2100 UTC;;;;;;;;;;;;;;;;;;
2026/04/19;2200 UTC;;;;;;;;;;;;;;;;;;
2026/04/19;2300 UTC;;;;;;;;;;;;;;;;;;
2026/04/20;0000 UTC;;;;;;;;;;;;;;;;;;
2026/04/20;0100 UTC;;;;;;;;;;;;;;;;;;
2026/04/20;0200 UTC;;;;;;;;;;;;;;;;;;
2026/04/20;0300 UTC;;;;;;;;;;;;;;;;;;
2026/04/20;0400 UTC;;;;;;;;;;;;;;;;;;
2026/04/20;0500 UTC;;;;;;;;;;;;;;;;;;
2026/04/20;0600 UTC;;;;;;;;;;;;;;;;;;
2026/04/20;0700 UTC;;;;;;;;;;;;;;;;;;
2026/04/20;0800 UTC;;;;;;;;;;;;;;;;;;
2026/04/20;0900 UTC;;;;;;;;;;;;;;;;;;
2026/04/20;1000 UTC;;;;;;;;;;;;;;;;;;
2026/04/20;1100 UTC;;;;;;;;;;;;;;;;;;
2026/04/20;1200 UTC;;;;;;;;;;;;;;;;;;
2026/04/20;1300 UTC;;;;;;;;;;;;;;;;;;
2026/04/20;1400 UTC;;;;;;;;;;;;;;;;;;
2026/04/20;1500 UTC;;;;;;;;;;;;;;;;;;
2026/04/20;1600 UTC;;;;;;;;;;;;;;;;;;
2026/04/20;1700 UTC;;;;;;;;;;;;;;;;;;
2026/04/20;1800 UTC;;;;;;;;;;;;;;;;;;
2026/04/20;1900 UTC;;;;;;;;;;;;;;;;;;
2026/04/20;2000 UTC;;;;;;;;;;;;;;;;;;
2026/04/20;2100 UTC;;;;;;;;;;;;;;;;;;
2026/04/20;2200 UTC;;;;;;;;;;;;;;;;;;
2026/04/20;2300 UTC;;;;;;;;;;;;;;;;;;
2026/04/21;0000 UTC;;;;;;;;;;;;;;;;;;
2026/04/21;0100 UTC;;;;;;;;;;;;;;;;;;
2026/04/21;0200 UTC;;;;;;;;;;;;;;;;;;
2026/04/21;0300 UTC;;;;;;;;;;;;;;;;;;
2026/04/21;0400 UTC;;;;;;;;;;;;;;;;;;
2026/04/21;0500 UTC;;;;;;;;;;;;;;;;;;
2026/04/21;0600 UTC;;;;;;;;;;;;;;;;;;
2026/04/21;0700 UTC;;;;;;;;;;;;;;;;;;
2026/04/21;0800 UTC;;;;;;;;;;;;;;;;;;
2026/04/21;0900 UTC;;;;;;;;;;;;;;;;;;
2026/04/21;1000 UTC;;;;;;;;;;;;;;;;;;
2026/04/21;1100 UTC;;;;;;;;;;;;;;;;;;
2026/04/21;1200 UTC;;;;;;;;;;;;;;;;;;
2026/04/21;1300 UTC;;;;;;;;;;;;;;;;;;
2026/04/21;1400 UTC;;;;;;;;;;;;;;;;;;
2026/04/21;1500 UTC;;;;;;;;;;;;;;;;;;
2026/04/21;1600 UTC;;;;;;;;;;;;;;;;;;
2026/04/21;1700 UTC;;;;;;;;;;;;;;;;;;
2026/04/21;1800 UTC;;;;;;;;;;;;;;;;;;
2026/04/21;1900 UTC;;;;;;;;;;;;;;;;;;
2026/04/21;2000 UTC;;;;;;;;;;;;;;;;;;
2026/04/21;2100 UTC;;;;;;;;;;;;;;;;;;
2026/04/21;2200 UTC;;;;;;;;;;;;;;;;;;
2026/04/21;2300 UTC;;;;;;;;;;;;;;;;;;
2026/04/22;0000 UTC;;;;;;;;;;;;;;;;;;
2026/04/22;0100 UTC;;;;;;;;;;;;;;;;;;
2026/04/22;0200 UTC;;;;;;;;;;;;;;;;;;
2026/04/22;0300 UTC;;;;;;;;;;;;;;;;;;
2026/04/22;0400 UTC;;;;;;;;;;;;;;;;;;
2026/04/22;0500 UTC;;;;;;;;;;;;;;;;;;
2026/04/22;0600 UTC;;;;;;;;;;;;;;;;;;
2026/04/22;0700 UTC;;;;;;;;;;;;;;;;;;
2026/04/22;0800 UTC;;;;;;;;;;;;;;;;;;
2026/04/22;0900 UTC;;;;;;;;;;;;;;;;;;
2026/04/22;1000 UTC;;;;;;;;;;;;;;;;;;
2026/04/22;1100 UTC;;;;;;;;;;;;;;;;;;
2026/04/22;1200 UTC;;;;;;;;;;;;;;;;;;
2026/04/22;1300 UTC;;;;;;;;;;;;;;;;;;
2026/04/22;1400 UTC;;;;;;;;;;;;;;;;;;
2026/04/22;1500 UTC;;;;;;;;;;;;;;;;;;
2026/04/22;1600 UTC;;;;;;;;;;;;;;;;;;
2026/04/22;1700 UTC;;;;;;;;;;;;;;;;;;
2026/04/22;1800 UTC;;;;;;;;;;;;;;;;;;
2026/04/22;1900 UTC;;;;;;;;;;;;;;;;;;
2026/04/22;2000 UTC;;;;;;;;;;;;;;;;;;
2026/04/22;2100 UTC;;;;;;;;;;;;;;;;;;
2026/04/22;2200 UTC;;;;;;;;;;;;;;;;;;
2026/04/22;2300 UTC;;;;;;;;;;;;;;;;;;
2026/04/23;0000 UTC;;;;;;;;;;;;;;;;;;
2026/04/23;0100 UTC;;;;;;;;;;;;;;;;;;
2026/04/23;0200 UTC;;;;;;;;;;;;;;;;;;
2026/04/23;0300 UTC;;;;;;;;;;;;;;;;;;
2026/04/23;0400 UTC;;;;;;;;;;;;;;;;;;
2026/04/23;0500 UTC;;;;;;;;;;;;;;;;;;
2026/04/23;0600 UTC;;;;;;;;;;;;;;;;;;
2026/04/23;0700 UTC;;;;;;;;;;;;;;;;;;
2026/04/23;0800 UTC;;;;;;;;;;;;;;;;;;
2026/04/23;0900 UTC;;;;;;;;;;;;;;;;;;
2026/04/23;1000 UTC;;;;;;;;;;;;;;;;;;
2026/04/23;1100 UTC;;;;;;;;;;;;;;;;;;
2026/04/23;1200 UTC;;;;;;;;;;;;;;;;;;
2026/04/23;1300 UTC;;;;;;;;;;;;;;;;;;
2026/04/23;1400 UTC;;;;;;;;;;;;;;;;;;
2026/04/23;1500 UTC;;;;;;;;;;;;;;;;;;
2026/04/23;1600 UTC;;;;;;;;;;;;;;;;;;
2026/04/23;1700 UTC;;;;;;;;;;;;;;;;;;
2026/04/23;1800 UTC;;;;;;;;;;;;;;;;;;
2026/04/23;1900 UTC;;;;;;;;;;;;;;;;;;
2026/04/23;2000 UTC;;;;;;;;;;;;;;;;;;
2026/04/23;2100 UTC;;;;;;;;;;;;;;;;;;
2026/04/23;2200 UTC;;;;;;;;;;;;;;;;;;
2026/04/23;2300 UTC;;;;;;;;;;;;;;;;;;
2026/04/24;0000 UTC;;;;;;;;;;;;;;;;;;
2026/04/24;0100 UTC;;;;;;;;;;;;;;;;;;
2026/04/24;0200 UTC;;;;;;;;;;;;;;;;;;
2026/04/24;0300 UTC;;;;;;;;;;;;;;;;;;
2026/04/24;0400 UTC;;;;;;;;;;;;;;;;;;
2026/04/24;0500 UTC;;;;;;;;;;;;;;;;;;
2026/04/24;0600 UTC;;;;;;;;;;;;;;;;;;
2026/04/24;0700 UTC;;;;;;;;;;;;;;;;;;
2026/04/24;0800 UTC;;;;;;;;;;;;;;;;;;
2026/04/24;0900 UTC;;;;;;;;;;;;;;;;;;
2026/04/24;1000 UTC;;;;;;;;;;;;;;;;;;
2026/04/24;1100 UTC;;;;;;;;;;;;;;;;;;
2026/04/24;1200 UTC;;;;;;;;;;;;;;;;;;
2026/04/24;1300 UTC;;;;;;;;;;;;;;;;;;
2026/04/24;1400 UTC;;;;;;;;;;;;;;;;;;
2026/04/24;1500 UTC;;;;;;;;;;;;;;;;;;
2026/04/24;1600 UTC;;;;;;;;;;;;;;;;;;
2026/04/24;1700 UTC;;;;;;;;;;;;;;;;;;
2026/04/24;1800 UTC;;;;;;;;;;;;;;;;;;
2026/04/24;1900 UTC;;;;;;;;;;;;;;;;;;
2026/04/24;2000 UTC;;;;;;;;;;;;;;;;;;
2026/04/24;2100 UTC;;;;;;;;;;;;;;;;;;
2026/04/24;2200 UTC;;;;;;;;;;;;;;;;;;
2026/04/24;2300 UTC;;;;;;;;;;;;;;;;;;
2026/04/25;0000 UTC;;;;;;;;;;;;;;;;;;
2026/04/25;0100 UTC;;;;;;;;;;;;;;;;;;
2026/04/25;0200 UTC;;;;;;;;;;;;;;;;;;
2026/04/25;0300 UTC;;;;;;;;;;;;;;;;;;
2026/04/25;0400 UTC;;;;;;;;;;;;;;;;;;
2026/04/25;0500 UTC;;;;;;;;;;;;;;;;;;
2026/04/25;0600 UTC;;;;;;;;;;;;;;;;;;
2026/04/25;0700 UTC;;;;;;;;;;;;;;;;;;
2026/04/25;0800 UTC;;;;;;;;;;;;;;;;;;
2026/04/25;0900 UTC;;;;;;;;;;;;;;;;;;
2026/04/25;1000 UTC;;;;;;;;;;;;;;;;;;
2026/04/25;1100 UTC;;;;;;;;;;;;;;;;;;
2026/04/25;1200 UTC;;;;;;;;;;;;;;;;;;
2026/04/25;1300 UTC;;;;;;;;;;;;;;;;;;
2026/04/25;1400 UTC;;;;;;;;;;;;;;;;;;
2026/04/25;1500 UTC;;;;;;;;;;;;;;;;;;
2026/04/25;1600 UTC;;;;;;;;;;;;;;;;;;
2026/04/25;1700 UTC;;;;;;;;;;;;;;;;;;
2026/04/25;1800 UTC;;;;;;;;;;;;;;;;;;
2026/04/25;1900 UTC;;;;;;;;;;;;;;;;;;
2026/04/25;2000 UTC;;;;;;;;;;;;;;;;;;
2026/04/25;2100 UTC;;;;;;;;;;;;;;;;;;
2026/04/25;2200 UTC;;;;;;;;;;;;;;;;;;
2026/04/25;2300 UTC;;;;;;;;;;;;;;;;;;
2026/04/26;0000 UTC;;;;;;;;;;;;;;;;;;
2026/04/26;0100 UTC;;;;;;;;;;;;;;;;;;
2026/04/26;0200 UTC;;;;;;;;;;;;;;;;;;
2026/04/26;0300 UTC;;;;;;;;;;;;;;;;;;
2026/04/26;0400 UTC;;;;;;;;;;;;;;;;;;
2026/04/26;0500 UTC;;;;;;;;;;;;;;;;;;
2026/04/26;0600 UTC;;;;;;;;;;;;;;;;;;
2026/04/26;0700 UTC;;;;;;;;;;;;;;;;;;
2026/04/26;0800 UTC;;;;;;;;;;;;;;;;;;
2026/04/26;0900 UTC;;;;;;;;;;;;;;;;;;
2026/04/26;1000 UTC;;;;;;;;;;;;;;;;;;
2026/04/26;1100 UTC;;;;;;;;;;;;;;;;;;
2026/04/26;1200 UTC;;;;;;;;;;;;;;;;;;
2026/04/26;1300 UTC;;;;;;;;;;;;;;;;;;
2026/04/26;1400 UTC;;;;;;;;;;;;;;;;;;
2026/04/26;1500 UTC;;;;;;;;;;;;;;;;;;
2026/04/26;1600 UTC;;;;;;;;;;;;;;;;;;
2026/04/26;1700 UTC;;;;;;;;;;;;;;;;;;
2026/04/26;1800 UTC;;;;;;;;;;;;;;;;;;
2026/04/26;1900 UTC;;;;;;;;;;;;;;;;;;
2026/04/26;2000 UTC;;;;;;;;;;;;;;;;;;
2026/04/26;2100 UTC;;;;;;;;;;;;;;;;;;
2026/04/26;2200 UTC;;;;;;;;;;;;;;;;;;
2026/04/26;2300 UTC;;;;;;;;;;;;;;;;;;
2026/04/27;0000 UTC;;;;;;;;;;;;;;;;;;
2026/04/27;0100 UTC;;;;;;;;;;;;;;;;;;
2026/04/27;0200 UTC;;;;;;;;;;;;;;;;;;
2026/04/27;0300 UTC;;;;;;;;;;;;;;;;;;
2026/04/27;0400 UTC;;;;;;;;;;;;;;;;;;
2026/04/27;0500 UTC;;;;;;;;;;;;;;;;;;
2026/04/27;0600 UTC;;;;;;;;;;;;;;;;;;
2026/04/27;0700 UTC;;;;;;;;;;;;;;;;;;
2026/04/27;0800 UTC;;;;;;;;;;;;;;;;;;
2026/04/27;0900 UTC;;;;;;;;;;;;;;;;;;
2026/04/27;1000 UTC;;;;;;;;;;;;;;;;;;
2026/04/27;1100 UTC;;;;;;;;;;;;;;;;;;
2026/04/27;1200 UTC;;;;;;;;;;;;;;;;;;
2026/04/27;1300 UTC;;;;;;;;;;;;;;;;;;
2026/04/27;1400 UTC;;;;;;;;;;;;;;;;;;
2026/04/27;1500 UTC;;;;;;;;;;;;;;;;;;
2026/04/27;1600 UTC;;;;;;;;;;;;;;;;;;
2026/04/27;1700 UTC;;;;;;;;;;;;;;;;;;
2026/04/27;1800 UTC;;;;;;;;;;;;;;;;;;
2026/04/27;1900 UTC;;;;;;;;;;;;;;;;;;
2026/04/27;2000 UTC;;;;;;;;;;;;;;;;;;
2026/04/27;2100 UTC;;;;;;;;;;;;;;;;;;
2026/04/27;2200 UTC;;;;;;;;;;;;;;;;;;
2026/04/27;2300 UTC;;;;;;;;;;;;;;;;;;
2026/04/28;0000 UTC;;;;;;;;;;;;;;;;;;
2026/04/28;0100 UTC;;;;;;;;;;;;;;;;;;
2026/04/28;0200 UTC;;;;;;;;;;;;;;;;;;
2026/04/28;0300 UTC;;;;;;;;;;;;;;;;;;
2026/04/28;0400 UTC;;;;;;;;;;;;;;;;;;
2026/04/28;0500 UTC;;;;;;;;;;;;;;;;;;
2026/04/28;0600 UTC;;;;;;;;;;;;;;;;;;
2026/04/28;0700 UTC;;;;;;;;;;;;;;;;;;
2026/04/28;0800 UTC;;;;;;;;;;;;;;;;;;
2026/04/28;0900 UTC;;;;;;;;;;;;;;;;;;
2026/04/28;1000 UTC;;;;;;;;;;;;;;;;;;
2026/04/28;1100 UTC;;;;;;;;;;;;;;;;;;
2026/04/28;1200 UTC;;;;;;;;;;;;;;;;;;
2026/04/28;1300 UTC;;;;;;;;;;;;;;;;;;
2026/04/28;1400 UTC;;;;;;;;;;;;;;;;;;
2026/04/28;1500 UTC;;;;;;;;;;;;;;;;;;
2026/04/28;1600 UTC;;;;;;;;;;;;;;;;;;
2026/04/28;1700 UTC;;;;;;;;;;;;;;;;;;
2026/04/28;1800 UTC;;;;;;;;;;;;;;;;;;
2026/04/28;1900 UTC;;;;;;;;;;;;;;;;;;
2026/04/28;2000 UTC;;;;;;;;;;;;;;;;;;
2026/04/28;2100 UTC;;;;;;;;;;;;;;;;;;
2026/04/28;2200 UTC;;;;;;;;;;;;;;;;;;
2026/04/28;2300 UTC;;;;;;;;;;;;;;;;;;
2026/04/29;0000 UTC;;;;;;;;;;;;;;;;;;
2026/04/29;0100 UTC;;;;;;;;;;;;;;;;;;
2026/04/29;0200 UTC;;;;;;;;;;;;;;;;;;
2026/04/29;0300 UTC;;;;;;;;;;;;;;;;;;
2026/04/29;0400 UTC;;;;;;;;;;;;;;;;;;
2026/04/29;0500 UTC;;;;;;;;;;;;;;;;;;
2026/04/29;0600 UTC;;;;;;;;;;;;;;;;;;
2026/04/29;0700 UTC;;;;;;;;;;;;;;;;;;
2026/04/29;0800 UTC;;;;;;;;;;;;;;;;;;
2026/04/29;0900 UTC;;;;;;;;;;;;;;;;;;
2026/04/29;1000 UTC;;;;;;;;;;;;;;;;;;
2026/04/29;1100 UTC;;;;;;;;;;;;;;;;;;
2026/04/29;1200 UTC;;;;;;;;;;;;;;;;;;
2026/04/29;1300 UTC;;;;;;;;;;;;;;;;;;
2026/04/29;1400 UTC;;;;;;;;;;;;;;;;;;
2026/04/29;1500 UTC;;;;;;;;;;;;;;;;;;
2026/04/29;1600 UTC;;;;;;;;;;;;;;;;;;
2026/04/29;1700 UTC;;;;;;;;;;;;;;;;;;
2026/04/29;1800 UTC;;;;;;;;;;;;;;;;;;
2026/04/29;1900 UTC;;;;;;;;;;;;;;;;;;
2026/04/29;2000 UTC;;;;;;;;;;;;;;;;;;
2026/04/29;2100 UTC;;;;;;;;;;;;;;;;;;
2026/04/29;2200 UTC;;;;;;;;;;;;;;;;;;
2026/04/29;2300 UTC;;;;;;;;;;;;;;;;;;
2026/04/30;0000 UTC;;;;;;;;;;;;;;;;;;
2026/04/30;0100 UTC;;;;;;;;;;;;;;;;;;
2026/04/30;0200 UTC;;;;;;;;;;;;;;;;;;
2026/04/30;0300 UTC;;;;;;;;;;;;;;;;;;
2026/04/30;0400 UTC;;;;;;;;;;;;;;;;;;
2026/04/30;0500 UTC;;;;;;;;;;;;;;;;;;
2026/04/30;0600 UTC;;;;;;;;;;;;;;;;;;
2026/04/30;0700 UTC;;;;;;;;;;;;;;;;;;
2026/04/30;0800 UTC;;;;;;;;;;;;;;;;;;
2026/04/30;0900 UTC;;;;;;;;;;;;;;;;;;
2026/04/30;1000 UTC;;;;;;;;;;;;;;;;;;
2026/04/30;1100 UTC;;;;;;;;;;;;;;;;;;
2026/04/30;1200 UTC;;;;;;;;;;;;;;;;;;
2026/04/30;1300 UTC;;;;;;;;;;;;;;;;;;
2026/04/30;1400 UTC;;;;;;;;;;;;;;;;;;
2026/04/30;1500 UTC;;;;;;;;;;;;;;;;;;
2026/04/30;1600 UTC;;;;;;;;;;;;;;;;;;
2026/04/30;1700 UTC;;;;;;;;;;;;;;;;;;
2026/04/30;1800 UTC;;;;;;;;;;;;;;;;;;
2026/04/30;1900 UTC;;;;;;;;;;;;;;;;;;
2026/04/30;2000 UTC;;;;;;;;;;;;;;;;;;
2026/04/30;2100 UTC;;;;;;;;;;;;;;;;;;
2026/04/30;2200 UTC;;;;;;;;;;;;;;;;;;
2026/04/30;2300 UTC;;;;;;;;;;;;;;;;;;
2026/05/01;0000 UTC;;;;;;;;;;;;;;;;;;
2026/05/01;0100 UTC;;;;;;;;;;;;;;;;;;
2026/05/01;0200 UTC;;;;;;;;;;;;;;;;;;
2026/05/01;0300 UTC;;;;;;;;;;;;;;;;;;
2026/05/01;0400 UTC;;;;;;;;;;;;;;;;;;
2026/05/01;0500 UTC;;;;;;;;;;;;;;;;;;
2026/05/01;0600 UTC;;;;;;;;;;;;;;;;;;
2026/05/01;0700 UTC;;;;;;;;;;;;;;;;;;
2026/05/01;0800 UTC;;;;;;;;;;;;;;;;;;
2026/05/01;0900 UTC;;;;;;;;;;;;;;;;;;
2026/05/01;1000 UTC;;;;;;;;;;;;;;;;;;
2026/05/01;1100 UTC;;;;;;;;;;;;;;;;;;
2026/05/01;1200 UTC;;;;;;;;;;;;;;;;;;
2026/05/01;1300 UTC;;;;;;;;;;;;;;;;;;
2026/05/01;1400 UTC;;;;;;;;;;;;;;;;;;
2026/05/01;1500 UTC;;;;;;;;;;;;;;;;;;
2026/05/01;1600 UTC;;;;;;;;;;;;;;;;;;
2026/05/01;1700 UTC;;;;;;;;;;;;;;;;;;
2026/05/01;1800 UTC;;;;;;;;;;;;;;;;;;
2026/05/01;1900 UTC;;;;;;;;;;;;;;;;;;
2026/05/01;2000 UTC;;;;;;;;;;;;;;;;;;
2026/05/01;2100 UTC;;;;;;;;;;;;;;;;;;
2026/05/01;2200 UTC;;;;;;;;;;;;;;;;;;
2026/05/01;2300 UTC;;;;;;;;;;;;;;;;;;
2026/05/02;0000 UTC;;;;;;;;;;;;;;;;;;
2026/05/02;0100 UTC;;;;;;;;;;;;;;;;;;
2026/05/02;0200 UTC;;;;;;;;;;;;;;;;;;
2026/05/02;0300 UTC;;;;;;;;;;;;;;;;;;
2026/05/02;0400 UTC;;;;;;;;;;;;;;;;;;
2026/05/02;0500 UTC;;;;;;;;;;;;;;;;;;
2026/05/02;0600 UTC;;;;;;;;;;;;;;;;;;
2026/05/02;0700 UTC;;;;;;;;;;;;;;;;;;
2026/05/02;0800 UTC;;;;;;;;;;;;;;;;;;
2026/05/02;0900 UTC;;;;;;;;;;;;;;;;;;
2026/05/02;1000 UTC;;;;;;;;;;;;;;;;;;
2026/05/02;1100 UTC;;;;;;;;;;;;;;;;;;
2026/05/02;1200 UTC;;;;;;;;;;;;;;;;;;
2026/05/02;1300 UTC;;;;;;;;;;;;;;;;;;
2026/05/02;1400 UTC;;;;;;;;;;;;;;;;;;
2026/05/02;1500 UTC;;;;;;;;;;;;;;;;;;
2026/05/02;1600 UTC;;;;;;;;;;;;;;;;;;
2026/05/02;1700 UTC;;;;;;;;;;;;;;;;;;
2026/05/02;1800 UTC;;;;;;;;;;;;;;;;;;
2026/05/02;1900 UTC;;;;;;;;;;;;;;;;;;
2026/05/02;2000 UTC;;;;;;;;;;;;;;;;;;
2026/05/02;2100 UTC;;;;;;;;;;;;;;;;;;
2026/05/02;2200 UTC;;;;;;;;;;;;;;;;;;
2026/05/02;2300 UTC;;;;;;;;;;;;;;;;;;
2026/05/03;0000 UTC;;;;;;;;;;;;;;;;;;
2026/05/03;0100 UTC;;;;;;;;;;;;;;;;;;
2026/05/03;0200 UTC;;;;;;;;;;;;;;;;;;
2026/05/03;0300 UTC;;;;;;;;;;;;;;;;;;
2026/05/03;0400 UTC;;;;;;;;;;;;;;;;;;
2026/05/03;0500 UTC;;;;;;;;;;;;;;;;;;
2026/05/03;0600 UTC;;;;;;;;;;;;;;;;;;
2026/05/03;0700 UTC;;;;;;;;;;;;;;;;;;
2026/05/03;0800 UTC;;;;;;;;;;;;;;;;;;
2026/05/03;0900 UTC;;;;;;;;;;;;;;;;;;
2026/05/03;1000 UTC;;;;;;;;;;;;;;;;;;
2026/05/03;1100 UTC;;;;;;;;;;;;;;;;;;
2026/05/03;1200 UTC;;;;;;;;;;;;;;;;;;
2026/05/03;1300 UTC;;;;;;;;;;;;;;;;;;
2026/05/03;1400 UTC;;;;;;;;;;;;;;;;;;
2026/05/03;1500 UTC;;;;;;;;;;;;;;;;;;
2026/05/03;1600 UTC;;;;;;;;;;;;;;;;;;
2026/05/03;1700 UTC;;;;;;;;;;;;;;;;;;
2026/05/03;1800 UTC;;;;;;;;;;;;;;;;;;
2026/05/03;1900 UTC;;;;;;;;;;;;;;;;;;
2026/05/03;2000 UTC;;;;;;;;;;;;;;;;;;
2026/05/03;2100 UTC;;;;;;;;;;;;;;;;;;
2026/05/03;2200 UTC;;;;;;;;;;;;;;;;;;
2026/05/03;2300 UTC;;;;;;;;;;;;;;;;;;
2026/05/04;0000 UTC;;;;;;;;;;;;;;;;;;
2026/05/04;0100 UTC;;;;;;;;;;;;;;;;;;
2026/05/04;0200 UTC;;;;;;;;;;;;;;;;;;
2026/05/04;0300 UTC;;;;;;;;;;;;;;;;;;
2026/05/04;0400 UTC;;;;;;;;;;;;;;;;;;
2026/05/04;0500 UTC;;;;;;;;;;;;;;;;;;
2026/05/04;0600 UTC;;;;;;;;;;;;;;;;;;
2026/05/04;0700 UTC;;;;;;;;;;;;;;;;;;
2026/05/04;0800 UTC;;;;;;;;;;;;;;;;;;
2026/05/04;0900 UTC;;;;;;;;;;;;;;;;;;
2026/05/04;1000 UTC;;;;;;;;;;;;;;;;;;
2026/05/04;1100 UTC;;;;;;;;;;;;;;;;;;
2026/05/04;1200 UTC;;;;;;;;;;;;;;;;;;
2026/05/04;1300 UTC;;;;;;;;;;;;;;;;;;
2026/05/04;1400 UTC;;;;;;;;;;;;;;;;;;
2026/05/04;1500 UTC;;;;;;;;;;;;;;;;;;
2026/05/04;1600 UTC;;;;;;;;;;;;;;;;;;
2026/05/04;1700 UTC;;;;;;;;;;;;;;;;;;
2026/05/04;1800 UTC;;;;;;;;;;;;;;;;;;
2026/05/04;1900 UTC;;;;;;;;;;;;;;;;;;
2026/05/04;2000 UTC;;;;;;;;;;;;;;;;;;
2026/05/04;2100 UTC;;;;;;;;;;;;;;;;;;
2026/05/04;2200 UTC;;;;;;;;;;;;;;;;;;
2026/05/04;2300 UTC;;;;;;;;;;;;;;;;;;
2026/05/05;0000 UTC;;;;;;;;;;;;;;;;;;
2026/05/05;0100 UTC;;;;;;;;;;;;;;;;;;
2026/05/05;0200 UTC;;;;;;;;;;;;;;;;;;
2026/05/05;0300 UTC;;;;;;;;;;;;;;;;;;
2026/05/05;0400 UTC;;;;;;;;;;;;;;;;;;
2026/05/05;0500 UTC;;;;;;;;;;;;;;;;;;
2026/05/05;0600 UTC;;;;;;;;;;;;;;;;;;
2026/05/05;0700 UTC;;;;;;;;;;;;;;;;;;
2026/05/05;0800 UTC;;;;;;;;;;;;;;;;;;
2026/05/05;0900 UTC;;;;;;;;;;;;;;;;;;
2026/05/05;1000 UTC;;;;;;;;;;;;;;;;;;
2026/05/05;1100 UTC;;;;;;;;;;;;;;;;;;
2026/05/05;1200 UTC;;;;;;;;;;;;;;;;;;
2026/05/05;1300 UTC;;;;;;;;;;;;;;;;;;
2026/05/05;1400 UTC;;;;;;;;;;;;;;;;;;
2026/05/05;1500 UTC;;;;;;;;;;;;;;;;;;
2026/05/05;1600 UTC;;;;;;;;;;;;;;;;;;
2026/05/05;1700 UTC;;;;;;;;;;;;;;;;;;
2026/05/05;1800 UTC;;;;;;;;;;;;;;;;;;
2026/05/05;1900 UTC;;;;;;;;;;;;;;;;;;
2026/05/05;2000 UTC;;;;;;;;;;;;;;;;;;
2026/05/05;2100 UTC;;;;;;;;;;;;;;;;;;
2026/05/05;2200 UTC;;;;;;;;;;;;;;;;;;
2026/05/05;2300 UTC;;;;;;;;;;;;;;;;;;
2026/05/06;0000 UTC;;;;;;;;;;;;;;;;;;
2026/05/06;0100 UTC;;;;;;;;;;;;;;;;;;
2026/05/06;0200 UTC;;;;;;;;;;;;;;;;;;
2026/05/06;0300 UTC;;;;;;;;;;;;;;;;;;
2026/05/06;0400 UTC;;;;;;;;;;;;;;;;;;
2026/05/06;0500 UTC;;;;;;;;;;;;;;;;;;
2026/05/06;0600 UTC;;;;;;;;;;;;;;;;;;
2026/05/06;0700 UTC;;;;;;;;;;;;;;;;;;
2026/05/06;0800 UTC;;;;;;;;;;;;;;;;;;
2026/05/06;0900 UTC;;;;;;;;;;;;;;;;;;
2026/05/06;1000 UTC;;;;;;;;;;;;;;;;;;
2026/05/06;1100 UTC;;;;;;;;;;;;;;;;;;
2026/05/06;1200 UTC;;;;;;;;;;;;;;;;;;
2026/05/06;1300 UTC;;;;;;;;;;;;;;;;;;
2026/05/06;1400 UTC;;;;;;;;;;;;;;;;;;
2026/05/06;1500 UTC;;;;;;;;;;;;;;;;;;
2026/05/06;1600 UTC;;;;;;;;;;;;;;;;;;
2026/05/06;1700 UTC;;;;;;;;;;;;;;;;;;
2026/05/06;1800 UTC;;;;;;;;;;;;;;;;;;
2026/05/06;1900 UTC;;;;;;;;;;;;;;;;;;
2026/05/06;2000 UTC;;;;;;;;;;;;;;;;;;
2026/05/06;2100 UTC;;;;;;;;;;;;;;;;;;
2026/05/06;2200 UTC;;;;;;;;;;;;;;;;;;
2026/05/06;2300 UTC;;;;;;;;;;;;;;;;;;
2026/05/07;0000 UTC;;;;;;;;;;;;;;;;;;
2026/05/07;0100 UTC;;;;;;;;;;;;;;;;;;
2026/05/07;0200 UTC;;;;;;;;;;;;;;;;;;
2026/05/07;0300 UTC;;;;;;;;;;;;;;;;;;
2026/05/07;0400 UTC;;;;;;;;;;;;;;;;;;
2026/05/07;0500 UTC;;;;;;;;;;;;;;;;;;
2026/05/07;0600 UTC;;;;;;;;;;;;;;;;;;
2026/05/07;0700 UTC;;;;;;;;;;;;;;;;;;
2026/05/07;0800 UTC;;;;;;;;;;;;;;;;;;
2026/05/07;0900 UTC;;;;;;;;;;;;;;;;;;
2026/05/07;1000 UTC;;;;;;;;;;;;;;;;;;
2026/05/07;1100 UTC;;;;;;;;;;;;;;;;;;
2026/05/07;1200 UTC;;;;;;;;;;;;;;;;;;
2026/05/07;1300 UTC;;;;;;;;;;;;;;;;;;
2026/05/07;1400 UTC;;;;;;;;;;;;;;;;;;
2026/05/07;1500 UTC;;;;;;;;;;;;;;;;;;
2026/05/07;1600 UTC;;;;;;;;;;;;;;;;;;
2026/05/07;1700 UTC;;;;;;;;;;;;;;;;;;
2026/05/07;1800 UTC;;;;;;;;;;;;;;;;;;
2026/05/07;1900 UTC;;;;;;;;;;;;;;;;;;
2026/05/07;2000 UTC;;;;;;;;;;;;;;;;;;
2026/05/07;2100 UTC;;;;;;;;;;;;;;;;;;
2026/05/07;2200 UTC;;;;;;;;;;;;;;;;;;
2026/05/07;2300 UTC;;;;;;;;;;;;;;;;;;
2026/05/08;0000 UTC;;;;;;;;;;;;;;;;;;
2026/05/08;0100 UTC;;;;;;;;;;;;;;;;;;
2026/05/08;0200 UTC;;;;;;;;;;;;;;;;;;
2026/05/08;0300 UTC;;;;;;;;;;;;;;;;;;
2026/05/08;0400 UTC;;;;;;;;;;;;;;;;;;
2026/05/08;0500 UTC;;;;;;;;;;;;;;;;;;
2026/05/08;0600 UTC;;;;;;;;;;;;;;;;;;
2026/05/08;0700 UTC;;;;;;;;;;;;;;;;;;
2026/05/08;0800 UTC;;;;;;;;;;;;;;;;;;
2026/05/08;0900 UTC;;;;;;;;;;;;;;;;;;
2026/05/08;1000 UTC;;;;;;;;;;;;;;;;;;
2026/05/08;1100 UTC;;;;;;;;;;;;;;;;;;
2026/05/08;1200 UTC;;;;;;;;;;;;;;;;;;
2026/05/08;1300 UTC;;;;;;;;;;;;;;;;;;
2026/05/08;1400 UTC;;;;;;;;;;;;;;;;;;
2026/05/08;1500 UTC;;;;;;;;;;;;;;;;;;
2026/05/08;1600 UTC;;;;;;;;;;;;;;;;;;
2026/05/08;1700 UTC;;;;;;;;;;;;;;;;;;
2026/05/08;1800 UTC;;;;;;;;;;;;;;;;;;
2026/05/08;1900 UTC;;;;;;;;;;;;;;;;;;
2026/05/08;2000 UTC;;;;;;;;;;;;;;;;;;
2026/05/08;2100 UTC;;;;;;;;;;;;;;;;;;
2026/05/08;2200 UTC;;;;;;;;;;;;;;;;;;
2026/05/08;2300 UTC;;;;;;;;;;;;;;;;;;
2026/05/09;0000 UTC;;;;;;;;;;;;;;;;;;
2026/05/09;0100 UTC;;;;;;;;;;;;;;;;;;
2026/05/09;0200 UTC;;;;;;;;;;;;;;;;;;
2026/05/09;0300 UTC;;;;;;;;;;;;;;;;;;
2026/05/09;0400 UTC;;;;;;;;;;;;;;;;;;
2026/05/09;0500 UTC;;;;;;;;;;;;;;;;;;
2026/05/09;0600 UTC;;;;;;;;;;;;;;;;;;
2026/05/09;0700 UTC;;;;;;;;;;;;;;;;;;
2026/05/09;0800 UTC;;;;;;;;;;;;;;;;;;
2026/05/09;0900 UTC;;;;;;;;;;;;;;;;;;
2026/05/09;1000 UTC;;;;;;;;;;;;;;;;;;
2026/05/09;1100 UTC;;;;;;;;;;;;;;;;;;
2026/05/09;1200 UTC;;;;;;;;;;;;;;;;;;
2026/05/09;1300 UTC;;;;;;;;;;;;;;;;;;
2026/05/09;1400 UTC;;;;;;;;;;;;;;;;;;
2026/05/09;1500 UTC;;;;;;;;;;;;;;;;;;
2026/05/09;1600 UTC;;;;;;;;;;;;;;;;;;
2026/05/09;1700 UTC;;;;;;;;;;;;;;;;;;
2026/05/09;1800 UTC;;;;;;;;;;;;;;;;;;
2026/05/09;1900 UTC;;;;;;;;;;;;;;;;;;
2026/05/09;2000 UTC;;;;;;;;;;;;;;;;;;
2026/05/09;2100 UTC;;;;;;;;;;;;;;;;;;
2026/05/09;2200 UTC;;;;;;;;;;;;;;;;;;
2026/05/09;2300 UTC;;;;;;;;;;;;;;;;;;
2026/05/10;0000 UTC;;;;;;;;;;;;;;;;;;
2026/05/10;0100 UTC;;;;;;;;;;;;;;;;;;
2026/05/10;0200 UTC;;;;;;;;;;;;;;;;;;
2026/05/10;0300 UTC;;;;;;;;;;;;;;;;;;
2026/05/10;0400 UTC;;;;;;;;;;;;;;;;;;
2026/05/10;0500 UTC;;;;;;;;;;;;;;;;;;
2026/05/10;0600 UTC;;;;;;;;;;;;;;;;;;
2026/05/10;0700 UTC;;;;;;;;;;;;;;;;;;
2026/05/10;0800 UTC;;;;;;;;;;;;;;;;;;
2026/05/10;0900 UTC;;;;;;;;;;;;;;;;;;
2026/05/10;1000 UTC;;;;;;;;;;;;;;;;;;
2026/05/10;1100 UTC;;;;;;;;;;;;;;;;;;
2026/05/10;1200 UTC;;;;;;;;;;;;;;;;;;
2026/05/10;1300 UTC;;;;;;;;;;;;;;;;;;
2026/05/10;1400 UTC;;;;;;;;;;;;;;;;;;
2026/05/10;1500 UTC;;;;;;;;;;;;;;;;;;
2026/05/10;1600 UTC;;;;;;;;;;;;;;;;;;
2026/05/10;1700 UTC;;;;;;;;;;;;;;;;;;
2026/05/10;1800 UTC;;;;;;;;;;;;;;;;;;
2026/05/10;1900 UTC;;;;;;;;;;;;;;;;;;
2026/05/10;2000 UTC;;;;;;;;;;;;;;;;;;
2026/05/10;2100 UTC;;;;;;;;;;;;;;;;;;
2026/05/10;2200 UTC;;;;;;;;;;;;;;;;;;
2026/05/10;2300 UTC;;;;;;;;;;;;;;;;;;
2026/05/11;0000 UTC;;;;;;;;;;;;;;;;;;
2026/05/11;0100 UTC;;;;;;;;;;;;;;;;;;
2026/05/11;0200 UTC;;;;;;;;;;;;;;;;;;
2026/05/11;0300 UTC;;;;;;;;;;;;;;;;;;
2026/05/11;0400 UTC;;;;;;;;;;;;;;;;;;
2026/05/11;0500 UTC;;;;;;;;;;;;;;;;;;
2026/05/11;0600 UTC;;;;;;;;;;;;;;;;;;
2026/05/11;0700 UTC;;;;;;;;;;;;;;;;;;
2026/05/11;0800 UTC;;;;;;;;;;;;;;;;;;
2026/05/11;0900 UTC;;;;;;;;;;;;;;;;;;
2026/05/11;1000 UTC;;;;;;;;;;;;;;;;;;
2026/05/11;1100 UTC;;;;;;;;;;;;;;;;;;
2026/05/11;1200 UTC;;;;;;;;;;;;;;;;;;
2026/05/11;1300 UTC;;;;;;;;;;;;;;;;;;
2026/05/11;1400 UTC;;;;;;;;;;;;;;;;;;
2026/05/11;1500 UTC;;;;;;;;;;;;;;;;;;
2026/05/11;1600 UTC;;;;;;;;;;;;;;;;;;
2026/05/11;1700 UTC;;;;;;;;;;;;;;;;;;
2026/05/11;1800 UTC;;;;;;;;;;;;;;;;;;
2026/05/11;1900 UTC;;;;;;;;;;;;;;;;;;
2026/05/11;2000 UTC;;;;;;;;;;;;;;;;;;
2026/05/11;2100 UTC;;;;;;;;;;;;;;;;;;
2026/05/11;2200 UTC;;;;;;;;;;;;;;;;;;
2026/05/11;2300 UTC;;;;;;;;;;;;;;;;;;
2026/05/12;0000 UTC;;;;;;;;;;;;;;;;;;
2026/05/12;0100 UTC;;;;;;;;;;;;;;;;;;
2026/05/12;0200 UTC;;;;;;;;;;;;;;;;;;
2026/05/12;0300 UTC;;;;;;;;;;;;;;;;;;
2026/05/12;0400 UTC;;;;;;;;;;;;;;;;;;
2026/05/12;0500 UTC;;;;;;;;;;;;;;;;;;
2026/05/12;0600 UTC;;;;;;;;;;;;;;;;;;
2026/05/12;0700 UTC;;;;;;;;;;;;;;;;;;
2026/05/12;0800 UTC;;;;;;;;;;;;;;;;;;
2026/05/12;0900 UTC;;;;;;;;;;;;;;;;;;
2026/05/12;1000 UTC;;;;;;;;;;;;;;;;;;
2026/05/12;1100 UTC;;;;;;;;;;;;;;;;;;
2026/05/12;1200 UTC;;;;;;;;;;;;;;;;;;
2026/05/12;1300 UTC;;;;;;;;;;;;;;;;;;
2026/05/12;1400 UTC;;;;;;;;;;;;;;;;;;
2026/05/12;1500 UTC;;;;;;;;;;;;;;;;;;
2026/05/12;1600 UTC;;;;;;;;;;;;;;;;;;
2026/05/12;1700 UTC;;;;;;;;;;;;;;;;;;
2026/05/12;1800 UTC;;;;;;;;;;;;;;;;;;
2026/05/12;1900 UTC;;;;;;;;;;;;;;;;;;
2026/05/12;2000 UTC;;;;;;;;;;;;;;;;;;
2026/05/12;2100 UTC;;;;;;;;;;;;;;;;;;
2026/05/12;2200 UTC;;;;;;;;;;;;;;;;;;
2026/05/12;2300 UTC;;;;;;;;;;;;;;;;;;
2026/05/13;0000 UTC;;;;;;;;;;;;;;;;;;
2026/05/13;0100 UTC;;;;;;;;;;;;;;;;;;
2026/05/13;0200 UTC;;;;;;;;;;;;;;;;;;
2026/05/13;0300 UTC;;;;;;;;;;;;;;;;;;
2026/05/13;0400 UTC;;;;;;;;;;;;;;;;;;
2026/05/13;0500 UTC;;;;;;;;;;;;;;;;;;
2026/05/13;0600 UTC;;;;;;;;;;;;;;;;;;
2026/05/13;0700 UTC;;;;;;;;;;;;;;;;;;
2026/05/13;0800 UTC;;;;;;;;;;;;;;;;;;
2026/05/13;0900 UTC;;;;;;;;;;;;;;;;;;
2026/05/13;1000 UTC;;;;;;;;;;;;;;;;;;
2026/05/13;1100 UTC;;;;;;;;;;;;;;;;;;
2026/05/13;1200 UTC;;;;;;;;;;;;;;;;;;
2026/05/13;1300 UTC;;;;;;;;;;;;;;;;;;
2026/05/13;1400 UTC;;;;;;;;;;;;;;;;;;
2026/05/13;1500 UTC;;;;;;;;;;;;;;;;;;
2026/05/13;1600 UTC;;;;;;;;;;;;;;;;;;
2026/05/13;1700 UTC;;;;;;;;;;;;;;;;;;
2026/05/13;1800 UTC;;;;;;;;;;;;;;;;;;
2026/05/13;1900 UTC;;;;;;;;;;;;;;;;;;
2026/05/13;2000 UTC;;;;;;;;;;;;;;;;;;
2026/05/13;2100 UTC;;;;;;;;;;;;;;;;;;
2026/05/13;2200 UTC;;;;;;;;;;;;;;;;;;
2026/05/13;2300 UTC;;;;;;;;;;;;;;;;;;
2026/05/14;0000 UTC;;;;;;;;;;;;;;;;;;
2026/05/14;0100 UTC;;;;;;;;;;;;;;;;;;
2026/05/14;0200 UTC;;;;;;;;;;;;;;;;;;
2026/05/14;0300 UTC;;;;;;;;;;;;;;;;;;
2026/05/14;0400 UTC;;;;;;;;;;;;;;;;;;
2026/05/14;0500 UTC;;;;;;;;;;;;;;;;;;
2026/05/14;0600 UTC;;;;;;;;;;;;;;;;;;
2026/05/14;0700 UTC;;;;;;;;;;;;;;;;;;
2026/05/14;0800 UTC;;;;;;;;;;;;;;;;;;
2026/05/14;0900 UTC;;;;;;;;;;;;;;;;;;
2026/05/14;1000 UTC;;;;;;;;;;;;;;;;;;
2026/05/14;1100 UTC;;;;;;;;;;;;;;;;;;
2026/05/14;1200 UTC;;;;;;;;;;;;;;;;;;
2026/05/14;1300 UTC;;;;;;;;;;;;;;;;;;
2026/05/14;1400 UTC;;;;;;;;;;;;;;;;;;
2026/05/14;1500 UTC;;;;;;;;;;;;;;;;;;
2026/05/14;1600 UTC;;;;;;;;;;;;;;;;;;
2026/05/14;1700 UTC;;;;;;;;;;;;;;;;;;
2026/05/14;1800 UTC;;;;;;;;;;;;;;;;;;
2026/05/14;1900 UTC;;;;;;;;;;;;;;;;;;
2026/05/14;2000 UTC;;;;;;;;;;;;;;;;;;
2026/05/14;2100 UTC;;;;;;;;;;;;;;;;;;
2026/05/14;2200 UTC;;;;;;;;;;;;;;;;;;
2026/05/14;2300 UTC;;;;;;;;;;;;;;;;;;
2026/05/15;0000 UTC;;;;;;;;;;;;;;;;;;
2026/05/15;0100 UTC;;;;;;;;;;;;;;;;;;
2026/05/15;0200 UTC;;;;;;;;;;;;;;;;;;
2026/05/15;0300 UTC;;;;;;;;;;;;;;;;;;
2026/05/15;0400 UTC;;;;;;;;;;;;;;;;;;
2026/05/15;0500 UTC;;;;;;;;;;;;;;;;;;
2026/05/15;0600 UTC;;;;;;;;;;;;;;;;;;
2026/05/15;0700 UTC;;;;;;;;;;;;;;;;;;
2026/05/15;0800 UTC;;;;;;;;;;;;;;;;;;
2026/05/15;0900 UTC;;;;;;;;;;;;;;;;;;
2026/05/15;1000 UTC;;;;;;;;;;;;;;;;;;
2026/05/15;1100 UTC;;;;;;;;;;;;;;;;;;
2026/05/15;1200 UTC;;;;;;;;;;;;;;;;;;
2026/05/15;1300 UTC;;;;;;;;;;;;;;;;;;
2026/05/15;1400 UTC;;;;;;;;;;;;;;;;;;
2026/05/15;1500 UTC;;;;;;;;;;;;;;;;;;
2026/05/15;1600 UTC;;;;;;;;;;;;;;;;;;
2026/05/15;1700 UTC;;;;;;;;;;;;;;;;;;
2026/05/15;1800 UTC;;;;;;;;;;;;;;;;;;
2026/05/15;1900 UTC;;;;;;;;;;;;;;;;;;
2026/05/15;2000 UTC;;;;;;;;;;;;;;;;;;
2026/05/15;2100 UTC;;;;;;;;;;;;;;;;;;
2026/05/15;2200 UTC;;;;;;;;;;;;;;;;;;
2026/05/15;2300 UTC;;;;;;;;;;;;;;;;;;
2026/05/16;0000 UTC;;;;;;;;;;;;;;;;;;
2026/05/16;0100 UTC;;;;;;;;;;;;;;;;;;
2026/05/16;0200 UTC;;;;;;;;;;;;;;;;;;
2026/05/16;0300 UTC;;;;;;;;;;;;;;;;;;
2026/05/16;0400 UTC;;;;;;;;;;;;;;;;;;
2026/05/16;0500 UTC;;;;;;;;;;;;;;;;;;
2026/05/16;0600 UTC;;;;;;;;;;;;;;;;;;
2026/05/16;0700 UTC;;;;;;;;;;;;;;;;;;
2026/05/16;0800 UTC;;;;;;;;;;;;;;;;;;
2026/05/16;0900 UTC;;;;;;;;;;;;;;;;;;
2026/05/16;1000 UTC;;;;;;;;;;;;;;;;;;
2026/05/16;1100 UTC;;;;;;;;;;;;;;;;;;
2026/05/16;1200 UTC;;;;;;;;;;;;;;;;;;
2026/05/16;1300 UTC;;;;;;;;;;;;;;;;;;
2026/05/16;1400 UTC;;;;;;;;;;;;;;;;;;
2026/05/16;1500 UTC;;;;;;;;;;;;;;;;;;
2026/05/16;1600 UTC;;;;;;;;;;;;;;;;;;
2026/05/16;1700 UTC;;;;;;;;;;;;;;;;;;
2026/05/16;1800 UTC;;;;;;;;;;;;;;;;;;
2026/05/16;1900 UTC;;;;;;;;;;;;;;;;;;
2026/05/16;2000 UTC;;;;;;;;;;;;;;;;;;
2026/05/16;2100 UTC;;;;;;;;;;;;;;;;;;
2026/05/16;2200 UTC;;;;;;;;;;;;;;;;;;
2026/05/16;2300 UTC;;;;;;;;;;;;;;;;;;
2026/05/17;0000 UTC;;;;;;;;;;;;;;;;;;
2026/05/17;0100 UTC;;;;;;;;;;;;;;;;;;
2026/05/17;0200 UTC;;;;;;;;;;;;;;;;;;
2026/05/17;0300 UTC;;;;;;;;;;;;;;;;;;
2026/05/17;0400 UTC;;;;;;;;;;;;;;;;;;
2026/05/17;0500 UTC;;;;;;;;;;;;;;;;;;
2026/05/17;0600 UTC;;;;;;;;;;;;;;;;;;
2026/05/17;0700 UTC;;;;;;;;;;;;;;;;;;
2026/05/17;0800 UTC;;;;;;;;;;;;;;;;;;
2026/05/17;0900 UTC;;;;;;;;;;;;;;;;;;
2026/05/17;1000 UTC;;;;;;;;;;;;;;;;;;
2026/05/17;1100 UTC;;;;;;;;;;;;;;;;;;
2026/05/17;1200 UTC;;;;;;;;;;;;;;;;;;
2026/05/17;1300 UTC;;;;;;;;;;;;;;;;;;
2026/05/17;1400 UTC;;;;;;;;;;;;;;;;;;
2026/05/17;1500 UTC;;;;;;;;;;;;;;;;;;
2026/05/17;1600 UTC;;;;;;;;;;;;;;;;;;
2026/05/17;1700 UTC;;;;;;;;;;;;;;;;;;
2026/05/17;1800 UTC;;;;;;;;;;;;;;;;;;
2026/05/17;1900 UTC;;;;;;;;;;;;;;;;;;
2026/05/17;2000 UTC;;;;;;;;;;;;;;;;;;
2026/05/17;2100 UTC;;;;;;;;;;;;;;;;;;
2026/05/17;2200 UTC;;;;;;;;;;;;;;;;;;
2026/05/17;2300 UTC;;;;;;;;;;;;;;;;;;
2026/05/18;0000 UTC;;;;;;;;;;;;;;;;;;
2026/05/18;0100 UTC;;;;;;;;;;;;;;;;;;
2026/05/18;0200 UTC;;;;;;;;;;;;;;;;;;
2026/05/18;0300 UTC;;;;;;;;;;;;;;;;;;
2026/05/18;0400 UTC;;;;;;;;;;;;;;;;;;
2026/05/18;0500 UTC;;;;;;;;;;;;;;;;;;
2026/05/18;0600 UTC;;;;;;;;;;;;;;;;;;
2026/05/18;0700 UTC;;;;;;;;;;;;;;;;;;
2026/05/18;0800 UTC;;;;;;;;;;;;;;;;;;
2026/05/18;0900 UTC;;;;;;;;;;;;;;;;;;
2026/05/18;1000 UTC;;;;;;;;;;;;;;;;;;
2026/05/18;1100 UTC;;;;;;;;;;;;;;;;;;
2026/05/18;1200 UTC;;;;;;;;;;;;;;;;;;
2026/05/18;1300 UTC;;;;;;;;;;;;;;;;;;
2026/05/18;1400 UTC;;;;;;;;;;;;;;;;;;
2026/05/18;1500 UTC;;;;;;;;;;;;;;;;;;
2026/05/18;1600 UTC;;;;;;;;;;;;;;;;;;
2026/05/18;1700 UTC;;;;;;;;;;;;;;;;;;
2026/05/18;1800 UTC;;;;;;;;;;;;;;;;;;
2026/05/18;1900 UTC;;;;;;;;;;;;;;;;;;
2026/05/18;2000 UTC;;;;;;;;;;;;;;;;;;
2026/05/18;2100 UTC;;;;;;;;;;;;;;;;;;
2026/05/18;2200 UTC;;;;;;;;;;;;;;;;;;
2026/05/18;2300 UTC;;;;;;;;;;;;;;;;;;
2026/05/19;0000 UTC;;;;;;;;;;;;;;;;;;
2026/05/19;0100 UTC;;;;;;;;;;;;;;;;;;
2026/05/19;0200 UTC;;;;;;;;;;;;;;;;;;
2026/05/19;0300 UTC;;;;;;;;;;;;;;;;;;
2026/05/19;0400 UTC;;;;;;;;;;;;;;;;;;
2026/05/19;0500 UTC;;;;;;;;;;;;;;;;;;
2026/05/19;0600 UTC;;;;;;;;;;;;;;;;;;
2026/05/19;0700 UTC;;;;;;;;;;;;;;;;;;
2026/05/19;0800 UTC;;;;;;;;;;;;;;;;;;
2026/05/19;0900 UTC;;;;;;;;;;;;;;;;;;
2026/05/19;1000 UTC;;;;;;;;;;;;;;;;;;
2026/05/19;1100 UTC;;;;;;;;;;;;;;;;;;
2026/05/19;1200 UTC;;;;;;;;;;;;;;;;;;
2026/05/19;1300 UTC;;;;;;;;;;;;;;;;;;
2026/05/19;1400 UTC;;;;;;;;;;;;;;;;;;
2026/05/19;1500 UTC;;;;;;;;;;;;;;;;;;
2026/05/19;1600 UTC;;;;;;;;;;;;;;;;;;
2026/05/19;1700 UTC;;;;;;;;;;;;;;;;;;
2026/05/19;1800 UTC;0;1013,8;1013,9;1013,7;2470,9;29,6;22,9;30,6;28,7;24,4;22,6;75;66;67;115;6,5;1,7;
2026/05/19;1900 UTC;0;1014;1014;1013,7;1811,3;29,2;23,1;30,1;28,8;23,6;22,3;73;65;70;124;4,5;1,2;
2026/05/19;2000 UTC;0;1014,3;1014,3;1014;522,2;26,5;23;29,1;26,5;23,5;22,7;82;70;82;105;3,9;,7;
2026/05/19;2100 UTC;0;1014,8;1014,8;1014,3;3,7;24,7;22,8;26,5;24,7;23,1;22,7;89;82;89;117;2,2;,2;
2026/05/19;2200 UTC;0;1015,2;1015,2;1014,8;;23,6;23;24,8;23,6;23,4;22,8;97;89;97;83;,9;,3;
2026/05/19;2300 UTC;0;1015,6;1015,6;1015,2;;22,9;22,9;23,6;22,9;23,4;22,8;100;96;100;244;1;,1;
2026/05/20;0000 UTC;0;1016;1016;1015,6;;23,1;23,1;23,2;22,9;23,2;22,9;100;100;100;225;,7;,4;
2026/05/20;0100 UTC;;;;;;;;;;;;;;;;;;
2026/05/20;0200 UTC;;;;;;;;;;;;;;;;;;
2026/05/20;0300 UTC;;;;;;;;;;;;;;;;;;
2026/05/20;0400 UTC;;;;;;;;;;;;;;;;;;
2026/05/20;0500 UTC;;;;;;;;;;;;;;;;;;
2026/05/20;0600 UTC;;;;;;;;;;;;;;;;;;
2026/05/20;0700 UTC;;;;;;;;;;;;;;;;;;
2026/05/20;0800 UTC;;;;;;;;;;;;;;;;;;
2026/05/20;0900 UTC;0;1015,2;1015,2;1014,6;7,9;23,6;;23,7;23,5;;;;;;82;3,8;,9;
2026/05/20;1000 UTC;;;;;;;;;;;;;;;;;;
2026/05/20;1100 UTC;0;1016,2;1016,2;1015,5;882,6;25,9;24,7;25,9;24,6;25,2;24,6;100;93;93;302;2,3;,8;
2026/05/20;1200 UTC;0;1016,5;1016,5;1016,1;1464,4;26,7;25;27,1;25,9;25,4;24,5;94;89;90;330;2,7;1,2;
2026/05/20;1300 UTC;,2;1016,4;1016,6;1016,4;1737,8;27,3;25,4;28,3;26,4;26,3;24,9;93;86;90;156;3,9;1;
2026/05/20;1400 UTC;;;;;;;;;;;;;;;;;;
2026/05/20;1500 UTC;;;;;;;;;;;;;;;;;;
2026/05/20;1600 UTC;;;;;;;;;;;;;;;;;;
2026/05/20;1700 UTC;;;;;;;;;;;;;;;;;;
2026/05/20;1800 UTC;;;;;;;;;;;;;;;;;;
2026/05/20;1900 UTC;;;;;;;;;;;;;;;;;;
2026/05/20;2000 UTC;;;;;;;;;;;;;;;;;;
2026/05/20;2100 UTC;;;;;;;;;;;;;;;;;;
2026/05/20;2200 UTC;;;;;;;;;;;;;;;;;;
2026/05/20;2300 UTC;;;;;;;;;;;;;;;;;;
2026/05/21;0000 UTC;;;;;;;;;;;;;;;;;;
2026/05/21;0100 UTC;;;;;;;;;;;;;;;;;;
2026/05/21;0200 UTC;;;;;;;;;;;;;;;;;;
2026/05/21;0300 UTC;;;;;;;;;;;;;;;;;;
2026/05/21;0400 UTC;;;;;;;;;;;;;;;;;;
2026/05/21;0500 UTC;;;;;;;;;;;;;;;;;;
2026/05/21;0600 UTC;;;;;;;;;;;;;;;;;;
2026/05/21;0700 UTC;;;;;;;;;;;;;;;;;;
2026/05/21;0800 UTC;;;;;;;;;;;;;;;;;;
2026/05/21;0900 UTC;;;;;;;;;;;;;;;;;;
2026/05/21;1000 UTC;;;;;;;;;;;;;;;;;;
2026/05/21;1100 UTC;;;;;;;;;;;;;;;;;;
2026/05/21;1200 UTC;;;;;;;;;;;;;;;;;;
2026/05/21;1300 UTC;;;;;;;;;;;;;;;;;;
2026/05/21;1400 UTC;;;;;;;;;;;;;;;;;;
2026/05/21;1500 UTC;;;;;;;;;;;;;;;;;;
2026/05/21;1600 UTC;;;;;;;;;;;;;;;;;;
2026/05/21;1700 UTC;;;;;;;;;;;;;;;;;;
2026/05/21;1800 UTC;;;;;;;;;;;;;;;;;;
2026/05/21;1900 UTC;;;;;;;;;;;;;;;;;;
2026/05/21;2000 UTC;;;;;;;;;;;;;;;;;;
2026/05/21;2100 UTC;;;;;;;;;;;;;;;;;;
2026/05/21;2200 UTC;;;;;;;;;;;;;;;;;;
2026/05/21;2300 UTC;0;1015,9;1015,9;1015,4;;24,3;24,3;24,5;24,2;24,5;24,2;100;100;100;292;1;,4;
2026/05/22;0000 UTC;0;1016,4;1016,4;1015,9;;24,1;24,1;24,3;23,9;24,3;23,9;100;100;100;287;,8;,4;
2026/05/22;0100 UTC;0;1016,7;1016,7;1016,4;;24,2;24,2;24,2;24;24,2;24,1;100;100;100;314;2,1;,8;
2026/05/22;0200 UTC;,2;1016,4;1016,7;1016,4;;24;;24,2;24;;;;;;243;2,1;,7;
2026/05/22;0300 UTC;0;1016,2;1016,5;1016,2;0;24;24;24,2;24;;;;;100;178;3,7;1;
2026/05/22;0400 UTC;0;1015,7;1016,2;1015,7;;23,8;23,8;24,2;23,8;24,2;23,8;100;100;100;114;3,4;,4;
2026/05/22;0500 UTC;0;1015,3;1015,8;1015,3;;23,7;23,7;23,8;23,4;23,7;23,4;100;100;100;109;1,5;,4;
2026/05/22;0600 UTC;0;1015;1015,3;1015;;24,1;23,4;24,2;23,7;23,9;23,4;100;95;95;108;2,1;,7;
2026/05/22;0700 UTC;0;1015,3;1015,3;1015;;23,9;23,7;24,3;23,9;23,9;23,2;99;95;99;93;2,8;,9;
2026/05/22;0800 UTC;0;1015,6;1015,7;1015,3;;23,1;23,1;23,9;23,1;23,8;23,1;100;99;100;55;3,2;,5;
2026/05/22;0900 UTC;0;1015,9;1015,9;1015,5;48;22,7;;23,1;22,6;23,1;22,6;100;100;;227;1;,4;
2026/05/22;1000 UTC;0;1016,4;1016,4;1015,9;650,8;25,8;24,8;25,9;22,7;;;;;94;267;1,2;,4;
2026/05/22;1100 UTC;0;1017;1017;1016,4;702,6;27,3;23,3;27,9;25,8;25,3;23,3;95;79;79;167;4,8;1,4;
2026/05/22;1200 UTC;0;1017,1;1017,1;1017;1729,1;27,8;23,8;28,9;27;24,6;23,2;83;74;79;149;4,5;1,4;
2026/05/22;1300 UTC;3;1017;1017,5;1017;2215,9;28,2;25,8;28,3;24,6;26,9;23,9;100;79;87;135;6,7;1,8;
2026/05/22;1400 UTC;0;1016,7;1017;1016,7;3548,8;28,4;24,1;29,3;28;26;23,8;87;76;77;131;7,7;2,3;
2026/05/22;1500 UTC;0;1015,7;1016,7;1015,7;3815,6;29;24,1;29,5;28,4;26;24,1;84;75;75;111;6,7;2;
2026/05/22;1600 UTC;0;1014,9;1015,7;1014,9;3657,9;28,5;24,8;29,4;28,4;24,9;23,4;81;72;81;106;6,4;2,8;
2026/05/22;1700 UTC;0;1014,5;1014,9;1014,5;2073,1;27,7;23,8;28,7;27,6;24,9;23,5;82;77;79;123;6,7;1,8;
2026/05/22;1800 UTC;0;1014,4;1014,5;1014,2;1371,6;26,8;24,1;27,7;26,8;24,1;22,3;85;76;85;139;7,7;2,1;
2026/05/22;1900 UTC;;;;;;;;;;;;;;;;;;
2026/05/22;2000 UTC;;;;;;;;;;;;;;;;;;
2026/05/22;2100 UTC;;;;;;;;;;;;;;;;;;
2026/05/22;2200 UTC;;;;;;;;;;;;;;;;;;
2026/05/22;2300 UTC;;;;;;;;;;;;;;;;;;
2026/05/23;0000 UTC;;;;;;;;;;;;;;;;;;
2026/05/23;0100 UTC;;;;;;;;;;;;;;;;;;
2026/05/23;0200 UTC;;;;;;;;;;;;;;;;;;
2026/05/23;0300 UTC;;;;;;;;;;;;;;;;;;
2026/05/23;0400 UTC;;;;;;;;;;;;;;;;;;
2026/05/23;0500 UTC;;;;;;;;;;;;;;;;;;
2026/05/23;0600 UTC;;;;;;;;;;;;;;;;;;
2026/05/23;0700 UTC;;;;;;;;;;;;;;;;;;
2026/05/23;0800 UTC;;;;;;;;;;;;;;;;;;
2026/05/23;0900 UTC;;;;;;;;;;;;;;;;;;
2026/05/23;1000 UTC;;;;;;;;;;;;;;;;;;
2026/05/23;1100 UTC;;;;;;;;;;;;;;;;;;
2026/05/23;1200 UTC;;;;;;;;;;;;;;;;;;
2026/05/23;1300 UTC;;;;;;;;;;;;;;;;;;
2026/05/23;1400 UTC;;;;;;;;;;;;;;;;;;
2026/05/23;1500 UTC;;;;;;;;;;;;;;;;;;
2026/05/23;1600 UTC;;;;;;;;;;;;;;;;;;
2026/05/23;1700 UTC;;;;;;;;;;;;;;;;;;
2026/05/23;1800 UTC;0;1014,4;1014,4;1014,2;2055;28,7;24,1;29,8;28,1;25;23,7;80;73;76;98;7;2,8;
2026/05/23;1900 UTC;0;1014,5;1014,6;1014,4;1122,8;27,9;23,5;28,9;27,4;24,3;23,2;79;74;77;91;7,4;2,4;
2026/05/23;2000 UTC;0;1014,7;1014,7;1014,5;382,9;26,8;23,2;27,9;26,8;23,6;23,1;81;76;81;101;6,7;2,1;
2026/05/23;2100 UTC;0;1014,9;1014,9;1014,7;3,1;25,9;23;26,8;25,9;23,2;22,7;84;80;84;111;6,3;1,6;
2026/05/23;2200 UTC;0;1015,4;1015,4;1014,9;;25,6;23,3;25,9;25,6;23,3;23;87;84;87;105;4,9;1,2;
2026/05/23;2300 UTC;0;1015,8;1015,8;1015,4;;25,2;23,5;25,7;25,2;23,6;23,3;90;87;90;114;3,5;1;
2026/05/24;0000 UTC;0;1015,7;1015,9;1015,7;;25,4;23,7;25,4;25,1;23,7;23,1;90;88;90;106;3,5;1;
2026/05/24;0100 UTC;0;1015,7;1015,9;1015,6;;25,7;23,5;25,9;25,5;23,9;23,5;90;88;88;107;4,5;1,2;
2026/05/24;0200 UTC;0;1015,6;1015,7;1015,5;;25,7;23,3;25,7;25,4;23,5;23,1;89;86;87;111;4,3;1,1;
2026/05/24;0300 UTC;0;1015,3;1015,6;1015,3;;25,6;23,2;26;25,6;23,3;23,1;87;85;86;101;3,9;1,2;
2026/05/24;0400 UTC;0;1014,5;1015,3;1014,5;;24,7;23,4;25,6;24,6;23,5;23,1;92;86;92;108;3,9;,8;
2026/05/24;0500 UTC;0;1014;1014,5;1014;;24,9;23,2;24,9;24,6;23,4;23,1;92;91;91;110;4;1,4;
2026/05/24;0600 UTC;0;1013,6;1014;1013,6;;24,9;23,4;25,1;24,8;23,4;23,2;92;90;92;107;4,5;1,1;
2026/05/24;0700 UTC;0;1013,6;1013,7;1013,6;;24,8;22,9;25,2;24,8;23,5;22,8;92;88;89;110;5,7;1,1;
2026/05/24;0800 UTC;0;1013,9;1013,9;1013,6;;25,5;23,5;25,5;24,7;23,5;22,8;91;88;89;101;5,3;1,4;
2026/05/24;0900 UTC;0;1014,4;1014,4;1013,9;44,7;25;22,8;25,5;24,7;23,5;22,3;89;86;88;108;4,7;,8;
2026/05/24;1000 UTC;1;1014,9;1014,9;1014,4;377;25;24,5;25,2;24,5;24,6;22,9;99;88;97;97;5,2;1,3;
2026/05/24;1100 UTC;,2;1015,5;1015,5;1014,9;868,7;26,4;23,2;26,5;25;24,4;22,8;97;82;83;99;5,4;2,1;
2026/05/24;1200 UTC;0;1015,8;1015,8;1015,5;2464,1;28,9;23,4;29,3;26,4;24,2;22,9;83;71;72;101;7,2;2,4;
2026/05/24;1300 UTC;0;1015,7;1015,9;1015,7;3459,2;29,6;23,5;29,8;28,9;24,3;21,9;74;65;70;109;6,9;2,6;
2026/05/24;1400 UTC;0;1015,2;1015,8;1015,2;3645,7;30,5;23,5;30,5;28,6;23,9;21,7;70;62;66;101;7,7;2,3;
2026/05/24;1500 UTC;0;1014,6;1015,2;1014,6;2957;29,4;22,4;30,6;28,5;23,2;21;69;61;66;112;6,9;1,4;
2026/05/24;1600 UTC;0;1014,1;1014,6;1014,1;4003,4;30;22;30,6;29,4;23,2;21,7;67;60;62;133;6,9;2;
2026/05/24;1700 UTC;0;1013,6;1014,1;1013,6;3363;30,5;23,5;30,6;28,8;23,8;21,4;70;61;66;131;6,3;1,6;
2026/05/24;1800 UTC;0;1013,5;1013,7;1013,4;2929,3;29,1;21,8;30,5;29,1;23,6;21,6;69;61;65;118;5,3;1,8;
2026/05/24;1900 UTC;0;1013,9;1013,9;1013,5;1855,9;28,3;21,9;29,7;28,3;22,7;21,3;68;62;68;120;4,8;1,6;
2026/05/24;2000 UTC;0;1014,3;1014,3;1013,9;510,4;26,2;21,5;28,5;26,2;22,1;21,3;75;67;75;124;4,4;1,2;
2026/05/24;2100 UTC;0;1014,6;1014,6;1014,3;3,3;25,2;22,3;26,2;25,2;22,5;21,5;85;75;84;126;3;1;
2026/05/24;2200 UTC;0;1015,2;1015,2;1014,6;;25,2;22,3;25,2;24,8;22,4;21,9;85;84;84;119;3,1;,8;
2026/05/24;2300 UTC;0;1015,5;1015,5;1015,2;;25,1;22,6;25,5;25,1;22,7;22,4;86;83;86;121;4,1;,9;
2026/05/25;0000 UTC;0;1015,8;1015,8;1015,5;;25,5;22,5;25,5;25;22,9;22,5;87;84;84;114;3,8;1,2;
2026/05/25;0100 UTC;0;1015,8;1016;1015,8;;25,1;22,3;25,5;25;22,8;22,3;86;84;84;117;3,5;1;
2026/05/25;0200 UTC;0;1015,5;1015,8;1015,5;;23,8;22,1;25,1;23,8;22,3;22;90;84;90;125;3,5;,7;
2026/05/25;0300 UTC;0;1015,1;1015,6;1015,1;;23,6;22,8;23,8;23,4;22,8;22,1;95;90;95;176;2,1;,3;
2026/05/25;0400 UTC;0;1014,6;1015,2;1014,6;;23,3;22,4;23,9;23,3;23,2;22,4;97;94;95;82;3,4;,4;
2026/05/25;0500 UTC;0;1014,2;1014,6;1014,2;;23,4;22,2;23,5;23,2;22,7;22,2;95;93;93;100;2;,6;
2026/05/25;0600 UTC;;;;;;;;;;;;;;;;;;
2026/05/25;0700 UTC;0;1014,1;1014,1;1013,9;;21,9;21,4;22,8;21,8;21,5;20,9;97;90;97;194;1,2;,2;
2026/05/25;0800 UTC;0;1014,7;1014,7;1014,1;;21,2;21,2;22;21,2;21,9;21,2;100;98;100;220;,8;,3;
2026/05/25;0900 UTC;0;1015,1;1015,1;1014,7;30,2;20,5;;21,3;20,5;;;100;100;;294;,9;,4;
2026/05/25;1000 UTC;;;;;;;;;;;;;;;;;;
2026/05/25;1100 UTC;;;;;;;;;;;;;;;;;;
2026/05/25;1200 UTC;;;;;;;;;;;;;;;;;;
2026/05/25;1300 UTC;;;;;;;;;;;;;;;;;;
2026/05/25;1400 UTC;;;;;;;;;;;;;;;;;;
2026/05/25;1500 UTC;;;;;;;;;;;;;;;;;;
2026/05/25;1600 UTC;;;;;;;;;;;;;;;;;;
2026/05/25;1700 UTC;;;;;;;;;;;;;;;;;;
2026/05/25;1800 UTC;;;;;;;;;;;;;;;;;;
2026/05/25;1900 UTC;;;;;;;;;;;;;;;;;;
2026/05/25;2000 UTC;;;;;;;;;;;;;;;;;;
2026/05/25;2100 UTC;;;;;;;;;;;;;;;;;;
2026/05/25;2200 UTC;;;;;;;;;;;;;;;;;;
2026/05/25;2300 UTC;;;;;;;;;;;;;;;;;;
2026/05/26;0000 UTC;;;;;;;;;;;;;;;;;;
2026/05/26;0100 UTC;;;;;;;;;;;;;;;;;;
2026/05/26;0200 UTC;;;;;;;;;;;;;;;;;;
2026/05/26;0300 UTC;;;;;;;;;;;;;;;;;;
2026/05/26;0400 UTC;;;;;;;;;;;;;;;;;;
2026/05/26;0500 UTC;;;;;;;;;;;;;;;;;;
2026/05/26;0600 UTC;;;;;;;;;;;;;;;;;;
2026/05/26;0700 UTC;;;;;;;;;;;;;;;;;;
2026/05/26;0800 UTC;;;;;;;;;;;;;;;;;;
2026/05/26;0900 UTC;;;;;;;;;;;;;;;;;;
2026/05/26;1000 UTC;;;;;;;;;;;;;;;;;;
2026/05/26;1100 UTC;;;;;;;;;;;;;;;;;;
2026/05/26;1200 UTC;;;;;;;;;;;;;;;;;;
2026/05/26;1300 UTC;;;;;;;;;;;;;;;;;;
2026/05/26;1400 UTC;;;;;;;;;;;;;;;;;;
2026/05/26;1500 UTC;;;;;;;;;;;;;;;;;;
2026/05/26;1600 UTC;;;;;;;;;;;;;;;;;;
2026/05/26;1700 UTC;;;;;;;;;;;;;;;;;;
2026/05/26;1800 UTC;;;;;;;;;;;;;;;;;;
2026/05/26;1900 UTC;;;;;;;;;;;;;;;;;;
2026/05/26;2000 UTC;;;;;;;;;;;;;;;;;;
2026/05/26;2100 UTC;;;;;;;;;;;;;;;;;;
2026/05/26;2200 UTC;;;;;;;;;;;;;;;;;;
2026/05/26;2300 UTC;;;;;;;;;;;;;;;;;;
2026/05/27;0000 UTC;;;;;;;;;;;;;;;;;;
2026/05/27;0100 UTC;;;;;;;;;;;;;;;;;;
2026/05/27;0200 UTC;;;;;;;;;;;;;;;;;;
2026/05/27;0300 UTC;;;;;;;;;;;;;;;;;;
2026/05/27;0400 UTC;;;;;;;;;;;;;;;;;;
2026/05/27;0500 UTC;;;;;;;;;;;;;;;;;;
2026/05/27;0600 UTC;;;;;;;;;;;;;;;;;;
2026/05/27;0700 UTC;;;;;;;;;;;;;;;;;;
2026/05/27;0800 UTC;;;;;;;;;;;;;;;;;;
2026/05/27;0900 UTC;;;;;;;;;;;;;;;;;;
2026/05/27;1000 UTC;;;;;;;;;;;;;;;;;;
2026/05/27;1100 UTC;;;;;;;;;;;;;;;;;;
2026/05/27;1200 UTC;;;;;;;;;;;;;;;;;;
2026/05/27;1300 UTC;;;;;;;;;;;;;;;;;;
2026/05/27;1400 UTC;;;;;;;;;;;;;;;;;;
2026/05/27;1500 UTC;;;;;;;;;;;;;;;;;;
2026/05/27;1600 UTC;;;;;;;;;;;;;;;;;;
2026/05/27;1700 UTC;;;;;;;;;;;;;;;;;;
2026/05/27;1800 UTC;;;;;;;;;;;;;;;;;;
2026/05/27;1900 UTC;;;;;;;;;;;;;;;;;;
2026/05/27;2000 UTC;;;;;;;;;;;;;;;;;;
2026/05/27;2100 UTC;;;;;;;;;;;;;;;;;;
2026/05/27;2200 UTC;;;;;;;;;;;;;;;;;;
2026/05/27;2300 UTC;;;;;;;;;;;;;;;;;;
2026/05/28;0000 UTC;;;;;;;;;;;;;;;;;;
2026/05/28;0100 UTC;;;;;;;;;;;;;;;;;;
2026/05/28;0200 UTC;;;;;;;;;;;;;;;;;;
2026/05/28;0300 UTC;;;;;;;;;;;;;;;;;;
2026/05/28;0400 UTC;;;;;;;;;;;;;;;;;;
2026/05/28;0500 UTC;;;;;;;;;;;;;;;;;;
2026/05/28;0600 UTC;;;;;;;;;;;;;;;;;;
2026/05/28;0700 UTC;;;;;;;;;;;;;;;;;;
2026/05/28;0800 UTC;;;;;;;;;;;;;;;;;;
2026/05/28;0900 UTC;;;;;;;;;;;;;;;;;;
2026/05/28;1000 UTC;;;;;;;;;;;;;;;;;;
2026/05/28;1100 UTC;;;;;;;;;;;;;;;;;;
2026/05/28;1200 UTC;;;;;;;;;;;;;;;;;;
2026/05/28;1300 UTC;;;;;;;;;;;;;;;;;;
2026/05/28;1400 UTC;;;;;;;;;;;;;;;;;;
2026/05/28;1500 UTC;;;;;;;;;;;;;;;;;;
2026/05/28;1600 UTC;;;;;;;;;;;;;;;;;;
2026/05/28;1700 UTC;;;;;;;;;;;;;;;;;;
2026/05/28;1800 UTC;;;;;;;;;;;;;;;;;;
2026/05/28;1900 UTC;;;;;;;;;;;;;;;;;;
2026/05/28;2000 UTC;;;;;;;;;;;;;;;;;;
2026/05/28;2100 UTC;;;;;;;;;;;;;;;;;;
2026/05/28;2200 UTC;;;;;;;;;;;;;;;;;;
2026/05/28;2300 UTC;;;;;;;;;;;;;;;;;;
2026/05/29;0000 UTC;;;;;;;;;;;;;;;;;;
2026/05/29;0100 UTC;;;;;;;;;;;;;;;;;;
2026/05/29;0200 UTC;;;;;;;;;;;;;;;;;;
2026/05/29;0300 UTC;;;;;;;;;;;;;;;;;;
2026/05/29;0400 UTC;;;;;;;;;;;;;;;;;;
2026/05/29;0500 UTC;;;;;;;;;;;;;;;;;;
2026/05/29;0600 UTC;;;;;;;;;;;;;;;;;;
2026/05/29;0700 UTC;;;;;;;;;;;;;;;;;;
2026/05/29;0800 UTC;;;;;;;;;;;;;;;;;;
2026/05/29;0900 UTC;;;;;;;;;;;;;;;;;;
2026/05/29;1000 UTC;;;;;;;;;;;;;;;;;;
2026/05/29;1100 UTC;;;;;;;;;;;;;;;;;;
2026/05/29;1200 UTC;;;;;;;;;;;;;;;;;;
2026/05/29;1300 UTC;;;;;;;;;;;;;;;;;;
2026/05/29;1400 UTC;;;;;;;;;;;;;;;;;;
2026/05/29;1500 UTC;;;;;;;;;;;;;;;;;;
2026/05/29;1600 UTC;;;;;;;;;;;;;;;;;;
2026/05/29;1700 UTC;;;;;;;;;;;;;;;;;;
2026/05/29;1800 UTC;;;;;;;;;;;;;;;;;;
2026/05/29;1900 UTC;;;;;;;;;;;;;;;;;;
2026/05/29;2000 UTC;;;;;;;;;;;;;;;;;;
2026/05/29;2100 UTC;;;;;;;;;;;;;;;;;;
2026/05/29;2200 UTC;;;;;;;;;;;;;;;;;;
2026/05/29;2300 UTC;;;;;;;;;;;;;;;;;;
2026/05/30;0000 UTC;;;;;;;;;;;;;;;;;;
2026/05/30;0100 UTC;;;;;;;;;;;;;;;;;;
2026/05/30;0200 UTC;;;;;;;;;;;;;;;;;;
2026/05/30;0300 UTC;;;;;;;;;;;;;;;;;;
2026/05/30;0400 UTC;;;;;;;;;;;;;;;;;;
2026/05/30;0500 UTC;;;;;;;;;;;;;;;;;;
2026/05/30;0600 UTC;;;;;;;;;;;;;;;;;;
2026/05/30;0700 UTC;;;;;;;;;;;;;;;;;;
2026/05/30;0800 UTC;;;;;;;;;;;;;;;;;;
2026/05/30;0900 UTC;;;;;;;;;;;;;;;;;;
2026/05/30;1000 UTC;;;;;;;;;;;;;;;;;;
2026/05/30;1100 UTC;;;;;;;;;;;;;;;;;;
2026/05/30;1200 UTC;;;;;;;;;;;;;;;;;;
2026/05/30;1300 UTC;;;;;;;;;;;;;;;;;;
2026/05/30;1400 UTC;;;;;;;;;;;;;;;;;;
2026/05/30;1500 UTC;;;;;;;;;;;;;;;;;;
2026/05/30;1600 UTC;;;;;;;;;;;;;;;;;;
2026/05/30;1700 UTC;;;;;;;;;;;;;;;;;;
2026/05/30;1800 UTC;;;;;;;;;;;;;;;;;;
2026/05/30;1900 UTC;;;;;;;;;;;;;;;;;;
2026/05/30;2000 UTC;;;;;;;;;;;;;;;;;;
2026/05/30;2100 UTC;;;;;;;;;;;;;;;;;;
2026/05/30;2200 UTC;;;;;;;;;;;;;;;;;;
2026/05/30;2300 UTC;;;;;;;;;;;;;;;;;;
2026/05/31;0000 UTC;;;;;;;;;;;;;;;;;;
2026/05/31;0100 UTC;;;;;;;;;;;;;;;;;;
2026/05/31;0200 UTC;;;;;;;;;;;;;;;;;;
2026/05/31;0300 UTC;;;;;;;;;;;;;;;;;;
2026/05/31;0400 UTC;;;;;;;;;;;;;;;;;;
2026/05/31;0500 UTC;;;;;;;;;;;;;;;;;;
2026/05/31;0600 UTC;;;;;;;;;;;;;;;;;;
2026/05/31;0700 UTC;;;;;;;;;;;;;;;;;;
2026/05/31;0800 UTC;;;;;;;;;;;;;;;;;;
2026/05/31;0900 UTC;;;;;;;;;;;;;;;;;;
2026/05/31;1000 UTC;;;;;;;;;;;;;;;;;;
2026/05/31;1100 UTC;;;;;;;;;;;;;;;;;;
2026/05/31;1200 UTC;;;;;;;;;;;;;;;;;;
2026/05/31;1300 UTC;;;;;;;;;;;;;;;;;;
2026/05/31;1400 UTC;;;;;;;;;;;;;;;;;;
2026/05/31;1500 UTC;;;;;;;;;;;;;;;;;;
2026/05/31;1600 UTC;;;;;;;;;;;;;;;;;;
2026/05/31;1700 UTC;;;;;;;;;;;;;;;;;;
2026/05/31;1800 UTC;;;;;;;;;;;;;;;;;;
2026/05/31;1900 UTC;;;;;;;;;;;;;;;;;;
2026/05/31;2000 UTC;;;;;;;;;;;;;;;;;;
2026/05/31;2100 UTC;;;;;;;;;;;;;;;;;;
2026/05/31;2200 UTC;;;;;;;;;;;;;;;;;;
2026/05/31;2300 UTC;;;;;;;;;;;;;;;;;;
2026/06/01;0000 UTC;;;;;;;;;;;;;;;;;;
2026/06/01;0100 UTC;;;;;;;;;;;;;;;;;;
2026/06/01;0200 UTC;;;;;;;;;;;;;;;;;;
2026/06/01;0300 UTC;;;;;;;;;;;;;;;;;;
2026/06/01;0400 UTC;;;;;;;;;;;;;;;;;;
2026/06/01;0500 UTC;;;;;;;;;;;;;;;;;;
2026/06/01;0600 UTC;;;;;;;;;;;;;;;;;;
2026/06/01;0700 UTC;;;;;;;;;;;;;;;;;;
2026/06/01;0800 UTC;;;;;;;;;;;;;;;;;;
2026/06/01;0900 UTC;;;;;;;;;;;;;;;;;;
2026/06/01;1000 UTC;;;;;;;;;;;;;;;;;;
2026/06/01;1100 UTC;;;;;;;;;;;;;;;;;;
2026/06/01;1200 UTC;;;;;;;;;;;;;;;;;;
2026/06/01;1300 UTC;;;;;;;;;;;;;;;;;;
2026/06/01;1400 UTC;;;;;;;;;;;;;;;;;;
2026/06/01;1500 UTC;;;;;;;;;;;;;;;;;;
2026/06/01;1600 UTC;;;;;;;;;;;;;;;;;;
2026/06/01;1700 UTC;;;;;;;;;;;;;;;;;;
2026/06/01;1800 UTC;;;;;;;;;;;;;;;;;;
2026/06/01;1900 UTC;;;;;;;;;;;;;;;;;;
2026/06/01;2000 UTC;;;;;;;;;;;;;;;;;;
2026/06/01;2100 UTC;;;;;;;;;;;;;;;;;;
2026/06/01;2200 UTC;;;;;;;;;;;;;;;;;;
2026/06/01;2300 UTC;;;;;;;;;;;;;;;;;;
2026/06/02;0000 UTC;;;;;;;;;;;;;;;;;;
2026/06/02;0100 UTC;;;;;;;;;;;;;;;;;;
2026/06/02;0200 UTC;;;;;;;;;;;;;;;;;;
2026/06/02;0300 UTC;;;;;;;;;;;;;;;;;;
2026/06/02;0400 UTC;;;;;;;;;;;;;;;;;;
2026/06/02;0500 UTC;;;;;;;;;;;;;;;;;;
2026/06/02;0600 UTC;;;;;;;;;;;;;;;;;;
2026/06/02;0700 UTC;;;;;;;;;;;;;;;;;;
2026/06/02;0800 UTC;;;;;;;;;;;;;;;;;;
2026/06/02;0900 UTC;;;;;;;;;;;;;;;;;;
2026/06/02;1000 UTC;;;;;;;;;;;;;;;;;;
2026/06/02;1100 UTC;;;;;;;;;;;;;;;;;;
2026/06/02;1200 UTC;;;;;;;;;;;;;;;;;;
2026/06/02;1300 UTC;;;;;;;;;;;;;;;;;;
2026/06/02;1400 UTC;;;;;;;;;;;;;;;;;;
2026/06/02;1500 UTC;;;;;;;;;;;;;;;;;;
2026/06/02;1600 UTC;;;;;;;;;;;;;;;;;;
2026/06/02;1700 UTC;;;;;;;;;;;;;;;;;;
2026/06/02;1800 UTC;;;;;;;;;;;;;;;;;;
2026/06/02;1900 UTC;;;;;;;;;;;;;;;;;;
2026/06/02;2000 UTC;;;;;;;;;;;;;;;;;;
2026/06/02;2100 UTC;;;;;;;;;;;;;;;;;;
2026/06/02;2200 UTC;;;;;;;;;;;;;;;;;;
2026/06/02;2300 UTC;;;;;;;;;;;;;;;;;;
2026/06/03;0000 UTC;;;;;;;;;;;;;;;;;;
2026/06/03;0100 UTC;;;;;;;;;;;;;;;;;;
2026/06/03;0200 UTC;;;;;;;;;;;;;;;;;;
2026/06/03;0300 UTC;;;;;;;;;;;;;;;;;;
2026/06/03;0400 UTC;;;;;;;;;;;;;;;;;;
2026/06/03;0500 UTC;;;;;;;;;;;;;;;;;;
2026/06/03;0600 UTC;;;;;;;;;;;;;;;;;;
2026/06/03;0700 UTC;;;;;;;;;;;;;;;;;;
2026/06/03;0800 UTC;;;;;;;;;;;;;;;;;;
2026/06/03;0900 UTC;;;;;;;;;;;;;;;;;;
2026/06/03;1000 UTC;;;;;;;;;;;;;;;;;;
2026/06/03;1100 UTC;;;;;;;;;;;;;;;;;;
2026/06/03;1200 UTC;;;;;;;;;;;;;;;;;;
2026/06/03;1300 UTC;;;;;;;;;;;;;;;;;;
2026/06/03;1400 UTC;;;;;;;;;;;;;;;;;;
2026/06/03;1500 UTC;;;;;;;;;;;;;;;;;;
2026/06/03;1600 UTC;;;;;;;;;;;;;;;;;;
2026/06/03;1700 UTC;;;;;;;;;;;;;;;;;;
2026/06/03;1800 UTC;;;;;;;;;;;;;;;;;;
2026/06/03;1900 UTC;;;;;;;;;;;;;;;;;;
2026/06/03;2000 UTC;;;;;;;;;;;;;;;;;;
2026/06/03;2100 UTC;;;;;;;;;;;;;;;;;;
2026/06/03;2200 UTC;;;;;;;;;;;;;;;;;;
2026/06/03;2300 UTC;;;;;;;;;;;;;;;;;;
2026/06/04;0000 UTC;;;;;;;;;;;;;;;;;;
2026/06/04;0100 UTC;;;;;;;;;;;;;;;;;;
2026/06/04;0200 UTC;;;;;;;;;;;;;;;;;;
2026/06/04;0300 UTC;;;;;;;;;;;;;;;;;;
2026/06/04;0400 UTC;;;;;;;;;;;;;;;;;;
2026/06/04;0500 UTC;;;;;;;;;;;;;;;;;;
2026/06/04;0600 UTC;;;;;;;;;;;;;;;;;;
2026/06/04;0700 UTC;;;;;;;;;;;;;;;;;;
2026/06/04;0800 UTC;;;;;;;;;;;;;;;;;;
2026/06/04;0900 UTC;;;;;;;;;;;;;;;;;;
2026/06/04;1000 UTC;;;;;;;;;;;;;;;;;;
2026/06/04;1100 UTC;;;;;;;;;;;;;;;;;;
2026/06/04;1200 UTC;;;;;;;;;;;;;;;;;;
2026/06/04;1300 UTC;;;;;;;;;;;;;;;;;;
2026/06/04;1400 UTC;;;;;;;;;;;;;;;;;;
2026/06/04;1500 UTC;;;;;;;;;;;;;;;;;;
2026/06/04;1600 UTC;;;;;;;;;;;;;;;;;;
2026/06/04;1700 UTC;;;;;;;;;;;;;;;;;;
2026/06/04;1800 UTC;;;;;;;;;;;;;;;;;;
2026/06/04;1900 UTC;;;;;;;;;;;;;;;;;;
2026/06/04;2000 UTC;;;;;;;;;;;;;;;;;;
2026/06/04;2100 UTC;;;;;;;;;;;;;;;;;;
2026/06/04;2200 UTC;;;;;;;;;;;;;;;;;;
2026/06/04;2300 UTC;;;;;;;;;;;;;;;;;;
2026/06/05;0000 UTC;;;;;;;;;;;;;;;;;;
2026/06/05;0100 UTC;;;;;;;;;;;;;;;;;;
2026/06/05;0200 UTC;;;;;;;;;;;;;;;;;;
2026/06/05;0300 UTC;;;;;;;;;;;;;;;;;;
2026/06/05;0400 UTC;;;;;;;;;;;;;;;;;;
2026/06/05;0500 UTC;;;;;;;;;;;;;;;;;;
2026/06/05;0600 UTC;;;;;;;;;;;;;;;;;;
2026/06/05;0700 UTC;;;;;;;;;;;;;;;;;;
2026/06/05;0800 UTC;;;;;;;;;;;;;;;;;;
2026/06/05;0900 UTC;;;;;;;;;;;;;;;;;;
2026/06/05;1000 UTC;;;;;;;;;;;;;;;;;;
2026/06/05;1100 UTC;;;;;;;;;;;;;;;;;;
2026/06/05;1200 UTC;;;;;;;;;;;;;;;;;;
2026/06/05;1300 UTC;;;;;;;;;;;;;;;;;;
2026/06/05;1400 UTC;;;;;;;;;;;;;;;;;;
2026/06/05;1500 UTC;;;;;;;;;;;;;;;;;;
2026/06/05;1600 UTC;;;;;;;;;;;;;;;;;;
2026/06/05;1700 UTC;;;;;;;;;;;;;;;;;;
2026/06/05;1800 UTC;;;;;;;;;;;;;;;;;;
2026/06/05;1900 UTC;;;;;;;;;;;;;;;;;;
2026/06/05;2000 UTC;;;;;;;;;;;;;;;;;;
2026/06/05;2100 UTC;;;;;;;;;;;;;;;;;;
2026/06/05;2200 UTC;;;;;;;;;;;;;;;;;;
2026/06/05;2300 UTC;;;;;;;;;;;;;;;;;;
2026/06/06;0000 UTC;;;;;;;;;;;;;;;;;;
2026/06/06;0100 UTC;;;;;;;;;;;;;;;;;;
2026/06/06;0200 UTC;;;;;;;;;;;;;;;;;;
2026/06/06;0300 UTC;;;;;;;;;;;;;;;;;;
2026/06/06;0400 UTC;;;;;;;;;;;;;;;;;;
2026/06/06;0500 UTC;;;;;;;;;;;;;;;;;;
2026/06/06;0600 UTC;;;;;;;;;;;;;;;;;;
2026/06/06;0700 UTC;;;;;;;;;;;;;;;;;;
2026/06/06;0800 UTC;;;;;;;;;;;;;;;;;;
2026/06/06;0900 UTC;;;;;;;;;;;;;;;;;;
2026/06/06;1000 UTC;;;;;;;;;;;;;;;;;;
2026/06/06;1100 UTC;;;;;;;;;;;;;;;;;;
2026/06/06;1200 UTC;;;;;;;;;;;;;;;;;;
2026/06/06;1300 UTC;;;;;;;;;;;;;;;;;;
2026/06/06;1400 UTC;;;;;;;;;;;;;;;;;;
2026/06/06;1500 UTC;;;;;;;;;;;;;;;;;;
2026/06/06;1600 UTC;;;;;;;;;;;;;;;;;;
2026/06/06;1700 UTC;;;;;;;;;;;;;;;;;;
2026/06/06;1800 UTC;;;;;;;;;;;;;;;;;;
2026/06/06;1900 UTC;;;;;;;;;;;;;;;;;;
2026/06/06;2000 UTC;;;;;;;;;;;;;;;;;;
2026/06/06;2100 UTC;;;;;;;;;;;;;;;;;;
2026/06/06;2200 UTC;;;;;;;;;;;;;;;;;;
2026/06/06;2300 UTC;;;;;;;;;;;;;;;;;;
2026/06/07;0000 UTC;;;;;;;;;;;;;;;;;;
2026/06/07;0100 UTC;;;;;;;;;;;;;;;;;;
2026/06/07;0200 UTC;;;;;;;;;;;;;;;;;;
2026/06/07;0300 UTC;;;;;;;;;;;;;;;;;;
2026/06/07;0400 UTC;;;;;;;;;;;;;;;;;;
2026/06/07;0500 UTC;;;;;;;;;;;;;;;;;;
2026/06/07;0600 UTC;;;;;;;;;;;;;;;;;;
2026/06/07;0700 UTC;;;;;;;;;;;;;;;;;;
2026/06/07;0800 UTC;;;;;;;;;;;;;;;;;;
2026/06/07;0900 UTC;;;;;;;;;;;;;;;;;;
2026/06/07;1000 UTC;;;;;;;;;;;;;;;;;;
2026/06/07;1100 UTC;;;;;;;;;;;;;;;;;;
2026/06/07;1200 UTC;;;;;;;;;;;;;;;;;;
2026/06/07;1300 UTC;;;;;;;;;;;;;;;;;;
2026/06/07;1400 UTC;;;;;;;;;;;;;;;;;;
2026/06/07;1500 UTC;;;;;;;;;;;;;;;;;;
2026/06/07;1600 UTC;;;;;;;;;;;;;;;;;;
2026/06/07;1700 UTC;;;;;;;;;;;;;;;;;;
2026/06/07;1800 UTC;;;;;;;;;;;;;;;;;;
2026/06/07;1900 UTC;;;;;;;;;;;;;;;;;;
2026/06/07;2000 UTC;;;;;;;;;;;;;;;;;;
2026/06/07;2100 UTC;;;;;;;;;;;;;;;;;;
2026/06/07;2200 UTC;;;;;;;;;;;;;;;;;;
2026/06/07;2300 UTC;;;;;;;;;;;;;;;;;;
2026/06/08;0000 UTC;;;;;;;;;;;;;;;;;;
2026/06/08;0100 UTC;;;;;;;;;;;;;;;;;;
2026/06/08;0200 UTC;;;;;;;;;;;;;;;;;;
2026/06/08;0300 UTC;;;;;;;;;;;;;;;;;;
2026/06/08;0400 UTC;;;;;;;;;;;;;;;;;;
2026/06/08;0500 UTC;;;;;;;;;;;;;;;;;;
2026/06/08;0600 UTC;;;;;;;;;;;;;;;;;;
2026/06/08;0700 UTC;;;;;;;;;;;;;;;;;;
2026/06/08;0800 UTC;;;;;;;;;;;;;;;;;;
2026/06/08;0900 UTC;;;;;;;;;;;;;;;;;;
2026/06/08;1000 UTC;;;;;;;;;;;;;;;;;;
2026/06/08;1100 UTC;;;;;;;;;;;;;;;;;;
2026/06/08;1200 UTC;;;;;;;;;;;;;;;;;;
2026/06/08;1300 UTC;;;;;;;;;;;;;;;;;;
2026/06/08;1400 UTC;;;;;;;;;;;;;;;;;;
2026/06/08;1500 UTC;;;;;;;;;;;;;;;;;;
2026/06/08;1600 UTC;;;;;;;;;;;;;;;;;;
2026/06/08;1700 UTC;;;;;;;;;;;;;;;;;;
2026/06/08;1800 UTC;;;;;;;;;;;;;;;;;;
2026/06/08;1900 UTC;;;;;;;;;;;;;;;;;;
2026/06/08;2000 UTC;;;;;;;;;;;;;;;;;;
2026/06/08;2100 UTC;;;;;;;;;;;;;;;;;;
2026/06/08;2200 UTC;;;;;;;;;;;;;;;;;;
2026/06/08;2300 UTC;;;;;;;;;;;;;;;;;;
2026/06/09;0000 UTC;;;;;;;;;;;;;;;;;;
2026/06/09;0100 UTC;;;;;;;;;;;;;;;;;;
2026/06/09;0200 UTC;;;;;;;;;;;;;;;;;;
2026/06/09;0300 UTC;;;;;;;;;;;;;;;;;;
2026/06/09;0400 UTC;;;;;;;;;;;;;;;;;;
2026/06/09;0500 UTC;;;;;;;;;;;;;;;;;;
2026/06/09;0600 UTC;;;;;;;;;;;;;;;;;;
2026/06/09;0700 UTC;;;;;;;;;;;;;;;;;;
2026/06/09;0800 UTC;;;;;;;;;;;;;;;;;;
2026/06/09;0900 UTC;;;;;;;;;;;;;;;;;;
2026/06/09;1000 UTC;;;;;;;;;;;;;;;;;;
2026/06/09;1100 UTC;;;;;;;;;;;;;;;;;;
2026/06/09;1200 UTC;;;;;;;;;;;;;;;;;;
2026/06/09;1300 UTC;;;;;;;;;;;;;;;;;;
2026/06/09;1400 UTC;;;;;;;;;;;;;;;;;;
2026/06/09;1500 UTC;;;;;;;;;;;;;;;;;;
2026/06/09;1600 UTC;;;;;;;;;;;;;;;;;;
2026/06/09;1700 UTC;;;;;;;;;;;;;;;;;;
2026/06/09;1800 UTC;;;;;;;;;;;;;;;;;;
2026/06/09;1900 UTC;;;;;;;;;;;;;;;;;;
2026/06/09;2000 UTC;;;;;;;;;;;;;;;;;;
2026/06/09;2100 UTC;;;;;;;;;;;;;;;;;;
2026/06/09;2200 UTC;;;;;;;;;;;;;;;;;;
2026/06/09;2300 UTC;;;;;;;;;;;;;;;;;;
2026/06/10;0000 UTC;;;;;;;;;;;;;;;;;;
2026/06/10;0100 UTC;;;;;;;;;;;;;;;;;;
2026/06/10;0200 UTC;;;;;;;;;;;;;;;;;;
2026/06/10;0300 UTC;;;;;;;;;;;;;;;;;;
2026/06/10;0400 UTC;;;;;;;;;;;;;;;;;;
2026/06/10;0500 UTC;;;;;;;;;;;;;;;;;;
2026/06/10;0600 UTC;;;;;;;;;;;;;;;;;;
2026/06/10;0700 UTC;;;;;;;;;;;;;;;;;;
2026/06/10;0800 UTC;;;;;;;;;;;;;;;;;;
2026/06/10;0900 UTC;;;;;;;;;;;;;;;;;;
2026/06/10;1000 UTC;;;;;;;;;;;;;;;;;;
2026/06/10;1100 UTC;;;;;;;;;;;;;;;;;;
2026/06/10;1200 UTC;;;;;;;;;;;;;;;;;;
2026/06/10;1300 UTC;;;;;;;;;;;;;;;;;;
2026/06/10;1400 UTC;;;;;;;;;;;;;;;;;;
2026/06/10;1500 UTC;;;;;;;;;;;;;;;;;;
2026/06/10;1600 UTC;;;;;;;;;;;;;;;;;;
2026/06/10;1700 UTC;;;;;;;;;;;;;;;;;;
2026/06/10;1800 UTC;;;;;;;;;;;;;;;;;;
2026/06/10;1900 UTC;;;;;;;;;;;;;;;;;;
2026/06/10;2000 UTC;;;;;;;;;;;;;;;;;;
2026/06/10;2100 UTC;;;;;;;;;;;;;;;;;;
2026/06/10;2200 UTC;;;;;;;;;;;;;;;;;;
2026/06/10;2300 UTC;;;;;;;;;;;;;;;;;;
2026/06/11;0000 UTC;;;;;;;;;;;;;;;;;;
2026/06/11;0100 UTC;;;;;;;;;;;;;;;;;;
2026/06/11;0200 UTC;;;;;;;;;;;;;;;;;;
2026/06/11;0300 UTC;;;;;;;;;;;;;;;;;;
2026/06/11;0400 UTC;;;;;;;;;;;;;;;;;;
2026/06/11;0500 UTC;;;;;;;;;;;;;;;;;;
2026/06/11;0600 UTC;;;;;;;;;;;;;;;;;;
2026/06/11;0700 UTC;;;;;;;;;;;;;;;;;;
2026/06/11;0800 UTC;;;;;;;;;;;;;;;;;;
2026/06/11;0900 UTC;;;;;;;;;;;;;;;;;;
2026/06/11;1000 UTC;;;;;;;;;;;;;;;;;;
2026/06/11;1100 UTC;;;;;;;;;;;;;;;;;;
2026/06/11;1200 UTC;;;;;;;;;;;;;;;;;;
2026/06/11;1300 UTC;;;;;;;;;;;;;;;;;;
2026/06/11;1400 UTC;;;;;;;;;;;;;;;;;;
2026/06/11;1500 UTC;;;;;;;;;;;;;;;;;;
2026/06/11;1600 UTC;;;;;;;;;;;;;;;;;;
2026/06/11;1700 UTC;;;;;;;;;;;;;;;;;;
2026/06/11;1800 UTC;;;;;;;;;;;;;;;;;;
2026/06/11;1900 UTC;;;;;;;;;;;;;;;;;;
2026/06/11;2000 UTC;;;;;;;;;;;;;;;;;;
2026/06/11;2100 UTC;;;;;;;;;;;;;;;;;;
2026/06/11;2200 UTC;;;;;;;;;;;;;;;;;;
2026/06/11;2300 UTC;;;;;;;;;;;;;;;;;;
2026/06/12;0000 UTC;;;;;;;;;;;;;;;;;;
2026/06/12;0100 UTC;;;;;;;;;;;;;;;;;;
2026/06/12;0200 UTC;;;;;;;;;;;;;;;;;;
2026/06/12;0300 UTC;;;;;;;;;;;;;;;;;;
2026/06/12;0400 UTC;;;;;;;;;;;;;;;;;;
2026/06/12;0500 UTC;;;;;;;;;;;;;;;;;;
2026/06/12;0600 UTC;;;;;;;;;;;;;;;;;;
2026/06/12;0700 UTC;;;;;;;;;;;;;;;;;;
2026/06/12;0800 UTC;;;;;;;;;;;;;;;;;;
2026/06/12;0900 UTC;;;;;;;;;;;;;;;;;;
2026/06/12;1000 UTC;;;;;;;;;;;;;;;;;;
2026/06/12;1100 UTC;;;;;;;;;;;;;;;;;;
2026/06/12;1200 UTC;;;;;;;;;;;;;;;;;;
2026/06/12;1300 UTC;;;;;;;;;;;;;;;;;;
2026/06/12;1400 UTC;;;;;;;;;;;;;;;;;;
2026/06/12;1500 UTC;;;;;;;;;;;;;;;;;;
2026/06/12;1600 UTC;;;;;;;;;;;;;;;;;;
2026/06/12;1700 UTC;;;;;;;;;;;;;;;;;;
2026/06/12;1800 UTC;;;;;;;;;;;;;;;;;;
2026/06/12;1900 UTC;;;;;;;;;;;;;;;;;;
2026/06/12;2000 UTC;;;;;;;;;;;;;;;;;;
2026/06/12;2100 UTC;;;;;;;;;;;;;;;;;;
2026/06/12;2200 UTC;;;;;;;;;;;;;;;;;;
2026/06/12;2300 UTC;;;;;;;;;;;;;;;;;;
2026/06/13;0000 UTC;;;;;;;;;;;;;;;;;;
2026/06/13;0100 UTC;;;;;;;;;;;;;;;;;;
2026/06/13;0200 UTC;;;;;;;;;;;;;;;;;;
2026/06/13;0300 UTC;;;;;;;;;;;;;;;;;;
2026/06/13;0400 UTC;;;;;;;;;;;;;;;;;;
2026/06/13;0500 UTC;;;;;;;;;;;;;;;;;;
2026/06/13;0600 UTC;;;;;;;;;;;;;;;;;;
2026/06/13;0700 UTC;;;;;;;;;;;;;;;;;;
2026/06/13;0800 UTC;;;;;;;;;;;;;;;;;;
2026/06/13;0900 UTC;;;;;;;;;;;;;;;;;;
2026/06/13;1000 UTC;;;;;;;;;;;;;;;;;;
2026/06/13;1100 UTC;;;;;;;;;;;;;;;;;;
2026/06/13;1200 UTC;;;;;;;;;;;;;;;;;;
2026/06/13;1300 UTC;;;;;;;;;;;;;;;;;;
2026/06/13;1400 UTC;;;;;;;;;;;;;;;;;;
2026/06/13;1500 UTC;;;;;;;;;;;;;;;;;;
2026/06/13;1600 UTC;;;;;;;;;;;;;;;;;;
2026/06/13;1700 UTC;;;;;;;;;;;;;;;;;;
2026/06/13;1800 UTC;;;;;;;;;;;;;;;;;;
2026/06/13;1900 UTC;;;;;;;;;;;;;;;;;;
2026/06/13;2000 UTC;;;;;;;;;;;;;;;;;;
2026/06/13;2100 UTC;;;;;;;;;;;;;;;;;;
2026/06/13;2200 UTC;;;;;;;;;;;;;;;;;;
2026/06/13;2300 UTC;;;;;;;;;;;;;;;;;;
2026/06/14;0000 UTC;;;;;;;;;;;;;;;;;;
2026/06/14;0100 UTC;;;;;;;;;;;;;;;;;;
2026/06/14;0200 UTC;;;;;;;;;;;;;;;;;;
2026/06/14;0300 UTC;;;;;;;;;;;;;;;;;;
2026/06/14;0400 UTC;;;;;;;;;;;;;;;;;;
2026/06/14;0500 UTC;;;;;;;;;;;;;;;;;;
2026/06/14;0600 UTC;;;;;;;;;;;;;;;;;;
2026/06/14;0700 UTC;;;;;;;;;;;;;;;;;;
2026/06/14;0800 UTC;;;;;;;;;;;;;;;;;;
2026/06/14;0900 UTC;;;;;;;;;;;;;;;;;;
2026/06/14;1000 UTC;;;;;;;;;;;;;;;;;;
2026/06/14;1100 UTC;;;;;;;;;;;;;;;;;;
2026/06/14;1200 UTC;;;;;;;;;;;;;;;;;;
2026/06/14;1300 UTC;;;;;;;;;;;;;;;;;;
2026/06/14;1400 UTC;;;;;;;;;;;;;;;;;;
2026/06/14;1500 UTC;;;;;;;;;;;;;;;;;;
2026/06/14;1600 UTC;;;;;;;;;;;;;;;;;;
2026/06/14;1700 UTC;;;;;;;;;;;;;;;;;;
2026/06/14;1800 UTC;;;;;;;;;;;;;;;;;;
2026/06/14;1900 UTC;;;;;;;;;;;;;;;;;;
2026/06/14;2000 UTC;;;;;;;;;;;;;;;;;;
2026/06/14;2100 UTC;;;;;;;;;;;;;;;;;;
2026/06/14;2200 UTC;;;;;;;;;;;;;;;;;;
2026/06/14;2300 UTC;;;;;;;;;;;;;;;;;;
2026/06/15;0000 UTC;;;;;;;;;;;;;;;;;;
2026/06/15;0100 UTC;;;;;;;;;;;;;;;;;;
2026/06/15;0200 UTC;;;;;;;;;;;;;;;;;;
2026/06/15;0300 UTC;;;;;;;;;;;;;;;;;;
2026/06/15;0400 UTC;;;;;;;;;;;;;;;;;;
2026/06/15;0500 UTC;;;;;;;;;;;;;;;;;;
2026/06/15;0600 UTC;;;;;;;;;;;;;;;;;;
2026/06/15;0700 UTC;;;;;;;;;;;;;;;;;;
2026/06/15;0800 UTC;;;;;;;;;;;;;;;;;;
2026/06/15;0900 UTC;;;;;;;;;;;;;;;;;;
2026/06/15;1000 UTC;;;;;;;;;;;;;;;;;;
2026/06/15;1100 UTC;;;;;;;;;;;;;;;;;;
2026/06/15;1200 UTC;;;;;;;;;;;;;;;;;;
2026/06/15;1300 UTC;;;;;;;;;;;;;;;;;;
2026/06/15;1400 UTC;;;;;;;;;;;;;;;;;;
2026/06/15;1500 UTC;;;;;;;;;;;;;;;;;;
2026/06/15;1600 UTC;;;;;;;;;;;;;;;;;;
2026/06/15;1700 UTC;;;;;;;;;;;;;;;;;;
2026/06/15;1800 UTC;;;;;;;;;;;;;;;;;;
2026/06/15;1900 UTC;;;;;;;;;;;;;;;;;;
2026/06/15;2000 UTC;;;;;;;;;;;;;;;;;;
2026/06/15;2100 UTC;;;;;;;;;;;;;;;;;;
2026/06/15;2200 UTC;;;;;;;;;;;;;;;;;;
2026/06/15;2300 UTC;;;;;;;;;;;;;;;;;;
2026/06/16;0000 UTC;;;;;;;;;;;;;;;;;;
2026/06/16;0100 UTC;;;;;;;;;;;;;;;;;;
2026/06/16;0200 UTC;;;;;;;;;;;;;;;;;;
2026/06/16;0300 UTC;;;;;;;;;;;;;;;;;;
2026/06/16;0400 UTC;;;;;;;;;;;;;;;;;;
2026/06/16;0500 UTC;;;;;;;;;;;;;;;;;;
2026/06/16;0600 UTC;;;;;;;;;;;;;;;;;;
2026/06/16;0700 UTC;;;;;;;;;;;;;;;;;;
2026/06/16;0800 UTC;;;;;;;;;;;;;;;;;;
2026/06/16;0900 UTC;;;;;;;;;;;;;;;;;;
2026/06/16;1000 UTC;;;;;;;;;;;;;;;;;;
2026/06/16;1100 UTC;;;;;;;;;;;;;;;;;;
2026/06/16;1200 UTC;;;;;;;;;;;;;;;;;;
2026/06/16;1300 UTC;;;;;;;;;;;;;;;;;;
2026/06/16;1400 UTC;;;;;;;;;;;;;;;;;;
2026/06/16;1500 UTC;;;;;;;;;;;;;;;;;;
2026/06/16;1600 UTC;;;;;;;;;;;;;;;;;;
2026/06/16;1700 UTC;;;;;;;;;;;;;;;;;;
2026/06/16;1800 UTC;;;;;;;;;;;;;;;;;;
2026/06/16;1900 UTC;;;;;;;;;;;;;;;;;;
2026/06/16;2000 UTC;;;;;;;;;;;;;;;;;;
2026/06/16;2100 UTC;;;;;;;;;;;;;;;;;;
2026/06/16;2200 UTC;;;;;;;;;;;;;;;;;;
2026/06/16;2300 UTC;;;;;;;;;;;;;;;;;;
2026/06/17;0000 UTC;;;;;;;;;;;;;;;;;;
2026/06/17;0100 UTC;;;;;;;;;;;;;;;;;;
2026/06/17;0200 UTC;;;;;;;;;;;;;;;;;;
2026/06/17;0300 UTC;;;;;;;;;;;;;;;;;;
2026/06/17;0400 UTC;;;;;;;;;;;;;;;;;;
2026/06/17;0500 UTC;;;;;;;;;;;;;;;;;;
2026/06/17;0600 UTC;;;;;;;;;;;;;;;;;;
2026/06/17;0700 UTC;;;;;;;;;;;;;;;;;;
2026/06/17;0800 UTC;;;;;;;;;;;;;;;;;;
2026/06/17;0900 UTC;;;;;;;;;;;;;;;;;;
2026/06/17;1000 UTC;;;;;;;;;;;;;;;;;;
2026/06/17;1100 UTC;;;;;;;;;;;;;;;;;;
2026/06/17;1200 UTC;;;;;;;;;;;;;;;;;;
2026/06/17;1300 UTC;;;;;;;;;;;;;;;;;;
2026/06/17;1400 UTC;;;;;;;;;;;;;;;;;;
2026/06/17;1500 UTC;;;;;;;;;;;;;;;;;;
2026/06/17;1600 UTC;;;;;;;;;;;;;;;;;;
2026/06/17;1700 UTC;;;;;;;;;;;;;;;;;;
2026/06/17;1800 UTC;;;;;;;;;;;;;;;;;;
2026/06/17;1900 UTC;;;;;;;;;;;;;;;;;;
2026/06/17;2000 UTC;;;;;;;;;;;;;;;;;;
2026/06/17;2100 UTC;;;;;;;;;;;;;;;;;;
2026/06/17;2200 UTC;;;;;;;;;;;;;;;;;;
2026/06/17;2300 UTC;;;;;;;;;;;;;;;;;;
2026/06/18;0000 UTC;;;;;;;;;;;;;;;;;;
2026/06/18;0100 UTC;;;;;;;;;;;;;;;;;;
2026/06/18;0200 UTC;;;;;;;;;;;;;;;;;;
2026/06/18;0300 UTC;;;;;;;;;;;;;;;;;;
2026/06/18;0400 UTC;;;;;;;;;;;;;;;;;;
2026/06/18;0500 UTC;;;;;;;;;;;;;;;;;;
2026/06/18;0600 UTC;;;;;;;;;;;;;;;;;;
2026/06/18;0700 UTC;;;;;;;;;;;;;;;;;;
2026/06/18;0800 UTC;;;;;;;;;;;;;;;;;;
2026/06/18;0900 UTC;;;;;;;;;;;;;;;;;;
2026/06/18;1000 UTC;;;;;;;;;;;;;;;;;;
2026/06/18;1100 UTC;;;;;;;;;;;;;;;;;;
2026/06/18;1200 UTC;;;;;;;;;;;;;;;;;;
2026/06/18;1300 UTC;;;;;;;;;;;;;;;;;;
2026/06/18;1400 UTC;;;;;;;;;;;;;;;;;;
2026/06/18;1500 UTC;;;;;;;;;;;;;;;;;;
2026/06/18;1600 UTC;;;;;;;;;;;;;;;;;;
2026/06/18;1700 UTC;;;;;;;;;;;;;;;;;;
2026/06/18;1800 UTC;;;;;;;;;;;;;;;;;;
2026/06/18;1900 UTC;;;;;;;;;;;;;;;;;;
2026/06/18;2000 UTC;;;;;;;;;;;;;;;;;;
2026/06/18;2100 UTC;;;;;;;;;;;;;;;;;;
2026/06/18;2200 UTC;;;;;;;;;;;;;;;;;;
2026/06/18;2300 UTC;;;;;;;;;;;;;;;;;;
2026/06/19;0000 UTC;;;;;;;;;;;;;;;;;;
2026/06/19;0100 UTC;;;;;;;;;;;;;;;;;;
2026/06/19;0200 UTC;;;;;;;;;;;;;;;;;;
2026/06/19;0300 UTC;;;;;;;;;;;;;;;;;;
2026/06/19;0400 UTC;;;;;;;;;;;;;;;;;;
2026/06/19;0500 UTC;;;;;;;;;;;;;;;;;;
2026/06/19;0600 UTC;;;;;;;;;;;;;;;;;;
2026/06/19;0700 UTC;;;;;;;;;;;;;;;;;;
2026/06/19;0800 UTC;;;;;;;;;;;;;;;;;;
2026/06/19;0900 UTC;;;;;;;;;;;;;;;;;;
2026/06/19;1000 UTC;;;;;;;;;;;;;;;;;;
2026/06/19;1100 UTC;;;;;;;;;;;;;;;;;;
2026/06/19;1200 UTC;;;;;;;;;;;;;;;;;;
2026/06/19;1300 UTC;;;;;;;;;;;;;;;;;;
2026/06/19;1400 UTC;;;;;;;;;;;;;;;;;;
2026/06/19;1500 UTC;;;;;;;;;;;;;;;;;;
2026/06/19;1600 UTC;;;;;;;;;;;;;;;;;;
2026/06/19;1700 UTC;;;;;;;;;;;;;;;;;;
2026/06/19;1800 UTC;;;;;;;;;;;;;;;;;;
2026/06/19;1900 UTC;;;;;;;;;;;;;;;;;;
2026/06/19;2000 UTC;;;;;;;;;;;;;;;;;;
2026/06/19;2100 UTC;;;;;;;;;;;;;;;;;;
2026/06/19;2200 UTC;;;;;;;;;;;;;;;;;;
2026/06/19;2300 UTC;;;;;;;;;;;;;;;;;;
2026/06/20;0000 UTC;;;;;;;;;;;;;;;;;;
2026/06/20;0100 UTC;;;;;;;;;;;;;;;;;;
2026/06/20;0200 UTC;;;;;;;;;;;;;;;;;;
2026/06/20;0300 UTC;;;;;;;;;;;;;;;;;;
2026/06/20;0400 UTC;;;;;;;;;;;;;;;;;;
2026/06/20;0500 UTC;;;;;;;;;;;;;;;;;;
2026/06/20;0600 UTC;;;;;;;;;;;;;;;;;;
2026/06/20;0700 UTC;;;;;;;;;;;;;;;;;;
2026/06/20;0800 UTC;;;;;;;;;;;;;;;;;;
2026/06/20;0900 UTC;;;;;;;;;;;;;;;;;;
2026/06/20;1000 UTC;;;;;;;;;;;;;;;;;;
2026/06/20;1100 UTC;;;;;;;;;;;;;;;;;;
2026/06/20;1200 UTC;;;;;;;;;;;;;;;;;;
2026/06/20;1300 UTC;;;;;;;;;;;;;;;;;;
2026/06/20;1400 UTC;;;;;;;;;;;;;;;;;;
2026/06/20;1500 UTC;;;;;;;;;;;;;;;;;;
2026/06/20;1600 UTC;;;;;;;;;;;;;;;;;;
2026/06/20;1700 UTC;;;;;;;;;;;;;;;;;;
2026/06/20;1800 UTC;;;;;;;;;;;;;;;;;;
2026/06/20;1900 UTC;;;;;;;;;;;;;;;;;;
2026/06/20;2000 UTC;;;;;;;;;;;;;;;;;;
2026/06/20;2100 UTC;;;;;;;;;;;;;;;;;;
2026/06/20;2200 UTC;;;;;;;;;;;;;;;;;;
2026/06/20;2300 UTC;;;;;;;;;;;;;;;;;;
2026/06/21;0000 UTC;;;;;;;;;;;;;;;;;;
2026/06/21;0100 UTC;;;;;;;;;;;;;;;;;;
2026/06/21;0200 UTC;;;;;;;;;;;;;;;;;;
2026/06/21;0300 UTC;;;;;;;;;;;;;;;;;;
2026/06/21;0400 UTC;;;;;;;;;;;;;;;;;;
2026/06/21;0500 UTC;;;;;;;;;;;;;;;;;;
2026/06/21;0600 UTC;;;;;;;;;;;;;;;;;;
2026/06/21;0700 UTC;;;;;;;;;;;;;;;;;;
2026/06/21;0800 UTC;;;;;;;;;;;;;;;;;;
2026/06/21;0900 UTC;;;;;;;;;;;;;;;;;;
2026/06/21;1000 UTC;;;;;;;;;;;;;;;;;;
2026/06/21;1100 UTC;;;;;;;;;;;;;;;;;;
2026/06/21;1200 UTC;;;;;;;;;;;;;;;;;;
2026/06/21;1300 UTC;;;;;;;;;;;;;;;;;;
2026/06/21;1400 UTC;;;;;;;;;;;;;;;;;;
2026/06/21;1500 UTC;;;;;;;;;;;;;;;;;;
2026/06/21;1600 UTC;;;;;;;;;;;;;;;;;;
2026/06/21;1700 UTC;;;;;;;;;;;;;;;;;;
2026/06/21;1800 UTC;;;;;;;;;;;;;;;;;;
2026/06/21;1900 UTC;;;;;;;;;;;;;;;;;;
2026/06/21;2000 UTC;;;;;;;;;;;;;;;;;;
2026/06/21;2100 UTC;;;;;;;;;;;;;;;;;;
2026/06/21;2200 UTC;;;;;;;;;;;;;;;;;;
2026/06/21;2300 UTC;;;;;;;;;;;;;;;;;;
2026/06/22;0000 UTC;;;;;;;;;;;;;;;;;;
2026/06/22;0100 UTC;;;;;;;;;;;;;;;;;;
2026/06/22;0200 UTC;;;;;;;;;;;;;;;;;;
2026/06/22;0300 UTC;;;;;;;;;;;;;;;;;;
2026/06/22;0400 UTC;;;;;;;;;;;;;;;;;;
2026/06/22;0500 UTC;;;;;;;;;;;;;;;;;;
2026/06/22;0600 UTC;;;;;;;;;;;;;;;;;;
2026/06/22;0700 UTC;;;;;;;;;;;;;;;;;;
2026/06/22;0800 UTC;;;;;;;;;;;;;;;;;;
2026/06/22;0900 UTC;;;;;;;;;;;;;;;;;;
2026/06/22;1000 UTC;;;;;;;;;;;;;;;;;;
2026/06/22;1100 UTC;;;;;;;;;;;;;;;;;;
2026/06/22;1200 UTC;;;;;;;;;;;;;;;;;;
2026/06/22;1300 UTC;;;;;;;;;;;;;;;;;;
2026/06/22;1400 UTC;;;;;;;;;;;;;;;;;;
2026/06/22;1500 UTC;;;;;;;;;;;;;;;;;;
2026/06/22;1600 UTC;;;;;;;;;;;;;;;;;;
2026/06/22;1700 UTC;;;;;;;;;;;;;;;;;;
2026/06/22;1800 UTC;;;;;;;;;;;;;;;;;;
2026/06/22;1900 UTC;;;;;;;;;;;;;;;;;;
2026/06/22;2000 UTC;;;;;;;;;;;;;;;;;;
2026/06/22;2100 UTC;;;;;;;;;;;;;;;;;;
2026/06/22;2200 UTC;;;;;;;;;;;;;;;;;;
2026/06/22;2300 UTC;;;;;;;;;;;;;;;;;;
2026/06/23;0000 UTC;;;;;;;;;;;;;;;;;;
2026/06/23;0100 UTC;;;;;;;;;;;;;;;;;;
2026/06/23;0200 UTC;;;;;;;;;;;;;;;;;;
2026/06/23;0300 UTC;;;;;;;;;;;;;;;;;;
2026/06/23;0400 UTC;;;;;;;;;;;;;;;;;;
2026/06/23;0500 UTC;;;;;;;;;;;;;;;;;;
2026/06/23;0600 UTC;;;;;;;;;;;;;;;;;;
2026/06/23;0700 UTC;;;;;;;;;;;;;;;;;;
2026/06/23;0800 UTC;;;;;;;;;;;;;;;;;;
2026/06/23;0900 UTC;;;;;;;;;;;;;;;;;;
2026/06/23;1000 UTC;;;;;;;;;;;;;;;;;;
2026/06/23;1100 UTC;;;;;;;;;;;;;;;;;;
2026/06/23;1200 UTC;;;;;;;;;;;;;;;;;;
2026/06/23;1300 UTC;;;;;;;;;;;;;;;;;;
2026/06/23;1400 UTC;;;;;;;;;;;;;;;;;;
2026/06/23;1500 UTC;;;;;;;;;;;;;;;;;;
2026/06/23;1600 UTC;;;;;;;;;;;;;;;;;;
2026/06/23;1700 UTC;;;;;;;;;;;;;;;;;;
2026/06/23;1800 UTC;;;;;;;;;;;;;;;;;;
2026/06/23;1900 UTC;;;;;;;;;;;;;;;;;;
2026/06/23;2000 UTC;;;;;;;;;;;;;;;;;;
2026/06/23;2100 UTC;;;;;;;;;;;;;;;;;;
2026/06/23;2200 UTC;;;;;;;;;;;;;;;;;;
2026/06/23;2300 UTC;;;;;;;;;;;;;;;;;;
2026/06/24;0000 UTC;;;;;;;;;;;;;;;;;;
2026/06/24;0100 UTC;;;;;;;;;;;;;;;;;;
2026/06/24;0200 UTC;;;;;;;;;;;;;;;;;;
2026/06/24;0300 UTC;;;;;;;;;;;;;;;;;;
2026/06/24;0400 UTC;;;;;;;;;;;;;;;;;;
2026/06/24;0500 UTC;;;;;;;;;;;;;;;;;;
2026/06/24;0600 UTC;;;;;;;;;;;;;;;;;;
2026/06/24;0700 UTC;;;;;;;;;;;;;;;;;;
2026/06/24;0800 UTC;;;;;;;;;;;;;;;;;;
2026/06/24;0900 UTC;;;;;;;;;;;;;;;;;;
2026/06/24;1000 UTC;;;;;;;;;;;;;;;;;;
2026/06/24;1100 UTC;;;;;;;;;;;;;;;;;;
2026/06/24;1200 UTC;;;;;;;;;;;;;;;;;;
2026/06/24;1300 UTC;;;;;;;;;;;;;;;;;;
2026/06/24;1400 UTC;;;;;;;;;;;;;;;;;;
2026/06/24;1500 UTC;;;;;;;;;;;;;;;;;;
2026/06/24;1600 UTC;;;;;;;;;;;;;;;;;;
2026/06/24;1700 UTC;;;;;;;;;;;;;;;;;;
2026/06/24;1800 UTC;;;;;;;;;;;;;;;;;;
2026/06/24;1900 UTC;;;;;;;;;;;;;;;;;;
2026/06/24;2000 UTC;;;;;;;;;;;;;;;;;;
2026/06/24;2100 UTC;;;;;;;;;;;;;;;;;;
2026/06/24;2200 UTC;;;;;;;;;;;;;;;;;;
2026/06/24;2300 UTC;;;;;;;;;;;;;;;;;;
2026/06/25;0000 UTC;;;;;;;;;;;;;;;;;;
2026/06/25;0100 UTC;;;;;;;;;;;;;;;;;;
2026/06/25;0200 UTC;;;;;;;;;;;;;;;;;;
2026/06/25;0300 UTC;;;;;;;;;;;;;;;;;;
2026/06/25;0400 UTC;;;;;;;;;;;;;;;;;;
2026/06/25;0500 UTC;;;;;;;;;;;;;;;;;;
2026/06/25;0600 UTC;;;;;;;;;;;;;;;;;;
2026/06/25;0700 UTC;;;;;;;;;;;;;;;;;;
2026/06/25;0800 UTC;;;;;;;;;;;;;;;;;;
2026/06/25;0900 UTC;;;;;;;;;;;;;;;;;;
2026/06/25;1000 UTC;;;;;;;;;;;;;;;;;;
2026/06/25;1100 UTC;;;;;;;;;;;;;;;;;;
2026/06/25;1200 UTC;;;;;;;;;;;;;;;;;;
2026/06/25;1300 UTC;;;;;;;;;;;;;;;;;;
2026/06/25;1400 UTC;;;;;;;;;;;;;;;;;;
2026/06/25;1500 UTC;;;;;;;;;;;;;;;;;;
2026/06/25;1600 UTC;;;;;;;;;;;;;;;;;;
2026/06/25;1700 UTC;;;;;;;;;;;;;;;;;;
2026/06/25;1800 UTC;;;;;;;;;;;;;;;;;;
2026/06/25;1900 UTC;;;;;;;;;;;;;;;;;;
2026/06/25;2000 UTC;;;;;;;;;;;;;;;;;;
2026/06/25;2100 UTC;;;;;;;;;;;;;;;;;;
2026/06/25;2200 UTC;;;;;;;;;;;;;;;;;;
2026/06/25;2300 UTC;;;;;;;;;;;;;;;;;;
2026/06/26;0000 UTC;;;;;;;;;;;;;;;;;;
2026/06/26;0100 UTC;;;;;;;;;;;;;;;;;;
2026/06/26;0200 UTC;;;;;;;;;;;;;;;;;;
2026/06/26;0300 UTC;;;;;;;;;;;;;;;;;;
2026/06/26;0400 UTC;;;;;;;;;;;;;;;;;;
2026/06/26;0500 UTC;;;;;;;;;;;;;;;;;;
2026/06/26;0600 UTC;;;;;;;;;;;;;;;;;;
2026/06/26;0700 UTC;;;;;;;;;;;;;;;;;;
2026/06/26;0800 UTC;;;;;;;;;;;;;;;;;;
2026/06/26;0900 UTC;;;;;;;;;;;;;;;;;;
2026/06/26;1000 UTC;;;;;;;;;;;;;;;;;;
2026/06/26;1100 UTC;;;;;;;;;;;;;;;;;;
2026/06/26;1200 UTC;;;;;;;;;;;;;;;;;;
2026/06/26;1300 UTC;;;;;;;;;;;;;;;;;;
2026/06/26;1400 UTC;;;;;;;;;;;;;;;;;;
2026/06/26;1500 UTC;;;;;;;;;;;;;;;;;;
2026/06/26;1600 UTC;;;;;;;;;;;;;;;;;;
2026/06/26;1700 UTC;;;;;;;;;;;;;;;;;;
2026/06/26;1800 UTC;;;;;;;;;;;;;;;;;;
2026/06/26;1900 UTC;;;;;;;;;;;;;;;;;;
2026/06/26;2000 UTC;;;;;;;;;;;;;;;;;;
2026/06/26;2100 UTC;;;;;;;;;;;;;;;;;;
2026/06/26;2200 UTC;;;;;;;;;;;;;;;;;;
2026/06/26;2300 UTC;;;;;;;;;;;;;;;;;;
2026/06/27;0000 UTC;;;;;;;;;;;;;;;;;;
2026/06/27;0100 UTC;;;;;;;;;;;;;;;;;;
2026/06/27;0200 UTC;;;;;;;;;;;;;;;;;;
2026/06/27;0300 UTC;;;;;;;;;;;;;;;;;;
2026/06/27;0400 UTC;;;;;;;;;;;;;;;;;;
2026/06/27;0500 UTC;;;;;;;;;;;;;;;;;;
2026/06/27;0600 UTC;;;;;;;;;;;;;;;;;;
2026/06/27;0700 UTC;;;;;;;;;;;;;;;;;;
2026/06/27;0800 UTC;;;;;;;;;;;;;;;;;;
2026/06/27;0900 UTC;;;;;;;;;;;;;;;;;;
2026/06/27;1000 UTC;;;;;;;;;;;;;;;;;;
2026/06/27;1100 UTC;;;;;;;;;;;;;;;;;;
2026/06/27;1200 UTC;;;;;;;;;;;;;;;;;;
2026/06/27;1300 UTC;;;;;;;;;;;;;;;;;;
2026/06/27;1400 UTC;;;;;;;;;;;;;;;;;;
2026/06/27;1500 UTC;;;;;;;;;;;;;;;;;;
2026/06/27;1600 UTC;;;;;;;;;;;;;;;;;;
2026/06/27;1700 UTC;;;;;;;;;;;;;;;;;;
2026/06/27;1800 UTC;;;;;;;;;;;;;;;;;;
2026/06/27;1900 UTC;;;;;;;;;;;;;;;;;;
2026/06/27;2000 UTC;;;;;;;;;;;;;;;;;;
2026/06/27;2100 UTC;;;;;;;;;;;;;;;;;;
2026/06/27;2200 UTC;;;;;;;;;;;;;;;;;;
2026/06/27;2300 UTC;;;;;;;;;;;;;;;;;;
2026/06/28;0000 UTC;;;;;;;;;;;;;;;;;;
2026/06/28;0100 UTC;;;;;;;;;;;;;;;;;;
2026/06/28;0200 UTC;;;;;;;;;;;;;;;;;;
2026/06/28;0300 UTC;;;;;;;;;;;;;;;;;;
2026/06/28;0400 UTC;;;;;;;;;;;;;;;;;;
2026/06/28;0500 UTC;;;;;;;;;;;;;;;;;;
2026/06/28;0600 UTC;;;;;;;;;;;;;;;;;;
2026/06/28;0700 UTC;;;;;;;;;;;;;;;;;;
2026/06/28;0800 UTC;;;;;;;;;;;;;;;;;;
2026/06/28;0900 UTC;;;;;;;;;;;;;;;;;;
2026/06/28;1000 UTC;;;;;;;;;;;;;;;;;;
2026/06/28;1100 UTC;;;;;;;;;;;;;;;;;;
2026/06/28;1200 UTC;;;;;;;;;;;;;;;;;;
2026/06/28;1300 UTC;;;;;;;;;;;;;;;;;;
2026/06/28;1400 UTC;;;;;;;;;;;;;;;;;;
2026/06/28;1500 UTC;;;;;;;;;;;;;;;;;;
2026/06/28;1600 UTC;;;;;;;;;;;;;;;;;;
2026/06/28;1700 UTC;;;;;;;;;;;;;;;;;;
2026/06/28;1800 UTC;;;;;;;;;;;;;;;;;;
2026/06/28;1900 UTC;;;;;;;;;;;;;;;;;;
2026/06/28;2000 UTC;;;;;;;;;;;;;;;;;;
2026/06/28;2100 UTC;;;;;;;;;;;;;;;;;;
2026/06/28;2200 UTC;;;;;;;;;;;;;;;;;;
2026/06/28;2300 UTC;;;;;;;;;;;;;;;;;;
2026/06/29;0000 UTC;;;;;;;;;;;;;;;;;;
2026/06/29;0100 UTC;;;;;;;;;;;;;;;;;;
2026/06/29;0200 UTC;;;;;;;;;;;;;;;;;;
2026/06/29;0300 UTC;;;;;;;;;;;;;;;;;;
2026/06/29;0400 UTC;;;;;;;;;;;;;;;;;;
2026/06/29;0500 UTC;;;;;;;;;;;;;;;;;;
2026/06/29;0600 UTC;;;;;;;;;;;;;;;;;;
2026/06/29;0700 UTC;;;;;;;;;;;;;;;;;;
2026/06/29;0800 UTC;;;;;;;;;;;;;;;;;;
2026/06/29;0900 UTC;;;;;;;;;;;;;;;;;;
2026/06/29;1000 UTC;;;;;;;;;;;;;;;;;;
2026/06/29;1100 UTC;;;;;;;;;;;;;;;;;;
2026/06/29;1200 UTC;;;;;;;;;;;;;;;;;;
2026/06/29;1300 UTC;;;;;;;;;;;;;;;;;;
2026/06/29;1400 UTC;;;;;;;;;;;;;;;;;;
2026/06/29;1500 UTC;;;;;;;;;;;;;;;;;;
2026/06/29;1600 UTC;;;;;;;;;;;;;;;;;;
2026/06/29;1700 UTC;;;;;;;;;;;;;;;;;;
2026/06/29;1800 UTC;;;;;;;;;;;;;;;;;;
2026/06/29;1900 UTC;;;;;;;;;;;;;;;;;;
2026/06/29;2000 UTC;;;;;;;;;;;;;;;;;;
2026/06/29;2100 UTC;;;;;;;;;;;;;;;;;;
2026/06/29;2200 UTC;;;;;;;;;;;;;;;;;;
2026/06/29;2300 UTC;;;;;;;;;;;;;;;;;;
2026/06/30;0000 UTC;;;;;;;;;;;;;;;;;;
2026/06/30;0100 UTC;;;;;;;;;;;;;;;;;;
2026/06/30;0200 UTC;;;;;;;;;;;;;;;;;;
2026/06/30;0300 UTC;;;;;;;;;;;;;;;;;;
2026/06/30;0400 UTC;;;;;;;;;;;;;;;;;;
2026/06/30;0500 UTC;;;;;;;;;;;;;;;;;;
2026/06/30;0600 UTC;;;;;;;;;;;;;;;;;;
2026/06/30;0700 UTC;;;;;;;;;;;;;;;;;;
2026/06/30;0800 UTC;;;;;;;;;;;;;;;;;;
2026/06/30;0900 UTC;;;;;;;;;;;;;;;;;;
2026/06/30;1000 UTC;;;;;;;;;;;;;;;;;;
2026/06/30;1100 UTC;;;;;;;;;;;;;;;;;;
2026/06/30;1200 UTC;;;;;;;;;;;;;;;;;;
2026/06/30;1300 UTC;;;;;;;;;;;;;;;;;;
2026/06/30;1400 UTC;;;;;;;;;;;;;;;;;;
2026/06/30;1500 UTC;;;;;;;;;;;;;;;;;;
2026/06/30;1600 UTC;;;;;;;;;;;;;;;;;;
2026/06/30;1700 UTC;;;;;;;;;;;;;;;;;;
2026/06/30;1800 UTC;;;;;;;;;;;;;;;;;;
2026/06/30;1900 UTC;;;;;;;;;;;;;;;;;;
2026/06/30;2000 UTC;;;;;;;;;;;;;;;;;;
2026/06/30;2100 UTC;;;;;;;;;;;;;;;;;;
2026/06/30;2200 UTC;;;;;;;;;;;;;;;;;;
2026/06/30;2300 UTC;;;;;;;;;;;;;;;;;;
