"Data";"Hora (UTC)";"Temp. Ins. (C)";"Temp. Max. (C)";"Temp. Min. (C)";"Umi. Ins. (%)";"Umi. Max. (%)";"Umi. Min. (%)";"Pto Orvalho Ins. (C)";"Pto Orvalho Max. (C)";"Pto Orvalho Min. (C)";"Pressao Ins. (hPa)";"Pressao Max. (hPa)";"Pressao Min. (hPa)";"Vel. Vento (m/s)";"Dir. Vento (m/s)";"Raj. Vento (m/s)";"Radiacao (KJ/m²)";"Chuva (mm)"
"01/01/2022";"0000";"";"";"";"";"";"";"";"";"";"";"";"";"";"";"";"";""
"01/01/2022";"0100";"";"";"";"";"";"";"";"";"";"";"";"";"";"";"";"";""
"01/01/2022";"0200";"";"";"";"";"";"";"";"";"";"";"";"";"";"";"";"";""
"01/01/2022";"0300";"";"";"";"";"";"";"";"";"";"";"";"";"";"";"";"";""
"01/01/2022";"0400";"";"";"";"";"";"";"";"";"";"";"";"";"";"";"";"";""
"01/01/2022";"0500";"";"";"";"";"";"";"";"";"";"";"";"";"";"";"";"";""
"01/01/2022";"0600";"";"";"";"";"";"";"";"";"";"";"";"";"";"";"";"";""
"01/01/2022";"0700";"";"";"";"";"";"";"";"";"";"";"";"";"";"";"";"";""
"01/01/2022";"0800";"";"";"";"";"";"";"";"";"";"";"";"";"";"";"";"";""
"01/01/2022";"0900";"";"";"";"";"";"";"";"";"";"";"";"";"";"";"";"";""
"01/01/2022";"1000";"";"";"";"";"";"";"";"";"";"";"";"";"";"";"";"";""
"01/01/2022";"1100";"";"";"";"";"";"";"";"";"";"";"";"";"";"";"";"";""
"01/01/2022";"1200";"";"";"";"";"";"";"";"";"";"";"";"";"";"";"";"";""
"01/01/2022";"1300";"";"";"";"";"";"";"";"";"";"";"";"";"";"";"";"";""
"01/01/2022";"1400";"";"";"";"";"";"";"";"";"";"";"";"";"";"";"";"";""
"01/01/2022";"1500";"";"";"";"";"";"";"";"";"";"";"";"";"";"";"";"";""
"01/01/2022";"1600";"";"";"";"";"";"";"";"";"";"";"";"";"";"";"";"";""
"01/01/2022";"1700";"";"";"";"";"";"";"";"";"";"";"";"";"";"";"";"";""
"01/01/2022";"1800";"";"";"";"";"";"";"";"";"";"";"";"";"";"";"";"";""
"01/01/2022";"1900";"";"";"";"";"";"";"";"";"";"";"";"";"";"";"";"";""
"01/01/2022";"2000";"";"";"";"";"";"";"";"";"";"";"";"";"";"";"";"";""
"01/01/2022";"2100";"";"";"";"";"";"";"";"";"";"";"";"";"";"";"";"";""
"01/01/2022";"2200";"";"";"";"";"";"";"";"";"";"";"";"";"";"";"";"";""
"01/01/2022";"2300";"";"";"";"";"";"";"";"";"";"";"";"";"";"";"";"";""
"02/01/2022";"0000";"";"";"";"";"";"";"";"";"";"";"";"";"";"";"";"";""
"02/01/2022";"0100";"";"";"";"";"";"";"";"";"";"";"";"";"";"";"";"";""
"02/01/2022";"0200";"";"";"";"";"";"";"";"";"";"";"";"";"";"";"";"";""
"02/01/2022";"0300";"";"";"";"";"";"";"";"";"";"";"";"";"";"";"";"";""
"02/01/2022";"0400";"";"";"";"";"";"";"";"";"";"";"";"";"";"";"";"";""
"02/01/2022";"0500";"";"";"";"";"";"";"";"";"";"";"";"";"";"";"";"";""
"02/01/2022";"0600";"";"";"";"";"";"";"";"";"";"";"";"";"";"";"";"";""
"02/01/2022";"0700";"";"";"";"";"";"";"";"";"";"";"";"";"";"";"";"";""
"02/01/2022";"0800";"";"";"";"";"";"";"";"";"";"";"";"";"";"";"";"";""
"02/01/2022";"0900";"";"";"";"";"";"";"";"";"";"";"";"";"";"";"";"";""
"02/01/2022";"1000";"";"";"";"";"";"";"";"";"";"";"";"";"";"";"";"";""
"02/01/2022";"1100";"";"";"";"";"";"";"";"";"";"";"";"";"";"";"";"";""
"02/01/2022";"1200";"";"";"";"";"";"";"";"";"";"";"";"";"";"";"";"";""
"02/01/2022";"1300";"";"";"";"";"";"";"";"";"";"";"";"";"";"";"";"";""
"02/01/2022";"1400";"";"";"";"";"";"";"";"";"";"";"";"";"";"";"";"";""
"02/01/2022";"1500";"";"";"";"";"";"";"";"";"";"";"";"";"";"";"";"";""
"02/01/2022";"1600";"";"";"";"";"";"";"";"";"";"";"";"";"";"";"";"";""
"02/01/2022";"1700";"";"";"";"";"";"";"";"";"";"";"";"";"";"";"";"";""
"02/01/2022";"1800";"";"";"";"";"";"";"";"";"";"";"";"";"";"";"";"";""
"02/01/2022";"1900";"";"";"";"";"";"";"";"";"";"";"";"";"";"";"";"";""
"02/01/2022";"2000";"";"";"";"";"";"";"";"";"";"";"";"";"";"";"";"";""
"02/01/2022";"2100";"";"";"";"";"";"";"";"";"";"";"";"";"";"";"";"";""
"02/01/2022";"2200";"";"";"";"";"";"";"";"";"";"";"";"";"";"";"";"";""
"02/01/2022";"2300";"";"";"";"";"";"";"";"";"";"";"";"";"";"";"";"";""
"03/01/2022";"0000";"";"";"";"";"";"";"";"";"";"";"";"";"";"";"";"";""
"03/01/2022";"0100";"";"";"";"";"";"";"";"";"";"";"";"";"";"";"";"";""
"03/01/2022";"0200";"";"";"";"";"";"";"";"";"";"";"";"";"";"";"";"";""
"03/01/2022";"0300";"";"";"";"";"";"";"";"";"";"";"";"";"";"";"";"";""
"03/01/2022";"0400";"";"";"";"";"";"";"";"";"";"";"";"";"";"";"";"";""
"03/01/2022";"0500";"";"";"";"";"";"";"";"";"";"";"";"";"";"";"";"";""
"03/01/2022";"0600";"";"";"";"";"";"";"";"";"";"";"";"";"";"";"";"";""
"03/01/2022";"0700";"";"";"";"";"";"";"";"";"";"";"";"";"";"";"";"";""
"03/01/2022";"0800";"";"";"";"";"";"";"";"";"";"";"";"";"";"";"";"";""
"03/01/2022";"0900";"";"";"";"";"";"";"";"";"";"";"";"";"";"";"";"";""
"03/01/2022";"1000";"";"";"";"";"";"";"";"";"";"";"";"";"";"";"";"";""
"03/01/2022";"1100";"";"";"";"";"";"";"";"";"";"";"";"";"";"";"";"";""
"03/01/2022";"1200";"";"";"";"";"";"";"";"";"";"";"";"";"";"";"";"";""
"03/01/2022";"1300";"";"";"";"";"";"";"";"";"";"";"";"";"";"";"";"";""
"03/01/2022";"1400";"";"";"";"";"";"";"";"";"";"";"";"";"";"";"";"";""
"03/01/2022";"1500";"";"";"";"";"";"";"";"";"";"";"";"";"";"";"";"";""
"03/01/2022";"1600";"";"";"";"";"";"";"";"";"";"";"";"";"";"";"";"";""
"03/01/2022";"1700";"";"";"";"";"";"";"";"";"";"";"";"";"";"";"";"";""
"03/01/2022";"1800";"";"";"";"";"";"";"";"";"";"";"";"";"";"";"";"";""
"03/01/2022";"1900";"";"";"";"";"";"";"";"";"";"";"";"";"";"";"";"";""
"03/01/2022";"2000";"";"";"";"";"";"";"";"";"";"";"";"";"";"";"";"";""
"03/01/2022";"2100";"";"";"";"";"";"";"";"";"";"";"";"";"";"";"";"";""
"03/01/2022";"2200";"";"";"";"";"";"";"";"";"";"";"";"";"";"";"";"";""
"03/01/2022";"2300";"";"";"";"";"";"";"";"";"";"";"";"";"";"";"";"";""
"04/01/2022";"0000";"";"";"";"";"";"";"";"";"";"";"";"";"";"";"";"";""
"04/01/2022";"0100";"";"";"";"";"";"";"";"";"";"";"";"";"";"";"";"";""
"04/01/2022";"0200";"";"";"";"";"";"";"";"";"";"";"";"";"";"";"";"";""
"04/01/2022";"0300";"";"";"";"";"";"";"";"";"";"";"";"";"";"";"";"";""
"04/01/2022";"0400";"";"";"";"";"";"";"";"";"";"";"";"";"";"";"";"";""
"04/01/2022";"0500";"";"";"";"";"";"";"";"";"";"";"";"";"";"";"";"";""
"04/01/2022";"0600";"";"";"";"";"";"";"";"";"";"";"";"";"";"";"";"";""
"04/01/2022";"0700";"";"";"";"";"";"";"";"";"";"";"";"";"";"";"";"";""
"04/01/2022";"0800";"";"";"";"";"";"";"";"";"";"";"";"";"";"";"";"";""
"04/01/2022";"0900";"";"";"";"";"";"";"";"";"";"";"";"";"";"";"";"";""
"04/01/2022";"1000";"";"";"";"";"";"";"";"";"";"";"";"";"";"";"";"";""
"04/01/2022";"1100";"";"";"";"";"";"";"";"";"";"";"";"";"";"";"";"";""
"04/01/2022";"1200";"";"";"";"";"";"";"";"";"";"";"";"";"";"";"";"";""
"04/01/2022";"1300";"";"";"";"";"";"";"";"";"";"";"";"";"";"";"";"";""
"04/01/2022";"1400";"";"";"";"";"";"";"";"";"";"";"";"";"";"";"";"";""
"04/01/2022";"1500";"";"";"";"";"";"";"";"";"";"";"";"";"";"";"";"";""
"04/01/2022";"1600";"";"";"";"";"";"";"";"";"";"";"";"";"";"";"";"";""
"04/01/2022";"1700";"";"";"";"";"";"";"";"";"";"";"";"";"";"";"";"";""
"04/01/2022";"1800";"";"";"";"";"";"";"";"";"";"";"";"";"";"";"";"";""
"04/01/2022";"1900";"";"";"";"";"";"";"";"";"";"";"";"";"";"";"";"";""
"04/01/2022";"2000";"";"";"";"";"";"";"";"";"";"";"";"";"";"";"";"";""
"04/01/2022";"2100";"";"";"";"";"";"";"";"";"";"";"";"";"";"";"";"";""
"04/01/2022";"2200";"";"";"";"";"";"";"";"";"";"";"";"";"";"";"";"";""
"04/01/2022";"2300";"";"";"";"";"";"";"";"";"";"";"";"";"";"";"";"";""
"05/01/2022";"0000";"";"";"";"";"";"";"";"";"";"";"";"";"";"";"";"";""
"05/01/2022";"0100";"";"";"";"";"";"";"";"";"";"";"";"";"";"";"";"";""
"05/01/2022";"0200";"";"";"";"";"";"";"";"";"";"";"";"";"";"";"";"";""
"05/01/2022";"0300";"";"";"";"";"";"";"";"";"";"";"";"";"";"";"";"";""
"05/01/2022";"0400";"";"";"";"";"";"";"";"";"";"";"";"";"";"";"";"";""
"05/01/2022";"0500";"";"";"";"";"";"";"";"";"";"";"";"";"";"";"";"";""
"05/01/2022";"0600";"";"";"";"";"";"";"";"";"";"";"";"";"";"";"";"";""
"05/01/2022";"0700";"";"";"";"";"";"";"";"";"";"";"";"";"";"";"";"";""
"05/01/2022";"0800";"";"";"";"";"";"";"";"";"";"";"";"";"";"";"";"";""
"05/01/2022";"0900";"";"";"";"";"";"";"";"";"";"";"";"";"";"";"";"";""
"05/01/2022";"1000";"";"";"";"";"";"";"";"";"";"";"";"";"";"";"";"";""
"05/01/2022";"1100";"";"";"";"";"";"";"";"";"";"";"";"";"";"";"";"";""
"05/01/2022";"1200";"";"";"";"";"";"";"";"";"";"";"";"";"";"";"";"";""
"05/01/2022";"1300";"";"";"";"";"";"";"";"";"";"";"";"";"";"";"";"";""
"05/01/2022";"1400";"";"";"";"";"";"";"";"";"";"";"";"";"";"";"";"";""
"05/01/2022";"1500";"";"";"";"";"";"";"";"";"";"";"";"";"";"";"";"";""
"05/01/2022";"1600";"";"";"";"";"";"";"";"";"";"";"";"";"";"";"";"";""
"05/01/2022";"1700";"";"";"";"";"";"";"";"";"";"";"";"";"";"";"";"";""
"05/01/2022";"1800";"";"";"";"";"";"";"";"";"";"";"";"";"";"";"";"";""
"05/01/2022";"1900";"";"";"";"";"";"";"";"";"";"";"";"";"";"";"";"";""
"05/01/2022";"2000";"";"";"";"";"";"";"";"";"";"";"";"";"";"";"";"";""
"05/01/2022";"2100";"";"";"";"";"";"";"";"";"";"";"";"";"";"";"";"";""
"05/01/2022";"2200";"";"";"";"";"";"";"";"";"";"";"";"";"";"";"";"";""
"05/01/2022";"2300";"";"";"";"";"";"";"";"";"";"";"";"";"";"";"";"";""
"06/01/2022";"0000";"";"";"";"";"";"";"";"";"";"";"";"";"";"";"";"";""
"06/01/2022";"0100";"";"";"";"";"";"";"";"";"";"";"";"";"";"";"";"";""
"06/01/2022";"0200";"";"";"";"";"";"";"";"";"";"";"";"";"";"";"";"";""
"06/01/2022";"0300";"";"";"";"";"";"";"";"";"";"";"";"";"";"";"";"";""
"06/01/2022";"0400";"";"";"";"";"";"";"";"";"";"";"";"";"";"";"";"";""
"06/01/2022";"0500";"";"";"";"";"";"";"";"";"";"";"";"";"";"";"";"";""
"06/01/2022";"0600";"";"";"";"";"";"";"";"";"";"";"";"";"";"";"";"";""
"06/01/2022";"0700";"";"";"";"";"";"";"";"";"";"";"";"";"";"";"";"";""
"06/01/2022";"0800";"";"";"";"";"";"";"";"";"";"";"";"";"";"";"";"";""
"06/01/2022";"0900";"";"";"";"";"";"";"";"";"";"";"";"";"";"";"";"";""
"06/01/2022";"1000";"";"";"";"";"";"";"";"";"";"";"";"";"";"";"";"";""
"06/01/2022";"1100";"";"";"";"";"";"";"";"";"";"";"";"";"";"";"";"";""
"06/01/2022";"1200";"";"";"";"";"";"";"";"";"";"";"";"";"";"";"";"";""
"06/01/2022";"1300";"";"";"";"";"";"";"";"";"";"";"";"";"";"";"";"";""
"06/01/2022";"1400";"";"";"";"";"";"";"";"";"";"";"";"";"";"";"";"";""
"06/01/2022";"1500";"";"";"";"";"";"";"";"";"";"";"";"";"";"";"";"";""
"06/01/2022";"1600";"";"";"";"";"";"";"";"";"";"";"";"";"";"";"";"";""
"06/01/2022";"1700";"";"";"";"";"";"";"";"";"";"";"";"";"";"";"";"";""
"06/01/2022";"1800";"";"";"";"";"";"";"";"";"";"";"";"";"";"";"";"";""
"06/01/2022";"1900";"";"";"";"";"";"";"";"";"";"";"";"";"";"";"";"";""
"06/01/2022";"2000";"";"";"";"";"";"";"";"";"";"";"";"";"";"";"";"";""
"06/01/2022";"2100";"";"";"";"";"";"";"";"";"";"";"";"";"";"";"";"";""
"06/01/2022";"2200";"";"";"";"";"";"";"";"";"";"";"";"";"";"";"";"";""
"06/01/2022";"2300";"";"";"";"";"";"";"";"";"";"";"";"";"";"";"";"";""
"07/01/2022";"0000";"";"";"";"";"";"";"";"";"";"";"";"";"";"";"";"";""
"07/01/2022";"0100";"";"";"";"";"";"";"";"";"";"";"";"";"";"";"";"";""
"07/01/2022";"0200";"";"";"";"";"";"";"";"";"";"";"";"";"";"";"";"";""
"07/01/2022";"0300";"";"";"";"";"";"";"";"";"";"";"";"";"";"";"";"";""
"07/01/2022";"0400";"";"";"";"";"";"";"";"";"";"";"";"";"";"";"";"";""
"07/01/2022";"0500";"";"";"";"";"";"";"";"";"";"";"";"";"";"";"";"";""
"07/01/2022";"0600";"";"";"";"";"";"";"";"";"";"";"";"";"";"";"";"";""
"07/01/2022";"0700";"";"";"";"";"";"";"";"";"";"";"";"";"";"";"";"";""
"07/01/2022";"0800";"";"";"";"";"";"";"";"";"";"";"";"";"";"";"";"";""
"07/01/2022";"0900";"";"";"";"";"";"";"";"";"";"";"";"";"";"";"";"";""
"07/01/2022";"1000";"";"";"";"";"";"";"";"";"";"";"";"";"";"";"";"";""
"07/01/2022";"1100";"";"";"";"";"";"";"";"";"";"";"";"";"";"";"";"";""
"07/01/2022";"1200";"";"";"";"";"";"";"";"";"";"";"";"";"";"";"";"";""
"07/01/2022";"1300";"";"";"";"";"";"";"";"";"";"";"";"";"";"";"";"";""
"07/01/2022";"1400";"";"";"";"";"";"";"";"";"";"";"";"";"";"";"";"";""
"07/01/2022";"1500";"";"";"";"";"";"";"";"";"";"";"";"";"";"";"";"";""
"07/01/2022";"1600";"";"";"";"";"";"";"";"";"";"";"";"";"";"";"";"";""
"07/01/2022";"1700";"";"";"";"";"";"";"";"";"";"";"";"";"";"";"";"";""
"07/01/2022";"1800";"";"";"";"";"";"";"";"";"";"";"";"";"";"";"";"";""
"07/01/2022";"1900";"";"";"";"";"";"";"";"";"";"";"";"";"";"";"";"";""
"07/01/2022";"2000";"";"";"";"";"";"";"";"";"";"";"";"";"";"";"";"";""
"07/01/2022";"2100";"";"";"";"";"";"";"";"";"";"";"";"";"";"";"";"";""
"07/01/2022";"2200";"";"";"";"";"";"";"";"";"";"";"";"";"";"";"";"";""
"07/01/2022";"2300";"";"";"";"";"";"";"";"";"";"";"";"";"";"";"";"";""
"08/01/2022";"0000";"";"";"";"";"";"";"";"";"";"";"";"";"";"";"";"";""
"08/01/2022";"0100";"";"";"";"";"";"";"";"";"";"";"";"";"";"";"";"";""
"08/01/2022";"0200";"";"";"";"";"";"";"";"";"";"";"";"";"";"";"";"";""
"08/01/2022";"0300";"";"";"";"";"";"";"";"";"";"";"";"";"";"";"";"";""
"08/01/2022";"0400";"";"";"";"";"";"";"";"";"";"";"";"";"";"";"";"";""
"08/01/2022";"0500";"";"";"";"";"";"";"";"";"";"";"";"";"";"";"";"";""
"08/01/2022";"0600";"";"";"";"";"";"";"";"";"";"";"";"";"";"";"";"";""
"08/01/2022";"0700";"";"";"";"";"";"";"";"";"";"";"";"";"";"";"";"";""
"08/01/2022";"0800";"";"";"";"";"";"";"";"";"";"";"";"";"";"";"";"";""
"08/01/2022";"0900";"";"";"";"";"";"";"";"";"";"";"";"";"";"";"";"";""
"08/01/2022";"1000";"";"";"";"";"";"";"";"";"";"";"";"";"";"";"";"";""
"08/01/2022";"1100";"";"";"";"";"";"";"";"";"";"";"";"";"";"";"";"";""
"08/01/2022";"1200";"";"";"";"";"";"";"";"";"";"";"";"";"";"";"";"";""
"08/01/2022";"1300";"";"";"";"";"";"";"";"";"";"";"";"";"";"";"";"";""
"08/01/2022";"1400";"";"";"";"";"";"";"";"";"";"";"";"";"";"";"";"";""
"08/01/2022";"1500";"";"";"";"";"";"";"";"";"";"";"";"";"";"";"";"";""
"08/01/2022";"1600";"";"";"";"";"";"";"";"";"";"";"";"";"";"";"";"";""
"08/01/2022";"1700";"";"";"";"";"";"";"";"";"";"";"";"";"";"";"";"";""
"08/01/2022";"1800";"";"";"";"";"";"";"";"";"";"";"";"";"";"";"";"";""
"08/01/2022";"1900";"";"";"";"";"";"";"";"";"";"";"";"";"";"";"";"";""
"08/01/2022";"2000";"";"";"";"";"";"";"";"";"";"";"";"";"";"";"";"";""
"08/01/2022";"2100";"";"";"";"";"";"";"";"";"";"";"";"";"";"";"";"";""
"08/01/2022";"2200";"";"";"";"";"";"";"";"";"";"";"";"";"";"";"";"";""
"08/01/2022";"2300";"";"";"";"";"";"";"";"";"";"";"";"";"";"";"";"";""
"09/01/2022";"0000";"";"";"";"";"";"";"";"";"";"";"";"";"";"";"";"";""
"09/01/2022";"0100";"";"";"";"";"";"";"";"";"";"";"";"";"";"";"";"";""
"09/01/2022";"0200";"";"";"";"";"";"";"";"";"";"";"";"";"";"";"";"";""
"09/01/2022";"0300";"";"";"";"";"";"";"";"";"";"";"";"";"";"";"";"";""
"09/01/2022";"0400";"";"";"";"";"";"";"";"";"";"";"";"";"";"";"";"";""
"09/01/2022";"0500";"";"";"";"";"";"";"";"";"";"";"";"";"";"";"";"";""
"09/01/2022";"0600";"";"";"";"";"";"";"";"";"";"";"";"";"";"";"";"";""
"09/01/2022";"0700";"";"";"";"";"";"";"";"";"";"";"";"";"";"";"";"";""
"09/01/2022";"0800";"";"";"";"";"";"";"";"";"";"";"";"";"";"";"";"";""
"09/01/2022";"0900";"";"";"";"";"";"";"";"";"";"";"";"";"";"";"";"";""
"09/01/2022";"1000";"";"";"";"";"";"";"";"";"";"";"";"";"";"";"";"";""
"09/01/2022";"1100";"";"";"";"";"";"";"";"";"";"";"";"";"";"";"";"";""
"09/01/2022";"1200";"";"";"";"";"";"";"";"";"";"";"";"";"";"";"";"";""
"09/01/2022";"1300";"";"";"";"";"";"";"";"";"";"";"";"";"";"";"";"";""
"09/01/2022";"1400";"";"";"";"";"";"";"";"";"";"";"";"";"";"";"";"";""
"09/01/2022";"1500";"";"";"";"";"";"";"";"";"";"";"";"";"";"";"";"";""
"09/01/2022";"1600";"";"";"";"";"";"";"";"";"";"";"";"";"";"";"";"";""
"09/01/2022";"1700";"";"";"";"";"";"";"";"";"";"";"";"";"";"";"";"";""
"09/01/2022";"1800";"";"";"";"";"";"";"";"";"";"";"";"";"";"";"";"";""
"09/01/2022";"1900";"";"";"";"";"";"";"";"";"";"";"";"";"";"";"";"";""
"09/01/2022";"2000";"";"";"";"";"";"";"";"";"";"";"";"";"";"";"";"";""
"09/01/2022";"2100";"";"";"";"";"";"";"";"";"";"";"";"";"";"";"";"";""
"09/01/2022";"2200";"";"";"";"";"";"";"";"";"";"";"";"";"";"";"";"";""
"09/01/2022";"2300";"";"";"";"";"";"";"";"";"";"";"";"";"";"";"";"";""
"10/01/2022";"0000";"";"";"";"";"";"";"";"";"";"";"";"";"";"";"";"";""
"10/01/2022";"0100";"";"";"";"";"";"";"";"";"";"";"";"";"";"";"";"";""
"10/01/2022";"0200";"";"";"";"";"";"";"";"";"";"";"";"";"";"";"";"";""
"10/01/2022";"0300";"";"";"";"";"";"";"";"";"";"";"";"";"";"";"";"";""
"10/01/2022";"0400";"";"";"";"";"";"";"";"";"";"";"";"";"";"";"";"";""
"10/01/2022";"0500";"";"";"";"";"";"";"";"";"";"";"";"";"";"";"";"";""
"10/01/2022";"0600";"";"";"";"";"";"";"";"";"";"";"";"";"";"";"";"";""
"10/01/2022";"0700";"";"";"";"";"";"";"";"";"";"";"";"";"";"";"";"";""
"10/01/2022";"0800";"";"";"";"";"";"";"";"";"";"";"";"";"";"";"";"";""
"10/01/2022";"0900";"";"";"";"";"";"";"";"";"";"";"";"";"";"";"";"";""
"10/01/2022";"1000";"";"";"";"";"";"";"";"";"";"";"";"";"";"";"";"";""
"10/01/2022";"1100";"";"";"";"";"";"";"";"";"";"";"";"";"";"";"";"";""
"10/01/2022";"1200";"";"";"";"";"";"";"";"";"";"";"";"";"";"";"";"";""
"10/01/2022";"1300";"";"";"";"";"";"";"";"";"";"";"";"";"";"";"";"";""
"10/01/2022";"1400";"";"";"";"";"";"";"";"";"";"";"";"";"";"";"";"";""
"10/01/2022";"1500";"";"";"";"";"";"";"";"";"";"";"";"";"";"";"";"";""
"10/01/2022";"1600";"";"";"";"";"";"";"";"";"";"";"";"";"";"";"";"";""
"10/01/2022";"1700";"";"";"";"";"";"";"";"";"";"";"";"";"";"";"";"";""
"10/01/2022";"1800";"";"";"";"";"";"";"";"";"";"";"";"";"";"";"";"";""
"10/01/2022";"1900";"";"";"";"";"";"";"";"";"";"";"";"";"";"";"";"";""
"10/01/2022";"2000";"";"";"";"";"";"";"";"";"";"";"";"";"";"";"";"";""
"10/01/2022";"2100";"";"";"";"";"";"";"";"";"";"";"";"";"";"";"";"";""
"10/01/2022";"2200";"";"";"";"";"";"";"";"";"";"";"";"";"";"";"";"";""
"10/01/2022";"2300";"";"";"";"";"";"";"";"";"";"";"";"";"";"";"";"";""
"11/01/2022";"0000";"";"";"";"";"";"";"";"";"";"";"";"";"";"";"";"";""
"11/01/2022";"0100";"";"";"";"";"";"";"";"";"";"";"";"";"";"";"";"";""
"11/01/2022";"0200";"";"";"";"";"";"";"";"";"";"";"";"";"";"";"";"";""
"11/01/2022";"0300";"";"";"";"";"";"";"";"";"";"";"";"";"";"";"";"";""
"11/01/2022";"0400";"";"";"";"";"";"";"";"";"";"";"";"";"";"";"";"";""
"11/01/2022";"0500";"";"";"";"";"";"";"";"";"";"";"";"";"";"";"";"";""
"11/01/2022";"0600";"";"";"";"";"";"";"";"";"";"";"";"";"";"";"";"";""
"11/01/2022";"0700";"";"";"";"";"";"";"";"";"";"";"";"";"";"";"";"";""
"11/01/2022";"0800";"";"";"";"";"";"";"";"";"";"";"";"";"";"";"";"";""
"11/01/2022";"0900";"";"";"";"";"";"";"";"";"";"";"";"";"";"";"";"";""
"11/01/2022";"1000";"";"";"";"";"";"";"";"";"";"";"";"";"";"";"";"";""
"11/01/2022";"1100";"";"";"";"";"";"";"";"";"";"";"";"";"";"";"";"";""
"11/01/2022";"1200";"";"";"";"";"";"";"";"";"";"";"";"";"";"";"";"";""
"11/01/2022";"1300";"";"";"";"";"";"";"";"";"";"";"";"";"";"";"";"";""
"11/01/2022";"1400";"";"";"";"";"";"";"";"";"";"";"";"";"";"";"";"";""
"11/01/2022";"1500";"";"";"";"";"";"";"";"";"";"";"";"";"";"";"";"";""
"11/01/2022";"1600";"";"";"";"";"";"";"";"";"";"";"";"";"";"";"";"";""
"11/01/2022";"1700";"";"";"";"";"";"";"";"";"";"";"";"";"";"";"";"";""
"11/01/2022";"1800";"";"";"";"";"";"";"";"";"";"";"";"";"";"";"";"";""
"11/01/2022";"1900";"";"";"";"";"";"";"";"";"";"";"";"";"";"";"";"";""
"11/01/2022";"2000";"";"";"";"";"";"";"";"";"";"";"";"";"";"";"";"";""
"11/01/2022";"2100";"";"";"";"";"";"";"";"";"";"";"";"";"";"";"";"";""
"11/01/2022";"2200";"";"";"";"";"";"";"";"";"";"";"";"";"";"";"";"";""
"11/01/2022";"2300";"";"";"";"";"";"";"";"";"";"";"";"";"";"";"";"";""
"12/01/2022";"0000";"";"";"";"";"";"";"";"";"";"";"";"";"";"";"";"";""
"12/01/2022";"0100";"";"";"";"";"";"";"";"";"";"";"";"";"";"";"";"";""
"12/01/2022";"0200";"";"";"";"";"";"";"";"";"";"";"";"";"";"";"";"";""
"12/01/2022";"0300";"";"";"";"";"";"";"";"";"";"";"";"";"";"";"";"";""
"12/01/2022";"0400";"";"";"";"";"";"";"";"";"";"";"";"";"";"";"";"";""
"12/01/2022";"0500";"";"";"";"";"";"";"";"";"";"";"";"";"";"";"";"";""
"12/01/2022";"0600";"";"";"";"";"";"";"";"";"";"";"";"";"";"";"";"";""
"12/01/2022";"0700";"";"";"";"";"";"";"";"";"";"";"";"";"";"";"";"";""
"12/01/2022";"0800";"";"";"";"";"";"";"";"";"";"";"";"";"";"";"";"";""
"12/01/2022";"0900";"";"";"";"";"";"";"";"";"";"";"";"";"";"";"";"";""
"12/01/2022";"1000";"";"";"";"";"";"";"";"";"";"";"";"";"";"";"";"";""
"12/01/2022";"1100";"";"";"";"";"";"";"";"";"";"";"";"";"";"";"";"";""
"12/01/2022";"1200";"";"";"";"";"";"";"";"";"";"";"";"";"";"";"";"";""
"12/01/2022";"1300";"";"";"";"";"";"";"";"";"";"";"";"";"";"";"";"";""
"12/01/2022";"1400";"";"";"";"";"";"";"";"";"";"";"";"";"";"";"";"";""
"12/01/2022";"1500";"";"";"";"";"";"";"";"";"";"";"";"";"";"";"";"";""
"12/01/2022";"1600";"";"";"";"";"";"";"";"";"";"";"";"";"";"";"";"";""
"12/01/2022";"1700";"";"";"";"";"";"";"";"";"";"";"";"";"";"";"";"";""
"12/01/2022";"1800";"";"";"";"";"";"";"";"";"";"";"";"";"";"";"";"";""
"12/01/2022";"1900";"";"";"";"";"";"";"";"";"";"";"";"";"";"";"";"";""
"12/01/2022";"2000";"";"";"";"";"";"";"";"";"";"";"";"";"";"";"";"";""
"12/01/2022";"2100";"";"";"";"";"";"";"";"";"";"";"";"";"";"";"";"";""
"12/01/2022";"2200";"";"";"";"";"";"";"";"";"";"";"";"";"";"";"";"";""
"12/01/2022";"2300";"";"";"";"";"";"";"";"";"";"";"";"";"";"";"";"";""
"13/01/2022";"0000";"";"";"";"";"";"";"";"";"";"";"";"";"";"";"";"";""
"13/01/2022";"0100";"";"";"";"";"";"";"";"";"";"";"";"";"";"";"";"";""
"13/01/2022";"0200";"";"";"";"";"";"";"";"";"";"";"";"";"";"";"";"";""
"13/01/2022";"0300";"";"";"";"";"";"";"";"";"";"";"";"";"";"";"";"";""
"13/01/2022";"0400";"";"";"";"";"";"";"";"";"";"";"";"";"";"";"";"";""
"13/01/2022";"0500";"";"";"";"";"";"";"";"";"";"";"";"";"";"";"";"";""
"13/01/2022";"0600";"";"";"";"";"";"";"";"";"";"";"";"";"";"";"";"";""
"13/01/2022";"0700";"";"";"";"";"";"";"";"";"";"";"";"";"";"";"";"";""
"13/01/2022";"0800";"";"";"";"";"";"";"";"";"";"";"";"";"";"";"";"";""
"13/01/2022";"0900";"";"";"";"";"";"";"";"";"";"";"";"";"";"";"";"";""
"13/01/2022";"1000";"";"";"";"";"";"";"";"";"";"";"";"";"";"";"";"";""
"13/01/2022";"1100";"";"";"";"";"";"";"";"";"";"";"";"";"";"";"";"";""
"13/01/2022";"1200";"";"";"";"";"";"";"";"";"";"";"";"";"";"";"";"";""
"13/01/2022";"1300";"";"";"";"";"";"";"";"";"";"";"";"";"";"";"";"";""
"13/01/2022";"1400";"";"";"";"";"";"";"";"";"";"";"";"";"";"";"";"";""
"13/01/2022";"1500";"";"";"";"";"";"";"";"";"";"";"";"";"";"";"";"";""
"13/01/2022";"1600";"";"";"";"";"";"";"";"";"";"";"";"";"";"";"";"";""
"13/01/2022";"1700";"";"";"";"";"";"";"";"";"";"";"";"";"";"";"";"";""
"13/01/2022";"1800";"";"";"";"";"";"";"";"";"";"";"";"";"";"";"";"";""
"13/01/2022";"1900";"";"";"";"";"";"";"";"";"";"";"";"";"";"";"";"";""
"13/01/2022";"2000";"";"";"";"";"";"";"";"";"";"";"";"";"";"";"";"";""
"13/01/2022";"2100";"";"";"";"";"";"";"";"";"";"";"";"";"";"";"";"";""
"13/01/2022";"2200";"";"";"";"";"";"";"";"";"";"";"";"";"";"";"";"";""
"13/01/2022";"2300";"";"";"";"";"";"";"";"";"";"";"";"";"";"";"";"";""
"14/01/2022";"0000";"";"";"";"";"";"";"";"";"";"";"";"";"";"";"";"";""
"14/01/2022";"0100";"";"";"";"";"";"";"";"";"";"";"";"";"";"";"";"";""
"14/01/2022";"0200";"";"";"";"";"";"";"";"";"";"";"";"";"";"";"";"";""
"14/01/2022";"0300";"";"";"";"";"";"";"";"";"";"";"";"";"";"";"";"";""
"14/01/2022";"0400";"";"";"";"";"";"";"";"";"";"";"";"";"";"";"";"";""
"14/01/2022";"0500";"";"";"";"";"";"";"";"";"";"";"";"";"";"";"";"";""
"14/01/2022";"0600";"";"";"";"";"";"";"";"";"";"";"";"";"";"";"";"";""
"14/01/2022";"0700";"";"";"";"";"";"";"";"";"";"";"";"";"";"";"";"";""
"14/01/2022";"0800";"";"";"";"";"";"";"";"";"";"";"";"";"";"";"";"";""
"14/01/2022";"0900";"";"";"";"";"";"";"";"";"";"";"";"";"";"";"";"";""
"14/01/2022";"1000";"";"";"";"";"";"";"";"";"";"";"";"";"";"";"";"";""
"14/01/2022";"1100";"";"";"";"";"";"";"";"";"";"";"";"";"";"";"";"";""
"14/01/2022";"1200";"";"";"";"";"";"";"";"";"";"";"";"";"";"";"";"";""
"14/01/2022";"1300";"";"";"";"";"";"";"";"";"";"";"";"";"";"";"";"";""
"14/01/2022";"1400";"";"";"";"";"";"";"";"";"";"";"";"";"";"";"";"";""
"14/01/2022";"1500";"";"";"";"";"";"";"";"";"";"";"";"";"";"";"";"";""
"14/01/2022";"1600";"";"";"";"";"";"";"";"";"";"";"";"";"";"";"";"";""
"14/01/2022";"1700";"";"";"";"";"";"";"";"";"";"";"";"";"";"";"";"";""
"14/01/2022";"1800";"";"";"";"";"";"";"";"";"";"";"";"";"";"";"";"";""
"14/01/2022";"1900";"";"";"";"";"";"";"";"";"";"";"";"";"";"";"";"";""
"14/01/2022";"2000";"";"";"";"";"";"";"";"";"";"";"";"";"";"";"";"";""
"14/01/2022";"2100";"";"";"";"";"";"";"";"";"";"";"";"";"";"";"";"";""
"14/01/2022";"2200";"";"";"";"";"";"";"";"";"";"";"";"";"";"";"";"";""
"14/01/2022";"2300";"";"";"";"";"";"";"";"";"";"";"";"";"";"";"";"";""
"15/01/2022";"0000";"";"";"";"";"";"";"";"";"";"";"";"";"";"";"";"";""
"15/01/2022";"0100";"";"";"";"";"";"";"";"";"";"";"";"";"";"";"";"";""
"15/01/2022";"0200";"";"";"";"";"";"";"";"";"";"";"";"";"";"";"";"";""
"15/01/2022";"0300";"";"";"";"";"";"";"";"";"";"";"";"";"";"";"";"";""
"15/01/2022";"0400";"";"";"";"";"";"";"";"";"";"";"";"";"";"";"";"";""
"15/01/2022";"0500";"";"";"";"";"";"";"";"";"";"";"";"";"";"";"";"";""
"15/01/2022";"0600";"";"";"";"";"";"";"";"";"";"";"";"";"";"";"";"";""
"15/01/2022";"0700";"";"";"";"";"";"";"";"";"";"";"";"";"";"";"";"";""
"15/01/2022";"0800";"";"";"";"";"";"";"";"";"";"";"";"";"";"";"";"";""
"15/01/2022";"0900";"";"";"";"";"";"";"";"";"";"";"";"";"";"";"";"";""
"15/01/2022";"1000";"";"";"";"";"";"";"";"";"";"";"";"";"";"";"";"";""
"15/01/2022";"1100";"";"";"";"";"";"";"";"";"";"";"";"";"";"";"";"";""
"15/01/2022";"1200";"";"";"";"";"";"";"";"";"";"";"";"";"";"";"";"";""
"15/01/2022";"1300";"";"";"";"";"";"";"";"";"";"";"";"";"";"";"";"";""
"15/01/2022";"1400";"";"";"";"";"";"";"";"";"";"";"";"";"";"";"";"";""
"15/01/2022";"1500";"";"";"";"";"";"";"";"";"";"";"";"";"";"";"";"";""
"15/01/2022";"1600";"";"";"";"";"";"";"";"";"";"";"";"";"";"";"";"";""
"15/01/2022";"1700";"";"";"";"";"";"";"";"";"";"";"";"";"";"";"";"";""
"15/01/2022";"1800";"";"";"";"";"";"";"";"";"";"";"";"";"";"";"";"";""
"15/01/2022";"1900";"";"";"";"";"";"";"";"";"";"";"";"";"";"";"";"";""
"15/01/2022";"2000";"";"";"";"";"";"";"";"";"";"";"";"";"";"";"";"";""
"15/01/2022";"2100";"";"";"";"";"";"";"";"";"";"";"";"";"";"";"";"";""
"15/01/2022";"2200";"";"";"";"";"";"";"";"";"";"";"";"";"";"";"";"";""
"15/01/2022";"2300";"";"";"";"";"";"";"";"";"";"";"";"";"";"";"";"";""
"16/01/2022";"0000";"";"";"";"";"";"";"";"";"";"";"";"";"";"";"";"";""
"16/01/2022";"0100";"";"";"";"";"";"";"";"";"";"";"";"";"";"";"";"";""
"16/01/2022";"0200";"";"";"";"";"";"";"";"";"";"";"";"";"";"";"";"";""
"16/01/2022";"0300";"";"";"";"";"";"";"";"";"";"";"";"";"";"";"";"";""
"16/01/2022";"0400";"";"";"";"";"";"";"";"";"";"";"";"";"";"";"";"";""
"16/01/2022";"0500";"";"";"";"";"";"";"";"";"";"";"";"";"";"";"";"";""
"16/01/2022";"0600";"";"";"";"";"";"";"";"";"";"";"";"";"";"";"";"";""
"16/01/2022";"0700";"";"";"";"";"";"";"";"";"";"";"";"";"";"";"";"";""
"16/01/2022";"0800";"";"";"";"";"";"";"";"";"";"";"";"";"";"";"";"";""
"16/01/2022";"0900";"";"";"";"";"";"";"";"";"";"";"";"";"";"";"";"";""
"16/01/2022";"1000";"";"";"";"";"";"";"";"";"";"";"";"";"";"";"";"";""
"16/01/2022";"1100";"";"";"";"";"";"";"";"";"";"";"";"";"";"";"";"";""
"16/01/2022";"1200";"";"";"";"";"";"";"";"";"";"";"";"";"";"";"";"";""
"16/01/2022";"1300";"";"";"";"";"";"";"";"";"";"";"";"";"";"";"";"";""
"16/01/2022";"1400";"";"";"";"";"";"";"";"";"";"";"";"";"";"";"";"";""
"16/01/2022";"1500";"";"";"";"";"";"";"";"";"";"";"";"";"";"";"";"";""
"16/01/2022";"1600";"";"";"";"";"";"";"";"";"";"";"";"";"";"";"";"";""
"16/01/2022";"1700";"";"";"";"";"";"";"";"";"";"";"";"";"";"";"";"";""
"16/01/2022";"1800";"";"";"";"";"";"";"";"";"";"";"";"";"";"";"";"";""
"16/01/2022";"1900";"";"";"";"";"";"";"";"";"";"";"";"";"";"";"";"";""
"16/01/2022";"2000";"";"";"";"";"";"";"";"";"";"";"";"";"";"";"";"";""
"16/01/2022";"2100";"";"";"";"";"";"";"";"";"";"";"";"";"";"";"";"";""
"16/01/2022";"2200";"";"";"";"";"";"";"";"";"";"";"";"";"";"";"";"";""
"16/01/2022";"2300";"";"";"";"";"";"";"";"";"";"";"";"";"";"";"";"";""
"17/01/2022";"0000";"";"";"";"";"";"";"";"";"";"";"";"";"";"";"";"";""
"17/01/2022";"0100";"";"";"";"";"";"";"";"";"";"";"";"";"";"";"";"";""
"17/01/2022";"0200";"";"";"";"";"";"";"";"";"";"";"";"";"";"";"";"";""
"17/01/2022";"0300";"";"";"";"";"";"";"";"";"";"";"";"";"";"";"";"";""
"17/01/2022";"0400";"";"";"";"";"";"";"";"";"";"";"";"";"";"";"";"";""
"17/01/2022";"0500";"";"";"";"";"";"";"";"";"";"";"";"";"";"";"";"";""
"17/01/2022";"0600";"";"";"";"";"";"";"";"";"";"";"";"";"";"";"";"";""
"17/01/2022";"0700";"";"";"";"";"";"";"";"";"";"";"";"";"";"";"";"";""
"17/01/2022";"0800";"";"";"";"";"";"";"";"";"";"";"";"";"";"";"";"";""
"17/01/2022";"0900";"";"";"";"";"";"";"";"";"";"";"";"";"";"";"";"";""
"17/01/2022";"1000";"";"";"";"";"";"";"";"";"";"";"";"";"";"";"";"";""
"17/01/2022";"1100";"";"";"";"";"";"";"";"";"";"";"";"";"";"";"";"";""
"17/01/2022";"1200";"";"";"";"";"";"";"";"";"";"";"";"";"";"";"";"";""
"17/01/2022";"1300";"";"";"";"";"";"";"";"";"";"";"";"";"";"";"";"";""
"17/01/2022";"1400";"";"";"";"";"";"";"";"";"";"";"";"";"";"";"";"";""
"17/01/2022";"1500";"";"";"";"";"";"";"";"";"";"";"";"";"";"";"";"";""
"17/01/2022";"1600";"";"";"";"";"";"";"";"";"";"";"";"";"";"";"";"";""
"17/01/2022";"1700";"";"";"";"";"";"";"";"";"";"";"";"";"";"";"";"";""
"17/01/2022";"1800";"";"";"";"";"";"";"";"";"";"";"";"";"";"";"";"";""
"17/01/2022";"1900";"";"";"";"";"";"";"";"";"";"";"";"";"";"";"";"";""
"17/01/2022";"2000";"";"";"";"";"";"";"";"";"";"";"";"";"";"";"";"";""
"17/01/2022";"2100";"";"";"";"";"";"";"";"";"";"";"";"";"";"";"";"";""
"17/01/2022";"2200";"";"";"";"";"";"";"";"";"";"";"";"";"";"";"";"";""
"17/01/2022";"2300";"";"";"";"";"";"";"";"";"";"";"";"";"";"";"";"";""
"18/01/2022";"0000";"";"";"";"";"";"";"";"";"";"";"";"";"";"";"";"";""
"18/01/2022";"0100";"";"";"";"";"";"";"";"";"";"";"";"";"";"";"";"";""
"18/01/2022";"0200";"";"";"";"";"";"";"";"";"";"";"";"";"";"";"";"";""
"18/01/2022";"0300";"";"";"";"";"";"";"";"";"";"";"";"";"";"";"";"";""
"18/01/2022";"0400";"";"";"";"";"";"";"";"";"";"";"";"";"";"";"";"";""
"18/01/2022";"0500";"";"";"";"";"";"";"";"";"";"";"";"";"";"";"";"";""
"18/01/2022";"0600";"";"";"";"";"";"";"";"";"";"";"";"";"";"";"";"";""
"18/01/2022";"0700";"";"";"";"";"";"";"";"";"";"";"";"";"";"";"";"";""
"18/01/2022";"0800";"";"";"";"";"";"";"";"";"";"";"";"";"";"";"";"";""
"18/01/2022";"0900";"";"";"";"";"";"";"";"";"";"";"";"";"";"";"";"";""
"18/01/2022";"1000";"";"";"";"";"";"";"";"";"";"";"";"";"";"";"";"";""
"18/01/2022";"1100";"";"";"";"";"";"";"";"";"";"";"";"";"";"";"";"";""
"18/01/2022";"1200";"";"";"";"";"";"";"";"";"";"";"";"";"";"";"";"";""
"18/01/2022";"1300";"";"";"";"";"";"";"";"";"";"";"";"";"";"";"";"";""
"18/01/2022";"1400";"";"";"";"";"";"";"";"";"";"";"";"";"";"";"";"";""
"18/01/2022";"1500";"";"";"";"";"";"";"";"";"";"";"";"";"";"";"";"";""
"18/01/2022";"1600";"";"";"";"";"";"";"";"";"";"";"";"";"";"";"";"";""
"18/01/2022";"1700";"";"";"";"";"";"";"";"";"";"";"";"";"";"";"";"";""
"18/01/2022";"1800";"";"";"";"";"";"";"";"";"";"";"";"";"";"";"";"";""
"18/01/2022";"1900";"";"";"";"";"";"";"";"";"";"";"";"";"";"";"";"";""
"18/01/2022";"2000";"";"";"";"";"";"";"";"";"";"";"";"";"";"";"";"";""
"18/01/2022";"2100";"";"";"";"";"";"";"";"";"";"";"";"";"";"";"";"";""
"18/01/2022";"2200";"";"";"";"";"";"";"";"";"";"";"";"";"";"";"";"";""
"18/01/2022";"2300";"";"";"";"";"";"";"";"";"";"";"";"";"";"";"";"";""
"19/01/2022";"0000";"";"";"";"";"";"";"";"";"";"";"";"";"";"";"";"";""
"19/01/2022";"0100";"";"";"";"";"";"";"";"";"";"";"";"";"";"";"";"";""
"19/01/2022";"0200";"";"";"";"";"";"";"";"";"";"";"";"";"";"";"";"";""
"19/01/2022";"0300";"";"";"";"";"";"";"";"";"";"";"";"";"";"";"";"";""
"19/01/2022";"0400";"";"";"";"";"";"";"";"";"";"";"";"";"";"";"";"";""
"19/01/2022";"0500";"";"";"";"";"";"";"";"";"";"";"";"";"";"";"";"";""
"19/01/2022";"0600";"";"";"";"";"";"";"";"";"";"";"";"";"";"";"";"";""
"19/01/2022";"0700";"";"";"";"";"";"";"";"";"";"";"";"";"";"";"";"";""
"19/01/2022";"0800";"";"";"";"";"";"";"";"";"";"";"";"";"";"";"";"";""
"19/01/2022";"0900";"";"";"";"";"";"";"";"";"";"";"";"";"";"";"";"";""
"19/01/2022";"1000";"";"";"";"";"";"";"";"";"";"";"";"";"";"";"";"";""
"19/01/2022";"1100";"";"";"";"";"";"";"";"";"";"";"";"";"";"";"";"";""
"19/01/2022";"1200";"";"";"";"";"";"";"";"";"";"";"";"";"";"";"";"";""
"19/01/2022";"1300";"";"";"";"";"";"";"";"";"";"";"";"";"";"";"";"";""
"19/01/2022";"1400";"";"";"";"";"";"";"";"";"";"";"";"";"";"";"";"";""
"19/01/2022";"1500";"";"";"";"";"";"";"";"";"";"";"";"";"";"";"";"";""
"19/01/2022";"1600";"";"";"";"";"";"";"";"";"";"";"";"";"";"";"";"";""
"19/01/2022";"1700";"";"";"";"";"";"";"";"";"";"";"";"";"";"";"";"";""
"19/01/2022";"1800";"";"";"";"";"";"";"";"";"";"";"";"";"";"";"";"";""
"19/01/2022";"1900";"";"";"";"";"";"";"";"";"";"";"";"";"";"";"";"";""
"19/01/2022";"2000";"";"";"";"";"";"";"";"";"";"";"";"";"";"";"";"";""
"19/01/2022";"2100";"";"";"";"";"";"";"";"";"";"";"";"";"";"";"";"";""
"19/01/2022";"2200";"";"";"";"";"";"";"";"";"";"";"";"";"";"";"";"";""
"19/01/2022";"2300";"";"";"";"";"";"";"";"";"";"";"";"";"";"";"";"";""
"20/01/2022";"0000";"";"";"";"";"";"";"";"";"";"";"";"";"";"";"";"";""
"20/01/2022";"0100";"";"";"";"";"";"";"";"";"";"";"";"";"";"";"";"";""
"20/01/2022";"0200";"";"";"";"";"";"";"";"";"";"";"";"";"";"";"";"";""
"20/01/2022";"0300";"";"";"";"";"";"";"";"";"";"";"";"";"";"";"";"";""
"20/01/2022";"0400";"";"";"";"";"";"";"";"";"";"";"";"";"";"";"";"";""
"20/01/2022";"0500";"";"";"";"";"";"";"";"";"";"";"";"";"";"";"";"";""
"20/01/2022";"0600";"";"";"";"";"";"";"";"";"";"";"";"";"";"";"";"";""
"20/01/2022";"0700";"";"";"";"";"";"";"";"";"";"";"";"";"";"";"";"";""
"20/01/2022";"0800";"";"";"";"";"";"";"";"";"";"";"";"";"";"";"";"";""
"20/01/2022";"0900";"";"";"";"";"";"";"";"";"";"";"";"";"";"";"";"";""
"20/01/2022";"1000";"";"";"";"";"";"";"";"";"";"";"";"";"";"";"";"";""
"20/01/2022";"1100";"";"";"";"";"";"";"";"";"";"";"";"";"";"";"";"";""
"20/01/2022";"1200";"";"";"";"";"";"";"";"";"";"";"";"";"";"";"";"";""
"20/01/2022";"1300";"";"";"";"";"";"";"";"";"";"";"";"";"";"";"";"";""
"20/01/2022";"1400";"";"";"";"";"";"";"";"";"";"";"";"";"";"";"";"";""
"20/01/2022";"1500";"";"";"";"";"";"";"";"";"";"";"";"";"";"";"";"";""
"20/01/2022";"1600";"";"";"";"";"";"";"";"";"";"";"";"";"";"";"";"";""
"20/01/2022";"1700";"";"";"";"";"";"";"";"";"";"";"";"";"";"";"";"";""
"20/01/2022";"1800";"";"";"";"";"";"";"";"";"";"";"";"";"";"";"";"";""
"20/01/2022";"1900";"";"";"";"";"";"";"";"";"";"";"";"";"";"";"";"";""
"20/01/2022";"2000";"";"";"";"";"";"";"";"";"";"";"";"";"";"";"";"";""
"20/01/2022";"2100";"";"";"";"";"";"";"";"";"";"";"";"";"";"";"";"";""
"20/01/2022";"2200";"";"";"";"";"";"";"";"";"";"";"";"";"";"";"";"";""
"20/01/2022";"2300";"";"";"";"";"";"";"";"";"";"";"";"";"";"";"";"";""
"21/01/2022";"0000";"";"";"";"";"";"";"";"";"";"";"";"";"";"";"";"";""
"21/01/2022";"0100";"";"";"";"";"";"";"";"";"";"";"";"";"";"";"";"";""
"21/01/2022";"0200";"";"";"";"";"";"";"";"";"";"";"";"";"";"";"";"";""
"21/01/2022";"0300";"";"";"";"";"";"";"";"";"";"";"";"";"";"";"";"";""
"21/01/2022";"0400";"";"";"";"";"";"";"";"";"";"";"";"";"";"";"";"";""
"21/01/2022";"0500";"";"";"";"";"";"";"";"";"";"";"";"";"";"";"";"";""
"21/01/2022";"0600";"";"";"";"";"";"";"";"";"";"";"";"";"";"";"";"";""
"21/01/2022";"0700";"";"";"";"";"";"";"";"";"";"";"";"";"";"";"";"";""
"21/01/2022";"0800";"";"";"";"";"";"";"";"";"";"";"";"";"";"";"";"";""
"21/01/2022";"0900";"";"";"";"";"";"";"";"";"";"";"";"";"";"";"";"";""
"21/01/2022";"1000";"";"";"";"";"";"";"";"";"";"";"";"";"";"";"";"";""
"21/01/2022";"1100";"";"";"";"";"";"";"";"";"";"";"";"";"";"";"";"";""
"21/01/2022";"1200";"";"";"";"";"";"";"";"";"";"";"";"";"";"";"";"";""
"21/01/2022";"1300";"";"";"";"";"";"";"";"";"";"";"";"";"";"";"";"";""
"21/01/2022";"1400";"";"";"";"";"";"";"";"";"";"";"";"";"";"";"";"";""
"21/01/2022";"1500";"";"";"";"";"";"";"";"";"";"";"";"";"";"";"";"";""
"21/01/2022";"1600";"";"";"";"";"";"";"";"";"";"";"";"";"";"";"";"";""
"21/01/2022";"1700";"";"";"";"";"";"";"";"";"";"";"";"";"";"";"";"";""
"21/01/2022";"1800";"";"";"";"";"";"";"";"";"";"";"";"";"";"";"";"";""
"21/01/2022";"1900";"";"";"";"";"";"";"";"";"";"";"";"";"";"";"";"";""
"21/01/2022";"2000";"";"";"";"";"";"";"";"";"";"";"";"";"";"";"";"";""
"21/01/2022";"2100";"";"";"";"";"";"";"";"";"";"";"";"";"";"";"";"";""
"21/01/2022";"2200";"";"";"";"";"";"";"";"";"";"";"";"";"";"";"";"";""
"21/01/2022";"2300";"";"";"";"";"";"";"";"";"";"";"";"";"";"";"";"";""
"22/01/2022";"0000";"";"";"";"";"";"";"";"";"";"";"";"";"";"";"";"";""
"22/01/2022";"0100";"";"";"";"";"";"";"";"";"";"";"";"";"";"";"";"";""
"22/01/2022";"0200";"";"";"";"";"";"";"";"";"";"";"";"";"";"";"";"";""
"22/01/2022";"0300";"";"";"";"";"";"";"";"";"";"";"";"";"";"";"";"";""
"22/01/2022";"0400";"";"";"";"";"";"";"";"";"";"";"";"";"";"";"";"";""
"22/01/2022";"0500";"";"";"";"";"";"";"";"";"";"";"";"";"";"";"";"";""
"22/01/2022";"0600";"";"";"";"";"";"";"";"";"";"";"";"";"";"";"";"";""
"22/01/2022";"0700";"";"";"";"";"";"";"";"";"";"";"";"";"";"";"";"";""
"22/01/2022";"0800";"";"";"";"";"";"";"";"";"";"";"";"";"";"";"";"";""
"22/01/2022";"0900";"";"";"";"";"";"";"";"";"";"";"";"";"";"";"";"";""
"22/01/2022";"1000";"";"";"";"";"";"";"";"";"";"";"";"";"";"";"";"";""
"22/01/2022";"1100";"";"";"";"";"";"";"";"";"";"";"";"";"";"";"";"";""
"22/01/2022";"1200";"";"";"";"";"";"";"";"";"";"";"";"";"";"";"";"";""
"22/01/2022";"1300";"";"";"";"";"";"";"";"";"";"";"";"";"";"";"";"";""
"22/01/2022";"1400";"";"";"";"";"";"";"";"";"";"";"";"";"";"";"";"";""
"22/01/2022";"1500";"";"";"";"";"";"";"";"";"";"";"";"";"";"";"";"";""
"22/01/2022";"1600";"";"";"";"";"";"";"";"";"";"";"";"";"";"";"";"";""
"22/01/2022";"1700";"";"";"";"";"";"";"";"";"";"";"";"";"";"";"";"";""
"22/01/2022";"1800";"";"";"";"";"";"";"";"";"";"";"";"";"";"";"";"";""
"22/01/2022";"1900";"";"";"";"";"";"";"";"";"";"";"";"";"";"";"";"";""
"22/01/2022";"2000";"";"";"";"";"";"";"";"";"";"";"";"";"";"";"";"";""
"22/01/2022";"2100";"";"";"";"";"";"";"";"";"";"";"";"";"";"";"";"";""
"22/01/2022";"2200";"";"";"";"";"";"";"";"";"";"";"";"";"";"";"";"";""
"22/01/2022";"2300";"";"";"";"";"";"";"";"";"";"";"";"";"";"";"";"";""
"23/01/2022";"0000";"";"";"";"";"";"";"";"";"";"";"";"";"";"";"";"";""
"23/01/2022";"0100";"";"";"";"";"";"";"";"";"";"";"";"";"";"";"";"";""
"23/01/2022";"0200";"";"";"";"";"";"";"";"";"";"";"";"";"";"";"";"";""
"23/01/2022";"0300";"";"";"";"";"";"";"";"";"";"";"";"";"";"";"";"";""
"23/01/2022";"0400";"";"";"";"";"";"";"";"";"";"";"";"";"";"";"";"";""
"23/01/2022";"0500";"";"";"";"";"";"";"";"";"";"";"";"";"";"";"";"";""
"23/01/2022";"0600";"";"";"";"";"";"";"";"";"";"";"";"";"";"";"";"";""
"23/01/2022";"0700";"";"";"";"";"";"";"";"";"";"";"";"";"";"";"";"";""
"23/01/2022";"0800";"";"";"";"";"";"";"";"";"";"";"";"";"";"";"";"";""
"23/01/2022";"0900";"";"";"";"";"";"";"";"";"";"";"";"";"";"";"";"";""
"23/01/2022";"1000";"";"";"";"";"";"";"";"";"";"";"";"";"";"";"";"";""
"23/01/2022";"1100";"";"";"";"";"";"";"";"";"";"";"";"";"";"";"";"";""
"23/01/2022";"1200";"";"";"";"";"";"";"";"";"";"";"";"";"";"";"";"";""
"23/01/2022";"1300";"";"";"";"";"";"";"";"";"";"";"";"";"";"";"";"";""
"23/01/2022";"1400";"";"";"";"";"";"";"";"";"";"";"";"";"";"";"";"";""
"23/01/2022";"1500";"";"";"";"";"";"";"";"";"";"";"";"";"";"";"";"";""
"23/01/2022";"1600";"";"";"";"";"";"";"";"";"";"";"";"";"";"";"";"";""
"23/01/2022";"1700";"";"";"";"";"";"";"";"";"";"";"";"";"";"";"";"";""
"23/01/2022";"1800";"";"";"";"";"";"";"";"";"";"";"";"";"";"";"";"";""
"23/01/2022";"1900";"";"";"";"";"";"";"";"";"";"";"";"";"";"";"";"";""
"23/01/2022";"2000";"";"";"";"";"";"";"";"";"";"";"";"";"";"";"";"";""
"23/01/2022";"2100";"";"";"";"";"";"";"";"";"";"";"";"";"";"";"";"";""
"23/01/2022";"2200";"";"";"";"";"";"";"";"";"";"";"";"";"";"";"";"";""
"23/01/2022";"2300";"";"";"";"";"";"";"";"";"";"";"";"";"";"";"";"";""
"24/01/2022";"0000";"";"";"";"";"";"";"";"";"";"";"";"";"";"";"";"";""
"24/01/2022";"0100";"";"";"";"";"";"";"";"";"";"";"";"";"";"";"";"";""
"24/01/2022";"0200";"";"";"";"";"";"";"";"";"";"";"";"";"";"";"";"";""
"24/01/2022";"0300";"";"";"";"";"";"";"";"";"";"";"";"";"";"";"";"";""
"24/01/2022";"0400";"";"";"";"";"";"";"";"";"";"";"";"";"";"";"";"";""
"24/01/2022";"0500";"";"";"";"";"";"";"";"";"";"";"";"";"";"";"";"";""
"24/01/2022";"0600";"";"";"";"";"";"";"";"";"";"";"";"";"";"";"";"";""
"24/01/2022";"0700";"";"";"";"";"";"";"";"";"";"";"";"";"";"";"";"";""
"24/01/2022";"0800";"";"";"";"";"";"";"";"";"";"";"";"";"";"";"";"";""
"24/01/2022";"0900";"";"";"";"";"";"";"";"";"";"";"";"";"";"";"";"";""
"24/01/2022";"1000";"";"";"";"";"";"";"";"";"";"";"";"";"";"";"";"";""
"24/01/2022";"1100";"";"";"";"";"";"";"";"";"";"";"";"";"";"";"";"";""
"24/01/2022";"1200";"";"";"";"";"";"";"";"";"";"";"";"";"";"";"";"";""
"24/01/2022";"1300";"";"";"";"";"";"";"";"";"";"";"";"";"";"";"";"";""
"24/01/2022";"1400";"";"";"";"";"";"";"";"";"";"";"";"";"";"";"";"";""
"24/01/2022";"1500";"";"";"";"";"";"";"";"";"";"";"";"";"";"";"";"";""
"24/01/2022";"1600";"";"";"";"";"";"";"";"";"";"";"";"";"";"";"";"";""
"24/01/2022";"1700";"";"";"";"";"";"";"";"";"";"";"";"";"";"";"";"";""
"24/01/2022";"1800";"";"";"";"";"";"";"";"";"";"";"";"";"";"";"";"";""
"24/01/2022";"1900";"";"";"";"";"";"";"";"";"";"";"";"";"";"";"";"";""
"24/01/2022";"2000";"";"";"";"";"";"";"";"";"";"";"";"";"";"";"";"";""
"24/01/2022";"2100";"";"";"";"";"";"";"";"";"";"";"";"";"";"";"";"";""
"24/01/2022";"2200";"";"";"";"";"";"";"";"";"";"";"";"";"";"";"";"";""
"24/01/2022";"2300";"";"";"";"";"";"";"";"";"";"";"";"";"";"";"";"";""
"25/01/2022";"0000";"";"";"";"";"";"";"";"";"";"";"";"";"";"";"";"";""
"25/01/2022";"0100";"";"";"";"";"";"";"";"";"";"";"";"";"";"";"";"";""
"25/01/2022";"0200";"";"";"";"";"";"";"";"";"";"";"";"";"";"";"";"";""
"25/01/2022";"0300";"";"";"";"";"";"";"";"";"";"";"";"";"";"";"";"";""
"25/01/2022";"0400";"";"";"";"";"";"";"";"";"";"";"";"";"";"";"";"";""
"25/01/2022";"0500";"";"";"";"";"";"";"";"";"";"";"";"";"";"";"";"";""
"25/01/2022";"0600";"";"";"";"";"";"";"";"";"";"";"";"";"";"";"";"";""
"25/01/2022";"0700";"";"";"";"";"";"";"";"";"";"";"";"";"";"";"";"";""
"25/01/2022";"0800";"";"";"";"";"";"";"";"";"";"";"";"";"";"";"";"";""
"25/01/2022";"0900";"";"";"";"";"";"";"";"";"";"";"";"";"";"";"";"";""
"25/01/2022";"1000";"";"";"";"";"";"";"";"";"";"";"";"";"";"";"";"";""
"25/01/2022";"1100";"";"";"";"";"";"";"";"";"";"";"";"";"";"";"";"";""
"25/01/2022";"1200";"";"";"";"";"";"";"";"";"";"";"";"";"";"";"";"";""
"25/01/2022";"1300";"";"";"";"";"";"";"";"";"";"";"";"";"";"";"";"";""
"25/01/2022";"1400";"";"";"";"";"";"";"";"";"";"";"";"";"";"";"";"";""
"25/01/2022";"1500";"";"";"";"";"";"";"";"";"";"";"";"";"";"";"";"";""
"25/01/2022";"1600";"";"";"";"";"";"";"";"";"";"";"";"";"";"";"";"";""
"25/01/2022";"1700";"";"";"";"";"";"";"";"";"";"";"";"";"";"";"";"";""
"25/01/2022";"1800";"";"";"";"";"";"";"";"";"";"";"";"";"";"";"";"";""
"25/01/2022";"1900";"";"";"";"";"";"";"";"";"";"";"";"";"";"";"";"";""
"25/01/2022";"2000";"";"";"";"";"";"";"";"";"";"";"";"";"";"";"";"";""
"25/01/2022";"2100";"";"";"";"";"";"";"";"";"";"";"";"";"";"";"";"";""
"25/01/2022";"2200";"";"";"";"";"";"";"";"";"";"";"";"";"";"";"";"";""
"25/01/2022";"2300";"";"";"";"";"";"";"";"";"";"";"";"";"";"";"";"";""
"26/01/2022";"0000";"";"";"";"";"";"";"";"";"";"";"";"";"";"";"";"";""
"26/01/2022";"0100";"";"";"";"";"";"";"";"";"";"";"";"";"";"";"";"";""
"26/01/2022";"0200";"";"";"";"";"";"";"";"";"";"";"";"";"";"";"";"";""
"26/01/2022";"0300";"";"";"";"";"";"";"";"";"";"";"";"";"";"";"";"";""
"26/01/2022";"0400";"";"";"";"";"";"";"";"";"";"";"";"";"";"";"";"";""
"26/01/2022";"0500";"";"";"";"";"";"";"";"";"";"";"";"";"";"";"";"";""
"26/01/2022";"0600";"";"";"";"";"";"";"";"";"";"";"";"";"";"";"";"";""
"26/01/2022";"0700";"";"";"";"";"";"";"";"";"";"";"";"";"";"";"";"";""
"26/01/2022";"0800";"";"";"";"";"";"";"";"";"";"";"";"";"";"";"";"";""
"26/01/2022";"0900";"";"";"";"";"";"";"";"";"";"";"";"";"";"";"";"";""
"26/01/2022";"1000";"";"";"";"";"";"";"";"";"";"";"";"";"";"";"";"";""
"26/01/2022";"1100";"";"";"";"";"";"";"";"";"";"";"";"";"";"";"";"";""
"26/01/2022";"1200";"";"";"";"";"";"";"";"";"";"";"";"";"";"";"";"";""
"26/01/2022";"1300";"";"";"";"";"";"";"";"";"";"";"";"";"";"";"";"";""
"26/01/2022";"1400";"";"";"";"";"";"";"";"";"";"";"";"";"";"";"";"";""
"26/01/2022";"1500";"";"";"";"";"";"";"";"";"";"";"";"";"";"";"";"";""
"26/01/2022";"1600";"";"";"";"";"";"";"";"";"";"";"";"";"";"";"";"";""
"26/01/2022";"1700";"";"";"";"";"";"";"";"";"";"";"";"";"";"";"";"";""
"26/01/2022";"1800";"";"";"";"";"";"";"";"";"";"";"";"";"";"";"";"";""
"26/01/2022";"1900";"";"";"";"";"";"";"";"";"";"";"";"";"";"";"";"";""
"26/01/2022";"2000";"";"";"";"";"";"";"";"";"";"";"";"";"";"";"";"";""
"26/01/2022";"2100";"";"";"";"";"";"";"";"";"";"";"";"";"";"";"";"";""
"26/01/2022";"2200";"";"";"";"";"";"";"";"";"";"";"";"";"";"";"";"";""
"26/01/2022";"2300";"";"";"";"";"";"";"";"";"";"";"";"";"";"";"";"";""
"27/01/2022";"0000";"";"";"";"";"";"";"";"";"";"";"";"";"";"";"";"";""
"27/01/2022";"0100";"";"";"";"";"";"";"";"";"";"";"";"";"";"";"";"";""
"27/01/2022";"0200";"";"";"";"";"";"";"";"";"";"";"";"";"";"";"";"";""
"27/01/2022";"0300";"";"";"";"";"";"";"";"";"";"";"";"";"";"";"";"";""
"27/01/2022";"0400";"";"";"";"";"";"";"";"";"";"";"";"";"";"";"";"";""
"27/01/2022";"0500";"";"";"";"";"";"";"";"";"";"";"";"";"";"";"";"";""
"27/01/2022";"0600";"";"";"";"";"";"";"";"";"";"";"";"";"";"";"";"";""
"27/01/2022";"0700";"";"";"";"";"";"";"";"";"";"";"";"";"";"";"";"";""
"27/01/2022";"0800";"";"";"";"";"";"";"";"";"";"";"";"";"";"";"";"";""
"27/01/2022";"0900";"";"";"";"";"";"";"";"";"";"";"";"";"";"";"";"";""
"27/01/2022";"1000";"";"";"";"";"";"";"";"";"";"";"";"";"";"";"";"";""
"27/01/2022";"1100";"";"";"";"";"";"";"";"";"";"";"";"";"";"";"";"";""
"27/01/2022";"1200";"";"";"";"";"";"";"";"";"";"";"";"";"";"";"";"";""
"27/01/2022";"1300";"";"";"";"";"";"";"";"";"";"";"";"";"";"";"";"";""
"27/01/2022";"1400";"";"";"";"";"";"";"";"";"";"";"";"";"";"";"";"";""
"27/01/2022";"1500";"";"";"";"";"";"";"";"";"";"";"";"";"";"";"";"";""
"27/01/2022";"1600";"";"";"";"";"";"";"";"";"";"";"";"";"";"";"";"";""
"27/01/2022";"1700";"";"";"";"";"";"";"";"";"";"";"";"";"";"";"";"";""
"27/01/2022";"1800";"";"";"";"";"";"";"";"";"";"";"";"";"";"";"";"";""
"27/01/2022";"1900";"";"";"";"";"";"";"";"";"";"";"";"";"";"";"";"";""
"27/01/2022";"2000";"";"";"";"";"";"";"";"";"";"";"";"";"";"";"";"";""
"27/01/2022";"2100";"";"";"";"";"";"";"";"";"";"";"";"";"";"";"";"";""
"27/01/2022";"2200";"";"";"";"";"";"";"";"";"";"";"";"";"";"";"";"";""
"27/01/2022";"2300";"";"";"";"";"";"";"";"";"";"";"";"";"";"";"";"";""
"28/01/2022";"0000";"";"";"";"";"";"";"";"";"";"";"";"";"";"";"";"";""
"28/01/2022";"0100";"";"";"";"";"";"";"";"";"";"";"";"";"";"";"";"";""
"28/01/2022";"0200";"";"";"";"";"";"";"";"";"";"";"";"";"";"";"";"";""
"28/01/2022";"0300";"";"";"";"";"";"";"";"";"";"";"";"";"";"";"";"";""
"28/01/2022";"0400";"";"";"";"";"";"";"";"";"";"";"";"";"";"";"";"";""
"28/01/2022";"0500";"";"";"";"";"";"";"";"";"";"";"";"";"";"";"";"";""
"28/01/2022";"0600";"";"";"";"";"";"";"";"";"";"";"";"";"";"";"";"";""
"28/01/2022";"0700";"";"";"";"";"";"";"";"";"";"";"";"";"";"";"";"";""
"28/01/2022";"0800";"";"";"";"";"";"";"";"";"";"";"";"";"";"";"";"";""
"28/01/2022";"0900";"";"";"";"";"";"";"";"";"";"";"";"";"";"";"";"";""
"28/01/2022";"1000";"";"";"";"";"";"";"";"";"";"";"";"";"";"";"";"";""
"28/01/2022";"1100";"";"";"";"";"";"";"";"";"";"";"";"";"";"";"";"";""
"28/01/2022";"1200";"";"";"";"";"";"";"";"";"";"";"";"";"";"";"";"";""
"28/01/2022";"1300";"";"";"";"";"";"";"";"";"";"";"";"";"";"";"";"";""
"28/01/2022";"1400";"";"";"";"";"";"";"";"";"";"";"";"";"";"";"";"";""
"28/01/2022";"1500";"";"";"";"";"";"";"";"";"";"";"";"";"";"";"";"";""
"28/01/2022";"1600";"";"";"";"";"";"";"";"";"";"";"";"";"";"";"";"";""
"28/01/2022";"1700";"";"";"";"";"";"";"";"";"";"";"";"";"";"";"";"";""
"28/01/2022";"1800";"";"";"";"";"";"";"";"";"";"";"";"";"";"";"";"";""
"28/01/2022";"1900";"";"";"";"";"";"";"";"";"";"";"";"";"";"";"";"";""
"28/01/2022";"2000";"";"";"";"";"";"";"";"";"";"";"";"";"";"";"";"";""
"28/01/2022";"2100";"";"";"";"";"";"";"";"";"";"";"";"";"";"";"";"";""
"28/01/2022";"2200";"";"";"";"";"";"";"";"";"";"";"";"";"";"";"";"";""
"28/01/2022";"2300";"";"";"";"";"";"";"";"";"";"";"";"";"";"";"";"";""
"29/01/2022";"0000";"";"";"";"";"";"";"";"";"";"";"";"";"";"";"";"";""
"29/01/2022";"0100";"";"";"";"";"";"";"";"";"";"";"";"";"";"";"";"";""
"29/01/2022";"0200";"";"";"";"";"";"";"";"";"";"";"";"";"";"";"";"";""
"29/01/2022";"0300";"";"";"";"";"";"";"";"";"";"";"";"";"";"";"";"";""
"29/01/2022";"0400";"";"";"";"";"";"";"";"";"";"";"";"";"";"";"";"";""
"29/01/2022";"0500";"";"";"";"";"";"";"";"";"";"";"";"";"";"";"";"";""
"29/01/2022";"0600";"";"";"";"";"";"";"";"";"";"";"";"";"";"";"";"";""
"29/01/2022";"0700";"";"";"";"";"";"";"";"";"";"";"";"";"";"";"";"";""
"29/01/2022";"0800";"";"";"";"";"";"";"";"";"";"";"";"";"";"";"";"";""
"29/01/2022";"0900";"";"";"";"";"";"";"";"";"";"";"";"";"";"";"";"";""
"29/01/2022";"1000";"";"";"";"";"";"";"";"";"";"";"";"";"";"";"";"";""
"29/01/2022";"1100";"";"";"";"";"";"";"";"";"";"";"";"";"";"";"";"";""
"29/01/2022";"1200";"";"";"";"";"";"";"";"";"";"";"";"";"";"";"";"";""
"29/01/2022";"1300";"";"";"";"";"";"";"";"";"";"";"";"";"";"";"";"";""
"29/01/2022";"1400";"";"";"";"";"";"";"";"";"";"";"";"";"";"";"";"";""
"29/01/2022";"1500";"";"";"";"";"";"";"";"";"";"";"";"";"";"";"";"";""
"29/01/2022";"1600";"";"";"";"";"";"";"";"";"";"";"";"";"";"";"";"";""
"29/01/2022";"1700";"";"";"";"";"";"";"";"";"";"";"";"";"";"";"";"";""
"29/01/2022";"1800";"";"";"";"";"";"";"";"";"";"";"";"";"";"";"";"";""
"29/01/2022";"1900";"";"";"";"";"";"";"";"";"";"";"";"";"";"";"";"";""
"29/01/2022";"2000";"";"";"";"";"";"";"";"";"";"";"";"";"";"";"";"";""
"29/01/2022";"2100";"";"";"";"";"";"";"";"";"";"";"";"";"";"";"";"";""
"29/01/2022";"2200";"";"";"";"";"";"";"";"";"";"";"";"";"";"";"";"";""
"29/01/2022";"2300";"";"";"";"";"";"";"";"";"";"";"";"";"";"";"";"";""
"30/01/2022";"0000";"";"";"";"";"";"";"";"";"";"";"";"";"";"";"";"";""
"30/01/2022";"0100";"";"";"";"";"";"";"";"";"";"";"";"";"";"";"";"";""
"30/01/2022";"0200";"";"";"";"";"";"";"";"";"";"";"";"";"";"";"";"";""
"30/01/2022";"0300";"";"";"";"";"";"";"";"";"";"";"";"";"";"";"";"";""
"30/01/2022";"0400";"";"";"";"";"";"";"";"";"";"";"";"";"";"";"";"";""
"30/01/2022";"0500";"";"";"";"";"";"";"";"";"";"";"";"";"";"";"";"";""
"30/01/2022";"0600";"";"";"";"";"";"";"";"";"";"";"";"";"";"";"";"";""
"30/01/2022";"0700";"";"";"";"";"";"";"";"";"";"";"";"";"";"";"";"";""
"30/01/2022";"0800";"";"";"";"";"";"";"";"";"";"";"";"";"";"";"";"";""
"30/01/2022";"0900";"";"";"";"";"";"";"";"";"";"";"";"";"";"";"";"";""
"30/01/2022";"1000";"";"";"";"";"";"";"";"";"";"";"";"";"";"";"";"";""
"30/01/2022";"1100";"";"";"";"";"";"";"";"";"";"";"";"";"";"";"";"";""
"30/01/2022";"1200";"";"";"";"";"";"";"";"";"";"";"";"";"";"";"";"";""
"30/01/2022";"1300";"";"";"";"";"";"";"";"";"";"";"";"";"";"";"";"";""
"30/01/2022";"1400";"";"";"";"";"";"";"";"";"";"";"";"";"";"";"";"";""
"30/01/2022";"1500";"";"";"";"";"";"";"";"";"";"";"";"";"";"";"";"";""
"30/01/2022";"1600";"";"";"";"";"";"";"";"";"";"";"";"";"";"";"";"";""
"30/01/2022";"1700";"";"";"";"";"";"";"";"";"";"";"";"";"";"";"";"";""
"30/01/2022";"1800";"";"";"";"";"";"";"";"";"";"";"";"";"";"";"";"";""
"30/01/2022";"1900";"";"";"";"";"";"";"";"";"";"";"";"";"";"";"";"";""
"30/01/2022";"2000";"";"";"";"";"";"";"";"";"";"";"";"";"";"";"";"";""
"30/01/2022";"2100";"";"";"";"";"";"";"";"";"";"";"";"";"";"";"";"";""
"30/01/2022";"2200";"";"";"";"";"";"";"";"";"";"";"";"";"";"";"";"";""
"30/01/2022";"2300";"";"";"";"";"";"";"";"";"";"";"";"";"";"";"";"";""
"31/01/2022";"0000";"";"";"";"";"";"";"";"";"";"";"";"";"";"";"";"";""
"31/01/2022";"0100";"";"";"";"";"";"";"";"";"";"";"";"";"";"";"";"";""
"31/01/2022";"0200";"";"";"";"";"";"";"";"";"";"";"";"";"";"";"";"";""
"31/01/2022";"0300";"";"";"";"";"";"";"";"";"";"";"";"";"";"";"";"";""
"31/01/2022";"0400";"";"";"";"";"";"";"";"";"";"";"";"";"";"";"";"";""
"31/01/2022";"0500";"";"";"";"";"";"";"";"";"";"";"";"";"";"";"";"";""
"31/01/2022";"0600";"";"";"";"";"";"";"";"";"";"";"";"";"";"";"";"";""
"31/01/2022";"0700";"";"";"";"";"";"";"";"";"";"";"";"";"";"";"";"";""
"31/01/2022";"0800";"";"";"";"";"";"";"";"";"";"";"";"";"";"";"";"";""
"31/01/2022";"0900";"";"";"";"";"";"";"";"";"";"";"";"";"";"";"";"";""
"31/01/2022";"1000";"";"";"";"";"";"";"";"";"";"";"";"";"";"";"";"";""
"31/01/2022";"1100";"";"";"";"";"";"";"";"";"";"";"";"";"";"";"";"";""
"31/01/2022";"1200";"";"";"";"";"";"";"";"";"";"";"";"";"";"";"";"";""
"31/01/2022";"1300";"";"";"";"";"";"";"";"";"";"";"";"";"";"";"";"";""
"31/01/2022";"1400";"";"";"";"";"";"";"";"";"";"";"";"";"";"";"";"";""
"31/01/2022";"1500";"";"";"";"";"";"";"";"";"";"";"";"";"";"";"";"";""
"31/01/2022";"1600";"";"";"";"";"";"";"";"";"";"";"";"";"";"";"";"";""
"31/01/2022";"1700";"";"";"";"";"";"";"";"";"";"";"";"";"";"";"";"";""
"31/01/2022";"1800";"";"";"";"";"";"";"";"";"";"";"";"";"";"";"";"";""
"31/01/2022";"1900";"";"";"";"";"";"";"";"";"";"";"";"";"";"";"";"";""
"31/01/2022";"2000";"";"";"";"";"";"";"";"";"";"";"";"";"";"";"";"";""
"31/01/2022";"2100";"";"";"";"";"";"";"";"";"";"";"";"";"";"";"";"";""
"31/01/2022";"2200";"";"";"";"";"";"";"";"";"";"";"";"";"";"";"";"";""
"31/01/2022";"2300";"";"";"";"";"";"";"";"";"";"";"";"";"";"";"";"";""
"01/02/2022";"0000";"";"";"";"";"";"";"";"";"";"";"";"";"";"";"";"";""
"01/02/2022";"0100";"";"";"";"";"";"";"";"";"";"";"";"";"";"";"";"";""
"01/02/2022";"0200";"";"";"";"";"";"";"";"";"";"";"";"";"";"";"";"";""
"01/02/2022";"0300";"";"";"";"";"";"";"";"";"";"";"";"";"";"";"";"";""
"01/02/2022";"0400";"";"";"";"";"";"";"";"";"";"";"";"";"";"";"";"";""
"01/02/2022";"0500";"";"";"";"";"";"";"";"";"";"";"";"";"";"";"";"";""
"01/02/2022";"0600";"";"";"";"";"";"";"";"";"";"";"";"";"";"";"";"";""
"01/02/2022";"0700";"";"";"";"";"";"";"";"";"";"";"";"";"";"";"";"";""
"01/02/2022";"0800";"";"";"";"";"";"";"";"";"";"";"";"";"";"";"";"";""
"01/02/2022";"0900";"";"";"";"";"";"";"";"";"";"";"";"";"";"";"";"";""
"01/02/2022";"1000";"";"";"";"";"";"";"";"";"";"";"";"";"";"";"";"";""
"01/02/2022";"1100";"";"";"";"";"";"";"";"";"";"";"";"";"";"";"";"";""
"01/02/2022";"1200";"";"";"";"";"";"";"";"";"";"";"";"";"";"";"";"";""
"01/02/2022";"1300";"";"";"";"";"";"";"";"";"";"";"";"";"";"";"";"";""
"01/02/2022";"1400";"";"";"";"";"";"";"";"";"";"";"";"";"";"";"";"";""
"01/02/2022";"1500";"";"";"";"";"";"";"";"";"";"";"";"";"";"";"";"";""
"01/02/2022";"1600";"";"";"";"";"";"";"";"";"";"";"";"";"";"";"";"";""
"01/02/2022";"1700";"";"";"";"";"";"";"";"";"";"";"";"";"";"";"";"";""
"01/02/2022";"1800";"";"";"";"";"";"";"";"";"";"";"";"";"";"";"";"";""
"01/02/2022";"1900";"";"";"";"";"";"";"";"";"";"";"";"";"";"";"";"";""
"01/02/2022";"2000";"";"";"";"";"";"";"";"";"";"";"";"";"";"";"";"";""
"01/02/2022";"2100";"";"";"";"";"";"";"";"";"";"";"";"";"";"";"";"";""
"01/02/2022";"2200";"";"";"";"";"";"";"";"";"";"";"";"";"";"";"";"";""
"01/02/2022";"2300";"";"";"";"";"";"";"";"";"";"";"";"";"";"";"";"";""
"02/02/2022";"0000";"";"";"";"";"";"";"";"";"";"";"";"";"";"";"";"";""
"02/02/2022";"0100";"";"";"";"";"";"";"";"";"";"";"";"";"";"";"";"";""
"02/02/2022";"0200";"";"";"";"";"";"";"";"";"";"";"";"";"";"";"";"";""
"02/02/2022";"0300";"";"";"";"";"";"";"";"";"";"";"";"";"";"";"";"";""
"02/02/2022";"0400";"";"";"";"";"";"";"";"";"";"";"";"";"";"";"";"";""
"02/02/2022";"0500";"";"";"";"";"";"";"";"";"";"";"";"";"";"";"";"";""
"02/02/2022";"0600";"";"";"";"";"";"";"";"";"";"";"";"";"";"";"";"";""
"02/02/2022";"0700";"";"";"";"";"";"";"";"";"";"";"";"";"";"";"";"";""
"02/02/2022";"0800";"";"";"";"";"";"";"";"";"";"";"";"";"";"";"";"";""
"02/02/2022";"0900";"";"";"";"";"";"";"";"";"";"";"";"";"";"";"";"";""
"02/02/2022";"1000";"";"";"";"";"";"";"";"";"";"";"";"";"";"";"";"";""
"02/02/2022";"1100";"";"";"";"";"";"";"";"";"";"";"";"";"";"";"";"";""
"02/02/2022";"1200";"";"";"";"";"";"";"";"";"";"";"";"";"";"";"";"";""
"02/02/2022";"1300";"";"";"";"";"";"";"";"";"";"";"";"";"";"";"";"";""
"02/02/2022";"1400";"";"";"";"";"";"";"";"";"";"";"";"";"";"";"";"";""
"02/02/2022";"1500";"";"";"";"";"";"";"";"";"";"";"";"";"";"";"";"";""
"02/02/2022";"1600";"";"";"";"";"";"";"";"";"";"";"";"";"";"";"";"";""
"02/02/2022";"1700";"";"";"";"";"";"";"";"";"";"";"";"";"";"";"";"";""
"02/02/2022";"1800";"";"";"";"";"";"";"";"";"";"";"";"";"";"";"";"";""
"02/02/2022";"1900";"";"";"";"";"";"";"";"";"";"";"";"";"";"";"";"";""
"02/02/2022";"2000";"";"";"";"";"";"";"";"";"";"";"";"";"";"";"";"";""
"02/02/2022";"2100";"";"";"";"";"";"";"";"";"";"";"";"";"";"";"";"";""
"02/02/2022";"2200";"";"";"";"";"";"";"";"";"";"";"";"";"";"";"";"";""
"02/02/2022";"2300";"";"";"";"";"";"";"";"";"";"";"";"";"";"";"";"";""
"03/02/2022";"0000";"";"";"";"";"";"";"";"";"";"";"";"";"";"";"";"";""
"03/02/2022";"0100";"";"";"";"";"";"";"";"";"";"";"";"";"";"";"";"";""
"03/02/2022";"0200";"";"";"";"";"";"";"";"";"";"";"";"";"";"";"";"";""
"03/02/2022";"0300";"";"";"";"";"";"";"";"";"";"";"";"";"";"";"";"";""
"03/02/2022";"0400";"";"";"";"";"";"";"";"";"";"";"";"";"";"";"";"";""
"03/02/2022";"0500";"";"";"";"";"";"";"";"";"";"";"";"";"";"";"";"";""
"03/02/2022";"0600";"";"";"";"";"";"";"";"";"";"";"";"";"";"";"";"";""
"03/02/2022";"0700";"";"";"";"";"";"";"";"";"";"";"";"";"";"";"";"";""
"03/02/2022";"0800";"";"";"";"";"";"";"";"";"";"";"";"";"";"";"";"";""
"03/02/2022";"0900";"";"";"";"";"";"";"";"";"";"";"";"";"";"";"";"";""
"03/02/2022";"1000";"";"";"";"";"";"";"";"";"";"";"";"";"";"";"";"";""
"03/02/2022";"1100";"";"";"";"";"";"";"";"";"";"";"";"";"";"";"";"";""
"03/02/2022";"1200";"";"";"";"";"";"";"";"";"";"";"";"";"";"";"";"";""
"03/02/2022";"1300";"";"";"";"";"";"";"";"";"";"";"";"";"";"";"";"";""
"03/02/2022";"1400";"";"";"";"";"";"";"";"";"";"";"";"";"";"";"";"";""
"03/02/2022";"1500";"";"";"";"";"";"";"";"";"";"";"";"";"";"";"";"";""
"03/02/2022";"1600";"";"";"";"";"";"";"";"";"";"";"";"";"";"";"";"";""
"03/02/2022";"1700";"";"";"";"";"";"";"";"";"";"";"";"";"";"";"";"";""
"03/02/2022";"1800";"";"";"";"";"";"";"";"";"";"";"";"";"";"";"";"";""
"03/02/2022";"1900";"";"";"";"";"";"";"";"";"";"";"";"";"";"";"";"";""
"03/02/2022";"2000";"";"";"";"";"";"";"";"";"";"";"";"";"";"";"";"";""
"03/02/2022";"2100";"";"";"";"";"";"";"";"";"";"";"";"";"";"";"";"";""
"03/02/2022";"2200";"";"";"";"";"";"";"";"";"";"";"";"";"";"";"";"";""
"03/02/2022";"2300";"";"";"";"";"";"";"";"";"";"";"";"";"";"";"";"";""
"04/02/2022";"0000";"";"";"";"";"";"";"";"";"";"";"";"";"";"";"";"";""
"04/02/2022";"0100";"";"";"";"";"";"";"";"";"";"";"";"";"";"";"";"";""
"04/02/2022";"0200";"";"";"";"";"";"";"";"";"";"";"";"";"";"";"";"";""
"04/02/2022";"0300";"";"";"";"";"";"";"";"";"";"";"";"";"";"";"";"";""
"04/02/2022";"0400";"";"";"";"";"";"";"";"";"";"";"";"";"";"";"";"";""
"04/02/2022";"0500";"";"";"";"";"";"";"";"";"";"";"";"";"";"";"";"";""
"04/02/2022";"0600";"";"";"";"";"";"";"";"";"";"";"";"";"";"";"";"";""
"04/02/2022";"0700";"";"";"";"";"";"";"";"";"";"";"";"";"";"";"";"";""
"04/02/2022";"0800";"";"";"";"";"";"";"";"";"";"";"";"";"";"";"";"";""
"04/02/2022";"0900";"";"";"";"";"";"";"";"";"";"";"";"";"";"";"";"";""
"04/02/2022";"1000";"";"";"";"";"";"";"";"";"";"";"";"";"";"";"";"";""
"04/02/2022";"1100";"";"";"";"";"";"";"";"";"";"";"";"";"";"";"";"";""
"04/02/2022";"1200";"";"";"";"";"";"";"";"";"";"";"";"";"";"";"";"";""
"04/02/2022";"1300";"";"";"";"";"";"";"";"";"";"";"";"";"";"";"";"";""
"04/02/2022";"1400";"";"";"";"";"";"";"";"";"";"";"";"";"";"";"";"";""
"04/02/2022";"1500";"";"";"";"";"";"";"";"";"";"";"";"";"";"";"";"";""
"04/02/2022";"1600";"";"";"";"";"";"";"";"";"";"";"";"";"";"";"";"";""
"04/02/2022";"1700";"";"";"";"";"";"";"";"";"";"";"";"";"";"";"";"";""
"04/02/2022";"1800";"";"";"";"";"";"";"";"";"";"";"";"";"";"";"";"";""
"04/02/2022";"1900";"";"";"";"";"";"";"";"";"";"";"";"";"";"";"";"";""
"04/02/2022";"2000";"";"";"";"";"";"";"";"";"";"";"";"";"";"";"";"";""
"04/02/2022";"2100";"";"";"";"";"";"";"";"";"";"";"";"";"";"";"";"";""
"04/02/2022";"2200";"";"";"";"";"";"";"";"";"";"";"";"";"";"";"";"";""
"04/02/2022";"2300";"";"";"";"";"";"";"";"";"";"";"";"";"";"";"";"";""
"05/02/2022";"0000";"";"";"";"";"";"";"";"";"";"";"";"";"";"";"";"";""
"05/02/2022";"0100";"";"";"";"";"";"";"";"";"";"";"";"";"";"";"";"";""
"05/02/2022";"0200";"";"";"";"";"";"";"";"";"";"";"";"";"";"";"";"";""
"05/02/2022";"0300";"";"";"";"";"";"";"";"";"";"";"";"";"";"";"";"";""
"05/02/2022";"0400";"";"";"";"";"";"";"";"";"";"";"";"";"";"";"";"";""
"05/02/2022";"0500";"";"";"";"";"";"";"";"";"";"";"";"";"";"";"";"";""
"05/02/2022";"0600";"";"";"";"";"";"";"";"";"";"";"";"";"";"";"";"";""
"05/02/2022";"0700";"";"";"";"";"";"";"";"";"";"";"";"";"";"";"";"";""
"05/02/2022";"0800";"";"";"";"";"";"";"";"";"";"";"";"";"";"";"";"";""
"05/02/2022";"0900";"";"";"";"";"";"";"";"";"";"";"";"";"";"";"";"";""
"05/02/2022";"1000";"";"";"";"";"";"";"";"";"";"";"";"";"";"";"";"";""
"05/02/2022";"1100";"";"";"";"";"";"";"";"";"";"";"";"";"";"";"";"";""
"05/02/2022";"1200";"";"";"";"";"";"";"";"";"";"";"";"";"";"";"";"";""
"05/02/2022";"1300";"";"";"";"";"";"";"";"";"";"";"";"";"";"";"";"";""
"05/02/2022";"1400";"";"";"";"";"";"";"";"";"";"";"";"";"";"";"";"";""
"05/02/2022";"1500";"";"";"";"";"";"";"";"";"";"";"";"";"";"";"";"";""
"05/02/2022";"1600";"";"";"";"";"";"";"";"";"";"";"";"";"";"";"";"";""
"05/02/2022";"1700";"";"";"";"";"";"";"";"";"";"";"";"";"";"";"";"";""
"05/02/2022";"1800";"";"";"";"";"";"";"";"";"";"";"";"";"";"";"";"";""
"05/02/2022";"1900";"";"";"";"";"";"";"";"";"";"";"";"";"";"";"";"";""
"05/02/2022";"2000";"";"";"";"";"";"";"";"";"";"";"";"";"";"";"";"";""
"05/02/2022";"2100";"";"";"";"";"";"";"";"";"";"";"";"";"";"";"";"";""
"05/02/2022";"2200";"";"";"";"";"";"";"";"";"";"";"";"";"";"";"";"";""
"05/02/2022";"2300";"";"";"";"";"";"";"";"";"";"";"";"";"";"";"";"";""
"06/02/2022";"0000";"";"";"";"";"";"";"";"";"";"";"";"";"";"";"";"";""
"06/02/2022";"0100";"";"";"";"";"";"";"";"";"";"";"";"";"";"";"";"";""
"06/02/2022";"0200";"";"";"";"";"";"";"";"";"";"";"";"";"";"";"";"";""
"06/02/2022";"0300";"";"";"";"";"";"";"";"";"";"";"";"";"";"";"";"";""
"06/02/2022";"0400";"";"";"";"";"";"";"";"";"";"";"";"";"";"";"";"";""
"06/02/2022";"0500";"";"";"";"";"";"";"";"";"";"";"";"";"";"";"";"";""
"06/02/2022";"0600";"";"";"";"";"";"";"";"";"";"";"";"";"";"";"";"";""
"06/02/2022";"0700";"";"";"";"";"";"";"";"";"";"";"";"";"";"";"";"";""
"06/02/2022";"0800";"";"";"";"";"";"";"";"";"";"";"";"";"";"";"";"";""
"06/02/2022";"0900";"";"";"";"";"";"";"";"";"";"";"";"";"";"";"";"";""
"06/02/2022";"1000";"";"";"";"";"";"";"";"";"";"";"";"";"";"";"";"";""
"06/02/2022";"1100";"";"";"";"";"";"";"";"";"";"";"";"";"";"";"";"";""
"06/02/2022";"1200";"";"";"";"";"";"";"";"";"";"";"";"";"";"";"";"";""
"06/02/2022";"1300";"";"";"";"";"";"";"";"";"";"";"";"";"";"";"";"";""
"06/02/2022";"1400";"";"";"";"";"";"";"";"";"";"";"";"";"";"";"";"";""
"06/02/2022";"1500";"";"";"";"";"";"";"";"";"";"";"";"";"";"";"";"";""
"06/02/2022";"1600";"";"";"";"";"";"";"";"";"";"";"";"";"";"";"";"";""
"06/02/2022";"1700";"";"";"";"";"";"";"";"";"";"";"";"";"";"";"";"";""
"06/02/2022";"1800";"";"";"";"";"";"";"";"";"";"";"";"";"";"";"";"";""
"06/02/2022";"1900";"";"";"";"";"";"";"";"";"";"";"";"";"";"";"";"";""
"06/02/2022";"2000";"";"";"";"";"";"";"";"";"";"";"";"";"";"";"";"";""
"06/02/2022";"2100";"";"";"";"";"";"";"";"";"";"";"";"";"";"";"";"";""
"06/02/2022";"2200";"";"";"";"";"";"";"";"";"";"";"";"";"";"";"";"";""
"06/02/2022";"2300";"";"";"";"";"";"";"";"";"";"";"";"";"";"";"";"";""
"07/02/2022";"0000";"";"";"";"";"";"";"";"";"";"";"";"";"";"";"";"";""
"07/02/2022";"0100";"";"";"";"";"";"";"";"";"";"";"";"";"";"";"";"";""
"07/02/2022";"0200";"";"";"";"";"";"";"";"";"";"";"";"";"";"";"";"";""
"07/02/2022";"0300";"";"";"";"";"";"";"";"";"";"";"";"";"";"";"";"";""
"07/02/2022";"0400";"";"";"";"";"";"";"";"";"";"";"";"";"";"";"";"";""
"07/02/2022";"0500";"";"";"";"";"";"";"";"";"";"";"";"";"";"";"";"";""
"07/02/2022";"0600";"";"";"";"";"";"";"";"";"";"";"";"";"";"";"";"";""
"07/02/2022";"0700";"";"";"";"";"";"";"";"";"";"";"";"";"";"";"";"";""
"07/02/2022";"0800";"";"";"";"";"";"";"";"";"";"";"";"";"";"";"";"";""
"07/02/2022";"0900";"";"";"";"";"";"";"";"";"";"";"";"";"";"";"";"";""
"07/02/2022";"1000";"";"";"";"";"";"";"";"";"";"";"";"";"";"";"";"";""
"07/02/2022";"1100";"";"";"";"";"";"";"";"";"";"";"";"";"";"";"";"";""
"07/02/2022";"1200";"";"";"";"";"";"";"";"";"";"";"";"";"";"";"";"";""
"07/02/2022";"1300";"";"";"";"";"";"";"";"";"";"";"";"";"";"";"";"";""
"07/02/2022";"1400";"";"";"";"";"";"";"";"";"";"";"";"";"";"";"";"";""
"07/02/2022";"1500";"";"";"";"";"";"";"";"";"";"";"";"";"";"";"";"";""
"07/02/2022";"1600";"";"";"";"";"";"";"";"";"";"";"";"";"";"";"";"";""
"07/02/2022";"1700";"";"";"";"";"";"";"";"";"";"";"";"";"";"";"";"";""
"07/02/2022";"1800";"";"";"";"";"";"";"";"";"";"";"";"";"";"";"";"";""
"07/02/2022";"1900";"";"";"";"";"";"";"";"";"";"";"";"";"";"";"";"";""
"07/02/2022";"2000";"";"";"";"";"";"";"";"";"";"";"";"";"";"";"";"";""
"07/02/2022";"2100";"";"";"";"";"";"";"";"";"";"";"";"";"";"";"";"";""
"07/02/2022";"2200";"";"";"";"";"";"";"";"";"";"";"";"";"";"";"";"";""
"07/02/2022";"2300";"";"";"";"";"";"";"";"";"";"";"";"";"";"";"";"";""
"08/02/2022";"0000";"";"";"";"";"";"";"";"";"";"";"";"";"";"";"";"";""
"08/02/2022";"0100";"";"";"";"";"";"";"";"";"";"";"";"";"";"";"";"";""
"08/02/2022";"0200";"";"";"";"";"";"";"";"";"";"";"";"";"";"";"";"";""
"08/02/2022";"0300";"";"";"";"";"";"";"";"";"";"";"";"";"";"";"";"";""
"08/02/2022";"0400";"";"";"";"";"";"";"";"";"";"";"";"";"";"";"";"";""
"08/02/2022";"0500";"";"";"";"";"";"";"";"";"";"";"";"";"";"";"";"";""
"08/02/2022";"0600";"";"";"";"";"";"";"";"";"";"";"";"";"";"";"";"";""
"08/02/2022";"0700";"";"";"";"";"";"";"";"";"";"";"";"";"";"";"";"";""
"08/02/2022";"0800";"";"";"";"";"";"";"";"";"";"";"";"";"";"";"";"";""
"08/02/2022";"0900";"";"";"";"";"";"";"";"";"";"";"";"";"";"";"";"";""
"08/02/2022";"1000";"";"";"";"";"";"";"";"";"";"";"";"";"";"";"";"";""
"08/02/2022";"1100";"";"";"";"";"";"";"";"";"";"";"";"";"";"";"";"";""
"08/02/2022";"1200";"";"";"";"";"";"";"";"";"";"";"";"";"";"";"";"";""
"08/02/2022";"1300";"";"";"";"";"";"";"";"";"";"";"";"";"";"";"";"";""
"08/02/2022";"1400";"";"";"";"";"";"";"";"";"";"";"";"";"";"";"";"";""
"08/02/2022";"1500";"";"";"";"";"";"";"";"";"";"";"";"";"";"";"";"";""
"08/02/2022";"1600";"";"";"";"";"";"";"";"";"";"";"";"";"";"";"";"";""
"08/02/2022";"1700";"";"";"";"";"";"";"";"";"";"";"";"";"";"";"";"";""
"08/02/2022";"1800";"";"";"";"";"";"";"";"";"";"";"";"";"";"";"";"";""
"08/02/2022";"1900";"";"";"";"";"";"";"";"";"";"";"";"";"";"";"";"";""
"08/02/2022";"2000";"";"";"";"";"";"";"";"";"";"";"";"";"";"";"";"";""
"08/02/2022";"2100";"";"";"";"";"";"";"";"";"";"";"";"";"";"";"";"";""
"08/02/2022";"2200";"";"";"";"";"";"";"";"";"";"";"";"";"";"";"";"";""
"08/02/2022";"2300";"";"";"";"";"";"";"";"";"";"";"";"";"";"";"";"";""
"09/02/2022";"0000";"";"";"";"";"";"";"";"";"";"";"";"";"";"";"";"";""
"09/02/2022";"0100";"";"";"";"";"";"";"";"";"";"";"";"";"";"";"";"";""
"09/02/2022";"0200";"";"";"";"";"";"";"";"";"";"";"";"";"";"";"";"";""
"09/02/2022";"0300";"";"";"";"";"";"";"";"";"";"";"";"";"";"";"";"";""
"09/02/2022";"0400";"";"";"";"";"";"";"";"";"";"";"";"";"";"";"";"";""
"09/02/2022";"0500";"";"";"";"";"";"";"";"";"";"";"";"";"";"";"";"";""
"09/02/2022";"0600";"";"";"";"";"";"";"";"";"";"";"";"";"";"";"";"";""
"09/02/2022";"0700";"";"";"";"";"";"";"";"";"";"";"";"";"";"";"";"";""
"09/02/2022";"0800";"";"";"";"";"";"";"";"";"";"";"";"";"";"";"";"";""
"09/02/2022";"0900";"";"";"";"";"";"";"";"";"";"";"";"";"";"";"";"";""
"09/02/2022";"1000";"";"";"";"";"";"";"";"";"";"";"";"";"";"";"";"";""
"09/02/2022";"1100";"";"";"";"";"";"";"";"";"";"";"";"";"";"";"";"";""
"09/02/2022";"1200";"";"";"";"";"";"";"";"";"";"";"";"";"";"";"";"";""
"09/02/2022";"1300";"";"";"";"";"";"";"";"";"";"";"";"";"";"";"";"";""
"09/02/2022";"1400";"";"";"";"";"";"";"";"";"";"";"";"";"";"";"";"";""
"09/02/2022";"1500";"";"";"";"";"";"";"";"";"";"";"";"";"";"";"";"";""
"09/02/2022";"1600";"";"";"";"";"";"";"";"";"";"";"";"";"";"";"";"";""
"09/02/2022";"1700";"";"";"";"";"";"";"";"";"";"";"";"";"";"";"";"";""
"09/02/2022";"1800";"";"";"";"";"";"";"";"";"";"";"";"";"";"";"";"";""
"09/02/2022";"1900";"";"";"";"";"";"";"";"";"";"";"";"";"";"";"";"";""
"09/02/2022";"2000";"";"";"";"";"";"";"";"";"";"";"";"";"";"";"";"";""
"09/02/2022";"2100";"";"";"";"";"";"";"";"";"";"";"";"";"";"";"";"";""
"09/02/2022";"2200";"";"";"";"";"";"";"";"";"";"";"";"";"";"";"";"";""
"09/02/2022";"2300";"";"";"";"";"";"";"";"";"";"";"";"";"";"";"";"";""
"10/02/2022";"0000";"";"";"";"";"";"";"";"";"";"";"";"";"";"";"";"";""
"10/02/2022";"0100";"";"";"";"";"";"";"";"";"";"";"";"";"";"";"";"";""
"10/02/2022";"0200";"";"";"";"";"";"";"";"";"";"";"";"";"";"";"";"";""
"10/02/2022";"0300";"";"";"";"";"";"";"";"";"";"";"";"";"";"";"";"";""
"10/02/2022";"0400";"";"";"";"";"";"";"";"";"";"";"";"";"";"";"";"";""
"10/02/2022";"0500";"";"";"";"";"";"";"";"";"";"";"";"";"";"";"";"";""
"10/02/2022";"0600";"";"";"";"";"";"";"";"";"";"";"";"";"";"";"";"";""
"10/02/2022";"0700";"";"";"";"";"";"";"";"";"";"";"";"";"";"";"";"";""
"10/02/2022";"0800";"";"";"";"";"";"";"";"";"";"";"";"";"";"";"";"";""
"10/02/2022";"0900";"";"";"";"";"";"";"";"";"";"";"";"";"";"";"";"";""
"10/02/2022";"1000";"";"";"";"";"";"";"";"";"";"";"";"";"";"";"";"";""
"10/02/2022";"1100";"";"";"";"";"";"";"";"";"";"";"";"";"";"";"";"";""
"10/02/2022";"1200";"";"";"";"";"";"";"";"";"";"";"";"";"";"";"";"";""
"10/02/2022";"1300";"";"";"";"";"";"";"";"";"";"";"";"";"";"";"";"";""
"10/02/2022";"1400";"";"";"";"";"";"";"";"";"";"";"";"";"";"";"";"";""
"10/02/2022";"1500";"";"";"";"";"";"";"";"";"";"";"";"";"";"";"";"";""
"10/02/2022";"1600";"";"";"";"";"";"";"";"";"";"";"";"";"";"";"";"";""
"10/02/2022";"1700";"";"";"";"";"";"";"";"";"";"";"";"";"";"";"";"";""
"10/02/2022";"1800";"";"";"";"";"";"";"";"";"";"";"";"";"";"";"";"";""
"10/02/2022";"1900";"";"";"";"";"";"";"";"";"";"";"";"";"";"";"";"";""
"10/02/2022";"2000";"";"";"";"";"";"";"";"";"";"";"";"";"";"";"";"";""
"10/02/2022";"2100";"";"";"";"";"";"";"";"";"";"";"";"";"";"";"";"";""
"10/02/2022";"2200";"";"";"";"";"";"";"";"";"";"";"";"";"";"";"";"";""
"10/02/2022";"2300";"";"";"";"";"";"";"";"";"";"";"";"";"";"";"";"";""
"11/02/2022";"0000";"";"";"";"";"";"";"";"";"";"";"";"";"";"";"";"";""
"11/02/2022";"0100";"";"";"";"";"";"";"";"";"";"";"";"";"";"";"";"";""
"11/02/2022";"0200";"";"";"";"";"";"";"";"";"";"";"";"";"";"";"";"";""
"11/02/2022";"0300";"";"";"";"";"";"";"";"";"";"";"";"";"";"";"";"";""
"11/02/2022";"0400";"";"";"";"";"";"";"";"";"";"";"";"";"";"";"";"";""
"11/02/2022";"0500";"";"";"";"";"";"";"";"";"";"";"";"";"";"";"";"";""
"11/02/2022";"0600";"";"";"";"";"";"";"";"";"";"";"";"";"";"";"";"";""
"11/02/2022";"0700";"";"";"";"";"";"";"";"";"";"";"";"";"";"";"";"";""
"11/02/2022";"0800";"";"";"";"";"";"";"";"";"";"";"";"";"";"";"";"";""
"11/02/2022";"0900";"";"";"";"";"";"";"";"";"";"";"";"";"";"";"";"";""
"11/02/2022";"1000";"";"";"";"";"";"";"";"";"";"";"";"";"";"";"";"";""
"11/02/2022";"1100";"";"";"";"";"";"";"";"";"";"";"";"";"";"";"";"";""
"11/02/2022";"1200";"";"";"";"";"";"";"";"";"";"";"";"";"";"";"";"";""
"11/02/2022";"1300";"";"";"";"";"";"";"";"";"";"";"";"";"";"";"";"";""
"11/02/2022";"1400";"";"";"";"";"";"";"";"";"";"";"";"";"";"";"";"";""
"11/02/2022";"1500";"";"";"";"";"";"";"";"";"";"";"";"";"";"";"";"";""
"11/02/2022";"1600";"";"";"";"";"";"";"";"";"";"";"";"";"";"";"";"";""
"11/02/2022";"1700";"";"";"";"";"";"";"";"";"";"";"";"";"";"";"";"";""
"11/02/2022";"1800";"";"";"";"";"";"";"";"";"";"";"";"";"";"";"";"";""
"11/02/2022";"1900";"";"";"";"";"";"";"";"";"";"";"";"";"";"";"";"";""
"11/02/2022";"2000";"";"";"";"";"";"";"";"";"";"";"";"";"";"";"";"";""
"11/02/2022";"2100";"";"";"";"";"";"";"";"";"";"";"";"";"";"";"";"";""
"11/02/2022";"2200";"";"";"";"";"";"";"";"";"";"";"";"";"";"";"";"";""
"11/02/2022";"2300";"";"";"";"";"";"";"";"";"";"";"";"";"";"";"";"";""
"12/02/2022";"0000";"";"";"";"";"";"";"";"";"";"";"";"";"";"";"";"";""
"12/02/2022";"0100";"";"";"";"";"";"";"";"";"";"";"";"";"";"";"";"";""
"12/02/2022";"0200";"";"";"";"";"";"";"";"";"";"";"";"";"";"";"";"";""
"12/02/2022";"0300";"";"";"";"";"";"";"";"";"";"";"";"";"";"";"";"";""
"12/02/2022";"0400";"";"";"";"";"";"";"";"";"";"";"";"";"";"";"";"";""
"12/02/2022";"0500";"";"";"";"";"";"";"";"";"";"";"";"";"";"";"";"";""
"12/02/2022";"0600";"";"";"";"";"";"";"";"";"";"";"";"";"";"";"";"";""
"12/02/2022";"0700";"";"";"";"";"";"";"";"";"";"";"";"";"";"";"";"";""
"12/02/2022";"0800";"";"";"";"";"";"";"";"";"";"";"";"";"";"";"";"";""
"12/02/2022";"0900";"";"";"";"";"";"";"";"";"";"";"";"";"";"";"";"";""
"12/02/2022";"1000";"";"";"";"";"";"";"";"";"";"";"";"";"";"";"";"";""
"12/02/2022";"1100";"";"";"";"";"";"";"";"";"";"";"";"";"";"";"";"";""
"12/02/2022";"1200";"";"";"";"";"";"";"";"";"";"";"";"";"";"";"";"";""
"12/02/2022";"1300";"";"";"";"";"";"";"";"";"";"";"";"";"";"";"";"";""
"12/02/2022";"1400";"";"";"";"";"";"";"";"";"";"";"";"";"";"";"";"";""
"12/02/2022";"1500";"";"";"";"";"";"";"";"";"";"";"";"";"";"";"";"";""
"12/02/2022";"1600";"";"";"";"";"";"";"";"";"";"";"";"";"";"";"";"";""
"12/02/2022";"1700";"";"";"";"";"";"";"";"";"";"";"";"";"";"";"";"";""
"12/02/2022";"1800";"";"";"";"";"";"";"";"";"";"";"";"";"";"";"";"";""
"12/02/2022";"1900";"";"";"";"";"";"";"";"";"";"";"";"";"";"";"";"";""
"12/02/2022";"2000";"";"";"";"";"";"";"";"";"";"";"";"";"";"";"";"";""
"12/02/2022";"2100";"";"";"";"";"";"";"";"";"";"";"";"";"";"";"";"";""
"12/02/2022";"2200";"";"";"";"";"";"";"";"";"";"";"";"";"";"";"";"";""
"12/02/2022";"2300";"";"";"";"";"";"";"";"";"";"";"";"";"";"";"";"";""
"13/02/2022";"0000";"";"";"";"";"";"";"";"";"";"";"";"";"";"";"";"";""
"13/02/2022";"0100";"";"";"";"";"";"";"";"";"";"";"";"";"";"";"";"";""
"13/02/2022";"0200";"";"";"";"";"";"";"";"";"";"";"";"";"";"";"";"";""
"13/02/2022";"0300";"";"";"";"";"";"";"";"";"";"";"";"";"";"";"";"";""
"13/02/2022";"0400";"";"";"";"";"";"";"";"";"";"";"";"";"";"";"";"";""
"13/02/2022";"0500";"";"";"";"";"";"";"";"";"";"";"";"";"";"";"";"";""
"13/02/2022";"0600";"";"";"";"";"";"";"";"";"";"";"";"";"";"";"";"";""
"13/02/2022";"0700";"";"";"";"";"";"";"";"";"";"";"";"";"";"";"";"";""
"13/02/2022";"0800";"";"";"";"";"";"";"";"";"";"";"";"";"";"";"";"";""
"13/02/2022";"0900";"";"";"";"";"";"";"";"";"";"";"";"";"";"";"";"";""
"13/02/2022";"1000";"";"";"";"";"";"";"";"";"";"";"";"";"";"";"";"";""
"13/02/2022";"1100";"";"";"";"";"";"";"";"";"";"";"";"";"";"";"";"";""
"13/02/2022";"1200";"";"";"";"";"";"";"";"";"";"";"";"";"";"";"";"";""
"13/02/2022";"1300";"";"";"";"";"";"";"";"";"";"";"";"";"";"";"";"";""
"13/02/2022";"1400";"";"";"";"";"";"";"";"";"";"";"";"";"";"";"";"";""
"13/02/2022";"1500";"";"";"";"";"";"";"";"";"";"";"";"";"";"";"";"";""
"13/02/2022";"1600";"";"";"";"";"";"";"";"";"";"";"";"";"";"";"";"";""
"13/02/2022";"1700";"";"";"";"";"";"";"";"";"";"";"";"";"";"";"";"";""
"13/02/2022";"1800";"";"";"";"";"";"";"";"";"";"";"";"";"";"";"";"";""
"13/02/2022";"1900";"";"";"";"";"";"";"";"";"";"";"";"";"";"";"";"";""
"13/02/2022";"2000";"";"";"";"";"";"";"";"";"";"";"";"";"";"";"";"";""
"13/02/2022";"2100";"";"";"";"";"";"";"";"";"";"";"";"";"";"";"";"";""
"13/02/2022";"2200";"";"";"";"";"";"";"";"";"";"";"";"";"";"";"";"";""
"13/02/2022";"2300";"";"";"";"";"";"";"";"";"";"";"";"";"";"";"";"";""
"14/02/2022";"0000";"";"";"";"";"";"";"";"";"";"";"";"";"";"";"";"";""
"14/02/2022";"0100";"";"";"";"";"";"";"";"";"";"";"";"";"";"";"";"";""
"14/02/2022";"0200";"";"";"";"";"";"";"";"";"";"";"";"";"";"";"";"";""
"14/02/2022";"0300";"";"";"";"";"";"";"";"";"";"";"";"";"";"";"";"";""
"14/02/2022";"0400";"";"";"";"";"";"";"";"";"";"";"";"";"";"";"";"";""
"14/02/2022";"0500";"";"";"";"";"";"";"";"";"";"";"";"";"";"";"";"";""
"14/02/2022";"0600";"";"";"";"";"";"";"";"";"";"";"";"";"";"";"";"";""
"14/02/2022";"0700";"";"";"";"";"";"";"";"";"";"";"";"";"";"";"";"";""
"14/02/2022";"0800";"";"";"";"";"";"";"";"";"";"";"";"";"";"";"";"";""
"14/02/2022";"0900";"";"";"";"";"";"";"";"";"";"";"";"";"";"";"";"";""
"14/02/2022";"1000";"";"";"";"";"";"";"";"";"";"";"";"";"";"";"";"";""
"14/02/2022";"1100";"";"";"";"";"";"";"";"";"";"";"";"";"";"";"";"";""
"14/02/2022";"1200";"";"";"";"";"";"";"";"";"";"";"";"";"";"";"";"";""
"14/02/2022";"1300";"";"";"";"";"";"";"";"";"";"";"";"";"";"";"";"";""
"14/02/2022";"1400";"";"";"";"";"";"";"";"";"";"";"";"";"";"";"";"";""
"14/02/2022";"1500";"";"";"";"";"";"";"";"";"";"";"";"";"";"";"";"";""
"14/02/2022";"1600";"";"";"";"";"";"";"";"";"";"";"";"";"";"";"";"";""
"14/02/2022";"1700";"";"";"";"";"";"";"";"";"";"";"";"";"";"";"";"";""
"14/02/2022";"1800";"";"";"";"";"";"";"";"";"";"";"";"";"";"";"";"";""
"14/02/2022";"1900";"";"";"";"";"";"";"";"";"";"";"";"";"";"";"";"";""
"14/02/2022";"2000";"";"";"";"";"";"";"";"";"";"";"";"";"";"";"";"";""
"14/02/2022";"2100";"";"";"";"";"";"";"";"";"";"";"";"";"";"";"";"";""
"14/02/2022";"2200";"";"";"";"";"";"";"";"";"";"";"";"";"";"";"";"";""
"14/02/2022";"2300";"";"";"";"";"";"";"";"";"";"";"";"";"";"";"";"";""
"15/02/2022";"0000";"";"";"";"";"";"";"";"";"";"";"";"";"";"";"";"";""
"15/02/2022";"0100";"";"";"";"";"";"";"";"";"";"";"";"";"";"";"";"";""
"15/02/2022";"0200";"";"";"";"";"";"";"";"";"";"";"";"";"";"";"";"";""
"15/02/2022";"0300";"";"";"";"";"";"";"";"";"";"";"";"";"";"";"";"";""
"15/02/2022";"0400";"";"";"";"";"";"";"";"";"";"";"";"";"";"";"";"";""
"15/02/2022";"0500";"";"";"";"";"";"";"";"";"";"";"";"";"";"";"";"";""
"15/02/2022";"0600";"";"";"";"";"";"";"";"";"";"";"";"";"";"";"";"";""
"15/02/2022";"0700";"";"";"";"";"";"";"";"";"";"";"";"";"";"";"";"";""
"15/02/2022";"0800";"";"";"";"";"";"";"";"";"";"";"";"";"";"";"";"";""
"15/02/2022";"0900";"";"";"";"";"";"";"";"";"";"";"";"";"";"";"";"";""
"15/02/2022";"1000";"";"";"";"";"";"";"";"";"";"";"";"";"";"";"";"";""
"15/02/2022";"1100";"";"";"";"";"";"";"";"";"";"";"";"";"";"";"";"";""
"15/02/2022";"1200";"";"";"";"";"";"";"";"";"";"";"";"";"";"";"";"";""
"15/02/2022";"1300";"";"";"";"";"";"";"";"";"";"";"";"";"";"";"";"";""
"15/02/2022";"1400";"";"";"";"";"";"";"";"";"";"";"";"";"";"";"";"";""
"15/02/2022";"1500";"";"";"";"";"";"";"";"";"";"";"";"";"";"";"";"";""
"15/02/2022";"1600";"";"";"";"";"";"";"";"";"";"";"";"";"";"";"";"";""
"15/02/2022";"1700";"";"";"";"";"";"";"";"";"";"";"";"";"";"";"";"";""
"15/02/2022";"1800";"";"";"";"";"";"";"";"";"";"";"";"";"";"";"";"";""
"15/02/2022";"1900";"";"";"";"";"";"";"";"";"";"";"";"";"";"";"";"";""
"15/02/2022";"2000";"";"";"";"";"";"";"";"";"";"";"";"";"";"";"";"";""
"15/02/2022";"2100";"";"";"";"";"";"";"";"";"";"";"";"";"";"";"";"";""
"15/02/2022";"2200";"";"";"";"";"";"";"";"";"";"";"";"";"";"";"";"";""
"15/02/2022";"2300";"";"";"";"";"";"";"";"";"";"";"";"";"";"";"";"";""
"16/02/2022";"0000";"";"";"";"";"";"";"";"";"";"";"";"";"";"";"";"";""
"16/02/2022";"0100";"";"";"";"";"";"";"";"";"";"";"";"";"";"";"";"";""
"16/02/2022";"0200";"";"";"";"";"";"";"";"";"";"";"";"";"";"";"";"";""
"16/02/2022";"0300";"";"";"";"";"";"";"";"";"";"";"";"";"";"";"";"";""
"16/02/2022";"0400";"";"";"";"";"";"";"";"";"";"";"";"";"";"";"";"";""
"16/02/2022";"0500";"";"";"";"";"";"";"";"";"";"";"";"";"";"";"";"";""
"16/02/2022";"0600";"";"";"";"";"";"";"";"";"";"";"";"";"";"";"";"";""
"16/02/2022";"0700";"";"";"";"";"";"";"";"";"";"";"";"";"";"";"";"";""
"16/02/2022";"0800";"";"";"";"";"";"";"";"";"";"";"";"";"";"";"";"";""
"16/02/2022";"0900";"";"";"";"";"";"";"";"";"";"";"";"";"";"";"";"";""
"16/02/2022";"1000";"";"";"";"";"";"";"";"";"";"";"";"";"";"";"";"";""
"16/02/2022";"1100";"";"";"";"";"";"";"";"";"";"";"";"";"";"";"";"";""
"16/02/2022";"1200";"";"";"";"";"";"";"";"";"";"";"";"";"";"";"";"";""
"16/02/2022";"1300";"";"";"";"";"";"";"";"";"";"";"";"";"";"";"";"";""
"16/02/2022";"1400";"";"";"";"";"";"";"";"";"";"";"";"";"";"";"";"";""
"16/02/2022";"1500";"";"";"";"";"";"";"";"";"";"";"";"";"";"";"";"";""
"16/02/2022";"1600";"";"";"";"";"";"";"";"";"";"";"";"";"";"";"";"";""
"16/02/2022";"1700";"";"";"";"";"";"";"";"";"";"";"";"";"";"";"";"";""
"16/02/2022";"1800";"";"";"";"";"";"";"";"";"";"";"";"";"";"";"";"";""
"16/02/2022";"1900";"";"";"";"";"";"";"";"";"";"";"";"";"";"";"";"";""
"16/02/2022";"2000";"";"";"";"";"";"";"";"";"";"";"";"";"";"";"";"";""
"16/02/2022";"2100";"";"";"";"";"";"";"";"";"";"";"";"";"";"";"";"";""
"16/02/2022";"2200";"";"";"";"";"";"";"";"";"";"";"";"";"";"";"";"";""
"16/02/2022";"2300";"";"";"";"";"";"";"";"";"";"";"";"";"";"";"";"";""
"17/02/2022";"0000";"";"";"";"";"";"";"";"";"";"";"";"";"";"";"";"";""
"17/02/2022";"0100";"";"";"";"";"";"";"";"";"";"";"";"";"";"";"";"";""
"17/02/2022";"0200";"";"";"";"";"";"";"";"";"";"";"";"";"";"";"";"";""
"17/02/2022";"0300";"";"";"";"";"";"";"";"";"";"";"";"";"";"";"";"";""
"17/02/2022";"0400";"";"";"";"";"";"";"";"";"";"";"";"";"";"";"";"";""
"17/02/2022";"0500";"";"";"";"";"";"";"";"";"";"";"";"";"";"";"";"";""
"17/02/2022";"0600";"";"";"";"";"";"";"";"";"";"";"";"";"";"";"";"";""
"17/02/2022";"0700";"";"";"";"";"";"";"";"";"";"";"";"";"";"";"";"";""
"17/02/2022";"0800";"";"";"";"";"";"";"";"";"";"";"";"";"";"";"";"";""
"17/02/2022";"0900";"";"";"";"";"";"";"";"";"";"";"";"";"";"";"";"";""
"17/02/2022";"1000";"";"";"";"";"";"";"";"";"";"";"";"";"";"";"";"";""
"17/02/2022";"1100";"";"";"";"";"";"";"";"";"";"";"";"";"";"";"";"";""
"17/02/2022";"1200";"";"";"";"";"";"";"";"";"";"";"";"";"";"";"";"";""
"17/02/2022";"1300";"";"";"";"";"";"";"";"";"";"";"";"";"";"";"";"";""
"17/02/2022";"1400";"";"";"";"";"";"";"";"";"";"";"";"";"";"";"";"";""
"17/02/2022";"1500";"";"";"";"";"";"";"";"";"";"";"";"";"";"";"";"";""
"17/02/2022";"1600";"";"";"";"";"";"";"";"";"";"";"";"";"";"";"";"";""
"17/02/2022";"1700";"";"";"";"";"";"";"";"";"";"";"";"";"";"";"";"";""
"17/02/2022";"1800";"";"";"";"";"";"";"";"";"";"";"";"";"";"";"";"";""
"17/02/2022";"1900";"";"";"";"";"";"";"";"";"";"";"";"";"";"";"";"";""
"17/02/2022";"2000";"";"";"";"";"";"";"";"";"";"";"";"";"";"";"";"";""
"17/02/2022";"2100";"";"";"";"";"";"";"";"";"";"";"";"";"";"";"";"";""
"17/02/2022";"2200";"";"";"";"";"";"";"";"";"";"";"";"";"";"";"";"";""
"17/02/2022";"2300";"";"";"";"";"";"";"";"";"";"";"";"";"";"";"";"";""
"18/02/2022";"0000";"";"";"";"";"";"";"";"";"";"";"";"";"";"";"";"";""
"18/02/2022";"0100";"";"";"";"";"";"";"";"";"";"";"";"";"";"";"";"";""
"18/02/2022";"0200";"";"";"";"";"";"";"";"";"";"";"";"";"";"";"";"";""
"18/02/2022";"0300";"";"";"";"";"";"";"";"";"";"";"";"";"";"";"";"";""
"18/02/2022";"0400";"";"";"";"";"";"";"";"";"";"";"";"";"";"";"";"";""
"18/02/2022";"0500";"";"";"";"";"";"";"";"";"";"";"";"";"";"";"";"";""
"18/02/2022";"0600";"";"";"";"";"";"";"";"";"";"";"";"";"";"";"";"";""
"18/02/2022";"0700";"";"";"";"";"";"";"";"";"";"";"";"";"";"";"";"";""
"18/02/2022";"0800";"";"";"";"";"";"";"";"";"";"";"";"";"";"";"";"";""
"18/02/2022";"0900";"";"";"";"";"";"";"";"";"";"";"";"";"";"";"";"";""
"18/02/2022";"1000";"";"";"";"";"";"";"";"";"";"";"";"";"";"";"";"";""
"18/02/2022";"1100";"";"";"";"";"";"";"";"";"";"";"";"";"";"";"";"";""
"18/02/2022";"1200";"";"";"";"";"";"";"";"";"";"";"";"";"";"";"";"";""
"18/02/2022";"1300";"";"";"";"";"";"";"";"";"";"";"";"";"";"";"";"";""
"18/02/2022";"1400";"";"";"";"";"";"";"";"";"";"";"";"";"";"";"";"";""
"18/02/2022";"1500";"";"";"";"";"";"";"";"";"";"";"";"";"";"";"";"";""
"18/02/2022";"1600";"";"";"";"";"";"";"";"";"";"";"";"";"";"";"";"";""
"18/02/2022";"1700";"";"";"";"";"";"";"";"";"";"";"";"";"";"";"";"";""
"18/02/2022";"1800";"";"";"";"";"";"";"";"";"";"";"";"";"";"";"";"";""
"18/02/2022";"1900";"";"";"";"";"";"";"";"";"";"";"";"";"";"";"";"";""
"18/02/2022";"2000";"";"";"";"";"";"";"";"";"";"";"";"";"";"";"";"";""
"18/02/2022";"2100";"";"";"";"";"";"";"";"";"";"";"";"";"";"";"";"";""
"18/02/2022";"2200";"";"";"";"";"";"";"";"";"";"";"";"";"";"";"";"";""
"18/02/2022";"2300";"";"";"";"";"";"";"";"";"";"";"";"";"";"";"";"";""
"19/02/2022";"0000";"";"";"";"";"";"";"";"";"";"";"";"";"";"";"";"";""
"19/02/2022";"0100";"";"";"";"";"";"";"";"";"";"";"";"";"";"";"";"";""
"19/02/2022";"0200";"";"";"";"";"";"";"";"";"";"";"";"";"";"";"";"";""
"19/02/2022";"0300";"";"";"";"";"";"";"";"";"";"";"";"";"";"";"";"";""
"19/02/2022";"0400";"";"";"";"";"";"";"";"";"";"";"";"";"";"";"";"";""
"19/02/2022";"0500";"";"";"";"";"";"";"";"";"";"";"";"";"";"";"";"";""
"19/02/2022";"0600";"";"";"";"";"";"";"";"";"";"";"";"";"";"";"";"";""
"19/02/2022";"0700";"";"";"";"";"";"";"";"";"";"";"";"";"";"";"";"";""
"19/02/2022";"0800";"";"";"";"";"";"";"";"";"";"";"";"";"";"";"";"";""
"19/02/2022";"0900";"";"";"";"";"";"";"";"";"";"";"";"";"";"";"";"";""
"19/02/2022";"1000";"";"";"";"";"";"";"";"";"";"";"";"";"";"";"";"";""
"19/02/2022";"1100";"";"";"";"";"";"";"";"";"";"";"";"";"";"";"";"";""
"19/02/2022";"1200";"";"";"";"";"";"";"";"";"";"";"";"";"";"";"";"";""
"19/02/2022";"1300";"";"";"";"";"";"";"";"";"";"";"";"";"";"";"";"";""
"19/02/2022";"1400";"";"";"";"";"";"";"";"";"";"";"";"";"";"";"";"";""
"19/02/2022";"1500";"";"";"";"";"";"";"";"";"";"";"";"";"";"";"";"";""
"19/02/2022";"1600";"";"";"";"";"";"";"";"";"";"";"";"";"";"";"";"";""
"19/02/2022";"1700";"";"";"";"";"";"";"";"";"";"";"";"";"";"";"";"";""
"19/02/2022";"1800";"";"";"";"";"";"";"";"";"";"";"";"";"";"";"";"";""
"19/02/2022";"1900";"";"";"";"";"";"";"";"";"";"";"";"";"";"";"";"";""
"19/02/2022";"2000";"";"";"";"";"";"";"";"";"";"";"";"";"";"";"";"";""
"19/02/2022";"2100";"";"";"";"";"";"";"";"";"";"";"";"";"";"";"";"";""
"19/02/2022";"2200";"";"";"";"";"";"";"";"";"";"";"";"";"";"";"";"";""
"19/02/2022";"2300";"";"";"";"";"";"";"";"";"";"";"";"";"";"";"";"";""
"20/02/2022";"0000";"";"";"";"";"";"";"";"";"";"";"";"";"";"";"";"";""
"20/02/2022";"0100";"";"";"";"";"";"";"";"";"";"";"";"";"";"";"";"";""
"20/02/2022";"0200";"";"";"";"";"";"";"";"";"";"";"";"";"";"";"";"";""
"20/02/2022";"0300";"";"";"";"";"";"";"";"";"";"";"";"";"";"";"";"";""
"20/02/2022";"0400";"";"";"";"";"";"";"";"";"";"";"";"";"";"";"";"";""
"20/02/2022";"0500";"";"";"";"";"";"";"";"";"";"";"";"";"";"";"";"";""
"20/02/2022";"0600";"";"";"";"";"";"";"";"";"";"";"";"";"";"";"";"";""
"20/02/2022";"0700";"";"";"";"";"";"";"";"";"";"";"";"";"";"";"";"";""
"20/02/2022";"0800";"";"";"";"";"";"";"";"";"";"";"";"";"";"";"";"";""
"20/02/2022";"0900";"";"";"";"";"";"";"";"";"";"";"";"";"";"";"";"";""
"20/02/2022";"1000";"";"";"";"";"";"";"";"";"";"";"";"";"";"";"";"";""
"20/02/2022";"1100";"";"";"";"";"";"";"";"";"";"";"";"";"";"";"";"";""
"20/02/2022";"1200";"";"";"";"";"";"";"";"";"";"";"";"";"";"";"";"";""
"20/02/2022";"1300";"";"";"";"";"";"";"";"";"";"";"";"";"";"";"";"";""
"20/02/2022";"1400";"";"";"";"";"";"";"";"";"";"";"";"";"";"";"";"";""
"20/02/2022";"1500";"";"";"";"";"";"";"";"";"";"";"";"";"";"";"";"";""
"20/02/2022";"1600";"";"";"";"";"";"";"";"";"";"";"";"";"";"";"";"";""
"20/02/2022";"1700";"";"";"";"";"";"";"";"";"";"";"";"";"";"";"";"";""
"20/02/2022";"1800";"";"";"";"";"";"";"";"";"";"";"";"";"";"";"";"";""
"20/02/2022";"1900";"";"";"";"";"";"";"";"";"";"";"";"";"";"";"";"";""
"20/02/2022";"2000";"";"";"";"";"";"";"";"";"";"";"";"";"";"";"";"";""
"20/02/2022";"2100";"";"";"";"";"";"";"";"";"";"";"";"";"";"";"";"";""
"20/02/2022";"2200";"";"";"";"";"";"";"";"";"";"";"";"";"";"";"";"";""
"20/02/2022";"2300";"";"";"";"";"";"";"";"";"";"";"";"";"";"";"";"";""
"21/02/2022";"0000";"";"";"";"";"";"";"";"";"";"";"";"";"";"";"";"";""
"21/02/2022";"0100";"";"";"";"";"";"";"";"";"";"";"";"";"";"";"";"";""
"21/02/2022";"0200";"";"";"";"";"";"";"";"";"";"";"";"";"";"";"";"";""
"21/02/2022";"0300";"";"";"";"";"";"";"";"";"";"";"";"";"";"";"";"";""
"21/02/2022";"0400";"";"";"";"";"";"";"";"";"";"";"";"";"";"";"";"";""
"21/02/2022";"0500";"";"";"";"";"";"";"";"";"";"";"";"";"";"";"";"";""
"21/02/2022";"0600";"";"";"";"";"";"";"";"";"";"";"";"";"";"";"";"";""
"21/02/2022";"0700";"";"";"";"";"";"";"";"";"";"";"";"";"";"";"";"";""
"21/02/2022";"0800";"";"";"";"";"";"";"";"";"";"";"";"";"";"";"";"";""
"21/02/2022";"0900";"";"";"";"";"";"";"";"";"";"";"";"";"";"";"";"";""
"21/02/2022";"1000";"";"";"";"";"";"";"";"";"";"";"";"";"";"";"";"";""
"21/02/2022";"1100";"";"";"";"";"";"";"";"";"";"";"";"";"";"";"";"";""
"21/02/2022";"1200";"";"";"";"";"";"";"";"";"";"";"";"";"";"";"";"";""
"21/02/2022";"1300";"";"";"";"";"";"";"";"";"";"";"";"";"";"";"";"";""
"21/02/2022";"1400";"";"";"";"";"";"";"";"";"";"";"";"";"";"";"";"";""
"21/02/2022";"1500";"";"";"";"";"";"";"";"";"";"";"";"";"";"";"";"";""
"21/02/2022";"1600";"";"";"";"";"";"";"";"";"";"";"";"";"";"";"";"";""
"21/02/2022";"1700";"";"";"";"";"";"";"";"";"";"";"";"";"";"";"";"";""
"21/02/2022";"1800";"";"";"";"";"";"";"";"";"";"";"";"";"";"";"";"";""
"21/02/2022";"1900";"";"";"";"";"";"";"";"";"";"";"";"";"";"";"";"";""
"21/02/2022";"2000";"";"";"";"";"";"";"";"";"";"";"";"";"";"";"";"";""
"21/02/2022";"2100";"";"";"";"";"";"";"";"";"";"";"";"";"";"";"";"";""
"21/02/2022";"2200";"";"";"";"";"";"";"";"";"";"";"";"";"";"";"";"";""
"21/02/2022";"2300";"";"";"";"";"";"";"";"";"";"";"";"";"";"";"";"";""
"22/02/2022";"0000";"";"";"";"";"";"";"";"";"";"";"";"";"";"";"";"";""
"22/02/2022";"0100";"";"";"";"";"";"";"";"";"";"";"";"";"";"";"";"";""
"22/02/2022";"0200";"";"";"";"";"";"";"";"";"";"";"";"";"";"";"";"";""
"22/02/2022";"0300";"";"";"";"";"";"";"";"";"";"";"";"";"";"";"";"";""
"22/02/2022";"0400";"";"";"";"";"";"";"";"";"";"";"";"";"";"";"";"";""
"22/02/2022";"0500";"";"";"";"";"";"";"";"";"";"";"";"";"";"";"";"";""
"22/02/2022";"0600";"";"";"";"";"";"";"";"";"";"";"";"";"";"";"";"";""
"22/02/2022";"0700";"";"";"";"";"";"";"";"";"";"";"";"";"";"";"";"";""
"22/02/2022";"0800";"";"";"";"";"";"";"";"";"";"";"";"";"";"";"";"";""
"22/02/2022";"0900";"";"";"";"";"";"";"";"";"";"";"";"";"";"";"";"";""
"22/02/2022";"1000";"";"";"";"";"";"";"";"";"";"";"";"";"";"";"";"";""
"22/02/2022";"1100";"";"";"";"";"";"";"";"";"";"";"";"";"";"";"";"";""
"22/02/2022";"1200";"";"";"";"";"";"";"";"";"";"";"";"";"";"";"";"";""
"22/02/2022";"1300";"";"";"";"";"";"";"";"";"";"";"";"";"";"";"";"";""
"22/02/2022";"1400";"";"";"";"";"";"";"";"";"";"";"";"";"";"";"";"";""
"22/02/2022";"1500";"";"";"";"";"";"";"";"";"";"";"";"";"";"";"";"";""
"22/02/2022";"1600";"";"";"";"";"";"";"";"";"";"";"";"";"";"";"";"";""
"22/02/2022";"1700";"";"";"";"";"";"";"";"";"";"";"";"";"";"";"";"";""
"22/02/2022";"1800";"";"";"";"";"";"";"";"";"";"";"";"";"";"";"";"";""
"22/02/2022";"1900";"";"";"";"";"";"";"";"";"";"";"";"";"";"";"";"";""
"22/02/2022";"2000";"";"";"";"";"";"";"";"";"";"";"";"";"";"";"";"";""
"22/02/2022";"2100";"";"";"";"";"";"";"";"";"";"";"";"";"";"";"";"";""
"22/02/2022";"2200";"";"";"";"";"";"";"";"";"";"";"";"";"";"";"";"";""
"22/02/2022";"2300";"";"";"";"";"";"";"";"";"";"";"";"";"";"";"";"";""
"23/02/2022";"0000";"";"";"";"";"";"";"";"";"";"";"";"";"";"";"";"";""
"23/02/2022";"0100";"";"";"";"";"";"";"";"";"";"";"";"";"";"";"";"";""
"23/02/2022";"0200";"";"";"";"";"";"";"";"";"";"";"";"";"";"";"";"";""
"23/02/2022";"0300";"";"";"";"";"";"";"";"";"";"";"";"";"";"";"";"";""
"23/02/2022";"0400";"";"";"";"";"";"";"";"";"";"";"";"";"";"";"";"";""
"23/02/2022";"0500";"";"";"";"";"";"";"";"";"";"";"";"";"";"";"";"";""
"23/02/2022";"0600";"";"";"";"";"";"";"";"";"";"";"";"";"";"";"";"";""
"23/02/2022";"0700";"";"";"";"";"";"";"";"";"";"";"";"";"";"";"";"";""
"23/02/2022";"0800";"";"";"";"";"";"";"";"";"";"";"";"";"";"";"";"";""
"23/02/2022";"0900";"";"";"";"";"";"";"";"";"";"";"";"";"";"";"";"";""
"23/02/2022";"1000";"";"";"";"";"";"";"";"";"";"";"";"";"";"";"";"";""
"23/02/2022";"1100";"";"";"";"";"";"";"";"";"";"";"";"";"";"";"";"";""
"23/02/2022";"1200";"";"";"";"";"";"";"";"";"";"";"";"";"";"";"";"";""
"23/02/2022";"1300";"";"";"";"";"";"";"";"";"";"";"";"";"";"";"";"";""
"23/02/2022";"1400";"";"";"";"";"";"";"";"";"";"";"";"";"";"";"";"";""
"23/02/2022";"1500";"";"";"";"";"";"";"";"";"";"";"";"";"";"";"";"";""
"23/02/2022";"1600";"";"";"";"";"";"";"";"";"";"";"";"";"";"";"";"";""
"23/02/2022";"1700";"";"";"";"";"";"";"";"";"";"";"";"";"";"";"";"";""
"23/02/2022";"1800";"";"";"";"";"";"";"";"";"";"";"";"";"";"";"";"";""
"23/02/2022";"1900";"";"";"";"";"";"";"";"";"";"";"";"";"";"";"";"";""
"23/02/2022";"2000";"";"";"";"";"";"";"";"";"";"";"";"";"";"";"";"";""
"23/02/2022";"2100";"";"";"";"";"";"";"";"";"";"";"";"";"";"";"";"";""
"23/02/2022";"2200";"";"";"";"";"";"";"";"";"";"";"";"";"";"";"";"";""
"23/02/2022";"2300";"";"";"";"";"";"";"";"";"";"";"";"";"";"";"";"";""
"24/02/2022";"0000";"";"";"";"";"";"";"";"";"";"";"";"";"";"";"";"";""
"24/02/2022";"0100";"";"";"";"";"";"";"";"";"";"";"";"";"";"";"";"";""
"24/02/2022";"0200";"";"";"";"";"";"";"";"";"";"";"";"";"";"";"";"";""
"24/02/2022";"0300";"";"";"";"";"";"";"";"";"";"";"";"";"";"";"";"";""
"24/02/2022";"0400";"";"";"";"";"";"";"";"";"";"";"";"";"";"";"";"";""
"24/02/2022";"0500";"";"";"";"";"";"";"";"";"";"";"";"";"";"";"";"";""
"24/02/2022";"0600";"";"";"";"";"";"";"";"";"";"";"";"";"";"";"";"";""
"24/02/2022";"0700";"";"";"";"";"";"";"";"";"";"";"";"";"";"";"";"";""
"24/02/2022";"0800";"";"";"";"";"";"";"";"";"";"";"";"";"";"";"";"";""
"24/02/2022";"0900";"";"";"";"";"";"";"";"";"";"";"";"";"";"";"";"";""
"24/02/2022";"1000";"";"";"";"";"";"";"";"";"";"";"";"";"";"";"";"";""
"24/02/2022";"1100";"";"";"";"";"";"";"";"";"";"";"";"";"";"";"";"";""
"24/02/2022";"1200";"";"";"";"";"";"";"";"";"";"";"";"";"";"";"";"";""
"24/02/2022";"1300";"";"";"";"";"";"";"";"";"";"";"";"";"";"";"";"";""
"24/02/2022";"1400";"";"";"";"";"";"";"";"";"";"";"";"";"";"";"";"";""
"24/02/2022";"1500";"";"";"";"";"";"";"";"";"";"";"";"";"";"";"";"";""
"24/02/2022";"1600";"";"";"";"";"";"";"";"";"";"";"";"";"";"";"";"";""
"24/02/2022";"1700";"";"";"";"";"";"";"";"";"";"";"";"";"";"";"";"";""
"24/02/2022";"1800";"";"";"";"";"";"";"";"";"";"";"";"";"";"";"";"";""
"24/02/2022";"1900";"";"";"";"";"";"";"";"";"";"";"";"";"";"";"";"";""
"24/02/2022";"2000";"";"";"";"";"";"";"";"";"";"";"";"";"";"";"";"";""
"24/02/2022";"2100";"";"";"";"";"";"";"";"";"";"";"";"";"";"";"";"";""
"24/02/2022";"2200";"";"";"";"";"";"";"";"";"";"";"";"";"";"";"";"";""
"24/02/2022";"2300";"";"";"";"";"";"";"";"";"";"";"";"";"";"";"";"";""
"25/02/2022";"0000";"";"";"";"";"";"";"";"";"";"";"";"";"";"";"";"";""
"25/02/2022";"0100";"";"";"";"";"";"";"";"";"";"";"";"";"";"";"";"";""
"25/02/2022";"0200";"";"";"";"";"";"";"";"";"";"";"";"";"";"";"";"";""
"25/02/2022";"0300";"";"";"";"";"";"";"";"";"";"";"";"";"";"";"";"";""
"25/02/2022";"0400";"";"";"";"";"";"";"";"";"";"";"";"";"";"";"";"";""
"25/02/2022";"0500";"";"";"";"";"";"";"";"";"";"";"";"";"";"";"";"";""
"25/02/2022";"0600";"";"";"";"";"";"";"";"";"";"";"";"";"";"";"";"";""
"25/02/2022";"0700";"";"";"";"";"";"";"";"";"";"";"";"";"";"";"";"";""
"25/02/2022";"0800";"";"";"";"";"";"";"";"";"";"";"";"";"";"";"";"";""
"25/02/2022";"0900";"";"";"";"";"";"";"";"";"";"";"";"";"";"";"";"";""
"25/02/2022";"1000";"";"";"";"";"";"";"";"";"";"";"";"";"";"";"";"";""
"25/02/2022";"1100";"";"";"";"";"";"";"";"";"";"";"";"";"";"";"";"";""
"25/02/2022";"1200";"";"";"";"";"";"";"";"";"";"";"";"";"";"";"";"";""
"25/02/2022";"1300";"";"";"";"";"";"";"";"";"";"";"";"";"";"";"";"";""
"25/02/2022";"1400";"";"";"";"";"";"";"";"";"";"";"";"";"";"";"";"";""
"25/02/2022";"1500";"";"";"";"";"";"";"";"";"";"";"";"";"";"";"";"";""
"25/02/2022";"1600";"";"";"";"";"";"";"";"";"";"";"";"";"";"";"";"";""
"25/02/2022";"1700";"";"";"";"";"";"";"";"";"";"";"";"";"";"";"";"";""
"25/02/2022";"1800";"";"";"";"";"";"";"";"";"";"";"";"";"";"";"";"";""
"25/02/2022";"1900";"";"";"";"";"";"";"";"";"";"";"";"";"";"";"";"";""
"25/02/2022";"2000";"";"";"";"";"";"";"";"";"";"";"";"";"";"";"";"";""
"25/02/2022";"2100";"";"";"";"";"";"";"";"";"";"";"";"";"";"";"";"";""
"25/02/2022";"2200";"";"";"";"";"";"";"";"";"";"";"";"";"";"";"";"";""
"25/02/2022";"2300";"";"";"";"";"";"";"";"";"";"";"";"";"";"";"";"";""
"26/02/2022";"0000";"";"";"";"";"";"";"";"";"";"";"";"";"";"";"";"";""
"26/02/2022";"0100";"";"";"";"";"";"";"";"";"";"";"";"";"";"";"";"";""
"26/02/2022";"0200";"";"";"";"";"";"";"";"";"";"";"";"";"";"";"";"";""
"26/02/2022";"0300";"";"";"";"";"";"";"";"";"";"";"";"";"";"";"";"";""
"26/02/2022";"0400";"";"";"";"";"";"";"";"";"";"";"";"";"";"";"";"";""
"26/02/2022";"0500";"";"";"";"";"";"";"";"";"";"";"";"";"";"";"";"";""
"26/02/2022";"0600";"";"";"";"";"";"";"";"";"";"";"";"";"";"";"";"";""
"26/02/2022";"0700";"";"";"";"";"";"";"";"";"";"";"";"";"";"";"";"";""
"26/02/2022";"0800";"";"";"";"";"";"";"";"";"";"";"";"";"";"";"";"";""
"26/02/2022";"0900";"";"";"";"";"";"";"";"";"";"";"";"";"";"";"";"";""
"26/02/2022";"1000";"";"";"";"";"";"";"";"";"";"";"";"";"";"";"";"";""
"26/02/2022";"1100";"";"";"";"";"";"";"";"";"";"";"";"";"";"";"";"";""
"26/02/2022";"1200";"";"";"";"";"";"";"";"";"";"";"";"";"";"";"";"";""
"26/02/2022";"1300";"";"";"";"";"";"";"";"";"";"";"";"";"";"";"";"";""
"26/02/2022";"1400";"";"";"";"";"";"";"";"";"";"";"";"";"";"";"";"";""
"26/02/2022";"1500";"";"";"";"";"";"";"";"";"";"";"";"";"";"";"";"";""
"26/02/2022";"1600";"";"";"";"";"";"";"";"";"";"";"";"";"";"";"";"";""
"26/02/2022";"1700";"";"";"";"";"";"";"";"";"";"";"";"";"";"";"";"";""
"26/02/2022";"1800";"";"";"";"";"";"";"";"";"";"";"";"";"";"";"";"";""
"26/02/2022";"1900";"";"";"";"";"";"";"";"";"";"";"";"";"";"";"";"";""
"26/02/2022";"2000";"";"";"";"";"";"";"";"";"";"";"";"";"";"";"";"";""
"26/02/2022";"2100";"";"";"";"";"";"";"";"";"";"";"";"";"";"";"";"";""
"26/02/2022";"2200";"";"";"";"";"";"";"";"";"";"";"";"";"";"";"";"";""
"26/02/2022";"2300";"";"";"";"";"";"";"";"";"";"";"";"";"";"";"";"";""
"27/02/2022";"0000";"";"";"";"";"";"";"";"";"";"";"";"";"";"";"";"";""
"27/02/2022";"0100";"";"";"";"";"";"";"";"";"";"";"";"";"";"";"";"";""
"27/02/2022";"0200";"";"";"";"";"";"";"";"";"";"";"";"";"";"";"";"";""
"27/02/2022";"0300";"";"";"";"";"";"";"";"";"";"";"";"";"";"";"";"";""
"27/02/2022";"0400";"";"";"";"";"";"";"";"";"";"";"";"";"";"";"";"";""
"27/02/2022";"0500";"";"";"";"";"";"";"";"";"";"";"";"";"";"";"";"";""
"27/02/2022";"0600";"";"";"";"";"";"";"";"";"";"";"";"";"";"";"";"";""
"27/02/2022";"0700";"";"";"";"";"";"";"";"";"";"";"";"";"";"";"";"";""
"27/02/2022";"0800";"";"";"";"";"";"";"";"";"";"";"";"";"";"";"";"";""
"27/02/2022";"0900";"";"";"";"";"";"";"";"";"";"";"";"";"";"";"";"";""
"27/02/2022";"1000";"";"";"";"";"";"";"";"";"";"";"";"";"";"";"";"";""
"27/02/2022";"1100";"";"";"";"";"";"";"";"";"";"";"";"";"";"";"";"";""
"27/02/2022";"1200";"";"";"";"";"";"";"";"";"";"";"";"";"";"";"";"";""
"27/02/2022";"1300";"";"";"";"";"";"";"";"";"";"";"";"";"";"";"";"";""
"27/02/2022";"1400";"";"";"";"";"";"";"";"";"";"";"";"";"";"";"";"";""
"27/02/2022";"1500";"";"";"";"";"";"";"";"";"";"";"";"";"";"";"";"";""
"27/02/2022";"1600";"";"";"";"";"";"";"";"";"";"";"";"";"";"";"";"";""
"27/02/2022";"1700";"";"";"";"";"";"";"";"";"";"";"";"";"";"";"";"";""
"27/02/2022";"1800";"";"";"";"";"";"";"";"";"";"";"";"";"";"";"";"";""
"27/02/2022";"1900";"";"";"";"";"";"";"";"";"";"";"";"";"";"";"";"";""
"27/02/2022";"2000";"";"";"";"";"";"";"";"";"";"";"";"";"";"";"";"";""
"27/02/2022";"2100";"";"";"";"";"";"";"";"";"";"";"";"";"";"";"";"";""
"27/02/2022";"2200";"";"";"";"";"";"";"";"";"";"";"";"";"";"";"";"";""
"27/02/2022";"2300";"";"";"";"";"";"";"";"";"";"";"";"";"";"";"";"";""
"28/02/2022";"0000";"";"";"";"";"";"";"";"";"";"";"";"";"";"";"";"";""
"28/02/2022";"0100";"";"";"";"";"";"";"";"";"";"";"";"";"";"";"";"";""
"28/02/2022";"0200";"";"";"";"";"";"";"";"";"";"";"";"";"";"";"";"";""
"28/02/2022";"0300";"";"";"";"";"";"";"";"";"";"";"";"";"";"";"";"";""
"28/02/2022";"0400";"";"";"";"";"";"";"";"";"";"";"";"";"";"";"";"";""
"28/02/2022";"0500";"";"";"";"";"";"";"";"";"";"";"";"";"";"";"";"";""
"28/02/2022";"0600";"";"";"";"";"";"";"";"";"";"";"";"";"";"";"";"";""
"28/02/2022";"0700";"";"";"";"";"";"";"";"";"";"";"";"";"";"";"";"";""
"28/02/2022";"0800";"";"";"";"";"";"";"";"";"";"";"";"";"";"";"";"";""
"28/02/2022";"0900";"";"";"";"";"";"";"";"";"";"";"";"";"";"";"";"";""
"28/02/2022";"1000";"";"";"";"";"";"";"";"";"";"";"";"";"";"";"";"";""
"28/02/2022";"1100";"";"";"";"";"";"";"";"";"";"";"";"";"";"";"";"";""
"28/02/2022";"1200";"";"";"";"";"";"";"";"";"";"";"";"";"";"";"";"";""
"28/02/2022";"1300";"";"";"";"";"";"";"";"";"";"";"";"";"";"";"";"";""
"28/02/2022";"1400";"";"";"";"";"";"";"";"";"";"";"";"";"";"";"";"";""
"28/02/2022";"1500";"";"";"";"";"";"";"";"";"";"";"";"";"";"";"";"";""
"28/02/2022";"1600";"";"";"";"";"";"";"";"";"";"";"";"";"";"";"";"";""
"28/02/2022";"1700";"";"";"";"";"";"";"";"";"";"";"";"";"";"";"";"";""
"28/02/2022";"1800";"";"";"";"";"";"";"";"";"";"";"";"";"";"";"";"";""
"28/02/2022";"1900";"";"";"";"";"";"";"";"";"";"";"";"";"";"";"";"";""
"28/02/2022";"2000";"";"";"";"";"";"";"";"";"";"";"";"";"";"";"";"";""
"28/02/2022";"2100";"";"";"";"";"";"";"";"";"";"";"";"";"";"";"";"";""
"28/02/2022";"2200";"";"";"";"";"";"";"";"";"";"";"";"";"";"";"";"";""
"28/02/2022";"2300";"";"";"";"";"";"";"";"";"";"";"";"";"";"";"";"";""
"01/03/2022";"0000";"";"";"";"";"";"";"";"";"";"";"";"";"";"";"";"";""
"01/03/2022";"0100";"";"";"";"";"";"";"";"";"";"";"";"";"";"";"";"";""
"01/03/2022";"0200";"";"";"";"";"";"";"";"";"";"";"";"";"";"";"";"";""
"01/03/2022";"0300";"";"";"";"";"";"";"";"";"";"";"";"";"";"";"";"";""
"01/03/2022";"0400";"";"";"";"";"";"";"";"";"";"";"";"";"";"";"";"";""
"01/03/2022";"0500";"";"";"";"";"";"";"";"";"";"";"";"";"";"";"";"";""
"01/03/2022";"0600";"";"";"";"";"";"";"";"";"";"";"";"";"";"";"";"";""
"01/03/2022";"0700";"";"";"";"";"";"";"";"";"";"";"";"";"";"";"";"";""
"01/03/2022";"0800";"";"";"";"";"";"";"";"";"";"";"";"";"";"";"";"";""
"01/03/2022";"0900";"";"";"";"";"";"";"";"";"";"";"";"";"";"";"";"";""
"01/03/2022";"1000";"";"";"";"";"";"";"";"";"";"";"";"";"";"";"";"";""
"01/03/2022";"1100";"";"";"";"";"";"";"";"";"";"";"";"";"";"";"";"";""
"01/03/2022";"1200";"";"";"";"";"";"";"";"";"";"";"";"";"";"";"";"";""
"01/03/2022";"1300";"";"";"";"";"";"";"";"";"";"";"";"";"";"";"";"";""
"01/03/2022";"1400";"";"";"";"";"";"";"";"";"";"";"";"";"";"";"";"";""
"01/03/2022";"1500";"";"";"";"";"";"";"";"";"";"";"";"";"";"";"";"";""
"01/03/2022";"1600";"";"";"";"";"";"";"";"";"";"";"";"";"";"";"";"";""
"01/03/2022";"1700";"";"";"";"";"";"";"";"";"";"";"";"";"";"";"";"";""
"01/03/2022";"1800";"";"";"";"";"";"";"";"";"";"";"";"";"";"";"";"";""
"01/03/2022";"1900";"";"";"";"";"";"";"";"";"";"";"";"";"";"";"";"";""
"01/03/2022";"2000";"";"";"";"";"";"";"";"";"";"";"";"";"";"";"";"";""
"01/03/2022";"2100";"";"";"";"";"";"";"";"";"";"";"";"";"";"";"";"";""
"01/03/2022";"2200";"";"";"";"";"";"";"";"";"";"";"";"";"";"";"";"";""
"01/03/2022";"2300";"";"";"";"";"";"";"";"";"";"";"";"";"";"";"";"";""
"02/03/2022";"0000";"";"";"";"";"";"";"";"";"";"";"";"";"";"";"";"";""
"02/03/2022";"0100";"";"";"";"";"";"";"";"";"";"";"";"";"";"";"";"";""
"02/03/2022";"0200";"";"";"";"";"";"";"";"";"";"";"";"";"";"";"";"";""
"02/03/2022";"0300";"";"";"";"";"";"";"";"";"";"";"";"";"";"";"";"";""
"02/03/2022";"0400";"";"";"";"";"";"";"";"";"";"";"";"";"";"";"";"";""
"02/03/2022";"0500";"";"";"";"";"";"";"";"";"";"";"";"";"";"";"";"";""
"02/03/2022";"0600";"";"";"";"";"";"";"";"";"";"";"";"";"";"";"";"";""
"02/03/2022";"0700";"";"";"";"";"";"";"";"";"";"";"";"";"";"";"";"";""
"02/03/2022";"0800";"";"";"";"";"";"";"";"";"";"";"";"";"";"";"";"";""
"02/03/2022";"0900";"";"";"";"";"";"";"";"";"";"";"";"";"";"";"";"";""
"02/03/2022";"1000";"";"";"";"";"";"";"";"";"";"";"";"";"";"";"";"";""
"02/03/2022";"1100";"";"";"";"";"";"";"";"";"";"";"";"";"";"";"";"";""
"02/03/2022";"1200";"";"";"";"";"";"";"";"";"";"";"";"";"";"";"";"";""
"02/03/2022";"1300";"";"";"";"";"";"";"";"";"";"";"";"";"";"";"";"";""
"02/03/2022";"1400";"";"";"";"";"";"";"";"";"";"";"";"";"";"";"";"";""
"02/03/2022";"1500";"";"";"";"";"";"";"";"";"";"";"";"";"";"";"";"";""
"02/03/2022";"1600";"";"";"";"";"";"";"";"";"";"";"";"";"";"";"";"";""
"02/03/2022";"1700";"";"";"";"";"";"";"";"";"";"";"";"";"";"";"";"";""
"02/03/2022";"1800";"";"";"";"";"";"";"";"";"";"";"";"";"";"";"";"";""
"02/03/2022";"1900";"";"";"";"";"";"";"";"";"";"";"";"";"";"";"";"";""
"02/03/2022";"2000";"";"";"";"";"";"";"";"";"";"";"";"";"";"";"";"";""
"02/03/2022";"2100";"";"";"";"";"";"";"";"";"";"";"";"";"";"";"";"";""
"02/03/2022";"2200";"";"";"";"";"";"";"";"";"";"";"";"";"";"";"";"";""
"02/03/2022";"2300";"";"";"";"";"";"";"";"";"";"";"";"";"";"";"";"";""
"03/03/2022";"0000";"";"";"";"";"";"";"";"";"";"";"";"";"";"";"";"";""
"03/03/2022";"0100";"";"";"";"";"";"";"";"";"";"";"";"";"";"";"";"";""
"03/03/2022";"0200";"";"";"";"";"";"";"";"";"";"";"";"";"";"";"";"";""
"03/03/2022";"0300";"";"";"";"";"";"";"";"";"";"";"";"";"";"";"";"";""
"03/03/2022";"0400";"";"";"";"";"";"";"";"";"";"";"";"";"";"";"";"";""
"03/03/2022";"0500";"";"";"";"";"";"";"";"";"";"";"";"";"";"";"";"";""
"03/03/2022";"0600";"";"";"";"";"";"";"";"";"";"";"";"";"";"";"";"";""
"03/03/2022";"0700";"";"";"";"";"";"";"";"";"";"";"";"";"";"";"";"";""
"03/03/2022";"0800";"";"";"";"";"";"";"";"";"";"";"";"";"";"";"";"";""
"03/03/2022";"0900";"";"";"";"";"";"";"";"";"";"";"";"";"";"";"";"";""
"03/03/2022";"1000";"";"";"";"";"";"";"";"";"";"";"";"";"";"";"";"";""
"03/03/2022";"1100";"";"";"";"";"";"";"";"";"";"";"";"";"";"";"";"";""
"03/03/2022";"1200";"";"";"";"";"";"";"";"";"";"";"";"";"";"";"";"";""
"03/03/2022";"1300";"";"";"";"";"";"";"";"";"";"";"";"";"";"";"";"";""
"03/03/2022";"1400";"";"";"";"";"";"";"";"";"";"";"";"";"";"";"";"";""
"03/03/2022";"1500";"";"";"";"";"";"";"";"";"";"";"";"";"";"";"";"";""
"03/03/2022";"1600";"";"";"";"";"";"";"";"";"";"";"";"";"";"";"";"";""
"03/03/2022";"1700";"";"";"";"";"";"";"";"";"";"";"";"";"";"";"";"";""
"03/03/2022";"1800";"";"";"";"";"";"";"";"";"";"";"";"";"";"";"";"";""
"03/03/2022";"1900";"";"";"";"";"";"";"";"";"";"";"";"";"";"";"";"";""
"03/03/2022";"2000";"";"";"";"";"";"";"";"";"";"";"";"";"";"";"";"";""
"03/03/2022";"2100";"";"";"";"";"";"";"";"";"";"";"";"";"";"";"";"";""
"03/03/2022";"2200";"";"";"";"";"";"";"";"";"";"";"";"";"";"";"";"";""
"03/03/2022";"2300";"";"";"";"";"";"";"";"";"";"";"";"";"";"";"";"";""
"04/03/2022";"0000";"";"";"";"";"";"";"";"";"";"";"";"";"";"";"";"";""
"04/03/2022";"0100";"";"";"";"";"";"";"";"";"";"";"";"";"";"";"";"";""
"04/03/2022";"0200";"";"";"";"";"";"";"";"";"";"";"";"";"";"";"";"";""
"04/03/2022";"0300";"";"";"";"";"";"";"";"";"";"";"";"";"";"";"";"";""
"04/03/2022";"0400";"";"";"";"";"";"";"";"";"";"";"";"";"";"";"";"";""
"04/03/2022";"0500";"";"";"";"";"";"";"";"";"";"";"";"";"";"";"";"";""
"04/03/2022";"0600";"";"";"";"";"";"";"";"";"";"";"";"";"";"";"";"";""
"04/03/2022";"0700";"";"";"";"";"";"";"";"";"";"";"";"";"";"";"";"";""
"04/03/2022";"0800";"";"";"";"";"";"";"";"";"";"";"";"";"";"";"";"";""
"04/03/2022";"0900";"";"";"";"";"";"";"";"";"";"";"";"";"";"";"";"";""
"04/03/2022";"1000";"";"";"";"";"";"";"";"";"";"";"";"";"";"";"";"";""
"04/03/2022";"1100";"";"";"";"";"";"";"";"";"";"";"";"";"";"";"";"";""
"04/03/2022";"1200";"";"";"";"";"";"";"";"";"";"";"";"";"";"";"";"";""
"04/03/2022";"1300";"";"";"";"";"";"";"";"";"";"";"";"";"";"";"";"";""
"04/03/2022";"1400";"";"";"";"";"";"";"";"";"";"";"";"";"";"";"";"";""
"04/03/2022";"1500";"";"";"";"";"";"";"";"";"";"";"";"";"";"";"";"";""
"04/03/2022";"1600";"";"";"";"";"";"";"";"";"";"";"";"";"";"";"";"";""
"04/03/2022";"1700";"";"";"";"";"";"";"";"";"";"";"";"";"";"";"";"";""
"04/03/2022";"1800";"";"";"";"";"";"";"";"";"";"";"";"";"";"";"";"";""
"04/03/2022";"1900";"";"";"";"";"";"";"";"";"";"";"";"";"";"";"";"";""
"04/03/2022";"2000";"";"";"";"";"";"";"";"";"";"";"";"";"";"";"";"";""
"04/03/2022";"2100";"";"";"";"";"";"";"";"";"";"";"";"";"";"";"";"";""
"04/03/2022";"2200";"";"";"";"";"";"";"";"";"";"";"";"";"";"";"";"";""
"04/03/2022";"2300";"";"";"";"";"";"";"";"";"";"";"";"";"";"";"";"";""
"05/03/2022";"0000";"";"";"";"";"";"";"";"";"";"";"";"";"";"";"";"";""
"05/03/2022";"0100";"";"";"";"";"";"";"";"";"";"";"";"";"";"";"";"";""
"05/03/2022";"0200";"";"";"";"";"";"";"";"";"";"";"";"";"";"";"";"";""
"05/03/2022";"0300";"";"";"";"";"";"";"";"";"";"";"";"";"";"";"";"";""
"05/03/2022";"0400";"";"";"";"";"";"";"";"";"";"";"";"";"";"";"";"";""
"05/03/2022";"0500";"";"";"";"";"";"";"";"";"";"";"";"";"";"";"";"";""
"05/03/2022";"0600";"";"";"";"";"";"";"";"";"";"";"";"";"";"";"";"";""
"05/03/2022";"0700";"";"";"";"";"";"";"";"";"";"";"";"";"";"";"";"";""
"05/03/2022";"0800";"";"";"";"";"";"";"";"";"";"";"";"";"";"";"";"";""
"05/03/2022";"0900";"";"";"";"";"";"";"";"";"";"";"";"";"";"";"";"";""
"05/03/2022";"1000";"";"";"";"";"";"";"";"";"";"";"";"";"";"";"";"";""
"05/03/2022";"1100";"";"";"";"";"";"";"";"";"";"";"";"";"";"";"";"";""
"05/03/2022";"1200";"";"";"";"";"";"";"";"";"";"";"";"";"";"";"";"";""
"05/03/2022";"1300";"";"";"";"";"";"";"";"";"";"";"";"";"";"";"";"";""
"05/03/2022";"1400";"";"";"";"";"";"";"";"";"";"";"";"";"";"";"";"";""
"05/03/2022";"1500";"";"";"";"";"";"";"";"";"";"";"";"";"";"";"";"";""
"05/03/2022";"1600";"";"";"";"";"";"";"";"";"";"";"";"";"";"";"";"";""
"05/03/2022";"1700";"";"";"";"";"";"";"";"";"";"";"";"";"";"";"";"";""
"05/03/2022";"1800";"";"";"";"";"";"";"";"";"";"";"";"";"";"";"";"";""
"05/03/2022";"1900";"";"";"";"";"";"";"";"";"";"";"";"";"";"";"";"";""
"05/03/2022";"2000";"";"";"";"";"";"";"";"";"";"";"";"";"";"";"";"";""
"05/03/2022";"2100";"";"";"";"";"";"";"";"";"";"";"";"";"";"";"";"";""
"05/03/2022";"2200";"";"";"";"";"";"";"";"";"";"";"";"";"";"";"";"";""
"05/03/2022";"2300";"";"";"";"";"";"";"";"";"";"";"";"";"";"";"";"";""
"06/03/2022";"0000";"";"";"";"";"";"";"";"";"";"";"";"";"";"";"";"";""
"06/03/2022";"0100";"";"";"";"";"";"";"";"";"";"";"";"";"";"";"";"";""
"06/03/2022";"0200";"";"";"";"";"";"";"";"";"";"";"";"";"";"";"";"";""
"06/03/2022";"0300";"";"";"";"";"";"";"";"";"";"";"";"";"";"";"";"";""
"06/03/2022";"0400";"";"";"";"";"";"";"";"";"";"";"";"";"";"";"";"";""
"06/03/2022";"0500";"";"";"";"";"";"";"";"";"";"";"";"";"";"";"";"";""
"06/03/2022";"0600";"";"";"";"";"";"";"";"";"";"";"";"";"";"";"";"";""
"06/03/2022";"0700";"";"";"";"";"";"";"";"";"";"";"";"";"";"";"";"";""
"06/03/2022";"0800";"";"";"";"";"";"";"";"";"";"";"";"";"";"";"";"";""
"06/03/2022";"0900";"";"";"";"";"";"";"";"";"";"";"";"";"";"";"";"";""
"06/03/2022";"1000";"";"";"";"";"";"";"";"";"";"";"";"";"";"";"";"";""
"06/03/2022";"1100";"";"";"";"";"";"";"";"";"";"";"";"";"";"";"";"";""
"06/03/2022";"1200";"";"";"";"";"";"";"";"";"";"";"";"";"";"";"";"";""
"06/03/2022";"1300";"";"";"";"";"";"";"";"";"";"";"";"";"";"";"";"";""
"06/03/2022";"1400";"";"";"";"";"";"";"";"";"";"";"";"";"";"";"";"";""
"06/03/2022";"1500";"";"";"";"";"";"";"";"";"";"";"";"";"";"";"";"";""
"06/03/2022";"1600";"";"";"";"";"";"";"";"";"";"";"";"";"";"";"";"";""
"06/03/2022";"1700";"";"";"";"";"";"";"";"";"";"";"";"";"";"";"";"";""
"06/03/2022";"1800";"";"";"";"";"";"";"";"";"";"";"";"";"";"";"";"";""
"06/03/2022";"1900";"";"";"";"";"";"";"";"";"";"";"";"";"";"";"";"";""
"06/03/2022";"2000";"";"";"";"";"";"";"";"";"";"";"";"";"";"";"";"";""
"06/03/2022";"2100";"";"";"";"";"";"";"";"";"";"";"";"";"";"";"";"";""
"06/03/2022";"2200";"";"";"";"";"";"";"";"";"";"";"";"";"";"";"";"";""
"06/03/2022";"2300";"";"";"";"";"";"";"";"";"";"";"";"";"";"";"";"";""
"07/03/2022";"0000";"";"";"";"";"";"";"";"";"";"";"";"";"";"";"";"";""
"07/03/2022";"0100";"";"";"";"";"";"";"";"";"";"";"";"";"";"";"";"";""
"07/03/2022";"0200";"";"";"";"";"";"";"";"";"";"";"";"";"";"";"";"";""
"07/03/2022";"0300";"";"";"";"";"";"";"";"";"";"";"";"";"";"";"";"";""
"07/03/2022";"0400";"";"";"";"";"";"";"";"";"";"";"";"";"";"";"";"";""
"07/03/2022";"0500";"";"";"";"";"";"";"";"";"";"";"";"";"";"";"";"";""
"07/03/2022";"0600";"";"";"";"";"";"";"";"";"";"";"";"";"";"";"";"";""
"07/03/2022";"0700";"";"";"";"";"";"";"";"";"";"";"";"";"";"";"";"";""
"07/03/2022";"0800";"";"";"";"";"";"";"";"";"";"";"";"";"";"";"";"";""
"07/03/2022";"0900";"";"";"";"";"";"";"";"";"";"";"";"";"";"";"";"";""
"07/03/2022";"1000";"";"";"";"";"";"";"";"";"";"";"";"";"";"";"";"";""
"07/03/2022";"1100";"";"";"";"";"";"";"";"";"";"";"";"";"";"";"";"";""
"07/03/2022";"1200";"";"";"";"";"";"";"";"";"";"";"";"";"";"";"";"";""
"07/03/2022";"1300";"";"";"";"";"";"";"";"";"";"";"";"";"";"";"";"";""
"07/03/2022";"1400";"";"";"";"";"";"";"";"";"";"";"";"";"";"";"";"";""
"07/03/2022";"1500";"";"";"";"";"";"";"";"";"";"";"";"";"";"";"";"";""
"07/03/2022";"1600";"";"";"";"";"";"";"";"";"";"";"";"";"";"";"";"";""
"07/03/2022";"1700";"";"";"";"";"";"";"";"";"";"";"";"";"";"";"";"";""
"07/03/2022";"1800";"";"";"";"";"";"";"";"";"";"";"";"";"";"";"";"";""
"07/03/2022";"1900";"";"";"";"";"";"";"";"";"";"";"";"";"";"";"";"";""
"07/03/2022";"2000";"";"";"";"";"";"";"";"";"";"";"";"";"";"";"";"";""
"07/03/2022";"2100";"";"";"";"";"";"";"";"";"";"";"";"";"";"";"";"";""
"07/03/2022";"2200";"";"";"";"";"";"";"";"";"";"";"";"";"";"";"";"";""
"07/03/2022";"2300";"";"";"";"";"";"";"";"";"";"";"";"";"";"";"";"";""
"08/03/2022";"0000";"";"";"";"";"";"";"";"";"";"";"";"";"";"";"";"";""
"08/03/2022";"0100";"";"";"";"";"";"";"";"";"";"";"";"";"";"";"";"";""
"08/03/2022";"0200";"";"";"";"";"";"";"";"";"";"";"";"";"";"";"";"";""
"08/03/2022";"0300";"";"";"";"";"";"";"";"";"";"";"";"";"";"";"";"";""
"08/03/2022";"0400";"";"";"";"";"";"";"";"";"";"";"";"";"";"";"";"";""
"08/03/2022";"0500";"";"";"";"";"";"";"";"";"";"";"";"";"";"";"";"";""
"08/03/2022";"0600";"";"";"";"";"";"";"";"";"";"";"";"";"";"";"";"";""
"08/03/2022";"0700";"";"";"";"";"";"";"";"";"";"";"";"";"";"";"";"";""
"08/03/2022";"0800";"";"";"";"";"";"";"";"";"";"";"";"";"";"";"";"";""
"08/03/2022";"0900";"";"";"";"";"";"";"";"";"";"";"";"";"";"";"";"";""
"08/03/2022";"1000";"";"";"";"";"";"";"";"";"";"";"";"";"";"";"";"";""
"08/03/2022";"1100";"";"";"";"";"";"";"";"";"";"";"";"";"";"";"";"";""
"08/03/2022";"1200";"";"";"";"";"";"";"";"";"";"";"";"";"";"";"";"";""
"08/03/2022";"1300";"";"";"";"";"";"";"";"";"";"";"";"";"";"";"";"";""
"08/03/2022";"1400";"";"";"";"";"";"";"";"";"";"";"";"";"";"";"";"";""
"08/03/2022";"1500";"";"";"";"";"";"";"";"";"";"";"";"";"";"";"";"";""
"08/03/2022";"1600";"";"";"";"";"";"";"";"";"";"";"";"";"";"";"";"";""
"08/03/2022";"1700";"";"";"";"";"";"";"";"";"";"";"";"";"";"";"";"";""
"08/03/2022";"1800";"";"";"";"";"";"";"";"";"";"";"";"";"";"";"";"";""
"08/03/2022";"1900";"";"";"";"";"";"";"";"";"";"";"";"";"";"";"";"";""
"08/03/2022";"2000";"";"";"";"";"";"";"";"";"";"";"";"";"";"";"";"";""
"08/03/2022";"2100";"";"";"";"";"";"";"";"";"";"";"";"";"";"";"";"";""
"08/03/2022";"2200";"";"";"";"";"";"";"";"";"";"";"";"";"";"";"";"";""
"08/03/2022";"2300";"";"";"";"";"";"";"";"";"";"";"";"";"";"";"";"";""
"09/03/2022";"0000";"";"";"";"";"";"";"";"";"";"";"";"";"";"";"";"";""
"09/03/2022";"0100";"";"";"";"";"";"";"";"";"";"";"";"";"";"";"";"";""
"09/03/2022";"0200";"";"";"";"";"";"";"";"";"";"";"";"";"";"";"";"";""
"09/03/2022";"0300";"";"";"";"";"";"";"";"";"";"";"";"";"";"";"";"";""
"09/03/2022";"0400";"";"";"";"";"";"";"";"";"";"";"";"";"";"";"";"";""
"09/03/2022";"0500";"";"";"";"";"";"";"";"";"";"";"";"";"";"";"";"";""
"09/03/2022";"0600";"";"";"";"";"";"";"";"";"";"";"";"";"";"";"";"";""
"09/03/2022";"0700";"";"";"";"";"";"";"";"";"";"";"";"";"";"";"";"";""
"09/03/2022";"0800";"";"";"";"";"";"";"";"";"";"";"";"";"";"";"";"";""
"09/03/2022";"0900";"";"";"";"";"";"";"";"";"";"";"";"";"";"";"";"";""
"09/03/2022";"1000";"";"";"";"";"";"";"";"";"";"";"";"";"";"";"";"";""
"09/03/2022";"1100";"";"";"";"";"";"";"";"";"";"";"";"";"";"";"";"";""
"09/03/2022";"1200";"";"";"";"";"";"";"";"";"";"";"";"";"";"";"";"";""
"09/03/2022";"1300";"";"";"";"";"";"";"";"";"";"";"";"";"";"";"";"";""
"09/03/2022";"1400";"";"";"";"";"";"";"";"";"";"";"";"";"";"";"";"";""
"09/03/2022";"1500";"";"";"";"";"";"";"";"";"";"";"";"";"";"";"";"";""
"09/03/2022";"1600";"";"";"";"";"";"";"";"";"";"";"";"";"";"";"";"";""
"09/03/2022";"1700";"";"";"";"";"";"";"";"";"";"";"";"";"";"";"";"";""
"09/03/2022";"1800";"";"";"";"";"";"";"";"";"";"";"";"";"";"";"";"";""
"09/03/2022";"1900";"";"";"";"";"";"";"";"";"";"";"";"";"";"";"";"";""
"09/03/2022";"2000";"";"";"";"";"";"";"";"";"";"";"";"";"";"";"";"";""
"09/03/2022";"2100";"";"";"";"";"";"";"";"";"";"";"";"";"";"";"";"";""
"09/03/2022";"2200";"";"";"";"";"";"";"";"";"";"";"";"";"";"";"";"";""
"09/03/2022";"2300";"";"";"";"";"";"";"";"";"";"";"";"";"";"";"";"";""
"10/03/2022";"0000";"";"";"";"";"";"";"";"";"";"";"";"";"";"";"";"";""
"10/03/2022";"0100";"";"";"";"";"";"";"";"";"";"";"";"";"";"";"";"";""
"10/03/2022";"0200";"";"";"";"";"";"";"";"";"";"";"";"";"";"";"";"";""
"10/03/2022";"0300";"";"";"";"";"";"";"";"";"";"";"";"";"";"";"";"";""
"10/03/2022";"0400";"";"";"";"";"";"";"";"";"";"";"";"";"";"";"";"";""
"10/03/2022";"0500";"";"";"";"";"";"";"";"";"";"";"";"";"";"";"";"";""
"10/03/2022";"0600";"";"";"";"";"";"";"";"";"";"";"";"";"";"";"";"";""
"10/03/2022";"0700";"";"";"";"";"";"";"";"";"";"";"";"";"";"";"";"";""
"10/03/2022";"0800";"";"";"";"";"";"";"";"";"";"";"";"";"";"";"";"";""
"10/03/2022";"0900";"";"";"";"";"";"";"";"";"";"";"";"";"";"";"";"";""
"10/03/2022";"1000";"";"";"";"";"";"";"";"";"";"";"";"";"";"";"";"";""
"10/03/2022";"1100";"";"";"";"";"";"";"";"";"";"";"";"";"";"";"";"";""
"10/03/2022";"1200";"";"";"";"";"";"";"";"";"";"";"";"";"";"";"";"";""
"10/03/2022";"1300";"";"";"";"";"";"";"";"";"";"";"";"";"";"";"";"";""
"10/03/2022";"1400";"";"";"";"";"";"";"";"";"";"";"";"";"";"";"";"";""
"10/03/2022";"1500";"";"";"";"";"";"";"";"";"";"";"";"";"";"";"";"";""
"10/03/2022";"1600";"";"";"";"";"";"";"";"";"";"";"";"";"";"";"";"";""
"10/03/2022";"1700";"";"";"";"";"";"";"";"";"";"";"";"";"";"";"";"";""
"10/03/2022";"1800";"";"";"";"";"";"";"";"";"";"";"";"";"";"";"";"";""
"10/03/2022";"1900";"";"";"";"";"";"";"";"";"";"";"";"";"";"";"";"";""
"10/03/2022";"2000";"";"";"";"";"";"";"";"";"";"";"";"";"";"";"";"";""
"10/03/2022";"2100";"";"";"";"";"";"";"";"";"";"";"";"";"";"";"";"";""
"10/03/2022";"2200";"";"";"";"";"";"";"";"";"";"";"";"";"";"";"";"";""
"10/03/2022";"2300";"";"";"";"";"";"";"";"";"";"";"";"";"";"";"";"";""
"11/03/2022";"0000";"";"";"";"";"";"";"";"";"";"";"";"";"";"";"";"";""
"11/03/2022";"0100";"";"";"";"";"";"";"";"";"";"";"";"";"";"";"";"";""
"11/03/2022";"0200";"";"";"";"";"";"";"";"";"";"";"";"";"";"";"";"";""
"11/03/2022";"0300";"";"";"";"";"";"";"";"";"";"";"";"";"";"";"";"";""
"11/03/2022";"0400";"";"";"";"";"";"";"";"";"";"";"";"";"";"";"";"";""
"11/03/2022";"0500";"";"";"";"";"";"";"";"";"";"";"";"";"";"";"";"";""
"11/03/2022";"0600";"";"";"";"";"";"";"";"";"";"";"";"";"";"";"";"";""
"11/03/2022";"0700";"";"";"";"";"";"";"";"";"";"";"";"";"";"";"";"";""
"11/03/2022";"0800";"";"";"";"";"";"";"";"";"";"";"";"";"";"";"";"";""
"11/03/2022";"0900";"";"";"";"";"";"";"";"";"";"";"";"";"";"";"";"";""
"11/03/2022";"1000";"";"";"";"";"";"";"";"";"";"";"";"";"";"";"";"";""
"11/03/2022";"1100";"";"";"";"";"";"";"";"";"";"";"";"";"";"";"";"";""
"11/03/2022";"1200";"";"";"";"";"";"";"";"";"";"";"";"";"";"";"";"";""
"11/03/2022";"1300";"";"";"";"";"";"";"";"";"";"";"";"";"";"";"";"";""
"11/03/2022";"1400";"";"";"";"";"";"";"";"";"";"";"";"";"";"";"";"";""
"11/03/2022";"1500";"";"";"";"";"";"";"";"";"";"";"";"";"";"";"";"";""
"11/03/2022";"1600";"";"";"";"";"";"";"";"";"";"";"";"";"";"";"";"";""
"11/03/2022";"1700";"";"";"";"";"";"";"";"";"";"";"";"";"";"";"";"";""
"11/03/2022";"1800";"";"";"";"";"";"";"";"";"";"";"";"";"";"";"";"";""
"11/03/2022";"1900";"";"";"";"";"";"";"";"";"";"";"";"";"";"";"";"";""
"11/03/2022";"2000";"";"";"";"";"";"";"";"";"";"";"";"";"";"";"";"";""
"11/03/2022";"2100";"";"";"";"";"";"";"";"";"";"";"";"";"";"";"";"";""
"11/03/2022";"2200";"";"";"";"";"";"";"";"";"";"";"";"";"";"";"";"";""
"11/03/2022";"2300";"";"";"";"";"";"";"";"";"";"";"";"";"";"";"";"";""
"12/03/2022";"0000";"";"";"";"";"";"";"";"";"";"";"";"";"";"";"";"";""
"12/03/2022";"0100";"";"";"";"";"";"";"";"";"";"";"";"";"";"";"";"";""
"12/03/2022";"0200";"";"";"";"";"";"";"";"";"";"";"";"";"";"";"";"";""
"12/03/2022";"0300";"";"";"";"";"";"";"";"";"";"";"";"";"";"";"";"";""
"12/03/2022";"0400";"";"";"";"";"";"";"";"";"";"";"";"";"";"";"";"";""
"12/03/2022";"0500";"";"";"";"";"";"";"";"";"";"";"";"";"";"";"";"";""
"12/03/2022";"0600";"";"";"";"";"";"";"";"";"";"";"";"";"";"";"";"";""
"12/03/2022";"0700";"";"";"";"";"";"";"";"";"";"";"";"";"";"";"";"";""
"12/03/2022";"0800";"";"";"";"";"";"";"";"";"";"";"";"";"";"";"";"";""
"12/03/2022";"0900";"";"";"";"";"";"";"";"";"";"";"";"";"";"";"";"";""
"12/03/2022";"1000";"";"";"";"";"";"";"";"";"";"";"";"";"";"";"";"";""
"12/03/2022";"1100";"";"";"";"";"";"";"";"";"";"";"";"";"";"";"";"";""
"12/03/2022";"1200";"";"";"";"";"";"";"";"";"";"";"";"";"";"";"";"";""
"12/03/2022";"1300";"";"";"";"";"";"";"";"";"";"";"";"";"";"";"";"";""
"12/03/2022";"1400";"";"";"";"";"";"";"";"";"";"";"";"";"";"";"";"";""
"12/03/2022";"1500";"";"";"";"";"";"";"";"";"";"";"";"";"";"";"";"";""
"12/03/2022";"1600";"";"";"";"";"";"";"";"";"";"";"";"";"";"";"";"";""
"12/03/2022";"1700";"";"";"";"";"";"";"";"";"";"";"";"";"";"";"";"";""
"12/03/2022";"1800";"";"";"";"";"";"";"";"";"";"";"";"";"";"";"";"";""
"12/03/2022";"1900";"";"";"";"";"";"";"";"";"";"";"";"";"";"";"";"";""
"12/03/2022";"2000";"";"";"";"";"";"";"";"";"";"";"";"";"";"";"";"";""
"12/03/2022";"2100";"";"";"";"";"";"";"";"";"";"";"";"";"";"";"";"";""
"12/03/2022";"2200";"";"";"";"";"";"";"";"";"";"";"";"";"";"";"";"";""
"12/03/2022";"2300";"";"";"";"";"";"";"";"";"";"";"";"";"";"";"";"";""
"13/03/2022";"0000";"";"";"";"";"";"";"";"";"";"";"";"";"";"";"";"";""
"13/03/2022";"0100";"";"";"";"";"";"";"";"";"";"";"";"";"";"";"";"";""
"13/03/2022";"0200";"";"";"";"";"";"";"";"";"";"";"";"";"";"";"";"";""
"13/03/2022";"0300";"";"";"";"";"";"";"";"";"";"";"";"";"";"";"";"";""
"13/03/2022";"0400";"";"";"";"";"";"";"";"";"";"";"";"";"";"";"";"";""
"13/03/2022";"0500";"";"";"";"";"";"";"";"";"";"";"";"";"";"";"";"";""
"13/03/2022";"0600";"";"";"";"";"";"";"";"";"";"";"";"";"";"";"";"";""
"13/03/2022";"0700";"";"";"";"";"";"";"";"";"";"";"";"";"";"";"";"";""
"13/03/2022";"0800";"";"";"";"";"";"";"";"";"";"";"";"";"";"";"";"";""
"13/03/2022";"0900";"";"";"";"";"";"";"";"";"";"";"";"";"";"";"";"";""
"13/03/2022";"1000";"";"";"";"";"";"";"";"";"";"";"";"";"";"";"";"";""
"13/03/2022";"1100";"";"";"";"";"";"";"";"";"";"";"";"";"";"";"";"";""
"13/03/2022";"1200";"";"";"";"";"";"";"";"";"";"";"";"";"";"";"";"";""
"13/03/2022";"1300";"";"";"";"";"";"";"";"";"";"";"";"";"";"";"";"";""
"13/03/2022";"1400";"";"";"";"";"";"";"";"";"";"";"";"";"";"";"";"";""
"13/03/2022";"1500";"";"";"";"";"";"";"";"";"";"";"";"";"";"";"";"";""
"13/03/2022";"1600";"";"";"";"";"";"";"";"";"";"";"";"";"";"";"";"";""
"13/03/2022";"1700";"";"";"";"";"";"";"";"";"";"";"";"";"";"";"";"";""
"13/03/2022";"1800";"";"";"";"";"";"";"";"";"";"";"";"";"";"";"";"";""
"13/03/2022";"1900";"";"";"";"";"";"";"";"";"";"";"";"";"";"";"";"";""
"13/03/2022";"2000";"";"";"";"";"";"";"";"";"";"";"";"";"";"";"";"";""
"13/03/2022";"2100";"";"";"";"";"";"";"";"";"";"";"";"";"";"";"";"";""
"13/03/2022";"2200";"";"";"";"";"";"";"";"";"";"";"";"";"";"";"";"";""
"13/03/2022";"2300";"";"";"";"";"";"";"";"";"";"";"";"";"";"";"";"";""
"14/03/2022";"0000";"";"";"";"";"";"";"";"";"";"";"";"";"";"";"";"";""
"14/03/2022";"0100";"";"";"";"";"";"";"";"";"";"";"";"";"";"";"";"";""
"14/03/2022";"0200";"";"";"";"";"";"";"";"";"";"";"";"";"";"";"";"";""
"14/03/2022";"0300";"";"";"";"";"";"";"";"";"";"";"";"";"";"";"";"";""
"14/03/2022";"0400";"";"";"";"";"";"";"";"";"";"";"";"";"";"";"";"";""
"14/03/2022";"0500";"";"";"";"";"";"";"";"";"";"";"";"";"";"";"";"";""
"14/03/2022";"0600";"";"";"";"";"";"";"";"";"";"";"";"";"";"";"";"";""
"14/03/2022";"0700";"";"";"";"";"";"";"";"";"";"";"";"";"";"";"";"";""
"14/03/2022";"0800";"";"";"";"";"";"";"";"";"";"";"";"";"";"";"";"";""
"14/03/2022";"0900";"";"";"";"";"";"";"";"";"";"";"";"";"";"";"";"";""
"14/03/2022";"1000";"";"";"";"";"";"";"";"";"";"";"";"";"";"";"";"";""
"14/03/2022";"1100";"";"";"";"";"";"";"";"";"";"";"";"";"";"";"";"";""
"14/03/2022";"1200";"";"";"";"";"";"";"";"";"";"";"";"";"";"";"";"";""
"14/03/2022";"1300";"";"";"";"";"";"";"";"";"";"";"";"";"";"";"";"";""
"14/03/2022";"1400";"";"";"";"";"";"";"";"";"";"";"";"";"";"";"";"";""
"14/03/2022";"1500";"";"";"";"";"";"";"";"";"";"";"";"";"";"";"";"";""
"14/03/2022";"1600";"";"";"";"";"";"";"";"";"";"";"";"";"";"";"";"";""
"14/03/2022";"1700";"";"";"";"";"";"";"";"";"";"";"";"";"";"";"";"";""
"14/03/2022";"1800";"";"";"";"";"";"";"";"";"";"";"";"";"";"";"";"";""
"14/03/2022";"1900";"";"";"";"";"";"";"";"";"";"";"";"";"";"";"";"";""
"14/03/2022";"2000";"";"";"";"";"";"";"";"";"";"";"";"";"";"";"";"";""
"14/03/2022";"2100";"";"";"";"";"";"";"";"";"";"";"";"";"";"";"";"";""
"14/03/2022";"2200";"";"";"";"";"";"";"";"";"";"";"";"";"";"";"";"";""
"14/03/2022";"2300";"";"";"";"";"";"";"";"";"";"";"";"";"";"";"";"";""
"15/03/2022";"0000";"";"";"";"";"";"";"";"";"";"";"";"";"";"";"";"";""
"15/03/2022";"0100";"";"";"";"";"";"";"";"";"";"";"";"";"";"";"";"";""
"15/03/2022";"0200";"";"";"";"";"";"";"";"";"";"";"";"";"";"";"";"";""
"15/03/2022";"0300";"";"";"";"";"";"";"";"";"";"";"";"";"";"";"";"";""
"15/03/2022";"0400";"";"";"";"";"";"";"";"";"";"";"";"";"";"";"";"";""
"15/03/2022";"0500";"";"";"";"";"";"";"";"";"";"";"";"";"";"";"";"";""
"15/03/2022";"0600";"";"";"";"";"";"";"";"";"";"";"";"";"";"";"";"";""
"15/03/2022";"0700";"";"";"";"";"";"";"";"";"";"";"";"";"";"";"";"";""
"15/03/2022";"0800";"";"";"";"";"";"";"";"";"";"";"";"";"";"";"";"";""
"15/03/2022";"0900";"";"";"";"";"";"";"";"";"";"";"";"";"";"";"";"";""
"15/03/2022";"1000";"";"";"";"";"";"";"";"";"";"";"";"";"";"";"";"";""
"15/03/2022";"1100";"";"";"";"";"";"";"";"";"";"";"";"";"";"";"";"";""
"15/03/2022";"1200";"";"";"";"";"";"";"";"";"";"";"";"";"";"";"";"";""
"15/03/2022";"1300";"";"";"";"";"";"";"";"";"";"";"";"";"";"";"";"";""
"15/03/2022";"1400";"";"";"";"";"";"";"";"";"";"";"";"";"";"";"";"";""
"15/03/2022";"1500";"";"";"";"";"";"";"";"";"";"";"";"";"";"";"";"";""
"15/03/2022";"1600";"";"";"";"";"";"";"";"";"";"";"";"";"";"";"";"";""
"15/03/2022";"1700";"";"";"";"";"";"";"";"";"";"";"";"";"";"";"";"";""
"15/03/2022";"1800";"";"";"";"";"";"";"";"";"";"";"";"";"";"";"";"";""
"15/03/2022";"1900";"";"";"";"";"";"";"";"";"";"";"";"";"";"";"";"";""
"15/03/2022";"2000";"";"";"";"";"";"";"";"";"";"";"";"";"";"";"";"";""
"15/03/2022";"2100";"";"";"";"";"";"";"";"";"";"";"";"";"";"";"";"";""
"15/03/2022";"2200";"";"";"";"";"";"";"";"";"";"";"";"";"";"";"";"";""
"15/03/2022";"2300";"";"";"";"";"";"";"";"";"";"";"";"";"";"";"";"";""
"16/03/2022";"0000";"";"";"";"";"";"";"";"";"";"";"";"";"";"";"";"";""
"16/03/2022";"0100";"";"";"";"";"";"";"";"";"";"";"";"";"";"";"";"";""
"16/03/2022";"0200";"";"";"";"";"";"";"";"";"";"";"";"";"";"";"";"";""
"16/03/2022";"0300";"";"";"";"";"";"";"";"";"";"";"";"";"";"";"";"";""
"16/03/2022";"0400";"";"";"";"";"";"";"";"";"";"";"";"";"";"";"";"";""
"16/03/2022";"0500";"";"";"";"";"";"";"";"";"";"";"";"";"";"";"";"";""
"16/03/2022";"0600";"";"";"";"";"";"";"";"";"";"";"";"";"";"";"";"";""
"16/03/2022";"0700";"";"";"";"";"";"";"";"";"";"";"";"";"";"";"";"";""
"16/03/2022";"0800";"";"";"";"";"";"";"";"";"";"";"";"";"";"";"";"";""
"16/03/2022";"0900";"";"";"";"";"";"";"";"";"";"";"";"";"";"";"";"";""
"16/03/2022";"1000";"";"";"";"";"";"";"";"";"";"";"";"";"";"";"";"";""
"16/03/2022";"1100";"";"";"";"";"";"";"";"";"";"";"";"";"";"";"";"";""
"16/03/2022";"1200";"";"";"";"";"";"";"";"";"";"";"";"";"";"";"";"";""
"16/03/2022";"1300";"";"";"";"";"";"";"";"";"";"";"";"";"";"";"";"";""
"16/03/2022";"1400";"";"";"";"";"";"";"";"";"";"";"";"";"";"";"";"";""
"16/03/2022";"1500";"";"";"";"";"";"";"";"";"";"";"";"";"";"";"";"";""
"16/03/2022";"1600";"";"";"";"";"";"";"";"";"";"";"";"";"";"";"";"";""
"16/03/2022";"1700";"";"";"";"";"";"";"";"";"";"";"";"";"";"";"";"";""
"16/03/2022";"1800";"";"";"";"";"";"";"";"";"";"";"";"";"";"";"";"";""
"16/03/2022";"1900";"";"";"";"";"";"";"";"";"";"";"";"";"";"";"";"";""
"16/03/2022";"2000";"";"";"";"";"";"";"";"";"";"";"";"";"";"";"";"";""
"16/03/2022";"2100";"";"";"";"";"";"";"";"";"";"";"";"";"";"";"";"";""
"16/03/2022";"2200";"";"";"";"";"";"";"";"";"";"";"";"";"";"";"";"";""
"16/03/2022";"2300";"";"";"";"";"";"";"";"";"";"";"";"";"";"";"";"";""
"17/03/2022";"0000";"";"";"";"";"";"";"";"";"";"";"";"";"";"";"";"";""
"17/03/2022";"0100";"";"";"";"";"";"";"";"";"";"";"";"";"";"";"";"";""
"17/03/2022";"0200";"";"";"";"";"";"";"";"";"";"";"";"";"";"";"";"";""
"17/03/2022";"0300";"";"";"";"";"";"";"";"";"";"";"";"";"";"";"";"";""
"17/03/2022";"0400";"";"";"";"";"";"";"";"";"";"";"";"";"";"";"";"";""
"17/03/2022";"0500";"";"";"";"";"";"";"";"";"";"";"";"";"";"";"";"";""
"17/03/2022";"0600";"";"";"";"";"";"";"";"";"";"";"";"";"";"";"";"";""
"17/03/2022";"0700";"";"";"";"";"";"";"";"";"";"";"";"";"";"";"";"";""
"17/03/2022";"0800";"";"";"";"";"";"";"";"";"";"";"";"";"";"";"";"";""
"17/03/2022";"0900";"";"";"";"";"";"";"";"";"";"";"";"";"";"";"";"";""
"17/03/2022";"1000";"";"";"";"";"";"";"";"";"";"";"";"";"";"";"";"";""
"17/03/2022";"1100";"";"";"";"";"";"";"";"";"";"";"";"";"";"";"";"";""
"17/03/2022";"1200";"";"";"";"";"";"";"";"";"";"";"";"";"";"";"";"";""
"17/03/2022";"1300";"";"";"";"";"";"";"";"";"";"";"";"";"";"";"";"";""
"17/03/2022";"1400";"";"";"";"";"";"";"";"";"";"";"";"";"";"";"";"";""
"17/03/2022";"1500";"";"";"";"";"";"";"";"";"";"";"";"";"";"";"";"";""
"17/03/2022";"1600";"";"";"";"";"";"";"";"";"";"";"";"";"";"";"";"";""
"17/03/2022";"1700";"";"";"";"";"";"";"";"";"";"";"";"";"";"";"";"";""
"17/03/2022";"1800";"";"";"";"";"";"";"";"";"";"";"";"";"";"";"";"";""
"17/03/2022";"1900";"";"";"";"";"";"";"";"";"";"";"";"";"";"";"";"";""
"17/03/2022";"2000";"";"";"";"";"";"";"";"";"";"";"";"";"";"";"";"";""
"17/03/2022";"2100";"";"";"";"";"";"";"";"";"";"";"";"";"";"";"";"";""
"17/03/2022";"2200";"";"";"";"";"";"";"";"";"";"";"";"";"";"";"";"";""
"17/03/2022";"2300";"";"";"";"";"";"";"";"";"";"";"";"";"";"";"";"";""
"18/03/2022";"0000";"";"";"";"";"";"";"";"";"";"";"";"";"";"";"";"";""
"18/03/2022";"0100";"";"";"";"";"";"";"";"";"";"";"";"";"";"";"";"";""
"18/03/2022";"0200";"";"";"";"";"";"";"";"";"";"";"";"";"";"";"";"";""
"18/03/2022";"0300";"";"";"";"";"";"";"";"";"";"";"";"";"";"";"";"";""
"18/03/2022";"0400";"";"";"";"";"";"";"";"";"";"";"";"";"";"";"";"";""
"18/03/2022";"0500";"";"";"";"";"";"";"";"";"";"";"";"";"";"";"";"";""
"18/03/2022";"0600";"";"";"";"";"";"";"";"";"";"";"";"";"";"";"";"";""
"18/03/2022";"0700";"";"";"";"";"";"";"";"";"";"";"";"";"";"";"";"";""
"18/03/2022";"0800";"";"";"";"";"";"";"";"";"";"";"";"";"";"";"";"";""
"18/03/2022";"0900";"";"";"";"";"";"";"";"";"";"";"";"";"";"";"";"";""
"18/03/2022";"1000";"";"";"";"";"";"";"";"";"";"";"";"";"";"";"";"";""
"18/03/2022";"1100";"";"";"";"";"";"";"";"";"";"";"";"";"";"";"";"";""
"18/03/2022";"1200";"";"";"";"";"";"";"";"";"";"";"";"";"";"";"";"";""
"18/03/2022";"1300";"";"";"";"";"";"";"";"";"";"";"";"";"";"";"";"";""
"18/03/2022";"1400";"";"";"";"";"";"";"";"";"";"";"";"";"";"";"";"";""
"18/03/2022";"1500";"";"";"";"";"";"";"";"";"";"";"";"";"";"";"";"";""
"18/03/2022";"1600";"";"";"";"";"";"";"";"";"";"";"";"";"";"";"";"";""
"18/03/2022";"1700";"";"";"";"";"";"";"";"";"";"";"";"";"";"";"";"";""
"18/03/2022";"1800";"";"";"";"";"";"";"";"";"";"";"";"";"";"";"";"";""
"18/03/2022";"1900";"";"";"";"";"";"";"";"";"";"";"";"";"";"";"";"";""
"18/03/2022";"2000";"";"";"";"";"";"";"";"";"";"";"";"";"";"";"";"";""
"18/03/2022";"2100";"";"";"";"";"";"";"";"";"";"";"";"";"";"";"";"";""
"18/03/2022";"2200";"";"";"";"";"";"";"";"";"";"";"";"";"";"";"";"";""
"18/03/2022";"2300";"";"";"";"";"";"";"";"";"";"";"";"";"";"";"";"";""
"19/03/2022";"0000";"";"";"";"";"";"";"";"";"";"";"";"";"";"";"";"";""
"19/03/2022";"0100";"";"";"";"";"";"";"";"";"";"";"";"";"";"";"";"";""
"19/03/2022";"0200";"";"";"";"";"";"";"";"";"";"";"";"";"";"";"";"";""
"19/03/2022";"0300";"";"";"";"";"";"";"";"";"";"";"";"";"";"";"";"";""
"19/03/2022";"0400";"";"";"";"";"";"";"";"";"";"";"";"";"";"";"";"";""
"19/03/2022";"0500";"";"";"";"";"";"";"";"";"";"";"";"";"";"";"";"";""
"19/03/2022";"0600";"";"";"";"";"";"";"";"";"";"";"";"";"";"";"";"";""
"19/03/2022";"0700";"";"";"";"";"";"";"";"";"";"";"";"";"";"";"";"";""
"19/03/2022";"0800";"";"";"";"";"";"";"";"";"";"";"";"";"";"";"";"";""
"19/03/2022";"0900";"";"";"";"";"";"";"";"";"";"";"";"";"";"";"";"";""
"19/03/2022";"1000";"";"";"";"";"";"";"";"";"";"";"";"";"";"";"";"";""
"19/03/2022";"1100";"";"";"";"";"";"";"";"";"";"";"";"";"";"";"";"";""
"19/03/2022";"1200";"";"";"";"";"";"";"";"";"";"";"";"";"";"";"";"";""
"19/03/2022";"1300";"";"";"";"";"";"";"";"";"";"";"";"";"";"";"";"";""
"19/03/2022";"1400";"";"";"";"";"";"";"";"";"";"";"";"";"";"";"";"";""
"19/03/2022";"1500";"";"";"";"";"";"";"";"";"";"";"";"";"";"";"";"";""
"19/03/2022";"1600";"";"";"";"";"";"";"";"";"";"";"";"";"";"";"";"";""
"19/03/2022";"1700";"";"";"";"";"";"";"";"";"";"";"";"";"";"";"";"";""
"19/03/2022";"1800";"";"";"";"";"";"";"";"";"";"";"";"";"";"";"";"";""
"19/03/2022";"1900";"";"";"";"";"";"";"";"";"";"";"";"";"";"";"";"";""
"19/03/2022";"2000";"";"";"";"";"";"";"";"";"";"";"";"";"";"";"";"";""
"19/03/2022";"2100";"";"";"";"";"";"";"";"";"";"";"";"";"";"";"";"";""
"19/03/2022";"2200";"";"";"";"";"";"";"";"";"";"";"";"";"";"";"";"";""
"19/03/2022";"2300";"";"";"";"";"";"";"";"";"";"";"";"";"";"";"";"";""
"20/03/2022";"0000";"";"";"";"";"";"";"";"";"";"";"";"";"";"";"";"";""
"20/03/2022";"0100";"";"";"";"";"";"";"";"";"";"";"";"";"";"";"";"";""
"20/03/2022";"0200";"";"";"";"";"";"";"";"";"";"";"";"";"";"";"";"";""
"20/03/2022";"0300";"";"";"";"";"";"";"";"";"";"";"";"";"";"";"";"";""
"20/03/2022";"0400";"";"";"";"";"";"";"";"";"";"";"";"";"";"";"";"";""
"20/03/2022";"0500";"";"";"";"";"";"";"";"";"";"";"";"";"";"";"";"";""
"20/03/2022";"0600";"";"";"";"";"";"";"";"";"";"";"";"";"";"";"";"";""
"20/03/2022";"0700";"";"";"";"";"";"";"";"";"";"";"";"";"";"";"";"";""
"20/03/2022";"0800";"";"";"";"";"";"";"";"";"";"";"";"";"";"";"";"";""
"20/03/2022";"0900";"";"";"";"";"";"";"";"";"";"";"";"";"";"";"";"";""
"20/03/2022";"1000";"";"";"";"";"";"";"";"";"";"";"";"";"";"";"";"";""
"20/03/2022";"1100";"";"";"";"";"";"";"";"";"";"";"";"";"";"";"";"";""
"20/03/2022";"1200";"";"";"";"";"";"";"";"";"";"";"";"";"";"";"";"";""
"20/03/2022";"1300";"";"";"";"";"";"";"";"";"";"";"";"";"";"";"";"";""
"20/03/2022";"1400";"";"";"";"";"";"";"";"";"";"";"";"";"";"";"";"";""
"20/03/2022";"1500";"";"";"";"";"";"";"";"";"";"";"";"";"";"";"";"";""
"20/03/2022";"1600";"";"";"";"";"";"";"";"";"";"";"";"";"";"";"";"";""
"20/03/2022";"1700";"";"";"";"";"";"";"";"";"";"";"";"";"";"";"";"";""
"20/03/2022";"1800";"";"";"";"";"";"";"";"";"";"";"";"";"";"";"";"";""
"20/03/2022";"1900";"";"";"";"";"";"";"";"";"";"";"";"";"";"";"";"";""
"20/03/2022";"2000";"";"";"";"";"";"";"";"";"";"";"";"";"";"";"";"";""
"20/03/2022";"2100";"";"";"";"";"";"";"";"";"";"";"";"";"";"";"";"";""
"20/03/2022";"2200";"";"";"";"";"";"";"";"";"";"";"";"";"";"";"";"";""
"20/03/2022";"2300";"";"";"";"";"";"";"";"";"";"";"";"";"";"";"";"";""
"21/03/2022";"0000";"";"";"";"";"";"";"";"";"";"";"";"";"";"";"";"";""
"21/03/2022";"0100";"";"";"";"";"";"";"";"";"";"";"";"";"";"";"";"";""
"21/03/2022";"0200";"";"";"";"";"";"";"";"";"";"";"";"";"";"";"";"";""
"21/03/2022";"0300";"";"";"";"";"";"";"";"";"";"";"";"";"";"";"";"";""
"21/03/2022";"0400";"";"";"";"";"";"";"";"";"";"";"";"";"";"";"";"";""
"21/03/2022";"0500";"";"";"";"";"";"";"";"";"";"";"";"";"";"";"";"";""
"21/03/2022";"0600";"";"";"";"";"";"";"";"";"";"";"";"";"";"";"";"";""
"21/03/2022";"0700";"";"";"";"";"";"";"";"";"";"";"";"";"";"";"";"";""
"21/03/2022";"0800";"";"";"";"";"";"";"";"";"";"";"";"";"";"";"";"";""
"21/03/2022";"0900";"";"";"";"";"";"";"";"";"";"";"";"";"";"";"";"";""
"21/03/2022";"1000";"";"";"";"";"";"";"";"";"";"";"";"";"";"";"";"";""
"21/03/2022";"1100";"";"";"";"";"";"";"";"";"";"";"";"";"";"";"";"";""
"21/03/2022";"1200";"";"";"";"";"";"";"";"";"";"";"";"";"";"";"";"";""
"21/03/2022";"1300";"";"";"";"";"";"";"";"";"";"";"";"";"";"";"";"";""
"21/03/2022";"1400";"";"";"";"";"";"";"";"";"";"";"";"";"";"";"";"";""
"21/03/2022";"1500";"";"";"";"";"";"";"";"";"";"";"";"";"";"";"";"";""
"21/03/2022";"1600";"";"";"";"";"";"";"";"";"";"";"";"";"";"";"";"";""
"21/03/2022";"1700";"";"";"";"";"";"";"";"";"";"";"";"";"";"";"";"";""
"21/03/2022";"1800";"";"";"";"";"";"";"";"";"";"";"";"";"";"";"";"";""
"21/03/2022";"1900";"";"";"";"";"";"";"";"";"";"";"";"";"";"";"";"";""
"21/03/2022";"2000";"";"";"";"";"";"";"";"";"";"";"";"";"";"";"";"";""
"21/03/2022";"2100";"";"";"";"";"";"";"";"";"";"";"";"";"";"";"";"";""
"21/03/2022";"2200";"";"";"";"";"";"";"";"";"";"";"";"";"";"";"";"";""
"21/03/2022";"2300";"";"";"";"";"";"";"";"";"";"";"";"";"";"";"";"";""
"22/03/2022";"0000";"";"";"";"";"";"";"";"";"";"";"";"";"";"";"";"";""
"22/03/2022";"0100";"";"";"";"";"";"";"";"";"";"";"";"";"";"";"";"";""
"22/03/2022";"0200";"";"";"";"";"";"";"";"";"";"";"";"";"";"";"";"";""
"22/03/2022";"0300";"";"";"";"";"";"";"";"";"";"";"";"";"";"";"";"";""
"22/03/2022";"0400";"";"";"";"";"";"";"";"";"";"";"";"";"";"";"";"";""
"22/03/2022";"0500";"";"";"";"";"";"";"";"";"";"";"";"";"";"";"";"";""
"22/03/2022";"0600";"";"";"";"";"";"";"";"";"";"";"";"";"";"";"";"";""
"22/03/2022";"0700";"";"";"";"";"";"";"";"";"";"";"";"";"";"";"";"";""
"22/03/2022";"0800";"";"";"";"";"";"";"";"";"";"";"";"";"";"";"";"";""
"22/03/2022";"0900";"";"";"";"";"";"";"";"";"";"";"";"";"";"";"";"";""
"22/03/2022";"1000";"";"";"";"";"";"";"";"";"";"";"";"";"";"";"";"";""
"22/03/2022";"1100";"";"";"";"";"";"";"";"";"";"";"";"";"";"";"";"";""
"22/03/2022";"1200";"";"";"";"";"";"";"";"";"";"";"";"";"";"";"";"";""
"22/03/2022";"1300";"";"";"";"";"";"";"";"";"";"";"";"";"";"";"";"";""
"22/03/2022";"1400";"";"";"";"";"";"";"";"";"";"";"";"";"";"";"";"";""
"22/03/2022";"1500";"";"";"";"";"";"";"";"";"";"";"";"";"";"";"";"";""
"22/03/2022";"1600";"";"";"";"";"";"";"";"";"";"";"";"";"";"";"";"";""
"22/03/2022";"1700";"";"";"";"";"";"";"";"";"";"";"";"";"";"";"";"";""
"22/03/2022";"1800";"";"";"";"";"";"";"";"";"";"";"";"";"";"";"";"";""
"22/03/2022";"1900";"";"";"";"";"";"";"";"";"";"";"";"";"";"";"";"";""
"22/03/2022";"2000";"";"";"";"";"";"";"";"";"";"";"";"";"";"";"";"";""
"22/03/2022";"2100";"";"";"";"";"";"";"";"";"";"";"";"";"";"";"";"";""
"22/03/2022";"2200";"";"";"";"";"";"";"";"";"";"";"";"";"";"";"";"";""
"22/03/2022";"2300";"";"";"";"";"";"";"";"";"";"";"";"";"";"";"";"";""
"23/03/2022";"0000";"";"";"";"";"";"";"";"";"";"";"";"";"";"";"";"";""
"23/03/2022";"0100";"";"";"";"";"";"";"";"";"";"";"";"";"";"";"";"";""
"23/03/2022";"0200";"";"";"";"";"";"";"";"";"";"";"";"";"";"";"";"";""
"23/03/2022";"0300";"";"";"";"";"";"";"";"";"";"";"";"";"";"";"";"";""
"23/03/2022";"0400";"";"";"";"";"";"";"";"";"";"";"";"";"";"";"";"";""
"23/03/2022";"0500";"";"";"";"";"";"";"";"";"";"";"";"";"";"";"";"";""
"23/03/2022";"0600";"";"";"";"";"";"";"";"";"";"";"";"";"";"";"";"";""
"23/03/2022";"0700";"";"";"";"";"";"";"";"";"";"";"";"";"";"";"";"";""
"23/03/2022";"0800";"";"";"";"";"";"";"";"";"";"";"";"";"";"";"";"";""
"23/03/2022";"0900";"";"";"";"";"";"";"";"";"";"";"";"";"";"";"";"";""
"23/03/2022";"1000";"";"";"";"";"";"";"";"";"";"";"";"";"";"";"";"";""
"23/03/2022";"1100";"";"";"";"";"";"";"";"";"";"";"";"";"";"";"";"";""
"23/03/2022";"1200";"";"";"";"";"";"";"";"";"";"";"";"";"";"";"";"";""
"23/03/2022";"1300";"";"";"";"";"";"";"";"";"";"";"";"";"";"";"";"";""
"23/03/2022";"1400";"";"";"";"";"";"";"";"";"";"";"";"";"";"";"";"";""
"23/03/2022";"1500";"";"";"";"";"";"";"";"";"";"";"";"";"";"";"";"";""
"23/03/2022";"1600";"";"";"";"";"";"";"";"";"";"";"";"";"";"";"";"";""
"23/03/2022";"1700";"";"";"";"";"";"";"";"";"";"";"";"";"";"";"";"";""
"23/03/2022";"1800";"";"";"";"";"";"";"";"";"";"";"";"";"";"";"";"";""
"23/03/2022";"1900";"";"";"";"";"";"";"";"";"";"";"";"";"";"";"";"";""
"23/03/2022";"2000";"";"";"";"";"";"";"";"";"";"";"";"";"";"";"";"";""
"23/03/2022";"2100";"";"";"";"";"";"";"";"";"";"";"";"";"";"";"";"";""
"23/03/2022";"2200";"";"";"";"";"";"";"";"";"";"";"";"";"";"";"";"";""
"23/03/2022";"2300";"";"";"";"";"";"";"";"";"";"";"";"";"";"";"";"";""
"24/03/2022";"0000";"";"";"";"";"";"";"";"";"";"";"";"";"";"";"";"";""
"24/03/2022";"0100";"";"";"";"";"";"";"";"";"";"";"";"";"";"";"";"";""
"24/03/2022";"0200";"";"";"";"";"";"";"";"";"";"";"";"";"";"";"";"";""
"24/03/2022";"0300";"";"";"";"";"";"";"";"";"";"";"";"";"";"";"";"";""
"24/03/2022";"0400";"";"";"";"";"";"";"";"";"";"";"";"";"";"";"";"";""
"24/03/2022";"0500";"";"";"";"";"";"";"";"";"";"";"";"";"";"";"";"";""
"24/03/2022";"0600";"";"";"";"";"";"";"";"";"";"";"";"";"";"";"";"";""
"24/03/2022";"0700";"";"";"";"";"";"";"";"";"";"";"";"";"";"";"";"";""
"24/03/2022";"0800";"";"";"";"";"";"";"";"";"";"";"";"";"";"";"";"";""
"24/03/2022";"0900";"";"";"";"";"";"";"";"";"";"";"";"";"";"";"";"";""
"24/03/2022";"1000";"";"";"";"";"";"";"";"";"";"";"";"";"";"";"";"";""
"24/03/2022";"1100";"";"";"";"";"";"";"";"";"";"";"";"";"";"";"";"";""
"24/03/2022";"1200";"";"";"";"";"";"";"";"";"";"";"";"";"";"";"";"";""
"24/03/2022";"1300";"";"";"";"";"";"";"";"";"";"";"";"";"";"";"";"";""
"24/03/2022";"1400";"";"";"";"";"";"";"";"";"";"";"";"";"";"";"";"";""
"24/03/2022";"1500";"";"";"";"";"";"";"";"";"";"";"";"";"";"";"";"";""
"24/03/2022";"1600";"";"";"";"";"";"";"";"";"";"";"";"";"";"";"";"";""
"24/03/2022";"1700";"";"";"";"";"";"";"";"";"";"";"";"";"";"";"";"";""
"24/03/2022";"1800";"";"";"";"";"";"";"";"";"";"";"";"";"";"";"";"";""
"24/03/2022";"1900";"";"";"";"";"";"";"";"";"";"";"";"";"";"";"";"";""
"24/03/2022";"2000";"";"";"";"";"";"";"";"";"";"";"";"";"";"";"";"";""
"24/03/2022";"2100";"";"";"";"";"";"";"";"";"";"";"";"";"";"";"";"";""
"24/03/2022";"2200";"";"";"";"";"";"";"";"";"";"";"";"";"";"";"";"";""
"24/03/2022";"2300";"";"";"";"";"";"";"";"";"";"";"";"";"";"";"";"";""
"25/03/2022";"0000";"";"";"";"";"";"";"";"";"";"";"";"";"";"";"";"";""
"25/03/2022";"0100";"";"";"";"";"";"";"";"";"";"";"";"";"";"";"";"";""
"25/03/2022";"0200";"";"";"";"";"";"";"";"";"";"";"";"";"";"";"";"";""
"25/03/2022";"0300";"";"";"";"";"";"";"";"";"";"";"";"";"";"";"";"";""
"25/03/2022";"0400";"";"";"";"";"";"";"";"";"";"";"";"";"";"";"";"";""
"25/03/2022";"0500";"";"";"";"";"";"";"";"";"";"";"";"";"";"";"";"";""
"25/03/2022";"0600";"";"";"";"";"";"";"";"";"";"";"";"";"";"";"";"";""
"25/03/2022";"0700";"";"";"";"";"";"";"";"";"";"";"";"";"";"";"";"";""
"25/03/2022";"0800";"";"";"";"";"";"";"";"";"";"";"";"";"";"";"";"";""
"25/03/2022";"0900";"";"";"";"";"";"";"";"";"";"";"";"";"";"";"";"";""
"25/03/2022";"1000";"";"";"";"";"";"";"";"";"";"";"";"";"";"";"";"";""
"25/03/2022";"1100";"";"";"";"";"";"";"";"";"";"";"";"";"";"";"";"";""
"25/03/2022";"1200";"";"";"";"";"";"";"";"";"";"";"";"";"";"";"";"";""
"25/03/2022";"1300";"";"";"";"";"";"";"";"";"";"";"";"";"";"";"";"";""
"25/03/2022";"1400";"";"";"";"";"";"";"";"";"";"";"";"";"";"";"";"";""
"25/03/2022";"1500";"";"";"";"";"";"";"";"";"";"";"";"";"";"";"";"";""
"25/03/2022";"1600";"";"";"";"";"";"";"";"";"";"";"";"";"";"";"";"";""
"25/03/2022";"1700";"";"";"";"";"";"";"";"";"";"";"";"";"";"";"";"";""
"25/03/2022";"1800";"";"";"";"";"";"";"";"";"";"";"";"";"";"";"";"";""
"25/03/2022";"1900";"";"";"";"";"";"";"";"";"";"";"";"";"";"";"";"";""
"25/03/2022";"2000";"";"";"";"";"";"";"";"";"";"";"";"";"";"";"";"";""
"25/03/2022";"2100";"";"";"";"";"";"";"";"";"";"";"";"";"";"";"";"";""
"25/03/2022";"2200";"";"";"";"";"";"";"";"";"";"";"";"";"";"";"";"";""
"25/03/2022";"2300";"";"";"";"";"";"";"";"";"";"";"";"";"";"";"";"";""
"26/03/2022";"0000";"";"";"";"";"";"";"";"";"";"";"";"";"";"";"";"";""
"26/03/2022";"0100";"";"";"";"";"";"";"";"";"";"";"";"";"";"";"";"";""
"26/03/2022";"0200";"";"";"";"";"";"";"";"";"";"";"";"";"";"";"";"";""
"26/03/2022";"0300";"";"";"";"";"";"";"";"";"";"";"";"";"";"";"";"";""
"26/03/2022";"0400";"";"";"";"";"";"";"";"";"";"";"";"";"";"";"";"";""
"26/03/2022";"0500";"";"";"";"";"";"";"";"";"";"";"";"";"";"";"";"";""
"26/03/2022";"0600";"";"";"";"";"";"";"";"";"";"";"";"";"";"";"";"";""
"26/03/2022";"0700";"";"";"";"";"";"";"";"";"";"";"";"";"";"";"";"";""
"26/03/2022";"0800";"";"";"";"";"";"";"";"";"";"";"";"";"";"";"";"";""
"26/03/2022";"0900";"";"";"";"";"";"";"";"";"";"";"";"";"";"";"";"";""
"26/03/2022";"1000";"";"";"";"";"";"";"";"";"";"";"";"";"";"";"";"";""
"26/03/2022";"1100";"";"";"";"";"";"";"";"";"";"";"";"";"";"";"";"";""
"26/03/2022";"1200";"";"";"";"";"";"";"";"";"";"";"";"";"";"";"";"";""
"26/03/2022";"1300";"";"";"";"";"";"";"";"";"";"";"";"";"";"";"";"";""
"26/03/2022";"1400";"";"";"";"";"";"";"";"";"";"";"";"";"";"";"";"";""
"26/03/2022";"1500";"";"";"";"";"";"";"";"";"";"";"";"";"";"";"";"";""
"26/03/2022";"1600";"";"";"";"";"";"";"";"";"";"";"";"";"";"";"";"";""
"26/03/2022";"1700";"";"";"";"";"";"";"";"";"";"";"";"";"";"";"";"";""
"26/03/2022";"1800";"";"";"";"";"";"";"";"";"";"";"";"";"";"";"";"";""
"26/03/2022";"1900";"";"";"";"";"";"";"";"";"";"";"";"";"";"";"";"";""
"26/03/2022";"2000";"";"";"";"";"";"";"";"";"";"";"";"";"";"";"";"";""
"26/03/2022";"2100";"";"";"";"";"";"";"";"";"";"";"";"";"";"";"";"";""
"26/03/2022";"2200";"";"";"";"";"";"";"";"";"";"";"";"";"";"";"";"";""
"26/03/2022";"2300";"";"";"";"";"";"";"";"";"";"";"";"";"";"";"";"";""
"27/03/2022";"0000";"";"";"";"";"";"";"";"";"";"";"";"";"";"";"";"";""
"27/03/2022";"0100";"";"";"";"";"";"";"";"";"";"";"";"";"";"";"";"";""
"27/03/2022";"0200";"";"";"";"";"";"";"";"";"";"";"";"";"";"";"";"";""
"27/03/2022";"0300";"";"";"";"";"";"";"";"";"";"";"";"";"";"";"";"";""
"27/03/2022";"0400";"";"";"";"";"";"";"";"";"";"";"";"";"";"";"";"";""
"27/03/2022";"0500";"";"";"";"";"";"";"";"";"";"";"";"";"";"";"";"";""
"27/03/2022";"0600";"";"";"";"";"";"";"";"";"";"";"";"";"";"";"";"";""
"27/03/2022";"0700";"";"";"";"";"";"";"";"";"";"";"";"";"";"";"";"";""
"27/03/2022";"0800";"";"";"";"";"";"";"";"";"";"";"";"";"";"";"";"";""
"27/03/2022";"0900";"";"";"";"";"";"";"";"";"";"";"";"";"";"";"";"";""
"27/03/2022";"1000";"";"";"";"";"";"";"";"";"";"";"";"";"";"";"";"";""
"27/03/2022";"1100";"";"";"";"";"";"";"";"";"";"";"";"";"";"";"";"";""
"27/03/2022";"1200";"";"";"";"";"";"";"";"";"";"";"";"";"";"";"";"";""
"27/03/2022";"1300";"";"";"";"";"";"";"";"";"";"";"";"";"";"";"";"";""
"27/03/2022";"1400";"";"";"";"";"";"";"";"";"";"";"";"";"";"";"";"";""
"27/03/2022";"1500";"";"";"";"";"";"";"";"";"";"";"";"";"";"";"";"";""
"27/03/2022";"1600";"";"";"";"";"";"";"";"";"";"";"";"";"";"";"";"";""
"27/03/2022";"1700";"";"";"";"";"";"";"";"";"";"";"";"";"";"";"";"";""
"27/03/2022";"1800";"";"";"";"";"";"";"";"";"";"";"";"";"";"";"";"";""
"27/03/2022";"1900";"";"";"";"";"";"";"";"";"";"";"";"";"";"";"";"";""
"27/03/2022";"2000";"";"";"";"";"";"";"";"";"";"";"";"";"";"";"";"";""
"27/03/2022";"2100";"";"";"";"";"";"";"";"";"";"";"";"";"";"";"";"";""
"27/03/2022";"2200";"";"";"";"";"";"";"";"";"";"";"";"";"";"";"";"";""
"27/03/2022";"2300";"";"";"";"";"";"";"";"";"";"";"";"";"";"";"";"";""
"28/03/2022";"0000";"";"";"";"";"";"";"";"";"";"";"";"";"";"";"";"";""
"28/03/2022";"0100";"";"";"";"";"";"";"";"";"";"";"";"";"";"";"";"";""
"28/03/2022";"0200";"";"";"";"";"";"";"";"";"";"";"";"";"";"";"";"";""
"28/03/2022";"0300";"";"";"";"";"";"";"";"";"";"";"";"";"";"";"";"";""
"28/03/2022";"0400";"";"";"";"";"";"";"";"";"";"";"";"";"";"";"";"";""
"28/03/2022";"0500";"";"";"";"";"";"";"";"";"";"";"";"";"";"";"";"";""
"28/03/2022";"0600";"";"";"";"";"";"";"";"";"";"";"";"";"";"";"";"";""
"28/03/2022";"0700";"";"";"";"";"";"";"";"";"";"";"";"";"";"";"";"";""
"28/03/2022";"0800";"";"";"";"";"";"";"";"";"";"";"";"";"";"";"";"";""
"28/03/2022";"0900";"";"";"";"";"";"";"";"";"";"";"";"";"";"";"";"";""
"28/03/2022";"1000";"";"";"";"";"";"";"";"";"";"";"";"";"";"";"";"";""
"28/03/2022";"1100";"";"";"";"";"";"";"";"";"";"";"";"";"";"";"";"";""
"28/03/2022";"1200";"";"";"";"";"";"";"";"";"";"";"";"";"";"";"";"";""
"28/03/2022";"1300";"";"";"";"";"";"";"";"";"";"";"";"";"";"";"";"";""
"28/03/2022";"1400";"";"";"";"";"";"";"";"";"";"";"";"";"";"";"";"";""
"28/03/2022";"1500";"";"";"";"";"";"";"";"";"";"";"";"";"";"";"";"";""
"28/03/2022";"1600";"";"";"";"";"";"";"";"";"";"";"";"";"";"";"";"";""
"28/03/2022";"1700";"";"";"";"";"";"";"";"";"";"";"";"";"";"";"";"";""
"28/03/2022";"1800";"";"";"";"";"";"";"";"";"";"";"";"";"";"";"";"";""
"28/03/2022";"1900";"";"";"";"";"";"";"";"";"";"";"";"";"";"";"";"";""
"28/03/2022";"2000";"";"";"";"";"";"";"";"";"";"";"";"";"";"";"";"";""
"28/03/2022";"2100";"";"";"";"";"";"";"";"";"";"";"";"";"";"";"";"";""
"28/03/2022";"2200";"";"";"";"";"";"";"";"";"";"";"";"";"";"";"";"";""
"28/03/2022";"2300";"";"";"";"";"";"";"";"";"";"";"";"";"";"";"";"";""
"29/03/2022";"0000";"";"";"";"";"";"";"";"";"";"";"";"";"";"";"";"";""
"29/03/2022";"0100";"";"";"";"";"";"";"";"";"";"";"";"";"";"";"";"";""
"29/03/2022";"0200";"";"";"";"";"";"";"";"";"";"";"";"";"";"";"";"";""
"29/03/2022";"0300";"";"";"";"";"";"";"";"";"";"";"";"";"";"";"";"";""
"29/03/2022";"0400";"";"";"";"";"";"";"";"";"";"";"";"";"";"";"";"";""
"29/03/2022";"0500";"";"";"";"";"";"";"";"";"";"";"";"";"";"";"";"";""
"29/03/2022";"0600";"";"";"";"";"";"";"";"";"";"";"";"";"";"";"";"";""
"29/03/2022";"0700";"";"";"";"";"";"";"";"";"";"";"";"";"";"";"";"";""
"29/03/2022";"0800";"";"";"";"";"";"";"";"";"";"";"";"";"";"";"";"";""
"29/03/2022";"0900";"";"";"";"";"";"";"";"";"";"";"";"";"";"";"";"";""
"29/03/2022";"1000";"";"";"";"";"";"";"";"";"";"";"";"";"";"";"";"";""
"29/03/2022";"1100";"";"";"";"";"";"";"";"";"";"";"";"";"";"";"";"";""
"29/03/2022";"1200";"";"";"";"";"";"";"";"";"";"";"";"";"";"";"";"";""
"29/03/2022";"1300";"";"";"";"";"";"";"";"";"";"";"";"";"";"";"";"";""
"29/03/2022";"1400";"";"";"";"";"";"";"";"";"";"";"";"";"";"";"";"";""
"29/03/2022";"1500";"";"";"";"";"";"";"";"";"";"";"";"";"";"";"";"";""
"29/03/2022";"1600";"";"";"";"";"";"";"";"";"";"";"";"";"";"";"";"";""
"29/03/2022";"1700";"";"";"";"";"";"";"";"";"";"";"";"";"";"";"";"";""
"29/03/2022";"1800";"";"";"";"";"";"";"";"";"";"";"";"";"";"";"";"";""
"29/03/2022";"1900";"";"";"";"";"";"";"";"";"";"";"";"";"";"";"";"";""
"29/03/2022";"2000";"";"";"";"";"";"";"";"";"";"";"";"";"";"";"";"";""
"29/03/2022";"2100";"";"";"";"";"";"";"";"";"";"";"";"";"";"";"";"";""
"29/03/2022";"2200";"";"";"";"";"";"";"";"";"";"";"";"";"";"";"";"";""
"29/03/2022";"2300";"";"";"";"";"";"";"";"";"";"";"";"";"";"";"";"";""
"30/03/2022";"0000";"";"";"";"";"";"";"";"";"";"";"";"";"";"";"";"";""
"30/03/2022";"0100";"";"";"";"";"";"";"";"";"";"";"";"";"";"";"";"";""
"30/03/2022";"0200";"";"";"";"";"";"";"";"";"";"";"";"";"";"";"";"";""
"30/03/2022";"0300";"";"";"";"";"";"";"";"";"";"";"";"";"";"";"";"";""
"30/03/2022";"0400";"";"";"";"";"";"";"";"";"";"";"";"";"";"";"";"";""
"30/03/2022";"0500";"";"";"";"";"";"";"";"";"";"";"";"";"";"";"";"";""
"30/03/2022";"0600";"";"";"";"";"";"";"";"";"";"";"";"";"";"";"";"";""
"30/03/2022";"0700";"";"";"";"";"";"";"";"";"";"";"";"";"";"";"";"";""
"30/03/2022";"0800";"";"";"";"";"";"";"";"";"";"";"";"";"";"";"";"";""
"30/03/2022";"0900";"";"";"";"";"";"";"";"";"";"";"";"";"";"";"";"";""
"30/03/2022";"1000";"";"";"";"";"";"";"";"";"";"";"";"";"";"";"";"";""
"30/03/2022";"1100";"";"";"";"";"";"";"";"";"";"";"";"";"";"";"";"";""
"30/03/2022";"1200";"";"";"";"";"";"";"";"";"";"";"";"";"";"";"";"";""
"30/03/2022";"1300";"";"";"";"";"";"";"";"";"";"";"";"";"";"";"";"";""
"30/03/2022";"1400";"";"";"";"";"";"";"";"";"";"";"";"";"";"";"";"";""
"30/03/2022";"1500";"";"";"";"";"";"";"";"";"";"";"";"";"";"";"";"";""
"30/03/2022";"1600";"";"";"";"";"";"";"";"";"";"";"";"";"";"";"";"";""
"30/03/2022";"1700";"";"";"";"";"";"";"";"";"";"";"";"";"";"";"";"";""
"30/03/2022";"1800";"";"";"";"";"";"";"";"";"";"";"";"";"";"";"";"";""
"30/03/2022";"1900";"";"";"";"";"";"";"";"";"";"";"";"";"";"";"";"";""
"30/03/2022";"2000";"";"";"";"";"";"";"";"";"";"";"";"";"";"";"";"";""
"30/03/2022";"2100";"";"";"";"";"";"";"";"";"";"";"";"";"";"";"";"";""
"30/03/2022";"2200";"";"";"";"";"";"";"";"";"";"";"";"";"";"";"";"";""
"30/03/2022";"2300";"";"";"";"";"";"";"";"";"";"";"";"";"";"";"";"";""
"31/03/2022";"0000";"";"";"";"";"";"";"";"";"";"";"";"";"";"";"";"";""
"31/03/2022";"0100";"";"";"";"";"";"";"";"";"";"";"";"";"";"";"";"";""
"31/03/2022";"0200";"";"";"";"";"";"";"";"";"";"";"";"";"";"";"";"";""
"31/03/2022";"0300";"";"";"";"";"";"";"";"";"";"";"";"";"";"";"";"";""
"31/03/2022";"0400";"";"";"";"";"";"";"";"";"";"";"";"";"";"";"";"";""
"31/03/2022";"0500";"";"";"";"";"";"";"";"";"";"";"";"";"";"";"";"";""
"31/03/2022";"0600";"";"";"";"";"";"";"";"";"";"";"";"";"";"";"";"";""
"31/03/2022";"0700";"";"";"";"";"";"";"";"";"";"";"";"";"";"";"";"";""
"31/03/2022";"0800";"";"";"";"";"";"";"";"";"";"";"";"";"";"";"";"";""
"31/03/2022";"0900";"";"";"";"";"";"";"";"";"";"";"";"";"";"";"";"";""
"31/03/2022";"1000";"";"";"";"";"";"";"";"";"";"";"";"";"";"";"";"";""
"31/03/2022";"1100";"";"";"";"";"";"";"";"";"";"";"";"";"";"";"";"";""
"31/03/2022";"1200";"";"";"";"";"";"";"";"";"";"";"";"";"";"";"";"";""
"31/03/2022";"1300";"";"";"";"";"";"";"";"";"";"";"";"";"";"";"";"";""
"31/03/2022";"1400";"";"";"";"";"";"";"";"";"";"";"";"";"";"";"";"";""
"31/03/2022";"1500";"";"";"";"";"";"";"";"";"";"";"";"";"";"";"";"";""
"31/03/2022";"1600";"";"";"";"";"";"";"";"";"";"";"";"";"";"";"";"";""
"31/03/2022";"1700";"";"";"";"";"";"";"";"";"";"";"";"";"";"";"";"";""
"31/03/2022";"1800";"";"";"";"";"";"";"";"";"";"";"";"";"";"";"";"";""
"31/03/2022";"1900";"";"";"";"";"";"";"";"";"";"";"";"";"";"";"";"";""
"31/03/2022";"2000";"";"";"";"";"";"";"";"";"";"";"";"";"";"";"";"";""
"31/03/2022";"2100";"";"";"";"";"";"";"";"";"";"";"";"";"";"";"";"";""
"31/03/2022";"2200";"";"";"";"";"";"";"";"";"";"";"";"";"";"";"";"";""
"31/03/2022";"2300";"";"";"";"";"";"";"";"";"";"";"";"";"";"";"";"";""
"01/04/2022";"0000";"";"";"";"";"";"";"";"";"";"";"";"";"";"";"";"";""
"01/04/2022";"0100";"";"";"";"";"";"";"";"";"";"";"";"";"";"";"";"";""
"01/04/2022";"0200";"";"";"";"";"";"";"";"";"";"";"";"";"";"";"";"";""
"01/04/2022";"0300";"";"";"";"";"";"";"";"";"";"";"";"";"";"";"";"";""
"01/04/2022";"0400";"";"";"";"";"";"";"";"";"";"";"";"";"";"";"";"";""
"01/04/2022";"0500";"";"";"";"";"";"";"";"";"";"";"";"";"";"";"";"";""
"01/04/2022";"0600";"";"";"";"";"";"";"";"";"";"";"";"";"";"";"";"";""
"01/04/2022";"0700";"";"";"";"";"";"";"";"";"";"";"";"";"";"";"";"";""
"01/04/2022";"0800";"";"";"";"";"";"";"";"";"";"";"";"";"";"";"";"";""
"01/04/2022";"0900";"";"";"";"";"";"";"";"";"";"";"";"";"";"";"";"";""
"01/04/2022";"1000";"";"";"";"";"";"";"";"";"";"";"";"";"";"";"";"";""
"01/04/2022";"1100";"";"";"";"";"";"";"";"";"";"";"";"";"";"";"";"";""
"01/04/2022";"1200";"";"";"";"";"";"";"";"";"";"";"";"";"";"";"";"";""
"01/04/2022";"1300";"";"";"";"";"";"";"";"";"";"";"";"";"";"";"";"";""
"01/04/2022";"1400";"";"";"";"";"";"";"";"";"";"";"";"";"";"";"";"";""
"01/04/2022";"1500";"";"";"";"";"";"";"";"";"";"";"";"";"";"";"";"";""
"01/04/2022";"1600";"";"";"";"";"";"";"";"";"";"";"";"";"";"";"";"";""
"01/04/2022";"1700";"";"";"";"";"";"";"";"";"";"";"";"";"";"";"";"";""
"01/04/2022";"1800";"";"";"";"";"";"";"";"";"";"";"";"";"";"";"";"";""
"01/04/2022";"1900";"";"";"";"";"";"";"";"";"";"";"";"";"";"";"";"";""
"01/04/2022";"2000";"";"";"";"";"";"";"";"";"";"";"";"";"";"";"";"";""
"01/04/2022";"2100";"";"";"";"";"";"";"";"";"";"";"";"";"";"";"";"";""
"01/04/2022";"2200";"";"";"";"";"";"";"";"";"";"";"";"";"";"";"";"";""
"01/04/2022";"2300";"";"";"";"";"";"";"";"";"";"";"";"";"";"";"";"";""
"02/04/2022";"0000";"";"";"";"";"";"";"";"";"";"";"";"";"";"";"";"";""
"02/04/2022";"0100";"";"";"";"";"";"";"";"";"";"";"";"";"";"";"";"";""
"02/04/2022";"0200";"";"";"";"";"";"";"";"";"";"";"";"";"";"";"";"";""
"02/04/2022";"0300";"";"";"";"";"";"";"";"";"";"";"";"";"";"";"";"";""
"02/04/2022";"0400";"";"";"";"";"";"";"";"";"";"";"";"";"";"";"";"";""
"02/04/2022";"0500";"";"";"";"";"";"";"";"";"";"";"";"";"";"";"";"";""
"02/04/2022";"0600";"";"";"";"";"";"";"";"";"";"";"";"";"";"";"";"";""
"02/04/2022";"0700";"";"";"";"";"";"";"";"";"";"";"";"";"";"";"";"";""
"02/04/2022";"0800";"";"";"";"";"";"";"";"";"";"";"";"";"";"";"";"";""
"02/04/2022";"0900";"";"";"";"";"";"";"";"";"";"";"";"";"";"";"";"";""
"02/04/2022";"1000";"";"";"";"";"";"";"";"";"";"";"";"";"";"";"";"";""
"02/04/2022";"1100";"";"";"";"";"";"";"";"";"";"";"";"";"";"";"";"";""
"02/04/2022";"1200";"";"";"";"";"";"";"";"";"";"";"";"";"";"";"";"";""
"02/04/2022";"1300";"";"";"";"";"";"";"";"";"";"";"";"";"";"";"";"";""
"02/04/2022";"1400";"";"";"";"";"";"";"";"";"";"";"";"";"";"";"";"";""
"02/04/2022";"1500";"";"";"";"";"";"";"";"";"";"";"";"";"";"";"";"";""
"02/04/2022";"1600";"";"";"";"";"";"";"";"";"";"";"";"";"";"";"";"";""
"02/04/2022";"1700";"";"";"";"";"";"";"";"";"";"";"";"";"";"";"";"";""
"02/04/2022";"1800";"";"";"";"";"";"";"";"";"";"";"";"";"";"";"";"";""
"02/04/2022";"1900";"";"";"";"";"";"";"";"";"";"";"";"";"";"";"";"";""
"02/04/2022";"2000";"";"";"";"";"";"";"";"";"";"";"";"";"";"";"";"";""
"02/04/2022";"2100";"";"";"";"";"";"";"";"";"";"";"";"";"";"";"";"";""
"02/04/2022";"2200";"";"";"";"";"";"";"";"";"";"";"";"";"";"";"";"";""
"02/04/2022";"2300";"";"";"";"";"";"";"";"";"";"";"";"";"";"";"";"";""
"03/04/2022";"0000";"";"";"";"";"";"";"";"";"";"";"";"";"";"";"";"";""
"03/04/2022";"0100";"";"";"";"";"";"";"";"";"";"";"";"";"";"";"";"";""
"03/04/2022";"0200";"";"";"";"";"";"";"";"";"";"";"";"";"";"";"";"";""
"03/04/2022";"0300";"";"";"";"";"";"";"";"";"";"";"";"";"";"";"";"";""
"03/04/2022";"0400";"";"";"";"";"";"";"";"";"";"";"";"";"";"";"";"";""
"03/04/2022";"0500";"";"";"";"";"";"";"";"";"";"";"";"";"";"";"";"";""
"03/04/2022";"0600";"";"";"";"";"";"";"";"";"";"";"";"";"";"";"";"";""
"03/04/2022";"0700";"";"";"";"";"";"";"";"";"";"";"";"";"";"";"";"";""
"03/04/2022";"0800";"";"";"";"";"";"";"";"";"";"";"";"";"";"";"";"";""
"03/04/2022";"0900";"";"";"";"";"";"";"";"";"";"";"";"";"";"";"";"";""
"03/04/2022";"1000";"";"";"";"";"";"";"";"";"";"";"";"";"";"";"";"";""
"03/04/2022";"1100";"";"";"";"";"";"";"";"";"";"";"";"";"";"";"";"";""
"03/04/2022";"1200";"";"";"";"";"";"";"";"";"";"";"";"";"";"";"";"";""
"03/04/2022";"1300";"";"";"";"";"";"";"";"";"";"";"";"";"";"";"";"";""
"03/04/2022";"1400";"";"";"";"";"";"";"";"";"";"";"";"";"";"";"";"";""
"03/04/2022";"1500";"";"";"";"";"";"";"";"";"";"";"";"";"";"";"";"";""
"03/04/2022";"1600";"";"";"";"";"";"";"";"";"";"";"";"";"";"";"";"";""
"03/04/2022";"1700";"";"";"";"";"";"";"";"";"";"";"";"";"";"";"";"";""
"03/04/2022";"1800";"";"";"";"";"";"";"";"";"";"";"";"";"";"";"";"";""
"03/04/2022";"1900";"";"";"";"";"";"";"";"";"";"";"";"";"";"";"";"";""
"03/04/2022";"2000";"";"";"";"";"";"";"";"";"";"";"";"";"";"";"";"";""
"03/04/2022";"2100";"";"";"";"";"";"";"";"";"";"";"";"";"";"";"";"";""
"03/04/2022";"2200";"";"";"";"";"";"";"";"";"";"";"";"";"";"";"";"";""
"03/04/2022";"2300";"";"";"";"";"";"";"";"";"";"";"";"";"";"";"";"";""
"04/04/2022";"0000";"";"";"";"";"";"";"";"";"";"";"";"";"";"";"";"";""
"04/04/2022";"0100";"";"";"";"";"";"";"";"";"";"";"";"";"";"";"";"";""
"04/04/2022";"0200";"";"";"";"";"";"";"";"";"";"";"";"";"";"";"";"";""
"04/04/2022";"0300";"";"";"";"";"";"";"";"";"";"";"";"";"";"";"";"";""
"04/04/2022";"0400";"";"";"";"";"";"";"";"";"";"";"";"";"";"";"";"";""
"04/04/2022";"0500";"";"";"";"";"";"";"";"";"";"";"";"";"";"";"";"";""
"04/04/2022";"0600";"";"";"";"";"";"";"";"";"";"";"";"";"";"";"";"";""
"04/04/2022";"0700";"";"";"";"";"";"";"";"";"";"";"";"";"";"";"";"";""
"04/04/2022";"0800";"";"";"";"";"";"";"";"";"";"";"";"";"";"";"";"";""
"04/04/2022";"0900";"";"";"";"";"";"";"";"";"";"";"";"";"";"";"";"";""
"04/04/2022";"1000";"";"";"";"";"";"";"";"";"";"";"";"";"";"";"";"";""
"04/04/2022";"1100";"";"";"";"";"";"";"";"";"";"";"";"";"";"";"";"";""
"04/04/2022";"1200";"";"";"";"";"";"";"";"";"";"";"";"";"";"";"";"";""
"04/04/2022";"1300";"";"";"";"";"";"";"";"";"";"";"";"";"";"";"";"";""
"04/04/2022";"1400";"";"";"";"";"";"";"";"";"";"";"";"";"";"";"";"";""
"04/04/2022";"1500";"";"";"";"";"";"";"";"";"";"";"";"";"";"";"";"";""
"04/04/2022";"1600";"";"";"";"";"";"";"";"";"";"";"";"";"";"";"";"";""
"04/04/2022";"1700";"";"";"";"";"";"";"";"";"";"";"";"";"";"";"";"";""
"04/04/2022";"1800";"";"";"";"";"";"";"";"";"";"";"";"";"";"";"";"";""
"04/04/2022";"1900";"";"";"";"";"";"";"";"";"";"";"";"";"";"";"";"";""
"04/04/2022";"2000";"";"";"";"";"";"";"";"";"";"";"";"";"";"";"";"";""
"04/04/2022";"2100";"";"";"";"";"";"";"";"";"";"";"";"";"";"";"";"";""
"04/04/2022";"2200";"";"";"";"";"";"";"";"";"";"";"";"";"";"";"";"";""
"04/04/2022";"2300";"";"";"";"";"";"";"";"";"";"";"";"";"";"";"";"";""
"05/04/2022";"0000";"";"";"";"";"";"";"";"";"";"";"";"";"";"";"";"";""
"05/04/2022";"0100";"";"";"";"";"";"";"";"";"";"";"";"";"";"";"";"";""
"05/04/2022";"0200";"";"";"";"";"";"";"";"";"";"";"";"";"";"";"";"";""
"05/04/2022";"0300";"";"";"";"";"";"";"";"";"";"";"";"";"";"";"";"";""
"05/04/2022";"0400";"";"";"";"";"";"";"";"";"";"";"";"";"";"";"";"";""
"05/04/2022";"0500";"";"";"";"";"";"";"";"";"";"";"";"";"";"";"";"";""
"05/04/2022";"0600";"";"";"";"";"";"";"";"";"";"";"";"";"";"";"";"";""
"05/04/2022";"0700";"";"";"";"";"";"";"";"";"";"";"";"";"";"";"";"";""
"05/04/2022";"0800";"";"";"";"";"";"";"";"";"";"";"";"";"";"";"";"";""
"05/04/2022";"0900";"";"";"";"";"";"";"";"";"";"";"";"";"";"";"";"";""
"05/04/2022";"1000";"";"";"";"";"";"";"";"";"";"";"";"";"";"";"";"";""
"05/04/2022";"1100";"";"";"";"";"";"";"";"";"";"";"";"";"";"";"";"";""
"05/04/2022";"1200";"";"";"";"";"";"";"";"";"";"";"";"";"";"";"";"";""
"05/04/2022";"1300";"";"";"";"";"";"";"";"";"";"";"";"";"";"";"";"";""
"05/04/2022";"1400";"";"";"";"";"";"";"";"";"";"";"";"";"";"";"";"";""
"05/04/2022";"1500";"";"";"";"";"";"";"";"";"";"";"";"";"";"";"";"";""
"05/04/2022";"1600";"";"";"";"";"";"";"";"";"";"";"";"";"";"";"";"";""
"05/04/2022";"1700";"";"";"";"";"";"";"";"";"";"";"";"";"";"";"";"";""
"05/04/2022";"1800";"";"";"";"";"";"";"";"";"";"";"";"";"";"";"";"";""
"05/04/2022";"1900";"";"";"";"";"";"";"";"";"";"";"";"";"";"";"";"";""
"05/04/2022";"2000";"";"";"";"";"";"";"";"";"";"";"";"";"";"";"";"";""
"05/04/2022";"2100";"";"";"";"";"";"";"";"";"";"";"";"";"";"";"";"";""
"05/04/2022";"2200";"";"";"";"";"";"";"";"";"";"";"";"";"";"";"";"";""
"05/04/2022";"2300";"";"";"";"";"";"";"";"";"";"";"";"";"";"";"";"";""
"06/04/2022";"0000";"";"";"";"";"";"";"";"";"";"";"";"";"";"";"";"";""
"06/04/2022";"0100";"";"";"";"";"";"";"";"";"";"";"";"";"";"";"";"";""
"06/04/2022";"0200";"";"";"";"";"";"";"";"";"";"";"";"";"";"";"";"";""
"06/04/2022";"0300";"";"";"";"";"";"";"";"";"";"";"";"";"";"";"";"";""
"06/04/2022";"0400";"";"";"";"";"";"";"";"";"";"";"";"";"";"";"";"";""
"06/04/2022";"0500";"";"";"";"";"";"";"";"";"";"";"";"";"";"";"";"";""
"06/04/2022";"0600";"";"";"";"";"";"";"";"";"";"";"";"";"";"";"";"";""
"06/04/2022";"0700";"";"";"";"";"";"";"";"";"";"";"";"";"";"";"";"";""
"06/04/2022";"0800";"";"";"";"";"";"";"";"";"";"";"";"";"";"";"";"";""
"06/04/2022";"0900";"";"";"";"";"";"";"";"";"";"";"";"";"";"";"";"";""
"06/04/2022";"1000";"";"";"";"";"";"";"";"";"";"";"";"";"";"";"";"";""
"06/04/2022";"1100";"";"";"";"";"";"";"";"";"";"";"";"";"";"";"";"";""
"06/04/2022";"1200";"";"";"";"";"";"";"";"";"";"";"";"";"";"";"";"";""
"06/04/2022";"1300";"";"";"";"";"";"";"";"";"";"";"";"";"";"";"";"";""
"06/04/2022";"1400";"";"";"";"";"";"";"";"";"";"";"";"";"";"";"";"";""
"06/04/2022";"1500";"";"";"";"";"";"";"";"";"";"";"";"";"";"";"";"";""
"06/04/2022";"1600";"";"";"";"";"";"";"";"";"";"";"";"";"";"";"";"";""
"06/04/2022";"1700";"";"";"";"";"";"";"";"";"";"";"";"";"";"";"";"";""
"06/04/2022";"1800";"";"";"";"";"";"";"";"";"";"";"";"";"";"";"";"";""
"06/04/2022";"1900";"";"";"";"";"";"";"";"";"";"";"";"";"";"";"";"";""
"06/04/2022";"2000";"";"";"";"";"";"";"";"";"";"";"";"";"";"";"";"";""
"06/04/2022";"2100";"";"";"";"";"";"";"";"";"";"";"";"";"";"";"";"";""
"06/04/2022";"2200";"";"";"";"";"";"";"";"";"";"";"";"";"";"";"";"";""
"06/04/2022";"2300";"";"";"";"";"";"";"";"";"";"";"";"";"";"";"";"";""
"07/04/2022";"0000";"";"";"";"";"";"";"";"";"";"";"";"";"";"";"";"";""
"07/04/2022";"0100";"";"";"";"";"";"";"";"";"";"";"";"";"";"";"";"";""
"07/04/2022";"0200";"";"";"";"";"";"";"";"";"";"";"";"";"";"";"";"";""
"07/04/2022";"0300";"";"";"";"";"";"";"";"";"";"";"";"";"";"";"";"";""
"07/04/2022";"0400";"";"";"";"";"";"";"";"";"";"";"";"";"";"";"";"";""
"07/04/2022";"0500";"";"";"";"";"";"";"";"";"";"";"";"";"";"";"";"";""
"07/04/2022";"0600";"";"";"";"";"";"";"";"";"";"";"";"";"";"";"";"";""
"07/04/2022";"0700";"";"";"";"";"";"";"";"";"";"";"";"";"";"";"";"";""
"07/04/2022";"0800";"";"";"";"";"";"";"";"";"";"";"";"";"";"";"";"";""
"07/04/2022";"0900";"";"";"";"";"";"";"";"";"";"";"";"";"";"";"";"";""
"07/04/2022";"1000";"";"";"";"";"";"";"";"";"";"";"";"";"";"";"";"";""
"07/04/2022";"1100";"";"";"";"";"";"";"";"";"";"";"";"";"";"";"";"";""
"07/04/2022";"1200";"";"";"";"";"";"";"";"";"";"";"";"";"";"";"";"";""
"07/04/2022";"1300";"";"";"";"";"";"";"";"";"";"";"";"";"";"";"";"";""
"07/04/2022";"1400";"";"";"";"";"";"";"";"";"";"";"";"";"";"";"";"";""
"07/04/2022";"1500";"";"";"";"";"";"";"";"";"";"";"";"";"";"";"";"";""
"07/04/2022";"1600";"";"";"";"";"";"";"";"";"";"";"";"";"";"";"";"";""
"07/04/2022";"1700";"";"";"";"";"";"";"";"";"";"";"";"";"";"";"";"";""
"07/04/2022";"1800";"";"";"";"";"";"";"";"";"";"";"";"";"";"";"";"";""
"07/04/2022";"1900";"";"";"";"";"";"";"";"";"";"";"";"";"";"";"";"";""
"07/04/2022";"2000";"";"";"";"";"";"";"";"";"";"";"";"";"";"";"";"";""
"07/04/2022";"2100";"";"";"";"";"";"";"";"";"";"";"";"";"";"";"";"";""
"07/04/2022";"2200";"";"";"";"";"";"";"";"";"";"";"";"";"";"";"";"";""
"07/04/2022";"2300";"";"";"";"";"";"";"";"";"";"";"";"";"";"";"";"";""
"08/04/2022";"0000";"";"";"";"";"";"";"";"";"";"";"";"";"";"";"";"";""
"08/04/2022";"0100";"";"";"";"";"";"";"";"";"";"";"";"";"";"";"";"";""
"08/04/2022";"0200";"";"";"";"";"";"";"";"";"";"";"";"";"";"";"";"";""
"08/04/2022";"0300";"";"";"";"";"";"";"";"";"";"";"";"";"";"";"";"";""
"08/04/2022";"0400";"";"";"";"";"";"";"";"";"";"";"";"";"";"";"";"";""
"08/04/2022";"0500";"";"";"";"";"";"";"";"";"";"";"";"";"";"";"";"";""
"08/04/2022";"0600";"";"";"";"";"";"";"";"";"";"";"";"";"";"";"";"";""
"08/04/2022";"0700";"";"";"";"";"";"";"";"";"";"";"";"";"";"";"";"";""
"08/04/2022";"0800";"";"";"";"";"";"";"";"";"";"";"";"";"";"";"";"";""
"08/04/2022";"0900";"";"";"";"";"";"";"";"";"";"";"";"";"";"";"";"";""
"08/04/2022";"1000";"";"";"";"";"";"";"";"";"";"";"";"";"";"";"";"";""
"08/04/2022";"1100";"";"";"";"";"";"";"";"";"";"";"";"";"";"";"";"";""
"08/04/2022";"1200";"";"";"";"";"";"";"";"";"";"";"";"";"";"";"";"";""
"08/04/2022";"1300";"";"";"";"";"";"";"";"";"";"";"";"";"";"";"";"";""
"08/04/2022";"1400";"";"";"";"";"";"";"";"";"";"";"";"";"";"";"";"";""
"08/04/2022";"1500";"";"";"";"";"";"";"";"";"";"";"";"";"";"";"";"";""
"08/04/2022";"1600";"";"";"";"";"";"";"";"";"";"";"";"";"";"";"";"";""
"08/04/2022";"1700";"";"";"";"";"";"";"";"";"";"";"";"";"";"";"";"";""
"08/04/2022";"1800";"";"";"";"";"";"";"";"";"";"";"";"";"";"";"";"";""
"08/04/2022";"1900";"";"";"";"";"";"";"";"";"";"";"";"";"";"";"";"";""
"08/04/2022";"2000";"";"";"";"";"";"";"";"";"";"";"";"";"";"";"";"";""
"08/04/2022";"2100";"";"";"";"";"";"";"";"";"";"";"";"";"";"";"";"";""
"08/04/2022";"2200";"";"";"";"";"";"";"";"";"";"";"";"";"";"";"";"";""
"08/04/2022";"2300";"";"";"";"";"";"";"";"";"";"";"";"";"";"";"";"";""
"09/04/2022";"0000";"";"";"";"";"";"";"";"";"";"";"";"";"";"";"";"";""
"09/04/2022";"0100";"";"";"";"";"";"";"";"";"";"";"";"";"";"";"";"";""
"09/04/2022";"0200";"";"";"";"";"";"";"";"";"";"";"";"";"";"";"";"";""
"09/04/2022";"0300";"";"";"";"";"";"";"";"";"";"";"";"";"";"";"";"";""
"09/04/2022";"0400";"";"";"";"";"";"";"";"";"";"";"";"";"";"";"";"";""
"09/04/2022";"0500";"";"";"";"";"";"";"";"";"";"";"";"";"";"";"";"";""
"09/04/2022";"0600";"";"";"";"";"";"";"";"";"";"";"";"";"";"";"";"";""
"09/04/2022";"0700";"";"";"";"";"";"";"";"";"";"";"";"";"";"";"";"";""
"09/04/2022";"0800";"";"";"";"";"";"";"";"";"";"";"";"";"";"";"";"";""
"09/04/2022";"0900";"";"";"";"";"";"";"";"";"";"";"";"";"";"";"";"";""
"09/04/2022";"1000";"";"";"";"";"";"";"";"";"";"";"";"";"";"";"";"";""
"09/04/2022";"1100";"";"";"";"";"";"";"";"";"";"";"";"";"";"";"";"";""
"09/04/2022";"1200";"";"";"";"";"";"";"";"";"";"";"";"";"";"";"";"";""
"09/04/2022";"1300";"";"";"";"";"";"";"";"";"";"";"";"";"";"";"";"";""
"09/04/2022";"1400";"";"";"";"";"";"";"";"";"";"";"";"";"";"";"";"";""
"09/04/2022";"1500";"";"";"";"";"";"";"";"";"";"";"";"";"";"";"";"";""
"09/04/2022";"1600";"";"";"";"";"";"";"";"";"";"";"";"";"";"";"";"";""
"09/04/2022";"1700";"";"";"";"";"";"";"";"";"";"";"";"";"";"";"";"";""
"09/04/2022";"1800";"";"";"";"";"";"";"";"";"";"";"";"";"";"";"";"";""
"09/04/2022";"1900";"";"";"";"";"";"";"";"";"";"";"";"";"";"";"";"";""
"09/04/2022";"2000";"";"";"";"";"";"";"";"";"";"";"";"";"";"";"";"";""
"09/04/2022";"2100";"";"";"";"";"";"";"";"";"";"";"";"";"";"";"";"";""
"09/04/2022";"2200";"";"";"";"";"";"";"";"";"";"";"";"";"";"";"";"";""
"09/04/2022";"2300";"";"";"";"";"";"";"";"";"";"";"";"";"";"";"";"";""
"10/04/2022";"0000";"";"";"";"";"";"";"";"";"";"";"";"";"";"";"";"";""
"10/04/2022";"0100";"";"";"";"";"";"";"";"";"";"";"";"";"";"";"";"";""
"10/04/2022";"0200";"";"";"";"";"";"";"";"";"";"";"";"";"";"";"";"";""
"10/04/2022";"0300";"";"";"";"";"";"";"";"";"";"";"";"";"";"";"";"";""
"10/04/2022";"0400";"";"";"";"";"";"";"";"";"";"";"";"";"";"";"";"";""
"10/04/2022";"0500";"";"";"";"";"";"";"";"";"";"";"";"";"";"";"";"";""
"10/04/2022";"0600";"";"";"";"";"";"";"";"";"";"";"";"";"";"";"";"";""
"10/04/2022";"0700";"";"";"";"";"";"";"";"";"";"";"";"";"";"";"";"";""
"10/04/2022";"0800";"";"";"";"";"";"";"";"";"";"";"";"";"";"";"";"";""
"10/04/2022";"0900";"";"";"";"";"";"";"";"";"";"";"";"";"";"";"";"";""
"10/04/2022";"1000";"";"";"";"";"";"";"";"";"";"";"";"";"";"";"";"";""
"10/04/2022";"1100";"";"";"";"";"";"";"";"";"";"";"";"";"";"";"";"";""
"10/04/2022";"1200";"";"";"";"";"";"";"";"";"";"";"";"";"";"";"";"";""
"10/04/2022";"1300";"";"";"";"";"";"";"";"";"";"";"";"";"";"";"";"";""
"10/04/2022";"1400";"";"";"";"";"";"";"";"";"";"";"";"";"";"";"";"";""
"10/04/2022";"1500";"";"";"";"";"";"";"";"";"";"";"";"";"";"";"";"";""
"10/04/2022";"1600";"";"";"";"";"";"";"";"";"";"";"";"";"";"";"";"";""
"10/04/2022";"1700";"";"";"";"";"";"";"";"";"";"";"";"";"";"";"";"";""
"10/04/2022";"1800";"";"";"";"";"";"";"";"";"";"";"";"";"";"";"";"";""
"10/04/2022";"1900";"";"";"";"";"";"";"";"";"";"";"";"";"";"";"";"";""
"10/04/2022";"2000";"";"";"";"";"";"";"";"";"";"";"";"";"";"";"";"";""
"10/04/2022";"2100";"";"";"";"";"";"";"";"";"";"";"";"";"";"";"";"";""
"10/04/2022";"2200";"";"";"";"";"";"";"";"";"";"";"";"";"";"";"";"";""
"10/04/2022";"2300";"";"";"";"";"";"";"";"";"";"";"";"";"";"";"";"";""
"11/04/2022";"0000";"";"";"";"";"";"";"";"";"";"";"";"";"";"";"";"";""
"11/04/2022";"0100";"";"";"";"";"";"";"";"";"";"";"";"";"";"";"";"";""
"11/04/2022";"0200";"";"";"";"";"";"";"";"";"";"";"";"";"";"";"";"";""
"11/04/2022";"0300";"";"";"";"";"";"";"";"";"";"";"";"";"";"";"";"";""
"11/04/2022";"0400";"";"";"";"";"";"";"";"";"";"";"";"";"";"";"";"";""
"11/04/2022";"0500";"";"";"";"";"";"";"";"";"";"";"";"";"";"";"";"";""
"11/04/2022";"0600";"";"";"";"";"";"";"";"";"";"";"";"";"";"";"";"";""
"11/04/2022";"0700";"";"";"";"";"";"";"";"";"";"";"";"";"";"";"";"";""
"11/04/2022";"0800";"";"";"";"";"";"";"";"";"";"";"";"";"";"";"";"";""
"11/04/2022";"0900";"";"";"";"";"";"";"";"";"";"";"";"";"";"";"";"";""
"11/04/2022";"1000";"";"";"";"";"";"";"";"";"";"";"";"";"";"";"";"";""
"11/04/2022";"1100";"";"";"";"";"";"";"";"";"";"";"";"";"";"";"";"";""
"11/04/2022";"1200";"";"";"";"";"";"";"";"";"";"";"";"";"";"";"";"";""
"11/04/2022";"1300";"";"";"";"";"";"";"";"";"";"";"";"";"";"";"";"";""
"11/04/2022";"1400";"";"";"";"";"";"";"";"";"";"";"";"";"";"";"";"";""
"11/04/2022";"1500";"";"";"";"";"";"";"";"";"";"";"";"";"";"";"";"";""
"11/04/2022";"1600";"";"";"";"";"";"";"";"";"";"";"";"";"";"";"";"";""
"11/04/2022";"1700";"";"";"";"";"";"";"";"";"";"";"";"";"";"";"";"";""
"11/04/2022";"1800";"";"";"";"";"";"";"";"";"";"";"";"";"";"";"";"";""
"11/04/2022";"1900";"";"";"";"";"";"";"";"";"";"";"";"";"";"";"";"";""
"11/04/2022";"2000";"";"";"";"";"";"";"";"";"";"";"";"";"";"";"";"";""
"11/04/2022";"2100";"";"";"";"";"";"";"";"";"";"";"";"";"";"";"";"";""
"11/04/2022";"2200";"";"";"";"";"";"";"";"";"";"";"";"";"";"";"";"";""
"11/04/2022";"2300";"";"";"";"";"";"";"";"";"";"";"";"";"";"";"";"";""
"12/04/2022";"0000";"";"";"";"";"";"";"";"";"";"";"";"";"";"";"";"";""
"12/04/2022";"0100";"";"";"";"";"";"";"";"";"";"";"";"";"";"";"";"";""
"12/04/2022";"0200";"";"";"";"";"";"";"";"";"";"";"";"";"";"";"";"";""
"12/04/2022";"0300";"";"";"";"";"";"";"";"";"";"";"";"";"";"";"";"";""
"12/04/2022";"0400";"";"";"";"";"";"";"";"";"";"";"";"";"";"";"";"";""
"12/04/2022";"0500";"";"";"";"";"";"";"";"";"";"";"";"";"";"";"";"";""
"12/04/2022";"0600";"";"";"";"";"";"";"";"";"";"";"";"";"";"";"";"";""
"12/04/2022";"0700";"";"";"";"";"";"";"";"";"";"";"";"";"";"";"";"";""
"12/04/2022";"0800";"";"";"";"";"";"";"";"";"";"";"";"";"";"";"";"";""
"12/04/2022";"0900";"";"";"";"";"";"";"";"";"";"";"";"";"";"";"";"";""
"12/04/2022";"1000";"";"";"";"";"";"";"";"";"";"";"";"";"";"";"";"";""
"12/04/2022";"1100";"";"";"";"";"";"";"";"";"";"";"";"";"";"";"";"";""
"12/04/2022";"1200";"";"";"";"";"";"";"";"";"";"";"";"";"";"";"";"";""
"12/04/2022";"1300";"";"";"";"";"";"";"";"";"";"";"";"";"";"";"";"";""
"12/04/2022";"1400";"";"";"";"";"";"";"";"";"";"";"";"";"";"";"";"";""
"12/04/2022";"1500";"";"";"";"";"";"";"";"";"";"";"";"";"";"";"";"";""
"12/04/2022";"1600";"";"";"";"";"";"";"";"";"";"";"";"";"";"";"";"";""
"12/04/2022";"1700";"";"";"";"";"";"";"";"";"";"";"";"";"";"";"";"";""
"12/04/2022";"1800";"";"";"";"";"";"";"";"";"";"";"";"";"";"";"";"";""
"12/04/2022";"1900";"";"";"";"";"";"";"";"";"";"";"";"";"";"";"";"";""
"12/04/2022";"2000";"";"";"";"";"";"";"";"";"";"";"";"";"";"";"";"";""
"12/04/2022";"2100";"";"";"";"";"";"";"";"";"";"";"";"";"";"";"";"";""
"12/04/2022";"2200";"";"";"";"";"";"";"";"";"";"";"";"";"";"";"";"";""
"12/04/2022";"2300";"";"";"";"";"";"";"";"";"";"";"";"";"";"";"";"";""
"13/04/2022";"0000";"";"";"";"";"";"";"";"";"";"";"";"";"";"";"";"";""
"13/04/2022";"0100";"";"";"";"";"";"";"";"";"";"";"";"";"";"";"";"";""
"13/04/2022";"0200";"";"";"";"";"";"";"";"";"";"";"";"";"";"";"";"";""
"13/04/2022";"0300";"";"";"";"";"";"";"";"";"";"";"";"";"";"";"";"";""
"13/04/2022";"0400";"";"";"";"";"";"";"";"";"";"";"";"";"";"";"";"";""
"13/04/2022";"0500";"";"";"";"";"";"";"";"";"";"";"";"";"";"";"";"";""
"13/04/2022";"0600";"";"";"";"";"";"";"";"";"";"";"";"";"";"";"";"";""
"13/04/2022";"0700";"";"";"";"";"";"";"";"";"";"";"";"";"";"";"";"";""
"13/04/2022";"0800";"";"";"";"";"";"";"";"";"";"";"";"";"";"";"";"";""
"13/04/2022";"0900";"";"";"";"";"";"";"";"";"";"";"";"";"";"";"";"";""
"13/04/2022";"1000";"";"";"";"";"";"";"";"";"";"";"";"";"";"";"";"";""
"13/04/2022";"1100";"";"";"";"";"";"";"";"";"";"";"";"";"";"";"";"";""
"13/04/2022";"1200";"";"";"";"";"";"";"";"";"";"";"";"";"";"";"";"";""
"13/04/2022";"1300";"";"";"";"";"";"";"";"";"";"";"";"";"";"";"";"";""
"13/04/2022";"1400";"";"";"";"";"";"";"";"";"";"";"";"";"";"";"";"";""
"13/04/2022";"1500";"";"";"";"";"";"";"";"";"";"";"";"";"";"";"";"";""
"13/04/2022";"1600";"";"";"";"";"";"";"";"";"";"";"";"";"";"";"";"";""
"13/04/2022";"1700";"";"";"";"";"";"";"";"";"";"";"";"";"";"";"";"";""
"13/04/2022";"1800";"";"";"";"";"";"";"";"";"";"";"";"";"";"";"";"";""
"13/04/2022";"1900";"";"";"";"";"";"";"";"";"";"";"";"";"";"";"";"";""
"13/04/2022";"2000";"";"";"";"";"";"";"";"";"";"";"";"";"";"";"";"";""
"13/04/2022";"2100";"";"";"";"";"";"";"";"";"";"";"";"";"";"";"";"";""
"13/04/2022";"2200";"";"";"";"";"";"";"";"";"";"";"";"";"";"";"";"";""
"13/04/2022";"2300";"";"";"";"";"";"";"";"";"";"";"";"";"";"";"";"";""
"14/04/2022";"0000";"";"";"";"";"";"";"";"";"";"";"";"";"";"";"";"";""
"14/04/2022";"0100";"";"";"";"";"";"";"";"";"";"";"";"";"";"";"";"";""
"14/04/2022";"0200";"";"";"";"";"";"";"";"";"";"";"";"";"";"";"";"";""
"14/04/2022";"0300";"";"";"";"";"";"";"";"";"";"";"";"";"";"";"";"";""
"14/04/2022";"0400";"";"";"";"";"";"";"";"";"";"";"";"";"";"";"";"";""
"14/04/2022";"0500";"";"";"";"";"";"";"";"";"";"";"";"";"";"";"";"";""
"14/04/2022";"0600";"";"";"";"";"";"";"";"";"";"";"";"";"";"";"";"";""
"14/04/2022";"0700";"";"";"";"";"";"";"";"";"";"";"";"";"";"";"";"";""
"14/04/2022";"0800";"";"";"";"";"";"";"";"";"";"";"";"";"";"";"";"";""
"14/04/2022";"0900";"";"";"";"";"";"";"";"";"";"";"";"";"";"";"";"";""
"14/04/2022";"1000";"";"";"";"";"";"";"";"";"";"";"";"";"";"";"";"";""
"14/04/2022";"1100";"";"";"";"";"";"";"";"";"";"";"";"";"";"";"";"";""
"14/04/2022";"1200";"";"";"";"";"";"";"";"";"";"";"";"";"";"";"";"";""
"14/04/2022";"1300";"";"";"";"";"";"";"";"";"";"";"";"";"";"";"";"";""
"14/04/2022";"1400";"";"";"";"";"";"";"";"";"";"";"";"";"";"";"";"";""
"14/04/2022";"1500";"";"";"";"";"";"";"";"";"";"";"";"";"";"";"";"";""
"14/04/2022";"1600";"";"";"";"";"";"";"";"";"";"";"";"";"";"";"";"";""
"14/04/2022";"1700";"";"";"";"";"";"";"";"";"";"";"";"";"";"";"";"";""
"14/04/2022";"1800";"";"";"";"";"";"";"";"";"";"";"";"";"";"";"";"";""
"14/04/2022";"1900";"";"";"";"";"";"";"";"";"";"";"";"";"";"";"";"";""
"14/04/2022";"2000";"";"";"";"";"";"";"";"";"";"";"";"";"";"";"";"";""
"14/04/2022";"2100";"";"";"";"";"";"";"";"";"";"";"";"";"";"";"";"";""
"14/04/2022";"2200";"";"";"";"";"";"";"";"";"";"";"";"";"";"";"";"";""
"14/04/2022";"2300";"";"";"";"";"";"";"";"";"";"";"";"";"";"";"";"";""
"15/04/2022";"0000";"";"";"";"";"";"";"";"";"";"";"";"";"";"";"";"";""
"15/04/2022";"0100";"";"";"";"";"";"";"";"";"";"";"";"";"";"";"";"";""
"15/04/2022";"0200";"";"";"";"";"";"";"";"";"";"";"";"";"";"";"";"";""
"15/04/2022";"0300";"";"";"";"";"";"";"";"";"";"";"";"";"";"";"";"";""
"15/04/2022";"0400";"";"";"";"";"";"";"";"";"";"";"";"";"";"";"";"";""
"15/04/2022";"0500";"";"";"";"";"";"";"";"";"";"";"";"";"";"";"";"";""
"15/04/2022";"0600";"";"";"";"";"";"";"";"";"";"";"";"";"";"";"";"";""
"15/04/2022";"0700";"";"";"";"";"";"";"";"";"";"";"";"";"";"";"";"";""
"15/04/2022";"0800";"";"";"";"";"";"";"";"";"";"";"";"";"";"";"";"";""
"15/04/2022";"0900";"";"";"";"";"";"";"";"";"";"";"";"";"";"";"";"";""
"15/04/2022";"1000";"";"";"";"";"";"";"";"";"";"";"";"";"";"";"";"";""
"15/04/2022";"1100";"";"";"";"";"";"";"";"";"";"";"";"";"";"";"";"";""
"15/04/2022";"1200";"";"";"";"";"";"";"";"";"";"";"";"";"";"";"";"";""
"15/04/2022";"1300";"";"";"";"";"";"";"";"";"";"";"";"";"";"";"";"";""
"15/04/2022";"1400";"";"";"";"";"";"";"";"";"";"";"";"";"";"";"";"";""
"15/04/2022";"1500";"";"";"";"";"";"";"";"";"";"";"";"";"";"";"";"";""
"15/04/2022";"1600";"";"";"";"";"";"";"";"";"";"";"";"";"";"";"";"";""
"15/04/2022";"1700";"";"";"";"";"";"";"";"";"";"";"";"";"";"";"";"";""
"15/04/2022";"1800";"";"";"";"";"";"";"";"";"";"";"";"";"";"";"";"";""
"15/04/2022";"1900";"";"";"";"";"";"";"";"";"";"";"";"";"";"";"";"";""
"15/04/2022";"2000";"";"";"";"";"";"";"";"";"";"";"";"";"";"";"";"";""
"15/04/2022";"2100";"";"";"";"";"";"";"";"";"";"";"";"";"";"";"";"";""
"15/04/2022";"2200";"";"";"";"";"";"";"";"";"";"";"";"";"";"";"";"";""
"15/04/2022";"2300";"";"";"";"";"";"";"";"";"";"";"";"";"";"";"";"";""
"16/04/2022";"0000";"";"";"";"";"";"";"";"";"";"";"";"";"";"";"";"";""
"16/04/2022";"0100";"";"";"";"";"";"";"";"";"";"";"";"";"";"";"";"";""
"16/04/2022";"0200";"";"";"";"";"";"";"";"";"";"";"";"";"";"";"";"";""
"16/04/2022";"0300";"";"";"";"";"";"";"";"";"";"";"";"";"";"";"";"";""
"16/04/2022";"0400";"";"";"";"";"";"";"";"";"";"";"";"";"";"";"";"";""
"16/04/2022";"0500";"";"";"";"";"";"";"";"";"";"";"";"";"";"";"";"";""
"16/04/2022";"0600";"";"";"";"";"";"";"";"";"";"";"";"";"";"";"";"";""
"16/04/2022";"0700";"";"";"";"";"";"";"";"";"";"";"";"";"";"";"";"";""
"16/04/2022";"0800";"";"";"";"";"";"";"";"";"";"";"";"";"";"";"";"";""
"16/04/2022";"0900";"";"";"";"";"";"";"";"";"";"";"";"";"";"";"";"";""
"16/04/2022";"1000";"";"";"";"";"";"";"";"";"";"";"";"";"";"";"";"";""
"16/04/2022";"1100";"";"";"";"";"";"";"";"";"";"";"";"";"";"";"";"";""
"16/04/2022";"1200";"";"";"";"";"";"";"";"";"";"";"";"";"";"";"";"";""
"16/04/2022";"1300";"";"";"";"";"";"";"";"";"";"";"";"";"";"";"";"";""
"16/04/2022";"1400";"";"";"";"";"";"";"";"";"";"";"";"";"";"";"";"";""
"16/04/2022";"1500";"";"";"";"";"";"";"";"";"";"";"";"";"";"";"";"";""
"16/04/2022";"1600";"";"";"";"";"";"";"";"";"";"";"";"";"";"";"";"";""
"16/04/2022";"1700";"";"";"";"";"";"";"";"";"";"";"";"";"";"";"";"";""
"16/04/2022";"1800";"";"";"";"";"";"";"";"";"";"";"";"";"";"";"";"";""
"16/04/2022";"1900";"";"";"";"";"";"";"";"";"";"";"";"";"";"";"";"";""
"16/04/2022";"2000";"";"";"";"";"";"";"";"";"";"";"";"";"";"";"";"";""
"16/04/2022";"2100";"";"";"";"";"";"";"";"";"";"";"";"";"";"";"";"";""
"16/04/2022";"2200";"";"";"";"";"";"";"";"";"";"";"";"";"";"";"";"";""
"16/04/2022";"2300";"";"";"";"";"";"";"";"";"";"";"";"";"";"";"";"";""
"17/04/2022";"0000";"";"";"";"";"";"";"";"";"";"";"";"";"";"";"";"";""
"17/04/2022";"0100";"";"";"";"";"";"";"";"";"";"";"";"";"";"";"";"";""
"17/04/2022";"0200";"";"";"";"";"";"";"";"";"";"";"";"";"";"";"";"";""
"17/04/2022";"0300";"";"";"";"";"";"";"";"";"";"";"";"";"";"";"";"";""
"17/04/2022";"0400";"";"";"";"";"";"";"";"";"";"";"";"";"";"";"";"";""
"17/04/2022";"0500";"";"";"";"";"";"";"";"";"";"";"";"";"";"";"";"";""
"17/04/2022";"0600";"";"";"";"";"";"";"";"";"";"";"";"";"";"";"";"";""
"17/04/2022";"0700";"";"";"";"";"";"";"";"";"";"";"";"";"";"";"";"";""
"17/04/2022";"0800";"";"";"";"";"";"";"";"";"";"";"";"";"";"";"";"";""
"17/04/2022";"0900";"";"";"";"";"";"";"";"";"";"";"";"";"";"";"";"";""
"17/04/2022";"1000";"";"";"";"";"";"";"";"";"";"";"";"";"";"";"";"";""
"17/04/2022";"1100";"";"";"";"";"";"";"";"";"";"";"";"";"";"";"";"";""
"17/04/2022";"1200";"";"";"";"";"";"";"";"";"";"";"";"";"";"";"";"";""
"17/04/2022";"1300";"";"";"";"";"";"";"";"";"";"";"";"";"";"";"";"";""
"17/04/2022";"1400";"";"";"";"";"";"";"";"";"";"";"";"";"";"";"";"";""
"17/04/2022";"1500";"";"";"";"";"";"";"";"";"";"";"";"";"";"";"";"";""
"17/04/2022";"1600";"";"";"";"";"";"";"";"";"";"";"";"";"";"";"";"";""
"17/04/2022";"1700";"";"";"";"";"";"";"";"";"";"";"";"";"";"";"";"";""
"17/04/2022";"1800";"";"";"";"";"";"";"";"";"";"";"";"";"";"";"";"";""
"17/04/2022";"1900";"";"";"";"";"";"";"";"";"";"";"";"";"";"";"";"";""
"17/04/2022";"2000";"";"";"";"";"";"";"";"";"";"";"";"";"";"";"";"";""
"17/04/2022";"2100";"";"";"";"";"";"";"";"";"";"";"";"";"";"";"";"";""
"17/04/2022";"2200";"";"";"";"";"";"";"";"";"";"";"";"";"";"";"";"";""
"17/04/2022";"2300";"";"";"";"";"";"";"";"";"";"";"";"";"";"";"";"";""
"18/04/2022";"0000";"";"";"";"";"";"";"";"";"";"";"";"";"";"";"";"";""
"18/04/2022";"0100";"";"";"";"";"";"";"";"";"";"";"";"";"";"";"";"";""
"18/04/2022";"0200";"";"";"";"";"";"";"";"";"";"";"";"";"";"";"";"";""
"18/04/2022";"0300";"";"";"";"";"";"";"";"";"";"";"";"";"";"";"";"";""
"18/04/2022";"0400";"";"";"";"";"";"";"";"";"";"";"";"";"";"";"";"";""
"18/04/2022";"0500";"";"";"";"";"";"";"";"";"";"";"";"";"";"";"";"";""
"18/04/2022";"0600";"";"";"";"";"";"";"";"";"";"";"";"";"";"";"";"";""
"18/04/2022";"0700";"";"";"";"";"";"";"";"";"";"";"";"";"";"";"";"";""
"18/04/2022";"0800";"";"";"";"";"";"";"";"";"";"";"";"";"";"";"";"";""
"18/04/2022";"0900";"";"";"";"";"";"";"";"";"";"";"";"";"";"";"";"";""
"18/04/2022";"1000";"";"";"";"";"";"";"";"";"";"";"";"";"";"";"";"";""
"18/04/2022";"1100";"";"";"";"";"";"";"";"";"";"";"";"";"";"";"";"";""
"18/04/2022";"1200";"";"";"";"";"";"";"";"";"";"";"";"";"";"";"";"";""
"18/04/2022";"1300";"";"";"";"";"";"";"";"";"";"";"";"";"";"";"";"";""
"18/04/2022";"1400";"";"";"";"";"";"";"";"";"";"";"";"";"";"";"";"";""
"18/04/2022";"1500";"";"";"";"";"";"";"";"";"";"";"";"";"";"";"";"";""
"18/04/2022";"1600";"";"";"";"";"";"";"";"";"";"";"";"";"";"";"";"";""
"18/04/2022";"1700";"";"";"";"";"";"";"";"";"";"";"";"";"";"";"";"";""
"18/04/2022";"1800";"";"";"";"";"";"";"";"";"";"";"";"";"";"";"";"";""
"18/04/2022";"1900";"";"";"";"";"";"";"";"";"";"";"";"";"";"";"";"";""
"18/04/2022";"2000";"";"";"";"";"";"";"";"";"";"";"";"";"";"";"";"";""
"18/04/2022";"2100";"";"";"";"";"";"";"";"";"";"";"";"";"";"";"";"";""
"18/04/2022";"2200";"";"";"";"";"";"";"";"";"";"";"";"";"";"";"";"";""
"18/04/2022";"2300";"";"";"";"";"";"";"";"";"";"";"";"";"";"";"";"";""
"19/04/2022";"0000";"";"";"";"";"";"";"";"";"";"";"";"";"";"";"";"";""
"19/04/2022";"0100";"";"";"";"";"";"";"";"";"";"";"";"";"";"";"";"";""
"19/04/2022";"0200";"";"";"";"";"";"";"";"";"";"";"";"";"";"";"";"";""
"19/04/2022";"0300";"";"";"";"";"";"";"";"";"";"";"";"";"";"";"";"";""
"19/04/2022";"0400";"";"";"";"";"";"";"";"";"";"";"";"";"";"";"";"";""
"19/04/2022";"0500";"";"";"";"";"";"";"";"";"";"";"";"";"";"";"";"";""
"19/04/2022";"0600";"";"";"";"";"";"";"";"";"";"";"";"";"";"";"";"";""
"19/04/2022";"0700";"";"";"";"";"";"";"";"";"";"";"";"";"";"";"";"";""
"19/04/2022";"0800";"";"";"";"";"";"";"";"";"";"";"";"";"";"";"";"";""
"19/04/2022";"0900";"";"";"";"";"";"";"";"";"";"";"";"";"";"";"";"";""
"19/04/2022";"1000";"";"";"";"";"";"";"";"";"";"";"";"";"";"";"";"";""
"19/04/2022";"1100";"";"";"";"";"";"";"";"";"";"";"";"";"";"";"";"";""
"19/04/2022";"1200";"";"";"";"";"";"";"";"";"";"";"";"";"";"";"";"";""
"19/04/2022";"1300";"";"";"";"";"";"";"";"";"";"";"";"";"";"";"";"";""
"19/04/2022";"1400";"";"";"";"";"";"";"";"";"";"";"";"";"";"";"";"";""
"19/04/2022";"1500";"";"";"";"";"";"";"";"";"";"";"";"";"";"";"";"";""
"19/04/2022";"1600";"";"";"";"";"";"";"";"";"";"";"";"";"";"";"";"";""
"19/04/2022";"1700";"";"";"";"";"";"";"";"";"";"";"";"";"";"";"";"";""
"19/04/2022";"1800";"";"";"";"";"";"";"";"";"";"";"";"";"";"";"";"";""
"19/04/2022";"1900";"";"";"";"";"";"";"";"";"";"";"";"";"";"";"";"";""
"19/04/2022";"2000";"";"";"";"";"";"";"";"";"";"";"";"";"";"";"";"";""
"19/04/2022";"2100";"";"";"";"";"";"";"";"";"";"";"";"";"";"";"";"";""
"19/04/2022";"2200";"";"";"";"";"";"";"";"";"";"";"";"";"";"";"";"";""
"19/04/2022";"2300";"";"";"";"";"";"";"";"";"";"";"";"";"";"";"";"";""
"20/04/2022";"0000";"";"";"";"";"";"";"";"";"";"";"";"";"";"";"";"";""
"20/04/2022";"0100";"";"";"";"";"";"";"";"";"";"";"";"";"";"";"";"";""
"20/04/2022";"0200";"";"";"";"";"";"";"";"";"";"";"";"";"";"";"";"";""
"20/04/2022";"0300";"";"";"";"";"";"";"";"";"";"";"";"";"";"";"";"";""
"20/04/2022";"0400";"";"";"";"";"";"";"";"";"";"";"";"";"";"";"";"";""
"20/04/2022";"0500";"";"";"";"";"";"";"";"";"";"";"";"";"";"";"";"";""
"20/04/2022";"0600";"";"";"";"";"";"";"";"";"";"";"";"";"";"";"";"";""
"20/04/2022";"0700";"";"";"";"";"";"";"";"";"";"";"";"";"";"";"";"";""
"20/04/2022";"0800";"";"";"";"";"";"";"";"";"";"";"";"";"";"";"";"";""
"20/04/2022";"0900";"";"";"";"";"";"";"";"";"";"";"";"";"";"";"";"";""
"20/04/2022";"1000";"";"";"";"";"";"";"";"";"";"";"";"";"";"";"";"";""
"20/04/2022";"1100";"";"";"";"";"";"";"";"";"";"";"";"";"";"";"";"";""
"20/04/2022";"1200";"";"";"";"";"";"";"";"";"";"";"";"";"";"";"";"";""
"20/04/2022";"1300";"";"";"";"";"";"";"";"";"";"";"";"";"";"";"";"";""
"20/04/2022";"1400";"";"";"";"";"";"";"";"";"";"";"";"";"";"";"";"";""
"20/04/2022";"1500";"";"";"";"";"";"";"";"";"";"";"";"";"";"";"";"";""
"20/04/2022";"1600";"";"";"";"";"";"";"";"";"";"";"";"";"";"";"";"";""
"20/04/2022";"1700";"";"";"";"";"";"";"";"";"";"";"";"";"";"";"";"";""
"20/04/2022";"1800";"";"";"";"";"";"";"";"";"";"";"";"";"";"";"";"";""
"20/04/2022";"1900";"";"";"";"";"";"";"";"";"";"";"";"";"";"";"";"";""
"20/04/2022";"2000";"";"";"";"";"";"";"";"";"";"";"";"";"";"";"";"";""
"20/04/2022";"2100";"";"";"";"";"";"";"";"";"";"";"";"";"";"";"";"";""
"20/04/2022";"2200";"";"";"";"";"";"";"";"";"";"";"";"";"";"";"";"";""
"20/04/2022";"2300";"";"";"";"";"";"";"";"";"";"";"";"";"";"";"";"";""
"21/04/2022";"0000";"";"";"";"";"";"";"";"";"";"";"";"";"";"";"";"";""
"21/04/2022";"0100";"";"";"";"";"";"";"";"";"";"";"";"";"";"";"";"";""
"21/04/2022";"0200";"";"";"";"";"";"";"";"";"";"";"";"";"";"";"";"";""
"21/04/2022";"0300";"";"";"";"";"";"";"";"";"";"";"";"";"";"";"";"";""
"21/04/2022";"0400";"";"";"";"";"";"";"";"";"";"";"";"";"";"";"";"";""
"21/04/2022";"0500";"";"";"";"";"";"";"";"";"";"";"";"";"";"";"";"";""
"21/04/2022";"0600";"";"";"";"";"";"";"";"";"";"";"";"";"";"";"";"";""
"21/04/2022";"0700";"";"";"";"";"";"";"";"";"";"";"";"";"";"";"";"";""
"21/04/2022";"0800";"";"";"";"";"";"";"";"";"";"";"";"";"";"";"";"";""
"21/04/2022";"0900";"";"";"";"";"";"";"";"";"";"";"";"";"";"";"";"";""
"21/04/2022";"1000";"";"";"";"";"";"";"";"";"";"";"";"";"";"";"";"";""
"21/04/2022";"1100";"";"";"";"";"";"";"";"";"";"";"";"";"";"";"";"";""
"21/04/2022";"1200";"";"";"";"";"";"";"";"";"";"";"";"";"";"";"";"";""
"21/04/2022";"1300";"";"";"";"";"";"";"";"";"";"";"";"";"";"";"";"";""
"21/04/2022";"1400";"";"";"";"";"";"";"";"";"";"";"";"";"";"";"";"";""
"21/04/2022";"1500";"";"";"";"";"";"";"";"";"";"";"";"";"";"";"";"";""
"21/04/2022";"1600";"";"";"";"";"";"";"";"";"";"";"";"";"";"";"";"";""
"21/04/2022";"1700";"";"";"";"";"";"";"";"";"";"";"";"";"";"";"";"";""
"21/04/2022";"1800";"";"";"";"";"";"";"";"";"";"";"";"";"";"";"";"";""
"21/04/2022";"1900";"";"";"";"";"";"";"";"";"";"";"";"";"";"";"";"";""
"21/04/2022";"2000";"";"";"";"";"";"";"";"";"";"";"";"";"";"";"";"";""
"21/04/2022";"2100";"";"";"";"";"";"";"";"";"";"";"";"";"";"";"";"";""
"21/04/2022";"2200";"";"";"";"";"";"";"";"";"";"";"";"";"";"";"";"";""
"21/04/2022";"2300";"";"";"";"";"";"";"";"";"";"";"";"";"";"";"";"";""
"22/04/2022";"0000";"";"";"";"";"";"";"";"";"";"";"";"";"";"";"";"";""
"22/04/2022";"0100";"";"";"";"";"";"";"";"";"";"";"";"";"";"";"";"";""
"22/04/2022";"0200";"";"";"";"";"";"";"";"";"";"";"";"";"";"";"";"";""
"22/04/2022";"0300";"";"";"";"";"";"";"";"";"";"";"";"";"";"";"";"";""
"22/04/2022";"0400";"";"";"";"";"";"";"";"";"";"";"";"";"";"";"";"";""
"22/04/2022";"0500";"";"";"";"";"";"";"";"";"";"";"";"";"";"";"";"";""
"22/04/2022";"0600";"";"";"";"";"";"";"";"";"";"";"";"";"";"";"";"";""
"22/04/2022";"0700";"";"";"";"";"";"";"";"";"";"";"";"";"";"";"";"";""
"22/04/2022";"0800";"";"";"";"";"";"";"";"";"";"";"";"";"";"";"";"";""
"22/04/2022";"0900";"";"";"";"";"";"";"";"";"";"";"";"";"";"";"";"";""
"22/04/2022";"1000";"";"";"";"";"";"";"";"";"";"";"";"";"";"";"";"";""
"22/04/2022";"1100";"";"";"";"";"";"";"";"";"";"";"";"";"";"";"";"";""
"22/04/2022";"1200";"";"";"";"";"";"";"";"";"";"";"";"";"";"";"";"";""
"22/04/2022";"1300";"";"";"";"";"";"";"";"";"";"";"";"";"";"";"";"";""
"22/04/2022";"1400";"";"";"";"";"";"";"";"";"";"";"";"";"";"";"";"";""
"22/04/2022";"1500";"";"";"";"";"";"";"";"";"";"";"";"";"";"";"";"";""
"22/04/2022";"1600";"";"";"";"";"";"";"";"";"";"";"";"";"";"";"";"";""
"22/04/2022";"1700";"";"";"";"";"";"";"";"";"";"";"";"";"";"";"";"";""
"22/04/2022";"1800";"";"";"";"";"";"";"";"";"";"";"";"";"";"";"";"";""
"22/04/2022";"1900";"";"";"";"";"";"";"";"";"";"";"";"";"";"";"";"";""
"22/04/2022";"2000";"";"";"";"";"";"";"";"";"";"";"";"";"";"";"";"";""
"22/04/2022";"2100";"";"";"";"";"";"";"";"";"";"";"";"";"";"";"";"";""
"22/04/2022";"2200";"";"";"";"";"";"";"";"";"";"";"";"";"";"";"";"";""
"22/04/2022";"2300";"";"";"";"";"";"";"";"";"";"";"";"";"";"";"";"";""
"23/04/2022";"0000";"";"";"";"";"";"";"";"";"";"";"";"";"";"";"";"";""
"23/04/2022";"0100";"";"";"";"";"";"";"";"";"";"";"";"";"";"";"";"";""
"23/04/2022";"0200";"";"";"";"";"";"";"";"";"";"";"";"";"";"";"";"";""
"23/04/2022";"0300";"";"";"";"";"";"";"";"";"";"";"";"";"";"";"";"";""
"23/04/2022";"0400";"";"";"";"";"";"";"";"";"";"";"";"";"";"";"";"";""
"23/04/2022";"0500";"";"";"";"";"";"";"";"";"";"";"";"";"";"";"";"";""
"23/04/2022";"0600";"";"";"";"";"";"";"";"";"";"";"";"";"";"";"";"";""
"23/04/2022";"0700";"";"";"";"";"";"";"";"";"";"";"";"";"";"";"";"";""
"23/04/2022";"0800";"";"";"";"";"";"";"";"";"";"";"";"";"";"";"";"";""
"23/04/2022";"0900";"";"";"";"";"";"";"";"";"";"";"";"";"";"";"";"";""
"23/04/2022";"1000";"";"";"";"";"";"";"";"";"";"";"";"";"";"";"";"";""
"23/04/2022";"1100";"";"";"";"";"";"";"";"";"";"";"";"";"";"";"";"";""
"23/04/2022";"1200";"";"";"";"";"";"";"";"";"";"";"";"";"";"";"";"";""
"23/04/2022";"1300";"";"";"";"";"";"";"";"";"";"";"";"";"";"";"";"";""
"23/04/2022";"1400";"";"";"";"";"";"";"";"";"";"";"";"";"";"";"";"";""
"23/04/2022";"1500";"";"";"";"";"";"";"";"";"";"";"";"";"";"";"";"";""
"23/04/2022";"1600";"";"";"";"";"";"";"";"";"";"";"";"";"";"";"";"";""
"23/04/2022";"1700";"";"";"";"";"";"";"";"";"";"";"";"";"";"";"";"";""
"23/04/2022";"1800";"";"";"";"";"";"";"";"";"";"";"";"";"";"";"";"";""
"23/04/2022";"1900";"";"";"";"";"";"";"";"";"";"";"";"";"";"";"";"";""
"23/04/2022";"2000";"";"";"";"";"";"";"";"";"";"";"";"";"";"";"";"";""
"23/04/2022";"2100";"";"";"";"";"";"";"";"";"";"";"";"";"";"";"";"";""
"23/04/2022";"2200";"";"";"";"";"";"";"";"";"";"";"";"";"";"";"";"";""
"23/04/2022";"2300";"";"";"";"";"";"";"";"";"";"";"";"";"";"";"";"";""
"24/04/2022";"0000";"";"";"";"";"";"";"";"";"";"";"";"";"";"";"";"";""
"24/04/2022";"0100";"";"";"";"";"";"";"";"";"";"";"";"";"";"";"";"";""
"24/04/2022";"0200";"";"";"";"";"";"";"";"";"";"";"";"";"";"";"";"";""
"24/04/2022";"0300";"";"";"";"";"";"";"";"";"";"";"";"";"";"";"";"";""
"24/04/2022";"0400";"";"";"";"";"";"";"";"";"";"";"";"";"";"";"";"";""
"24/04/2022";"0500";"";"";"";"";"";"";"";"";"";"";"";"";"";"";"";"";""
"24/04/2022";"0600";"";"";"";"";"";"";"";"";"";"";"";"";"";"";"";"";""
"24/04/2022";"0700";"";"";"";"";"";"";"";"";"";"";"";"";"";"";"";"";""
"24/04/2022";"0800";"";"";"";"";"";"";"";"";"";"";"";"";"";"";"";"";""
"24/04/2022";"0900";"";"";"";"";"";"";"";"";"";"";"";"";"";"";"";"";""
"24/04/2022";"1000";"";"";"";"";"";"";"";"";"";"";"";"";"";"";"";"";""
"24/04/2022";"1100";"";"";"";"";"";"";"";"";"";"";"";"";"";"";"";"";""
"24/04/2022";"1200";"";"";"";"";"";"";"";"";"";"";"";"";"";"";"";"";""
"24/04/2022";"1300";"";"";"";"";"";"";"";"";"";"";"";"";"";"";"";"";""
"24/04/2022";"1400";"";"";"";"";"";"";"";"";"";"";"";"";"";"";"";"";""
"24/04/2022";"1500";"";"";"";"";"";"";"";"";"";"";"";"";"";"";"";"";""
"24/04/2022";"1600";"";"";"";"";"";"";"";"";"";"";"";"";"";"";"";"";""
"24/04/2022";"1700";"";"";"";"";"";"";"";"";"";"";"";"";"";"";"";"";""
"24/04/2022";"1800";"";"";"";"";"";"";"";"";"";"";"";"";"";"";"";"";""
"24/04/2022";"1900";"";"";"";"";"";"";"";"";"";"";"";"";"";"";"";"";""
"24/04/2022";"2000";"";"";"";"";"";"";"";"";"";"";"";"";"";"";"";"";""
"24/04/2022";"2100";"";"";"";"";"";"";"";"";"";"";"";"";"";"";"";"";""
"24/04/2022";"2200";"";"";"";"";"";"";"";"";"";"";"";"";"";"";"";"";""
"24/04/2022";"2300";"";"";"";"";"";"";"";"";"";"";"";"";"";"";"";"";""
"25/04/2022";"0000";"";"";"";"";"";"";"";"";"";"";"";"";"";"";"";"";""
"25/04/2022";"0100";"";"";"";"";"";"";"";"";"";"";"";"";"";"";"";"";""
"25/04/2022";"0200";"";"";"";"";"";"";"";"";"";"";"";"";"";"";"";"";""
"25/04/2022";"0300";"";"";"";"";"";"";"";"";"";"";"";"";"";"";"";"";""
"25/04/2022";"0400";"";"";"";"";"";"";"";"";"";"";"";"";"";"";"";"";""
"25/04/2022";"0500";"";"";"";"";"";"";"";"";"";"";"";"";"";"";"";"";""
"25/04/2022";"0600";"";"";"";"";"";"";"";"";"";"";"";"";"";"";"";"";""
"25/04/2022";"0700";"";"";"";"";"";"";"";"";"";"";"";"";"";"";"";"";""
"25/04/2022";"0800";"";"";"";"";"";"";"";"";"";"";"";"";"";"";"";"";""
"25/04/2022";"0900";"";"";"";"";"";"";"";"";"";"";"";"";"";"";"";"";""
"25/04/2022";"1000";"";"";"";"";"";"";"";"";"";"";"";"";"";"";"";"";""
"25/04/2022";"1100";"";"";"";"";"";"";"";"";"";"";"";"";"";"";"";"";""
"25/04/2022";"1200";"";"";"";"";"";"";"";"";"";"";"";"";"";"";"";"";""
"25/04/2022";"1300";"";"";"";"";"";"";"";"";"";"";"";"";"";"";"";"";""
"25/04/2022";"1400";"";"";"";"";"";"";"";"";"";"";"";"";"";"";"";"";""
"25/04/2022";"1500";"";"";"";"";"";"";"";"";"";"";"";"";"";"";"";"";""
"25/04/2022";"1600";"";"";"";"";"";"";"";"";"";"";"";"";"";"";"";"";""
"25/04/2022";"1700";"";"";"";"";"";"";"";"";"";"";"";"";"";"";"";"";""
"25/04/2022";"1800";"";"";"";"";"";"";"";"";"";"";"";"";"";"";"";"";""
"25/04/2022";"1900";"";"";"";"";"";"";"";"";"";"";"";"";"";"";"";"";""
"25/04/2022";"2000";"";"";"";"";"";"";"";"";"";"";"";"";"";"";"";"";""
"25/04/2022";"2100";"";"";"";"";"";"";"";"";"";"";"";"";"";"";"";"";""
"25/04/2022";"2200";"";"";"";"";"";"";"";"";"";"";"";"";"";"";"";"";""
"25/04/2022";"2300";"";"";"";"";"";"";"";"";"";"";"";"";"";"";"";"";""
"26/04/2022";"0000";"";"";"";"";"";"";"";"";"";"";"";"";"";"";"";"";""
"26/04/2022";"0100";"";"";"";"";"";"";"";"";"";"";"";"";"";"";"";"";""
"26/04/2022";"0200";"";"";"";"";"";"";"";"";"";"";"";"";"";"";"";"";""
"26/04/2022";"0300";"";"";"";"";"";"";"";"";"";"";"";"";"";"";"";"";""
"26/04/2022";"0400";"";"";"";"";"";"";"";"";"";"";"";"";"";"";"";"";""
"26/04/2022";"0500";"";"";"";"";"";"";"";"";"";"";"";"";"";"";"";"";""
"26/04/2022";"0600";"";"";"";"";"";"";"";"";"";"";"";"";"";"";"";"";""
"26/04/2022";"0700";"";"";"";"";"";"";"";"";"";"";"";"";"";"";"";"";""
"26/04/2022";"0800";"";"";"";"";"";"";"";"";"";"";"";"";"";"";"";"";""
"26/04/2022";"0900";"";"";"";"";"";"";"";"";"";"";"";"";"";"";"";"";""
"26/04/2022";"1000";"";"";"";"";"";"";"";"";"";"";"";"";"";"";"";"";""
"26/04/2022";"1100";"";"";"";"";"";"";"";"";"";"";"";"";"";"";"";"";""
"26/04/2022";"1200";"";"";"";"";"";"";"";"";"";"";"";"";"";"";"";"";""
"26/04/2022";"1300";"";"";"";"";"";"";"";"";"";"";"";"";"";"";"";"";""
"26/04/2022";"1400";"";"";"";"";"";"";"";"";"";"";"";"";"";"";"";"";""
"26/04/2022";"1500";"";"";"";"";"";"";"";"";"";"";"";"";"";"";"";"";""
"26/04/2022";"1600";"";"";"";"";"";"";"";"";"";"";"";"";"";"";"";"";""
"26/04/2022";"1700";"";"";"";"";"";"";"";"";"";"";"";"";"";"";"";"";""
"26/04/2022";"1800";"";"";"";"";"";"";"";"";"";"";"";"";"";"";"";"";""
"26/04/2022";"1900";"";"";"";"";"";"";"";"";"";"";"";"";"";"";"";"";""
"26/04/2022";"2000";"";"";"";"";"";"";"";"";"";"";"";"";"";"";"";"";""
"26/04/2022";"2100";"";"";"";"";"";"";"";"";"";"";"";"";"";"";"";"";""
"26/04/2022";"2200";"";"";"";"";"";"";"";"";"";"";"";"";"";"";"";"";""
"26/04/2022";"2300";"";"";"";"";"";"";"";"";"";"";"";"";"";"";"";"";""
"27/04/2022";"0000";"";"";"";"";"";"";"";"";"";"";"";"";"";"";"";"";""
"27/04/2022";"0100";"";"";"";"";"";"";"";"";"";"";"";"";"";"";"";"";""
"27/04/2022";"0200";"";"";"";"";"";"";"";"";"";"";"";"";"";"";"";"";""
"27/04/2022";"0300";"";"";"";"";"";"";"";"";"";"";"";"";"";"";"";"";""
"27/04/2022";"0400";"";"";"";"";"";"";"";"";"";"";"";"";"";"";"";"";""
"27/04/2022";"0500";"";"";"";"";"";"";"";"";"";"";"";"";"";"";"";"";""
"27/04/2022";"0600";"";"";"";"";"";"";"";"";"";"";"";"";"";"";"";"";""
"27/04/2022";"0700";"";"";"";"";"";"";"";"";"";"";"";"";"";"";"";"";""
"27/04/2022";"0800";"";"";"";"";"";"";"";"";"";"";"";"";"";"";"";"";""
"27/04/2022";"0900";"";"";"";"";"";"";"";"";"";"";"";"";"";"";"";"";""
"27/04/2022";"1000";"";"";"";"";"";"";"";"";"";"";"";"";"";"";"";"";""
"27/04/2022";"1100";"";"";"";"";"";"";"";"";"";"";"";"";"";"";"";"";""
"27/04/2022";"1200";"";"";"";"";"";"";"";"";"";"";"";"";"";"";"";"";""
"27/04/2022";"1300";"";"";"";"";"";"";"";"";"";"";"";"";"";"";"";"";""
"27/04/2022";"1400";"";"";"";"";"";"";"";"";"";"";"";"";"";"";"";"";""
"27/04/2022";"1500";"";"";"";"";"";"";"";"";"";"";"";"";"";"";"";"";""
"27/04/2022";"1600";"";"";"";"";"";"";"";"";"";"";"";"";"";"";"";"";""
"27/04/2022";"1700";"";"";"";"";"";"";"";"";"";"";"";"";"";"";"";"";""
"27/04/2022";"1800";"";"";"";"";"";"";"";"";"";"";"";"";"";"";"";"";""
"27/04/2022";"1900";"";"";"";"";"";"";"";"";"";"";"";"";"";"";"";"";""
"27/04/2022";"2000";"";"";"";"";"";"";"";"";"";"";"";"";"";"";"";"";""
"27/04/2022";"2100";"";"";"";"";"";"";"";"";"";"";"";"";"";"";"";"";""
"27/04/2022";"2200";"";"";"";"";"";"";"";"";"";"";"";"";"";"";"";"";""
"27/04/2022";"2300";"";"";"";"";"";"";"";"";"";"";"";"";"";"";"";"";""
"28/04/2022";"0000";"";"";"";"";"";"";"";"";"";"";"";"";"";"";"";"";""
"28/04/2022";"0100";"";"";"";"";"";"";"";"";"";"";"";"";"";"";"";"";""
"28/04/2022";"0200";"";"";"";"";"";"";"";"";"";"";"";"";"";"";"";"";""
"28/04/2022";"0300";"";"";"";"";"";"";"";"";"";"";"";"";"";"";"";"";""
"28/04/2022";"0400";"";"";"";"";"";"";"";"";"";"";"";"";"";"";"";"";""
"28/04/2022";"0500";"";"";"";"";"";"";"";"";"";"";"";"";"";"";"";"";""
"28/04/2022";"0600";"";"";"";"";"";"";"";"";"";"";"";"";"";"";"";"";""
"28/04/2022";"0700";"";"";"";"";"";"";"";"";"";"";"";"";"";"";"";"";""
"28/04/2022";"0800";"";"";"";"";"";"";"";"";"";"";"";"";"";"";"";"";""
"28/04/2022";"0900";"";"";"";"";"";"";"";"";"";"";"";"";"";"";"";"";""
"28/04/2022";"1000";"";"";"";"";"";"";"";"";"";"";"";"";"";"";"";"";""
"28/04/2022";"1100";"";"";"";"";"";"";"";"";"";"";"";"";"";"";"";"";""
"28/04/2022";"1200";"";"";"";"";"";"";"";"";"";"";"";"";"";"";"";"";""
"28/04/2022";"1300";"";"";"";"";"";"";"";"";"";"";"";"";"";"";"";"";""
"28/04/2022";"1400";"";"";"";"";"";"";"";"";"";"";"";"";"";"";"";"";""
"28/04/2022";"1500";"";"";"";"";"";"";"";"";"";"";"";"";"";"";"";"";""
"28/04/2022";"1600";"";"";"";"";"";"";"";"";"";"";"";"";"";"";"";"";""
"28/04/2022";"1700";"";"";"";"";"";"";"";"";"";"";"";"";"";"";"";"";""
"28/04/2022";"1800";"";"";"";"";"";"";"";"";"";"";"";"";"";"";"";"";""
"28/04/2022";"1900";"";"";"";"";"";"";"";"";"";"";"";"";"";"";"";"";""
"28/04/2022";"2000";"";"";"";"";"";"";"";"";"";"";"";"";"";"";"";"";""
"28/04/2022";"2100";"";"";"";"";"";"";"";"";"";"";"";"";"";"";"";"";""
"28/04/2022";"2200";"";"";"";"";"";"";"";"";"";"";"";"";"";"";"";"";""
"28/04/2022";"2300";"";"";"";"";"";"";"";"";"";"";"";"";"";"";"";"";""
"29/04/2022";"0000";"";"";"";"";"";"";"";"";"";"";"";"";"";"";"";"";""
"29/04/2022";"0100";"";"";"";"";"";"";"";"";"";"";"";"";"";"";"";"";""
"29/04/2022";"0200";"";"";"";"";"";"";"";"";"";"";"";"";"";"";"";"";""
"29/04/2022";"0300";"";"";"";"";"";"";"";"";"";"";"";"";"";"";"";"";""
"29/04/2022";"0400";"";"";"";"";"";"";"";"";"";"";"";"";"";"";"";"";""
"29/04/2022";"0500";"";"";"";"";"";"";"";"";"";"";"";"";"";"";"";"";""
"29/04/2022";"0600";"";"";"";"";"";"";"";"";"";"";"";"";"";"";"";"";""
"29/04/2022";"0700";"";"";"";"";"";"";"";"";"";"";"";"";"";"";"";"";""
"29/04/2022";"0800";"";"";"";"";"";"";"";"";"";"";"";"";"";"";"";"";""
"29/04/2022";"0900";"";"";"";"";"";"";"";"";"";"";"";"";"";"";"";"";""
"29/04/2022";"1000";"";"";"";"";"";"";"";"";"";"";"";"";"";"";"";"";""
"29/04/2022";"1100";"";"";"";"";"";"";"";"";"";"";"";"";"";"";"";"";""
"29/04/2022";"1200";"";"";"";"";"";"";"";"";"";"";"";"";"";"";"";"";""
"29/04/2022";"1300";"";"";"";"";"";"";"";"";"";"";"";"";"";"";"";"";""
"29/04/2022";"1400";"";"";"";"";"";"";"";"";"";"";"";"";"";"";"";"";""
"29/04/2022";"1500";"";"";"";"";"";"";"";"";"";"";"";"";"";"";"";"";""
"29/04/2022";"1600";"";"";"";"";"";"";"";"";"";"";"";"";"";"";"";"";""
"29/04/2022";"1700";"";"";"";"";"";"";"";"";"";"";"";"";"";"";"";"";""
"29/04/2022";"1800";"";"";"";"";"";"";"";"";"";"";"";"";"";"";"";"";""
"29/04/2022";"1900";"";"";"";"";"";"";"";"";"";"";"";"";"";"";"";"";""
"29/04/2022";"2000";"";"";"";"";"";"";"";"";"";"";"";"";"";"";"";"";""
"29/04/2022";"2100";"";"";"";"";"";"";"";"";"";"";"";"";"";"";"";"";""
"29/04/2022";"2200";"";"";"";"";"";"";"";"";"";"";"";"";"";"";"";"";""
"29/04/2022";"2300";"";"";"";"";"";"";"";"";"";"";"";"";"";"";"";"";""
"30/04/2022";"0000";"";"";"";"";"";"";"";"";"";"";"";"";"";"";"";"";""
"30/04/2022";"0100";"";"";"";"";"";"";"";"";"";"";"";"";"";"";"";"";""
"30/04/2022";"0200";"";"";"";"";"";"";"";"";"";"";"";"";"";"";"";"";""
"30/04/2022";"0300";"";"";"";"";"";"";"";"";"";"";"";"";"";"";"";"";""
"30/04/2022";"0400";"";"";"";"";"";"";"";"";"";"";"";"";"";"";"";"";""
"30/04/2022";"0500";"";"";"";"";"";"";"";"";"";"";"";"";"";"";"";"";""
"30/04/2022";"0600";"";"";"";"";"";"";"";"";"";"";"";"";"";"";"";"";""
"30/04/2022";"0700";"";"";"";"";"";"";"";"";"";"";"";"";"";"";"";"";""
"30/04/2022";"0800";"";"";"";"";"";"";"";"";"";"";"";"";"";"";"";"";""
"30/04/2022";"0900";"";"";"";"";"";"";"";"";"";"";"";"";"";"";"";"";""
"30/04/2022";"1000";"";"";"";"";"";"";"";"";"";"";"";"";"";"";"";"";""
"30/04/2022";"1100";"";"";"";"";"";"";"";"";"";"";"";"";"";"";"";"";""
"30/04/2022";"1200";"";"";"";"";"";"";"";"";"";"";"";"";"";"";"";"";""
"30/04/2022";"1300";"";"";"";"";"";"";"";"";"";"";"";"";"";"";"";"";""
"30/04/2022";"1400";"";"";"";"";"";"";"";"";"";"";"";"";"";"";"";"";""
"30/04/2022";"1500";"";"";"";"";"";"";"";"";"";"";"";"";"";"";"";"";""
"30/04/2022";"1600";"";"";"";"";"";"";"";"";"";"";"";"";"";"";"";"";""
"30/04/2022";"1700";"";"";"";"";"";"";"";"";"";"";"";"";"";"";"";"";""
"30/04/2022";"1800";"";"";"";"";"";"";"";"";"";"";"";"";"";"";"";"";""
"30/04/2022";"1900";"";"";"";"";"";"";"";"";"";"";"";"";"";"";"";"";""
"30/04/2022";"2000";"";"";"";"";"";"";"";"";"";"";"";"";"";"";"";"";""
"30/04/2022";"2100";"";"";"";"";"";"";"";"";"";"";"";"";"";"";"";"";""
"30/04/2022";"2200";"";"";"";"";"";"";"";"";"";"";"";"";"";"";"";"";""
"30/04/2022";"2300";"";"";"";"";"";"";"";"";"";"";"";"";"";"";"";"";""
"01/05/2022";"0000";"";"";"";"";"";"";"";"";"";"";"";"";"";"";"";"";""
"01/05/2022";"0100";"";"";"";"";"";"";"";"";"";"";"";"";"";"";"";"";""
"01/05/2022";"0200";"";"";"";"";"";"";"";"";"";"";"";"";"";"";"";"";""
"01/05/2022";"0300";"";"";"";"";"";"";"";"";"";"";"";"";"";"";"";"";""
"01/05/2022";"0400";"";"";"";"";"";"";"";"";"";"";"";"";"";"";"";"";""
"01/05/2022";"0500";"";"";"";"";"";"";"";"";"";"";"";"";"";"";"";"";""
"01/05/2022";"0600";"";"";"";"";"";"";"";"";"";"";"";"";"";"";"";"";""
"01/05/2022";"0700";"";"";"";"";"";"";"";"";"";"";"";"";"";"";"";"";""
"01/05/2022";"0800";"";"";"";"";"";"";"";"";"";"";"";"";"";"";"";"";""
"01/05/2022";"0900";"";"";"";"";"";"";"";"";"";"";"";"";"";"";"";"";""
"01/05/2022";"1000";"";"";"";"";"";"";"";"";"";"";"";"";"";"";"";"";""
"01/05/2022";"1100";"";"";"";"";"";"";"";"";"";"";"";"";"";"";"";"";""
"01/05/2022";"1200";"";"";"";"";"";"";"";"";"";"";"";"";"";"";"";"";""
"01/05/2022";"1300";"";"";"";"";"";"";"";"";"";"";"";"";"";"";"";"";""
"01/05/2022";"1400";"";"";"";"";"";"";"";"";"";"";"";"";"";"";"";"";""
"01/05/2022";"1500";"";"";"";"";"";"";"";"";"";"";"";"";"";"";"";"";""
"01/05/2022";"1600";"";"";"";"";"";"";"";"";"";"";"";"";"";"";"";"";""
"01/05/2022";"1700";"";"";"";"";"";"";"";"";"";"";"";"";"";"";"";"";""
"01/05/2022";"1800";"";"";"";"";"";"";"";"";"";"";"";"";"";"";"";"";""
"01/05/2022";"1900";"";"";"";"";"";"";"";"";"";"";"";"";"";"";"";"";""
"01/05/2022";"2000";"";"";"";"";"";"";"";"";"";"";"";"";"";"";"";"";""
"01/05/2022";"2100";"";"";"";"";"";"";"";"";"";"";"";"";"";"";"";"";""
"01/05/2022";"2200";"";"";"";"";"";"";"";"";"";"";"";"";"";"";"";"";""
"01/05/2022";"2300";"";"";"";"";"";"";"";"";"";"";"";"";"";"";"";"";""
"02/05/2022";"0000";"";"";"";"";"";"";"";"";"";"";"";"";"";"";"";"";""
"02/05/2022";"0100";"";"";"";"";"";"";"";"";"";"";"";"";"";"";"";"";""
"02/05/2022";"0200";"";"";"";"";"";"";"";"";"";"";"";"";"";"";"";"";""
"02/05/2022";"0300";"";"";"";"";"";"";"";"";"";"";"";"";"";"";"";"";""
"02/05/2022";"0400";"";"";"";"";"";"";"";"";"";"";"";"";"";"";"";"";""
"02/05/2022";"0500";"";"";"";"";"";"";"";"";"";"";"";"";"";"";"";"";""
"02/05/2022";"0600";"";"";"";"";"";"";"";"";"";"";"";"";"";"";"";"";""
"02/05/2022";"0700";"";"";"";"";"";"";"";"";"";"";"";"";"";"";"";"";""
"02/05/2022";"0800";"";"";"";"";"";"";"";"";"";"";"";"";"";"";"";"";""
"02/05/2022";"0900";"";"";"";"";"";"";"";"";"";"";"";"";"";"";"";"";""
"02/05/2022";"1000";"";"";"";"";"";"";"";"";"";"";"";"";"";"";"";"";""
"02/05/2022";"1100";"";"";"";"";"";"";"";"";"";"";"";"";"";"";"";"";""
"02/05/2022";"1200";"";"";"";"";"";"";"";"";"";"";"";"";"";"";"";"";""
"02/05/2022";"1300";"";"";"";"";"";"";"";"";"";"";"";"";"";"";"";"";""
"02/05/2022";"1400";"";"";"";"";"";"";"";"";"";"";"";"";"";"";"";"";""
"02/05/2022";"1500";"";"";"";"";"";"";"";"";"";"";"";"";"";"";"";"";""
"02/05/2022";"1600";"";"";"";"";"";"";"";"";"";"";"";"";"";"";"";"";""
"02/05/2022";"1700";"";"";"";"";"";"";"";"";"";"";"";"";"";"";"";"";""
"02/05/2022";"1800";"";"";"";"";"";"";"";"";"";"";"";"";"";"";"";"";""
"02/05/2022";"1900";"";"";"";"";"";"";"";"";"";"";"";"";"";"";"";"";""
"02/05/2022";"2000";"";"";"";"";"";"";"";"";"";"";"";"";"";"";"";"";""
"02/05/2022";"2100";"";"";"";"";"";"";"";"";"";"";"";"";"";"";"";"";""
"02/05/2022";"2200";"";"";"";"";"";"";"";"";"";"";"";"";"";"";"";"";""
"02/05/2022";"2300";"";"";"";"";"";"";"";"";"";"";"";"";"";"";"";"";""
"03/05/2022";"0000";"";"";"";"";"";"";"";"";"";"";"";"";"";"";"";"";""
"03/05/2022";"0100";"";"";"";"";"";"";"";"";"";"";"";"";"";"";"";"";""
"03/05/2022";"0200";"";"";"";"";"";"";"";"";"";"";"";"";"";"";"";"";""
"03/05/2022";"0300";"";"";"";"";"";"";"";"";"";"";"";"";"";"";"";"";""
"03/05/2022";"0400";"";"";"";"";"";"";"";"";"";"";"";"";"";"";"";"";""
"03/05/2022";"0500";"";"";"";"";"";"";"";"";"";"";"";"";"";"";"";"";""
"03/05/2022";"0600";"";"";"";"";"";"";"";"";"";"";"";"";"";"";"";"";""
"03/05/2022";"0700";"";"";"";"";"";"";"";"";"";"";"";"";"";"";"";"";""
"03/05/2022";"0800";"";"";"";"";"";"";"";"";"";"";"";"";"";"";"";"";""
"03/05/2022";"0900";"";"";"";"";"";"";"";"";"";"";"";"";"";"";"";"";""
"03/05/2022";"1000";"";"";"";"";"";"";"";"";"";"";"";"";"";"";"";"";""
"03/05/2022";"1100";"";"";"";"";"";"";"";"";"";"";"";"";"";"";"";"";""
"03/05/2022";"1200";"";"";"";"";"";"";"";"";"";"";"";"";"";"";"";"";""
"03/05/2022";"1300";"";"";"";"";"";"";"";"";"";"";"";"";"";"";"";"";""
"03/05/2022";"1400";"";"";"";"";"";"";"";"";"";"";"";"";"";"";"";"";""
"03/05/2022";"1500";"";"";"";"";"";"";"";"";"";"";"";"";"";"";"";"";""
"03/05/2022";"1600";"";"";"";"";"";"";"";"";"";"";"";"";"";"";"";"";""
"03/05/2022";"1700";"";"";"";"";"";"";"";"";"";"";"";"";"";"";"";"";""
"03/05/2022";"1800";"";"";"";"";"";"";"";"";"";"";"";"";"";"";"";"";""
"03/05/2022";"1900";"";"";"";"";"";"";"";"";"";"";"";"";"";"";"";"";""
"03/05/2022";"2000";"";"";"";"";"";"";"";"";"";"";"";"";"";"";"";"";""
"03/05/2022";"2100";"";"";"";"";"";"";"";"";"";"";"";"";"";"";"";"";""
"03/05/2022";"2200";"";"";"";"";"";"";"";"";"";"";"";"";"";"";"";"";""
"03/05/2022";"2300";"";"";"";"";"";"";"";"";"";"";"";"";"";"";"";"";""
"04/05/2022";"0000";"";"";"";"";"";"";"";"";"";"";"";"";"";"";"";"";""
"04/05/2022";"0100";"";"";"";"";"";"";"";"";"";"";"";"";"";"";"";"";""
"04/05/2022";"0200";"";"";"";"";"";"";"";"";"";"";"";"";"";"";"";"";""
"04/05/2022";"0300";"";"";"";"";"";"";"";"";"";"";"";"";"";"";"";"";""
"04/05/2022";"0400";"";"";"";"";"";"";"";"";"";"";"";"";"";"";"";"";""
"04/05/2022";"0500";"";"";"";"";"";"";"";"";"";"";"";"";"";"";"";"";""
"04/05/2022";"0600";"";"";"";"";"";"";"";"";"";"";"";"";"";"";"";"";""
"04/05/2022";"0700";"";"";"";"";"";"";"";"";"";"";"";"";"";"";"";"";""
"04/05/2022";"0800";"";"";"";"";"";"";"";"";"";"";"";"";"";"";"";"";""
"04/05/2022";"0900";"";"";"";"";"";"";"";"";"";"";"";"";"";"";"";"";""
"04/05/2022";"1000";"";"";"";"";"";"";"";"";"";"";"";"";"";"";"";"";""
"04/05/2022";"1100";"";"";"";"";"";"";"";"";"";"";"";"";"";"";"";"";""
"04/05/2022";"1200";"";"";"";"";"";"";"";"";"";"";"";"";"";"";"";"";""
"04/05/2022";"1300";"";"";"";"";"";"";"";"";"";"";"";"";"";"";"";"";""
"04/05/2022";"1400";"";"";"";"";"";"";"";"";"";"";"";"";"";"";"";"";""
"04/05/2022";"1500";"";"";"";"";"";"";"";"";"";"";"";"";"";"";"";"";""
"04/05/2022";"1600";"";"";"";"";"";"";"";"";"";"";"";"";"";"";"";"";""
"04/05/2022";"1700";"";"";"";"";"";"";"";"";"";"";"";"";"";"";"";"";""
"04/05/2022";"1800";"";"";"";"";"";"";"";"";"";"";"";"";"";"";"";"";""
"04/05/2022";"1900";"";"";"";"";"";"";"";"";"";"";"";"";"";"";"";"";""
"04/05/2022";"2000";"";"";"";"";"";"";"";"";"";"";"";"";"";"";"";"";""
"04/05/2022";"2100";"";"";"";"";"";"";"";"";"";"";"";"";"";"";"";"";""
"04/05/2022";"2200";"";"";"";"";"";"";"";"";"";"";"";"";"";"";"";"";""
"04/05/2022";"2300";"";"";"";"";"";"";"";"";"";"";"";"";"";"";"";"";""
"05/05/2022";"0000";"";"";"";"";"";"";"";"";"";"";"";"";"";"";"";"";""
"05/05/2022";"0100";"";"";"";"";"";"";"";"";"";"";"";"";"";"";"";"";""
"05/05/2022";"0200";"";"";"";"";"";"";"";"";"";"";"";"";"";"";"";"";""
"05/05/2022";"0300";"";"";"";"";"";"";"";"";"";"";"";"";"";"";"";"";""
"05/05/2022";"0400";"";"";"";"";"";"";"";"";"";"";"";"";"";"";"";"";""
"05/05/2022";"0500";"";"";"";"";"";"";"";"";"";"";"";"";"";"";"";"";""
"05/05/2022";"0600";"";"";"";"";"";"";"";"";"";"";"";"";"";"";"";"";""
"05/05/2022";"0700";"";"";"";"";"";"";"";"";"";"";"";"";"";"";"";"";""
"05/05/2022";"0800";"";"";"";"";"";"";"";"";"";"";"";"";"";"";"";"";""
"05/05/2022";"0900";"";"";"";"";"";"";"";"";"";"";"";"";"";"";"";"";""
"05/05/2022";"1000";"";"";"";"";"";"";"";"";"";"";"";"";"";"";"";"";""
"05/05/2022";"1100";"";"";"";"";"";"";"";"";"";"";"";"";"";"";"";"";""
"05/05/2022";"1200";"";"";"";"";"";"";"";"";"";"";"";"";"";"";"";"";""
"05/05/2022";"1300";"";"";"";"";"";"";"";"";"";"";"";"";"";"";"";"";""
"05/05/2022";"1400";"";"";"";"";"";"";"";"";"";"";"";"";"";"";"";"";""
"05/05/2022";"1500";"";"";"";"";"";"";"";"";"";"";"";"";"";"";"";"";""
"05/05/2022";"1600";"";"";"";"";"";"";"";"";"";"";"";"";"";"";"";"";""
"05/05/2022";"1700";"";"";"";"";"";"";"";"";"";"";"";"";"";"";"";"";""
"05/05/2022";"1800";"";"";"";"";"";"";"";"";"";"";"";"";"";"";"";"";""
"05/05/2022";"1900";"";"";"";"";"";"";"";"";"";"";"";"";"";"";"";"";""
"05/05/2022";"2000";"";"";"";"";"";"";"";"";"";"";"";"";"";"";"";"";""
"05/05/2022";"2100";"";"";"";"";"";"";"";"";"";"";"";"";"";"";"";"";""
"05/05/2022";"2200";"";"";"";"";"";"";"";"";"";"";"";"";"";"";"";"";""
"05/05/2022";"2300";"";"";"";"";"";"";"";"";"";"";"";"";"";"";"";"";""
"06/05/2022";"0000";"";"";"";"";"";"";"";"";"";"";"";"";"";"";"";"";""
"06/05/2022";"0100";"";"";"";"";"";"";"";"";"";"";"";"";"";"";"";"";""
"06/05/2022";"0200";"";"";"";"";"";"";"";"";"";"";"";"";"";"";"";"";""
"06/05/2022";"0300";"";"";"";"";"";"";"";"";"";"";"";"";"";"";"";"";""
"06/05/2022";"0400";"";"";"";"";"";"";"";"";"";"";"";"";"";"";"";"";""
"06/05/2022";"0500";"";"";"";"";"";"";"";"";"";"";"";"";"";"";"";"";""
"06/05/2022";"0600";"";"";"";"";"";"";"";"";"";"";"";"";"";"";"";"";""
"06/05/2022";"0700";"";"";"";"";"";"";"";"";"";"";"";"";"";"";"";"";""
"06/05/2022";"0800";"";"";"";"";"";"";"";"";"";"";"";"";"";"";"";"";""
"06/05/2022";"0900";"";"";"";"";"";"";"";"";"";"";"";"";"";"";"";"";""
"06/05/2022";"1000";"";"";"";"";"";"";"";"";"";"";"";"";"";"";"";"";""
"06/05/2022";"1100";"";"";"";"";"";"";"";"";"";"";"";"";"";"";"";"";""
"06/05/2022";"1200";"";"";"";"";"";"";"";"";"";"";"";"";"";"";"";"";""
"06/05/2022";"1300";"";"";"";"";"";"";"";"";"";"";"";"";"";"";"";"";""
"06/05/2022";"1400";"";"";"";"";"";"";"";"";"";"";"";"";"";"";"";"";""
"06/05/2022";"1500";"";"";"";"";"";"";"";"";"";"";"";"";"";"";"";"";""
"06/05/2022";"1600";"";"";"";"";"";"";"";"";"";"";"";"";"";"";"";"";""
"06/05/2022";"1700";"";"";"";"";"";"";"";"";"";"";"";"";"";"";"";"";""
"06/05/2022";"1800";"";"";"";"";"";"";"";"";"";"";"";"";"";"";"";"";""
"06/05/2022";"1900";"";"";"";"";"";"";"";"";"";"";"";"";"";"";"";"";""
"06/05/2022";"2000";"";"";"";"";"";"";"";"";"";"";"";"";"";"";"";"";""
"06/05/2022";"2100";"";"";"";"";"";"";"";"";"";"";"";"";"";"";"";"";""
"06/05/2022";"2200";"";"";"";"";"";"";"";"";"";"";"";"";"";"";"";"";""
"06/05/2022";"2300";"";"";"";"";"";"";"";"";"";"";"";"";"";"";"";"";""
"07/05/2022";"0000";"";"";"";"";"";"";"";"";"";"";"";"";"";"";"";"";""
"07/05/2022";"0100";"";"";"";"";"";"";"";"";"";"";"";"";"";"";"";"";""
"07/05/2022";"0200";"";"";"";"";"";"";"";"";"";"";"";"";"";"";"";"";""
"07/05/2022";"0300";"";"";"";"";"";"";"";"";"";"";"";"";"";"";"";"";""
"07/05/2022";"0400";"";"";"";"";"";"";"";"";"";"";"";"";"";"";"";"";""
"07/05/2022";"0500";"";"";"";"";"";"";"";"";"";"";"";"";"";"";"";"";""
"07/05/2022";"0600";"";"";"";"";"";"";"";"";"";"";"";"";"";"";"";"";""
"07/05/2022";"0700";"";"";"";"";"";"";"";"";"";"";"";"";"";"";"";"";""
"07/05/2022";"0800";"";"";"";"";"";"";"";"";"";"";"";"";"";"";"";"";""
"07/05/2022";"0900";"";"";"";"";"";"";"";"";"";"";"";"";"";"";"";"";""
"07/05/2022";"1000";"";"";"";"";"";"";"";"";"";"";"";"";"";"";"";"";""
"07/05/2022";"1100";"";"";"";"";"";"";"";"";"";"";"";"";"";"";"";"";""
"07/05/2022";"1200";"";"";"";"";"";"";"";"";"";"";"";"";"";"";"";"";""
"07/05/2022";"1300";"";"";"";"";"";"";"";"";"";"";"";"";"";"";"";"";""
"07/05/2022";"1400";"";"";"";"";"";"";"";"";"";"";"";"";"";"";"";"";""
"07/05/2022";"1500";"";"";"";"";"";"";"";"";"";"";"";"";"";"";"";"";""
"07/05/2022";"1600";"";"";"";"";"";"";"";"";"";"";"";"";"";"";"";"";""
"07/05/2022";"1700";"";"";"";"";"";"";"";"";"";"";"";"";"";"";"";"";""
"07/05/2022";"1800";"";"";"";"";"";"";"";"";"";"";"";"";"";"";"";"";""
"07/05/2022";"1900";"";"";"";"";"";"";"";"";"";"";"";"";"";"";"";"";""
"07/05/2022";"2000";"";"";"";"";"";"";"";"";"";"";"";"";"";"";"";"";""
"07/05/2022";"2100";"";"";"";"";"";"";"";"";"";"";"";"";"";"";"";"";""
"07/05/2022";"2200";"";"";"";"";"";"";"";"";"";"";"";"";"";"";"";"";""
"07/05/2022";"2300";"";"";"";"";"";"";"";"";"";"";"";"";"";"";"";"";""
"08/05/2022";"0000";"";"";"";"";"";"";"";"";"";"";"";"";"";"";"";"";""
"08/05/2022";"0100";"";"";"";"";"";"";"";"";"";"";"";"";"";"";"";"";""
"08/05/2022";"0200";"";"";"";"";"";"";"";"";"";"";"";"";"";"";"";"";""
"08/05/2022";"0300";"";"";"";"";"";"";"";"";"";"";"";"";"";"";"";"";""
"08/05/2022";"0400";"";"";"";"";"";"";"";"";"";"";"";"";"";"";"";"";""
"08/05/2022";"0500";"";"";"";"";"";"";"";"";"";"";"";"";"";"";"";"";""
"08/05/2022";"0600";"";"";"";"";"";"";"";"";"";"";"";"";"";"";"";"";""
"08/05/2022";"0700";"";"";"";"";"";"";"";"";"";"";"";"";"";"";"";"";""
"08/05/2022";"0800";"";"";"";"";"";"";"";"";"";"";"";"";"";"";"";"";""
"08/05/2022";"0900";"";"";"";"";"";"";"";"";"";"";"";"";"";"";"";"";""
"08/05/2022";"1000";"";"";"";"";"";"";"";"";"";"";"";"";"";"";"";"";""
"08/05/2022";"1100";"";"";"";"";"";"";"";"";"";"";"";"";"";"";"";"";""
"08/05/2022";"1200";"";"";"";"";"";"";"";"";"";"";"";"";"";"";"";"";""
"08/05/2022";"1300";"";"";"";"";"";"";"";"";"";"";"";"";"";"";"";"";""
"08/05/2022";"1400";"";"";"";"";"";"";"";"";"";"";"";"";"";"";"";"";""
"08/05/2022";"1500";"";"";"";"";"";"";"";"";"";"";"";"";"";"";"";"";""
"08/05/2022";"1600";"";"";"";"";"";"";"";"";"";"";"";"";"";"";"";"";""
"08/05/2022";"1700";"";"";"";"";"";"";"";"";"";"";"";"";"";"";"";"";""
"08/05/2022";"1800";"";"";"";"";"";"";"";"";"";"";"";"";"";"";"";"";""
"08/05/2022";"1900";"";"";"";"";"";"";"";"";"";"";"";"";"";"";"";"";""
"08/05/2022";"2000";"";"";"";"";"";"";"";"";"";"";"";"";"";"";"";"";""
"08/05/2022";"2100";"";"";"";"";"";"";"";"";"";"";"";"";"";"";"";"";""
"08/05/2022";"2200";"";"";"";"";"";"";"";"";"";"";"";"";"";"";"";"";""
"08/05/2022";"2300";"";"";"";"";"";"";"";"";"";"";"";"";"";"";"";"";""
"09/05/2022";"0000";"";"";"";"";"";"";"";"";"";"";"";"";"";"";"";"";""
"09/05/2022";"0100";"";"";"";"";"";"";"";"";"";"";"";"";"";"";"";"";""
"09/05/2022";"0200";"";"";"";"";"";"";"";"";"";"";"";"";"";"";"";"";""
"09/05/2022";"0300";"";"";"";"";"";"";"";"";"";"";"";"";"";"";"";"";""
"09/05/2022";"0400";"";"";"";"";"";"";"";"";"";"";"";"";"";"";"";"";""
"09/05/2022";"0500";"";"";"";"";"";"";"";"";"";"";"";"";"";"";"";"";""
"09/05/2022";"0600";"";"";"";"";"";"";"";"";"";"";"";"";"";"";"";"";""
"09/05/2022";"0700";"";"";"";"";"";"";"";"";"";"";"";"";"";"";"";"";""
"09/05/2022";"0800";"";"";"";"";"";"";"";"";"";"";"";"";"";"";"";"";""
"09/05/2022";"0900";"";"";"";"";"";"";"";"";"";"";"";"";"";"";"";"";""
"09/05/2022";"1000";"";"";"";"";"";"";"";"";"";"";"";"";"";"";"";"";""
"09/05/2022";"1100";"";"";"";"";"";"";"";"";"";"";"";"";"";"";"";"";""
"09/05/2022";"1200";"";"";"";"";"";"";"";"";"";"";"";"";"";"";"";"";""
"09/05/2022";"1300";"";"";"";"";"";"";"";"";"";"";"";"";"";"";"";"";""
"09/05/2022";"1400";"";"";"";"";"";"";"";"";"";"";"";"";"";"";"";"";""
"09/05/2022";"1500";"";"";"";"";"";"";"";"";"";"";"";"";"";"";"";"";""
"09/05/2022";"1600";"";"";"";"";"";"";"";"";"";"";"";"";"";"";"";"";""
"09/05/2022";"1700";"";"";"";"";"";"";"";"";"";"";"";"";"";"";"";"";""
"09/05/2022";"1800";"";"";"";"";"";"";"";"";"";"";"";"";"";"";"";"";""
"09/05/2022";"1900";"";"";"";"";"";"";"";"";"";"";"";"";"";"";"";"";""
"09/05/2022";"2000";"";"";"";"";"";"";"";"";"";"";"";"";"";"";"";"";""
"09/05/2022";"2100";"";"";"";"";"";"";"";"";"";"";"";"";"";"";"";"";""
"09/05/2022";"2200";"";"";"";"";"";"";"";"";"";"";"";"";"";"";"";"";""
"09/05/2022";"2300";"";"";"";"";"";"";"";"";"";"";"";"";"";"";"";"";""
"10/05/2022";"0000";"";"";"";"";"";"";"";"";"";"";"";"";"";"";"";"";""
"10/05/2022";"0100";"";"";"";"";"";"";"";"";"";"";"";"";"";"";"";"";""
"10/05/2022";"0200";"";"";"";"";"";"";"";"";"";"";"";"";"";"";"";"";""
"10/05/2022";"0300";"";"";"";"";"";"";"";"";"";"";"";"";"";"";"";"";""
"10/05/2022";"0400";"";"";"";"";"";"";"";"";"";"";"";"";"";"";"";"";""
"10/05/2022";"0500";"";"";"";"";"";"";"";"";"";"";"";"";"";"";"";"";""
"10/05/2022";"0600";"";"";"";"";"";"";"";"";"";"";"";"";"";"";"";"";""
"10/05/2022";"0700";"";"";"";"";"";"";"";"";"";"";"";"";"";"";"";"";""
"10/05/2022";"0800";"";"";"";"";"";"";"";"";"";"";"";"";"";"";"";"";""
"10/05/2022";"0900";"";"";"";"";"";"";"";"";"";"";"";"";"";"";"";"";""
"10/05/2022";"1000";"";"";"";"";"";"";"";"";"";"";"";"";"";"";"";"";""
"10/05/2022";"1100";"";"";"";"";"";"";"";"";"";"";"";"";"";"";"";"";""
"10/05/2022";"1200";"";"";"";"";"";"";"";"";"";"";"";"";"";"";"";"";""
"10/05/2022";"1300";"";"";"";"";"";"";"";"";"";"";"";"";"";"";"";"";""
"10/05/2022";"1400";"";"";"";"";"";"";"";"";"";"";"";"";"";"";"";"";""
"10/05/2022";"1500";"";"";"";"";"";"";"";"";"";"";"";"";"";"";"";"";""
"10/05/2022";"1600";"";"";"";"";"";"";"";"";"";"";"";"";"";"";"";"";""
"10/05/2022";"1700";"";"";"";"";"";"";"";"";"";"";"";"";"";"";"";"";""
"10/05/2022";"1800";"";"";"";"";"";"";"";"";"";"";"";"";"";"";"";"";""
"10/05/2022";"1900";"";"";"";"";"";"";"";"";"";"";"";"";"";"";"";"";""
"10/05/2022";"2000";"";"";"";"";"";"";"";"";"";"";"";"";"";"";"";"";""
"10/05/2022";"2100";"";"";"";"";"";"";"";"";"";"";"";"";"";"";"";"";""
"10/05/2022";"2200";"";"";"";"";"";"";"";"";"";"";"";"";"";"";"";"";""
"10/05/2022";"2300";"";"";"";"";"";"";"";"";"";"";"";"";"";"";"";"";""
"11/05/2022";"0000";"";"";"";"";"";"";"";"";"";"";"";"";"";"";"";"";""
"11/05/2022";"0100";"";"";"";"";"";"";"";"";"";"";"";"";"";"";"";"";""
"11/05/2022";"0200";"";"";"";"";"";"";"";"";"";"";"";"";"";"";"";"";""
"11/05/2022";"0300";"";"";"";"";"";"";"";"";"";"";"";"";"";"";"";"";""
"11/05/2022";"0400";"";"";"";"";"";"";"";"";"";"";"";"";"";"";"";"";""
"11/05/2022";"0500";"";"";"";"";"";"";"";"";"";"";"";"";"";"";"";"";""
"11/05/2022";"0600";"";"";"";"";"";"";"";"";"";"";"";"";"";"";"";"";""
"11/05/2022";"0700";"";"";"";"";"";"";"";"";"";"";"";"";"";"";"";"";""
"11/05/2022";"0800";"";"";"";"";"";"";"";"";"";"";"";"";"";"";"";"";""
"11/05/2022";"0900";"";"";"";"";"";"";"";"";"";"";"";"";"";"";"";"";""
"11/05/2022";"1000";"";"";"";"";"";"";"";"";"";"";"";"";"";"";"";"";""
"11/05/2022";"1100";"";"";"";"";"";"";"";"";"";"";"";"";"";"";"";"";""
"11/05/2022";"1200";"";"";"";"";"";"";"";"";"";"";"";"";"";"";"";"";""
"11/05/2022";"1300";"";"";"";"";"";"";"";"";"";"";"";"";"";"";"";"";""
"11/05/2022";"1400";"";"";"";"";"";"";"";"";"";"";"";"";"";"";"";"";""
"11/05/2022";"1500";"";"";"";"";"";"";"";"";"";"";"";"";"";"";"";"";""
"11/05/2022";"1600";"";"";"";"";"";"";"";"";"";"";"";"";"";"";"";"";""
"11/05/2022";"1700";"";"";"";"";"";"";"";"";"";"";"";"";"";"";"";"";""
"11/05/2022";"1800";"";"";"";"";"";"";"";"";"";"";"";"";"";"";"";"";""
"11/05/2022";"1900";"";"";"";"";"";"";"";"";"";"";"";"";"";"";"";"";""
"11/05/2022";"2000";"";"";"";"";"";"";"";"";"";"";"";"";"";"";"";"";""
"11/05/2022";"2100";"";"";"";"";"";"";"";"";"";"";"";"";"";"";"";"";""
"11/05/2022";"2200";"";"";"";"";"";"";"";"";"";"";"";"";"";"";"";"";""
"11/05/2022";"2300";"";"";"";"";"";"";"";"";"";"";"";"";"";"";"";"";""
"12/05/2022";"0000";"";"";"";"";"";"";"";"";"";"";"";"";"";"";"";"";""
"12/05/2022";"0100";"";"";"";"";"";"";"";"";"";"";"";"";"";"";"";"";""
"12/05/2022";"0200";"";"";"";"";"";"";"";"";"";"";"";"";"";"";"";"";""
"12/05/2022";"0300";"";"";"";"";"";"";"";"";"";"";"";"";"";"";"";"";""
"12/05/2022";"0400";"";"";"";"";"";"";"";"";"";"";"";"";"";"";"";"";""
"12/05/2022";"0500";"";"";"";"";"";"";"";"";"";"";"";"";"";"";"";"";""
"12/05/2022";"0600";"";"";"";"";"";"";"";"";"";"";"";"";"";"";"";"";""
"12/05/2022";"0700";"";"";"";"";"";"";"";"";"";"";"";"";"";"";"";"";""
"12/05/2022";"0800";"";"";"";"";"";"";"";"";"";"";"";"";"";"";"";"";""
"12/05/2022";"0900";"";"";"";"";"";"";"";"";"";"";"";"";"";"";"";"";""
"12/05/2022";"1000";"";"";"";"";"";"";"";"";"";"";"";"";"";"";"";"";""
"12/05/2022";"1100";"";"";"";"";"";"";"";"";"";"";"";"";"";"";"";"";""
"12/05/2022";"1200";"";"";"";"";"";"";"";"";"";"";"";"";"";"";"";"";""
"12/05/2022";"1300";"";"";"";"";"";"";"";"";"";"";"";"";"";"";"";"";""
"12/05/2022";"1400";"";"";"";"";"";"";"";"";"";"";"";"";"";"";"";"";""
"12/05/2022";"1500";"";"";"";"";"";"";"";"";"";"";"";"";"";"";"";"";""
"12/05/2022";"1600";"";"";"";"";"";"";"";"";"";"";"";"";"";"";"";"";""
"12/05/2022";"1700";"";"";"";"";"";"";"";"";"";"";"";"";"";"";"";"";""
"12/05/2022";"1800";"";"";"";"";"";"";"";"";"";"";"";"";"";"";"";"";""
"12/05/2022";"1900";"";"";"";"";"";"";"";"";"";"";"";"";"";"";"";"";""
"12/05/2022";"2000";"";"";"";"";"";"";"";"";"";"";"";"";"";"";"";"";""
"12/05/2022";"2100";"";"";"";"";"";"";"";"";"";"";"";"";"";"";"";"";""
"12/05/2022";"2200";"";"";"";"";"";"";"";"";"";"";"";"";"";"";"";"";""
"12/05/2022";"2300";"";"";"";"";"";"";"";"";"";"";"";"";"";"";"";"";""
"13/05/2022";"0000";"";"";"";"";"";"";"";"";"";"";"";"";"";"";"";"";""
"13/05/2022";"0100";"";"";"";"";"";"";"";"";"";"";"";"";"";"";"";"";""
"13/05/2022";"0200";"";"";"";"";"";"";"";"";"";"";"";"";"";"";"";"";""
"13/05/2022";"0300";"";"";"";"";"";"";"";"";"";"";"";"";"";"";"";"";""
"13/05/2022";"0400";"";"";"";"";"";"";"";"";"";"";"";"";"";"";"";"";""
"13/05/2022";"0500";"";"";"";"";"";"";"";"";"";"";"";"";"";"";"";"";""
"13/05/2022";"0600";"";"";"";"";"";"";"";"";"";"";"";"";"";"";"";"";""
"13/05/2022";"0700";"";"";"";"";"";"";"";"";"";"";"";"";"";"";"";"";""
"13/05/2022";"0800";"";"";"";"";"";"";"";"";"";"";"";"";"";"";"";"";""
"13/05/2022";"0900";"";"";"";"";"";"";"";"";"";"";"";"";"";"";"";"";""
"13/05/2022";"1000";"";"";"";"";"";"";"";"";"";"";"";"";"";"";"";"";""
"13/05/2022";"1100";"";"";"";"";"";"";"";"";"";"";"";"";"";"";"";"";""
"13/05/2022";"1200";"";"";"";"";"";"";"";"";"";"";"";"";"";"";"";"";""
"13/05/2022";"1300";"";"";"";"";"";"";"";"";"";"";"";"";"";"";"";"";""
"13/05/2022";"1400";"";"";"";"";"";"";"";"";"";"";"";"";"";"";"";"";""
"13/05/2022";"1500";"";"";"";"";"";"";"";"";"";"";"";"";"";"";"";"";""
"13/05/2022";"1600";"";"";"";"";"";"";"";"";"";"";"";"";"";"";"";"";""
"13/05/2022";"1700";"";"";"";"";"";"";"";"";"";"";"";"";"";"";"";"";""
"13/05/2022";"1800";"";"";"";"";"";"";"";"";"";"";"";"";"";"";"";"";""
"13/05/2022";"1900";"";"";"";"";"";"";"";"";"";"";"";"";"";"";"";"";""
"13/05/2022";"2000";"";"";"";"";"";"";"";"";"";"";"";"";"";"";"";"";""
"13/05/2022";"2100";"";"";"";"";"";"";"";"";"";"";"";"";"";"";"";"";""
"13/05/2022";"2200";"";"";"";"";"";"";"";"";"";"";"";"";"";"";"";"";""
"13/05/2022";"2300";"";"";"";"";"";"";"";"";"";"";"";"";"";"";"";"";""
"14/05/2022";"0000";"";"";"";"";"";"";"";"";"";"";"";"";"";"";"";"";""
"14/05/2022";"0100";"";"";"";"";"";"";"";"";"";"";"";"";"";"";"";"";""
"14/05/2022";"0200";"";"";"";"";"";"";"";"";"";"";"";"";"";"";"";"";""
"14/05/2022";"0300";"";"";"";"";"";"";"";"";"";"";"";"";"";"";"";"";""
"14/05/2022";"0400";"";"";"";"";"";"";"";"";"";"";"";"";"";"";"";"";""
"14/05/2022";"0500";"";"";"";"";"";"";"";"";"";"";"";"";"";"";"";"";""
"14/05/2022";"0600";"";"";"";"";"";"";"";"";"";"";"";"";"";"";"";"";""
"14/05/2022";"0700";"";"";"";"";"";"";"";"";"";"";"";"";"";"";"";"";""
"14/05/2022";"0800";"";"";"";"";"";"";"";"";"";"";"";"";"";"";"";"";""
"14/05/2022";"0900";"";"";"";"";"";"";"";"";"";"";"";"";"";"";"";"";""
"14/05/2022";"1000";"";"";"";"";"";"";"";"";"";"";"";"";"";"";"";"";""
"14/05/2022";"1100";"";"";"";"";"";"";"";"";"";"";"";"";"";"";"";"";""
"14/05/2022";"1200";"";"";"";"";"";"";"";"";"";"";"";"";"";"";"";"";""
"14/05/2022";"1300";"";"";"";"";"";"";"";"";"";"";"";"";"";"";"";"";""
"14/05/2022";"1400";"";"";"";"";"";"";"";"";"";"";"";"";"";"";"";"";""
"14/05/2022";"1500";"";"";"";"";"";"";"";"";"";"";"";"";"";"";"";"";""
"14/05/2022";"1600";"";"";"";"";"";"";"";"";"";"";"";"";"";"";"";"";""
"14/05/2022";"1700";"";"";"";"";"";"";"";"";"";"";"";"";"";"";"";"";""
"14/05/2022";"1800";"";"";"";"";"";"";"";"";"";"";"";"";"";"";"";"";""
"14/05/2022";"1900";"";"";"";"";"";"";"";"";"";"";"";"";"";"";"";"";""
"14/05/2022";"2000";"";"";"";"";"";"";"";"";"";"";"";"";"";"";"";"";""
"14/05/2022";"2100";"";"";"";"";"";"";"";"";"";"";"";"";"";"";"";"";""
"14/05/2022";"2200";"";"";"";"";"";"";"";"";"";"";"";"";"";"";"";"";""
"14/05/2022";"2300";"";"";"";"";"";"";"";"";"";"";"";"";"";"";"";"";""
"15/05/2022";"0000";"";"";"";"";"";"";"";"";"";"";"";"";"";"";"";"";""
"15/05/2022";"0100";"";"";"";"";"";"";"";"";"";"";"";"";"";"";"";"";""
"15/05/2022";"0200";"";"";"";"";"";"";"";"";"";"";"";"";"";"";"";"";""
"15/05/2022";"0300";"";"";"";"";"";"";"";"";"";"";"";"";"";"";"";"";""
"15/05/2022";"0400";"";"";"";"";"";"";"";"";"";"";"";"";"";"";"";"";""
"15/05/2022";"0500";"";"";"";"";"";"";"";"";"";"";"";"";"";"";"";"";""
"15/05/2022";"0600";"";"";"";"";"";"";"";"";"";"";"";"";"";"";"";"";""
"15/05/2022";"0700";"";"";"";"";"";"";"";"";"";"";"";"";"";"";"";"";""
"15/05/2022";"0800";"";"";"";"";"";"";"";"";"";"";"";"";"";"";"";"";""
"15/05/2022";"0900";"";"";"";"";"";"";"";"";"";"";"";"";"";"";"";"";""
"15/05/2022";"1000";"";"";"";"";"";"";"";"";"";"";"";"";"";"";"";"";""
"15/05/2022";"1100";"";"";"";"";"";"";"";"";"";"";"";"";"";"";"";"";""
"15/05/2022";"1200";"";"";"";"";"";"";"";"";"";"";"";"";"";"";"";"";""
"15/05/2022";"1300";"";"";"";"";"";"";"";"";"";"";"";"";"";"";"";"";""
"15/05/2022";"1400";"";"";"";"";"";"";"";"";"";"";"";"";"";"";"";"";""
"15/05/2022";"1500";"";"";"";"";"";"";"";"";"";"";"";"";"";"";"";"";""
"15/05/2022";"1600";"";"";"";"";"";"";"";"";"";"";"";"";"";"";"";"";""
"15/05/2022";"1700";"";"";"";"";"";"";"";"";"";"";"";"";"";"";"";"";""
"15/05/2022";"1800";"";"";"";"";"";"";"";"";"";"";"";"";"";"";"";"";""
"15/05/2022";"1900";"";"";"";"";"";"";"";"";"";"";"";"";"";"";"";"";""
"15/05/2022";"2000";"";"";"";"";"";"";"";"";"";"";"";"";"";"";"";"";""
"15/05/2022";"2100";"";"";"";"";"";"";"";"";"";"";"";"";"";"";"";"";""
"15/05/2022";"2200";"";"";"";"";"";"";"";"";"";"";"";"";"";"";"";"";""
"15/05/2022";"2300";"";"";"";"";"";"";"";"";"";"";"";"";"";"";"";"";""
"16/05/2022";"0000";"";"";"";"";"";"";"";"";"";"";"";"";"";"";"";"";""
"16/05/2022";"0100";"";"";"";"";"";"";"";"";"";"";"";"";"";"";"";"";""
"16/05/2022";"0200";"";"";"";"";"";"";"";"";"";"";"";"";"";"";"";"";""
"16/05/2022";"0300";"";"";"";"";"";"";"";"";"";"";"";"";"";"";"";"";""
"16/05/2022";"0400";"";"";"";"";"";"";"";"";"";"";"";"";"";"";"";"";""
"16/05/2022";"0500";"";"";"";"";"";"";"";"";"";"";"";"";"";"";"";"";""
"16/05/2022";"0600";"";"";"";"";"";"";"";"";"";"";"";"";"";"";"";"";""
"16/05/2022";"0700";"";"";"";"";"";"";"";"";"";"";"";"";"";"";"";"";""
"16/05/2022";"0800";"";"";"";"";"";"";"";"";"";"";"";"";"";"";"";"";""
"16/05/2022";"0900";"";"";"";"";"";"";"";"";"";"";"";"";"";"";"";"";""
"16/05/2022";"1000";"";"";"";"";"";"";"";"";"";"";"";"";"";"";"";"";""
"16/05/2022";"1100";"";"";"";"";"";"";"";"";"";"";"";"";"";"";"";"";""
"16/05/2022";"1200";"";"";"";"";"";"";"";"";"";"";"";"";"";"";"";"";""
"16/05/2022";"1300";"";"";"";"";"";"";"";"";"";"";"";"";"";"";"";"";""
"16/05/2022";"1400";"";"";"";"";"";"";"";"";"";"";"";"";"";"";"";"";""
"16/05/2022";"1500";"";"";"";"";"";"";"";"";"";"";"";"";"";"";"";"";""
"16/05/2022";"1600";"";"";"";"";"";"";"";"";"";"";"";"";"";"";"";"";""
"16/05/2022";"1700";"";"";"";"";"";"";"";"";"";"";"";"";"";"";"";"";""
"16/05/2022";"1800";"";"";"";"";"";"";"";"";"";"";"";"";"";"";"";"";""
"16/05/2022";"1900";"";"";"";"";"";"";"";"";"";"";"";"";"";"";"";"";""
"16/05/2022";"2000";"";"";"";"";"";"";"";"";"";"";"";"";"";"";"";"";""
"16/05/2022";"2100";"";"";"";"";"";"";"";"";"";"";"";"";"";"";"";"";""
"16/05/2022";"2200";"";"";"";"";"";"";"";"";"";"";"";"";"";"";"";"";""
"16/05/2022";"2300";"";"";"";"";"";"";"";"";"";"";"";"";"";"";"";"";""
"17/05/2022";"0000";"";"";"";"";"";"";"";"";"";"";"";"";"";"";"";"";""
"17/05/2022";"0100";"";"";"";"";"";"";"";"";"";"";"";"";"";"";"";"";""
"17/05/2022";"0200";"";"";"";"";"";"";"";"";"";"";"";"";"";"";"";"";""
"17/05/2022";"0300";"";"";"";"";"";"";"";"";"";"";"";"";"";"";"";"";""
"17/05/2022";"0400";"";"";"";"";"";"";"";"";"";"";"";"";"";"";"";"";""
"17/05/2022";"0500";"";"";"";"";"";"";"";"";"";"";"";"";"";"";"";"";""
"17/05/2022";"0600";"";"";"";"";"";"";"";"";"";"";"";"";"";"";"";"";""
"17/05/2022";"0700";"";"";"";"";"";"";"";"";"";"";"";"";"";"";"";"";""
"17/05/2022";"0800";"";"";"";"";"";"";"";"";"";"";"";"";"";"";"";"";""
"17/05/2022";"0900";"";"";"";"";"";"";"";"";"";"";"";"";"";"";"";"";""
"17/05/2022";"1000";"";"";"";"";"";"";"";"";"";"";"";"";"";"";"";"";""
"17/05/2022";"1100";"";"";"";"";"";"";"";"";"";"";"";"";"";"";"";"";""
"17/05/2022";"1200";"";"";"";"";"";"";"";"";"";"";"";"";"";"";"";"";""
"17/05/2022";"1300";"";"";"";"";"";"";"";"";"";"";"";"";"";"";"";"";""
"17/05/2022";"1400";"";"";"";"";"";"";"";"";"";"";"";"";"";"";"";"";""
"17/05/2022";"1500";"";"";"";"";"";"";"";"";"";"";"";"";"";"";"";"";""
"17/05/2022";"1600";"";"";"";"";"";"";"";"";"";"";"";"";"";"";"";"";""
"17/05/2022";"1700";"";"";"";"";"";"";"";"";"";"";"";"";"";"";"";"";""
"17/05/2022";"1800";"";"";"";"";"";"";"";"";"";"";"";"";"";"";"";"";""
"17/05/2022";"1900";"";"";"";"";"";"";"";"";"";"";"";"";"";"";"";"";""
"17/05/2022";"2000";"";"";"";"";"";"";"";"";"";"";"";"";"";"";"";"";""
"17/05/2022";"2100";"";"";"";"";"";"";"";"";"";"";"";"";"";"";"";"";""
"17/05/2022";"2200";"";"";"";"";"";"";"";"";"";"";"";"";"";"";"";"";""
"17/05/2022";"2300";"";"";"";"";"";"";"";"";"";"";"";"";"";"";"";"";""
"18/05/2022";"0000";"";"";"";"";"";"";"";"";"";"";"";"";"";"";"";"";""
"18/05/2022";"0100";"";"";"";"";"";"";"";"";"";"";"";"";"";"";"";"";""
"18/05/2022";"0200";"";"";"";"";"";"";"";"";"";"";"";"";"";"";"";"";""
"18/05/2022";"0300";"";"";"";"";"";"";"";"";"";"";"";"";"";"";"";"";""
"18/05/2022";"0400";"";"";"";"";"";"";"";"";"";"";"";"";"";"";"";"";""
"18/05/2022";"0500";"";"";"";"";"";"";"";"";"";"";"";"";"";"";"";"";""
"18/05/2022";"0600";"";"";"";"";"";"";"";"";"";"";"";"";"";"";"";"";""
"18/05/2022";"0700";"";"";"";"";"";"";"";"";"";"";"";"";"";"";"";"";""
"18/05/2022";"0800";"";"";"";"";"";"";"";"";"";"";"";"";"";"";"";"";""
"18/05/2022";"0900";"";"";"";"";"";"";"";"";"";"";"";"";"";"";"";"";""
"18/05/2022";"1000";"";"";"";"";"";"";"";"";"";"";"";"";"";"";"";"";""
"18/05/2022";"1100";"";"";"";"";"";"";"";"";"";"";"";"";"";"";"";"";""
"18/05/2022";"1200";"";"";"";"";"";"";"";"";"";"";"";"";"";"";"";"";""
"18/05/2022";"1300";"";"";"";"";"";"";"";"";"";"";"";"";"";"";"";"";""
"18/05/2022";"1400";"";"";"";"";"";"";"";"";"";"";"";"";"";"";"";"";""
"18/05/2022";"1500";"";"";"";"";"";"";"";"";"";"";"";"";"";"";"";"";""
"18/05/2022";"1600";"";"";"";"";"";"";"";"";"";"";"";"";"";"";"";"";""
"18/05/2022";"1700";"";"";"";"";"";"";"";"";"";"";"";"";"";"";"";"";""
"18/05/2022";"1800";"";"";"";"";"";"";"";"";"";"";"";"";"";"";"";"";""
"18/05/2022";"1900";"";"";"";"";"";"";"";"";"";"";"";"";"";"";"";"";""
"18/05/2022";"2000";"";"";"";"";"";"";"";"";"";"";"";"";"";"";"";"";""
"18/05/2022";"2100";"";"";"";"";"";"";"";"";"";"";"";"";"";"";"";"";""
"18/05/2022";"2200";"";"";"";"";"";"";"";"";"";"";"";"";"";"";"";"";""
"18/05/2022";"2300";"";"";"";"";"";"";"";"";"";"";"";"";"";"";"";"";""
"19/05/2022";"0000";"";"";"";"";"";"";"";"";"";"";"";"";"";"";"";"";""
"19/05/2022";"0100";"";"";"";"";"";"";"";"";"";"";"";"";"";"";"";"";""
"19/05/2022";"0200";"";"";"";"";"";"";"";"";"";"";"";"";"";"";"";"";""
"19/05/2022";"0300";"";"";"";"";"";"";"";"";"";"";"";"";"";"";"";"";""
"19/05/2022";"0400";"";"";"";"";"";"";"";"";"";"";"";"";"";"";"";"";""
"19/05/2022";"0500";"";"";"";"";"";"";"";"";"";"";"";"";"";"";"";"";""
"19/05/2022";"0600";"";"";"";"";"";"";"";"";"";"";"";"";"";"";"";"";""
"19/05/2022";"0700";"";"";"";"";"";"";"";"";"";"";"";"";"";"";"";"";""
"19/05/2022";"0800";"";"";"";"";"";"";"";"";"";"";"";"";"";"";"";"";""
"19/05/2022";"0900";"";"";"";"";"";"";"";"";"";"";"";"";"";"";"";"";""
"19/05/2022";"1000";"";"";"";"";"";"";"";"";"";"";"";"";"";"";"";"";""
"19/05/2022";"1100";"";"";"";"";"";"";"";"";"";"";"";"";"";"";"";"";""
"19/05/2022";"1200";"";"";"";"";"";"";"";"";"";"";"";"";"";"";"";"";""
"19/05/2022";"1300";"";"";"";"";"";"";"";"";"";"";"";"";"";"";"";"";""
"19/05/2022";"1400";"";"";"";"";"";"";"";"";"";"";"";"";"";"";"";"";""
"19/05/2022";"1500";"";"";"";"";"";"";"";"";"";"";"";"";"";"";"";"";""
"19/05/2022";"1600";"";"";"";"";"";"";"";"";"";"";"";"";"";"";"";"";""
"19/05/2022";"1700";"";"";"";"";"";"";"";"";"";"";"";"";"";"";"";"";""
"19/05/2022";"1800";"";"";"";"";"";"";"";"";"";"";"";"";"";"";"";"";""
"19/05/2022";"1900";"";"";"";"";"";"";"";"";"";"";"";"";"";"";"";"";""
"19/05/2022";"2000";"";"";"";"";"";"";"";"";"";"";"";"";"";"";"";"";""
"19/05/2022";"2100";"";"";"";"";"";"";"";"";"";"";"";"";"";"";"";"";""
"19/05/2022";"2200";"";"";"";"";"";"";"";"";"";"";"";"";"";"";"";"";""
"19/05/2022";"2300";"";"";"";"";"";"";"";"";"";"";"";"";"";"";"";"";""
"20/05/2022";"0000";"";"";"";"";"";"";"";"";"";"";"";"";"";"";"";"";""
"20/05/2022";"0100";"";"";"";"";"";"";"";"";"";"";"";"";"";"";"";"";""
"20/05/2022";"0200";"";"";"";"";"";"";"";"";"";"";"";"";"";"";"";"";""
"20/05/2022";"0300";"";"";"";"";"";"";"";"";"";"";"";"";"";"";"";"";""
"20/05/2022";"0400";"";"";"";"";"";"";"";"";"";"";"";"";"";"";"";"";""
"20/05/2022";"0500";"";"";"";"";"";"";"";"";"";"";"";"";"";"";"";"";""
"20/05/2022";"0600";"";"";"";"";"";"";"";"";"";"";"";"";"";"";"";"";""
"20/05/2022";"0700";"";"";"";"";"";"";"";"";"";"";"";"";"";"";"";"";""
"20/05/2022";"0800";"";"";"";"";"";"";"";"";"";"";"";"";"";"";"";"";""
"20/05/2022";"0900";"";"";"";"";"";"";"";"";"";"";"";"";"";"";"";"";""
"20/05/2022";"1000";"";"";"";"";"";"";"";"";"";"";"";"";"";"";"";"";""
"20/05/2022";"1100";"";"";"";"";"";"";"";"";"";"";"";"";"";"";"";"";""
"20/05/2022";"1200";"";"";"";"";"";"";"";"";"";"";"";"";"";"";"";"";""
"20/05/2022";"1300";"";"";"";"";"";"";"";"";"";"";"";"";"";"";"";"";""
"20/05/2022";"1400";"";"";"";"";"";"";"";"";"";"";"";"";"";"";"";"";""
"20/05/2022";"1500";"";"";"";"";"";"";"";"";"";"";"";"";"";"";"";"";""
"20/05/2022";"1600";"";"";"";"";"";"";"";"";"";"";"";"";"";"";"";"";""
"20/05/2022";"1700";"";"";"";"";"";"";"";"";"";"";"";"";"";"";"";"";""
"20/05/2022";"1800";"";"";"";"";"";"";"";"";"";"";"";"";"";"";"";"";""
"20/05/2022";"1900";"";"";"";"";"";"";"";"";"";"";"";"";"";"";"";"";""
"20/05/2022";"2000";"";"";"";"";"";"";"";"";"";"";"";"";"";"";"";"";""
"20/05/2022";"2100";"";"";"";"";"";"";"";"";"";"";"";"";"";"";"";"";""
"20/05/2022";"2200";"";"";"";"";"";"";"";"";"";"";"";"";"";"";"";"";""
"20/05/2022";"2300";"";"";"";"";"";"";"";"";"";"";"";"";"";"";"";"";""
"21/05/2022";"0000";"";"";"";"";"";"";"";"";"";"";"";"";"";"";"";"";""
"21/05/2022";"0100";"";"";"";"";"";"";"";"";"";"";"";"";"";"";"";"";""
"21/05/2022";"0200";"";"";"";"";"";"";"";"";"";"";"";"";"";"";"";"";""
"21/05/2022";"0300";"";"";"";"";"";"";"";"";"";"";"";"";"";"";"";"";""
"21/05/2022";"0400";"";"";"";"";"";"";"";"";"";"";"";"";"";"";"";"";""
"21/05/2022";"0500";"";"";"";"";"";"";"";"";"";"";"";"";"";"";"";"";""
"21/05/2022";"0600";"";"";"";"";"";"";"";"";"";"";"";"";"";"";"";"";""
"21/05/2022";"0700";"";"";"";"";"";"";"";"";"";"";"";"";"";"";"";"";""
"21/05/2022";"0800";"";"";"";"";"";"";"";"";"";"";"";"";"";"";"";"";""
"21/05/2022";"0900";"";"";"";"";"";"";"";"";"";"";"";"";"";"";"";"";""
"21/05/2022";"1000";"";"";"";"";"";"";"";"";"";"";"";"";"";"";"";"";""
"21/05/2022";"1100";"";"";"";"";"";"";"";"";"";"";"";"";"";"";"";"";""
"21/05/2022";"1200";"";"";"";"";"";"";"";"";"";"";"";"";"";"";"";"";""
"21/05/2022";"1300";"";"";"";"";"";"";"";"";"";"";"";"";"";"";"";"";""
"21/05/2022";"1400";"";"";"";"";"";"";"";"";"";"";"";"";"";"";"";"";""
"21/05/2022";"1500";"";"";"";"";"";"";"";"";"";"";"";"";"";"";"";"";""
"21/05/2022";"1600";"";"";"";"";"";"";"";"";"";"";"";"";"";"";"";"";""
"21/05/2022";"1700";"";"";"";"";"";"";"";"";"";"";"";"";"";"";"";"";""
"21/05/2022";"1800";"";"";"";"";"";"";"";"";"";"";"";"";"";"";"";"";""
"21/05/2022";"1900";"";"";"";"";"";"";"";"";"";"";"";"";"";"";"";"";""
"21/05/2022";"2000";"";"";"";"";"";"";"";"";"";"";"";"";"";"";"";"";""
"21/05/2022";"2100";"";"";"";"";"";"";"";"";"";"";"";"";"";"";"";"";""
"21/05/2022";"2200";"";"";"";"";"";"";"";"";"";"";"";"";"";"";"";"";""
"21/05/2022";"2300";"";"";"";"";"";"";"";"";"";"";"";"";"";"";"";"";""
"22/05/2022";"0000";"";"";"";"";"";"";"";"";"";"";"";"";"";"";"";"";""
"22/05/2022";"0100";"";"";"";"";"";"";"";"";"";"";"";"";"";"";"";"";""
"22/05/2022";"0200";"";"";"";"";"";"";"";"";"";"";"";"";"";"";"";"";""
"22/05/2022";"0300";"";"";"";"";"";"";"";"";"";"";"";"";"";"";"";"";""
"22/05/2022";"0400";"";"";"";"";"";"";"";"";"";"";"";"";"";"";"";"";""
"22/05/2022";"0500";"";"";"";"";"";"";"";"";"";"";"";"";"";"";"";"";""
"22/05/2022";"0600";"";"";"";"";"";"";"";"";"";"";"";"";"";"";"";"";""
"22/05/2022";"0700";"";"";"";"";"";"";"";"";"";"";"";"";"";"";"";"";""
"22/05/2022";"0800";"";"";"";"";"";"";"";"";"";"";"";"";"";"";"";"";""
"22/05/2022";"0900";"";"";"";"";"";"";"";"";"";"";"";"";"";"";"";"";""
"22/05/2022";"1000";"";"";"";"";"";"";"";"";"";"";"";"";"";"";"";"";""
"22/05/2022";"1100";"";"";"";"";"";"";"";"";"";"";"";"";"";"";"";"";""
"22/05/2022";"1200";"";"";"";"";"";"";"";"";"";"";"";"";"";"";"";"";""
"22/05/2022";"1300";"";"";"";"";"";"";"";"";"";"";"";"";"";"";"";"";""
"22/05/2022";"1400";"";"";"";"";"";"";"";"";"";"";"";"";"";"";"";"";""
"22/05/2022";"1500";"";"";"";"";"";"";"";"";"";"";"";"";"";"";"";"";""
"22/05/2022";"1600";"";"";"";"";"";"";"";"";"";"";"";"";"";"";"";"";""
"22/05/2022";"1700";"";"";"";"";"";"";"";"";"";"";"";"";"";"";"";"";""
"22/05/2022";"1800";"";"";"";"";"";"";"";"";"";"";"";"";"";"";"";"";""
"22/05/2022";"1900";"";"";"";"";"";"";"";"";"";"";"";"";"";"";"";"";""
"22/05/2022";"2000";"";"";"";"";"";"";"";"";"";"";"";"";"";"";"";"";""
"22/05/2022";"2100";"";"";"";"";"";"";"";"";"";"";"";"";"";"";"";"";""
"22/05/2022";"2200";"";"";"";"";"";"";"";"";"";"";"";"";"";"";"";"";""
"22/05/2022";"2300";"";"";"";"";"";"";"";"";"";"";"";"";"";"";"";"";""
"23/05/2022";"0000";"";"";"";"";"";"";"";"";"";"";"";"";"";"";"";"";""
"23/05/2022";"0100";"";"";"";"";"";"";"";"";"";"";"";"";"";"";"";"";""
"23/05/2022";"0200";"";"";"";"";"";"";"";"";"";"";"";"";"";"";"";"";""
"23/05/2022";"0300";"";"";"";"";"";"";"";"";"";"";"";"";"";"";"";"";""
"23/05/2022";"0400";"";"";"";"";"";"";"";"";"";"";"";"";"";"";"";"";""
"23/05/2022";"0500";"";"";"";"";"";"";"";"";"";"";"";"";"";"";"";"";""
"23/05/2022";"0600";"";"";"";"";"";"";"";"";"";"";"";"";"";"";"";"";""
"23/05/2022";"0700";"";"";"";"";"";"";"";"";"";"";"";"";"";"";"";"";""
"23/05/2022";"0800";"";"";"";"";"";"";"";"";"";"";"";"";"";"";"";"";""
"23/05/2022";"0900";"";"";"";"";"";"";"";"";"";"";"";"";"";"";"";"";""
"23/05/2022";"1000";"";"";"";"";"";"";"";"";"";"";"";"";"";"";"";"";""
"23/05/2022";"1100";"";"";"";"";"";"";"";"";"";"";"";"";"";"";"";"";""
"23/05/2022";"1200";"";"";"";"";"";"";"";"";"";"";"";"";"";"";"";"";""
"23/05/2022";"1300";"";"";"";"";"";"";"";"";"";"";"";"";"";"";"";"";""
"23/05/2022";"1400";"";"";"";"";"";"";"";"";"";"";"";"";"";"";"";"";""
"23/05/2022";"1500";"";"";"";"";"";"";"";"";"";"";"";"";"";"";"";"";""
"23/05/2022";"1600";"";"";"";"";"";"";"";"";"";"";"";"";"";"";"";"";""
"23/05/2022";"1700";"";"";"";"";"";"";"";"";"";"";"";"";"";"";"";"";""
"23/05/2022";"1800";"";"";"";"";"";"";"";"";"";"";"";"";"";"";"";"";""
"23/05/2022";"1900";"";"";"";"";"";"";"";"";"";"";"";"";"";"";"";"";""
"23/05/2022";"2000";"";"";"";"";"";"";"";"";"";"";"";"";"";"";"";"";""
"23/05/2022";"2100";"";"";"";"";"";"";"";"";"";"";"";"";"";"";"";"";""
"23/05/2022";"2200";"";"";"";"";"";"";"";"";"";"";"";"";"";"";"";"";""
"23/05/2022";"2300";"";"";"";"";"";"";"";"";"";"";"";"";"";"";"";"";""
"24/05/2022";"0000";"";"";"";"";"";"";"";"";"";"";"";"";"";"";"";"";""
"24/05/2022";"0100";"";"";"";"";"";"";"";"";"";"";"";"";"";"";"";"";""
"24/05/2022";"0200";"";"";"";"";"";"";"";"";"";"";"";"";"";"";"";"";""
"24/05/2022";"0300";"";"";"";"";"";"";"";"";"";"";"";"";"";"";"";"";""
"24/05/2022";"0400";"";"";"";"";"";"";"";"";"";"";"";"";"";"";"";"";""
"24/05/2022";"0500";"";"";"";"";"";"";"";"";"";"";"";"";"";"";"";"";""
"24/05/2022";"0600";"";"";"";"";"";"";"";"";"";"";"";"";"";"";"";"";""
"24/05/2022";"0700";"";"";"";"";"";"";"";"";"";"";"";"";"";"";"";"";""
"24/05/2022";"0800";"";"";"";"";"";"";"";"";"";"";"";"";"";"";"";"";""
"24/05/2022";"0900";"";"";"";"";"";"";"";"";"";"";"";"";"";"";"";"";""
"24/05/2022";"1000";"";"";"";"";"";"";"";"";"";"";"";"";"";"";"";"";""
"24/05/2022";"1100";"";"";"";"";"";"";"";"";"";"";"";"";"";"";"";"";""
"24/05/2022";"1200";"";"";"";"";"";"";"";"";"";"";"";"";"";"";"";"";""
"24/05/2022";"1300";"";"";"";"";"";"";"";"";"";"";"";"";"";"";"";"";""
"24/05/2022";"1400";"";"";"";"";"";"";"";"";"";"";"";"";"";"";"";"";""
"24/05/2022";"1500";"";"";"";"";"";"";"";"";"";"";"";"";"";"";"";"";""
"24/05/2022";"1600";"";"";"";"";"";"";"";"";"";"";"";"";"";"";"";"";""
"24/05/2022";"1700";"";"";"";"";"";"";"";"";"";"";"";"";"";"";"";"";""
"24/05/2022";"1800";"";"";"";"";"";"";"";"";"";"";"";"";"";"";"";"";""
"24/05/2022";"1900";"";"";"";"";"";"";"";"";"";"";"";"";"";"";"";"";""
"24/05/2022";"2000";"";"";"";"";"";"";"";"";"";"";"";"";"";"";"";"";""
"24/05/2022";"2100";"";"";"";"";"";"";"";"";"";"";"";"";"";"";"";"";""
"24/05/2022";"2200";"";"";"";"";"";"";"";"";"";"";"";"";"";"";"";"";""
"24/05/2022";"2300";"";"";"";"";"";"";"";"";"";"";"";"";"";"";"";"";""
"25/05/2022";"0000";"";"";"";"";"";"";"";"";"";"";"";"";"";"";"";"";""
"25/05/2022";"0100";"";"";"";"";"";"";"";"";"";"";"";"";"";"";"";"";""
"25/05/2022";"0200";"";"";"";"";"";"";"";"";"";"";"";"";"";"";"";"";""
"25/05/2022";"0300";"";"";"";"";"";"";"";"";"";"";"";"";"";"";"";"";""
"25/05/2022";"0400";"";"";"";"";"";"";"";"";"";"";"";"";"";"";"";"";""
"25/05/2022";"0500";"";"";"";"";"";"";"";"";"";"";"";"";"";"";"";"";""
"25/05/2022";"0600";"";"";"";"";"";"";"";"";"";"";"";"";"";"";"";"";""
"25/05/2022";"0700";"";"";"";"";"";"";"";"";"";"";"";"";"";"";"";"";""
"25/05/2022";"0800";"";"";"";"";"";"";"";"";"";"";"";"";"";"";"";"";""
"25/05/2022";"0900";"";"";"";"";"";"";"";"";"";"";"";"";"";"";"";"";""
"25/05/2022";"1000";"";"";"";"";"";"";"";"";"";"";"";"";"";"";"";"";""
"25/05/2022";"1100";"";"";"";"";"";"";"";"";"";"";"";"";"";"";"";"";""
"25/05/2022";"1200";"";"";"";"";"";"";"";"";"";"";"";"";"";"";"";"";""
"25/05/2022";"1300";"";"";"";"";"";"";"";"";"";"";"";"";"";"";"";"";""
"25/05/2022";"1400";"";"";"";"";"";"";"";"";"";"";"";"";"";"";"";"";""
"25/05/2022";"1500";"";"";"";"";"";"";"";"";"";"";"";"";"";"";"";"";""
"25/05/2022";"1600";"";"";"";"";"";"";"";"";"";"";"";"";"";"";"";"";""
"25/05/2022";"1700";"";"";"";"";"";"";"";"";"";"";"";"";"";"";"";"";""
"25/05/2022";"1800";"";"";"";"";"";"";"";"";"";"";"";"";"";"";"";"";""
"25/05/2022";"1900";"";"";"";"";"";"";"";"";"";"";"";"";"";"";"";"";""
"25/05/2022";"2000";"";"";"";"";"";"";"";"";"";"";"";"";"";"";"";"";""
"25/05/2022";"2100";"";"";"";"";"";"";"";"";"";"";"";"";"";"";"";"";""
"25/05/2022";"2200";"";"";"";"";"";"";"";"";"";"";"";"";"";"";"";"";""
"25/05/2022";"2300";"";"";"";"";"";"";"";"";"";"";"";"";"";"";"";"";""
"26/05/2022";"0000";"";"";"";"";"";"";"";"";"";"";"";"";"";"";"";"";""
"26/05/2022";"0100";"";"";"";"";"";"";"";"";"";"";"";"";"";"";"";"";""
"26/05/2022";"0200";"";"";"";"";"";"";"";"";"";"";"";"";"";"";"";"";""
"26/05/2022";"0300";"";"";"";"";"";"";"";"";"";"";"";"";"";"";"";"";""
"26/05/2022";"0400";"";"";"";"";"";"";"";"";"";"";"";"";"";"";"";"";""
"26/05/2022";"0500";"";"";"";"";"";"";"";"";"";"";"";"";"";"";"";"";""
"26/05/2022";"0600";"";"";"";"";"";"";"";"";"";"";"";"";"";"";"";"";""
"26/05/2022";"0700";"";"";"";"";"";"";"";"";"";"";"";"";"";"";"";"";""
"26/05/2022";"0800";"";"";"";"";"";"";"";"";"";"";"";"";"";"";"";"";""
"26/05/2022";"0900";"";"";"";"";"";"";"";"";"";"";"";"";"";"";"";"";""
"26/05/2022";"1000";"";"";"";"";"";"";"";"";"";"";"";"";"";"";"";"";""
"26/05/2022";"1100";"";"";"";"";"";"";"";"";"";"";"";"";"";"";"";"";""
"26/05/2022";"1200";"";"";"";"";"";"";"";"";"";"";"";"";"";"";"";"";""
"26/05/2022";"1300";"";"";"";"";"";"";"";"";"";"";"";"";"";"";"";"";""
"26/05/2022";"1400";"";"";"";"";"";"";"";"";"";"";"";"";"";"";"";"";""
"26/05/2022";"1500";"";"";"";"";"";"";"";"";"";"";"";"";"";"";"";"";""
"26/05/2022";"1600";"";"";"";"";"";"";"";"";"";"";"";"";"";"";"";"";""
"26/05/2022";"1700";"";"";"";"";"";"";"";"";"";"";"";"";"";"";"";"";""
"26/05/2022";"1800";"";"";"";"";"";"";"";"";"";"";"";"";"";"";"";"";""
"26/05/2022";"1900";"";"";"";"";"";"";"";"";"";"";"";"";"";"";"";"";""
"26/05/2022";"2000";"";"";"";"";"";"";"";"";"";"";"";"";"";"";"";"";""
"26/05/2022";"2100";"";"";"";"";"";"";"";"";"";"";"";"";"";"";"";"";""
"26/05/2022";"2200";"";"";"";"";"";"";"";"";"";"";"";"";"";"";"";"";""
"26/05/2022";"2300";"";"";"";"";"";"";"";"";"";"";"";"";"";"";"";"";""
"27/05/2022";"0000";"";"";"";"";"";"";"";"";"";"";"";"";"";"";"";"";""
"27/05/2022";"0100";"";"";"";"";"";"";"";"";"";"";"";"";"";"";"";"";""
"27/05/2022";"0200";"";"";"";"";"";"";"";"";"";"";"";"";"";"";"";"";""
"27/05/2022";"0300";"";"";"";"";"";"";"";"";"";"";"";"";"";"";"";"";""
"27/05/2022";"0400";"";"";"";"";"";"";"";"";"";"";"";"";"";"";"";"";""
"27/05/2022";"0500";"";"";"";"";"";"";"";"";"";"";"";"";"";"";"";"";""
"27/05/2022";"0600";"";"";"";"";"";"";"";"";"";"";"";"";"";"";"";"";""
"27/05/2022";"0700";"";"";"";"";"";"";"";"";"";"";"";"";"";"";"";"";""
"27/05/2022";"0800";"";"";"";"";"";"";"";"";"";"";"";"";"";"";"";"";""
"27/05/2022";"0900";"";"";"";"";"";"";"";"";"";"";"";"";"";"";"";"";""
"27/05/2022";"1000";"";"";"";"";"";"";"";"";"";"";"";"";"";"";"";"";""
"27/05/2022";"1100";"";"";"";"";"";"";"";"";"";"";"";"";"";"";"";"";""
"27/05/2022";"1200";"";"";"";"";"";"";"";"";"";"";"";"";"";"";"";"";""
"27/05/2022";"1300";"";"";"";"";"";"";"";"";"";"";"";"";"";"";"";"";""
"27/05/2022";"1400";"";"";"";"";"";"";"";"";"";"";"";"";"";"";"";"";""
"27/05/2022";"1500";"";"";"";"";"";"";"";"";"";"";"";"";"";"";"";"";""
"27/05/2022";"1600";"";"";"";"";"";"";"";"";"";"";"";"";"";"";"";"";""
"27/05/2022";"1700";"";"";"";"";"";"";"";"";"";"";"";"";"";"";"";"";""
"27/05/2022";"1800";"";"";"";"";"";"";"";"";"";"";"";"";"";"";"";"";""
"27/05/2022";"1900";"";"";"";"";"";"";"";"";"";"";"";"";"";"";"";"";""
"27/05/2022";"2000";"";"";"";"";"";"";"";"";"";"";"";"";"";"";"";"";""
"27/05/2022";"2100";"";"";"";"";"";"";"";"";"";"";"";"";"";"";"";"";""
"27/05/2022";"2200";"";"";"";"";"";"";"";"";"";"";"";"";"";"";"";"";""
"27/05/2022";"2300";"";"";"";"";"";"";"";"";"";"";"";"";"";"";"";"";""
"28/05/2022";"0000";"";"";"";"";"";"";"";"";"";"";"";"";"";"";"";"";""
"28/05/2022";"0100";"";"";"";"";"";"";"";"";"";"";"";"";"";"";"";"";""
"28/05/2022";"0200";"";"";"";"";"";"";"";"";"";"";"";"";"";"";"";"";""
"28/05/2022";"0300";"";"";"";"";"";"";"";"";"";"";"";"";"";"";"";"";""
"28/05/2022";"0400";"";"";"";"";"";"";"";"";"";"";"";"";"";"";"";"";""
"28/05/2022";"0500";"";"";"";"";"";"";"";"";"";"";"";"";"";"";"";"";""
"28/05/2022";"0600";"";"";"";"";"";"";"";"";"";"";"";"";"";"";"";"";""
"28/05/2022";"0700";"";"";"";"";"";"";"";"";"";"";"";"";"";"";"";"";""
"28/05/2022";"0800";"";"";"";"";"";"";"";"";"";"";"";"";"";"";"";"";""
"28/05/2022";"0900";"";"";"";"";"";"";"";"";"";"";"";"";"";"";"";"";""
"28/05/2022";"1000";"";"";"";"";"";"";"";"";"";"";"";"";"";"";"";"";""
"28/05/2022";"1100";"";"";"";"";"";"";"";"";"";"";"";"";"";"";"";"";""
"28/05/2022";"1200";"";"";"";"";"";"";"";"";"";"";"";"";"";"";"";"";""
"28/05/2022";"1300";"";"";"";"";"";"";"";"";"";"";"";"";"";"";"";"";""
"28/05/2022";"1400";"";"";"";"";"";"";"";"";"";"";"";"";"";"";"";"";""
"28/05/2022";"1500";"";"";"";"";"";"";"";"";"";"";"";"";"";"";"";"";""
"28/05/2022";"1600";"";"";"";"";"";"";"";"";"";"";"";"";"";"";"";"";""
"28/05/2022";"1700";"";"";"";"";"";"";"";"";"";"";"";"";"";"";"";"";""
"28/05/2022";"1800";"";"";"";"";"";"";"";"";"";"";"";"";"";"";"";"";""
"28/05/2022";"1900";"";"";"";"";"";"";"";"";"";"";"";"";"";"";"";"";""
"28/05/2022";"2000";"";"";"";"";"";"";"";"";"";"";"";"";"";"";"";"";""
"28/05/2022";"2100";"";"";"";"";"";"";"";"";"";"";"";"";"";"";"";"";""
"28/05/2022";"2200";"";"";"";"";"";"";"";"";"";"";"";"";"";"";"";"";""
"28/05/2022";"2300";"";"";"";"";"";"";"";"";"";"";"";"";"";"";"";"";""
"29/05/2022";"0000";"";"";"";"";"";"";"";"";"";"";"";"";"";"";"";"";""
"29/05/2022";"0100";"";"";"";"";"";"";"";"";"";"";"";"";"";"";"";"";""
"29/05/2022";"0200";"";"";"";"";"";"";"";"";"";"";"";"";"";"";"";"";""
"29/05/2022";"0300";"";"";"";"";"";"";"";"";"";"";"";"";"";"";"";"";""
"29/05/2022";"0400";"";"";"";"";"";"";"";"";"";"";"";"";"";"";"";"";""
"29/05/2022";"0500";"";"";"";"";"";"";"";"";"";"";"";"";"";"";"";"";""
"29/05/2022";"0600";"";"";"";"";"";"";"";"";"";"";"";"";"";"";"";"";""
"29/05/2022";"0700";"";"";"";"";"";"";"";"";"";"";"";"";"";"";"";"";""
"29/05/2022";"0800";"";"";"";"";"";"";"";"";"";"";"";"";"";"";"";"";""
"29/05/2022";"0900";"";"";"";"";"";"";"";"";"";"";"";"";"";"";"";"";""
"29/05/2022";"1000";"";"";"";"";"";"";"";"";"";"";"";"";"";"";"";"";""
"29/05/2022";"1100";"";"";"";"";"";"";"";"";"";"";"";"";"";"";"";"";""
"29/05/2022";"1200";"";"";"";"";"";"";"";"";"";"";"";"";"";"";"";"";""
"29/05/2022";"1300";"";"";"";"";"";"";"";"";"";"";"";"";"";"";"";"";""
"29/05/2022";"1400";"";"";"";"";"";"";"";"";"";"";"";"";"";"";"";"";""
"29/05/2022";"1500";"";"";"";"";"";"";"";"";"";"";"";"";"";"";"";"";""
"29/05/2022";"1600";"";"";"";"";"";"";"";"";"";"";"";"";"";"";"";"";""
"29/05/2022";"1700";"";"";"";"";"";"";"";"";"";"";"";"";"";"";"";"";""
"29/05/2022";"1800";"";"";"";"";"";"";"";"";"";"";"";"";"";"";"";"";""
"29/05/2022";"1900";"";"";"";"";"";"";"";"";"";"";"";"";"";"";"";"";""
"29/05/2022";"2000";"";"";"";"";"";"";"";"";"";"";"";"";"";"";"";"";""
"29/05/2022";"2100";"";"";"";"";"";"";"";"";"";"";"";"";"";"";"";"";""
"29/05/2022";"2200";"";"";"";"";"";"";"";"";"";"";"";"";"";"";"";"";""
"29/05/2022";"2300";"";"";"";"";"";"";"";"";"";"";"";"";"";"";"";"";""
"30/05/2022";"0000";"";"";"";"";"";"";"";"";"";"";"";"";"";"";"";"";""
"30/05/2022";"0100";"";"";"";"";"";"";"";"";"";"";"";"";"";"";"";"";""
"30/05/2022";"0200";"";"";"";"";"";"";"";"";"";"";"";"";"";"";"";"";""
"30/05/2022";"0300";"";"";"";"";"";"";"";"";"";"";"";"";"";"";"";"";""
"30/05/2022";"0400";"";"";"";"";"";"";"";"";"";"";"";"";"";"";"";"";""
"30/05/2022";"0500";"";"";"";"";"";"";"";"";"";"";"";"";"";"";"";"";""
"30/05/2022";"0600";"";"";"";"";"";"";"";"";"";"";"";"";"";"";"";"";""
"30/05/2022";"0700";"";"";"";"";"";"";"";"";"";"";"";"";"";"";"";"";""
"30/05/2022";"0800";"";"";"";"";"";"";"";"";"";"";"";"";"";"";"";"";""
"30/05/2022";"0900";"";"";"";"";"";"";"";"";"";"";"";"";"";"";"";"";""
"30/05/2022";"1000";"";"";"";"";"";"";"";"";"";"";"";"";"";"";"";"";""
"30/05/2022";"1100";"";"";"";"";"";"";"";"";"";"";"";"";"";"";"";"";""
"30/05/2022";"1200";"";"";"";"";"";"";"";"";"";"";"";"";"";"";"";"";""
"30/05/2022";"1300";"";"";"";"";"";"";"";"";"";"";"";"";"";"";"";"";""
"30/05/2022";"1400";"";"";"";"";"";"";"";"";"";"";"";"";"";"";"";"";""
"30/05/2022";"1500";"";"";"";"";"";"";"";"";"";"";"";"";"";"";"";"";""
"30/05/2022";"1600";"";"";"";"";"";"";"";"";"";"";"";"";"";"";"";"";""
"30/05/2022";"1700";"";"";"";"";"";"";"";"";"";"";"";"";"";"";"";"";""
"30/05/2022";"1800";"";"";"";"";"";"";"";"";"";"";"";"";"";"";"";"";""
"30/05/2022";"1900";"";"";"";"";"";"";"";"";"";"";"";"";"";"";"";"";""
"30/05/2022";"2000";"";"";"";"";"";"";"";"";"";"";"";"";"";"";"";"";""
"30/05/2022";"2100";"";"";"";"";"";"";"";"";"";"";"";"";"";"";"";"";""
"30/05/2022";"2200";"";"";"";"";"";"";"";"";"";"";"";"";"";"";"";"";""
"30/05/2022";"2300";"";"";"";"";"";"";"";"";"";"";"";"";"";"";"";"";""
"31/05/2022";"0000";"";"";"";"";"";"";"";"";"";"";"";"";"";"";"";"";""
"31/05/2022";"0100";"";"";"";"";"";"";"";"";"";"";"";"";"";"";"";"";""
"31/05/2022";"0200";"";"";"";"";"";"";"";"";"";"";"";"";"";"";"";"";""
"31/05/2022";"0300";"";"";"";"";"";"";"";"";"";"";"";"";"";"";"";"";""
"31/05/2022";"0400";"";"";"";"";"";"";"";"";"";"";"";"";"";"";"";"";""
"31/05/2022";"0500";"";"";"";"";"";"";"";"";"";"";"";"";"";"";"";"";""
"31/05/2022";"0600";"";"";"";"";"";"";"";"";"";"";"";"";"";"";"";"";""
"31/05/2022";"0700";"";"";"";"";"";"";"";"";"";"";"";"";"";"";"";"";""
"31/05/2022";"0800";"";"";"";"";"";"";"";"";"";"";"";"";"";"";"";"";""
"31/05/2022";"0900";"";"";"";"";"";"";"";"";"";"";"";"";"";"";"";"";""
"31/05/2022";"1000";"";"";"";"";"";"";"";"";"";"";"";"";"";"";"";"";""
"31/05/2022";"1100";"";"";"";"";"";"";"";"";"";"";"";"";"";"";"";"";""
"31/05/2022";"1200";"";"";"";"";"";"";"";"";"";"";"";"";"";"";"";"";""
"31/05/2022";"1300";"";"";"";"";"";"";"";"";"";"";"";"";"";"";"";"";""
"31/05/2022";"1400";"";"";"";"";"";"";"";"";"";"";"";"";"";"";"";"";""
"31/05/2022";"1500";"";"";"";"";"";"";"";"";"";"";"";"";"";"";"";"";""
"31/05/2022";"1600";"";"";"";"";"";"";"";"";"";"";"";"";"";"";"";"";""
"31/05/2022";"1700";"";"";"";"";"";"";"";"";"";"";"";"";"";"";"";"";""
"31/05/2022";"1800";"";"";"";"";"";"";"";"";"";"";"";"";"";"";"";"";""
"31/05/2022";"1900";"";"";"";"";"";"";"";"";"";"";"";"";"";"";"";"";""
"31/05/2022";"2000";"";"";"";"";"";"";"";"";"";"";"";"";"";"";"";"";""
"31/05/2022";"2100";"";"";"";"";"";"";"";"";"";"";"";"";"";"";"";"";""
"31/05/2022";"2200";"";"";"";"";"";"";"";"";"";"";"";"";"";"";"";"";""
"31/05/2022";"2300";"";"";"";"";"";"";"";"";"";"";"";"";"";"";"";"";""
"01/06/2022";"0000";"";"";"";"";"";"";"";"";"";"";"";"";"";"";"";"";""
"01/06/2022";"0100";"";"";"";"";"";"";"";"";"";"";"";"";"";"";"";"";""
"01/06/2022";"0200";"";"";"";"";"";"";"";"";"";"";"";"";"";"";"";"";""
"01/06/2022";"0300";"";"";"";"";"";"";"";"";"";"";"";"";"";"";"";"";""
"01/06/2022";"0400";"";"";"";"";"";"";"";"";"";"";"";"";"";"";"";"";""
"01/06/2022";"0500";"";"";"";"";"";"";"";"";"";"";"";"";"";"";"";"";""
"01/06/2022";"0600";"";"";"";"";"";"";"";"";"";"";"";"";"";"";"";"";""
"01/06/2022";"0700";"";"";"";"";"";"";"";"";"";"";"";"";"";"";"";"";""
"01/06/2022";"0800";"";"";"";"";"";"";"";"";"";"";"";"";"";"";"";"";""
"01/06/2022";"0900";"";"";"";"";"";"";"";"";"";"";"";"";"";"";"";"";""
"01/06/2022";"1000";"";"";"";"";"";"";"";"";"";"";"";"";"";"";"";"";""
"01/06/2022";"1100";"";"";"";"";"";"";"";"";"";"";"";"";"";"";"";"";""
"01/06/2022";"1200";"";"";"";"";"";"";"";"";"";"";"";"";"";"";"";"";""
"01/06/2022";"1300";"";"";"";"";"";"";"";"";"";"";"";"";"";"";"";"";""
"01/06/2022";"1400";"";"";"";"";"";"";"";"";"";"";"";"";"";"";"";"";""
"01/06/2022";"1500";"";"";"";"";"";"";"";"";"";"";"";"";"";"";"";"";""
"01/06/2022";"1600";"";"";"";"";"";"";"";"";"";"";"";"";"";"";"";"";""
"01/06/2022";"1700";"";"";"";"";"";"";"";"";"";"";"";"";"";"";"";"";""
"01/06/2022";"1800";"";"";"";"";"";"";"";"";"";"";"";"";"";"";"";"";""
"01/06/2022";"1900";"";"";"";"";"";"";"";"";"";"";"";"";"";"";"";"";""
"01/06/2022";"2000";"";"";"";"";"";"";"";"";"";"";"";"";"";"";"";"";""
"01/06/2022";"2100";"";"";"";"";"";"";"";"";"";"";"";"";"";"";"";"";""
"01/06/2022";"2200";"";"";"";"";"";"";"";"";"";"";"";"";"";"";"";"";""
"01/06/2022";"2300";"";"";"";"";"";"";"";"";"";"";"";"";"";"";"";"";""
"02/06/2022";"0000";"";"";"";"";"";"";"";"";"";"";"";"";"";"";"";"";""
"02/06/2022";"0100";"";"";"";"";"";"";"";"";"";"";"";"";"";"";"";"";""
"02/06/2022";"0200";"";"";"";"";"";"";"";"";"";"";"";"";"";"";"";"";""
"02/06/2022";"0300";"";"";"";"";"";"";"";"";"";"";"";"";"";"";"";"";""
"02/06/2022";"0400";"";"";"";"";"";"";"";"";"";"";"";"";"";"";"";"";""
"02/06/2022";"0500";"";"";"";"";"";"";"";"";"";"";"";"";"";"";"";"";""
"02/06/2022";"0600";"";"";"";"";"";"";"";"";"";"";"";"";"";"";"";"";""
"02/06/2022";"0700";"";"";"";"";"";"";"";"";"";"";"";"";"";"";"";"";""
"02/06/2022";"0800";"";"";"";"";"";"";"";"";"";"";"";"";"";"";"";"";""
"02/06/2022";"0900";"";"";"";"";"";"";"";"";"";"";"";"";"";"";"";"";""
"02/06/2022";"1000";"";"";"";"";"";"";"";"";"";"";"";"";"";"";"";"";""
"02/06/2022";"1100";"";"";"";"";"";"";"";"";"";"";"";"";"";"";"";"";""
"02/06/2022";"1200";"";"";"";"";"";"";"";"";"";"";"";"";"";"";"";"";""
"02/06/2022";"1300";"";"";"";"";"";"";"";"";"";"";"";"";"";"";"";"";""
"02/06/2022";"1400";"";"";"";"";"";"";"";"";"";"";"";"";"";"";"";"";""
"02/06/2022";"1500";"";"";"";"";"";"";"";"";"";"";"";"";"";"";"";"";""
"02/06/2022";"1600";"";"";"";"";"";"";"";"";"";"";"";"";"";"";"";"";""
"02/06/2022";"1700";"";"";"";"";"";"";"";"";"";"";"";"";"";"";"";"";""
"02/06/2022";"1800";"";"";"";"";"";"";"";"";"";"";"";"";"";"";"";"";""
"02/06/2022";"1900";"";"";"";"";"";"";"";"";"";"";"";"";"";"";"";"";""
"02/06/2022";"2000";"";"";"";"";"";"";"";"";"";"";"";"";"";"";"";"";""
"02/06/2022";"2100";"";"";"";"";"";"";"";"";"";"";"";"";"";"";"";"";""
"02/06/2022";"2200";"";"";"";"";"";"";"";"";"";"";"";"";"";"";"";"";""
"02/06/2022";"2300";"";"";"";"";"";"";"";"";"";"";"";"";"";"";"";"";""
"03/06/2022";"0000";"";"";"";"";"";"";"";"";"";"";"";"";"";"";"";"";""
"03/06/2022";"0100";"";"";"";"";"";"";"";"";"";"";"";"";"";"";"";"";""
"03/06/2022";"0200";"";"";"";"";"";"";"";"";"";"";"";"";"";"";"";"";""
"03/06/2022";"0300";"";"";"";"";"";"";"";"";"";"";"";"";"";"";"";"";""
"03/06/2022";"0400";"";"";"";"";"";"";"";"";"";"";"";"";"";"";"";"";""
"03/06/2022";"0500";"";"";"";"";"";"";"";"";"";"";"";"";"";"";"";"";""
"03/06/2022";"0600";"";"";"";"";"";"";"";"";"";"";"";"";"";"";"";"";""
"03/06/2022";"0700";"";"";"";"";"";"";"";"";"";"";"";"";"";"";"";"";""
"03/06/2022";"0800";"";"";"";"";"";"";"";"";"";"";"";"";"";"";"";"";""
"03/06/2022";"0900";"";"";"";"";"";"";"";"";"";"";"";"";"";"";"";"";""
"03/06/2022";"1000";"";"";"";"";"";"";"";"";"";"";"";"";"";"";"";"";""
"03/06/2022";"1100";"";"";"";"";"";"";"";"";"";"";"";"";"";"";"";"";""
"03/06/2022";"1200";"";"";"";"";"";"";"";"";"";"";"";"";"";"";"";"";""
"03/06/2022";"1300";"";"";"";"";"";"";"";"";"";"";"";"";"";"";"";"";""
"03/06/2022";"1400";"";"";"";"";"";"";"";"";"";"";"";"";"";"";"";"";""
"03/06/2022";"1500";"";"";"";"";"";"";"";"";"";"";"";"";"";"";"";"";""
"03/06/2022";"1600";"";"";"";"";"";"";"";"";"";"";"";"";"";"";"";"";""
"03/06/2022";"1700";"";"";"";"";"";"";"";"";"";"";"";"";"";"";"";"";""
"03/06/2022";"1800";"";"";"";"";"";"";"";"";"";"";"";"";"";"";"";"";""
"03/06/2022";"1900";"";"";"";"";"";"";"";"";"";"";"";"";"";"";"";"";""
"03/06/2022";"2000";"";"";"";"";"";"";"";"";"";"";"";"";"";"";"";"";""
"03/06/2022";"2100";"";"";"";"";"";"";"";"";"";"";"";"";"";"";"";"";""
"03/06/2022";"2200";"";"";"";"";"";"";"";"";"";"";"";"";"";"";"";"";""
"03/06/2022";"2300";"";"";"";"";"";"";"";"";"";"";"";"";"";"";"";"";""
"04/06/2022";"0000";"";"";"";"";"";"";"";"";"";"";"";"";"";"";"";"";""
"04/06/2022";"0100";"";"";"";"";"";"";"";"";"";"";"";"";"";"";"";"";""
"04/06/2022";"0200";"";"";"";"";"";"";"";"";"";"";"";"";"";"";"";"";""
"04/06/2022";"0300";"";"";"";"";"";"";"";"";"";"";"";"";"";"";"";"";""
"04/06/2022";"0400";"";"";"";"";"";"";"";"";"";"";"";"";"";"";"";"";""
"04/06/2022";"0500";"";"";"";"";"";"";"";"";"";"";"";"";"";"";"";"";""
"04/06/2022";"0600";"";"";"";"";"";"";"";"";"";"";"";"";"";"";"";"";""
"04/06/2022";"0700";"";"";"";"";"";"";"";"";"";"";"";"";"";"";"";"";""
"04/06/2022";"0800";"";"";"";"";"";"";"";"";"";"";"";"";"";"";"";"";""
"04/06/2022";"0900";"";"";"";"";"";"";"";"";"";"";"";"";"";"";"";"";""
"04/06/2022";"1000";"";"";"";"";"";"";"";"";"";"";"";"";"";"";"";"";""
"04/06/2022";"1100";"";"";"";"";"";"";"";"";"";"";"";"";"";"";"";"";""
"04/06/2022";"1200";"";"";"";"";"";"";"";"";"";"";"";"";"";"";"";"";""
"04/06/2022";"1300";"";"";"";"";"";"";"";"";"";"";"";"";"";"";"";"";""
"04/06/2022";"1400";"";"";"";"";"";"";"";"";"";"";"";"";"";"";"";"";""
"04/06/2022";"1500";"";"";"";"";"";"";"";"";"";"";"";"";"";"";"";"";""
"04/06/2022";"1600";"";"";"";"";"";"";"";"";"";"";"";"";"";"";"";"";""
"04/06/2022";"1700";"";"";"";"";"";"";"";"";"";"";"";"";"";"";"";"";""
"04/06/2022";"1800";"";"";"";"";"";"";"";"";"";"";"";"";"";"";"";"";""
"04/06/2022";"1900";"";"";"";"";"";"";"";"";"";"";"";"";"";"";"";"";""
"04/06/2022";"2000";"";"";"";"";"";"";"";"";"";"";"";"";"";"";"";"";""
"04/06/2022";"2100";"";"";"";"";"";"";"";"";"";"";"";"";"";"";"";"";""
"04/06/2022";"2200";"";"";"";"";"";"";"";"";"";"";"";"";"";"";"";"";""
"04/06/2022";"2300";"";"";"";"";"";"";"";"";"";"";"";"";"";"";"";"";""
"05/06/2022";"0000";"";"";"";"";"";"";"";"";"";"";"";"";"";"";"";"";""
"05/06/2022";"0100";"";"";"";"";"";"";"";"";"";"";"";"";"";"";"";"";""
"05/06/2022";"0200";"";"";"";"";"";"";"";"";"";"";"";"";"";"";"";"";""
"05/06/2022";"0300";"";"";"";"";"";"";"";"";"";"";"";"";"";"";"";"";""
"05/06/2022";"0400";"";"";"";"";"";"";"";"";"";"";"";"";"";"";"";"";""
"05/06/2022";"0500";"";"";"";"";"";"";"";"";"";"";"";"";"";"";"";"";""
"05/06/2022";"0600";"";"";"";"";"";"";"";"";"";"";"";"";"";"";"";"";""
"05/06/2022";"0700";"";"";"";"";"";"";"";"";"";"";"";"";"";"";"";"";""
"05/06/2022";"0800";"";"";"";"";"";"";"";"";"";"";"";"";"";"";"";"";""
"05/06/2022";"0900";"";"";"";"";"";"";"";"";"";"";"";"";"";"";"";"";""
"05/06/2022";"1000";"";"";"";"";"";"";"";"";"";"";"";"";"";"";"";"";""
"05/06/2022";"1100";"";"";"";"";"";"";"";"";"";"";"";"";"";"";"";"";""
"05/06/2022";"1200";"";"";"";"";"";"";"";"";"";"";"";"";"";"";"";"";""
"05/06/2022";"1300";"";"";"";"";"";"";"";"";"";"";"";"";"";"";"";"";""
"05/06/2022";"1400";"";"";"";"";"";"";"";"";"";"";"";"";"";"";"";"";""
"05/06/2022";"1500";"";"";"";"";"";"";"";"";"";"";"";"";"";"";"";"";""
"05/06/2022";"1600";"";"";"";"";"";"";"";"";"";"";"";"";"";"";"";"";""
"05/06/2022";"1700";"";"";"";"";"";"";"";"";"";"";"";"";"";"";"";"";""
"05/06/2022";"1800";"";"";"";"";"";"";"";"";"";"";"";"";"";"";"";"";""
"05/06/2022";"1900";"";"";"";"";"";"";"";"";"";"";"";"";"";"";"";"";""
"05/06/2022";"2000";"";"";"";"";"";"";"";"";"";"";"";"";"";"";"";"";""
"05/06/2022";"2100";"";"";"";"";"";"";"";"";"";"";"";"";"";"";"";"";""
"05/06/2022";"2200";"";"";"";"";"";"";"";"";"";"";"";"";"";"";"";"";""
"05/06/2022";"2300";"";"";"";"";"";"";"";"";"";"";"";"";"";"";"";"";""
"06/06/2022";"0000";"";"";"";"";"";"";"";"";"";"";"";"";"";"";"";"";""
"06/06/2022";"0100";"";"";"";"";"";"";"";"";"";"";"";"";"";"";"";"";""
"06/06/2022";"0200";"";"";"";"";"";"";"";"";"";"";"";"";"";"";"";"";""
"06/06/2022";"0300";"";"";"";"";"";"";"";"";"";"";"";"";"";"";"";"";""
"06/06/2022";"0400";"";"";"";"";"";"";"";"";"";"";"";"";"";"";"";"";""
"06/06/2022";"0500";"";"";"";"";"";"";"";"";"";"";"";"";"";"";"";"";""
"06/06/2022";"0600";"";"";"";"";"";"";"";"";"";"";"";"";"";"";"";"";""
"06/06/2022";"0700";"";"";"";"";"";"";"";"";"";"";"";"";"";"";"";"";""
"06/06/2022";"0800";"";"";"";"";"";"";"";"";"";"";"";"";"";"";"";"";""
"06/06/2022";"0900";"";"";"";"";"";"";"";"";"";"";"";"";"";"";"";"";""
"06/06/2022";"1000";"";"";"";"";"";"";"";"";"";"";"";"";"";"";"";"";""
"06/06/2022";"1100";"";"";"";"";"";"";"";"";"";"";"";"";"";"";"";"";""
"06/06/2022";"1200";"";"";"";"";"";"";"";"";"";"";"";"";"";"";"";"";""
"06/06/2022";"1300";"";"";"";"";"";"";"";"";"";"";"";"";"";"";"";"";""
"06/06/2022";"1400";"";"";"";"";"";"";"";"";"";"";"";"";"";"";"";"";""
"06/06/2022";"1500";"";"";"";"";"";"";"";"";"";"";"";"";"";"";"";"";""
"06/06/2022";"1600";"";"";"";"";"";"";"";"";"";"";"";"";"";"";"";"";""
"06/06/2022";"1700";"";"";"";"";"";"";"";"";"";"";"";"";"";"";"";"";""
"06/06/2022";"1800";"";"";"";"";"";"";"";"";"";"";"";"";"";"";"";"";""
"06/06/2022";"1900";"";"";"";"";"";"";"";"";"";"";"";"";"";"";"";"";""
"06/06/2022";"2000";"";"";"";"";"";"";"";"";"";"";"";"";"";"";"";"";""
"06/06/2022";"2100";"";"";"";"";"";"";"";"";"";"";"";"";"";"";"";"";""
"06/06/2022";"2200";"";"";"";"";"";"";"";"";"";"";"";"";"";"";"";"";""
"06/06/2022";"2300";"";"";"";"";"";"";"";"";"";"";"";"";"";"";"";"";""
"07/06/2022";"0000";"";"";"";"";"";"";"";"";"";"";"";"";"";"";"";"";""
"07/06/2022";"0100";"";"";"";"";"";"";"";"";"";"";"";"";"";"";"";"";""
"07/06/2022";"0200";"";"";"";"";"";"";"";"";"";"";"";"";"";"";"";"";""
"07/06/2022";"0300";"";"";"";"";"";"";"";"";"";"";"";"";"";"";"";"";""
"07/06/2022";"0400";"";"";"";"";"";"";"";"";"";"";"";"";"";"";"";"";""
"07/06/2022";"0500";"";"";"";"";"";"";"";"";"";"";"";"";"";"";"";"";""
"07/06/2022";"0600";"";"";"";"";"";"";"";"";"";"";"";"";"";"";"";"";""
"07/06/2022";"0700";"";"";"";"";"";"";"";"";"";"";"";"";"";"";"";"";""
"07/06/2022";"0800";"";"";"";"";"";"";"";"";"";"";"";"";"";"";"";"";""
"07/06/2022";"0900";"";"";"";"";"";"";"";"";"";"";"";"";"";"";"";"";""
"07/06/2022";"1000";"";"";"";"";"";"";"";"";"";"";"";"";"";"";"";"";""
"07/06/2022";"1100";"";"";"";"";"";"";"";"";"";"";"";"";"";"";"";"";""
"07/06/2022";"1200";"";"";"";"";"";"";"";"";"";"";"";"";"";"";"";"";""
"07/06/2022";"1300";"";"";"";"";"";"";"";"";"";"";"";"";"";"";"";"";""
"07/06/2022";"1400";"";"";"";"";"";"";"";"";"";"";"";"";"";"";"";"";""
"07/06/2022";"1500";"";"";"";"";"";"";"";"";"";"";"";"";"";"";"";"";""
"07/06/2022";"1600";"";"";"";"";"";"";"";"";"";"";"";"";"";"";"";"";""
"07/06/2022";"1700";"";"";"";"";"";"";"";"";"";"";"";"";"";"";"";"";""
"07/06/2022";"1800";"";"";"";"";"";"";"";"";"";"";"";"";"";"";"";"";""
"07/06/2022";"1900";"";"";"";"";"";"";"";"";"";"";"";"";"";"";"";"";""
"07/06/2022";"2000";"";"";"";"";"";"";"";"";"";"";"";"";"";"";"";"";""
"07/06/2022";"2100";"";"";"";"";"";"";"";"";"";"";"";"";"";"";"";"";""
"07/06/2022";"2200";"";"";"";"";"";"";"";"";"";"";"";"";"";"";"";"";""
"07/06/2022";"2300";"";"";"";"";"";"";"";"";"";"";"";"";"";"";"";"";""
"08/06/2022";"0000";"";"";"";"";"";"";"";"";"";"";"";"";"";"";"";"";""
"08/06/2022";"0100";"";"";"";"";"";"";"";"";"";"";"";"";"";"";"";"";""
"08/06/2022";"0200";"";"";"";"";"";"";"";"";"";"";"";"";"";"";"";"";""
"08/06/2022";"0300";"";"";"";"";"";"";"";"";"";"";"";"";"";"";"";"";""
"08/06/2022";"0400";"";"";"";"";"";"";"";"";"";"";"";"";"";"";"";"";""
"08/06/2022";"0500";"";"";"";"";"";"";"";"";"";"";"";"";"";"";"";"";""
"08/06/2022";"0600";"";"";"";"";"";"";"";"";"";"";"";"";"";"";"";"";""
"08/06/2022";"0700";"";"";"";"";"";"";"";"";"";"";"";"";"";"";"";"";""
"08/06/2022";"0800";"";"";"";"";"";"";"";"";"";"";"";"";"";"";"";"";""
"08/06/2022";"0900";"";"";"";"";"";"";"";"";"";"";"";"";"";"";"";"";""
"08/06/2022";"1000";"";"";"";"";"";"";"";"";"";"";"";"";"";"";"";"";""
"08/06/2022";"1100";"";"";"";"";"";"";"";"";"";"";"";"";"";"";"";"";""
"08/06/2022";"1200";"";"";"";"";"";"";"";"";"";"";"";"";"";"";"";"";""
"08/06/2022";"1300";"";"";"";"";"";"";"";"";"";"";"";"";"";"";"";"";""
"08/06/2022";"1400";"";"";"";"";"";"";"";"";"";"";"";"";"";"";"";"";""
"08/06/2022";"1500";"";"";"";"";"";"";"";"";"";"";"";"";"";"";"";"";""
"08/06/2022";"1600";"";"";"";"";"";"";"";"";"";"";"";"";"";"";"";"";""
"08/06/2022";"1700";"";"";"";"";"";"";"";"";"";"";"";"";"";"";"";"";""
"08/06/2022";"1800";"";"";"";"";"";"";"";"";"";"";"";"";"";"";"";"";""
"08/06/2022";"1900";"";"";"";"";"";"";"";"";"";"";"";"";"";"";"";"";""
"08/06/2022";"2000";"";"";"";"";"";"";"";"";"";"";"";"";"";"";"";"";""
"08/06/2022";"2100";"";"";"";"";"";"";"";"";"";"";"";"";"";"";"";"";""
"08/06/2022";"2200";"";"";"";"";"";"";"";"";"";"";"";"";"";"";"";"";""
"08/06/2022";"2300";"";"";"";"";"";"";"";"";"";"";"";"";"";"";"";"";""
"09/06/2022";"0000";"";"";"";"";"";"";"";"";"";"";"";"";"";"";"";"";""
"09/06/2022";"0100";"";"";"";"";"";"";"";"";"";"";"";"";"";"";"";"";""
"09/06/2022";"0200";"";"";"";"";"";"";"";"";"";"";"";"";"";"";"";"";""
"09/06/2022";"0300";"";"";"";"";"";"";"";"";"";"";"";"";"";"";"";"";""
"09/06/2022";"0400";"";"";"";"";"";"";"";"";"";"";"";"";"";"";"";"";""
"09/06/2022";"0500";"";"";"";"";"";"";"";"";"";"";"";"";"";"";"";"";""
"09/06/2022";"0600";"";"";"";"";"";"";"";"";"";"";"";"";"";"";"";"";""
"09/06/2022";"0700";"";"";"";"";"";"";"";"";"";"";"";"";"";"";"";"";""
"09/06/2022";"0800";"";"";"";"";"";"";"";"";"";"";"";"";"";"";"";"";""
"09/06/2022";"0900";"";"";"";"";"";"";"";"";"";"";"";"";"";"";"";"";""
"09/06/2022";"1000";"";"";"";"";"";"";"";"";"";"";"";"";"";"";"";"";""
"09/06/2022";"1100";"";"";"";"";"";"";"";"";"";"";"";"";"";"";"";"";""
"09/06/2022";"1200";"";"";"";"";"";"";"";"";"";"";"";"";"";"";"";"";""
"09/06/2022";"1300";"";"";"";"";"";"";"";"";"";"";"";"";"";"";"";"";""
"09/06/2022";"1400";"";"";"";"";"";"";"";"";"";"";"";"";"";"";"";"";""
"09/06/2022";"1500";"";"";"";"";"";"";"";"";"";"";"";"";"";"";"";"";""
"09/06/2022";"1600";"";"";"";"";"";"";"";"";"";"";"";"";"";"";"";"";""
"09/06/2022";"1700";"";"";"";"";"";"";"";"";"";"";"";"";"";"";"";"";""
"09/06/2022";"1800";"";"";"";"";"";"";"";"";"";"";"";"";"";"";"";"";""
"09/06/2022";"1900";"";"";"";"";"";"";"";"";"";"";"";"";"";"";"";"";""
"09/06/2022";"2000";"";"";"";"";"";"";"";"";"";"";"";"";"";"";"";"";""
"09/06/2022";"2100";"";"";"";"";"";"";"";"";"";"";"";"";"";"";"";"";""
"09/06/2022";"2200";"";"";"";"";"";"";"";"";"";"";"";"";"";"";"";"";""
"09/06/2022";"2300";"";"";"";"";"";"";"";"";"";"";"";"";"";"";"";"";""
"10/06/2022";"0000";"";"";"";"";"";"";"";"";"";"";"";"";"";"";"";"";""
"10/06/2022";"0100";"";"";"";"";"";"";"";"";"";"";"";"";"";"";"";"";""
"10/06/2022";"0200";"";"";"";"";"";"";"";"";"";"";"";"";"";"";"";"";""
"10/06/2022";"0300";"";"";"";"";"";"";"";"";"";"";"";"";"";"";"";"";""
"10/06/2022";"0400";"";"";"";"";"";"";"";"";"";"";"";"";"";"";"";"";""
"10/06/2022";"0500";"";"";"";"";"";"";"";"";"";"";"";"";"";"";"";"";""
"10/06/2022";"0600";"";"";"";"";"";"";"";"";"";"";"";"";"";"";"";"";""
"10/06/2022";"0700";"";"";"";"";"";"";"";"";"";"";"";"";"";"";"";"";""
"10/06/2022";"0800";"";"";"";"";"";"";"";"";"";"";"";"";"";"";"";"";""
"10/06/2022";"0900";"";"";"";"";"";"";"";"";"";"";"";"";"";"";"";"";""
"10/06/2022";"1000";"";"";"";"";"";"";"";"";"";"";"";"";"";"";"";"";""
"10/06/2022";"1100";"";"";"";"";"";"";"";"";"";"";"";"";"";"";"";"";""
"10/06/2022";"1200";"";"";"";"";"";"";"";"";"";"";"";"";"";"";"";"";""
"10/06/2022";"1300";"";"";"";"";"";"";"";"";"";"";"";"";"";"";"";"";""
"10/06/2022";"1400";"";"";"";"";"";"";"";"";"";"";"";"";"";"";"";"";""
"10/06/2022";"1500";"";"";"";"";"";"";"";"";"";"";"";"";"";"";"";"";""
"10/06/2022";"1600";"";"";"";"";"";"";"";"";"";"";"";"";"";"";"";"";""
"10/06/2022";"1700";"";"";"";"";"";"";"";"";"";"";"";"";"";"";"";"";""
"10/06/2022";"1800";"";"";"";"";"";"";"";"";"";"";"";"";"";"";"";"";""
"10/06/2022";"1900";"";"";"";"";"";"";"";"";"";"";"";"";"";"";"";"";""
"10/06/2022";"2000";"";"";"";"";"";"";"";"";"";"";"";"";"";"";"";"";""
"10/06/2022";"2100";"";"";"";"";"";"";"";"";"";"";"";"";"";"";"";"";""
"10/06/2022";"2200";"";"";"";"";"";"";"";"";"";"";"";"";"";"";"";"";""
"10/06/2022";"2300";"";"";"";"";"";"";"";"";"";"";"";"";"";"";"";"";""
"11/06/2022";"0000";"";"";"";"";"";"";"";"";"";"";"";"";"";"";"";"";""
"11/06/2022";"0100";"";"";"";"";"";"";"";"";"";"";"";"";"";"";"";"";""
"11/06/2022";"0200";"";"";"";"";"";"";"";"";"";"";"";"";"";"";"";"";""
"11/06/2022";"0300";"";"";"";"";"";"";"";"";"";"";"";"";"";"";"";"";""
"11/06/2022";"0400";"";"";"";"";"";"";"";"";"";"";"";"";"";"";"";"";""
"11/06/2022";"0500";"";"";"";"";"";"";"";"";"";"";"";"";"";"";"";"";""
"11/06/2022";"0600";"";"";"";"";"";"";"";"";"";"";"";"";"";"";"";"";""
"11/06/2022";"0700";"";"";"";"";"";"";"";"";"";"";"";"";"";"";"";"";""
"11/06/2022";"0800";"";"";"";"";"";"";"";"";"";"";"";"";"";"";"";"";""
"11/06/2022";"0900";"";"";"";"";"";"";"";"";"";"";"";"";"";"";"";"";""
"11/06/2022";"1000";"";"";"";"";"";"";"";"";"";"";"";"";"";"";"";"";""
"11/06/2022";"1100";"";"";"";"";"";"";"";"";"";"";"";"";"";"";"";"";""
"11/06/2022";"1200";"";"";"";"";"";"";"";"";"";"";"";"";"";"";"";"";""
"11/06/2022";"1300";"";"";"";"";"";"";"";"";"";"";"";"";"";"";"";"";""
"11/06/2022";"1400";"";"";"";"";"";"";"";"";"";"";"";"";"";"";"";"";""
"11/06/2022";"1500";"";"";"";"";"";"";"";"";"";"";"";"";"";"";"";"";""
"11/06/2022";"1600";"";"";"";"";"";"";"";"";"";"";"";"";"";"";"";"";""
"11/06/2022";"1700";"";"";"";"";"";"";"";"";"";"";"";"";"";"";"";"";""
"11/06/2022";"1800";"";"";"";"";"";"";"";"";"";"";"";"";"";"";"";"";""
"11/06/2022";"1900";"";"";"";"";"";"";"";"";"";"";"";"";"";"";"";"";""
"11/06/2022";"2000";"";"";"";"";"";"";"";"";"";"";"";"";"";"";"";"";""
"11/06/2022";"2100";"";"";"";"";"";"";"";"";"";"";"";"";"";"";"";"";""
"11/06/2022";"2200";"";"";"";"";"";"";"";"";"";"";"";"";"";"";"";"";""
"11/06/2022";"2300";"";"";"";"";"";"";"";"";"";"";"";"";"";"";"";"";""
"12/06/2022";"0000";"";"";"";"";"";"";"";"";"";"";"";"";"";"";"";"";""
"12/06/2022";"0100";"";"";"";"";"";"";"";"";"";"";"";"";"";"";"";"";""
"12/06/2022";"0200";"";"";"";"";"";"";"";"";"";"";"";"";"";"";"";"";""
"12/06/2022";"0300";"";"";"";"";"";"";"";"";"";"";"";"";"";"";"";"";""
"12/06/2022";"0400";"";"";"";"";"";"";"";"";"";"";"";"";"";"";"";"";""
"12/06/2022";"0500";"";"";"";"";"";"";"";"";"";"";"";"";"";"";"";"";""
"12/06/2022";"0600";"";"";"";"";"";"";"";"";"";"";"";"";"";"";"";"";""
"12/06/2022";"0700";"";"";"";"";"";"";"";"";"";"";"";"";"";"";"";"";""
"12/06/2022";"0800";"";"";"";"";"";"";"";"";"";"";"";"";"";"";"";"";""
"12/06/2022";"0900";"";"";"";"";"";"";"";"";"";"";"";"";"";"";"";"";""
"12/06/2022";"1000";"";"";"";"";"";"";"";"";"";"";"";"";"";"";"";"";""
"12/06/2022";"1100";"";"";"";"";"";"";"";"";"";"";"";"";"";"";"";"";""
"12/06/2022";"1200";"";"";"";"";"";"";"";"";"";"";"";"";"";"";"";"";""
"12/06/2022";"1300";"";"";"";"";"";"";"";"";"";"";"";"";"";"";"";"";""
"12/06/2022";"1400";"";"";"";"";"";"";"";"";"";"";"";"";"";"";"";"";""
"12/06/2022";"1500";"";"";"";"";"";"";"";"";"";"";"";"";"";"";"";"";""
"12/06/2022";"1600";"";"";"";"";"";"";"";"";"";"";"";"";"";"";"";"";""
"12/06/2022";"1700";"";"";"";"";"";"";"";"";"";"";"";"";"";"";"";"";""
"12/06/2022";"1800";"";"";"";"";"";"";"";"";"";"";"";"";"";"";"";"";""
"12/06/2022";"1900";"";"";"";"";"";"";"";"";"";"";"";"";"";"";"";"";""
"12/06/2022";"2000";"";"";"";"";"";"";"";"";"";"";"";"";"";"";"";"";""
"12/06/2022";"2100";"";"";"";"";"";"";"";"";"";"";"";"";"";"";"";"";""
"12/06/2022";"2200";"";"";"";"";"";"";"";"";"";"";"";"";"";"";"";"";""
"12/06/2022";"2300";"";"";"";"";"";"";"";"";"";"";"";"";"";"";"";"";""
"13/06/2022";"0000";"";"";"";"";"";"";"";"";"";"";"";"";"";"";"";"";""
"13/06/2022";"0100";"";"";"";"";"";"";"";"";"";"";"";"";"";"";"";"";""
"13/06/2022";"0200";"";"";"";"";"";"";"";"";"";"";"";"";"";"";"";"";""
"13/06/2022";"0300";"";"";"";"";"";"";"";"";"";"";"";"";"";"";"";"";""
"13/06/2022";"0400";"";"";"";"";"";"";"";"";"";"";"";"";"";"";"";"";""
"13/06/2022";"0500";"";"";"";"";"";"";"";"";"";"";"";"";"";"";"";"";""
"13/06/2022";"0600";"";"";"";"";"";"";"";"";"";"";"";"";"";"";"";"";""
"13/06/2022";"0700";"";"";"";"";"";"";"";"";"";"";"";"";"";"";"";"";""
"13/06/2022";"0800";"";"";"";"";"";"";"";"";"";"";"";"";"";"";"";"";""
"13/06/2022";"0900";"";"";"";"";"";"";"";"";"";"";"";"";"";"";"";"";""
"13/06/2022";"1000";"";"";"";"";"";"";"";"";"";"";"";"";"";"";"";"";""
"13/06/2022";"1100";"";"";"";"";"";"";"";"";"";"";"";"";"";"";"";"";""
"13/06/2022";"1200";"";"";"";"";"";"";"";"";"";"";"";"";"";"";"";"";""
"13/06/2022";"1300";"";"";"";"";"";"";"";"";"";"";"";"";"";"";"";"";""
"13/06/2022";"1400";"";"";"";"";"";"";"";"";"";"";"";"";"";"";"";"";""
"13/06/2022";"1500";"";"";"";"";"";"";"";"";"";"";"";"";"";"";"";"";""
"13/06/2022";"1600";"";"";"";"";"";"";"";"";"";"";"";"";"";"";"";"";""
"13/06/2022";"1700";"";"";"";"";"";"";"";"";"";"";"";"";"";"";"";"";""
"13/06/2022";"1800";"";"";"";"";"";"";"";"";"";"";"";"";"";"";"";"";""
"13/06/2022";"1900";"";"";"";"";"";"";"";"";"";"";"";"";"";"";"";"";""
"13/06/2022";"2000";"";"";"";"";"";"";"";"";"";"";"";"";"";"";"";"";""
"13/06/2022";"2100";"";"";"";"";"";"";"";"";"";"";"";"";"";"";"";"";""
"13/06/2022";"2200";"";"";"";"";"";"";"";"";"";"";"";"";"";"";"";"";""
"13/06/2022";"2300";"";"";"";"";"";"";"";"";"";"";"";"";"";"";"";"";""
"14/06/2022";"0000";"";"";"";"";"";"";"";"";"";"";"";"";"";"";"";"";""
"14/06/2022";"0100";"";"";"";"";"";"";"";"";"";"";"";"";"";"";"";"";""
"14/06/2022";"0200";"";"";"";"";"";"";"";"";"";"";"";"";"";"";"";"";""
"14/06/2022";"0300";"";"";"";"";"";"";"";"";"";"";"";"";"";"";"";"";""
"14/06/2022";"0400";"";"";"";"";"";"";"";"";"";"";"";"";"";"";"";"";""
"14/06/2022";"0500";"";"";"";"";"";"";"";"";"";"";"";"";"";"";"";"";""
"14/06/2022";"0600";"";"";"";"";"";"";"";"";"";"";"";"";"";"";"";"";""
"14/06/2022";"0700";"";"";"";"";"";"";"";"";"";"";"";"";"";"";"";"";""
"14/06/2022";"0800";"";"";"";"";"";"";"";"";"";"";"";"";"";"";"";"";""
"14/06/2022";"0900";"";"";"";"";"";"";"";"";"";"";"";"";"";"";"";"";""
"14/06/2022";"1000";"";"";"";"";"";"";"";"";"";"";"";"";"";"";"";"";""
"14/06/2022";"1100";"";"";"";"";"";"";"";"";"";"";"";"";"";"";"";"";""
"14/06/2022";"1200";"";"";"";"";"";"";"";"";"";"";"";"";"";"";"";"";""
"14/06/2022";"1300";"";"";"";"";"";"";"";"";"";"";"";"";"";"";"";"";""
"14/06/2022";"1400";"";"";"";"";"";"";"";"";"";"";"";"";"";"";"";"";""
"14/06/2022";"1500";"";"";"";"";"";"";"";"";"";"";"";"";"";"";"";"";""
"14/06/2022";"1600";"";"";"";"";"";"";"";"";"";"";"";"";"";"";"";"";""
"14/06/2022";"1700";"";"";"";"";"";"";"";"";"";"";"";"";"";"";"";"";""
"14/06/2022";"1800";"";"";"";"";"";"";"";"";"";"";"";"";"";"";"";"";""
"14/06/2022";"1900";"";"";"";"";"";"";"";"";"";"";"";"";"";"";"";"";""
"14/06/2022";"2000";"";"";"";"";"";"";"";"";"";"";"";"";"";"";"";"";""
"14/06/2022";"2100";"";"";"";"";"";"";"";"";"";"";"";"";"";"";"";"";""
"14/06/2022";"2200";"";"";"";"";"";"";"";"";"";"";"";"";"";"";"";"";""
"14/06/2022";"2300";"";"";"";"";"";"";"";"";"";"";"";"";"";"";"";"";""
"15/06/2022";"0000";"";"";"";"";"";"";"";"";"";"";"";"";"";"";"";"";""
"15/06/2022";"0100";"";"";"";"";"";"";"";"";"";"";"";"";"";"";"";"";""
"15/06/2022";"0200";"";"";"";"";"";"";"";"";"";"";"";"";"";"";"";"";""
"15/06/2022";"0300";"";"";"";"";"";"";"";"";"";"";"";"";"";"";"";"";""
"15/06/2022";"0400";"";"";"";"";"";"";"";"";"";"";"";"";"";"";"";"";""
"15/06/2022";"0500";"";"";"";"";"";"";"";"";"";"";"";"";"";"";"";"";""
"15/06/2022";"0600";"";"";"";"";"";"";"";"";"";"";"";"";"";"";"";"";""
"15/06/2022";"0700";"";"";"";"";"";"";"";"";"";"";"";"";"";"";"";"";""
"15/06/2022";"0800";"";"";"";"";"";"";"";"";"";"";"";"";"";"";"";"";""
"15/06/2022";"0900";"";"";"";"";"";"";"";"";"";"";"";"";"";"";"";"";""
"15/06/2022";"1000";"";"";"";"";"";"";"";"";"";"";"";"";"";"";"";"";""
"15/06/2022";"1100";"";"";"";"";"";"";"";"";"";"";"";"";"";"";"";"";""
"15/06/2022";"1200";"";"";"";"";"";"";"";"";"";"";"";"";"";"";"";"";""
"15/06/2022";"1300";"";"";"";"";"";"";"";"";"";"";"";"";"";"";"";"";""
"15/06/2022";"1400";"";"";"";"";"";"";"";"";"";"";"";"";"";"";"";"";""
"15/06/2022";"1500";"";"";"";"";"";"";"";"";"";"";"";"";"";"";"";"";""
"15/06/2022";"1600";"";"";"";"";"";"";"";"";"";"";"";"";"";"";"";"";""
"15/06/2022";"1700";"";"";"";"";"";"";"";"";"";"";"";"";"";"";"";"";""
"15/06/2022";"1800";"";"";"";"";"";"";"";"";"";"";"";"";"";"";"";"";""
"15/06/2022";"1900";"";"";"";"";"";"";"";"";"";"";"";"";"";"";"";"";""
"15/06/2022";"2000";"";"";"";"";"";"";"";"";"";"";"";"";"";"";"";"";""
"15/06/2022";"2100";"";"";"";"";"";"";"";"";"";"";"";"";"";"";"";"";""
"15/06/2022";"2200";"";"";"";"";"";"";"";"";"";"";"";"";"";"";"";"";""
"15/06/2022";"2300";"";"";"";"";"";"";"";"";"";"";"";"";"";"";"";"";""
"16/06/2022";"0000";"";"";"";"";"";"";"";"";"";"";"";"";"";"";"";"";""
"16/06/2022";"0100";"";"";"";"";"";"";"";"";"";"";"";"";"";"";"";"";""
"16/06/2022";"0200";"";"";"";"";"";"";"";"";"";"";"";"";"";"";"";"";""
"16/06/2022";"0300";"";"";"";"";"";"";"";"";"";"";"";"";"";"";"";"";""
"16/06/2022";"0400";"";"";"";"";"";"";"";"";"";"";"";"";"";"";"";"";""
"16/06/2022";"0500";"";"";"";"";"";"";"";"";"";"";"";"";"";"";"";"";""
"16/06/2022";"0600";"";"";"";"";"";"";"";"";"";"";"";"";"";"";"";"";""
"16/06/2022";"0700";"";"";"";"";"";"";"";"";"";"";"";"";"";"";"";"";""
"16/06/2022";"0800";"";"";"";"";"";"";"";"";"";"";"";"";"";"";"";"";""
"16/06/2022";"0900";"";"";"";"";"";"";"";"";"";"";"";"";"";"";"";"";""
"16/06/2022";"1000";"";"";"";"";"";"";"";"";"";"";"";"";"";"";"";"";""
"16/06/2022";"1100";"";"";"";"";"";"";"";"";"";"";"";"";"";"";"";"";""
"16/06/2022";"1200";"";"";"";"";"";"";"";"";"";"";"";"";"";"";"";"";""
"16/06/2022";"1300";"";"";"";"";"";"";"";"";"";"";"";"";"";"";"";"";""
"16/06/2022";"1400";"";"";"";"";"";"";"";"";"";"";"";"";"";"";"";"";""
"16/06/2022";"1500";"";"";"";"";"";"";"";"";"";"";"";"";"";"";"";"";""
"16/06/2022";"1600";"";"";"";"";"";"";"";"";"";"";"";"";"";"";"";"";""
"16/06/2022";"1700";"";"";"";"";"";"";"";"";"";"";"";"";"";"";"";"";""
"16/06/2022";"1800";"";"";"";"";"";"";"";"";"";"";"";"";"";"";"";"";""
"16/06/2022";"1900";"";"";"";"";"";"";"";"";"";"";"";"";"";"";"";"";""
"16/06/2022";"2000";"";"";"";"";"";"";"";"";"";"";"";"";"";"";"";"";""
"16/06/2022";"2100";"";"";"";"";"";"";"";"";"";"";"";"";"";"";"";"";""
"16/06/2022";"2200";"";"";"";"";"";"";"";"";"";"";"";"";"";"";"";"";""
"16/06/2022";"2300";"";"";"";"";"";"";"";"";"";"";"";"";"";"";"";"";""
"17/06/2022";"0000";"";"";"";"";"";"";"";"";"";"";"";"";"";"";"";"";""
"17/06/2022";"0100";"";"";"";"";"";"";"";"";"";"";"";"";"";"";"";"";""
"17/06/2022";"0200";"";"";"";"";"";"";"";"";"";"";"";"";"";"";"";"";""
"17/06/2022";"0300";"";"";"";"";"";"";"";"";"";"";"";"";"";"";"";"";""
"17/06/2022";"0400";"";"";"";"";"";"";"";"";"";"";"";"";"";"";"";"";""
"17/06/2022";"0500";"";"";"";"";"";"";"";"";"";"";"";"";"";"";"";"";""
"17/06/2022";"0600";"";"";"";"";"";"";"";"";"";"";"";"";"";"";"";"";""
"17/06/2022";"0700";"";"";"";"";"";"";"";"";"";"";"";"";"";"";"";"";""
"17/06/2022";"0800";"";"";"";"";"";"";"";"";"";"";"";"";"";"";"";"";""
"17/06/2022";"0900";"";"";"";"";"";"";"";"";"";"";"";"";"";"";"";"";""
"17/06/2022";"1000";"";"";"";"";"";"";"";"";"";"";"";"";"";"";"";"";""
"17/06/2022";"1100";"";"";"";"";"";"";"";"";"";"";"";"";"";"";"";"";""
"17/06/2022";"1200";"";"";"";"";"";"";"";"";"";"";"";"";"";"";"";"";""
"17/06/2022";"1300";"";"";"";"";"";"";"";"";"";"";"";"";"";"";"";"";""
"17/06/2022";"1400";"";"";"";"";"";"";"";"";"";"";"";"";"";"";"";"";""
"17/06/2022";"1500";"";"";"";"";"";"";"";"";"";"";"";"";"";"";"";"";""
"17/06/2022";"1600";"";"";"";"";"";"";"";"";"";"";"";"";"";"";"";"";""
"17/06/2022";"1700";"";"";"";"";"";"";"";"";"";"";"";"";"";"";"";"";""
"17/06/2022";"1800";"";"";"";"";"";"";"";"";"";"";"";"";"";"";"";"";""
"17/06/2022";"1900";"";"";"";"";"";"";"";"";"";"";"";"";"";"";"";"";""
"17/06/2022";"2000";"";"";"";"";"";"";"";"";"";"";"";"";"";"";"";"";""
"17/06/2022";"2100";"";"";"";"";"";"";"";"";"";"";"";"";"";"";"";"";""
"17/06/2022";"2200";"";"";"";"";"";"";"";"";"";"";"";"";"";"";"";"";""
"17/06/2022";"2300";"";"";"";"";"";"";"";"";"";"";"";"";"";"";"";"";""
"18/06/2022";"0000";"";"";"";"";"";"";"";"";"";"";"";"";"";"";"";"";""
"18/06/2022";"0100";"";"";"";"";"";"";"";"";"";"";"";"";"";"";"";"";""
"18/06/2022";"0200";"";"";"";"";"";"";"";"";"";"";"";"";"";"";"";"";""
"18/06/2022";"0300";"";"";"";"";"";"";"";"";"";"";"";"";"";"";"";"";""
"18/06/2022";"0400";"";"";"";"";"";"";"";"";"";"";"";"";"";"";"";"";""
"18/06/2022";"0500";"";"";"";"";"";"";"";"";"";"";"";"";"";"";"";"";""
"18/06/2022";"0600";"";"";"";"";"";"";"";"";"";"";"";"";"";"";"";"";""
"18/06/2022";"0700";"";"";"";"";"";"";"";"";"";"";"";"";"";"";"";"";""
"18/06/2022";"0800";"";"";"";"";"";"";"";"";"";"";"";"";"";"";"";"";""
"18/06/2022";"0900";"";"";"";"";"";"";"";"";"";"";"";"";"";"";"";"";""
"18/06/2022";"1000";"";"";"";"";"";"";"";"";"";"";"";"";"";"";"";"";""
"18/06/2022";"1100";"";"";"";"";"";"";"";"";"";"";"";"";"";"";"";"";""
"18/06/2022";"1200";"";"";"";"";"";"";"";"";"";"";"";"";"";"";"";"";""
"18/06/2022";"1300";"";"";"";"";"";"";"";"";"";"";"";"";"";"";"";"";""
"18/06/2022";"1400";"";"";"";"";"";"";"";"";"";"";"";"";"";"";"";"";""
"18/06/2022";"1500";"";"";"";"";"";"";"";"";"";"";"";"";"";"";"";"";""
"18/06/2022";"1600";"";"";"";"";"";"";"";"";"";"";"";"";"";"";"";"";""
"18/06/2022";"1700";"";"";"";"";"";"";"";"";"";"";"";"";"";"";"";"";""
"18/06/2022";"1800";"";"";"";"";"";"";"";"";"";"";"";"";"";"";"";"";""
"18/06/2022";"1900";"";"";"";"";"";"";"";"";"";"";"";"";"";"";"";"";""
"18/06/2022";"2000";"";"";"";"";"";"";"";"";"";"";"";"";"";"";"";"";""
"18/06/2022";"2100";"";"";"";"";"";"";"";"";"";"";"";"";"";"";"";"";""
"18/06/2022";"2200";"";"";"";"";"";"";"";"";"";"";"";"";"";"";"";"";""
"18/06/2022";"2300";"";"";"";"";"";"";"";"";"";"";"";"";"";"";"";"";""
"19/06/2022";"0000";"";"";"";"";"";"";"";"";"";"";"";"";"";"";"";"";""
"19/06/2022";"0100";"";"";"";"";"";"";"";"";"";"";"";"";"";"";"";"";""
"19/06/2022";"0200";"";"";"";"";"";"";"";"";"";"";"";"";"";"";"";"";""
"19/06/2022";"0300";"";"";"";"";"";"";"";"";"";"";"";"";"";"";"";"";""
"19/06/2022";"0400";"";"";"";"";"";"";"";"";"";"";"";"";"";"";"";"";""
"19/06/2022";"0500";"";"";"";"";"";"";"";"";"";"";"";"";"";"";"";"";""
"19/06/2022";"0600";"";"";"";"";"";"";"";"";"";"";"";"";"";"";"";"";""
"19/06/2022";"0700";"";"";"";"";"";"";"";"";"";"";"";"";"";"";"";"";""
"19/06/2022";"0800";"";"";"";"";"";"";"";"";"";"";"";"";"";"";"";"";""
"19/06/2022";"0900";"";"";"";"";"";"";"";"";"";"";"";"";"";"";"";"";""
"19/06/2022";"1000";"";"";"";"";"";"";"";"";"";"";"";"";"";"";"";"";""
"19/06/2022";"1100";"";"";"";"";"";"";"";"";"";"";"";"";"";"";"";"";""
"19/06/2022";"1200";"";"";"";"";"";"";"";"";"";"";"";"";"";"";"";"";""
"19/06/2022";"1300";"";"";"";"";"";"";"";"";"";"";"";"";"";"";"";"";""
"19/06/2022";"1400";"";"";"";"";"";"";"";"";"";"";"";"";"";"";"";"";""
"19/06/2022";"1500";"";"";"";"";"";"";"";"";"";"";"";"";"";"";"";"";""
"19/06/2022";"1600";"";"";"";"";"";"";"";"";"";"";"";"";"";"";"";"";""
"19/06/2022";"1700";"";"";"";"";"";"";"";"";"";"";"";"";"";"";"";"";""
"19/06/2022";"1800";"";"";"";"";"";"";"";"";"";"";"";"";"";"";"";"";""
"19/06/2022";"1900";"";"";"";"";"";"";"";"";"";"";"";"";"";"";"";"";""
"19/06/2022";"2000";"";"";"";"";"";"";"";"";"";"";"";"";"";"";"";"";""
"19/06/2022";"2100";"";"";"";"";"";"";"";"";"";"";"";"";"";"";"";"";""
"19/06/2022";"2200";"";"";"";"";"";"";"";"";"";"";"";"";"";"";"";"";""
"19/06/2022";"2300";"";"";"";"";"";"";"";"";"";"";"";"";"";"";"";"";""
"20/06/2022";"0000";"";"";"";"";"";"";"";"";"";"";"";"";"";"";"";"";""
"20/06/2022";"0100";"";"";"";"";"";"";"";"";"";"";"";"";"";"";"";"";""
"20/06/2022";"0200";"";"";"";"";"";"";"";"";"";"";"";"";"";"";"";"";""
"20/06/2022";"0300";"";"";"";"";"";"";"";"";"";"";"";"";"";"";"";"";""
"20/06/2022";"0400";"";"";"";"";"";"";"";"";"";"";"";"";"";"";"";"";""
"20/06/2022";"0500";"";"";"";"";"";"";"";"";"";"";"";"";"";"";"";"";""
"20/06/2022";"0600";"";"";"";"";"";"";"";"";"";"";"";"";"";"";"";"";""
"20/06/2022";"0700";"";"";"";"";"";"";"";"";"";"";"";"";"";"";"";"";""
"20/06/2022";"0800";"";"";"";"";"";"";"";"";"";"";"";"";"";"";"";"";""
"20/06/2022";"0900";"";"";"";"";"";"";"";"";"";"";"";"";"";"";"";"";""
"20/06/2022";"1000";"";"";"";"";"";"";"";"";"";"";"";"";"";"";"";"";""
"20/06/2022";"1100";"";"";"";"";"";"";"";"";"";"";"";"";"";"";"";"";""
"20/06/2022";"1200";"";"";"";"";"";"";"";"";"";"";"";"";"";"";"";"";""
"20/06/2022";"1300";"";"";"";"";"";"";"";"";"";"";"";"";"";"";"";"";""
"20/06/2022";"1400";"";"";"";"";"";"";"";"";"";"";"";"";"";"";"";"";""
"20/06/2022";"1500";"";"";"";"";"";"";"";"";"";"";"";"";"";"";"";"";""
"20/06/2022";"1600";"";"";"";"";"";"";"";"";"";"";"";"";"";"";"";"";""
"20/06/2022";"1700";"";"";"";"";"";"";"";"";"";"";"";"";"";"";"";"";""
"20/06/2022";"1800";"";"";"";"";"";"";"";"";"";"";"";"";"";"";"";"";""
"20/06/2022";"1900";"";"";"";"";"";"";"";"";"";"";"";"";"";"";"";"";""
"20/06/2022";"2000";"";"";"";"";"";"";"";"";"";"";"";"";"";"";"";"";""
"20/06/2022";"2100";"";"";"";"";"";"";"";"";"";"";"";"";"";"";"";"";""
"20/06/2022";"2200";"";"";"";"";"";"";"";"";"";"";"";"";"";"";"";"";""
"20/06/2022";"2300";"";"";"";"";"";"";"";"";"";"";"";"";"";"";"";"";""
"21/06/2022";"0000";"";"";"";"";"";"";"";"";"";"";"";"";"";"";"";"";""
"21/06/2022";"0100";"";"";"";"";"";"";"";"";"";"";"";"";"";"";"";"";""
"21/06/2022";"0200";"";"";"";"";"";"";"";"";"";"";"";"";"";"";"";"";""
"21/06/2022";"0300";"";"";"";"";"";"";"";"";"";"";"";"";"";"";"";"";""
"21/06/2022";"0400";"";"";"";"";"";"";"";"";"";"";"";"";"";"";"";"";""
"21/06/2022";"0500";"";"";"";"";"";"";"";"";"";"";"";"";"";"";"";"";""
"21/06/2022";"0600";"";"";"";"";"";"";"";"";"";"";"";"";"";"";"";"";""
"21/06/2022";"0700";"";"";"";"";"";"";"";"";"";"";"";"";"";"";"";"";""
"21/06/2022";"0800";"";"";"";"";"";"";"";"";"";"";"";"";"";"";"";"";""
"21/06/2022";"0900";"";"";"";"";"";"";"";"";"";"";"";"";"";"";"";"";""
"21/06/2022";"1000";"";"";"";"";"";"";"";"";"";"";"";"";"";"";"";"";""
"21/06/2022";"1100";"";"";"";"";"";"";"";"";"";"";"";"";"";"";"";"";""
"21/06/2022";"1200";"";"";"";"";"";"";"";"";"";"";"";"";"";"";"";"";""
"21/06/2022";"1300";"";"";"";"";"";"";"";"";"";"";"";"";"";"";"";"";""
"21/06/2022";"1400";"";"";"";"";"";"";"";"";"";"";"";"";"";"";"";"";""
"21/06/2022";"1500";"";"";"";"";"";"";"";"";"";"";"";"";"";"";"";"";""
"21/06/2022";"1600";"";"";"";"";"";"";"";"";"";"";"";"";"";"";"";"";""
"21/06/2022";"1700";"";"";"";"";"";"";"";"";"";"";"";"";"";"";"";"";""
"21/06/2022";"1800";"";"";"";"";"";"";"";"";"";"";"";"";"";"";"";"";""
"21/06/2022";"1900";"";"";"";"";"";"";"";"";"";"";"";"";"";"";"";"";""
"21/06/2022";"2000";"";"";"";"";"";"";"";"";"";"";"";"";"";"";"";"";""
"21/06/2022";"2100";"";"";"";"";"";"";"";"";"";"";"";"";"";"";"";"";""
"21/06/2022";"2200";"";"";"";"";"";"";"";"";"";"";"";"";"";"";"";"";""
"21/06/2022";"2300";"";"";"";"";"";"";"";"";"";"";"";"";"";"";"";"";""
"22/06/2022";"0000";"";"";"";"";"";"";"";"";"";"";"";"";"";"";"";"";""
"22/06/2022";"0100";"";"";"";"";"";"";"";"";"";"";"";"";"";"";"";"";""
"22/06/2022";"0200";"";"";"";"";"";"";"";"";"";"";"";"";"";"";"";"";""
"22/06/2022";"0300";"";"";"";"";"";"";"";"";"";"";"";"";"";"";"";"";""
"22/06/2022";"0400";"";"";"";"";"";"";"";"";"";"";"";"";"";"";"";"";""
"22/06/2022";"0500";"";"";"";"";"";"";"";"";"";"";"";"";"";"";"";"";""
"22/06/2022";"0600";"";"";"";"";"";"";"";"";"";"";"";"";"";"";"";"";""
"22/06/2022";"0700";"";"";"";"";"";"";"";"";"";"";"";"";"";"";"";"";""
"22/06/2022";"0800";"";"";"";"";"";"";"";"";"";"";"";"";"";"";"";"";""
"22/06/2022";"0900";"";"";"";"";"";"";"";"";"";"";"";"";"";"";"";"";""
"22/06/2022";"1000";"";"";"";"";"";"";"";"";"";"";"";"";"";"";"";"";""
"22/06/2022";"1100";"";"";"";"";"";"";"";"";"";"";"";"";"";"";"";"";""
"22/06/2022";"1200";"";"";"";"";"";"";"";"";"";"";"";"";"";"";"";"";""
"22/06/2022";"1300";"";"";"";"";"";"";"";"";"";"";"";"";"";"";"";"";""
"22/06/2022";"1400";"";"";"";"";"";"";"";"";"";"";"";"";"";"";"";"";""
"22/06/2022";"1500";"";"";"";"";"";"";"";"";"";"";"";"";"";"";"";"";""
"22/06/2022";"1600";"";"";"";"";"";"";"";"";"";"";"";"";"";"";"";"";""
"22/06/2022";"1700";"";"";"";"";"";"";"";"";"";"";"";"";"";"";"";"";""
"22/06/2022";"1800";"";"";"";"";"";"";"";"";"";"";"";"";"";"";"";"";""
"22/06/2022";"1900";"";"";"";"";"";"";"";"";"";"";"";"";"";"";"";"";""
"22/06/2022";"2000";"";"";"";"";"";"";"";"";"";"";"";"";"";"";"";"";""
"22/06/2022";"2100";"";"";"";"";"";"";"";"";"";"";"";"";"";"";"";"";""
"22/06/2022";"2200";"";"";"";"";"";"";"";"";"";"";"";"";"";"";"";"";""
"22/06/2022";"2300";"";"";"";"";"";"";"";"";"";"";"";"";"";"";"";"";""
"23/06/2022";"0000";"";"";"";"";"";"";"";"";"";"";"";"";"";"";"";"";""
"23/06/2022";"0100";"";"";"";"";"";"";"";"";"";"";"";"";"";"";"";"";""
"23/06/2022";"0200";"";"";"";"";"";"";"";"";"";"";"";"";"";"";"";"";""
"23/06/2022";"0300";"";"";"";"";"";"";"";"";"";"";"";"";"";"";"";"";""
"23/06/2022";"0400";"";"";"";"";"";"";"";"";"";"";"";"";"";"";"";"";""
"23/06/2022";"0500";"";"";"";"";"";"";"";"";"";"";"";"";"";"";"";"";""
"23/06/2022";"0600";"";"";"";"";"";"";"";"";"";"";"";"";"";"";"";"";""
"23/06/2022";"0700";"";"";"";"";"";"";"";"";"";"";"";"";"";"";"";"";""
"23/06/2022";"0800";"";"";"";"";"";"";"";"";"";"";"";"";"";"";"";"";""
"23/06/2022";"0900";"";"";"";"";"";"";"";"";"";"";"";"";"";"";"";"";""
"23/06/2022";"1000";"";"";"";"";"";"";"";"";"";"";"";"";"";"";"";"";""
"23/06/2022";"1100";"";"";"";"";"";"";"";"";"";"";"";"";"";"";"";"";""
"23/06/2022";"1200";"";"";"";"";"";"";"";"";"";"";"";"";"";"";"";"";""
"23/06/2022";"1300";"";"";"";"";"";"";"";"";"";"";"";"";"";"";"";"";""
"23/06/2022";"1400";"";"";"";"";"";"";"";"";"";"";"";"";"";"";"";"";""
"23/06/2022";"1500";"";"";"";"";"";"";"";"";"";"";"";"";"";"";"";"";""
"23/06/2022";"1600";"";"";"";"";"";"";"";"";"";"";"";"";"";"";"";"";""
"23/06/2022";"1700";"";"";"";"";"";"";"";"";"";"";"";"";"";"";"";"";""
"23/06/2022";"1800";"";"";"";"";"";"";"";"";"";"";"";"";"";"";"";"";""
"23/06/2022";"1900";"";"";"";"";"";"";"";"";"";"";"";"";"";"";"";"";""
"23/06/2022";"2000";"";"";"";"";"";"";"";"";"";"";"";"";"";"";"";"";""
"23/06/2022";"2100";"";"";"";"";"";"";"";"";"";"";"";"";"";"";"";"";""
"23/06/2022";"2200";"";"";"";"";"";"";"";"";"";"";"";"";"";"";"";"";""
"23/06/2022";"2300";"";"";"";"";"";"";"";"";"";"";"";"";"";"";"";"";""
"24/06/2022";"0000";"";"";"";"";"";"";"";"";"";"";"";"";"";"";"";"";""
"24/06/2022";"0100";"";"";"";"";"";"";"";"";"";"";"";"";"";"";"";"";""
"24/06/2022";"0200";"";"";"";"";"";"";"";"";"";"";"";"";"";"";"";"";""
"24/06/2022";"0300";"";"";"";"";"";"";"";"";"";"";"";"";"";"";"";"";""
"24/06/2022";"0400";"";"";"";"";"";"";"";"";"";"";"";"";"";"";"";"";""
"24/06/2022";"0500";"";"";"";"";"";"";"";"";"";"";"";"";"";"";"";"";""
"24/06/2022";"0600";"";"";"";"";"";"";"";"";"";"";"";"";"";"";"";"";""
"24/06/2022";"0700";"";"";"";"";"";"";"";"";"";"";"";"";"";"";"";"";""
"24/06/2022";"0800";"";"";"";"";"";"";"";"";"";"";"";"";"";"";"";"";""
"24/06/2022";"0900";"";"";"";"";"";"";"";"";"";"";"";"";"";"";"";"";""
"24/06/2022";"1000";"";"";"";"";"";"";"";"";"";"";"";"";"";"";"";"";""
"24/06/2022";"1100";"";"";"";"";"";"";"";"";"";"";"";"";"";"";"";"";""
"24/06/2022";"1200";"";"";"";"";"";"";"";"";"";"";"";"";"";"";"";"";""
"24/06/2022";"1300";"";"";"";"";"";"";"";"";"";"";"";"";"";"";"";"";""
"24/06/2022";"1400";"";"";"";"";"";"";"";"";"";"";"";"";"";"";"";"";""
"24/06/2022";"1500";"";"";"";"";"";"";"";"";"";"";"";"";"";"";"";"";""
"24/06/2022";"1600";"";"";"";"";"";"";"";"";"";"";"";"";"";"";"";"";""
"24/06/2022";"1700";"";"";"";"";"";"";"";"";"";"";"";"";"";"";"";"";""
"24/06/2022";"1800";"";"";"";"";"";"";"";"";"";"";"";"";"";"";"";"";""
"24/06/2022";"1900";"";"";"";"";"";"";"";"";"";"";"";"";"";"";"";"";""
"24/06/2022";"2000";"";"";"";"";"";"";"";"";"";"";"";"";"";"";"";"";""
"24/06/2022";"2100";"";"";"";"";"";"";"";"";"";"";"";"";"";"";"";"";""
"24/06/2022";"2200";"";"";"";"";"";"";"";"";"";"";"";"";"";"";"";"";""
"24/06/2022";"2300";"";"";"";"";"";"";"";"";"";"";"";"";"";"";"";"";""
"25/06/2022";"0000";"";"";"";"";"";"";"";"";"";"";"";"";"";"";"";"";""
"25/06/2022";"0100";"";"";"";"";"";"";"";"";"";"";"";"";"";"";"";"";""
"25/06/2022";"0200";"";"";"";"";"";"";"";"";"";"";"";"";"";"";"";"";""
"25/06/2022";"0300";"";"";"";"";"";"";"";"";"";"";"";"";"";"";"";"";""
"25/06/2022";"0400";"";"";"";"";"";"";"";"";"";"";"";"";"";"";"";"";""
"25/06/2022";"0500";"";"";"";"";"";"";"";"";"";"";"";"";"";"";"";"";""
"25/06/2022";"0600";"";"";"";"";"";"";"";"";"";"";"";"";"";"";"";"";""
"25/06/2022";"0700";"";"";"";"";"";"";"";"";"";"";"";"";"";"";"";"";""
"25/06/2022";"0800";"";"";"";"";"";"";"";"";"";"";"";"";"";"";"";"";""
"25/06/2022";"0900";"";"";"";"";"";"";"";"";"";"";"";"";"";"";"";"";""
"25/06/2022";"1000";"";"";"";"";"";"";"";"";"";"";"";"";"";"";"";"";""
"25/06/2022";"1100";"";"";"";"";"";"";"";"";"";"";"";"";"";"";"";"";""
"25/06/2022";"1200";"";"";"";"";"";"";"";"";"";"";"";"";"";"";"";"";""
"25/06/2022";"1300";"";"";"";"";"";"";"";"";"";"";"";"";"";"";"";"";""
"25/06/2022";"1400";"";"";"";"";"";"";"";"";"";"";"";"";"";"";"";"";""
"25/06/2022";"1500";"";"";"";"";"";"";"";"";"";"";"";"";"";"";"";"";""
"25/06/2022";"1600";"";"";"";"";"";"";"";"";"";"";"";"";"";"";"";"";""
"25/06/2022";"1700";"";"";"";"";"";"";"";"";"";"";"";"";"";"";"";"";""
"25/06/2022";"1800";"";"";"";"";"";"";"";"";"";"";"";"";"";"";"";"";""
"25/06/2022";"1900";"";"";"";"";"";"";"";"";"";"";"";"";"";"";"";"";""
"25/06/2022";"2000";"";"";"";"";"";"";"";"";"";"";"";"";"";"";"";"";""
"25/06/2022";"2100";"";"";"";"";"";"";"";"";"";"";"";"";"";"";"";"";""
"25/06/2022";"2200";"";"";"";"";"";"";"";"";"";"";"";"";"";"";"";"";""
"25/06/2022";"2300";"";"";"";"";"";"";"";"";"";"";"";"";"";"";"";"";""
"26/06/2022";"0000";"";"";"";"";"";"";"";"";"";"";"";"";"";"";"";"";""
"26/06/2022";"0100";"";"";"";"";"";"";"";"";"";"";"";"";"";"";"";"";""
"26/06/2022";"0200";"";"";"";"";"";"";"";"";"";"";"";"";"";"";"";"";""
"26/06/2022";"0300";"";"";"";"";"";"";"";"";"";"";"";"";"";"";"";"";""
"26/06/2022";"0400";"";"";"";"";"";"";"";"";"";"";"";"";"";"";"";"";""
"26/06/2022";"0500";"";"";"";"";"";"";"";"";"";"";"";"";"";"";"";"";""
"26/06/2022";"0600";"";"";"";"";"";"";"";"";"";"";"";"";"";"";"";"";""
"26/06/2022";"0700";"";"";"";"";"";"";"";"";"";"";"";"";"";"";"";"";""
"26/06/2022";"0800";"";"";"";"";"";"";"";"";"";"";"";"";"";"";"";"";""
"26/06/2022";"0900";"";"";"";"";"";"";"";"";"";"";"";"";"";"";"";"";""
"26/06/2022";"1000";"";"";"";"";"";"";"";"";"";"";"";"";"";"";"";"";""
"26/06/2022";"1100";"";"";"";"";"";"";"";"";"";"";"";"";"";"";"";"";""
"26/06/2022";"1200";"";"";"";"";"";"";"";"";"";"";"";"";"";"";"";"";""
"26/06/2022";"1300";"";"";"";"";"";"";"";"";"";"";"";"";"";"";"";"";""
"26/06/2022";"1400";"";"";"";"";"";"";"";"";"";"";"";"";"";"";"";"";""
"26/06/2022";"1500";"";"";"";"";"";"";"";"";"";"";"";"";"";"";"";"";""
"26/06/2022";"1600";"";"";"";"";"";"";"";"";"";"";"";"";"";"";"";"";""
"26/06/2022";"1700";"";"";"";"";"";"";"";"";"";"";"";"";"";"";"";"";""
"26/06/2022";"1800";"";"";"";"";"";"";"";"";"";"";"";"";"";"";"";"";""
"26/06/2022";"1900";"";"";"";"";"";"";"";"";"";"";"";"";"";"";"";"";""
"26/06/2022";"2000";"";"";"";"";"";"";"";"";"";"";"";"";"";"";"";"";""
"26/06/2022";"2100";"";"";"";"";"";"";"";"";"";"";"";"";"";"";"";"";""
"26/06/2022";"2200";"";"";"";"";"";"";"";"";"";"";"";"";"";"";"";"";""
"26/06/2022";"2300";"";"";"";"";"";"";"";"";"";"";"";"";"";"";"";"";""
"27/06/2022";"0000";"";"";"";"";"";"";"";"";"";"";"";"";"";"";"";"";""
"27/06/2022";"0100";"";"";"";"";"";"";"";"";"";"";"";"";"";"";"";"";""
"27/06/2022";"0200";"";"";"";"";"";"";"";"";"";"";"";"";"";"";"";"";""
"27/06/2022";"0300";"";"";"";"";"";"";"";"";"";"";"";"";"";"";"";"";""
"27/06/2022";"0400";"";"";"";"";"";"";"";"";"";"";"";"";"";"";"";"";""
"27/06/2022";"0500";"";"";"";"";"";"";"";"";"";"";"";"";"";"";"";"";""
"27/06/2022";"0600";"";"";"";"";"";"";"";"";"";"";"";"";"";"";"";"";""
"27/06/2022";"0700";"";"";"";"";"";"";"";"";"";"";"";"";"";"";"";"";""
"27/06/2022";"0800";"";"";"";"";"";"";"";"";"";"";"";"";"";"";"";"";""
"27/06/2022";"0900";"";"";"";"";"";"";"";"";"";"";"";"";"";"";"";"";""
"27/06/2022";"1000";"";"";"";"";"";"";"";"";"";"";"";"";"";"";"";"";""
"27/06/2022";"1100";"";"";"";"";"";"";"";"";"";"";"";"";"";"";"";"";""
"27/06/2022";"1200";"";"";"";"";"";"";"";"";"";"";"";"";"";"";"";"";""
"27/06/2022";"1300";"";"";"";"";"";"";"";"";"";"";"";"";"";"";"";"";""
"27/06/2022";"1400";"";"";"";"";"";"";"";"";"";"";"";"";"";"";"";"";""
"27/06/2022";"1500";"";"";"";"";"";"";"";"";"";"";"";"";"";"";"";"";""
"27/06/2022";"1600";"";"";"";"";"";"";"";"";"";"";"";"";"";"";"";"";""
"27/06/2022";"1700";"";"";"";"";"";"";"";"";"";"";"";"";"";"";"";"";""
"27/06/2022";"1800";"";"";"";"";"";"";"";"";"";"";"";"";"";"";"";"";""
"27/06/2022";"1900";"";"";"";"";"";"";"";"";"";"";"";"";"";"";"";"";""
"27/06/2022";"2000";"";"";"";"";"";"";"";"";"";"";"";"";"";"";"";"";""
"27/06/2022";"2100";"";"";"";"";"";"";"";"";"";"";"";"";"";"";"";"";""
"27/06/2022";"2200";"";"";"";"";"";"";"";"";"";"";"";"";"";"";"";"";""
"27/06/2022";"2300";"";"";"";"";"";"";"";"";"";"";"";"";"";"";"";"";""
"28/06/2022";"0000";"";"";"";"";"";"";"";"";"";"";"";"";"";"";"";"";""
"28/06/2022";"0100";"";"";"";"";"";"";"";"";"";"";"";"";"";"";"";"";""
"28/06/2022";"0200";"";"";"";"";"";"";"";"";"";"";"";"";"";"";"";"";""
"28/06/2022";"0300";"";"";"";"";"";"";"";"";"";"";"";"";"";"";"";"";""
"28/06/2022";"0400";"";"";"";"";"";"";"";"";"";"";"";"";"";"";"";"";""
"28/06/2022";"0500";"";"";"";"";"";"";"";"";"";"";"";"";"";"";"";"";""
"28/06/2022";"0600";"";"";"";"";"";"";"";"";"";"";"";"";"";"";"";"";""
"28/06/2022";"0700";"";"";"";"";"";"";"";"";"";"";"";"";"";"";"";"";""
"28/06/2022";"0800";"";"";"";"";"";"";"";"";"";"";"";"";"";"";"";"";""
"28/06/2022";"0900";"";"";"";"";"";"";"";"";"";"";"";"";"";"";"";"";""
"28/06/2022";"1000";"";"";"";"";"";"";"";"";"";"";"";"";"";"";"";"";""
"28/06/2022";"1100";"";"";"";"";"";"";"";"";"";"";"";"";"";"";"";"";""
"28/06/2022";"1200";"";"";"";"";"";"";"";"";"";"";"";"";"";"";"";"";""
"28/06/2022";"1300";"";"";"";"";"";"";"";"";"";"";"";"";"";"";"";"";""
"28/06/2022";"1400";"";"";"";"";"";"";"";"";"";"";"";"";"";"";"";"";""
"28/06/2022";"1500";"";"";"";"";"";"";"";"";"";"";"";"";"";"";"";"";""
"28/06/2022";"1600";"";"";"";"";"";"";"";"";"";"";"";"";"";"";"";"";""
"28/06/2022";"1700";"";"";"";"";"";"";"";"";"";"";"";"";"";"";"";"";""
"28/06/2022";"1800";"";"";"";"";"";"";"";"";"";"";"";"";"";"";"";"";""
"28/06/2022";"1900";"";"";"";"";"";"";"";"";"";"";"";"";"";"";"";"";""
"28/06/2022";"2000";"";"";"";"";"";"";"";"";"";"";"";"";"";"";"";"";""
"28/06/2022";"2100";"";"";"";"";"";"";"";"";"";"";"";"";"";"";"";"";""
"28/06/2022";"2200";"";"";"";"";"";"";"";"";"";"";"";"";"";"";"";"";""
"28/06/2022";"2300";"";"";"";"";"";"";"";"";"";"";"";"";"";"";"";"";""
"29/06/2022";"0000";"";"";"";"";"";"";"";"";"";"";"";"";"";"";"";"";""
"29/06/2022";"0100";"";"";"";"";"";"";"";"";"";"";"";"";"";"";"";"";""
"29/06/2022";"0200";"";"";"";"";"";"";"";"";"";"";"";"";"";"";"";"";""
"29/06/2022";"0300";"";"";"";"";"";"";"";"";"";"";"";"";"";"";"";"";""
"29/06/2022";"0400";"";"";"";"";"";"";"";"";"";"";"";"";"";"";"";"";""
"29/06/2022";"0500";"";"";"";"";"";"";"";"";"";"";"";"";"";"";"";"";""
"29/06/2022";"0600";"";"";"";"";"";"";"";"";"";"";"";"";"";"";"";"";""
"29/06/2022";"0700";"";"";"";"";"";"";"";"";"";"";"";"";"";"";"";"";""
"29/06/2022";"0800";"";"";"";"";"";"";"";"";"";"";"";"";"";"";"";"";""
"29/06/2022";"0900";"";"";"";"";"";"";"";"";"";"";"";"";"";"";"";"";""
"29/06/2022";"1000";"";"";"";"";"";"";"";"";"";"";"";"";"";"";"";"";""
"29/06/2022";"1100";"";"";"";"";"";"";"";"";"";"";"";"";"";"";"";"";""
"29/06/2022";"1200";"";"";"";"";"";"";"";"";"";"";"";"";"";"";"";"";""
"29/06/2022";"1300";"";"";"";"";"";"";"";"";"";"";"";"";"";"";"";"";""
"29/06/2022";"1400";"";"";"";"";"";"";"";"";"";"";"";"";"";"";"";"";""
"29/06/2022";"1500";"";"";"";"";"";"";"";"";"";"";"";"";"";"";"";"";""
"29/06/2022";"1600";"";"";"";"";"";"";"";"";"";"";"";"";"";"";"";"";""
"29/06/2022";"1700";"";"";"";"";"";"";"";"";"";"";"";"";"";"";"";"";""
"29/06/2022";"1800";"";"";"";"";"";"";"";"";"";"";"";"";"";"";"";"";""
"29/06/2022";"1900";"";"";"";"";"";"";"";"";"";"";"";"";"";"";"";"";""
"29/06/2022";"2000";"";"";"";"";"";"";"";"";"";"";"";"";"";"";"";"";""
"29/06/2022";"2100";"";"";"";"";"";"";"";"";"";"";"";"";"";"";"";"";""
"29/06/2022";"2200";"";"";"";"";"";"";"";"";"";"";"";"";"";"";"";"";""
"29/06/2022";"2300";"";"";"";"";"";"";"";"";"";"";"";"";"";"";"";"";""
"30/06/2022";"0000";"";"";"";"";"";"";"";"";"";"";"";"";"";"";"";"";""
"30/06/2022";"0100";"";"";"";"";"";"";"";"";"";"";"";"";"";"";"";"";""
"30/06/2022";"0200";"";"";"";"";"";"";"";"";"";"";"";"";"";"";"";"";""
"30/06/2022";"0300";"";"";"";"";"";"";"";"";"";"";"";"";"";"";"";"";""
"30/06/2022";"0400";"";"";"";"";"";"";"";"";"";"";"";"";"";"";"";"";""
"30/06/2022";"0500";"";"";"";"";"";"";"";"";"";"";"";"";"";"";"";"";""
"30/06/2022";"0600";"";"";"";"";"";"";"";"";"";"";"";"";"";"";"";"";""
"30/06/2022";"0700";"";"";"";"";"";"";"";"";"";"";"";"";"";"";"";"";""
"30/06/2022";"0800";"";"";"";"";"";"";"";"";"";"";"";"";"";"";"";"";""
"30/06/2022";"0900";"";"";"";"";"";"";"";"";"";"";"";"";"";"";"";"";""
"30/06/2022";"1000";"";"";"";"";"";"";"";"";"";"";"";"";"";"";"";"";""
"30/06/2022";"1100";"";"";"";"";"";"";"";"";"";"";"";"";"";"";"";"";""
"30/06/2022";"1200";"";"";"";"";"";"";"";"";"";"";"";"";"";"";"";"";""
"30/06/2022";"1300";"";"";"";"";"";"";"";"";"";"";"";"";"";"";"";"";""
"30/06/2022";"1400";"";"";"";"";"";"";"";"";"";"";"";"";"";"";"";"";""
"30/06/2022";"1500";"";"";"";"";"";"";"";"";"";"";"";"";"";"";"";"";""
"30/06/2022";"1600";"";"";"";"";"";"";"";"";"";"";"";"";"";"";"";"";""
"30/06/2022";"1700";"";"";"";"";"";"";"";"";"";"";"";"";"";"";"";"";""
"30/06/2022";"1800";"";"";"";"";"";"";"";"";"";"";"";"";"";"";"";"";""
"30/06/2022";"1900";"";"";"";"";"";"";"";"";"";"";"";"";"";"";"";"";""
"30/06/2022";"2000";"";"";"";"";"";"";"";"";"";"";"";"";"";"";"";"";""
"30/06/2022";"2100";"";"";"";"";"";"";"";"";"";"";"";"";"";"";"";"";""
"30/06/2022";"2200";"";"";"";"";"";"";"";"";"";"";"";"";"";"";"";"";""
"30/06/2022";"2300";"";"";"";"";"";"";"";"";"";"";"";"";"";"";"";"";""
"01/07/2022";"0000";"";"";"";"";"";"";"";"";"";"";"";"";"";"";"";"";""
"01/07/2022";"0100";"";"";"";"";"";"";"";"";"";"";"";"";"";"";"";"";""
"01/07/2022";"0200";"";"";"";"";"";"";"";"";"";"";"";"";"";"";"";"";""
"01/07/2022";"0300";"";"";"";"";"";"";"";"";"";"";"";"";"";"";"";"";""
"01/07/2022";"0400";"";"";"";"";"";"";"";"";"";"";"";"";"";"";"";"";""
"01/07/2022";"0500";"";"";"";"";"";"";"";"";"";"";"";"";"";"";"";"";""
"01/07/2022";"0600";"";"";"";"";"";"";"";"";"";"";"";"";"";"";"";"";""
"01/07/2022";"0700";"";"";"";"";"";"";"";"";"";"";"";"";"";"";"";"";""
"01/07/2022";"0800";"";"";"";"";"";"";"";"";"";"";"";"";"";"";"";"";""
"01/07/2022";"0900";"";"";"";"";"";"";"";"";"";"";"";"";"";"";"";"";""
"01/07/2022";"1000";"";"";"";"";"";"";"";"";"";"";"";"";"";"";"";"";""
"01/07/2022";"1100";"";"";"";"";"";"";"";"";"";"";"";"";"";"";"";"";""
"01/07/2022";"1200";"";"";"";"";"";"";"";"";"";"";"";"";"";"";"";"";""
"01/07/2022";"1300";"";"";"";"";"";"";"";"";"";"";"";"";"";"";"";"";""
"01/07/2022";"1400";"";"";"";"";"";"";"";"";"";"";"";"";"";"";"";"";""
"01/07/2022";"1500";"";"";"";"";"";"";"";"";"";"";"";"";"";"";"";"";""
"01/07/2022";"1600";"";"";"";"";"";"";"";"";"";"";"";"";"";"";"";"";""
"01/07/2022";"1700";"";"";"";"";"";"";"";"";"";"";"";"";"";"";"";"";""
"01/07/2022";"1800";"";"";"";"";"";"";"";"";"";"";"";"";"";"";"";"";""
"01/07/2022";"1900";"";"";"";"";"";"";"";"";"";"";"";"";"";"";"";"";""
"01/07/2022";"2000";"";"";"";"";"";"";"";"";"";"";"";"";"";"";"";"";""
"01/07/2022";"2100";"";"";"";"";"";"";"";"";"";"";"";"";"";"";"";"";""
"01/07/2022";"2200";"";"";"";"";"";"";"";"";"";"";"";"";"";"";"";"";""
"01/07/2022";"2300";"";"";"";"";"";"";"";"";"";"";"";"";"";"";"";"";""
"02/07/2022";"0000";"";"";"";"";"";"";"";"";"";"";"";"";"";"";"";"";""
"02/07/2022";"0100";"";"";"";"";"";"";"";"";"";"";"";"";"";"";"";"";""
"02/07/2022";"0200";"";"";"";"";"";"";"";"";"";"";"";"";"";"";"";"";""
"02/07/2022";"0300";"";"";"";"";"";"";"";"";"";"";"";"";"";"";"";"";""
"02/07/2022";"0400";"";"";"";"";"";"";"";"";"";"";"";"";"";"";"";"";""
"02/07/2022";"0500";"";"";"";"";"";"";"";"";"";"";"";"";"";"";"";"";""
"02/07/2022";"0600";"";"";"";"";"";"";"";"";"";"";"";"";"";"";"";"";""
"02/07/2022";"0700";"";"";"";"";"";"";"";"";"";"";"";"";"";"";"";"";""
"02/07/2022";"0800";"";"";"";"";"";"";"";"";"";"";"";"";"";"";"";"";""
"02/07/2022";"0900";"";"";"";"";"";"";"";"";"";"";"";"";"";"";"";"";""
"02/07/2022";"1000";"";"";"";"";"";"";"";"";"";"";"";"";"";"";"";"";""
"02/07/2022";"1100";"";"";"";"";"";"";"";"";"";"";"";"";"";"";"";"";""
"02/07/2022";"1200";"";"";"";"";"";"";"";"";"";"";"";"";"";"";"";"";""
"02/07/2022";"1300";"";"";"";"";"";"";"";"";"";"";"";"";"";"";"";"";""
"02/07/2022";"1400";"";"";"";"";"";"";"";"";"";"";"";"";"";"";"";"";""
"02/07/2022";"1500";"";"";"";"";"";"";"";"";"";"";"";"";"";"";"";"";""
"02/07/2022";"1600";"";"";"";"";"";"";"";"";"";"";"";"";"";"";"";"";""
"02/07/2022";"1700";"";"";"";"";"";"";"";"";"";"";"";"";"";"";"";"";""
"02/07/2022";"1800";"";"";"";"";"";"";"";"";"";"";"";"";"";"";"";"";""
"02/07/2022";"1900";"";"";"";"";"";"";"";"";"";"";"";"";"";"";"";"";""
"02/07/2022";"2000";"";"";"";"";"";"";"";"";"";"";"";"";"";"";"";"";""
"02/07/2022";"2100";"";"";"";"";"";"";"";"";"";"";"";"";"";"";"";"";""
"02/07/2022";"2200";"";"";"";"";"";"";"";"";"";"";"";"";"";"";"";"";""
"02/07/2022";"2300";"";"";"";"";"";"";"";"";"";"";"";"";"";"";"";"";""
"03/07/2022";"0000";"";"";"";"";"";"";"";"";"";"";"";"";"";"";"";"";""
"03/07/2022";"0100";"";"";"";"";"";"";"";"";"";"";"";"";"";"";"";"";""
"03/07/2022";"0200";"";"";"";"";"";"";"";"";"";"";"";"";"";"";"";"";""
"03/07/2022";"0300";"";"";"";"";"";"";"";"";"";"";"";"";"";"";"";"";""
"03/07/2022";"0400";"";"";"";"";"";"";"";"";"";"";"";"";"";"";"";"";""
"03/07/2022";"0500";"";"";"";"";"";"";"";"";"";"";"";"";"";"";"";"";""
"03/07/2022";"0600";"";"";"";"";"";"";"";"";"";"";"";"";"";"";"";"";""
"03/07/2022";"0700";"";"";"";"";"";"";"";"";"";"";"";"";"";"";"";"";""
"03/07/2022";"0800";"";"";"";"";"";"";"";"";"";"";"";"";"";"";"";"";""
"03/07/2022";"0900";"";"";"";"";"";"";"";"";"";"";"";"";"";"";"";"";""
"03/07/2022";"1000";"";"";"";"";"";"";"";"";"";"";"";"";"";"";"";"";""
"03/07/2022";"1100";"";"";"";"";"";"";"";"";"";"";"";"";"";"";"";"";""
"03/07/2022";"1200";"";"";"";"";"";"";"";"";"";"";"";"";"";"";"";"";""
"03/07/2022";"1300";"";"";"";"";"";"";"";"";"";"";"";"";"";"";"";"";""
"03/07/2022";"1400";"";"";"";"";"";"";"";"";"";"";"";"";"";"";"";"";""
"03/07/2022";"1500";"";"";"";"";"";"";"";"";"";"";"";"";"";"";"";"";""
"03/07/2022";"1600";"";"";"";"";"";"";"";"";"";"";"";"";"";"";"";"";""
"03/07/2022";"1700";"";"";"";"";"";"";"";"";"";"";"";"";"";"";"";"";""
"03/07/2022";"1800";"";"";"";"";"";"";"";"";"";"";"";"";"";"";"";"";""
"03/07/2022";"1900";"";"";"";"";"";"";"";"";"";"";"";"";"";"";"";"";""
"03/07/2022";"2000";"";"";"";"";"";"";"";"";"";"";"";"";"";"";"";"";""
"03/07/2022";"2100";"";"";"";"";"";"";"";"";"";"";"";"";"";"";"";"";""
"03/07/2022";"2200";"";"";"";"";"";"";"";"";"";"";"";"";"";"";"";"";""
"03/07/2022";"2300";"";"";"";"";"";"";"";"";"";"";"";"";"";"";"";"";""
"04/07/2022";"0000";"";"";"";"";"";"";"";"";"";"";"";"";"";"";"";"";""
"04/07/2022";"0100";"";"";"";"";"";"";"";"";"";"";"";"";"";"";"";"";""
"04/07/2022";"0200";"";"";"";"";"";"";"";"";"";"";"";"";"";"";"";"";""
"04/07/2022";"0300";"";"";"";"";"";"";"";"";"";"";"";"";"";"";"";"";""
"04/07/2022";"0400";"";"";"";"";"";"";"";"";"";"";"";"";"";"";"";"";""
"04/07/2022";"0500";"";"";"";"";"";"";"";"";"";"";"";"";"";"";"";"";""
"04/07/2022";"0600";"";"";"";"";"";"";"";"";"";"";"";"";"";"";"";"";""
"04/07/2022";"0700";"";"";"";"";"";"";"";"";"";"";"";"";"";"";"";"";""
"04/07/2022";"0800";"";"";"";"";"";"";"";"";"";"";"";"";"";"";"";"";""
"04/07/2022";"0900";"";"";"";"";"";"";"";"";"";"";"";"";"";"";"";"";""
"04/07/2022";"1000";"";"";"";"";"";"";"";"";"";"";"";"";"";"";"";"";""
"04/07/2022";"1100";"";"";"";"";"";"";"";"";"";"";"";"";"";"";"";"";""
"04/07/2022";"1200";"";"";"";"";"";"";"";"";"";"";"";"";"";"";"";"";""
"04/07/2022";"1300";"";"";"";"";"";"";"";"";"";"";"";"";"";"";"";"";""
"04/07/2022";"1400";"";"";"";"";"";"";"";"";"";"";"";"";"";"";"";"";""
"04/07/2022";"1500";"";"";"";"";"";"";"";"";"";"";"";"";"";"";"";"";""
"04/07/2022";"1600";"";"";"";"";"";"";"";"";"";"";"";"";"";"";"";"";""
"04/07/2022";"1700";"";"";"";"";"";"";"";"";"";"";"";"";"";"";"";"";""
"04/07/2022";"1800";"";"";"";"";"";"";"";"";"";"";"";"";"";"";"";"";""
"04/07/2022";"1900";"";"";"";"";"";"";"";"";"";"";"";"";"";"";"";"";""
"04/07/2022";"2000";"";"";"";"";"";"";"";"";"";"";"";"";"";"";"";"";""
"04/07/2022";"2100";"";"";"";"";"";"";"";"";"";"";"";"";"";"";"";"";""
"04/07/2022";"2200";"";"";"";"";"";"";"";"";"";"";"";"";"";"";"";"";""
"04/07/2022";"2300";"";"";"";"";"";"";"";"";"";"";"";"";"";"";"";"";""
"05/07/2022";"0000";"";"";"";"";"";"";"";"";"";"";"";"";"";"";"";"";""
"05/07/2022";"0100";"";"";"";"";"";"";"";"";"";"";"";"";"";"";"";"";""
"05/07/2022";"0200";"";"";"";"";"";"";"";"";"";"";"";"";"";"";"";"";""
"05/07/2022";"0300";"";"";"";"";"";"";"";"";"";"";"";"";"";"";"";"";""
"05/07/2022";"0400";"";"";"";"";"";"";"";"";"";"";"";"";"";"";"";"";""
"05/07/2022";"0500";"";"";"";"";"";"";"";"";"";"";"";"";"";"";"";"";""
"05/07/2022";"0600";"";"";"";"";"";"";"";"";"";"";"";"";"";"";"";"";""
"05/07/2022";"0700";"";"";"";"";"";"";"";"";"";"";"";"";"";"";"";"";""
"05/07/2022";"0800";"";"";"";"";"";"";"";"";"";"";"";"";"";"";"";"";""
"05/07/2022";"0900";"";"";"";"";"";"";"";"";"";"";"";"";"";"";"";"";""
"05/07/2022";"1000";"";"";"";"";"";"";"";"";"";"";"";"";"";"";"";"";""
"05/07/2022";"1100";"";"";"";"";"";"";"";"";"";"";"";"";"";"";"";"";""
"05/07/2022";"1200";"";"";"";"";"";"";"";"";"";"";"";"";"";"";"";"";""
"05/07/2022";"1300";"";"";"";"";"";"";"";"";"";"";"";"";"";"";"";"";""
"05/07/2022";"1400";"";"";"";"";"";"";"";"";"";"";"";"";"";"";"";"";""
"05/07/2022";"1500";"";"";"";"";"";"";"";"";"";"";"";"";"";"";"";"";""
"05/07/2022";"1600";"";"";"";"";"";"";"";"";"";"";"";"";"";"";"";"";""
"05/07/2022";"1700";"";"";"";"";"";"";"";"";"";"";"";"";"";"";"";"";""
"05/07/2022";"1800";"";"";"";"";"";"";"";"";"";"";"";"";"";"";"";"";""
"05/07/2022";"1900";"";"";"";"";"";"";"";"";"";"";"";"";"";"";"";"";""
"05/07/2022";"2000";"";"";"";"";"";"";"";"";"";"";"";"";"";"";"";"";""
"05/07/2022";"2100";"";"";"";"";"";"";"";"";"";"";"";"";"";"";"";"";""
"05/07/2022";"2200";"";"";"";"";"";"";"";"";"";"";"";"";"";"";"";"";""
"05/07/2022";"2300";"";"";"";"";"";"";"";"";"";"";"";"";"";"";"";"";""
"06/07/2022";"0000";"";"";"";"";"";"";"";"";"";"";"";"";"";"";"";"";""
"06/07/2022";"0100";"";"";"";"";"";"";"";"";"";"";"";"";"";"";"";"";""
"06/07/2022";"0200";"";"";"";"";"";"";"";"";"";"";"";"";"";"";"";"";""
"06/07/2022";"0300";"";"";"";"";"";"";"";"";"";"";"";"";"";"";"";"";""
"06/07/2022";"0400";"";"";"";"";"";"";"";"";"";"";"";"";"";"";"";"";""
"06/07/2022";"0500";"";"";"";"";"";"";"";"";"";"";"";"";"";"";"";"";""
"06/07/2022";"0600";"";"";"";"";"";"";"";"";"";"";"";"";"";"";"";"";""
"06/07/2022";"0700";"";"";"";"";"";"";"";"";"";"";"";"";"";"";"";"";""
"06/07/2022";"0800";"";"";"";"";"";"";"";"";"";"";"";"";"";"";"";"";""
"06/07/2022";"0900";"";"";"";"";"";"";"";"";"";"";"";"";"";"";"";"";""
"06/07/2022";"1000";"";"";"";"";"";"";"";"";"";"";"";"";"";"";"";"";""
"06/07/2022";"1100";"";"";"";"";"";"";"";"";"";"";"";"";"";"";"";"";""
"06/07/2022";"1200";"";"";"";"";"";"";"";"";"";"";"";"";"";"";"";"";""
"06/07/2022";"1300";"";"";"";"";"";"";"";"";"";"";"";"";"";"";"";"";""
"06/07/2022";"1400";"";"";"";"";"";"";"";"";"";"";"";"";"";"";"";"";""
"06/07/2022";"1500";"";"";"";"";"";"";"";"";"";"";"";"";"";"";"";"";""
"06/07/2022";"1600";"";"";"";"";"";"";"";"";"";"";"";"";"";"";"";"";""
"06/07/2022";"1700";"";"";"";"";"";"";"";"";"";"";"";"";"";"";"";"";""
"06/07/2022";"1800";"";"";"";"";"";"";"";"";"";"";"";"";"";"";"";"";""
"06/07/2022";"1900";"";"";"";"";"";"";"";"";"";"";"";"";"";"";"";"";""
"06/07/2022";"2000";"";"";"";"";"";"";"";"";"";"";"";"";"";"";"";"";""
"06/07/2022";"2100";"";"";"";"";"";"";"";"";"";"";"";"";"";"";"";"";""
"06/07/2022";"2200";"";"";"";"";"";"";"";"";"";"";"";"";"";"";"";"";""
"06/07/2022";"2300";"";"";"";"";"";"";"";"";"";"";"";"";"";"";"";"";""
"07/07/2022";"0000";"";"";"";"";"";"";"";"";"";"";"";"";"";"";"";"";""
"07/07/2022";"0100";"";"";"";"";"";"";"";"";"";"";"";"";"";"";"";"";""
"07/07/2022";"0200";"";"";"";"";"";"";"";"";"";"";"";"";"";"";"";"";""
"07/07/2022";"0300";"";"";"";"";"";"";"";"";"";"";"";"";"";"";"";"";""
"07/07/2022";"0400";"";"";"";"";"";"";"";"";"";"";"";"";"";"";"";"";""
"07/07/2022";"0500";"";"";"";"";"";"";"";"";"";"";"";"";"";"";"";"";""
"07/07/2022";"0600";"";"";"";"";"";"";"";"";"";"";"";"";"";"";"";"";""
"07/07/2022";"0700";"";"";"";"";"";"";"";"";"";"";"";"";"";"";"";"";""
"07/07/2022";"0800";"";"";"";"";"";"";"";"";"";"";"";"";"";"";"";"";""
"07/07/2022";"0900";"";"";"";"";"";"";"";"";"";"";"";"";"";"";"";"";""
"07/07/2022";"1000";"";"";"";"";"";"";"";"";"";"";"";"";"";"";"";"";""
"07/07/2022";"1100";"";"";"";"";"";"";"";"";"";"";"";"";"";"";"";"";""
"07/07/2022";"1200";"";"";"";"";"";"";"";"";"";"";"";"";"";"";"";"";""
"07/07/2022";"1300";"";"";"";"";"";"";"";"";"";"";"";"";"";"";"";"";""
"07/07/2022";"1400";"";"";"";"";"";"";"";"";"";"";"";"";"";"";"";"";""
"07/07/2022";"1500";"";"";"";"";"";"";"";"";"";"";"";"";"";"";"";"";""
"07/07/2022";"1600";"";"";"";"";"";"";"";"";"";"";"";"";"";"";"";"";""
"07/07/2022";"1700";"";"";"";"";"";"";"";"";"";"";"";"";"";"";"";"";""
"07/07/2022";"1800";"";"";"";"";"";"";"";"";"";"";"";"";"";"";"";"";""
"07/07/2022";"1900";"";"";"";"";"";"";"";"";"";"";"";"";"";"";"";"";""
"07/07/2022";"2000";"";"";"";"";"";"";"";"";"";"";"";"";"";"";"";"";""
"07/07/2022";"2100";"";"";"";"";"";"";"";"";"";"";"";"";"";"";"";"";""
"07/07/2022";"2200";"";"";"";"";"";"";"";"";"";"";"";"";"";"";"";"";""
"07/07/2022";"2300";"";"";"";"";"";"";"";"";"";"";"";"";"";"";"";"";""
"08/07/2022";"0000";"";"";"";"";"";"";"";"";"";"";"";"";"";"";"";"";""
"08/07/2022";"0100";"";"";"";"";"";"";"";"";"";"";"";"";"";"";"";"";""
"08/07/2022";"0200";"";"";"";"";"";"";"";"";"";"";"";"";"";"";"";"";""
"08/07/2022";"0300";"";"";"";"";"";"";"";"";"";"";"";"";"";"";"";"";""
"08/07/2022";"0400";"";"";"";"";"";"";"";"";"";"";"";"";"";"";"";"";""
"08/07/2022";"0500";"";"";"";"";"";"";"";"";"";"";"";"";"";"";"";"";""
"08/07/2022";"0600";"";"";"";"";"";"";"";"";"";"";"";"";"";"";"";"";""
"08/07/2022";"0700";"";"";"";"";"";"";"";"";"";"";"";"";"";"";"";"";""
"08/07/2022";"0800";"";"";"";"";"";"";"";"";"";"";"";"";"";"";"";"";""
"08/07/2022";"0900";"";"";"";"";"";"";"";"";"";"";"";"";"";"";"";"";""
"08/07/2022";"1000";"";"";"";"";"";"";"";"";"";"";"";"";"";"";"";"";""
"08/07/2022";"1100";"";"";"";"";"";"";"";"";"";"";"";"";"";"";"";"";""
"08/07/2022";"1200";"";"";"";"";"";"";"";"";"";"";"";"";"";"";"";"";""
"08/07/2022";"1300";"";"";"";"";"";"";"";"";"";"";"";"";"";"";"";"";""
"08/07/2022";"1400";"";"";"";"";"";"";"";"";"";"";"";"";"";"";"";"";""
"08/07/2022";"1500";"";"";"";"";"";"";"";"";"";"";"";"";"";"";"";"";""
"08/07/2022";"1600";"";"";"";"";"";"";"";"";"";"";"";"";"";"";"";"";""
"08/07/2022";"1700";"";"";"";"";"";"";"";"";"";"";"";"";"";"";"";"";""
"08/07/2022";"1800";"";"";"";"";"";"";"";"";"";"";"";"";"";"";"";"";""
"08/07/2022";"1900";"";"";"";"";"";"";"";"";"";"";"";"";"";"";"";"";""
"08/07/2022";"2000";"";"";"";"";"";"";"";"";"";"";"";"";"";"";"";"";""
"08/07/2022";"2100";"";"";"";"";"";"";"";"";"";"";"";"";"";"";"";"";""
"08/07/2022";"2200";"";"";"";"";"";"";"";"";"";"";"";"";"";"";"";"";""
"08/07/2022";"2300";"";"";"";"";"";"";"";"";"";"";"";"";"";"";"";"";""
"09/07/2022";"0000";"";"";"";"";"";"";"";"";"";"";"";"";"";"";"";"";""
"09/07/2022";"0100";"";"";"";"";"";"";"";"";"";"";"";"";"";"";"";"";""
"09/07/2022";"0200";"";"";"";"";"";"";"";"";"";"";"";"";"";"";"";"";""
"09/07/2022";"0300";"";"";"";"";"";"";"";"";"";"";"";"";"";"";"";"";""
"09/07/2022";"0400";"";"";"";"";"";"";"";"";"";"";"";"";"";"";"";"";""
"09/07/2022";"0500";"";"";"";"";"";"";"";"";"";"";"";"";"";"";"";"";""
"09/07/2022";"0600";"";"";"";"";"";"";"";"";"";"";"";"";"";"";"";"";""
"09/07/2022";"0700";"";"";"";"";"";"";"";"";"";"";"";"";"";"";"";"";""
"09/07/2022";"0800";"";"";"";"";"";"";"";"";"";"";"";"";"";"";"";"";""
"09/07/2022";"0900";"";"";"";"";"";"";"";"";"";"";"";"";"";"";"";"";""
"09/07/2022";"1000";"";"";"";"";"";"";"";"";"";"";"";"";"";"";"";"";""
"09/07/2022";"1100";"";"";"";"";"";"";"";"";"";"";"";"";"";"";"";"";""
"09/07/2022";"1200";"";"";"";"";"";"";"";"";"";"";"";"";"";"";"";"";""
"09/07/2022";"1300";"";"";"";"";"";"";"";"";"";"";"";"";"";"";"";"";""
"09/07/2022";"1400";"";"";"";"";"";"";"";"";"";"";"";"";"";"";"";"";""
"09/07/2022";"1500";"";"";"";"";"";"";"";"";"";"";"";"";"";"";"";"";""
"09/07/2022";"1600";"";"";"";"";"";"";"";"";"";"";"";"";"";"";"";"";""
"09/07/2022";"1700";"";"";"";"";"";"";"";"";"";"";"";"";"";"";"";"";""
"09/07/2022";"1800";"";"";"";"";"";"";"";"";"";"";"";"";"";"";"";"";""
"09/07/2022";"1900";"";"";"";"";"";"";"";"";"";"";"";"";"";"";"";"";""
"09/07/2022";"2000";"";"";"";"";"";"";"";"";"";"";"";"";"";"";"";"";""
"09/07/2022";"2100";"";"";"";"";"";"";"";"";"";"";"";"";"";"";"";"";""
"09/07/2022";"2200";"";"";"";"";"";"";"";"";"";"";"";"";"";"";"";"";""
"09/07/2022";"2300";"";"";"";"";"";"";"";"";"";"";"";"";"";"";"";"";""
"10/07/2022";"0000";"";"";"";"";"";"";"";"";"";"";"";"";"";"";"";"";""
"10/07/2022";"0100";"";"";"";"";"";"";"";"";"";"";"";"";"";"";"";"";""
"10/07/2022";"0200";"";"";"";"";"";"";"";"";"";"";"";"";"";"";"";"";""
"10/07/2022";"0300";"";"";"";"";"";"";"";"";"";"";"";"";"";"";"";"";""
"10/07/2022";"0400";"";"";"";"";"";"";"";"";"";"";"";"";"";"";"";"";""
"10/07/2022";"0500";"";"";"";"";"";"";"";"";"";"";"";"";"";"";"";"";""
"10/07/2022";"0600";"";"";"";"";"";"";"";"";"";"";"";"";"";"";"";"";""
"10/07/2022";"0700";"";"";"";"";"";"";"";"";"";"";"";"";"";"";"";"";""
"10/07/2022";"0800";"";"";"";"";"";"";"";"";"";"";"";"";"";"";"";"";""
"10/07/2022";"0900";"";"";"";"";"";"";"";"";"";"";"";"";"";"";"";"";""
"10/07/2022";"1000";"";"";"";"";"";"";"";"";"";"";"";"";"";"";"";"";""
"10/07/2022";"1100";"";"";"";"";"";"";"";"";"";"";"";"";"";"";"";"";""
"10/07/2022";"1200";"";"";"";"";"";"";"";"";"";"";"";"";"";"";"";"";""
"10/07/2022";"1300";"";"";"";"";"";"";"";"";"";"";"";"";"";"";"";"";""
"10/07/2022";"1400";"";"";"";"";"";"";"";"";"";"";"";"";"";"";"";"";""
"10/07/2022";"1500";"";"";"";"";"";"";"";"";"";"";"";"";"";"";"";"";""
"10/07/2022";"1600";"";"";"";"";"";"";"";"";"";"";"";"";"";"";"";"";""
"10/07/2022";"1700";"";"";"";"";"";"";"";"";"";"";"";"";"";"";"";"";""
"10/07/2022";"1800";"";"";"";"";"";"";"";"";"";"";"";"";"";"";"";"";""
"10/07/2022";"1900";"";"";"";"";"";"";"";"";"";"";"";"";"";"";"";"";""
"10/07/2022";"2000";"";"";"";"";"";"";"";"";"";"";"";"";"";"";"";"";""
"10/07/2022";"2100";"";"";"";"";"";"";"";"";"";"";"";"";"";"";"";"";""
"10/07/2022";"2200";"";"";"";"";"";"";"";"";"";"";"";"";"";"";"";"";""
"10/07/2022";"2300";"";"";"";"";"";"";"";"";"";"";"";"";"";"";"";"";""
"11/07/2022";"0000";"";"";"";"";"";"";"";"";"";"";"";"";"";"";"";"";""
"11/07/2022";"0100";"";"";"";"";"";"";"";"";"";"";"";"";"";"";"";"";""
"11/07/2022";"0200";"";"";"";"";"";"";"";"";"";"";"";"";"";"";"";"";""
"11/07/2022";"0300";"";"";"";"";"";"";"";"";"";"";"";"";"";"";"";"";""
"11/07/2022";"0400";"";"";"";"";"";"";"";"";"";"";"";"";"";"";"";"";""
"11/07/2022";"0500";"";"";"";"";"";"";"";"";"";"";"";"";"";"";"";"";""
"11/07/2022";"0600";"";"";"";"";"";"";"";"";"";"";"";"";"";"";"";"";""
"11/07/2022";"0700";"";"";"";"";"";"";"";"";"";"";"";"";"";"";"";"";""
"11/07/2022";"0800";"";"";"";"";"";"";"";"";"";"";"";"";"";"";"";"";""
"11/07/2022";"0900";"";"";"";"";"";"";"";"";"";"";"";"";"";"";"";"";""
"11/07/2022";"1000";"";"";"";"";"";"";"";"";"";"";"";"";"";"";"";"";""
"11/07/2022";"1100";"";"";"";"";"";"";"";"";"";"";"";"";"";"";"";"";""
"11/07/2022";"1200";"";"";"";"";"";"";"";"";"";"";"";"";"";"";"";"";""
"11/07/2022";"1300";"";"";"";"";"";"";"";"";"";"";"";"";"";"";"";"";""
"11/07/2022";"1400";"";"";"";"";"";"";"";"";"";"";"";"";"";"";"";"";""
"11/07/2022";"1500";"";"";"";"";"";"";"";"";"";"";"";"";"";"";"";"";""
"11/07/2022";"1600";"";"";"";"";"";"";"";"";"";"";"";"";"";"";"";"";""
"11/07/2022";"1700";"";"";"";"";"";"";"";"";"";"";"";"";"";"";"";"";""
"11/07/2022";"1800";"";"";"";"";"";"";"";"";"";"";"";"";"";"";"";"";""
"11/07/2022";"1900";"";"";"";"";"";"";"";"";"";"";"";"";"";"";"";"";""
"11/07/2022";"2000";"";"";"";"";"";"";"";"";"";"";"";"";"";"";"";"";""
"11/07/2022";"2100";"";"";"";"";"";"";"";"";"";"";"";"";"";"";"";"";""
"11/07/2022";"2200";"";"";"";"";"";"";"";"";"";"";"";"";"";"";"";"";""
"11/07/2022";"2300";"";"";"";"";"";"";"";"";"";"";"";"";"";"";"";"";""
"12/07/2022";"0000";"";"";"";"";"";"";"";"";"";"";"";"";"";"";"";"";""
"12/07/2022";"0100";"";"";"";"";"";"";"";"";"";"";"";"";"";"";"";"";""
"12/07/2022";"0200";"";"";"";"";"";"";"";"";"";"";"";"";"";"";"";"";""
"12/07/2022";"0300";"";"";"";"";"";"";"";"";"";"";"";"";"";"";"";"";""
"12/07/2022";"0400";"";"";"";"";"";"";"";"";"";"";"";"";"";"";"";"";""
"12/07/2022";"0500";"";"";"";"";"";"";"";"";"";"";"";"";"";"";"";"";""
"12/07/2022";"0600";"";"";"";"";"";"";"";"";"";"";"";"";"";"";"";"";""
"12/07/2022";"0700";"";"";"";"";"";"";"";"";"";"";"";"";"";"";"";"";""
"12/07/2022";"0800";"";"";"";"";"";"";"";"";"";"";"";"";"";"";"";"";""
"12/07/2022";"0900";"";"";"";"";"";"";"";"";"";"";"";"";"";"";"";"";""
"12/07/2022";"1000";"";"";"";"";"";"";"";"";"";"";"";"";"";"";"";"";""
"12/07/2022";"1100";"";"";"";"";"";"";"";"";"";"";"";"";"";"";"";"";""
"12/07/2022";"1200";"";"";"";"";"";"";"";"";"";"";"";"";"";"";"";"";""
"12/07/2022";"1300";"";"";"";"";"";"";"";"";"";"";"";"";"";"";"";"";""
"12/07/2022";"1400";"";"";"";"";"";"";"";"";"";"";"";"";"";"";"";"";""
"12/07/2022";"1500";"";"";"";"";"";"";"";"";"";"";"";"";"";"";"";"";""
"12/07/2022";"1600";"";"";"";"";"";"";"";"";"";"";"";"";"";"";"";"";""
"12/07/2022";"1700";"";"";"";"";"";"";"";"";"";"";"";"";"";"";"";"";""
"12/07/2022";"1800";"";"";"";"";"";"";"";"";"";"";"";"";"";"";"";"";""
"12/07/2022";"1900";"";"";"";"";"";"";"";"";"";"";"";"";"";"";"";"";""
"12/07/2022";"2000";"";"";"";"";"";"";"";"";"";"";"";"";"";"";"";"";""
"12/07/2022";"2100";"";"";"";"";"";"";"";"";"";"";"";"";"";"";"";"";""
"12/07/2022";"2200";"";"";"";"";"";"";"";"";"";"";"";"";"";"";"";"";""
"12/07/2022";"2300";"";"";"";"";"";"";"";"";"";"";"";"";"";"";"";"";""
"13/07/2022";"0000";"";"";"";"";"";"";"";"";"";"";"";"";"";"";"";"";""
"13/07/2022";"0100";"";"";"";"";"";"";"";"";"";"";"";"";"";"";"";"";""
"13/07/2022";"0200";"";"";"";"";"";"";"";"";"";"";"";"";"";"";"";"";""
"13/07/2022";"0300";"";"";"";"";"";"";"";"";"";"";"";"";"";"";"";"";""
"13/07/2022";"0400";"";"";"";"";"";"";"";"";"";"";"";"";"";"";"";"";""
"13/07/2022";"0500";"";"";"";"";"";"";"";"";"";"";"";"";"";"";"";"";""
"13/07/2022";"0600";"";"";"";"";"";"";"";"";"";"";"";"";"";"";"";"";""
"13/07/2022";"0700";"";"";"";"";"";"";"";"";"";"";"";"";"";"";"";"";""
"13/07/2022";"0800";"";"";"";"";"";"";"";"";"";"";"";"";"";"";"";"";""
"13/07/2022";"0900";"";"";"";"";"";"";"";"";"";"";"";"";"";"";"";"";""
"13/07/2022";"1000";"";"";"";"";"";"";"";"";"";"";"";"";"";"";"";"";""
"13/07/2022";"1100";"";"";"";"";"";"";"";"";"";"";"";"";"";"";"";"";""
"13/07/2022";"1200";"";"";"";"";"";"";"";"";"";"";"";"";"";"";"";"";""
"13/07/2022";"1300";"";"";"";"";"";"";"";"";"";"";"";"";"";"";"";"";""
"13/07/2022";"1400";"";"";"";"";"";"";"";"";"";"";"";"";"";"";"";"";""
"13/07/2022";"1500";"";"";"";"";"";"";"";"";"";"";"";"";"";"";"";"";""
"13/07/2022";"1600";"";"";"";"";"";"";"";"";"";"";"";"";"";"";"";"";""
"13/07/2022";"1700";"";"";"";"";"";"";"";"";"";"";"";"";"";"";"";"";""
"13/07/2022";"1800";"";"";"";"";"";"";"";"";"";"";"";"";"";"";"";"";""
"13/07/2022";"1900";"";"";"";"";"";"";"";"";"";"";"";"";"";"";"";"";""
"13/07/2022";"2000";"";"";"";"";"";"";"";"";"";"";"";"";"";"";"";"";""
"13/07/2022";"2100";"";"";"";"";"";"";"";"";"";"";"";"";"";"";"";"";""
"13/07/2022";"2200";"";"";"";"";"";"";"";"";"";"";"";"";"";"";"";"";""
"13/07/2022";"2300";"";"";"";"";"";"";"";"";"";"";"";"";"";"";"";"";""
"14/07/2022";"0000";"";"";"";"";"";"";"";"";"";"";"";"";"";"";"";"";""
"14/07/2022";"0100";"";"";"";"";"";"";"";"";"";"";"";"";"";"";"";"";""
"14/07/2022";"0200";"";"";"";"";"";"";"";"";"";"";"";"";"";"";"";"";""
"14/07/2022";"0300";"";"";"";"";"";"";"";"";"";"";"";"";"";"";"";"";""
"14/07/2022";"0400";"";"";"";"";"";"";"";"";"";"";"";"";"";"";"";"";""
"14/07/2022";"0500";"";"";"";"";"";"";"";"";"";"";"";"";"";"";"";"";""
"14/07/2022";"0600";"";"";"";"";"";"";"";"";"";"";"";"";"";"";"";"";""
"14/07/2022";"0700";"";"";"";"";"";"";"";"";"";"";"";"";"";"";"";"";""
"14/07/2022";"0800";"";"";"";"";"";"";"";"";"";"";"";"";"";"";"";"";""
"14/07/2022";"0900";"";"";"";"";"";"";"";"";"";"";"";"";"";"";"";"";""
"14/07/2022";"1000";"";"";"";"";"";"";"";"";"";"";"";"";"";"";"";"";""
"14/07/2022";"1100";"";"";"";"";"";"";"";"";"";"";"";"";"";"";"";"";""
"14/07/2022";"1200";"";"";"";"";"";"";"";"";"";"";"";"";"";"";"";"";""
"14/07/2022";"1300";"";"";"";"";"";"";"";"";"";"";"";"";"";"";"";"";""
"14/07/2022";"1400";"";"";"";"";"";"";"";"";"";"";"";"";"";"";"";"";""
"14/07/2022";"1500";"";"";"";"";"";"";"";"";"";"";"";"";"";"";"";"";""
"14/07/2022";"1600";"";"";"";"";"";"";"";"";"";"";"";"";"";"";"";"";""
"14/07/2022";"1700";"";"";"";"";"";"";"";"";"";"";"";"";"";"";"";"";""
"14/07/2022";"1800";"";"";"";"";"";"";"";"";"";"";"";"";"";"";"";"";""
"14/07/2022";"1900";"";"";"";"";"";"";"";"";"";"";"";"";"";"";"";"";""
"14/07/2022";"2000";"";"";"";"";"";"";"";"";"";"";"";"";"";"";"";"";""
"14/07/2022";"2100";"";"";"";"";"";"";"";"";"";"";"";"";"";"";"";"";""
"14/07/2022";"2200";"";"";"";"";"";"";"";"";"";"";"";"";"";"";"";"";""
"14/07/2022";"2300";"";"";"";"";"";"";"";"";"";"";"";"";"";"";"";"";""
"15/07/2022";"0000";"";"";"";"";"";"";"";"";"";"";"";"";"";"";"";"";""
"15/07/2022";"0100";"";"";"";"";"";"";"";"";"";"";"";"";"";"";"";"";""
"15/07/2022";"0200";"";"";"";"";"";"";"";"";"";"";"";"";"";"";"";"";""
"15/07/2022";"0300";"";"";"";"";"";"";"";"";"";"";"";"";"";"";"";"";""
"15/07/2022";"0400";"";"";"";"";"";"";"";"";"";"";"";"";"";"";"";"";""
"15/07/2022";"0500";"";"";"";"";"";"";"";"";"";"";"";"";"";"";"";"";""
"15/07/2022";"0600";"";"";"";"";"";"";"";"";"";"";"";"";"";"";"";"";""
"15/07/2022";"0700";"";"";"";"";"";"";"";"";"";"";"";"";"";"";"";"";""
"15/07/2022";"0800";"";"";"";"";"";"";"";"";"";"";"";"";"";"";"";"";""
"15/07/2022";"0900";"";"";"";"";"";"";"";"";"";"";"";"";"";"";"";"";""
"15/07/2022";"1000";"";"";"";"";"";"";"";"";"";"";"";"";"";"";"";"";""
"15/07/2022";"1100";"";"";"";"";"";"";"";"";"";"";"";"";"";"";"";"";""
"15/07/2022";"1200";"";"";"";"";"";"";"";"";"";"";"";"";"";"";"";"";""
"15/07/2022";"1300";"";"";"";"";"";"";"";"";"";"";"";"";"";"";"";"";""
"15/07/2022";"1400";"";"";"";"";"";"";"";"";"";"";"";"";"";"";"";"";""
"15/07/2022";"1500";"";"";"";"";"";"";"";"";"";"";"";"";"";"";"";"";""
"15/07/2022";"1600";"";"";"";"";"";"";"";"";"";"";"";"";"";"";"";"";""
"15/07/2022";"1700";"";"";"";"";"";"";"";"";"";"";"";"";"";"";"";"";""
"15/07/2022";"1800";"";"";"";"";"";"";"";"";"";"";"";"";"";"";"";"";""
"15/07/2022";"1900";"";"";"";"";"";"";"";"";"";"";"";"";"";"";"";"";""
"15/07/2022";"2000";"";"";"";"";"";"";"";"";"";"";"";"";"";"";"";"";""
"15/07/2022";"2100";"";"";"";"";"";"";"";"";"";"";"";"";"";"";"";"";""
"15/07/2022";"2200";"";"";"";"";"";"";"";"";"";"";"";"";"";"";"";"";""
"15/07/2022";"2300";"";"";"";"";"";"";"";"";"";"";"";"";"";"";"";"";""
"16/07/2022";"0000";"";"";"";"";"";"";"";"";"";"";"";"";"";"";"";"";""
"16/07/2022";"0100";"";"";"";"";"";"";"";"";"";"";"";"";"";"";"";"";""
"16/07/2022";"0200";"";"";"";"";"";"";"";"";"";"";"";"";"";"";"";"";""
"16/07/2022";"0300";"";"";"";"";"";"";"";"";"";"";"";"";"";"";"";"";""
"16/07/2022";"0400";"";"";"";"";"";"";"";"";"";"";"";"";"";"";"";"";""
"16/07/2022";"0500";"";"";"";"";"";"";"";"";"";"";"";"";"";"";"";"";""
"16/07/2022";"0600";"";"";"";"";"";"";"";"";"";"";"";"";"";"";"";"";""
"16/07/2022";"0700";"";"";"";"";"";"";"";"";"";"";"";"";"";"";"";"";""
"16/07/2022";"0800";"";"";"";"";"";"";"";"";"";"";"";"";"";"";"";"";""
"16/07/2022";"0900";"";"";"";"";"";"";"";"";"";"";"";"";"";"";"";"";""
"16/07/2022";"1000";"";"";"";"";"";"";"";"";"";"";"";"";"";"";"";"";""
"16/07/2022";"1100";"";"";"";"";"";"";"";"";"";"";"";"";"";"";"";"";""
"16/07/2022";"1200";"";"";"";"";"";"";"";"";"";"";"";"";"";"";"";"";""
"16/07/2022";"1300";"";"";"";"";"";"";"";"";"";"";"";"";"";"";"";"";""
"16/07/2022";"1400";"";"";"";"";"";"";"";"";"";"";"";"";"";"";"";"";""
"16/07/2022";"1500";"";"";"";"";"";"";"";"";"";"";"";"";"";"";"";"";""
"16/07/2022";"1600";"";"";"";"";"";"";"";"";"";"";"";"";"";"";"";"";""
"16/07/2022";"1700";"";"";"";"";"";"";"";"";"";"";"";"";"";"";"";"";""
"16/07/2022";"1800";"";"";"";"";"";"";"";"";"";"";"";"";"";"";"";"";""
"16/07/2022";"1900";"";"";"";"";"";"";"";"";"";"";"";"";"";"";"";"";""
"16/07/2022";"2000";"";"";"";"";"";"";"";"";"";"";"";"";"";"";"";"";""
"16/07/2022";"2100";"";"";"";"";"";"";"";"";"";"";"";"";"";"";"";"";""
"16/07/2022";"2200";"";"";"";"";"";"";"";"";"";"";"";"";"";"";"";"";""
"16/07/2022";"2300";"";"";"";"";"";"";"";"";"";"";"";"";"";"";"";"";""
"17/07/2022";"0000";"";"";"";"";"";"";"";"";"";"";"";"";"";"";"";"";""
"17/07/2022";"0100";"";"";"";"";"";"";"";"";"";"";"";"";"";"";"";"";""
"17/07/2022";"0200";"";"";"";"";"";"";"";"";"";"";"";"";"";"";"";"";""
"17/07/2022";"0300";"";"";"";"";"";"";"";"";"";"";"";"";"";"";"";"";""
"17/07/2022";"0400";"";"";"";"";"";"";"";"";"";"";"";"";"";"";"";"";""
"17/07/2022";"0500";"";"";"";"";"";"";"";"";"";"";"";"";"";"";"";"";""
"17/07/2022";"0600";"";"";"";"";"";"";"";"";"";"";"";"";"";"";"";"";""
"17/07/2022";"0700";"";"";"";"";"";"";"";"";"";"";"";"";"";"";"";"";""
"17/07/2022";"0800";"";"";"";"";"";"";"";"";"";"";"";"";"";"";"";"";""
"17/07/2022";"0900";"";"";"";"";"";"";"";"";"";"";"";"";"";"";"";"";""
"17/07/2022";"1000";"";"";"";"";"";"";"";"";"";"";"";"";"";"";"";"";""
"17/07/2022";"1100";"";"";"";"";"";"";"";"";"";"";"";"";"";"";"";"";""
"17/07/2022";"1200";"";"";"";"";"";"";"";"";"";"";"";"";"";"";"";"";""
"17/07/2022";"1300";"";"";"";"";"";"";"";"";"";"";"";"";"";"";"";"";""
"17/07/2022";"1400";"";"";"";"";"";"";"";"";"";"";"";"";"";"";"";"";""
"17/07/2022";"1500";"";"";"";"";"";"";"";"";"";"";"";"";"";"";"";"";""
"17/07/2022";"1600";"";"";"";"";"";"";"";"";"";"";"";"";"";"";"";"";""
"17/07/2022";"1700";"";"";"";"";"";"";"";"";"";"";"";"";"";"";"";"";""
"17/07/2022";"1800";"";"";"";"";"";"";"";"";"";"";"";"";"";"";"";"";""
"17/07/2022";"1900";"";"";"";"";"";"";"";"";"";"";"";"";"";"";"";"";""
"17/07/2022";"2000";"";"";"";"";"";"";"";"";"";"";"";"";"";"";"";"";""
"17/07/2022";"2100";"";"";"";"";"";"";"";"";"";"";"";"";"";"";"";"";""
"17/07/2022";"2200";"";"";"";"";"";"";"";"";"";"";"";"";"";"";"";"";""
"17/07/2022";"2300";"";"";"";"";"";"";"";"";"";"";"";"";"";"";"";"";""
"18/07/2022";"0000";"";"";"";"";"";"";"";"";"";"";"";"";"";"";"";"";""
"18/07/2022";"0100";"";"";"";"";"";"";"";"";"";"";"";"";"";"";"";"";""
"18/07/2022";"0200";"";"";"";"";"";"";"";"";"";"";"";"";"";"";"";"";""
"18/07/2022";"0300";"";"";"";"";"";"";"";"";"";"";"";"";"";"";"";"";""
"18/07/2022";"0400";"";"";"";"";"";"";"";"";"";"";"";"";"";"";"";"";""
"18/07/2022";"0500";"";"";"";"";"";"";"";"";"";"";"";"";"";"";"";"";""
"18/07/2022";"0600";"";"";"";"";"";"";"";"";"";"";"";"";"";"";"";"";""
"18/07/2022";"0700";"";"";"";"";"";"";"";"";"";"";"";"";"";"";"";"";""
"18/07/2022";"0800";"";"";"";"";"";"";"";"";"";"";"";"";"";"";"";"";""
"18/07/2022";"0900";"";"";"";"";"";"";"";"";"";"";"";"";"";"";"";"";""
"18/07/2022";"1000";"";"";"";"";"";"";"";"";"";"";"";"";"";"";"";"";""
"18/07/2022";"1100";"";"";"";"";"";"";"";"";"";"";"";"";"";"";"";"";""
"18/07/2022";"1200";"";"";"";"";"";"";"";"";"";"";"";"";"";"";"";"";""
"18/07/2022";"1300";"";"";"";"";"";"";"";"";"";"";"";"";"";"";"";"";""
"18/07/2022";"1400";"";"";"";"";"";"";"";"";"";"";"";"";"";"";"";"";""
"18/07/2022";"1500";"";"";"";"";"";"";"";"";"";"";"";"";"";"";"";"";""
"18/07/2022";"1600";"";"";"";"";"";"";"";"";"";"";"";"";"";"";"";"";""
"18/07/2022";"1700";"";"";"";"";"";"";"";"";"";"";"";"";"";"";"";"";""
"18/07/2022";"1800";"";"";"";"";"";"";"";"";"";"";"";"";"";"";"";"";""
"18/07/2022";"1900";"";"";"";"";"";"";"";"";"";"";"";"";"";"";"";"";""
"18/07/2022";"2000";"";"";"";"";"";"";"";"";"";"";"";"";"";"";"";"";""
"18/07/2022";"2100";"";"";"";"";"";"";"";"";"";"";"";"";"";"";"";"";""
"18/07/2022";"2200";"";"";"";"";"";"";"";"";"";"";"";"";"";"";"";"";""
"18/07/2022";"2300";"";"";"";"";"";"";"";"";"";"";"";"";"";"";"";"";""
"19/07/2022";"0000";"";"";"";"";"";"";"";"";"";"";"";"";"";"";"";"";""
"19/07/2022";"0100";"";"";"";"";"";"";"";"";"";"";"";"";"";"";"";"";""
"19/07/2022";"0200";"";"";"";"";"";"";"";"";"";"";"";"";"";"";"";"";""
"19/07/2022";"0300";"";"";"";"";"";"";"";"";"";"";"";"";"";"";"";"";""
"19/07/2022";"0400";"";"";"";"";"";"";"";"";"";"";"";"";"";"";"";"";""
"19/07/2022";"0500";"";"";"";"";"";"";"";"";"";"";"";"";"";"";"";"";""
"19/07/2022";"0600";"";"";"";"";"";"";"";"";"";"";"";"";"";"";"";"";""
"19/07/2022";"0700";"";"";"";"";"";"";"";"";"";"";"";"";"";"";"";"";""
"19/07/2022";"0800";"";"";"";"";"";"";"";"";"";"";"";"";"";"";"";"";""
"19/07/2022";"0900";"";"";"";"";"";"";"";"";"";"";"";"";"";"";"";"";""
"19/07/2022";"1000";"";"";"";"";"";"";"";"";"";"";"";"";"";"";"";"";""
"19/07/2022";"1100";"";"";"";"";"";"";"";"";"";"";"";"";"";"";"";"";""
"19/07/2022";"1200";"";"";"";"";"";"";"";"";"";"";"";"";"";"";"";"";""
"19/07/2022";"1300";"";"";"";"";"";"";"";"";"";"";"";"";"";"";"";"";""
"19/07/2022";"1400";"";"";"";"";"";"";"";"";"";"";"";"";"";"";"";"";""
"19/07/2022";"1500";"";"";"";"";"";"";"";"";"";"";"";"";"";"";"";"";""
"19/07/2022";"1600";"";"";"";"";"";"";"";"";"";"";"";"";"";"";"";"";""
"19/07/2022";"1700";"";"";"";"";"";"";"";"";"";"";"";"";"";"";"";"";""
"19/07/2022";"1800";"";"";"";"";"";"";"";"";"";"";"";"";"";"";"";"";""
"19/07/2022";"1900";"";"";"";"";"";"";"";"";"";"";"";"";"";"";"";"";""
"19/07/2022";"2000";"";"";"";"";"";"";"";"";"";"";"";"";"";"";"";"";""
"19/07/2022";"2100";"";"";"";"";"";"";"";"";"";"";"";"";"";"";"";"";""
"19/07/2022";"2200";"";"";"";"";"";"";"";"";"";"";"";"";"";"";"";"";""
"19/07/2022";"2300";"";"";"";"";"";"";"";"";"";"";"";"";"";"";"";"";""
"20/07/2022";"0000";"";"";"";"";"";"";"";"";"";"";"";"";"";"";"";"";""
"20/07/2022";"0100";"";"";"";"";"";"";"";"";"";"";"";"";"";"";"";"";""
"20/07/2022";"0200";"";"";"";"";"";"";"";"";"";"";"";"";"";"";"";"";""
"20/07/2022";"0300";"";"";"";"";"";"";"";"";"";"";"";"";"";"";"";"";""
"20/07/2022";"0400";"";"";"";"";"";"";"";"";"";"";"";"";"";"";"";"";""
"20/07/2022";"0500";"";"";"";"";"";"";"";"";"";"";"";"";"";"";"";"";""
"20/07/2022";"0600";"";"";"";"";"";"";"";"";"";"";"";"";"";"";"";"";""
"20/07/2022";"0700";"";"";"";"";"";"";"";"";"";"";"";"";"";"";"";"";""
"20/07/2022";"0800";"";"";"";"";"";"";"";"";"";"";"";"";"";"";"";"";""
"20/07/2022";"0900";"";"";"";"";"";"";"";"";"";"";"";"";"";"";"";"";""
"20/07/2022";"1000";"";"";"";"";"";"";"";"";"";"";"";"";"";"";"";"";""
"20/07/2022";"1100";"";"";"";"";"";"";"";"";"";"";"";"";"";"";"";"";""
"20/07/2022";"1200";"";"";"";"";"";"";"";"";"";"";"";"";"";"";"";"";""
"20/07/2022";"1300";"";"";"";"";"";"";"";"";"";"";"";"";"";"";"";"";""
"20/07/2022";"1400";"";"";"";"";"";"";"";"";"";"";"";"";"";"";"";"";""
"20/07/2022";"1500";"";"";"";"";"";"";"";"";"";"";"";"";"";"";"";"";""
"20/07/2022";"1600";"";"";"";"";"";"";"";"";"";"";"";"";"";"";"";"";""
"20/07/2022";"1700";"";"";"";"";"";"";"";"";"";"";"";"";"";"";"";"";""
"20/07/2022";"1800";"";"";"";"";"";"";"";"";"";"";"";"";"";"";"";"";""
"20/07/2022";"1900";"";"";"";"";"";"";"";"";"";"";"";"";"";"";"";"";""
"20/07/2022";"2000";"";"";"";"";"";"";"";"";"";"";"";"";"";"";"";"";""
"20/07/2022";"2100";"";"";"";"";"";"";"";"";"";"";"";"";"";"";"";"";""
"20/07/2022";"2200";"";"";"";"";"";"";"";"";"";"";"";"";"";"";"";"";""
"20/07/2022";"2300";"";"";"";"";"";"";"";"";"";"";"";"";"";"";"";"";""
"21/07/2022";"0000";"";"";"";"";"";"";"";"";"";"";"";"";"";"";"";"";""
"21/07/2022";"0100";"";"";"";"";"";"";"";"";"";"";"";"";"";"";"";"";""
"21/07/2022";"0200";"";"";"";"";"";"";"";"";"";"";"";"";"";"";"";"";""
"21/07/2022";"0300";"";"";"";"";"";"";"";"";"";"";"";"";"";"";"";"";""
"21/07/2022";"0400";"";"";"";"";"";"";"";"";"";"";"";"";"";"";"";"";""
"21/07/2022";"0500";"";"";"";"";"";"";"";"";"";"";"";"";"";"";"";"";""
"21/07/2022";"0600";"";"";"";"";"";"";"";"";"";"";"";"";"";"";"";"";""
"21/07/2022";"0700";"";"";"";"";"";"";"";"";"";"";"";"";"";"";"";"";""
"21/07/2022";"0800";"";"";"";"";"";"";"";"";"";"";"";"";"";"";"";"";""
"21/07/2022";"0900";"";"";"";"";"";"";"";"";"";"";"";"";"";"";"";"";""
"21/07/2022";"1000";"";"";"";"";"";"";"";"";"";"";"";"";"";"";"";"";""
"21/07/2022";"1100";"";"";"";"";"";"";"";"";"";"";"";"";"";"";"";"";""
"21/07/2022";"1200";"";"";"";"";"";"";"";"";"";"";"";"";"";"";"";"";""
"21/07/2022";"1300";"";"";"";"";"";"";"";"";"";"";"";"";"";"";"";"";""
"21/07/2022";"1400";"";"";"";"";"";"";"";"";"";"";"";"";"";"";"";"";""
"21/07/2022";"1500";"";"";"";"";"";"";"";"";"";"";"";"";"";"";"";"";""
"21/07/2022";"1600";"";"";"";"";"";"";"";"";"";"";"";"";"";"";"";"";""
"21/07/2022";"1700";"";"";"";"";"";"";"";"";"";"";"";"";"";"";"";"";""
"21/07/2022";"1800";"";"";"";"";"";"";"";"";"";"";"";"";"";"";"";"";""
"21/07/2022";"1900";"";"";"";"";"";"";"";"";"";"";"";"";"";"";"";"";""
"21/07/2022";"2000";"";"";"";"";"";"";"";"";"";"";"";"";"";"";"";"";""
"21/07/2022";"2100";"";"";"";"";"";"";"";"";"";"";"";"";"";"";"";"";""
"21/07/2022";"2200";"";"";"";"";"";"";"";"";"";"";"";"";"";"";"";"";""
"21/07/2022";"2300";"";"";"";"";"";"";"";"";"";"";"";"";"";"";"";"";""
"22/07/2022";"0000";"";"";"";"";"";"";"";"";"";"";"";"";"";"";"";"";""
"22/07/2022";"0100";"";"";"";"";"";"";"";"";"";"";"";"";"";"";"";"";""
"22/07/2022";"0200";"";"";"";"";"";"";"";"";"";"";"";"";"";"";"";"";""
"22/07/2022";"0300";"";"";"";"";"";"";"";"";"";"";"";"";"";"";"";"";""
"22/07/2022";"0400";"";"";"";"";"";"";"";"";"";"";"";"";"";"";"";"";""
"22/07/2022";"0500";"";"";"";"";"";"";"";"";"";"";"";"";"";"";"";"";""
"22/07/2022";"0600";"";"";"";"";"";"";"";"";"";"";"";"";"";"";"";"";""
"22/07/2022";"0700";"";"";"";"";"";"";"";"";"";"";"";"";"";"";"";"";""
"22/07/2022";"0800";"";"";"";"";"";"";"";"";"";"";"";"";"";"";"";"";""
"22/07/2022";"0900";"";"";"";"";"";"";"";"";"";"";"";"";"";"";"";"";""
"22/07/2022";"1000";"";"";"";"";"";"";"";"";"";"";"";"";"";"";"";"";""
"22/07/2022";"1100";"";"";"";"";"";"";"";"";"";"";"";"";"";"";"";"";""
"22/07/2022";"1200";"";"";"";"";"";"";"";"";"";"";"";"";"";"";"";"";""
"22/07/2022";"1300";"";"";"";"";"";"";"";"";"";"";"";"";"";"";"";"";""
"22/07/2022";"1400";"";"";"";"";"";"";"";"";"";"";"";"";"";"";"";"";""
"22/07/2022";"1500";"";"";"";"";"";"";"";"";"";"";"";"";"";"";"";"";""
"22/07/2022";"1600";"";"";"";"";"";"";"";"";"";"";"";"";"";"";"";"";""
"22/07/2022";"1700";"";"";"";"";"";"";"";"";"";"";"";"";"";"";"";"";""
"22/07/2022";"1800";"";"";"";"";"";"";"";"";"";"";"";"";"";"";"";"";""
"22/07/2022";"1900";"";"";"";"";"";"";"";"";"";"";"";"";"";"";"";"";""
"22/07/2022";"2000";"";"";"";"";"";"";"";"";"";"";"";"";"";"";"";"";""
"22/07/2022";"2100";"";"";"";"";"";"";"";"";"";"";"";"";"";"";"";"";""
"22/07/2022";"2200";"";"";"";"";"";"";"";"";"";"";"";"";"";"";"";"";""
"22/07/2022";"2300";"";"";"";"";"";"";"";"";"";"";"";"";"";"";"";"";""
"23/07/2022";"0000";"";"";"";"";"";"";"";"";"";"";"";"";"";"";"";"";""
"23/07/2022";"0100";"";"";"";"";"";"";"";"";"";"";"";"";"";"";"";"";""
"23/07/2022";"0200";"";"";"";"";"";"";"";"";"";"";"";"";"";"";"";"";""
"23/07/2022";"0300";"";"";"";"";"";"";"";"";"";"";"";"";"";"";"";"";""
"23/07/2022";"0400";"";"";"";"";"";"";"";"";"";"";"";"";"";"";"";"";""
"23/07/2022";"0500";"";"";"";"";"";"";"";"";"";"";"";"";"";"";"";"";""
"23/07/2022";"0600";"";"";"";"";"";"";"";"";"";"";"";"";"";"";"";"";""
"23/07/2022";"0700";"";"";"";"";"";"";"";"";"";"";"";"";"";"";"";"";""
"23/07/2022";"0800";"";"";"";"";"";"";"";"";"";"";"";"";"";"";"";"";""
"23/07/2022";"0900";"";"";"";"";"";"";"";"";"";"";"";"";"";"";"";"";""
"23/07/2022";"1000";"";"";"";"";"";"";"";"";"";"";"";"";"";"";"";"";""
"23/07/2022";"1100";"";"";"";"";"";"";"";"";"";"";"";"";"";"";"";"";""
"23/07/2022";"1200";"";"";"";"";"";"";"";"";"";"";"";"";"";"";"";"";""
"23/07/2022";"1300";"";"";"";"";"";"";"";"";"";"";"";"";"";"";"";"";""
"23/07/2022";"1400";"";"";"";"";"";"";"";"";"";"";"";"";"";"";"";"";""
"23/07/2022";"1500";"";"";"";"";"";"";"";"";"";"";"";"";"";"";"";"";""
"23/07/2022";"1600";"";"";"";"";"";"";"";"";"";"";"";"";"";"";"";"";""
"23/07/2022";"1700";"";"";"";"";"";"";"";"";"";"";"";"";"";"";"";"";""
"23/07/2022";"1800";"";"";"";"";"";"";"";"";"";"";"";"";"";"";"";"";""
"23/07/2022";"1900";"";"";"";"";"";"";"";"";"";"";"";"";"";"";"";"";""
"23/07/2022";"2000";"";"";"";"";"";"";"";"";"";"";"";"";"";"";"";"";""
"23/07/2022";"2100";"";"";"";"";"";"";"";"";"";"";"";"";"";"";"";"";""
"23/07/2022";"2200";"";"";"";"";"";"";"";"";"";"";"";"";"";"";"";"";""
"23/07/2022";"2300";"";"";"";"";"";"";"";"";"";"";"";"";"";"";"";"";""
"24/07/2022";"0000";"";"";"";"";"";"";"";"";"";"";"";"";"";"";"";"";""
"24/07/2022";"0100";"";"";"";"";"";"";"";"";"";"";"";"";"";"";"";"";""
"24/07/2022";"0200";"";"";"";"";"";"";"";"";"";"";"";"";"";"";"";"";""
"24/07/2022";"0300";"";"";"";"";"";"";"";"";"";"";"";"";"";"";"";"";""
"24/07/2022";"0400";"";"";"";"";"";"";"";"";"";"";"";"";"";"";"";"";""
"24/07/2022";"0500";"";"";"";"";"";"";"";"";"";"";"";"";"";"";"";"";""
"24/07/2022";"0600";"";"";"";"";"";"";"";"";"";"";"";"";"";"";"";"";""
"24/07/2022";"0700";"";"";"";"";"";"";"";"";"";"";"";"";"";"";"";"";""
"24/07/2022";"0800";"";"";"";"";"";"";"";"";"";"";"";"";"";"";"";"";""
"24/07/2022";"0900";"";"";"";"";"";"";"";"";"";"";"";"";"";"";"";"";""
"24/07/2022";"1000";"";"";"";"";"";"";"";"";"";"";"";"";"";"";"";"";""
"24/07/2022";"1100";"";"";"";"";"";"";"";"";"";"";"";"";"";"";"";"";""
"24/07/2022";"1200";"";"";"";"";"";"";"";"";"";"";"";"";"";"";"";"";""
"24/07/2022";"1300";"";"";"";"";"";"";"";"";"";"";"";"";"";"";"";"";""
"24/07/2022";"1400";"";"";"";"";"";"";"";"";"";"";"";"";"";"";"";"";""
"24/07/2022";"1500";"";"";"";"";"";"";"";"";"";"";"";"";"";"";"";"";""
"24/07/2022";"1600";"";"";"";"";"";"";"";"";"";"";"";"";"";"";"";"";""
"24/07/2022";"1700";"";"";"";"";"";"";"";"";"";"";"";"";"";"";"";"";""
"24/07/2022";"1800";"";"";"";"";"";"";"";"";"";"";"";"";"";"";"";"";""
"24/07/2022";"1900";"";"";"";"";"";"";"";"";"";"";"";"";"";"";"";"";""
"24/07/2022";"2000";"";"";"";"";"";"";"";"";"";"";"";"";"";"";"";"";""
"24/07/2022";"2100";"";"";"";"";"";"";"";"";"";"";"";"";"";"";"";"";""
"24/07/2022";"2200";"";"";"";"";"";"";"";"";"";"";"";"";"";"";"";"";""
"24/07/2022";"2300";"";"";"";"";"";"";"";"";"";"";"";"";"";"";"";"";""
"25/07/2022";"0000";"";"";"";"";"";"";"";"";"";"";"";"";"";"";"";"";""
"25/07/2022";"0100";"";"";"";"";"";"";"";"";"";"";"";"";"";"";"";"";""
"25/07/2022";"0200";"";"";"";"";"";"";"";"";"";"";"";"";"";"";"";"";""
"25/07/2022";"0300";"";"";"";"";"";"";"";"";"";"";"";"";"";"";"";"";""
"25/07/2022";"0400";"";"";"";"";"";"";"";"";"";"";"";"";"";"";"";"";""
"25/07/2022";"0500";"";"";"";"";"";"";"";"";"";"";"";"";"";"";"";"";""
"25/07/2022";"0600";"";"";"";"";"";"";"";"";"";"";"";"";"";"";"";"";""
"25/07/2022";"0700";"";"";"";"";"";"";"";"";"";"";"";"";"";"";"";"";""
"25/07/2022";"0800";"";"";"";"";"";"";"";"";"";"";"";"";"";"";"";"";""
"25/07/2022";"0900";"";"";"";"";"";"";"";"";"";"";"";"";"";"";"";"";""
"25/07/2022";"1000";"";"";"";"";"";"";"";"";"";"";"";"";"";"";"";"";""
"25/07/2022";"1100";"";"";"";"";"";"";"";"";"";"";"";"";"";"";"";"";""
"25/07/2022";"1200";"";"";"";"";"";"";"";"";"";"";"";"";"";"";"";"";""
"25/07/2022";"1300";"";"";"";"";"";"";"";"";"";"";"";"";"";"";"";"";""
"25/07/2022";"1400";"";"";"";"";"";"";"";"";"";"";"";"";"";"";"";"";""
"25/07/2022";"1500";"";"";"";"";"";"";"";"";"";"";"";"";"";"";"";"";""
"25/07/2022";"1600";"";"";"";"";"";"";"";"";"";"";"";"";"";"";"";"";""
"25/07/2022";"1700";"";"";"";"";"";"";"";"";"";"";"";"";"";"";"";"";""
"25/07/2022";"1800";"";"";"";"";"";"";"";"";"";"";"";"";"";"";"";"";""
"25/07/2022";"1900";"";"";"";"";"";"";"";"";"";"";"";"";"";"";"";"";""
"25/07/2022";"2000";"";"";"";"";"";"";"";"";"";"";"";"";"";"";"";"";""
"25/07/2022";"2100";"";"";"";"";"";"";"";"";"";"";"";"";"";"";"";"";""
"25/07/2022";"2200";"";"";"";"";"";"";"";"";"";"";"";"";"";"";"";"";""
"25/07/2022";"2300";"";"";"";"";"";"";"";"";"";"";"";"";"";"";"";"";""
"26/07/2022";"0000";"";"";"";"";"";"";"";"";"";"";"";"";"";"";"";"";""
"26/07/2022";"0100";"";"";"";"";"";"";"";"";"";"";"";"";"";"";"";"";""
"26/07/2022";"0200";"";"";"";"";"";"";"";"";"";"";"";"";"";"";"";"";""
"26/07/2022";"0300";"";"";"";"";"";"";"";"";"";"";"";"";"";"";"";"";""
"26/07/2022";"0400";"";"";"";"";"";"";"";"";"";"";"";"";"";"";"";"";""
"26/07/2022";"0500";"";"";"";"";"";"";"";"";"";"";"";"";"";"";"";"";""
"26/07/2022";"0600";"";"";"";"";"";"";"";"";"";"";"";"";"";"";"";"";""
"26/07/2022";"0700";"";"";"";"";"";"";"";"";"";"";"";"";"";"";"";"";""
"26/07/2022";"0800";"";"";"";"";"";"";"";"";"";"";"";"";"";"";"";"";""
"26/07/2022";"0900";"";"";"";"";"";"";"";"";"";"";"";"";"";"";"";"";""
"26/07/2022";"1000";"";"";"";"";"";"";"";"";"";"";"";"";"";"";"";"";""
"26/07/2022";"1100";"";"";"";"";"";"";"";"";"";"";"";"";"";"";"";"";""
"26/07/2022";"1200";"";"";"";"";"";"";"";"";"";"";"";"";"";"";"";"";""
"26/07/2022";"1300";"";"";"";"";"";"";"";"";"";"";"";"";"";"";"";"";""
"26/07/2022";"1400";"";"";"";"";"";"";"";"";"";"";"";"";"";"";"";"";""
"26/07/2022";"1500";"";"";"";"";"";"";"";"";"";"";"";"";"";"";"";"";""
"26/07/2022";"1600";"";"";"";"";"";"";"";"";"";"";"";"";"";"";"";"";""
"26/07/2022";"1700";"";"";"";"";"";"";"";"";"";"";"";"";"";"";"";"";""
"26/07/2022";"1800";"";"";"";"";"";"";"";"";"";"";"";"";"";"";"";"";""
"26/07/2022";"1900";"";"";"";"";"";"";"";"";"";"";"";"";"";"";"";"";""
"26/07/2022";"2000";"";"";"";"";"";"";"";"";"";"";"";"";"";"";"";"";""
"26/07/2022";"2100";"";"";"";"";"";"";"";"";"";"";"";"";"";"";"";"";""
"26/07/2022";"2200";"";"";"";"";"";"";"";"";"";"";"";"";"";"";"";"";""
"26/07/2022";"2300";"";"";"";"";"";"";"";"";"";"";"";"";"";"";"";"";""
"27/07/2022";"0000";"";"";"";"";"";"";"";"";"";"";"";"";"";"";"";"";""
"27/07/2022";"0100";"";"";"";"";"";"";"";"";"";"";"";"";"";"";"";"";""
"27/07/2022";"0200";"";"";"";"";"";"";"";"";"";"";"";"";"";"";"";"";""
"27/07/2022";"0300";"";"";"";"";"";"";"";"";"";"";"";"";"";"";"";"";""
"27/07/2022";"0400";"";"";"";"";"";"";"";"";"";"";"";"";"";"";"";"";""
"27/07/2022";"0500";"";"";"";"";"";"";"";"";"";"";"";"";"";"";"";"";""
"27/07/2022";"0600";"";"";"";"";"";"";"";"";"";"";"";"";"";"";"";"";""
"27/07/2022";"0700";"";"";"";"";"";"";"";"";"";"";"";"";"";"";"";"";""
"27/07/2022";"0800";"";"";"";"";"";"";"";"";"";"";"";"";"";"";"";"";""
"27/07/2022";"0900";"";"";"";"";"";"";"";"";"";"";"";"";"";"";"";"";""
"27/07/2022";"1000";"";"";"";"";"";"";"";"";"";"";"";"";"";"";"";"";""
"27/07/2022";"1100";"";"";"";"";"";"";"";"";"";"";"";"";"";"";"";"";""
"27/07/2022";"1200";"";"";"";"";"";"";"";"";"";"";"";"";"";"";"";"";""
"27/07/2022";"1300";"";"";"";"";"";"";"";"";"";"";"";"";"";"";"";"";""
"27/07/2022";"1400";"";"";"";"";"";"";"";"";"";"";"";"";"";"";"";"";""
"27/07/2022";"1500";"";"";"";"";"";"";"";"";"";"";"";"";"";"";"";"";""
"27/07/2022";"1600";"";"";"";"";"";"";"";"";"";"";"";"";"";"";"";"";""
"27/07/2022";"1700";"";"";"";"";"";"";"";"";"";"";"";"";"";"";"";"";""
"27/07/2022";"1800";"";"";"";"";"";"";"";"";"";"";"";"";"";"";"";"";""
"27/07/2022";"1900";"";"";"";"";"";"";"";"";"";"";"";"";"";"";"";"";""
"27/07/2022";"2000";"";"";"";"";"";"";"";"";"";"";"";"";"";"";"";"";""
"27/07/2022";"2100";"";"";"";"";"";"";"";"";"";"";"";"";"";"";"";"";""
"27/07/2022";"2200";"";"";"";"";"";"";"";"";"";"";"";"";"";"";"";"";""
"27/07/2022";"2300";"";"";"";"";"";"";"";"";"";"";"";"";"";"";"";"";""
"28/07/2022";"0000";"";"";"";"";"";"";"";"";"";"";"";"";"";"";"";"";""
"28/07/2022";"0100";"";"";"";"";"";"";"";"";"";"";"";"";"";"";"";"";""
"28/07/2022";"0200";"";"";"";"";"";"";"";"";"";"";"";"";"";"";"";"";""
"28/07/2022";"0300";"";"";"";"";"";"";"";"";"";"";"";"";"";"";"";"";""
"28/07/2022";"0400";"";"";"";"";"";"";"";"";"";"";"";"";"";"";"";"";""
"28/07/2022";"0500";"";"";"";"";"";"";"";"";"";"";"";"";"";"";"";"";""
"28/07/2022";"0600";"";"";"";"";"";"";"";"";"";"";"";"";"";"";"";"";""
"28/07/2022";"0700";"";"";"";"";"";"";"";"";"";"";"";"";"";"";"";"";""
"28/07/2022";"0800";"";"";"";"";"";"";"";"";"";"";"";"";"";"";"";"";""
"28/07/2022";"0900";"";"";"";"";"";"";"";"";"";"";"";"";"";"";"";"";""
"28/07/2022";"1000";"";"";"";"";"";"";"";"";"";"";"";"";"";"";"";"";""
"28/07/2022";"1100";"";"";"";"";"";"";"";"";"";"";"";"";"";"";"";"";""
"28/07/2022";"1200";"";"";"";"";"";"";"";"";"";"";"";"";"";"";"";"";""
"28/07/2022";"1300";"";"";"";"";"";"";"";"";"";"";"";"";"";"";"";"";""
"28/07/2022";"1400";"";"";"";"";"";"";"";"";"";"";"";"";"";"";"";"";""
"28/07/2022";"1500";"";"";"";"";"";"";"";"";"";"";"";"";"";"";"";"";""
"28/07/2022";"1600";"";"";"";"";"";"";"";"";"";"";"";"";"";"";"";"";""
"28/07/2022";"1700";"";"";"";"";"";"";"";"";"";"";"";"";"";"";"";"";""
"28/07/2022";"1800";"";"";"";"";"";"";"";"";"";"";"";"";"";"";"";"";""
"28/07/2022";"1900";"";"";"";"";"";"";"";"";"";"";"";"";"";"";"";"";""
"28/07/2022";"2000";"";"";"";"";"";"";"";"";"";"";"";"";"";"";"";"";""
"28/07/2022";"2100";"";"";"";"";"";"";"";"";"";"";"";"";"";"";"";"";""
"28/07/2022";"2200";"";"";"";"";"";"";"";"";"";"";"";"";"";"";"";"";""
"28/07/2022";"2300";"";"";"";"";"";"";"";"";"";"";"";"";"";"";"";"";""
"29/07/2022";"0000";"";"";"";"";"";"";"";"";"";"";"";"";"";"";"";"";""
"29/07/2022";"0100";"";"";"";"";"";"";"";"";"";"";"";"";"";"";"";"";""
"29/07/2022";"0200";"";"";"";"";"";"";"";"";"";"";"";"";"";"";"";"";""
"29/07/2022";"0300";"";"";"";"";"";"";"";"";"";"";"";"";"";"";"";"";""
"29/07/2022";"0400";"";"";"";"";"";"";"";"";"";"";"";"";"";"";"";"";""
"29/07/2022";"0500";"";"";"";"";"";"";"";"";"";"";"";"";"";"";"";"";""
"29/07/2022";"0600";"";"";"";"";"";"";"";"";"";"";"";"";"";"";"";"";""
"29/07/2022";"0700";"";"";"";"";"";"";"";"";"";"";"";"";"";"";"";"";""
"29/07/2022";"0800";"";"";"";"";"";"";"";"";"";"";"";"";"";"";"";"";""
"29/07/2022";"0900";"";"";"";"";"";"";"";"";"";"";"";"";"";"";"";"";""
"29/07/2022";"1000";"";"";"";"";"";"";"";"";"";"";"";"";"";"";"";"";""
"29/07/2022";"1100";"";"";"";"";"";"";"";"";"";"";"";"";"";"";"";"";""
"29/07/2022";"1200";"";"";"";"";"";"";"";"";"";"";"";"";"";"";"";"";""
"29/07/2022";"1300";"";"";"";"";"";"";"";"";"";"";"";"";"";"";"";"";""
"29/07/2022";"1400";"";"";"";"";"";"";"";"";"";"";"";"";"";"";"";"";""
"29/07/2022";"1500";"";"";"";"";"";"";"";"";"";"";"";"";"";"";"";"";""
"29/07/2022";"1600";"";"";"";"";"";"";"";"";"";"";"";"";"";"";"";"";""
"29/07/2022";"1700";"";"";"";"";"";"";"";"";"";"";"";"";"";"";"";"";""
"29/07/2022";"1800";"";"";"";"";"";"";"";"";"";"";"";"";"";"";"";"";""
"29/07/2022";"1900";"";"";"";"";"";"";"";"";"";"";"";"";"";"";"";"";""
"29/07/2022";"2000";"";"";"";"";"";"";"";"";"";"";"";"";"";"";"";"";""
"29/07/2022";"2100";"";"";"";"";"";"";"";"";"";"";"";"";"";"";"";"";""
"29/07/2022";"2200";"";"";"";"";"";"";"";"";"";"";"";"";"";"";"";"";""
"29/07/2022";"2300";"";"";"";"";"";"";"";"";"";"";"";"";"";"";"";"";""
"30/07/2022";"0000";"";"";"";"";"";"";"";"";"";"";"";"";"";"";"";"";""
"30/07/2022";"0100";"";"";"";"";"";"";"";"";"";"";"";"";"";"";"";"";""
"30/07/2022";"0200";"";"";"";"";"";"";"";"";"";"";"";"";"";"";"";"";""
"30/07/2022";"0300";"";"";"";"";"";"";"";"";"";"";"";"";"";"";"";"";""
"30/07/2022";"0400";"";"";"";"";"";"";"";"";"";"";"";"";"";"";"";"";""
"30/07/2022";"0500";"";"";"";"";"";"";"";"";"";"";"";"";"";"";"";"";""
"30/07/2022";"0600";"";"";"";"";"";"";"";"";"";"";"";"";"";"";"";"";""
"30/07/2022";"0700";"";"";"";"";"";"";"";"";"";"";"";"";"";"";"";"";""
"30/07/2022";"0800";"";"";"";"";"";"";"";"";"";"";"";"";"";"";"";"";""
"30/07/2022";"0900";"";"";"";"";"";"";"";"";"";"";"";"";"";"";"";"";""
"30/07/2022";"1000";"";"";"";"";"";"";"";"";"";"";"";"";"";"";"";"";""
"30/07/2022";"1100";"";"";"";"";"";"";"";"";"";"";"";"";"";"";"";"";""
"30/07/2022";"1200";"";"";"";"";"";"";"";"";"";"";"";"";"";"";"";"";""
"30/07/2022";"1300";"";"";"";"";"";"";"";"";"";"";"";"";"";"";"";"";""
"30/07/2022";"1400";"";"";"";"";"";"";"";"";"";"";"";"";"";"";"";"";""
"30/07/2022";"1500";"";"";"";"";"";"";"";"";"";"";"";"";"";"";"";"";""
"30/07/2022";"1600";"";"";"";"";"";"";"";"";"";"";"";"";"";"";"";"";""
"30/07/2022";"1700";"";"";"";"";"";"";"";"";"";"";"";"";"";"";"";"";""
"30/07/2022";"1800";"";"";"";"";"";"";"";"";"";"";"";"";"";"";"";"";""
"30/07/2022";"1900";"";"";"";"";"";"";"";"";"";"";"";"";"";"";"";"";""
"30/07/2022";"2000";"";"";"";"";"";"";"";"";"";"";"";"";"";"";"";"";""
"30/07/2022";"2100";"";"";"";"";"";"";"";"";"";"";"";"";"";"";"";"";""
"30/07/2022";"2200";"";"";"";"";"";"";"";"";"";"";"";"";"";"";"";"";""
"30/07/2022";"2300";"";"";"";"";"";"";"";"";"";"";"";"";"";"";"";"";""
"31/07/2022";"0000";"";"";"";"";"";"";"";"";"";"";"";"";"";"";"";"";""
"31/07/2022";"0100";"";"";"";"";"";"";"";"";"";"";"";"";"";"";"";"";""
"31/07/2022";"0200";"";"";"";"";"";"";"";"";"";"";"";"";"";"";"";"";""
"31/07/2022";"0300";"";"";"";"";"";"";"";"";"";"";"";"";"";"";"";"";""
"31/07/2022";"0400";"";"";"";"";"";"";"";"";"";"";"";"";"";"";"";"";""
"31/07/2022";"0500";"";"";"";"";"";"";"";"";"";"";"";"";"";"";"";"";""
"31/07/2022";"0600";"";"";"";"";"";"";"";"";"";"";"";"";"";"";"";"";""
"31/07/2022";"0700";"";"";"";"";"";"";"";"";"";"";"";"";"";"";"";"";""
"31/07/2022";"0800";"";"";"";"";"";"";"";"";"";"";"";"";"";"";"";"";""
"31/07/2022";"0900";"";"";"";"";"";"";"";"";"";"";"";"";"";"";"";"";""
"31/07/2022";"1000";"";"";"";"";"";"";"";"";"";"";"";"";"";"";"";"";""
"31/07/2022";"1100";"";"";"";"";"";"";"";"";"";"";"";"";"";"";"";"";""
"31/07/2022";"1200";"";"";"";"";"";"";"";"";"";"";"";"";"";"";"";"";""
"31/07/2022";"1300";"";"";"";"";"";"";"";"";"";"";"";"";"";"";"";"";""
"31/07/2022";"1400";"";"";"";"";"";"";"";"";"";"";"";"";"";"";"";"";""
"31/07/2022";"1500";"";"";"";"";"";"";"";"";"";"";"";"";"";"";"";"";""
"31/07/2022";"1600";"";"";"";"";"";"";"";"";"";"";"";"";"";"";"";"";""
"31/07/2022";"1700";"";"";"";"";"";"";"";"";"";"";"";"";"";"";"";"";""
"31/07/2022";"1800";"";"";"";"";"";"";"";"";"";"";"";"";"";"";"";"";""
"31/07/2022";"1900";"";"";"";"";"";"";"";"";"";"";"";"";"";"";"";"";""
"31/07/2022";"2000";"";"";"";"";"";"";"";"";"";"";"";"";"";"";"";"";""
"31/07/2022";"2100";"";"";"";"";"";"";"";"";"";"";"";"";"";"";"";"";""
"31/07/2022";"2200";"";"";"";"";"";"";"";"";"";"";"";"";"";"";"";"";""
"31/07/2022";"2300";"";"";"";"";"";"";"";"";"";"";"";"";"";"";"";"";""
"01/08/2022";"0000";"";"";"";"";"";"";"";"";"";"";"";"";"";"";"";"";""
"01/08/2022";"0100";"";"";"";"";"";"";"";"";"";"";"";"";"";"";"";"";""
"01/08/2022";"0200";"";"";"";"";"";"";"";"";"";"";"";"";"";"";"";"";""
"01/08/2022";"0300";"";"";"";"";"";"";"";"";"";"";"";"";"";"";"";"";""
"01/08/2022";"0400";"";"";"";"";"";"";"";"";"";"";"";"";"";"";"";"";""
"01/08/2022";"0500";"";"";"";"";"";"";"";"";"";"";"";"";"";"";"";"";""
"01/08/2022";"0600";"";"";"";"";"";"";"";"";"";"";"";"";"";"";"";"";""
"01/08/2022";"0700";"";"";"";"";"";"";"";"";"";"";"";"";"";"";"";"";""
"01/08/2022";"0800";"";"";"";"";"";"";"";"";"";"";"";"";"";"";"";"";""
"01/08/2022";"0900";"";"";"";"";"";"";"";"";"";"";"";"";"";"";"";"";""
"01/08/2022";"1000";"";"";"";"";"";"";"";"";"";"";"";"";"";"";"";"";""
"01/08/2022";"1100";"";"";"";"";"";"";"";"";"";"";"";"";"";"";"";"";""
"01/08/2022";"1200";"";"";"";"";"";"";"";"";"";"";"";"";"";"";"";"";""
"01/08/2022";"1300";"";"";"";"";"";"";"";"";"";"";"";"";"";"";"";"";""
"01/08/2022";"1400";"";"";"";"";"";"";"";"";"";"";"";"";"";"";"";"";""
"01/08/2022";"1500";"";"";"";"";"";"";"";"";"";"";"";"";"";"";"";"";""
"01/08/2022";"1600";"";"";"";"";"";"";"";"";"";"";"";"";"";"";"";"";""
"01/08/2022";"1700";"";"";"";"";"";"";"";"";"";"";"";"";"";"";"";"";""
"01/08/2022";"1800";"";"";"";"";"";"";"";"";"";"";"";"";"";"";"";"";""
"01/08/2022";"1900";"";"";"";"";"";"";"";"";"";"";"";"";"";"";"";"";""
"01/08/2022";"2000";"";"";"";"";"";"";"";"";"";"";"";"";"";"";"";"";""
"01/08/2022";"2100";"";"";"";"";"";"";"";"";"";"";"";"";"";"";"";"";""
"01/08/2022";"2200";"";"";"";"";"";"";"";"";"";"";"";"";"";"";"";"";""
"01/08/2022";"2300";"";"";"";"";"";"";"";"";"";"";"";"";"";"";"";"";""
"02/08/2022";"0000";"";"";"";"";"";"";"";"";"";"";"";"";"";"";"";"";""
"02/08/2022";"0100";"";"";"";"";"";"";"";"";"";"";"";"";"";"";"";"";""
"02/08/2022";"0200";"";"";"";"";"";"";"";"";"";"";"";"";"";"";"";"";""
"02/08/2022";"0300";"";"";"";"";"";"";"";"";"";"";"";"";"";"";"";"";""
"02/08/2022";"0400";"";"";"";"";"";"";"";"";"";"";"";"";"";"";"";"";""
"02/08/2022";"0500";"";"";"";"";"";"";"";"";"";"";"";"";"";"";"";"";""
"02/08/2022";"0600";"";"";"";"";"";"";"";"";"";"";"";"";"";"";"";"";""
"02/08/2022";"0700";"";"";"";"";"";"";"";"";"";"";"";"";"";"";"";"";""
"02/08/2022";"0800";"";"";"";"";"";"";"";"";"";"";"";"";"";"";"";"";""
"02/08/2022";"0900";"";"";"";"";"";"";"";"";"";"";"";"";"";"";"";"";""
"02/08/2022";"1000";"";"";"";"";"";"";"";"";"";"";"";"";"";"";"";"";""
"02/08/2022";"1100";"";"";"";"";"";"";"";"";"";"";"";"";"";"";"";"";""
"02/08/2022";"1200";"";"";"";"";"";"";"";"";"";"";"";"";"";"";"";"";""
"02/08/2022";"1300";"";"";"";"";"";"";"";"";"";"";"";"";"";"";"";"";""
"02/08/2022";"1400";"";"";"";"";"";"";"";"";"";"";"";"";"";"";"";"";""
"02/08/2022";"1500";"";"";"";"";"";"";"";"";"";"";"";"";"";"";"";"";""
"02/08/2022";"1600";"";"";"";"";"";"";"";"";"";"";"";"";"";"";"";"";""
"02/08/2022";"1700";"";"";"";"";"";"";"";"";"";"";"";"";"";"";"";"";""
"02/08/2022";"1800";"";"";"";"";"";"";"";"";"";"";"";"";"";"";"";"";""
"02/08/2022";"1900";"";"";"";"";"";"";"";"";"";"";"";"";"";"";"";"";""
"02/08/2022";"2000";"";"";"";"";"";"";"";"";"";"";"";"";"";"";"";"";""
"02/08/2022";"2100";"";"";"";"";"";"";"";"";"";"";"";"";"";"";"";"";""
"02/08/2022";"2200";"";"";"";"";"";"";"";"";"";"";"";"";"";"";"";"";""
"02/08/2022";"2300";"";"";"";"";"";"";"";"";"";"";"";"";"";"";"";"";""
"03/08/2022";"0000";"";"";"";"";"";"";"";"";"";"";"";"";"";"";"";"";""
"03/08/2022";"0100";"";"";"";"";"";"";"";"";"";"";"";"";"";"";"";"";""
"03/08/2022";"0200";"";"";"";"";"";"";"";"";"";"";"";"";"";"";"";"";""
"03/08/2022";"0300";"";"";"";"";"";"";"";"";"";"";"";"";"";"";"";"";""
"03/08/2022";"0400";"";"";"";"";"";"";"";"";"";"";"";"";"";"";"";"";""
"03/08/2022";"0500";"";"";"";"";"";"";"";"";"";"";"";"";"";"";"";"";""
"03/08/2022";"0600";"";"";"";"";"";"";"";"";"";"";"";"";"";"";"";"";""
"03/08/2022";"0700";"";"";"";"";"";"";"";"";"";"";"";"";"";"";"";"";""
"03/08/2022";"0800";"";"";"";"";"";"";"";"";"";"";"";"";"";"";"";"";""
"03/08/2022";"0900";"";"";"";"";"";"";"";"";"";"";"";"";"";"";"";"";""
"03/08/2022";"1000";"";"";"";"";"";"";"";"";"";"";"";"";"";"";"";"";""
"03/08/2022";"1100";"";"";"";"";"";"";"";"";"";"";"";"";"";"";"";"";""
"03/08/2022";"1200";"";"";"";"";"";"";"";"";"";"";"";"";"";"";"";"";""
"03/08/2022";"1300";"";"";"";"";"";"";"";"";"";"";"";"";"";"";"";"";""
"03/08/2022";"1400";"";"";"";"";"";"";"";"";"";"";"";"";"";"";"";"";""
"03/08/2022";"1500";"";"";"";"";"";"";"";"";"";"";"";"";"";"";"";"";""
"03/08/2022";"1600";"";"";"";"";"";"";"";"";"";"";"";"";"";"";"";"";""
"03/08/2022";"1700";"";"";"";"";"";"";"";"";"";"";"";"";"";"";"";"";""
"03/08/2022";"1800";"";"";"";"";"";"";"";"";"";"";"";"";"";"";"";"";""
"03/08/2022";"1900";"";"";"";"";"";"";"";"";"";"";"";"";"";"";"";"";""
"03/08/2022";"2000";"";"";"";"";"";"";"";"";"";"";"";"";"";"";"";"";""
"03/08/2022";"2100";"";"";"";"";"";"";"";"";"";"";"";"";"";"";"";"";""
"03/08/2022";"2200";"";"";"";"";"";"";"";"";"";"";"";"";"";"";"";"";""
"03/08/2022";"2300";"";"";"";"";"";"";"";"";"";"";"";"";"";"";"";"";""
"04/08/2022";"0000";"";"";"";"";"";"";"";"";"";"";"";"";"";"";"";"";""
"04/08/2022";"0100";"";"";"";"";"";"";"";"";"";"";"";"";"";"";"";"";""
"04/08/2022";"0200";"";"";"";"";"";"";"";"";"";"";"";"";"";"";"";"";""
"04/08/2022";"0300";"";"";"";"";"";"";"";"";"";"";"";"";"";"";"";"";""
"04/08/2022";"0400";"";"";"";"";"";"";"";"";"";"";"";"";"";"";"";"";""
"04/08/2022";"0500";"";"";"";"";"";"";"";"";"";"";"";"";"";"";"";"";""
"04/08/2022";"0600";"";"";"";"";"";"";"";"";"";"";"";"";"";"";"";"";""
"04/08/2022";"0700";"";"";"";"";"";"";"";"";"";"";"";"";"";"";"";"";""
"04/08/2022";"0800";"";"";"";"";"";"";"";"";"";"";"";"";"";"";"";"";""
"04/08/2022";"0900";"";"";"";"";"";"";"";"";"";"";"";"";"";"";"";"";""
"04/08/2022";"1000";"";"";"";"";"";"";"";"";"";"";"";"";"";"";"";"";""
"04/08/2022";"1100";"";"";"";"";"";"";"";"";"";"";"";"";"";"";"";"";""
"04/08/2022";"1200";"";"";"";"";"";"";"";"";"";"";"";"";"";"";"";"";""
"04/08/2022";"1300";"";"";"";"";"";"";"";"";"";"";"";"";"";"";"";"";""
"04/08/2022";"1400";"";"";"";"";"";"";"";"";"";"";"";"";"";"";"";"";""
"04/08/2022";"1500";"";"";"";"";"";"";"";"";"";"";"";"";"";"";"";"";""
"04/08/2022";"1600";"";"";"";"";"";"";"";"";"";"";"";"";"";"";"";"";""
"04/08/2022";"1700";"";"";"";"";"";"";"";"";"";"";"";"";"";"";"";"";""
"04/08/2022";"1800";"";"";"";"";"";"";"";"";"";"";"";"";"";"";"";"";""
"04/08/2022";"1900";"";"";"";"";"";"";"";"";"";"";"";"";"";"";"";"";""
"04/08/2022";"2000";"";"";"";"";"";"";"";"";"";"";"";"";"";"";"";"";""
"04/08/2022";"2100";"";"";"";"";"";"";"";"";"";"";"";"";"";"";"";"";""
"04/08/2022";"2200";"";"";"";"";"";"";"";"";"";"";"";"";"";"";"";"";""
"04/08/2022";"2300";"";"";"";"";"";"";"";"";"";"";"";"";"";"";"";"";""
"05/08/2022";"0000";"";"";"";"";"";"";"";"";"";"";"";"";"";"";"";"";""
"05/08/2022";"0100";"";"";"";"";"";"";"";"";"";"";"";"";"";"";"";"";""
"05/08/2022";"0200";"";"";"";"";"";"";"";"";"";"";"";"";"";"";"";"";""
"05/08/2022";"0300";"";"";"";"";"";"";"";"";"";"";"";"";"";"";"";"";""
"05/08/2022";"0400";"";"";"";"";"";"";"";"";"";"";"";"";"";"";"";"";""
"05/08/2022";"0500";"";"";"";"";"";"";"";"";"";"";"";"";"";"";"";"";""
"05/08/2022";"0600";"";"";"";"";"";"";"";"";"";"";"";"";"";"";"";"";""
"05/08/2022";"0700";"";"";"";"";"";"";"";"";"";"";"";"";"";"";"";"";""
"05/08/2022";"0800";"";"";"";"";"";"";"";"";"";"";"";"";"";"";"";"";""
"05/08/2022";"0900";"";"";"";"";"";"";"";"";"";"";"";"";"";"";"";"";""
"05/08/2022";"1000";"";"";"";"";"";"";"";"";"";"";"";"";"";"";"";"";""
"05/08/2022";"1100";"";"";"";"";"";"";"";"";"";"";"";"";"";"";"";"";""
"05/08/2022";"1200";"";"";"";"";"";"";"";"";"";"";"";"";"";"";"";"";""
"05/08/2022";"1300";"";"";"";"";"";"";"";"";"";"";"";"";"";"";"";"";""
"05/08/2022";"1400";"";"";"";"";"";"";"";"";"";"";"";"";"";"";"";"";""
"05/08/2022";"1500";"";"";"";"";"";"";"";"";"";"";"";"";"";"";"";"";""
"05/08/2022";"1600";"";"";"";"";"";"";"";"";"";"";"";"";"";"";"";"";""
"05/08/2022";"1700";"";"";"";"";"";"";"";"";"";"";"";"";"";"";"";"";""
"05/08/2022";"1800";"";"";"";"";"";"";"";"";"";"";"";"";"";"";"";"";""
"05/08/2022";"1900";"";"";"";"";"";"";"";"";"";"";"";"";"";"";"";"";""
"05/08/2022";"2000";"";"";"";"";"";"";"";"";"";"";"";"";"";"";"";"";""
"05/08/2022";"2100";"";"";"";"";"";"";"";"";"";"";"";"";"";"";"";"";""
"05/08/2022";"2200";"";"";"";"";"";"";"";"";"";"";"";"";"";"";"";"";""
"05/08/2022";"2300";"";"";"";"";"";"";"";"";"";"";"";"";"";"";"";"";""
"06/08/2022";"0000";"";"";"";"";"";"";"";"";"";"";"";"";"";"";"";"";""
"06/08/2022";"0100";"";"";"";"";"";"";"";"";"";"";"";"";"";"";"";"";""
"06/08/2022";"0200";"";"";"";"";"";"";"";"";"";"";"";"";"";"";"";"";""
"06/08/2022";"0300";"";"";"";"";"";"";"";"";"";"";"";"";"";"";"";"";""
"06/08/2022";"0400";"";"";"";"";"";"";"";"";"";"";"";"";"";"";"";"";""
"06/08/2022";"0500";"";"";"";"";"";"";"";"";"";"";"";"";"";"";"";"";""
"06/08/2022";"0600";"";"";"";"";"";"";"";"";"";"";"";"";"";"";"";"";""
"06/08/2022";"0700";"";"";"";"";"";"";"";"";"";"";"";"";"";"";"";"";""
"06/08/2022";"0800";"";"";"";"";"";"";"";"";"";"";"";"";"";"";"";"";""
"06/08/2022";"0900";"";"";"";"";"";"";"";"";"";"";"";"";"";"";"";"";""
"06/08/2022";"1000";"";"";"";"";"";"";"";"";"";"";"";"";"";"";"";"";""
"06/08/2022";"1100";"";"";"";"";"";"";"";"";"";"";"";"";"";"";"";"";""
"06/08/2022";"1200";"";"";"";"";"";"";"";"";"";"";"";"";"";"";"";"";""
"06/08/2022";"1300";"";"";"";"";"";"";"";"";"";"";"";"";"";"";"";"";""
"06/08/2022";"1400";"";"";"";"";"";"";"";"";"";"";"";"";"";"";"";"";""
"06/08/2022";"1500";"";"";"";"";"";"";"";"";"";"";"";"";"";"";"";"";""
"06/08/2022";"1600";"";"";"";"";"";"";"";"";"";"";"";"";"";"";"";"";""
"06/08/2022";"1700";"";"";"";"";"";"";"";"";"";"";"";"";"";"";"";"";""
"06/08/2022";"1800";"";"";"";"";"";"";"";"";"";"";"";"";"";"";"";"";""
"06/08/2022";"1900";"";"";"";"";"";"";"";"";"";"";"";"";"";"";"";"";""
"06/08/2022";"2000";"";"";"";"";"";"";"";"";"";"";"";"";"";"";"";"";""
"06/08/2022";"2100";"";"";"";"";"";"";"";"";"";"";"";"";"";"";"";"";""
"06/08/2022";"2200";"";"";"";"";"";"";"";"";"";"";"";"";"";"";"";"";""
"06/08/2022";"2300";"";"";"";"";"";"";"";"";"";"";"";"";"";"";"";"";""
"07/08/2022";"0000";"";"";"";"";"";"";"";"";"";"";"";"";"";"";"";"";""
"07/08/2022";"0100";"";"";"";"";"";"";"";"";"";"";"";"";"";"";"";"";""
"07/08/2022";"0200";"";"";"";"";"";"";"";"";"";"";"";"";"";"";"";"";""
"07/08/2022";"0300";"";"";"";"";"";"";"";"";"";"";"";"";"";"";"";"";""
"07/08/2022";"0400";"";"";"";"";"";"";"";"";"";"";"";"";"";"";"";"";""
"07/08/2022";"0500";"";"";"";"";"";"";"";"";"";"";"";"";"";"";"";"";""
"07/08/2022";"0600";"";"";"";"";"";"";"";"";"";"";"";"";"";"";"";"";""
"07/08/2022";"0700";"";"";"";"";"";"";"";"";"";"";"";"";"";"";"";"";""
"07/08/2022";"0800";"";"";"";"";"";"";"";"";"";"";"";"";"";"";"";"";""
"07/08/2022";"0900";"";"";"";"";"";"";"";"";"";"";"";"";"";"";"";"";""
"07/08/2022";"1000";"";"";"";"";"";"";"";"";"";"";"";"";"";"";"";"";""
"07/08/2022";"1100";"";"";"";"";"";"";"";"";"";"";"";"";"";"";"";"";""
"07/08/2022";"1200";"";"";"";"";"";"";"";"";"";"";"";"";"";"";"";"";""
"07/08/2022";"1300";"";"";"";"";"";"";"";"";"";"";"";"";"";"";"";"";""
"07/08/2022";"1400";"";"";"";"";"";"";"";"";"";"";"";"";"";"";"";"";""
"07/08/2022";"1500";"";"";"";"";"";"";"";"";"";"";"";"";"";"";"";"";""
"07/08/2022";"1600";"";"";"";"";"";"";"";"";"";"";"";"";"";"";"";"";""
"07/08/2022";"1700";"";"";"";"";"";"";"";"";"";"";"";"";"";"";"";"";""
"07/08/2022";"1800";"";"";"";"";"";"";"";"";"";"";"";"";"";"";"";"";""
"07/08/2022";"1900";"";"";"";"";"";"";"";"";"";"";"";"";"";"";"";"";""
"07/08/2022";"2000";"";"";"";"";"";"";"";"";"";"";"";"";"";"";"";"";""
"07/08/2022";"2100";"";"";"";"";"";"";"";"";"";"";"";"";"";"";"";"";""
"07/08/2022";"2200";"";"";"";"";"";"";"";"";"";"";"";"";"";"";"";"";""
"07/08/2022";"2300";"";"";"";"";"";"";"";"";"";"";"";"";"";"";"";"";""
"08/08/2022";"0000";"";"";"";"";"";"";"";"";"";"";"";"";"";"";"";"";""
"08/08/2022";"0100";"";"";"";"";"";"";"";"";"";"";"";"";"";"";"";"";""
"08/08/2022";"0200";"";"";"";"";"";"";"";"";"";"";"";"";"";"";"";"";""
"08/08/2022";"0300";"";"";"";"";"";"";"";"";"";"";"";"";"";"";"";"";""
"08/08/2022";"0400";"";"";"";"";"";"";"";"";"";"";"";"";"";"";"";"";""
"08/08/2022";"0500";"";"";"";"";"";"";"";"";"";"";"";"";"";"";"";"";""
"08/08/2022";"0600";"";"";"";"";"";"";"";"";"";"";"";"";"";"";"";"";""
"08/08/2022";"0700";"";"";"";"";"";"";"";"";"";"";"";"";"";"";"";"";""
"08/08/2022";"0800";"";"";"";"";"";"";"";"";"";"";"";"";"";"";"";"";""
"08/08/2022";"0900";"";"";"";"";"";"";"";"";"";"";"";"";"";"";"";"";""
"08/08/2022";"1000";"";"";"";"";"";"";"";"";"";"";"";"";"";"";"";"";""
"08/08/2022";"1100";"";"";"";"";"";"";"";"";"";"";"";"";"";"";"";"";""
"08/08/2022";"1200";"";"";"";"";"";"";"";"";"";"";"";"";"";"";"";"";""
"08/08/2022";"1300";"";"";"";"";"";"";"";"";"";"";"";"";"";"";"";"";""
"08/08/2022";"1400";"";"";"";"";"";"";"";"";"";"";"";"";"";"";"";"";""
"08/08/2022";"1500";"";"";"";"";"";"";"";"";"";"";"";"";"";"";"";"";""
"08/08/2022";"1600";"";"";"";"";"";"";"";"";"";"";"";"";"";"";"";"";""
"08/08/2022";"1700";"";"";"";"";"";"";"";"";"";"";"";"";"";"";"";"";""
"08/08/2022";"1800";"";"";"";"";"";"";"";"";"";"";"";"";"";"";"";"";""
"08/08/2022";"1900";"";"";"";"";"";"";"";"";"";"";"";"";"";"";"";"";""
"08/08/2022";"2000";"";"";"";"";"";"";"";"";"";"";"";"";"";"";"";"";""
"08/08/2022";"2100";"";"";"";"";"";"";"";"";"";"";"";"";"";"";"";"";""
"08/08/2022";"2200";"";"";"";"";"";"";"";"";"";"";"";"";"";"";"";"";""
"08/08/2022";"2300";"";"";"";"";"";"";"";"";"";"";"";"";"";"";"";"";""
"09/08/2022";"0000";"";"";"";"";"";"";"";"";"";"";"";"";"";"";"";"";""
"09/08/2022";"0100";"";"";"";"";"";"";"";"";"";"";"";"";"";"";"";"";""
"09/08/2022";"0200";"";"";"";"";"";"";"";"";"";"";"";"";"";"";"";"";""
"09/08/2022";"0300";"";"";"";"";"";"";"";"";"";"";"";"";"";"";"";"";""
"09/08/2022";"0400";"";"";"";"";"";"";"";"";"";"";"";"";"";"";"";"";""
"09/08/2022";"0500";"";"";"";"";"";"";"";"";"";"";"";"";"";"";"";"";""
"09/08/2022";"0600";"";"";"";"";"";"";"";"";"";"";"";"";"";"";"";"";""
"09/08/2022";"0700";"";"";"";"";"";"";"";"";"";"";"";"";"";"";"";"";""
"09/08/2022";"0800";"";"";"";"";"";"";"";"";"";"";"";"";"";"";"";"";""
"09/08/2022";"0900";"";"";"";"";"";"";"";"";"";"";"";"";"";"";"";"";""
"09/08/2022";"1000";"";"";"";"";"";"";"";"";"";"";"";"";"";"";"";"";""
"09/08/2022";"1100";"";"";"";"";"";"";"";"";"";"";"";"";"";"";"";"";""
"09/08/2022";"1200";"";"";"";"";"";"";"";"";"";"";"";"";"";"";"";"";""
"09/08/2022";"1300";"";"";"";"";"";"";"";"";"";"";"";"";"";"";"";"";""
"09/08/2022";"1400";"";"";"";"";"";"";"";"";"";"";"";"";"";"";"";"";""
"09/08/2022";"1500";"";"";"";"";"";"";"";"";"";"";"";"";"";"";"";"";""
"09/08/2022";"1600";"";"";"";"";"";"";"";"";"";"";"";"";"";"";"";"";""
"09/08/2022";"1700";"";"";"";"";"";"";"";"";"";"";"";"";"";"";"";"";""
"09/08/2022";"1800";"";"";"";"";"";"";"";"";"";"";"";"";"";"";"";"";""
"09/08/2022";"1900";"";"";"";"";"";"";"";"";"";"";"";"";"";"";"";"";""
"09/08/2022";"2000";"";"";"";"";"";"";"";"";"";"";"";"";"";"";"";"";""
"09/08/2022";"2100";"";"";"";"";"";"";"";"";"";"";"";"";"";"";"";"";""
"09/08/2022";"2200";"";"";"";"";"";"";"";"";"";"";"";"";"";"";"";"";""
"09/08/2022";"2300";"";"";"";"";"";"";"";"";"";"";"";"";"";"";"";"";""
"10/08/2022";"0000";"";"";"";"";"";"";"";"";"";"";"";"";"";"";"";"";""
"10/08/2022";"0100";"";"";"";"";"";"";"";"";"";"";"";"";"";"";"";"";""
"10/08/2022";"0200";"";"";"";"";"";"";"";"";"";"";"";"";"";"";"";"";""
"10/08/2022";"0300";"";"";"";"";"";"";"";"";"";"";"";"";"";"";"";"";""
"10/08/2022";"0400";"";"";"";"";"";"";"";"";"";"";"";"";"";"";"";"";""
"10/08/2022";"0500";"";"";"";"";"";"";"";"";"";"";"";"";"";"";"";"";""
"10/08/2022";"0600";"";"";"";"";"";"";"";"";"";"";"";"";"";"";"";"";""
"10/08/2022";"0700";"";"";"";"";"";"";"";"";"";"";"";"";"";"";"";"";""
"10/08/2022";"0800";"";"";"";"";"";"";"";"";"";"";"";"";"";"";"";"";""
"10/08/2022";"0900";"";"";"";"";"";"";"";"";"";"";"";"";"";"";"";"";""
"10/08/2022";"1000";"";"";"";"";"";"";"";"";"";"";"";"";"";"";"";"";""
"10/08/2022";"1100";"";"";"";"";"";"";"";"";"";"";"";"";"";"";"";"";""
"10/08/2022";"1200";"";"";"";"";"";"";"";"";"";"";"";"";"";"";"";"";""
"10/08/2022";"1300";"";"";"";"";"";"";"";"";"";"";"";"";"";"";"";"";""
"10/08/2022";"1400";"";"";"";"";"";"";"";"";"";"";"";"";"";"";"";"";""
"10/08/2022";"1500";"";"";"";"";"";"";"";"";"";"";"";"";"";"";"";"";""
"10/08/2022";"1600";"";"";"";"";"";"";"";"";"";"";"";"";"";"";"";"";""
"10/08/2022";"1700";"";"";"";"";"";"";"";"";"";"";"";"";"";"";"";"";""
"10/08/2022";"1800";"";"";"";"";"";"";"";"";"";"";"";"";"";"";"";"";""
"10/08/2022";"1900";"";"";"";"";"";"";"";"";"";"";"";"";"";"";"";"";""
"10/08/2022";"2000";"";"";"";"";"";"";"";"";"";"";"";"";"";"";"";"";""
"10/08/2022";"2100";"";"";"";"";"";"";"";"";"";"";"";"";"";"";"";"";""
"10/08/2022";"2200";"";"";"";"";"";"";"";"";"";"";"";"";"";"";"";"";""
"10/08/2022";"2300";"";"";"";"";"";"";"";"";"";"";"";"";"";"";"";"";""
"11/08/2022";"0000";"";"";"";"";"";"";"";"";"";"";"";"";"";"";"";"";""
"11/08/2022";"0100";"";"";"";"";"";"";"";"";"";"";"";"";"";"";"";"";""
"11/08/2022";"0200";"";"";"";"";"";"";"";"";"";"";"";"";"";"";"";"";""
"11/08/2022";"0300";"";"";"";"";"";"";"";"";"";"";"";"";"";"";"";"";""
"11/08/2022";"0400";"";"";"";"";"";"";"";"";"";"";"";"";"";"";"";"";""
"11/08/2022";"0500";"";"";"";"";"";"";"";"";"";"";"";"";"";"";"";"";""
"11/08/2022";"0600";"";"";"";"";"";"";"";"";"";"";"";"";"";"";"";"";""
"11/08/2022";"0700";"";"";"";"";"";"";"";"";"";"";"";"";"";"";"";"";""
"11/08/2022";"0800";"";"";"";"";"";"";"";"";"";"";"";"";"";"";"";"";""
"11/08/2022";"0900";"";"";"";"";"";"";"";"";"";"";"";"";"";"";"";"";""
"11/08/2022";"1000";"";"";"";"";"";"";"";"";"";"";"";"";"";"";"";"";""
"11/08/2022";"1100";"";"";"";"";"";"";"";"";"";"";"";"";"";"";"";"";""
"11/08/2022";"1200";"";"";"";"";"";"";"";"";"";"";"";"";"";"";"";"";""
"11/08/2022";"1300";"";"";"";"";"";"";"";"";"";"";"";"";"";"";"";"";""
"11/08/2022";"1400";"";"";"";"";"";"";"";"";"";"";"";"";"";"";"";"";""
"11/08/2022";"1500";"";"";"";"";"";"";"";"";"";"";"";"";"";"";"";"";""
"11/08/2022";"1600";"";"";"";"";"";"";"";"";"";"";"";"";"";"";"";"";""
"11/08/2022";"1700";"";"";"";"";"";"";"";"";"";"";"";"";"";"";"";"";""
"11/08/2022";"1800";"";"";"";"";"";"";"";"";"";"";"";"";"";"";"";"";""
"11/08/2022";"1900";"";"";"";"";"";"";"";"";"";"";"";"";"";"";"";"";""
"11/08/2022";"2000";"";"";"";"";"";"";"";"";"";"";"";"";"";"";"";"";""
"11/08/2022";"2100";"";"";"";"";"";"";"";"";"";"";"";"";"";"";"";"";""
"11/08/2022";"2200";"";"";"";"";"";"";"";"";"";"";"";"";"";"";"";"";""
"11/08/2022";"2300";"";"";"";"";"";"";"";"";"";"";"";"";"";"";"";"";""
"12/08/2022";"0000";"";"";"";"";"";"";"";"";"";"";"";"";"";"";"";"";""
"12/08/2022";"0100";"";"";"";"";"";"";"";"";"";"";"";"";"";"";"";"";""
"12/08/2022";"0200";"";"";"";"";"";"";"";"";"";"";"";"";"";"";"";"";""
"12/08/2022";"0300";"";"";"";"";"";"";"";"";"";"";"";"";"";"";"";"";""
"12/08/2022";"0400";"";"";"";"";"";"";"";"";"";"";"";"";"";"";"";"";""
"12/08/2022";"0500";"";"";"";"";"";"";"";"";"";"";"";"";"";"";"";"";""
"12/08/2022";"0600";"";"";"";"";"";"";"";"";"";"";"";"";"";"";"";"";""
"12/08/2022";"0700";"";"";"";"";"";"";"";"";"";"";"";"";"";"";"";"";""
"12/08/2022";"0800";"";"";"";"";"";"";"";"";"";"";"";"";"";"";"";"";""
"12/08/2022";"0900";"";"";"";"";"";"";"";"";"";"";"";"";"";"";"";"";""
"12/08/2022";"1000";"";"";"";"";"";"";"";"";"";"";"";"";"";"";"";"";""
"12/08/2022";"1100";"";"";"";"";"";"";"";"";"";"";"";"";"";"";"";"";""
"12/08/2022";"1200";"";"";"";"";"";"";"";"";"";"";"";"";"";"";"";"";""
"12/08/2022";"1300";"";"";"";"";"";"";"";"";"";"";"";"";"";"";"";"";""
"12/08/2022";"1400";"";"";"";"";"";"";"";"";"";"";"";"";"";"";"";"";""
"12/08/2022";"1500";"";"";"";"";"";"";"";"";"";"";"";"";"";"";"";"";""
"12/08/2022";"1600";"";"";"";"";"";"";"";"";"";"";"";"";"";"";"";"";""
"12/08/2022";"1700";"";"";"";"";"";"";"";"";"";"";"";"";"";"";"";"";""
"12/08/2022";"1800";"";"";"";"";"";"";"";"";"";"";"";"";"";"";"";"";""
"12/08/2022";"1900";"";"";"";"";"";"";"";"";"";"";"";"";"";"";"";"";""
"12/08/2022";"2000";"";"";"";"";"";"";"";"";"";"";"";"";"";"";"";"";""
"12/08/2022";"2100";"";"";"";"";"";"";"";"";"";"";"";"";"";"";"";"";""
"12/08/2022";"2200";"";"";"";"";"";"";"";"";"";"";"";"";"";"";"";"";""
"12/08/2022";"2300";"";"";"";"";"";"";"";"";"";"";"";"";"";"";"";"";""
"13/08/2022";"0000";"";"";"";"";"";"";"";"";"";"";"";"";"";"";"";"";""
"13/08/2022";"0100";"";"";"";"";"";"";"";"";"";"";"";"";"";"";"";"";""
"13/08/2022";"0200";"";"";"";"";"";"";"";"";"";"";"";"";"";"";"";"";""
"13/08/2022";"0300";"";"";"";"";"";"";"";"";"";"";"";"";"";"";"";"";""
"13/08/2022";"0400";"";"";"";"";"";"";"";"";"";"";"";"";"";"";"";"";""
"13/08/2022";"0500";"";"";"";"";"";"";"";"";"";"";"";"";"";"";"";"";""
"13/08/2022";"0600";"";"";"";"";"";"";"";"";"";"";"";"";"";"";"";"";""
"13/08/2022";"0700";"";"";"";"";"";"";"";"";"";"";"";"";"";"";"";"";""
"13/08/2022";"0800";"";"";"";"";"";"";"";"";"";"";"";"";"";"";"";"";""
"13/08/2022";"0900";"";"";"";"";"";"";"";"";"";"";"";"";"";"";"";"";""
"13/08/2022";"1000";"";"";"";"";"";"";"";"";"";"";"";"";"";"";"";"";""
"13/08/2022";"1100";"";"";"";"";"";"";"";"";"";"";"";"";"";"";"";"";""
"13/08/2022";"1200";"";"";"";"";"";"";"";"";"";"";"";"";"";"";"";"";""
"13/08/2022";"1300";"";"";"";"";"";"";"";"";"";"";"";"";"";"";"";"";""
"13/08/2022";"1400";"";"";"";"";"";"";"";"";"";"";"";"";"";"";"";"";""
"13/08/2022";"1500";"";"";"";"";"";"";"";"";"";"";"";"";"";"";"";"";""
"13/08/2022";"1600";"";"";"";"";"";"";"";"";"";"";"";"";"";"";"";"";""
"13/08/2022";"1700";"";"";"";"";"";"";"";"";"";"";"";"";"";"";"";"";""
"13/08/2022";"1800";"";"";"";"";"";"";"";"";"";"";"";"";"";"";"";"";""
"13/08/2022";"1900";"";"";"";"";"";"";"";"";"";"";"";"";"";"";"";"";""
"13/08/2022";"2000";"";"";"";"";"";"";"";"";"";"";"";"";"";"";"";"";""
"13/08/2022";"2100";"";"";"";"";"";"";"";"";"";"";"";"";"";"";"";"";""
"13/08/2022";"2200";"";"";"";"";"";"";"";"";"";"";"";"";"";"";"";"";""
"13/08/2022";"2300";"";"";"";"";"";"";"";"";"";"";"";"";"";"";"";"";""
"14/08/2022";"0000";"";"";"";"";"";"";"";"";"";"";"";"";"";"";"";"";""
"14/08/2022";"0100";"";"";"";"";"";"";"";"";"";"";"";"";"";"";"";"";""
"14/08/2022";"0200";"";"";"";"";"";"";"";"";"";"";"";"";"";"";"";"";""
"14/08/2022";"0300";"";"";"";"";"";"";"";"";"";"";"";"";"";"";"";"";""
"14/08/2022";"0400";"";"";"";"";"";"";"";"";"";"";"";"";"";"";"";"";""
"14/08/2022";"0500";"";"";"";"";"";"";"";"";"";"";"";"";"";"";"";"";""
"14/08/2022";"0600";"";"";"";"";"";"";"";"";"";"";"";"";"";"";"";"";""
"14/08/2022";"0700";"";"";"";"";"";"";"";"";"";"";"";"";"";"";"";"";""
"14/08/2022";"0800";"";"";"";"";"";"";"";"";"";"";"";"";"";"";"";"";""
"14/08/2022";"0900";"";"";"";"";"";"";"";"";"";"";"";"";"";"";"";"";""
"14/08/2022";"1000";"";"";"";"";"";"";"";"";"";"";"";"";"";"";"";"";""
"14/08/2022";"1100";"";"";"";"";"";"";"";"";"";"";"";"";"";"";"";"";""
"14/08/2022";"1200";"";"";"";"";"";"";"";"";"";"";"";"";"";"";"";"";""
"14/08/2022";"1300";"";"";"";"";"";"";"";"";"";"";"";"";"";"";"";"";""
"14/08/2022";"1400";"";"";"";"";"";"";"";"";"";"";"";"";"";"";"";"";""
"14/08/2022";"1500";"";"";"";"";"";"";"";"";"";"";"";"";"";"";"";"";""
"14/08/2022";"1600";"";"";"";"";"";"";"";"";"";"";"";"";"";"";"";"";""
"14/08/2022";"1700";"";"";"";"";"";"";"";"";"";"";"";"";"";"";"";"";""
"14/08/2022";"1800";"";"";"";"";"";"";"";"";"";"";"";"";"";"";"";"";""
"14/08/2022";"1900";"";"";"";"";"";"";"";"";"";"";"";"";"";"";"";"";""
"14/08/2022";"2000";"";"";"";"";"";"";"";"";"";"";"";"";"";"";"";"";""
"14/08/2022";"2100";"";"";"";"";"";"";"";"";"";"";"";"";"";"";"";"";""
"14/08/2022";"2200";"";"";"";"";"";"";"";"";"";"";"";"";"";"";"";"";""
"14/08/2022";"2300";"";"";"";"";"";"";"";"";"";"";"";"";"";"";"";"";""
"15/08/2022";"0000";"";"";"";"";"";"";"";"";"";"";"";"";"";"";"";"";""
"15/08/2022";"0100";"";"";"";"";"";"";"";"";"";"";"";"";"";"";"";"";""
"15/08/2022";"0200";"";"";"";"";"";"";"";"";"";"";"";"";"";"";"";"";""
"15/08/2022";"0300";"";"";"";"";"";"";"";"";"";"";"";"";"";"";"";"";""
"15/08/2022";"0400";"";"";"";"";"";"";"";"";"";"";"";"";"";"";"";"";""
"15/08/2022";"0500";"";"";"";"";"";"";"";"";"";"";"";"";"";"";"";"";""
"15/08/2022";"0600";"";"";"";"";"";"";"";"";"";"";"";"";"";"";"";"";""
"15/08/2022";"0700";"";"";"";"";"";"";"";"";"";"";"";"";"";"";"";"";""
"15/08/2022";"0800";"";"";"";"";"";"";"";"";"";"";"";"";"";"";"";"";""
"15/08/2022";"0900";"";"";"";"";"";"";"";"";"";"";"";"";"";"";"";"";""
"15/08/2022";"1000";"";"";"";"";"";"";"";"";"";"";"";"";"";"";"";"";""
"15/08/2022";"1100";"";"";"";"";"";"";"";"";"";"";"";"";"";"";"";"";""
"15/08/2022";"1200";"";"";"";"";"";"";"";"";"";"";"";"";"";"";"";"";""
"15/08/2022";"1300";"";"";"";"";"";"";"";"";"";"";"";"";"";"";"";"";""
"15/08/2022";"1400";"";"";"";"";"";"";"";"";"";"";"";"";"";"";"";"";""
"15/08/2022";"1500";"";"";"";"";"";"";"";"";"";"";"";"";"";"";"";"";""
"15/08/2022";"1600";"";"";"";"";"";"";"";"";"";"";"";"";"";"";"";"";""
"15/08/2022";"1700";"";"";"";"";"";"";"";"";"";"";"";"";"";"";"";"";""
"15/08/2022";"1800";"";"";"";"";"";"";"";"";"";"";"";"";"";"";"";"";""
"15/08/2022";"1900";"";"";"";"";"";"";"";"";"";"";"";"";"";"";"";"";""
"15/08/2022";"2000";"";"";"";"";"";"";"";"";"";"";"";"";"";"";"";"";""
"15/08/2022";"2100";"";"";"";"";"";"";"";"";"";"";"";"";"";"";"";"";""
"15/08/2022";"2200";"";"";"";"";"";"";"";"";"";"";"";"";"";"";"";"";""
"15/08/2022";"2300";"";"";"";"";"";"";"";"";"";"";"";"";"";"";"";"";""
"16/08/2022";"0000";"";"";"";"";"";"";"";"";"";"";"";"";"";"";"";"";""
"16/08/2022";"0100";"";"";"";"";"";"";"";"";"";"";"";"";"";"";"";"";""
"16/08/2022";"0200";"";"";"";"";"";"";"";"";"";"";"";"";"";"";"";"";""
"16/08/2022";"0300";"";"";"";"";"";"";"";"";"";"";"";"";"";"";"";"";""
"16/08/2022";"0400";"";"";"";"";"";"";"";"";"";"";"";"";"";"";"";"";""
"16/08/2022";"0500";"";"";"";"";"";"";"";"";"";"";"";"";"";"";"";"";""
"16/08/2022";"0600";"";"";"";"";"";"";"";"";"";"";"";"";"";"";"";"";""
"16/08/2022";"0700";"";"";"";"";"";"";"";"";"";"";"";"";"";"";"";"";""
"16/08/2022";"0800";"";"";"";"";"";"";"";"";"";"";"";"";"";"";"";"";""
"16/08/2022";"0900";"";"";"";"";"";"";"";"";"";"";"";"";"";"";"";"";""
"16/08/2022";"1000";"";"";"";"";"";"";"";"";"";"";"";"";"";"";"";"";""
"16/08/2022";"1100";"";"";"";"";"";"";"";"";"";"";"";"";"";"";"";"";""
"16/08/2022";"1200";"";"";"";"";"";"";"";"";"";"";"";"";"";"";"";"";""
"16/08/2022";"1300";"";"";"";"";"";"";"";"";"";"";"";"";"";"";"";"";""
"16/08/2022";"1400";"";"";"";"";"";"";"";"";"";"";"";"";"";"";"";"";""
"16/08/2022";"1500";"";"";"";"";"";"";"";"";"";"";"";"";"";"";"";"";""
"16/08/2022";"1600";"";"";"";"";"";"";"";"";"";"";"";"";"";"";"";"";""
"16/08/2022";"1700";"";"";"";"";"";"";"";"";"";"";"";"";"";"";"";"";""
"16/08/2022";"1800";"";"";"";"";"";"";"";"";"";"";"";"";"";"";"";"";""
"16/08/2022";"1900";"";"";"";"";"";"";"";"";"";"";"";"";"";"";"";"";""
"16/08/2022";"2000";"";"";"";"";"";"";"";"";"";"";"";"";"";"";"";"";""
"16/08/2022";"2100";"";"";"";"";"";"";"";"";"";"";"";"";"";"";"";"";""
"16/08/2022";"2200";"";"";"";"";"";"";"";"";"";"";"";"";"";"";"";"";""
"16/08/2022";"2300";"";"";"";"";"";"";"";"";"";"";"";"";"";"";"";"";""
"17/08/2022";"0000";"";"";"";"";"";"";"";"";"";"";"";"";"";"";"";"";""
"17/08/2022";"0100";"";"";"";"";"";"";"";"";"";"";"";"";"";"";"";"";""
"17/08/2022";"0200";"";"";"";"";"";"";"";"";"";"";"";"";"";"";"";"";""
"17/08/2022";"0300";"";"";"";"";"";"";"";"";"";"";"";"";"";"";"";"";""
"17/08/2022";"0400";"";"";"";"";"";"";"";"";"";"";"";"";"";"";"";"";""
"17/08/2022";"0500";"";"";"";"";"";"";"";"";"";"";"";"";"";"";"";"";""
"17/08/2022";"0600";"";"";"";"";"";"";"";"";"";"";"";"";"";"";"";"";""
"17/08/2022";"0700";"";"";"";"";"";"";"";"";"";"";"";"";"";"";"";"";""
"17/08/2022";"0800";"";"";"";"";"";"";"";"";"";"";"";"";"";"";"";"";""
"17/08/2022";"0900";"";"";"";"";"";"";"";"";"";"";"";"";"";"";"";"";""
"17/08/2022";"1000";"";"";"";"";"";"";"";"";"";"";"";"";"";"";"";"";""
"17/08/2022";"1100";"";"";"";"";"";"";"";"";"";"";"";"";"";"";"";"";""
"17/08/2022";"1200";"";"";"";"";"";"";"";"";"";"";"";"";"";"";"";"";""
"17/08/2022";"1300";"";"";"";"";"";"";"";"";"";"";"";"";"";"";"";"";""
"17/08/2022";"1400";"";"";"";"";"";"";"";"";"";"";"";"";"";"";"";"";""
"17/08/2022";"1500";"";"";"";"";"";"";"";"";"";"";"";"";"";"";"";"";""
"17/08/2022";"1600";"";"";"";"";"";"";"";"";"";"";"";"";"";"";"";"";""
"17/08/2022";"1700";"";"";"";"";"";"";"";"";"";"";"";"";"";"";"";"";""
"17/08/2022";"1800";"";"";"";"";"";"";"";"";"";"";"";"";"";"";"";"";""
"17/08/2022";"1900";"";"";"";"";"";"";"";"";"";"";"";"";"";"";"";"";""
"17/08/2022";"2000";"";"";"";"";"";"";"";"";"";"";"";"";"";"";"";"";""
"17/08/2022";"2100";"";"";"";"";"";"";"";"";"";"";"";"";"";"";"";"";""
"17/08/2022";"2200";"";"";"";"";"";"";"";"";"";"";"";"";"";"";"";"";""
"17/08/2022";"2300";"";"";"";"";"";"";"";"";"";"";"";"";"";"";"";"";""
"18/08/2022";"0000";"";"";"";"";"";"";"";"";"";"";"";"";"";"";"";"";""
"18/08/2022";"0100";"";"";"";"";"";"";"";"";"";"";"";"";"";"";"";"";""
"18/08/2022";"0200";"";"";"";"";"";"";"";"";"";"";"";"";"";"";"";"";""
"18/08/2022";"0300";"";"";"";"";"";"";"";"";"";"";"";"";"";"";"";"";""
"18/08/2022";"0400";"";"";"";"";"";"";"";"";"";"";"";"";"";"";"";"";""
"18/08/2022";"0500";"";"";"";"";"";"";"";"";"";"";"";"";"";"";"";"";""
"18/08/2022";"0600";"";"";"";"";"";"";"";"";"";"";"";"";"";"";"";"";""
"18/08/2022";"0700";"";"";"";"";"";"";"";"";"";"";"";"";"";"";"";"";""
"18/08/2022";"0800";"";"";"";"";"";"";"";"";"";"";"";"";"";"";"";"";""
"18/08/2022";"0900";"";"";"";"";"";"";"";"";"";"";"";"";"";"";"";"";""
"18/08/2022";"1000";"";"";"";"";"";"";"";"";"";"";"";"";"";"";"";"";""
"18/08/2022";"1100";"";"";"";"";"";"";"";"";"";"";"";"";"";"";"";"";""
"18/08/2022";"1200";"";"";"";"";"";"";"";"";"";"";"";"";"";"";"";"";""
"18/08/2022";"1300";"";"";"";"";"";"";"";"";"";"";"";"";"";"";"";"";""
"18/08/2022";"1400";"";"";"";"";"";"";"";"";"";"";"";"";"";"";"";"";""
"18/08/2022";"1500";"";"";"";"";"";"";"";"";"";"";"";"";"";"";"";"";""
"18/08/2022";"1600";"";"";"";"";"";"";"";"";"";"";"";"";"";"";"";"";""
"18/08/2022";"1700";"";"";"";"";"";"";"";"";"";"";"";"";"";"";"";"";""
"18/08/2022";"1800";"";"";"";"";"";"";"";"";"";"";"";"";"";"";"";"";""
"18/08/2022";"1900";"";"";"";"";"";"";"";"";"";"";"";"";"";"";"";"";""
"18/08/2022";"2000";"";"";"";"";"";"";"";"";"";"";"";"";"";"";"";"";""
"18/08/2022";"2100";"";"";"";"";"";"";"";"";"";"";"";"";"";"";"";"";""
"18/08/2022";"2200";"";"";"";"";"";"";"";"";"";"";"";"";"";"";"";"";""
"18/08/2022";"2300";"";"";"";"";"";"";"";"";"";"";"";"";"";"";"";"";""
"19/08/2022";"0000";"";"";"";"";"";"";"";"";"";"";"";"";"";"";"";"";""
"19/08/2022";"0100";"";"";"";"";"";"";"";"";"";"";"";"";"";"";"";"";""
"19/08/2022";"0200";"";"";"";"";"";"";"";"";"";"";"";"";"";"";"";"";""
"19/08/2022";"0300";"";"";"";"";"";"";"";"";"";"";"";"";"";"";"";"";""
"19/08/2022";"0400";"";"";"";"";"";"";"";"";"";"";"";"";"";"";"";"";""
"19/08/2022";"0500";"";"";"";"";"";"";"";"";"";"";"";"";"";"";"";"";""
"19/08/2022";"0600";"";"";"";"";"";"";"";"";"";"";"";"";"";"";"";"";""
"19/08/2022";"0700";"";"";"";"";"";"";"";"";"";"";"";"";"";"";"";"";""
"19/08/2022";"0800";"";"";"";"";"";"";"";"";"";"";"";"";"";"";"";"";""
"19/08/2022";"0900";"";"";"";"";"";"";"";"";"";"";"";"";"";"";"";"";""
"19/08/2022";"1000";"";"";"";"";"";"";"";"";"";"";"";"";"";"";"";"";""
"19/08/2022";"1100";"";"";"";"";"";"";"";"";"";"";"";"";"";"";"";"";""
"19/08/2022";"1200";"";"";"";"";"";"";"";"";"";"";"";"";"";"";"";"";""
"19/08/2022";"1300";"";"";"";"";"";"";"";"";"";"";"";"";"";"";"";"";""
"19/08/2022";"1400";"";"";"";"";"";"";"";"";"";"";"";"";"";"";"";"";""
"19/08/2022";"1500";"";"";"";"";"";"";"";"";"";"";"";"";"";"";"";"";""
"19/08/2022";"1600";"";"";"";"";"";"";"";"";"";"";"";"";"";"";"";"";""
"19/08/2022";"1700";"";"";"";"";"";"";"";"";"";"";"";"";"";"";"";"";""
"19/08/2022";"1800";"";"";"";"";"";"";"";"";"";"";"";"";"";"";"";"";""
"19/08/2022";"1900";"";"";"";"";"";"";"";"";"";"";"";"";"";"";"";"";""
"19/08/2022";"2000";"";"";"";"";"";"";"";"";"";"";"";"";"";"";"";"";""
"19/08/2022";"2100";"";"";"";"";"";"";"";"";"";"";"";"";"";"";"";"";""
"19/08/2022";"2200";"";"";"";"";"";"";"";"";"";"";"";"";"";"";"";"";""
"19/08/2022";"2300";"";"";"";"";"";"";"";"";"";"";"";"";"";"";"";"";""
"20/08/2022";"0000";"";"";"";"";"";"";"";"";"";"";"";"";"";"";"";"";""
"20/08/2022";"0100";"";"";"";"";"";"";"";"";"";"";"";"";"";"";"";"";""
"20/08/2022";"0200";"";"";"";"";"";"";"";"";"";"";"";"";"";"";"";"";""
"20/08/2022";"0300";"";"";"";"";"";"";"";"";"";"";"";"";"";"";"";"";""
"20/08/2022";"0400";"";"";"";"";"";"";"";"";"";"";"";"";"";"";"";"";""
"20/08/2022";"0500";"";"";"";"";"";"";"";"";"";"";"";"";"";"";"";"";""
"20/08/2022";"0600";"";"";"";"";"";"";"";"";"";"";"";"";"";"";"";"";""
"20/08/2022";"0700";"";"";"";"";"";"";"";"";"";"";"";"";"";"";"";"";""
"20/08/2022";"0800";"";"";"";"";"";"";"";"";"";"";"";"";"";"";"";"";""
"20/08/2022";"0900";"";"";"";"";"";"";"";"";"";"";"";"";"";"";"";"";""
"20/08/2022";"1000";"";"";"";"";"";"";"";"";"";"";"";"";"";"";"";"";""
"20/08/2022";"1100";"";"";"";"";"";"";"";"";"";"";"";"";"";"";"";"";""
"20/08/2022";"1200";"";"";"";"";"";"";"";"";"";"";"";"";"";"";"";"";""
"20/08/2022";"1300";"";"";"";"";"";"";"";"";"";"";"";"";"";"";"";"";""
"20/08/2022";"1400";"";"";"";"";"";"";"";"";"";"";"";"";"";"";"";"";""
"20/08/2022";"1500";"";"";"";"";"";"";"";"";"";"";"";"";"";"";"";"";""
"20/08/2022";"1600";"";"";"";"";"";"";"";"";"";"";"";"";"";"";"";"";""
"20/08/2022";"1700";"";"";"";"";"";"";"";"";"";"";"";"";"";"";"";"";""
"20/08/2022";"1800";"";"";"";"";"";"";"";"";"";"";"";"";"";"";"";"";""
"20/08/2022";"1900";"";"";"";"";"";"";"";"";"";"";"";"";"";"";"";"";""
"20/08/2022";"2000";"";"";"";"";"";"";"";"";"";"";"";"";"";"";"";"";""
"20/08/2022";"2100";"";"";"";"";"";"";"";"";"";"";"";"";"";"";"";"";""
"20/08/2022";"2200";"";"";"";"";"";"";"";"";"";"";"";"";"";"";"";"";""
"20/08/2022";"2300";"";"";"";"";"";"";"";"";"";"";"";"";"";"";"";"";""
"21/08/2022";"0000";"";"";"";"";"";"";"";"";"";"";"";"";"";"";"";"";""
"21/08/2022";"0100";"";"";"";"";"";"";"";"";"";"";"";"";"";"";"";"";""
"21/08/2022";"0200";"";"";"";"";"";"";"";"";"";"";"";"";"";"";"";"";""
"21/08/2022";"0300";"";"";"";"";"";"";"";"";"";"";"";"";"";"";"";"";""
"21/08/2022";"0400";"";"";"";"";"";"";"";"";"";"";"";"";"";"";"";"";""
"21/08/2022";"0500";"";"";"";"";"";"";"";"";"";"";"";"";"";"";"";"";""
"21/08/2022";"0600";"";"";"";"";"";"";"";"";"";"";"";"";"";"";"";"";""
"21/08/2022";"0700";"";"";"";"";"";"";"";"";"";"";"";"";"";"";"";"";""
"21/08/2022";"0800";"";"";"";"";"";"";"";"";"";"";"";"";"";"";"";"";""
"21/08/2022";"0900";"";"";"";"";"";"";"";"";"";"";"";"";"";"";"";"";""
"21/08/2022";"1000";"";"";"";"";"";"";"";"";"";"";"";"";"";"";"";"";""
"21/08/2022";"1100";"";"";"";"";"";"";"";"";"";"";"";"";"";"";"";"";""
"21/08/2022";"1200";"";"";"";"";"";"";"";"";"";"";"";"";"";"";"";"";""
"21/08/2022";"1300";"";"";"";"";"";"";"";"";"";"";"";"";"";"";"";"";""
"21/08/2022";"1400";"";"";"";"";"";"";"";"";"";"";"";"";"";"";"";"";""
"21/08/2022";"1500";"";"";"";"";"";"";"";"";"";"";"";"";"";"";"";"";""
"21/08/2022";"1600";"";"";"";"";"";"";"";"";"";"";"";"";"";"";"";"";""
"21/08/2022";"1700";"";"";"";"";"";"";"";"";"";"";"";"";"";"";"";"";""
"21/08/2022";"1800";"";"";"";"";"";"";"";"";"";"";"";"";"";"";"";"";""
"21/08/2022";"1900";"";"";"";"";"";"";"";"";"";"";"";"";"";"";"";"";""
"21/08/2022";"2000";"";"";"";"";"";"";"";"";"";"";"";"";"";"";"";"";""
"21/08/2022";"2100";"";"";"";"";"";"";"";"";"";"";"";"";"";"";"";"";""
"21/08/2022";"2200";"";"";"";"";"";"";"";"";"";"";"";"";"";"";"";"";""
"21/08/2022";"2300";"";"";"";"";"";"";"";"";"";"";"";"";"";"";"";"";""
"22/08/2022";"0000";"";"";"";"";"";"";"";"";"";"";"";"";"";"";"";"";""
"22/08/2022";"0100";"";"";"";"";"";"";"";"";"";"";"";"";"";"";"";"";""
"22/08/2022";"0200";"";"";"";"";"";"";"";"";"";"";"";"";"";"";"";"";""
"22/08/2022";"0300";"";"";"";"";"";"";"";"";"";"";"";"";"";"";"";"";""
"22/08/2022";"0400";"";"";"";"";"";"";"";"";"";"";"";"";"";"";"";"";""
"22/08/2022";"0500";"";"";"";"";"";"";"";"";"";"";"";"";"";"";"";"";""
"22/08/2022";"0600";"";"";"";"";"";"";"";"";"";"";"";"";"";"";"";"";""
"22/08/2022";"0700";"";"";"";"";"";"";"";"";"";"";"";"";"";"";"";"";""
"22/08/2022";"0800";"";"";"";"";"";"";"";"";"";"";"";"";"";"";"";"";""
"22/08/2022";"0900";"";"";"";"";"";"";"";"";"";"";"";"";"";"";"";"";""
"22/08/2022";"1000";"";"";"";"";"";"";"";"";"";"";"";"";"";"";"";"";""
"22/08/2022";"1100";"";"";"";"";"";"";"";"";"";"";"";"";"";"";"";"";""
"22/08/2022";"1200";"";"";"";"";"";"";"";"";"";"";"";"";"";"";"";"";""
"22/08/2022";"1300";"";"";"";"";"";"";"";"";"";"";"";"";"";"";"";"";""
"22/08/2022";"1400";"";"";"";"";"";"";"";"";"";"";"";"";"";"";"";"";""
"22/08/2022";"1500";"";"";"";"";"";"";"";"";"";"";"";"";"";"";"";"";""
"22/08/2022";"1600";"";"";"";"";"";"";"";"";"";"";"";"";"";"";"";"";""
"22/08/2022";"1700";"";"";"";"";"";"";"";"";"";"";"";"";"";"";"";"";""
"22/08/2022";"1800";"";"";"";"";"";"";"";"";"";"";"";"";"";"";"";"";""
"22/08/2022";"1900";"";"";"";"";"";"";"";"";"";"";"";"";"";"";"";"";""
"22/08/2022";"2000";"";"";"";"";"";"";"";"";"";"";"";"";"";"";"";"";""
"22/08/2022";"2100";"";"";"";"";"";"";"";"";"";"";"";"";"";"";"";"";""
"22/08/2022";"2200";"";"";"";"";"";"";"";"";"";"";"";"";"";"";"";"";""
"22/08/2022";"2300";"";"";"";"";"";"";"";"";"";"";"";"";"";"";"";"";""
"23/08/2022";"0000";"";"";"";"";"";"";"";"";"";"";"";"";"";"";"";"";""
"23/08/2022";"0100";"";"";"";"";"";"";"";"";"";"";"";"";"";"";"";"";""
"23/08/2022";"0200";"";"";"";"";"";"";"";"";"";"";"";"";"";"";"";"";""
"23/08/2022";"0300";"";"";"";"";"";"";"";"";"";"";"";"";"";"";"";"";""
"23/08/2022";"0400";"";"";"";"";"";"";"";"";"";"";"";"";"";"";"";"";""
"23/08/2022";"0500";"";"";"";"";"";"";"";"";"";"";"";"";"";"";"";"";""
"23/08/2022";"0600";"";"";"";"";"";"";"";"";"";"";"";"";"";"";"";"";""
"23/08/2022";"0700";"";"";"";"";"";"";"";"";"";"";"";"";"";"";"";"";""
"23/08/2022";"0800";"";"";"";"";"";"";"";"";"";"";"";"";"";"";"";"";""
"23/08/2022";"0900";"";"";"";"";"";"";"";"";"";"";"";"";"";"";"";"";""
"23/08/2022";"1000";"";"";"";"";"";"";"";"";"";"";"";"";"";"";"";"";""
"23/08/2022";"1100";"";"";"";"";"";"";"";"";"";"";"";"";"";"";"";"";""
"23/08/2022";"1200";"";"";"";"";"";"";"";"";"";"";"";"";"";"";"";"";""
"23/08/2022";"1300";"";"";"";"";"";"";"";"";"";"";"";"";"";"";"";"";""
"23/08/2022";"1400";"";"";"";"";"";"";"";"";"";"";"";"";"";"";"";"";""
"23/08/2022";"1500";"";"";"";"";"";"";"";"";"";"";"";"";"";"";"";"";""
"23/08/2022";"1600";"";"";"";"";"";"";"";"";"";"";"";"";"";"";"";"";""
"23/08/2022";"1700";"";"";"";"";"";"";"";"";"";"";"";"";"";"";"";"";""
"23/08/2022";"1800";"";"";"";"";"";"";"";"";"";"";"";"";"";"";"";"";""
"23/08/2022";"1900";"";"";"";"";"";"";"";"";"";"";"";"";"";"";"";"";""
"23/08/2022";"2000";"";"";"";"";"";"";"";"";"";"";"";"";"";"";"";"";""
"23/08/2022";"2100";"";"";"";"";"";"";"";"";"";"";"";"";"";"";"";"";""
"23/08/2022";"2200";"";"";"";"";"";"";"";"";"";"";"";"";"";"";"";"";""
"23/08/2022";"2300";"";"";"";"";"";"";"";"";"";"";"";"";"";"";"";"";""
"24/08/2022";"0000";"";"";"";"";"";"";"";"";"";"";"";"";"";"";"";"";""
"24/08/2022";"0100";"";"";"";"";"";"";"";"";"";"";"";"";"";"";"";"";""
"24/08/2022";"0200";"";"";"";"";"";"";"";"";"";"";"";"";"";"";"";"";""
"24/08/2022";"0300";"";"";"";"";"";"";"";"";"";"";"";"";"";"";"";"";""
"24/08/2022";"0400";"";"";"";"";"";"";"";"";"";"";"";"";"";"";"";"";""
"24/08/2022";"0500";"";"";"";"";"";"";"";"";"";"";"";"";"";"";"";"";""
"24/08/2022";"0600";"";"";"";"";"";"";"";"";"";"";"";"";"";"";"";"";""
"24/08/2022";"0700";"";"";"";"";"";"";"";"";"";"";"";"";"";"";"";"";""
"24/08/2022";"0800";"";"";"";"";"";"";"";"";"";"";"";"";"";"";"";"";""
"24/08/2022";"0900";"";"";"";"";"";"";"";"";"";"";"";"";"";"";"";"";""
"24/08/2022";"1000";"";"";"";"";"";"";"";"";"";"";"";"";"";"";"";"";""
"24/08/2022";"1100";"";"";"";"";"";"";"";"";"";"";"";"";"";"";"";"";""
"24/08/2022";"1200";"";"";"";"";"";"";"";"";"";"";"";"";"";"";"";"";""
"24/08/2022";"1300";"";"";"";"";"";"";"";"";"";"";"";"";"";"";"";"";""
"24/08/2022";"1400";"";"";"";"";"";"";"";"";"";"";"";"";"";"";"";"";""
"24/08/2022";"1500";"";"";"";"";"";"";"";"";"";"";"";"";"";"";"";"";""
"24/08/2022";"1600";"";"";"";"";"";"";"";"";"";"";"";"";"";"";"";"";""
"24/08/2022";"1700";"";"";"";"";"";"";"";"";"";"";"";"";"";"";"";"";""
"24/08/2022";"1800";"";"";"";"";"";"";"";"";"";"";"";"";"";"";"";"";""
"24/08/2022";"1900";"";"";"";"";"";"";"";"";"";"";"";"";"";"";"";"";""
"24/08/2022";"2000";"";"";"";"";"";"";"";"";"";"";"";"";"";"";"";"";""
"24/08/2022";"2100";"";"";"";"";"";"";"";"";"";"";"";"";"";"";"";"";""
"24/08/2022";"2200";"";"";"";"";"";"";"";"";"";"";"";"";"";"";"";"";""
"24/08/2022";"2300";"";"";"";"";"";"";"";"";"";"";"";"";"";"";"";"";""
"25/08/2022";"0000";"";"";"";"";"";"";"";"";"";"";"";"";"";"";"";"";""
"25/08/2022";"0100";"";"";"";"";"";"";"";"";"";"";"";"";"";"";"";"";""
"25/08/2022";"0200";"";"";"";"";"";"";"";"";"";"";"";"";"";"";"";"";""
"25/08/2022";"0300";"";"";"";"";"";"";"";"";"";"";"";"";"";"";"";"";""
"25/08/2022";"0400";"";"";"";"";"";"";"";"";"";"";"";"";"";"";"";"";""
"25/08/2022";"0500";"";"";"";"";"";"";"";"";"";"";"";"";"";"";"";"";""
"25/08/2022";"0600";"";"";"";"";"";"";"";"";"";"";"";"";"";"";"";"";""
"25/08/2022";"0700";"";"";"";"";"";"";"";"";"";"";"";"";"";"";"";"";""
"25/08/2022";"0800";"";"";"";"";"";"";"";"";"";"";"";"";"";"";"";"";""
"25/08/2022";"0900";"";"";"";"";"";"";"";"";"";"";"";"";"";"";"";"";""
"25/08/2022";"1000";"";"";"";"";"";"";"";"";"";"";"";"";"";"";"";"";""
"25/08/2022";"1100";"";"";"";"";"";"";"";"";"";"";"";"";"";"";"";"";""
"25/08/2022";"1200";"";"";"";"";"";"";"";"";"";"";"";"";"";"";"";"";""
"25/08/2022";"1300";"";"";"";"";"";"";"";"";"";"";"";"";"";"";"";"";""
"25/08/2022";"1400";"";"";"";"";"";"";"";"";"";"";"";"";"";"";"";"";""
"25/08/2022";"1500";"";"";"";"";"";"";"";"";"";"";"";"";"";"";"";"";""
"25/08/2022";"1600";"";"";"";"";"";"";"";"";"";"";"";"";"";"";"";"";""
"25/08/2022";"1700";"";"";"";"";"";"";"";"";"";"";"";"";"";"";"";"";""
"25/08/2022";"1800";"";"";"";"";"";"";"";"";"";"";"";"";"";"";"";"";""
"25/08/2022";"1900";"";"";"";"";"";"";"";"";"";"";"";"";"";"";"";"";""
"25/08/2022";"2000";"";"";"";"";"";"";"";"";"";"";"";"";"";"";"";"";""
"25/08/2022";"2100";"";"";"";"";"";"";"";"";"";"";"";"";"";"";"";"";""
"25/08/2022";"2200";"";"";"";"";"";"";"";"";"";"";"";"";"";"";"";"";""
"25/08/2022";"2300";"";"";"";"";"";"";"";"";"";"";"";"";"";"";"";"";""
"26/08/2022";"0000";"";"";"";"";"";"";"";"";"";"";"";"";"";"";"";"";""
"26/08/2022";"0100";"";"";"";"";"";"";"";"";"";"";"";"";"";"";"";"";""
"26/08/2022";"0200";"";"";"";"";"";"";"";"";"";"";"";"";"";"";"";"";""
"26/08/2022";"0300";"";"";"";"";"";"";"";"";"";"";"";"";"";"";"";"";""
"26/08/2022";"0400";"";"";"";"";"";"";"";"";"";"";"";"";"";"";"";"";""
"26/08/2022";"0500";"";"";"";"";"";"";"";"";"";"";"";"";"";"";"";"";""
"26/08/2022";"0600";"";"";"";"";"";"";"";"";"";"";"";"";"";"";"";"";""
"26/08/2022";"0700";"";"";"";"";"";"";"";"";"";"";"";"";"";"";"";"";""
"26/08/2022";"0800";"";"";"";"";"";"";"";"";"";"";"";"";"";"";"";"";""
"26/08/2022";"0900";"";"";"";"";"";"";"";"";"";"";"";"";"";"";"";"";""
"26/08/2022";"1000";"";"";"";"";"";"";"";"";"";"";"";"";"";"";"";"";""
"26/08/2022";"1100";"";"";"";"";"";"";"";"";"";"";"";"";"";"";"";"";""
"26/08/2022";"1200";"";"";"";"";"";"";"";"";"";"";"";"";"";"";"";"";""
"26/08/2022";"1300";"";"";"";"";"";"";"";"";"";"";"";"";"";"";"";"";""
"26/08/2022";"1400";"";"";"";"";"";"";"";"";"";"";"";"";"";"";"";"";""
"26/08/2022";"1500";"";"";"";"";"";"";"";"";"";"";"";"";"";"";"";"";""
"26/08/2022";"1600";"";"";"";"";"";"";"";"";"";"";"";"";"";"";"";"";""
"26/08/2022";"1700";"";"";"";"";"";"";"";"";"";"";"";"";"";"";"";"";""
"26/08/2022";"1800";"";"";"";"";"";"";"";"";"";"";"";"";"";"";"";"";""
"26/08/2022";"1900";"";"";"";"";"";"";"";"";"";"";"";"";"";"";"";"";""
"26/08/2022";"2000";"";"";"";"";"";"";"";"";"";"";"";"";"";"";"";"";""
"26/08/2022";"2100";"";"";"";"";"";"";"";"";"";"";"";"";"";"";"";"";""
"26/08/2022";"2200";"";"";"";"";"";"";"";"";"";"";"";"";"";"";"";"";""
"26/08/2022";"2300";"";"";"";"";"";"";"";"";"";"";"";"";"";"";"";"";""
"27/08/2022";"0000";"";"";"";"";"";"";"";"";"";"";"";"";"";"";"";"";""
"27/08/2022";"0100";"";"";"";"";"";"";"";"";"";"";"";"";"";"";"";"";""
"27/08/2022";"0200";"";"";"";"";"";"";"";"";"";"";"";"";"";"";"";"";""
"27/08/2022";"0300";"";"";"";"";"";"";"";"";"";"";"";"";"";"";"";"";""
"27/08/2022";"0400";"";"";"";"";"";"";"";"";"";"";"";"";"";"";"";"";""
"27/08/2022";"0500";"";"";"";"";"";"";"";"";"";"";"";"";"";"";"";"";""
"27/08/2022";"0600";"";"";"";"";"";"";"";"";"";"";"";"";"";"";"";"";""
"27/08/2022";"0700";"";"";"";"";"";"";"";"";"";"";"";"";"";"";"";"";""
"27/08/2022";"0800";"";"";"";"";"";"";"";"";"";"";"";"";"";"";"";"";""
"27/08/2022";"0900";"";"";"";"";"";"";"";"";"";"";"";"";"";"";"";"";""
"27/08/2022";"1000";"";"";"";"";"";"";"";"";"";"";"";"";"";"";"";"";""
"27/08/2022";"1100";"";"";"";"";"";"";"";"";"";"";"";"";"";"";"";"";""
"27/08/2022";"1200";"";"";"";"";"";"";"";"";"";"";"";"";"";"";"";"";""
"27/08/2022";"1300";"";"";"";"";"";"";"";"";"";"";"";"";"";"";"";"";""
"27/08/2022";"1400";"";"";"";"";"";"";"";"";"";"";"";"";"";"";"";"";""
"27/08/2022";"1500";"";"";"";"";"";"";"";"";"";"";"";"";"";"";"";"";""
"27/08/2022";"1600";"";"";"";"";"";"";"";"";"";"";"";"";"";"";"";"";""
"27/08/2022";"1700";"";"";"";"";"";"";"";"";"";"";"";"";"";"";"";"";""
"27/08/2022";"1800";"";"";"";"";"";"";"";"";"";"";"";"";"";"";"";"";""
"27/08/2022";"1900";"";"";"";"";"";"";"";"";"";"";"";"";"";"";"";"";""
"27/08/2022";"2000";"";"";"";"";"";"";"";"";"";"";"";"";"";"";"";"";""
"27/08/2022";"2100";"";"";"";"";"";"";"";"";"";"";"";"";"";"";"";"";""
"27/08/2022";"2200";"";"";"";"";"";"";"";"";"";"";"";"";"";"";"";"";""
"27/08/2022";"2300";"";"";"";"";"";"";"";"";"";"";"";"";"";"";"";"";""
"28/08/2022";"0000";"";"";"";"";"";"";"";"";"";"";"";"";"";"";"";"";""
"28/08/2022";"0100";"";"";"";"";"";"";"";"";"";"";"";"";"";"";"";"";""
"28/08/2022";"0200";"";"";"";"";"";"";"";"";"";"";"";"";"";"";"";"";""
"28/08/2022";"0300";"";"";"";"";"";"";"";"";"";"";"";"";"";"";"";"";""
"28/08/2022";"0400";"";"";"";"";"";"";"";"";"";"";"";"";"";"";"";"";""
"28/08/2022";"0500";"";"";"";"";"";"";"";"";"";"";"";"";"";"";"";"";""
"28/08/2022";"0600";"";"";"";"";"";"";"";"";"";"";"";"";"";"";"";"";""
"28/08/2022";"0700";"";"";"";"";"";"";"";"";"";"";"";"";"";"";"";"";""
"28/08/2022";"0800";"";"";"";"";"";"";"";"";"";"";"";"";"";"";"";"";""
"28/08/2022";"0900";"";"";"";"";"";"";"";"";"";"";"";"";"";"";"";"";""
"28/08/2022";"1000";"";"";"";"";"";"";"";"";"";"";"";"";"";"";"";"";""
"28/08/2022";"1100";"";"";"";"";"";"";"";"";"";"";"";"";"";"";"";"";""
"28/08/2022";"1200";"";"";"";"";"";"";"";"";"";"";"";"";"";"";"";"";""
"28/08/2022";"1300";"";"";"";"";"";"";"";"";"";"";"";"";"";"";"";"";""
"28/08/2022";"1400";"";"";"";"";"";"";"";"";"";"";"";"";"";"";"";"";""
"28/08/2022";"1500";"";"";"";"";"";"";"";"";"";"";"";"";"";"";"";"";""
"28/08/2022";"1600";"";"";"";"";"";"";"";"";"";"";"";"";"";"";"";"";""
"28/08/2022";"1700";"";"";"";"";"";"";"";"";"";"";"";"";"";"";"";"";""
"28/08/2022";"1800";"";"";"";"";"";"";"";"";"";"";"";"";"";"";"";"";""
"28/08/2022";"1900";"";"";"";"";"";"";"";"";"";"";"";"";"";"";"";"";""
"28/08/2022";"2000";"";"";"";"";"";"";"";"";"";"";"";"";"";"";"";"";""
"28/08/2022";"2100";"";"";"";"";"";"";"";"";"";"";"";"";"";"";"";"";""
"28/08/2022";"2200";"";"";"";"";"";"";"";"";"";"";"";"";"";"";"";"";""
"28/08/2022";"2300";"";"";"";"";"";"";"";"";"";"";"";"";"";"";"";"";""
"29/08/2022";"0000";"";"";"";"";"";"";"";"";"";"";"";"";"";"";"";"";""
"29/08/2022";"0100";"";"";"";"";"";"";"";"";"";"";"";"";"";"";"";"";""
"29/08/2022";"0200";"";"";"";"";"";"";"";"";"";"";"";"";"";"";"";"";""
"29/08/2022";"0300";"";"";"";"";"";"";"";"";"";"";"";"";"";"";"";"";""
"29/08/2022";"0400";"";"";"";"";"";"";"";"";"";"";"";"";"";"";"";"";""
"29/08/2022";"0500";"";"";"";"";"";"";"";"";"";"";"";"";"";"";"";"";""
"29/08/2022";"0600";"";"";"";"";"";"";"";"";"";"";"";"";"";"";"";"";""
"29/08/2022";"0700";"";"";"";"";"";"";"";"";"";"";"";"";"";"";"";"";""
"29/08/2022";"0800";"";"";"";"";"";"";"";"";"";"";"";"";"";"";"";"";""
"29/08/2022";"0900";"";"";"";"";"";"";"";"";"";"";"";"";"";"";"";"";""
"29/08/2022";"1000";"";"";"";"";"";"";"";"";"";"";"";"";"";"";"";"";""
"29/08/2022";"1100";"";"";"";"";"";"";"";"";"";"";"";"";"";"";"";"";""
"29/08/2022";"1200";"";"";"";"";"";"";"";"";"";"";"";"";"";"";"";"";""
"29/08/2022";"1300";"";"";"";"";"";"";"";"";"";"";"";"";"";"";"";"";""
"29/08/2022";"1400";"";"";"";"";"";"";"";"";"";"";"";"";"";"";"";"";""
"29/08/2022";"1500";"";"";"";"";"";"";"";"";"";"";"";"";"";"";"";"";""
"29/08/2022";"1600";"";"";"";"";"";"";"";"";"";"";"";"";"";"";"";"";""
"29/08/2022";"1700";"";"";"";"";"";"";"";"";"";"";"";"";"";"";"";"";""
"29/08/2022";"1800";"";"";"";"";"";"";"";"";"";"";"";"";"";"";"";"";""
"29/08/2022";"1900";"";"";"";"";"";"";"";"";"";"";"";"";"";"";"";"";""
"29/08/2022";"2000";"";"";"";"";"";"";"";"";"";"";"";"";"";"";"";"";""
"29/08/2022";"2100";"";"";"";"";"";"";"";"";"";"";"";"";"";"";"";"";""
"29/08/2022";"2200";"";"";"";"";"";"";"";"";"";"";"";"";"";"";"";"";""
"29/08/2022";"2300";"";"";"";"";"";"";"";"";"";"";"";"";"";"";"";"";""
"30/08/2022";"0000";"";"";"";"";"";"";"";"";"";"";"";"";"";"";"";"";""
"30/08/2022";"0100";"";"";"";"";"";"";"";"";"";"";"";"";"";"";"";"";""
"30/08/2022";"0200";"";"";"";"";"";"";"";"";"";"";"";"";"";"";"";"";""
"30/08/2022";"0300";"";"";"";"";"";"";"";"";"";"";"";"";"";"";"";"";""
"30/08/2022";"0400";"";"";"";"";"";"";"";"";"";"";"";"";"";"";"";"";""
"30/08/2022";"0500";"";"";"";"";"";"";"";"";"";"";"";"";"";"";"";"";""
"30/08/2022";"0600";"";"";"";"";"";"";"";"";"";"";"";"";"";"";"";"";""
"30/08/2022";"0700";"";"";"";"";"";"";"";"";"";"";"";"";"";"";"";"";""
"30/08/2022";"0800";"";"";"";"";"";"";"";"";"";"";"";"";"";"";"";"";""
"30/08/2022";"0900";"";"";"";"";"";"";"";"";"";"";"";"";"";"";"";"";""
"30/08/2022";"1000";"";"";"";"";"";"";"";"";"";"";"";"";"";"";"";"";""
"30/08/2022";"1100";"";"";"";"";"";"";"";"";"";"";"";"";"";"";"";"";""
"30/08/2022";"1200";"";"";"";"";"";"";"";"";"";"";"";"";"";"";"";"";""
"30/08/2022";"1300";"";"";"";"";"";"";"";"";"";"";"";"";"";"";"";"";""
"30/08/2022";"1400";"";"";"";"";"";"";"";"";"";"";"";"";"";"";"";"";""
"30/08/2022";"1500";"";"";"";"";"";"";"";"";"";"";"";"";"";"";"";"";""
"30/08/2022";"1600";"";"";"";"";"";"";"";"";"";"";"";"";"";"";"";"";""
"30/08/2022";"1700";"";"";"";"";"";"";"";"";"";"";"";"";"";"";"";"";""
"30/08/2022";"1800";"";"";"";"";"";"";"";"";"";"";"";"";"";"";"";"";""
"30/08/2022";"1900";"";"";"";"";"";"";"";"";"";"";"";"";"";"";"";"";""
"30/08/2022";"2000";"";"";"";"";"";"";"";"";"";"";"";"";"";"";"";"";""
"30/08/2022";"2100";"";"";"";"";"";"";"";"";"";"";"";"";"";"";"";"";""
"30/08/2022";"2200";"";"";"";"";"";"";"";"";"";"";"";"";"";"";"";"";""
"30/08/2022";"2300";"";"";"";"";"";"";"";"";"";"";"";"";"";"";"";"";""
"31/08/2022";"0000";"";"";"";"";"";"";"";"";"";"";"";"";"";"";"";"";""
"31/08/2022";"0100";"";"";"";"";"";"";"";"";"";"";"";"";"";"";"";"";""
"31/08/2022";"0200";"";"";"";"";"";"";"";"";"";"";"";"";"";"";"";"";""
"31/08/2022";"0300";"";"";"";"";"";"";"";"";"";"";"";"";"";"";"";"";""
"31/08/2022";"0400";"";"";"";"";"";"";"";"";"";"";"";"";"";"";"";"";""
"31/08/2022";"0500";"";"";"";"";"";"";"";"";"";"";"";"";"";"";"";"";""
"31/08/2022";"0600";"";"";"";"";"";"";"";"";"";"";"";"";"";"";"";"";""
"31/08/2022";"0700";"";"";"";"";"";"";"";"";"";"";"";"";"";"";"";"";""
"31/08/2022";"0800";"";"";"";"";"";"";"";"";"";"";"";"";"";"";"";"";""
"31/08/2022";"0900";"";"";"";"";"";"";"";"";"";"";"";"";"";"";"";"";""
"31/08/2022";"1000";"";"";"";"";"";"";"";"";"";"";"";"";"";"";"";"";""
"31/08/2022";"1100";"";"";"";"";"";"";"";"";"";"";"";"";"";"";"";"";""
"31/08/2022";"1200";"";"";"";"";"";"";"";"";"";"";"";"";"";"";"";"";""
"31/08/2022";"1300";"";"";"";"";"";"";"";"";"";"";"";"";"";"";"";"";""
"31/08/2022";"1400";"";"";"";"";"";"";"";"";"";"";"";"";"";"";"";"";""
"31/08/2022";"1500";"";"";"";"";"";"";"";"";"";"";"";"";"";"";"";"";""
"31/08/2022";"1600";"";"";"";"";"";"";"";"";"";"";"";"";"";"";"";"";""
"31/08/2022";"1700";"";"";"";"";"";"";"";"";"";"";"";"";"";"";"";"";""
"31/08/2022";"1800";"";"";"";"";"";"";"";"";"";"";"";"";"";"";"";"";""
"31/08/2022";"1900";"";"";"";"";"";"";"";"";"";"";"";"";"";"";"";"";""
"31/08/2022";"2000";"";"";"";"";"";"";"";"";"";"";"";"";"";"";"";"";""
"31/08/2022";"2100";"";"";"";"";"";"";"";"";"";"";"";"";"";"";"";"";""
"31/08/2022";"2200";"";"";"";"";"";"";"";"";"";"";"";"";"";"";"";"";""
"31/08/2022";"2300";"";"";"";"";"";"";"";"";"";"";"";"";"";"";"";"";""
"01/09/2022";"0000";"";"";"";"";"";"";"";"";"";"";"";"";"";"";"";"";""
"01/09/2022";"0100";"";"";"";"";"";"";"";"";"";"";"";"";"";"";"";"";""
"01/09/2022";"0200";"";"";"";"";"";"";"";"";"";"";"";"";"";"";"";"";""
"01/09/2022";"0300";"";"";"";"";"";"";"";"";"";"";"";"";"";"";"";"";""
"01/09/2022";"0400";"";"";"";"";"";"";"";"";"";"";"";"";"";"";"";"";""
"01/09/2022";"0500";"";"";"";"";"";"";"";"";"";"";"";"";"";"";"";"";""
"01/09/2022";"0600";"";"";"";"";"";"";"";"";"";"";"";"";"";"";"";"";""
"01/09/2022";"0700";"";"";"";"";"";"";"";"";"";"";"";"";"";"";"";"";""
"01/09/2022";"0800";"";"";"";"";"";"";"";"";"";"";"";"";"";"";"";"";""
"01/09/2022";"0900";"";"";"";"";"";"";"";"";"";"";"";"";"";"";"";"";""
"01/09/2022";"1000";"";"";"";"";"";"";"";"";"";"";"";"";"";"";"";"";""
"01/09/2022";"1100";"";"";"";"";"";"";"";"";"";"";"";"";"";"";"";"";""
"01/09/2022";"1200";"";"";"";"";"";"";"";"";"";"";"";"";"";"";"";"";""
"01/09/2022";"1300";"";"";"";"";"";"";"";"";"";"";"";"";"";"";"";"";""
"01/09/2022";"1400";"";"";"";"";"";"";"";"";"";"";"";"";"";"";"";"";""
"01/09/2022";"1500";"";"";"";"";"";"";"";"";"";"";"";"";"";"";"";"";""
"01/09/2022";"1600";"";"";"";"";"";"";"";"";"";"";"";"";"";"";"";"";""
"01/09/2022";"1700";"";"";"";"";"";"";"";"";"";"";"";"";"";"";"";"";""
"01/09/2022";"1800";"";"";"";"";"";"";"";"";"";"";"";"";"";"";"";"";""
"01/09/2022";"1900";"";"";"";"";"";"";"";"";"";"";"";"";"";"";"";"";""
"01/09/2022";"2000";"";"";"";"";"";"";"";"";"";"";"";"";"";"";"";"";""
"01/09/2022";"2100";"";"";"";"";"";"";"";"";"";"";"";"";"";"";"";"";""
"01/09/2022";"2200";"";"";"";"";"";"";"";"";"";"";"";"";"";"";"";"";""
"01/09/2022";"2300";"";"";"";"";"";"";"";"";"";"";"";"";"";"";"";"";""
"02/09/2022";"0000";"";"";"";"";"";"";"";"";"";"";"";"";"";"";"";"";""
"02/09/2022";"0100";"";"";"";"";"";"";"";"";"";"";"";"";"";"";"";"";""
"02/09/2022";"0200";"";"";"";"";"";"";"";"";"";"";"";"";"";"";"";"";""
"02/09/2022";"0300";"";"";"";"";"";"";"";"";"";"";"";"";"";"";"";"";""
"02/09/2022";"0400";"";"";"";"";"";"";"";"";"";"";"";"";"";"";"";"";""
"02/09/2022";"0500";"";"";"";"";"";"";"";"";"";"";"";"";"";"";"";"";""
"02/09/2022";"0600";"";"";"";"";"";"";"";"";"";"";"";"";"";"";"";"";""
"02/09/2022";"0700";"";"";"";"";"";"";"";"";"";"";"";"";"";"";"";"";""
"02/09/2022";"0800";"";"";"";"";"";"";"";"";"";"";"";"";"";"";"";"";""
"02/09/2022";"0900";"";"";"";"";"";"";"";"";"";"";"";"";"";"";"";"";""
"02/09/2022";"1000";"";"";"";"";"";"";"";"";"";"";"";"";"";"";"";"";""
"02/09/2022";"1100";"";"";"";"";"";"";"";"";"";"";"";"";"";"";"";"";""
"02/09/2022";"1200";"";"";"";"";"";"";"";"";"";"";"";"";"";"";"";"";""
"02/09/2022";"1300";"";"";"";"";"";"";"";"";"";"";"";"";"";"";"";"";""
"02/09/2022";"1400";"";"";"";"";"";"";"";"";"";"";"";"";"";"";"";"";""
"02/09/2022";"1500";"";"";"";"";"";"";"";"";"";"";"";"";"";"";"";"";""
"02/09/2022";"1600";"";"";"";"";"";"";"";"";"";"";"";"";"";"";"";"";""
"02/09/2022";"1700";"";"";"";"";"";"";"";"";"";"";"";"";"";"";"";"";""
"02/09/2022";"1800";"";"";"";"";"";"";"";"";"";"";"";"";"";"";"";"";""
"02/09/2022";"1900";"";"";"";"";"";"";"";"";"";"";"";"";"";"";"";"";""
"02/09/2022";"2000";"";"";"";"";"";"";"";"";"";"";"";"";"";"";"";"";""
"02/09/2022";"2100";"";"";"";"";"";"";"";"";"";"";"";"";"";"";"";"";""
"02/09/2022";"2200";"";"";"";"";"";"";"";"";"";"";"";"";"";"";"";"";""
"02/09/2022";"2300";"";"";"";"";"";"";"";"";"";"";"";"";"";"";"";"";""
"03/09/2022";"0000";"";"";"";"";"";"";"";"";"";"";"";"";"";"";"";"";""
"03/09/2022";"0100";"";"";"";"";"";"";"";"";"";"";"";"";"";"";"";"";""
"03/09/2022";"0200";"";"";"";"";"";"";"";"";"";"";"";"";"";"";"";"";""
"03/09/2022";"0300";"";"";"";"";"";"";"";"";"";"";"";"";"";"";"";"";""
"03/09/2022";"0400";"";"";"";"";"";"";"";"";"";"";"";"";"";"";"";"";""
"03/09/2022";"0500";"";"";"";"";"";"";"";"";"";"";"";"";"";"";"";"";""
"03/09/2022";"0600";"";"";"";"";"";"";"";"";"";"";"";"";"";"";"";"";""
"03/09/2022";"0700";"";"";"";"";"";"";"";"";"";"";"";"";"";"";"";"";""
"03/09/2022";"0800";"";"";"";"";"";"";"";"";"";"";"";"";"";"";"";"";""
"03/09/2022";"0900";"";"";"";"";"";"";"";"";"";"";"";"";"";"";"";"";""
"03/09/2022";"1000";"";"";"";"";"";"";"";"";"";"";"";"";"";"";"";"";""
"03/09/2022";"1100";"";"";"";"";"";"";"";"";"";"";"";"";"";"";"";"";""
"03/09/2022";"1200";"";"";"";"";"";"";"";"";"";"";"";"";"";"";"";"";""
"03/09/2022";"1300";"";"";"";"";"";"";"";"";"";"";"";"";"";"";"";"";""
"03/09/2022";"1400";"";"";"";"";"";"";"";"";"";"";"";"";"";"";"";"";""
"03/09/2022";"1500";"";"";"";"";"";"";"";"";"";"";"";"";"";"";"";"";""
"03/09/2022";"1600";"";"";"";"";"";"";"";"";"";"";"";"";"";"";"";"";""
"03/09/2022";"1700";"";"";"";"";"";"";"";"";"";"";"";"";"";"";"";"";""
"03/09/2022";"1800";"";"";"";"";"";"";"";"";"";"";"";"";"";"";"";"";""
"03/09/2022";"1900";"";"";"";"";"";"";"";"";"";"";"";"";"";"";"";"";""
"03/09/2022";"2000";"";"";"";"";"";"";"";"";"";"";"";"";"";"";"";"";""
"03/09/2022";"2100";"";"";"";"";"";"";"";"";"";"";"";"";"";"";"";"";""
"03/09/2022";"2200";"";"";"";"";"";"";"";"";"";"";"";"";"";"";"";"";""
"03/09/2022";"2300";"";"";"";"";"";"";"";"";"";"";"";"";"";"";"";"";""
"04/09/2022";"0000";"";"";"";"";"";"";"";"";"";"";"";"";"";"";"";"";""
"04/09/2022";"0100";"";"";"";"";"";"";"";"";"";"";"";"";"";"";"";"";""
"04/09/2022";"0200";"";"";"";"";"";"";"";"";"";"";"";"";"";"";"";"";""
"04/09/2022";"0300";"";"";"";"";"";"";"";"";"";"";"";"";"";"";"";"";""
"04/09/2022";"0400";"";"";"";"";"";"";"";"";"";"";"";"";"";"";"";"";""
"04/09/2022";"0500";"";"";"";"";"";"";"";"";"";"";"";"";"";"";"";"";""
"04/09/2022";"0600";"";"";"";"";"";"";"";"";"";"";"";"";"";"";"";"";""
"04/09/2022";"0700";"";"";"";"";"";"";"";"";"";"";"";"";"";"";"";"";""
"04/09/2022";"0800";"";"";"";"";"";"";"";"";"";"";"";"";"";"";"";"";""
"04/09/2022";"0900";"";"";"";"";"";"";"";"";"";"";"";"";"";"";"";"";""
"04/09/2022";"1000";"";"";"";"";"";"";"";"";"";"";"";"";"";"";"";"";""
"04/09/2022";"1100";"";"";"";"";"";"";"";"";"";"";"";"";"";"";"";"";""
"04/09/2022";"1200";"";"";"";"";"";"";"";"";"";"";"";"";"";"";"";"";""
"04/09/2022";"1300";"";"";"";"";"";"";"";"";"";"";"";"";"";"";"";"";""
"04/09/2022";"1400";"";"";"";"";"";"";"";"";"";"";"";"";"";"";"";"";""
"04/09/2022";"1500";"";"";"";"";"";"";"";"";"";"";"";"";"";"";"";"";""
"04/09/2022";"1600";"";"";"";"";"";"";"";"";"";"";"";"";"";"";"";"";""
"04/09/2022";"1700";"";"";"";"";"";"";"";"";"";"";"";"";"";"";"";"";""
"04/09/2022";"1800";"";"";"";"";"";"";"";"";"";"";"";"";"";"";"";"";""
"04/09/2022";"1900";"";"";"";"";"";"";"";"";"";"";"";"";"";"";"";"";""
"04/09/2022";"2000";"";"";"";"";"";"";"";"";"";"";"";"";"";"";"";"";""
"04/09/2022";"2100";"";"";"";"";"";"";"";"";"";"";"";"";"";"";"";"";""
"04/09/2022";"2200";"";"";"";"";"";"";"";"";"";"";"";"";"";"";"";"";""
"04/09/2022";"2300";"";"";"";"";"";"";"";"";"";"";"";"";"";"";"";"";""
"05/09/2022";"0000";"";"";"";"";"";"";"";"";"";"";"";"";"";"";"";"";""
"05/09/2022";"0100";"";"";"";"";"";"";"";"";"";"";"";"";"";"";"";"";""
"05/09/2022";"0200";"";"";"";"";"";"";"";"";"";"";"";"";"";"";"";"";""
"05/09/2022";"0300";"";"";"";"";"";"";"";"";"";"";"";"";"";"";"";"";""
"05/09/2022";"0400";"";"";"";"";"";"";"";"";"";"";"";"";"";"";"";"";""
"05/09/2022";"0500";"";"";"";"";"";"";"";"";"";"";"";"";"";"";"";"";""
"05/09/2022";"0600";"";"";"";"";"";"";"";"";"";"";"";"";"";"";"";"";""
"05/09/2022";"0700";"";"";"";"";"";"";"";"";"";"";"";"";"";"";"";"";""
"05/09/2022";"0800";"";"";"";"";"";"";"";"";"";"";"";"";"";"";"";"";""
"05/09/2022";"0900";"";"";"";"";"";"";"";"";"";"";"";"";"";"";"";"";""
"05/09/2022";"1000";"";"";"";"";"";"";"";"";"";"";"";"";"";"";"";"";""
"05/09/2022";"1100";"";"";"";"";"";"";"";"";"";"";"";"";"";"";"";"";""
"05/09/2022";"1200";"";"";"";"";"";"";"";"";"";"";"";"";"";"";"";"";""
"05/09/2022";"1300";"";"";"";"";"";"";"";"";"";"";"";"";"";"";"";"";""
"05/09/2022";"1400";"";"";"";"";"";"";"";"";"";"";"";"";"";"";"";"";""
"05/09/2022";"1500";"";"";"";"";"";"";"";"";"";"";"";"";"";"";"";"";""
"05/09/2022";"1600";"";"";"";"";"";"";"";"";"";"";"";"";"";"";"";"";""
"05/09/2022";"1700";"";"";"";"";"";"";"";"";"";"";"";"";"";"";"";"";""
"05/09/2022";"1800";"";"";"";"";"";"";"";"";"";"";"";"";"";"";"";"";""
"05/09/2022";"1900";"";"";"";"";"";"";"";"";"";"";"";"";"";"";"";"";""
"05/09/2022";"2000";"";"";"";"";"";"";"";"";"";"";"";"";"";"";"";"";""
"05/09/2022";"2100";"";"";"";"";"";"";"";"";"";"";"";"";"";"";"";"";""
"05/09/2022";"2200";"";"";"";"";"";"";"";"";"";"";"";"";"";"";"";"";""
"05/09/2022";"2300";"";"";"";"";"";"";"";"";"";"";"";"";"";"";"";"";""
"06/09/2022";"0000";"";"";"";"";"";"";"";"";"";"";"";"";"";"";"";"";""
"06/09/2022";"0100";"";"";"";"";"";"";"";"";"";"";"";"";"";"";"";"";""
"06/09/2022";"0200";"";"";"";"";"";"";"";"";"";"";"";"";"";"";"";"";""
"06/09/2022";"0300";"";"";"";"";"";"";"";"";"";"";"";"";"";"";"";"";""
"06/09/2022";"0400";"";"";"";"";"";"";"";"";"";"";"";"";"";"";"";"";""
"06/09/2022";"0500";"";"";"";"";"";"";"";"";"";"";"";"";"";"";"";"";""
"06/09/2022";"0600";"";"";"";"";"";"";"";"";"";"";"";"";"";"";"";"";""
"06/09/2022";"0700";"";"";"";"";"";"";"";"";"";"";"";"";"";"";"";"";""
"06/09/2022";"0800";"";"";"";"";"";"";"";"";"";"";"";"";"";"";"";"";""
"06/09/2022";"0900";"";"";"";"";"";"";"";"";"";"";"";"";"";"";"";"";""
"06/09/2022";"1000";"";"";"";"";"";"";"";"";"";"";"";"";"";"";"";"";""
"06/09/2022";"1100";"";"";"";"";"";"";"";"";"";"";"";"";"";"";"";"";""
"06/09/2022";"1200";"";"";"";"";"";"";"";"";"";"";"";"";"";"";"";"";""
"06/09/2022";"1300";"";"";"";"";"";"";"";"";"";"";"";"";"";"";"";"";""
"06/09/2022";"1400";"";"";"";"";"";"";"";"";"";"";"";"";"";"";"";"";""
"06/09/2022";"1500";"";"";"";"";"";"";"";"";"";"";"";"";"";"";"";"";""
"06/09/2022";"1600";"";"";"";"";"";"";"";"";"";"";"";"";"";"";"";"";""
"06/09/2022";"1700";"";"";"";"";"";"";"";"";"";"";"";"";"";"";"";"";""
"06/09/2022";"1800";"";"";"";"";"";"";"";"";"";"";"";"";"";"";"";"";""
"06/09/2022";"1900";"";"";"";"";"";"";"";"";"";"";"";"";"";"";"";"";""
"06/09/2022";"2000";"";"";"";"";"";"";"";"";"";"";"";"";"";"";"";"";""
"06/09/2022";"2100";"";"";"";"";"";"";"";"";"";"";"";"";"";"";"";"";""
"06/09/2022";"2200";"";"";"";"";"";"";"";"";"";"";"";"";"";"";"";"";""
"06/09/2022";"2300";"";"";"";"";"";"";"";"";"";"";"";"";"";"";"";"";""
"07/09/2022";"0000";"";"";"";"";"";"";"";"";"";"";"";"";"";"";"";"";""
"07/09/2022";"0100";"";"";"";"";"";"";"";"";"";"";"";"";"";"";"";"";""
"07/09/2022";"0200";"";"";"";"";"";"";"";"";"";"";"";"";"";"";"";"";""
"07/09/2022";"0300";"";"";"";"";"";"";"";"";"";"";"";"";"";"";"";"";""
"07/09/2022";"0400";"";"";"";"";"";"";"";"";"";"";"";"";"";"";"";"";""
"07/09/2022";"0500";"";"";"";"";"";"";"";"";"";"";"";"";"";"";"";"";""
"07/09/2022";"0600";"";"";"";"";"";"";"";"";"";"";"";"";"";"";"";"";""
"07/09/2022";"0700";"";"";"";"";"";"";"";"";"";"";"";"";"";"";"";"";""
"07/09/2022";"0800";"";"";"";"";"";"";"";"";"";"";"";"";"";"";"";"";""
"07/09/2022";"0900";"";"";"";"";"";"";"";"";"";"";"";"";"";"";"";"";""
"07/09/2022";"1000";"";"";"";"";"";"";"";"";"";"";"";"";"";"";"";"";""
"07/09/2022";"1100";"";"";"";"";"";"";"";"";"";"";"";"";"";"";"";"";""
"07/09/2022";"1200";"";"";"";"";"";"";"";"";"";"";"";"";"";"";"";"";""
"07/09/2022";"1300";"";"";"";"";"";"";"";"";"";"";"";"";"";"";"";"";""
"07/09/2022";"1400";"";"";"";"";"";"";"";"";"";"";"";"";"";"";"";"";""
"07/09/2022";"1500";"27,0";"27,9";"26,8";"51,0";"56,0";"50,0";"16,1";"17,9";"15,9";"1018,8";"1019,5";"1018,8";"2,0";"144,0";"4,9";"2687,40";"0,0"
"07/09/2022";"1600";"27,7";"28,2";"26,8";"51,0";"54,0";"49,0";"16,5";"17,4";"15,8";"1018,0";"1018,8";"1017,9";"1,8";"109,0";"6,6";"2705,30";"0,0"
"07/09/2022";"1700";"26,2";"27,8";"26,2";"56,0";"56,0";"49,0";"16,7";"17,8";"15,7";"1017,1";"1018,0";"1017,1";"1,4";"88,0";"6,2";"1992,40";"0,0"
"07/09/2022";"1800";"27,3";"27,6";"26,3";"54,0";"56,0";"51,0";"17,0";"17,7";"16,2";"1016,5";"1017,1";"1016,5";"1,0";"353,0";"5,1";"1940,50";"0,0"
"07/09/2022";"1900";"26,5";"27,8";"25,9";"53,0";"57,0";"51,0";"16,3";"17,4";"15,5";"1016,6";"1016,6";"1016,4";"1,3";"76,0";"6,2";"1234,10";"0,0"
"07/09/2022";"2000";"25,2";"26,9";"25,2";"56,0";"56,0";"51,0";"15,9";"16,8";"15,5";"1016,9";"1016,9";"1016,6";"1,3";"320,0";"3,9";"446,30";"0,0"
"07/09/2022";"2100";"24,5";"25,2";"24,5";"61,0";"61,0";"56,0";"16,4";"16,4";"15,8";"1017,4";"1017,4";"1016,9";"1,0";"304,0";"3,9";"17,10";"0,0"
"07/09/2022";"2200";"24,3";"24,8";"24,3";"63,0";"63,0";"60,0";"16,7";"16,8";"16,3";"1017,8";"1017,8";"1017,3";"0,9";"323,0";"3,2";"";"0,0"
"07/09/2022";"2300";"24,6";"24,8";"24,3";"63,0";"63,0";"62,0";"17,2";"17,3";"16,7";"1018,1";"1018,1";"1017,8";"1,4";"176,0";"3,7";"";"0,0"
"08/09/2022";"0000";"24,5";"24,8";"24,5";"64,0";"65,0";"63,0";"17,2";"17,6";"17,2";"1018,5";"1018,5";"1018,1";"1,2";"236,0";"4,1";"";"0,0"
"08/09/2022";"0100";"24,2";"24,5";"23,9";"64,0";"65,0";"63,0";"17,1";"17,2";"16,6";"1018,5";"1018,5";"1018,4";"0,9";"318,0";"3,4";"";"0,0"
"08/09/2022";"0200";"23,8";"24,4";"23,8";"66,0";"66,0";"64,0";"17,1";"17,5";"16,9";"1018,2";"1018,5";"1018,2";"0,9";"296,0";"4,7";"";"0,0"
"08/09/2022";"0300";"24,0";"24,2";"23,8";"65,0";"66,0";"65,0";"17,1";"17,4";"17,0";"1017,7";"1018,2";"1017,7";"0,9";"280,0";"3,0";"";"0,0"
"08/09/2022";"0400";"23,7";"24,3";"23,6";"67,0";"67,0";"63,0";"17,2";"17,6";"16,9";"1016,7";"1017,7";"1016,7";"1,0";"310,0";"3,2";"";"0,0"
"08/09/2022";"0500";"24,0";"24,2";"23,6";"68,0";"68,0";"65,0";"17,8";"17,8";"16,8";"1016,0";"1016,6";"1016,0";"0,9";"268,0";"3,0";"";"0,0"
"08/09/2022";"0600";"23,9";"24,1";"23,5";"69,0";"70,0";"67,0";"18,0";"18,0";"17,2";"1015,6";"1016,0";"1015,5";"1,8";"176,0";"4,2";"";"0,0"
"08/09/2022";"0700";"21,2";"23,9";"21,0";"86,0";"86,0";"69,0";"18,7";"18,8";"16,8";"1016,0";"1016,1";"1015,5";"1,6";"76,0";"5,7";"";"1,6"
"08/09/2022";"0800";"21,4";"21,5";"21,0";"";"100,0";"86,0";"";"21,5";"18,5";"1015,9";"1016,0";"1015,7";"0,4";"245,0";"4,2";"";"0,0"
"08/09/2022";"0900";"22,0";"22,7";"21,4";"";"";"";"";"";"";"1016,4";"1016,4";"1015,9";"4,0";"84,0";"7,8";"20,00";"0,0"
"08/09/2022";"1000";"23,3";"23,3";"21,6";"";"";"";"";"";"";"1016,8";"1016,8";"1016,4";"1,2";"176,0";"7,8";"553,20";"0,0"
"08/09/2022";"1100";"23,5";"25,2";"23,3";"98,0";"";"";"23,2";"";"";"1017,5";"1017,5";"1016,8";"1,7";"173,0";"6,0";"1001,80";"0,2"
"08/09/2022";"1200";"26,1";"26,4";"23,4";"80,0";"99,0";"79,0";"22,3";"24,3";"22,2";"1018,1";"1018,1";"1017,5";"1,8";"176,0";"6,0";"1835,90";"0,0"
"08/09/2022";"1300";"25,5";"26,7";"24,3";"76,0";"81,0";"75,0";"21,0";"22,8";"20,0";"1018,1";"1018,3";"1018,1";"1,5";"169,0";"4,8";"1943,20";"0,0"
"08/09/2022";"1400";"23,8";"26,8";"23,7";"78,0";"78,0";"72,0";"19,6";"21,5";"19,4";"1017,9";"1018,1";"1017,8";"4,1";"78,0";"7,7";"1947,20";"0,2"
"08/09/2022";"1500";"24,5";"24,6";"22,1";"";"100,0";"77,0";"";"23,0";"19,5";"1017,0";"1018,0";"1017,0";"0,9";"94,0";"7,0";"1219,20";"2,6"
"08/09/2022";"1600";"25,5";"26,8";"24,5";"77,0";"100,0";"77,0";"21,2";"24,9";"21,2";"1016,1";"1017,0";"1016,1";"1,8";"74,0";"5,1";"2785,60";"0,0"
"08/09/2022";"1700";"26,4";"27,6";"25,5";"68,0";"80,0";"67,0";"20,0";"22,8";"19,8";"1015,6";"1016,1";"1015,6";"1,5";"21,0";"5,7";"2242,00";"0,0"
"08/09/2022";"1800";"25,4";"26,9";"23,7";"72,0";"75,0";"66,0";"19,8";"21,0";"18,2";"1015,6";"1015,7";"1015,5";"1,5";"185,0";"7,1";"1512,20";"0,0"
"08/09/2022";"1900";"24,8";"26,1";"24,4";"75,0";"76,0";"70,0";"20,0";"20,7";"19,4";"1015,9";"1015,9";"1015,5";"1,1";"307,0";"5,6";"856,20";"0,0"
"08/09/2022";"2000";"23,8";"25,0";"23,7";"80,0";"80,0";"73,0";"20,2";"20,4";"19,6";"1016,2";"1016,2";"1015,8";"1,3";"37,0";"3,8";"308,80";"0,0"
"08/09/2022";"2100";"23,8";"23,8";"23,0";"87,0";"90,0";"80,0";"21,6";"21,8";"20,0";"1016,4";"1016,4";"1016,2";"1,2";"225,0";"6,3";"26,30";"0,0"
"08/09/2022";"2200";"21,4";"23,9";"21,4";"100,0";"100,0";"85,0";"21,4";"21,9";"21,0";"1017,3";"1017,3";"1016,3";"2,6";"177,0";"5,7";"";"0,4"
"08/09/2022";"2300";"22,9";"22,9";"21,4";"";"";"";"";"";"";"1017,4";"1017,5";"1017,3";"0,8";"291,0";"6,7";"";"0,0"
"09/09/2022";"0000";"23,2";"23,3";"22,6";"";"";"";"";"";"";"1017,9";"1017,9";"1017,4";"2,4";"77,0";"9,5";"";"0,0"
"09/09/2022";"0100";"23,8";"23,8";"23,2";"93,0";"100,0";"93,0";"22,6";"23,6";"22,6";"1018,0";"1018,0";"1017,9";"2,0";"71,0";"5,6";"";"0,0"
"09/09/2022";"0200";"23,3";"23,9";"22,3";"100,0";"100,0";"90,0";"23,3";"23,3";"21,1";"1017,7";"1018,3";"1017,7";"1,2";"348,0";"6,8";"";"0,2"
"09/09/2022";"0300";"23,9";"24,1";"23,3";"83,0";"100,0";"82,0";"20,8";"23,3";"20,8";"1016,9";"1017,7";"1016,9";"2,0";"79,0";"7,1";"";"0,0"
"09/09/2022";"0400";"23,9";"24,0";"23,8";"81,0";"83,0";"80,0";"20,3";"20,7";"20,2";"1016,1";"1016,9";"1016,1";"1,0";"279,0";"5,7";"";"0,0"
"09/09/2022";"0500";"23,8";"24,2";"23,5";"84,0";"84,0";"81,0";"20,9";"21,1";"20,4";"1015,4";"1016,1";"1015,4";"2,2";"61,0";"6,8";"";"0,0"
"09/09/2022";"0600";"24,1";"24,2";"23,8";"75,0";"84,0";"75,0";"19,3";"20,9";"19,3";"1015,4";"1015,5";"1015,3";"1,2";"322,0";"7,9";"";"0,0"
"09/09/2022";"0700";"22,4";"24,2";"22,4";"86,0";"86,0";"73,0";"19,9";"19,9";"18,9";"1015,3";"1015,4";"1015,2";"1,3";"196,0";"4,6";"";"0,2"
"09/09/2022";"0800";"23,8";"23,9";"22,3";"85,0";"94,0";"85,0";"21,2";"22,4";"19,9";"1015,7";"1015,7";"1015,3";"1,2";"250,0";"3,4";"";"0,0"
"09/09/2022";"0900";"24,1";"24,1";"23,7";"74,0";"85,0";"74,0";"19,1";"21,1";"19,1";"1016,4";"1016,4";"1015,7";"0,8";"237,0";"3,0";"22,20";"0,0"
"09/09/2022";"1000";"24,8";"24,8";"24,1";"70,0";"74,0";"70,0";"18,9";"19,3";"18,8";"1017,2";"1017,2";"1016,4";"0,9";"201,0";"3,1";"312,70";"0,0"
"09/09/2022";"1100";"25,3";"25,8";"24,3";"67,0";"72,0";"67,0";"18,7";"19,6";"18,6";"1017,8";"1017,8";"1017,1";"1,6";"171,0";"4,8";"892,20";"0,0"
"09/09/2022";"1200";"25,7";"25,8";"25,2";"65,0";"68,0";"63,0";"18,6";"19,1";"18,0";"1018,5";"1018,5";"1017,8";"2,0";"174,0";"7,4";"1026,00";"0,0"
"09/09/2022";"1300";"24,9";"25,8";"24,9";"64,0";"66,0";"64,0";"17,7";"18,9";"17,7";"1018,5";"1018,6";"1018,5";"2,2";"175,0";"5,7";"905,10";"0,0"
"09/09/2022";"1400";"26,3";"26,5";"24,5";"64,0";"70,0";"63,0";"18,8";"19,7";"17,8";"1017,7";"1018,5";"1017,7";"1,8";"195,0";"5,4";"1275,90";"0,0"
"09/09/2022";"1500";"26,5";"27,5";"26,1";"57,0";"64,0";"56,0";"17,2";"19,3";"17,2";"1017,4";"1017,7";"1017,3";"1,7";"191,0";"6,3";"1957,90";"0,0"
"09/09/2022";"1600";"26,5";"26,6";"25,9";"57,0";"61,0";"56,0";"17,2";"18,0";"16,8";"1016,8";"1017,4";"1016,8";"1,9";"166,0";"6,7";"1538,20";"0,0"
"09/09/2022";"1700";"26,2";"27,3";"25,9";"62,0";"62,0";"55,0";"18,3";"18,6";"16,7";"1016,3";"1016,8";"1016,3";"1,8";"167,0";"6,4";"1560,10";"0,0"
"09/09/2022";"1800";"25,7";"26,4";"25,7";"62,0";"64,0";"61,0";"17,9";"19,0";"17,9";"1016,1";"1016,3";"1016,1";"2,0";"163,0";"5,4";"856,90";"0,0"
"09/09/2022";"1900";"25,7";"26,0";"25,4";"61,0";"62,0";"60,0";"17,7";"17,9";"17,4";"1016,2";"1016,2";"1016,1";"1,9";"173,0";"6,2";"652,70";"0,0"
"09/09/2022";"2000";"23,8";"25,7";"23,8";"74,0";"74,0";"61,0";"18,8";"18,9";"17,2";"1016,7";"1016,7";"1016,2";"1,9";"61,0";"7,2";"256,80";"0,0"
"09/09/2022";"2100";"23,4";"23,8";"23,2";"78,0";"83,0";"74,0";"19,4";"20,4";"18,9";"1017,1";"1017,1";"1016,6";"0,9";"349,0";"8,1";"11,00";"0,0"
"09/09/2022";"2200";"23,6";"23,8";"23,4";"81,0";"81,0";"78,0";"20,1";"20,2";"19,3";"1017,8";"1017,8";"1017,1";"1,6";"63,0";"6,4";"";"0,0"
"09/09/2022";"2300";"23,9";"23,9";"23,4";"78,0";"82,0";"78,0";"19,8";"20,4";"19,8";"1018,5";"1018,5";"1017,8";"0,8";"157,0";"4,3";"";"0,0"
"10/09/2022";"0000";"24,2";"24,3";"23,9";"71,0";"78,0";"71,0";"18,7";"19,8";"18,7";"1018,9";"1018,9";"1018,5";"1,0";"103,0";"3,6";"";"0,0"
"10/09/2022";"0100";"23,1";"24,2";"23,1";"75,0";"75,0";"69,0";"18,6";"18,7";"18,2";"1019,3";"1019,3";"1018,9";"1,2";"316,0";"6,9";"";"0,0"
"10/09/2022";"0200";"21,9";"23,1";"21,9";"84,0";"84,0";"75,0";"19,1";"19,7";"18,6";"1019,4";"1019,5";"1019,3";"1,2";"44,0";"4,5";"";"0,0"
"10/09/2022";"0300";"21,8";"22,1";"21,6";"";"100,0";"84,0";"";"21,9";"19,3";"1018,6";"1019,4";"1018,6";"0,5";"258,0";"4,2";"";"0,0"
"10/09/2022";"0400";"21,9";"21,9";"21,5";"";"";"";"";"";"";"1017,7";"1018,6";"1017,7";"0,6";"288,0";"1,5";"";"0,2"
"10/09/2022";"0500";"22,3";"22,8";"21,8";"";"";"";"";"";"";"1017,2";"1017,7";"1017,2";"2,2";"185,0";"5,8";"";"0,0"
"10/09/2022";"0600";"21,2";"22,5";"21,2";"";"";"";"";"";"";"1017,0";"1017,2";"1017,0";"2,2";"173,0";"5,9";"";"1,0"
"10/09/2022";"0700";"21,1";"21,2";"20,8";"";"";"";"";"";"";"1016,9";"1017,0";"1016,8";"2,3";"177,0";"6,4";"";"1,2"
"10/09/2022";"0800";"21,5";"21,5";"21,0";"";"";"";"";"";"";"1016,9";"1017,0";"1016,9";"1,6";"191,0";"5,4";"";"0,0"
"10/09/2022";"0900";"22,0";"22,2";"21,5";"";"";"";"";"";"";"1017,7";"1017,7";"1016,9";"2,4";"69,0";"5,1";"12,70";"0,0"
"10/09/2022";"1000";"22,1";"22,3";"21,6";"";"";"";"";"";"";"1018,5";"1018,5";"1017,7";"1,5";"179,0";"5,1";"177,90";"0,0"
"10/09/2022";"1100";"21,9";"22,1";"21,2";"";"";"";"";"";"";"1018,8";"1019,0";"1018,5";"1,1";"206,0";"5,2";"522,30";"1,4"
"10/09/2022";"1200";"25,1";"25,3";"21,9";"";"";"";"";"";"";"1019,2";"1019,3";"1018,8";"0,8";"139,0";"2,7";"1150,30";"0,0"
"10/09/2022";"1300";"24,4";"26,4";"24,4";"";"";"";"";"";"";"1019,2";"1019,3";"1019,1";"2,0";"156,0";"5,6";"1883,40";"0,0"
"10/09/2022";"1400";"25,0";"25,0";"23,7";"";"";"";"";"";"";"1018,6";"1019,2";"1018,6";"1,5";"209,0";"5,6";"1222,90";"0,2"
"10/09/2022";"1500";"26,7";"27,5";"25,0";"86,0";"";"";"24,2";"";"";"1018,0";"1018,6";"1018,0";"1,4";"246,0";"4,6";"2286,30";"0,2"
"10/09/2022";"1600";"27,4";"27,9";"26,7";"74,0";"87,0";"74,0";"22,4";"24,7";"22,0";"1017,2";"1018,0";"1017,2";"1,1";"164,0";"5,0";"2291,90";"0,0"
"10/09/2022";"1700";"26,3";"27,5";"26,3";"70,0";"75,0";"70,0";"20,5";"22,6";"20,5";"1016,4";"1017,2";"1016,4";"1,8";"182,0";"4,7";"1861,50";"0,0"
"10/09/2022";"1800";"26,4";"26,7";"26,1";"71,0";"73,0";"69,0";"20,8";"21,4";"20,1";"1016,0";"1016,4";"1016,0";"1,0";"245,0";"4,7";"1147,10";"0,0"
"10/09/2022";"1900";"25,7";"26,7";"25,7";"73,0";"73,0";"69,0";"20,5";"21,1";"20,0";"1016,1";"1016,1";"1016,0";"1,0";"291,0";"3,6";"634,10";"0,0"
"10/09/2022";"2000";"25,2";"25,8";"25,0";"74,0";"76,0";"73,0";"20,2";"20,7";"19,9";"1016,4";"1016,4";"1016,1";"0,8";"212,0";"5,0";"193,40";"0,0"
"10/09/2022";"2100";"24,2";"25,2";"24,2";"78,0";"78,0";"74,0";"20,1";"20,4";"20,0";"1016,7";"1016,7";"1016,4";"1,0";"295,0";"2,7";"14,30";"0,0"
"10/09/2022";"2200";"24,2";"24,5";"24,1";"81,0";"81,0";"78,0";"20,7";"20,9";"20,2";"1017,1";"1017,1";"1016,7";"0,7";"4,0";"2,7";"";"0,0"
"10/09/2022";"2300";"24,4";"24,5";"23,8";"83,0";"83,0";"78,0";"21,4";"21,4";"20,0";"1017,6";"1017,6";"1017,1";"1,6";"71,0";"4,1";"";"0,0"
"11/09/2022";"0000";"24,4";"24,7";"24,4";"82,0";"84,0";"80,0";"21,1";"21,5";"20,9";"1017,9";"1018,1";"1017,6";"2,1";"74,0";"4,5";"";"0,0"
"11/09/2022";"0100";"24,3";"24,5";"24,1";"82,0";"83,0";"80,0";"21,1";"21,1";"20,7";"1018,0";"1018,1";"1017,8";"1,9";"69,0";"4,7";"";"0,0"
"11/09/2022";"0200";"23,9";"24,5";"23,9";"87,0";"87,0";"82,0";"21,7";"21,9";"21,1";"1017,9";"1018,1";"1017,9";"2,0";"48,0";"5,6";"";"0,0"
"11/09/2022";"0300";"22,5";"23,9";"22,3";"";"";"";"";"";"";"1017,2";"1017,9";"1017,2";"1,0";"220,0";"4,2";"";"0,0"
"11/09/2022";"0400";"22,0";"22,5";"21,9";"";"";"";"";"";"";"1016,5";"1017,2";"1016,5";"0,6";"239,0";"1,7";"";"0,0"
"11/09/2022";"0500";"22,0";"22,1";"21,7";"";"";"";"";"";"";"1016,0";"1016,5";"1016,0";"0,9";"234,0";"1,9";"";"0,0"
"11/09/2022";"0600";"21,9";"22,1";"21,9";"";"";"";"";"";"";"1015,6";"1016,1";"1015,6";"0,9";"321,0";"2,8";"";"0,0"
"11/09/2022";"0700";"21,7";"22,0";"21,7";"";"";"";"";"";"";"1015,4";"1015,6";"1015,4";"0,6";"221,0";"1,9";"";"0,0"
"11/09/2022";"0800";"21,5";"21,7";"21,2";"";"";"";"";"";"";"1015,6";"1015,6";"1015,2";"1,0";"231,0";"1,5";"";"0,0"
"11/09/2022";"0900";"21,3";"21,5";"21,3";"";"";"";"";"";"";"1016,1";"1016,1";"1015,6";"1,2";"255,0";"2,4";"50,20";"0,0"
"11/09/2022";"1000";"22,6";"22,6";"21,3";"";"";"";"";"";"";"1016,7";"1016,7";"1016,1";"1,7";"245,0";"2,5";"482,00";"0,0"
"11/09/2022";"1100";"24,9";"25,4";"22,5";"";"";"";"";"";"";"1017,9";"1017,9";"1016,7";"0,9";"135,0";"2,5";"1359,20";"0,0"
"11/09/2022";"1200";"24,0";"25,6";"24,0";"";"";"";"";"";"";"1018,4";"1018,4";"1017,9";"2,7";"67,0";"5,8";"1358,30";"0,0"
"11/09/2022";"1300";"26,4";"26,5";"24,0";"";"";"";"";"";"";"1018,1";"1018,5";"1018,1";"3,0";"68,0";"5,5";"1965,50";"0,0"
"11/09/2022";"1400";"26,5";"26,6";"25,0";"";"";"";"";"";"";"1017,6";"1018,2";"1017,6";"3,7";"76,0";"6,5";"1988,30";"0,0"
"11/09/2022";"1500";"26,2";"26,6";"25,7";"88,0";"";"";"24,1";"";"";"1016,5";"1017,7";"1016,5";"4,2";"83,0";"7,0";"2877,40";"0,0"
"11/09/2022";"1600";"26,1";"26,8";"25,8";"89,0";"93,0";"88,0";"24,1";"25,3";"23,8";"1015,5";"1016,6";"1015,5";"3,9";"78,0";"7,1";"2759,90";"0,0"
"11/09/2022";"1700";"26,6";"26,9";"26,0";"83,0";"90,0";"82,0";"23,4";"24,6";"22,8";"1014,8";"1015,5";"1014,8";"3,6";"83,0";"6,9";"2485,80";"0,0"
"11/09/2022";"1800";"26,1";"26,6";"25,8";"84,0";"85,0";"80,0";"23,1";"23,3";"22,3";"1014,5";"1014,8";"1014,4";"3,6";"77,0";"6,5";"1985,60";"0,0"
"11/09/2022";"1900";"25,8";"26,4";"25,8";"75,0";"84,0";"74,0";"21,1";"23,4";"20,9";"1014,2";"1014,5";"1014,1";"3,8";"80,0";"6,7";"1284,80";"0,0"
"11/09/2022";"2000";"25,1";"25,9";"25,1";"78,0";"78,0";"75,0";"21,0";"21,5";"20,8";"1014,2";"1014,3";"1014,0";"3,4";"78,0";"7,8";"411,20";"0,0"
"11/09/2022";"2100";"24,8";"25,1";"24,8";"78,0";"79,0";"77,0";"20,6";"21,0";"20,5";"1014,5";"1014,5";"1014,2";"3,0";"79,0";"6,9";"22,80";"0,0"
"11/09/2022";"2200";"24,8";"24,8";"24,7";"85,0";"86,0";"77,0";"22,1";"22,3";"20,5";"1015,1";"1015,1";"1014,5";"3,2";"78,0";"6,1";"";"0,0"
"11/09/2022";"2300";"24,6";"24,8";"24,6";"80,0";"85,0";"80,0";"21,0";"22,2";"20,9";"1015,9";"1015,9";"1015,1";"3,3";"77,0";"6,2";"";"0,0"
"12/09/2022";"0000";"24,5";"24,7";"24,4";"77,0";"80,0";"77,0";"20,3";"21,0";"20,3";"1016,7";"1016,7";"1015,9";"3,2";"79,0";"6,1";"";"0,0"
"12/09/2022";"0100";"24,6";"24,7";"24,5";"77,0";"78,0";"76,0";"20,3";"20,5";"20,1";"1017,2";"1017,2";"1016,7";"1,5";"66,0";"6,2";"";"0,0"
"12/09/2022";"0200";"24,6";"24,7";"24,4";"72,0";"77,0";"72,0";"19,2";"20,3";"19,1";"1017,1";"1017,2";"1017,0";"1,9";"81,0";"5,9";"";"0,0"
"12/09/2022";"0300";"24,6";"24,7";"24,4";"69,0";"72,0";"68,0";"18,5";"19,2";"18,4";"1016,4";"1017,1";"1016,4";"2,2";"76,0";"5,6";"";"0,0"
"12/09/2022";"0400";"24,3";"24,7";"24,3";"68,0";"69,0";"67,0";"18,0";"18,5";"17,8";"1016,0";"1016,4";"1016,0";"1,9";"78,0";"5,7";"";"0,0"
"12/09/2022";"0500";"24,2";"24,5";"24,0";"72,0";"72,0";"68,0";"18,8";"18,8";"18,0";"1015,7";"1016,0";"1015,7";"2,3";"75,0";"4,6";"";"0,0"
"12/09/2022";"0600";"24,0";"24,3";"23,9";"71,0";"74,0";"69,0";"18,4";"19,0";"18,1";"1015,5";"1015,7";"1015,5";"3,1";"81,0";"6,1";"";"0,0"
"12/09/2022";"0700";"23,9";"24,2";"23,2";"72,0";"72,0";"67,0";"18,6";"18,6";"17,3";"1015,4";"1015,6";"1015,3";"0,7";"359,0";"6,1";"";"0,0"
"12/09/2022";"0800";"23,5";"23,9";"23,5";"82,0";"82,0";"72,0";"20,3";"20,4";"18,6";"1015,6";"1015,6";"1015,3";"1,0";"314,0";"3,3";"";"0,0"
"12/09/2022";"0900";"23,9";"23,9";"23,4";"68,0";"83,0";"68,0";"17,5";"20,4";"17,5";"1016,1";"1016,1";"1015,6";"0,8";"304,0";"3,3";"34,40";"0,0"
"12/09/2022";"1000";"23,8";"24,3";"23,6";"68,0";"71,0";"63,0";"17,6";"18,0";"16,6";"1016,7";"1016,7";"1016,1";"1,1";"305,0";"6,8";"275,20";"0,0"
"12/09/2022";"1100";"25,4";"25,5";"23,7";"50,0";"70,0";"50,0";"14,1";"18,1";"14,1";"1017,5";"1017,5";"1016,7";"2,4";"169,0";"5,5";"1295,80";"0,0"
"12/09/2022";"1200";"26,0";"27,1";"25,2";"55,0";"55,0";"44,0";"16,2";"16,3";"13,1";"1018,1";"1018,1";"1017,5";"1,8";"76,0";"5,5";"1545,30";"0,0"
"12/09/2022";"1300";"26,0";"26,9";"25,7";"60,0";"62,0";"54,0";"17,7";"18,5";"16,1";"1018,1";"1018,4";"1018,0";"3,0";"72,0";"4,8";"2390,50";"0,0"
"12/09/2022";"1400";"26,1";"26,8";"25,7";"62,0";"64,0";"60,0";"18,3";"19,2";"17,4";"1017,4";"1018,1";"1017,4";"2,7";"65,0";"5,2";"2685,90";"0,0"
"12/09/2022";"1500";"26,2";"27,0";"25,9";"59,0";"63,0";"57,0";"17,7";"18,9";"16,7";"1016,4";"1017,4";"1016,4";"3,0";"70,0";"6,5";"2829,20";"0,0"
"12/09/2022";"1600";"26,2";"27,1";"26,0";"56,0";"61,0";"54,0";"16,7";"18,7";"16,6";"1015,7";"1016,4";"1015,7";"2,4";"68,0";"5,8";"2807,80";"0,0"
"12/09/2022";"1700";"27,9";"27,9";"26,2";"53,0";"59,0";"53,0";"17,5";"18,2";"16,6";"1014,8";"1015,7";"1014,8";"1,2";"82,0";"5,3";"2432,50";"0,0"
"12/09/2022";"1800";"27,4";"28,1";"26,4";"55,0";"57,0";"51,0";"17,5";"18,1";"16,0";"1014,2";"1014,8";"1014,2";"1,9";"121,0";"5,9";"1919,00";"0,0"
"12/09/2022";"1900";"26,0";"27,6";"25,8";"59,0";"60,0";"52,0";"17,3";"17,9";"16,3";"1014,0";"1014,2";"1013,9";"1,4";"208,0";"5,8";"1038,00";"0,0"
"12/09/2022";"2000";"25,9";"26,6";"25,6";"60,0";"60,0";"57,0";"17,4";"17,7";"16,5";"1014,0";"1014,1";"1013,9";"0,8";"4,0";"4,8";"501,90";"0,0"
"12/09/2022";"2100";"24,3";"25,9";"24,2";"65,0";"65,0";"60,0";"17,4";"17,6";"17,3";"1013,9";"1014,0";"1013,9";"0,9";"65,0";"3,0";"27,00";"0,0"
"12/09/2022";"2200";"24,0";"24,5";"24,0";"70,0";"71,0";"65,0";"18,3";"18,4";"17,4";"1014,4";"1014,4";"1013,9";"0,8";"323,0";"3,1";"";"0,0"
"12/09/2022";"2300";"24,6";"24,7";"23,8";"70,0";"71,0";"67,0";"18,7";"19,0";"17,5";"1014,9";"1014,9";"1014,5";"1,3";"100,0";"5,0";"";"0,0"
"13/09/2022";"0000";"23,5";"24,8";"23,5";"78,0";"78,0";"68,0";"19,3";"19,5";"18,2";"1015,6";"1015,6";"1014,9";"3,8";"80,0";"7,2";"";"0,0"
"13/09/2022";"0100";"24,2";"24,2";"22,9";"83,0";"96,0";"78,0";"21,2";"23,0";"19,3";"1015,6";"1015,7";"1015,5";"2,8";"80,0";"6,8";"";"0,2"
"13/09/2022";"0200";"24,5";"24,7";"24,2";"69,0";"83,0";"65,0";"18,4";"20,9";"17,7";"1015,4";"1015,7";"1015,4";"2,1";"75,0";"6,1";"";"0,0"
"13/09/2022";"0300";"24,1";"24,5";"24,1";"73,0";"74,0";"69,0";"18,8";"19,3";"18,4";"1015,0";"1015,4";"1015,0";"1,3";"66,0";"5,2";"";"0,0"
"13/09/2022";"0400";"23,3";"24,1";"23,3";"85,0";"85,0";"73,0";"20,5";"20,7";"18,9";"1014,5";"1015,0";"1014,5";"1,1";"257,0";"5,2";"";"0,0"
"13/09/2022";"0500";"23,8";"23,8";"23,2";"88,0";"89,0";"83,0";"21,6";"21,6";"20,2";"1014,0";"1014,5";"1014,0";"1,1";"274,0";"4,0";"";"0,0"
"13/09/2022";"0600";"23,1";"23,9";"22,4";"";"";"";"";"";"";"1014,1";"1014,1";"1013,9";"2,7";"78,0";"9,5";"";"0,2"
"13/09/2022";"0700";"22,2";"23,3";"21,9";"";"";"";"";"";"";"1013,9";"1014,2";"1013,9";"0,6";"238,0";"5,8";"";"0,0"
"13/09/2022";"0800";"24,4";"24,4";"22,1";"";"";"";"";"";"";"1014,1";"1014,1";"1013,8";"3,0";"80,0";"5,7";"";"0,0"
"13/09/2022";"0900";"24,2";"24,5";"24,1";"88,0";"100,0";"88,0";"22,1";"24,2";"22,1";"1014,7";"1014,7";"1014,0";"4,0";"81,0";"6,6";"32,60";"0,0"
"13/09/2022";"1000";"25,2";"25,2";"24,2";"76,0";"88,0";"76,0";"20,7";"22,2";"20,7";"1015,5";"1015,5";"1014,7";"3,3";"76,0";"6,6";"352,70";"0,0"
"13/09/2022";"1100";"24,4";"25,2";"23,2";"89,0";"89,0";"76,0";"22,5";"22,5";"19,7";"1016,2";"1016,2";"1015,5";"1,6";"48,0";"5,9";"707,40";"1,6"
"13/09/2022";"1200";"26,2";"26,2";"24,5";"69,0";"91,0";"68,0";"20,0";"23,4";"19,7";"1016,6";"1016,7";"1016,1";"2,7";"74,0";"6,9";"1621,30";"0,0"
"13/09/2022";"1300";"26,9";"27,3";"26,2";"65,0";"69,0";"64,0";"19,7";"20,7";"19,0";"1016,7";"1016,9";"1016,6";"4,2";"77,0";"7,2";"2283,00";"0,0"
"13/09/2022";"1400";"26,4";"27,4";"26,3";"63,0";"66,0";"61,0";"18,8";"19,9";"18,5";"1016,3";"1016,8";"1016,3";"4,1";"76,0";"7,9";"2533,60";"0,0"
"13/09/2022";"1500";"27,1";"28,0";"26,4";"59,0";"64,0";"58,0";"18,6";"19,8";"18,2";"1015,9";"1016,4";"1015,9";"2,4";"66,0";"7,5";"2825,30";"0,0"
"13/09/2022";"1600";"26,9";"27,5";"26,7";"60,0";"62,0";"58,0";"18,4";"19,1";"18,0";"1015,2";"1015,9";"1015,2";"2,7";"66,0";"7,3";"2818,80";"0,0"
"13/09/2022";"1700";"26,6";"27,9";"26,4";"60,0";"61,0";"56,0";"18,2";"19,6";"17,5";"1014,4";"1015,2";"1014,4";"2,7";"67,0";"6,6";"2537,00";"0,0"
"13/09/2022";"1800";"27,6";"27,7";"26,5";"59,0";"61,0";"56,0";"18,8";"19,0";"17,2";"1014,1";"1014,4";"1014,1";"1,5";"30,0";"6,2";"1964,80";"0,0"
"13/09/2022";"1900";"26,4";"27,8";"26,1";"59,0";"61,0";"54,0";"17,7";"18,6";"17,0";"1014,2";"1014,2";"1014,0";"1,7";"44,0";"5,2";"1283,60";"0,0"
"13/09/2022";"2000";"25,4";"26,4";"25,3";"61,0";"62,0";"58,0";"17,4";"17,7";"17,2";"1014,5";"1014,5";"1014,1";"1,1";"55,0";"3,9";"282,40";"0,0"
"13/09/2022";"2100";"24,9";"25,5";"24,8";"65,0";"65,0";"61,0";"17,9";"17,9";"17,2";"1014,6";"1014,6";"1014,5";"0,8";"336,0";"2,9";"21,90";"0,0"
"13/09/2022";"2200";"24,8";"25,0";"24,6";"69,0";"69,0";"65,0";"18,8";"18,9";"17,9";"1015,0";"1015,0";"1014,5";"1,4";"74,0";"4,5";"";"0,0"
"13/09/2022";"2300";"24,7";"24,9";"24,5";"70,0";"71,0";"69,0";"18,9";"19,0";"18,5";"1015,5";"1015,5";"1015,0";"1,4";"56,0";"3,9";"";"0,0"
"14/09/2022";"0000";"23,9";"24,8";"23,7";"73,0";"73,0";"69,0";"18,7";"18,8";"18,3";"1015,7";"1015,8";"1015,5";"0,7";"39,0";"3,8";"";"0,0"
"14/09/2022";"0100";"24,4";"24,5";"23,8";"69,0";"74,0";"69,0";"18,4";"19,4";"18,3";"1015,9";"1015,9";"1015,7";"0,9";"334,0";"3,0";"";"0,0"
"14/09/2022";"0200";"24,4";"24,5";"24,1";"72,0";"72,0";"69,0";"19,0";"19,0";"18,3";"1016,0";"1016,1";"1015,9";"1,8";"75,0";"5,5";"";"0,0"
"14/09/2022";"0300";"24,5";"24,5";"24,4";"71,0";"72,0";"70,0";"18,8";"19,0";"18,7";"1015,4";"1016,0";"1015,4";"2,0";"76,0";"5,0";"";"0,0"
"14/09/2022";"0400";"24,2";"24,5";"24,2";"75,0";"75,0";"71,0";"19,5";"19,5";"18,9";"1014,8";"1015,4";"1014,8";"2,0";"79,0";"5,0";"";"0,0"
"14/09/2022";"0500";"24,1";"24,3";"24,1";"76,0";"76,0";"74,0";"19,6";"19,8";"19,4";"1014,3";"1014,8";"1014,3";"2,6";"80,0";"5,6";"";"0,0"
"14/09/2022";"0600";"24,1";"24,2";"24,0";"80,0";"80,0";"76,0";"20,4";"20,4";"19,7";"1014,3";"1014,4";"1014,3";"2,2";"77,0";"4,9";"";"0,0"
"14/09/2022";"0700";"24,1";"24,2";"24,0";"80,0";"81,0";"79,0";"20,5";"20,6";"20,3";"1014,5";"1014,5";"1014,2";"1,5";"71,0";"4,7";"";"0,0"
"14/09/2022";"0800";"24,2";"24,2";"23,8";"84,0";"84,0";"80,0";"21,3";"21,3";"20,4";"1014,8";"1014,8";"1014,5";"1,6";"71,0";"3,5";"";"0,0"
"14/09/2022";"0900";"23,0";"24,2";"22,6";"88,0";"88,0";"82,0";"20,9";"21,3";"19,5";"1015,3";"1015,3";"1014,8";"0,8";"257,0";"4,0";"71,80";"0,0"
"14/09/2022";"1000";"23,1";"23,4";"23,0";"97,0";"97,0";"88,0";"22,6";"22,6";"20,9";"1016,1";"1016,1";"1015,3";"1,5";"330,0";"3,3";"273,80";"0,0"
"14/09/2022";"1100";"26,5";"26,6";"23,1";"89,0";"";"";"24,5";"";"";"1016,6";"1016,6";"1016,1";"1,4";"44,0";"3,1";"1474,20";"0,0"
"14/09/2022";"1200";"26,2";"26,6";"25,8";"73,0";"89,0";"73,0";"21,0";"24,5";"20,9";"1017,0";"1017,0";"1016,6";"2,5";"74,0";"4,1";"2222,90";"0,0"
"14/09/2022";"1300";"26,6";"27,4";"25,9";"69,0";"74,0";"69,0";"20,5";"21,8";"20,3";"1016,7";"1017,1";"1016,7";"3,1";"75,0";"5,9";"2579,30";"0,0"
"14/09/2022";"1400";"26,7";"27,2";"26,3";"69,0";"70,0";"67,0";"20,6";"21,0";"19,9";"1016,1";"1016,7";"1016,1";"2,9";"73,0";"5,9";"2769,20";"0,0"
"14/09/2022";"1500";"27,3";"27,6";"26,5";"65,0";"71,0";"64,0";"20,0";"21,6";"19,4";"1015,3";"1016,1";"1015,3";"1,5";"86,0";"5,9";"2837,70";"0,0"
"14/09/2022";"1600";"27,1";"28,0";"26,6";"63,0";"66,0";"61,0";"19,5";"20,8";"18,8";"1014,3";"1015,3";"1014,3";"2,7";"64,0";"6,3";"2796,70";"0,0"
"14/09/2022";"1700";"27,6";"27,6";"26,6";"66,0";"68,0";"63,0";"20,6";"20,9";"19,7";"1013,7";"1014,3";"1013,7";"2,7";"80,0";"7,1";"2506,20";"0,0"
"14/09/2022";"1800";"26,5";"27,6";"26,4";"67,0";"68,0";"64,0";"20,0";"20,7";"19,5";"1013,3";"1013,7";"1013,3";"3,8";"73,0";"6,7";"1979,70";"0,0"
"14/09/2022";"1900";"26,4";"26,7";"26,3";"69,0";"69,0";"67,0";"20,2";"20,4";"19,8";"1013,5";"1013,5";"1013,3";"2,6";"70,0";"6,9";"1290,40";"0,0"
"14/09/2022";"2000";"25,5";"26,4";"25,5";"73,0";"73,0";"69,0";"20,2";"20,4";"19,9";"1013,6";"1013,6";"1013,5";"3,3";"78,0";"6,5";"473,70";"0,0"
"14/09/2022";"2100";"25,3";"25,5";"25,2";"76,0";"76,0";"72,0";"20,7";"20,8";"20,1";"1014,1";"1014,1";"1013,6";"2,7";"80,0";"6,3";"24,00";"0,0"
"14/09/2022";"2200";"25,2";"25,3";"25,2";"78,0";"78,0";"76,0";"21,0";"21,2";"20,7";"1014,5";"1014,5";"1014,1";"3,1";"78,0";"5,9";"";"0,0"
"14/09/2022";"2300";"25,1";"25,3";"25,0";"81,0";"81,0";"78,0";"21,6";"21,6";"21,0";"1015,0";"1015,0";"1014,5";"3,4";"79,0";"6,5";"";"0,0"
"15/09/2022";"0000";"25,0";"25,2";"25,0";"84,0";"84,0";"81,0";"22,1";"22,1";"21,5";"1015,4";"1015,5";"1015,0";"3,5";"79,0";"6,7";"";"0,0"
"15/09/2022";"0100";"24,9";"25,0";"24,9";"89,0";"89,0";"84,0";"23,0";"23,0";"22,0";"1015,6";"1015,7";"1015,4";"3,6";"79,0";"6,6";"";"0,0"
"15/09/2022";"0200";"25,0";"25,1";"24,9";"90,0";"90,0";"89,0";"23,2";"23,3";"22,9";"1015,7";"1015,8";"1015,6";"3,1";"77,0";"6,3";"";"0,0"
"15/09/2022";"0300";"25,0";"25,0";"24,8";"91,0";"92,0";"89,0";"23,4";"23,5";"23,1";"1015,3";"1015,8";"1015,3";"3,8";"80,0";"6,2";"";"0,0"
"15/09/2022";"0400";"24,6";"25,0";"24,5";"93,0";"93,0";"89,0";"23,4";"23,4";"22,5";"1014,7";"1015,3";"1014,6";"2,7";"71,0";"6,4";"";"0,0"
"15/09/2022";"0500";"24,6";"24,7";"24,6";"91,0";"94,0";"91,0";"23,1";"23,6";"22,9";"1014,3";"1014,7";"1014,2";"3,2";"65,0";"6,0";"";"0,0"
"15/09/2022";"0600";"24,6";"24,7";"24,5";"94,0";"94,0";"91,0";"23,6";"23,6";"23,0";"1014,2";"1014,3";"1014,2";"2,9";"71,0";"6,3";"";"0,0"
"15/09/2022";"0700";"24,7";"24,7";"24,5";"99,0";"99,0";"94,0";"24,4";"24,5";"23,5";"1014,3";"1014,3";"1014,2";"3,3";"65,0";"6,5";"";"0,0"
"15/09/2022";"0800";"25,0";"25,0";"24,6";"97,0";"99,0";"97,0";"24,5";"24,6";"24,4";"1014,6";"1014,6";"1014,2";"3,0";"75,0";"5,9";"";"0,0"
"15/09/2022";"0900";"25,1";"25,2";"24,8";"91,0";"97,0";"91,0";"23,5";"24,5";"23,5";"1015,3";"1015,3";"1014,6";"2,7";"69,0";"6,6";"59,20";"0,0"
"15/09/2022";"1000";"26,1";"26,3";"25,1";"81,0";"91,0";"80,0";"22,5";"23,5";"22,5";"1015,8";"1015,8";"1015,3";"3,9";"68,0";"7,8";"671,10";"0,0"
"15/09/2022";"1100";"26,7";"27,0";"26,1";"74,0";"81,0";"74,0";"21,7";"22,8";"21,4";"1016,4";"1016,4";"1015,8";"3,9";"74,0";"7,1";"1461,80";"0,0"
"15/09/2022";"1200";"27,0";"27,5";"26,5";"70,0";"75,0";"69,0";"21,0";"22,0";"20,8";"1017,1";"1017,1";"1016,4";"4,6";"71,0";"7,7";"2077,40";"0,0"
"15/09/2022";"1300";"27,5";"27,6";"26,5";"68,0";"71,0";"67,0";"21,0";"21,7";"20,5";"1016,9";"1017,1";"1016,8";"4,6";"74,0";"8,5";"2303,70";"0,0"
"15/09/2022";"1400";"27,6";"28,1";"27,1";"65,0";"70,0";"65,0";"20,5";"21,4";"20,0";"1016,5";"1016,9";"1016,5";"5,0";"77,0";"8,3";"2789,30";"0,0"
"15/09/2022";"1500";"27,2";"28,2";"27,0";"64,0";"66,0";"61,0";"19,7";"21,1";"19,2";"1016,1";"1016,6";"1016,1";"5,3";"82,0";"9,0";"2973,40";"0,0"
"15/09/2022";"1600";"27,1";"28,1";"27,0";"62,0";"65,0";"61,0";"19,2";"20,5";"19,2";"1015,3";"1016,2";"1015,3";"4,2";"77,0";"9,0";"2730,40";"0,0"
"15/09/2022";"1700";"26,9";"27,5";"26,8";"63,0";"64,0";"60,0";"19,2";"19,9";"18,8";"1014,6";"1015,3";"1014,5";"4,5";"78,0";"8,3";"2517,50";"0,0"
"15/09/2022";"1800";"26,9";"27,3";"26,5";"63,0";"64,0";"60,0";"19,2";"19,7";"18,5";"1014,3";"1014,6";"1014,2";"4,2";"79,0";"8,1";"1994,20";"0,0"
"15/09/2022";"1900";"26,3";"27,1";"26,2";"64,0";"64,0";"62,0";"19,0";"19,3";"18,6";"1014,3";"1014,3";"1014,1";"4,1";"80,0";"7,4";"1297,50";"0,0"
"15/09/2022";"2000";"25,4";"26,3";"25,4";"66,0";"66,0";"63,0";"18,6";"19,0";"18,5";"1014,4";"1014,4";"1014,2";"3,8";"74,0";"8,3";"491,30";"0,0"
"15/09/2022";"2100";"25,0";"25,4";"25,0";"70,0";"70,0";"66,0";"19,0";"19,1";"18,6";"1014,7";"1014,7";"1014,4";"3,8";"78,0";"7,3";"24,10";"0,0"
"15/09/2022";"2200";"24,8";"25,0";"24,8";"69,0";"70,0";"68,0";"18,7";"19,1";"18,6";"1015,0";"1015,0";"1014,6";"3,6";"77,0";"6,8";"";"0,0"
"15/09/2022";"2300";"24,9";"25,0";"24,8";"69,0";"69,0";"68,0";"18,7";"18,8";"18,5";"1015,6";"1015,6";"1015,0";"3,3";"77,0";"7,2";"";"0,0"
"16/09/2022";"0000";"24,9";"24,9";"24,8";"68,0";"69,0";"67,0";"18,5";"18,8";"18,4";"1015,9";"1015,9";"1015,6";"3,2";"72,0";"6,5";"";"0,0"
"16/09/2022";"0100";"24,7";"24,9";"24,6";"68,0";"68,0";"66,0";"18,3";"18,4";"18,0";"1016,1";"1016,1";"1015,8";"3,1";"74,0";"6,2";"";"0,0"
"16/09/2022";"0200";"24,5";"24,7";"24,5";"67,0";"68,0";"66,0";"17,9";"18,3";"17,9";"1016,1";"1016,3";"1016,1";"3,3";"80,0";"6,0";"";"0,0"
"16/09/2022";"0300";"24,5";"24,6";"24,3";"67,0";"69,0";"67,0";"17,9";"18,2";"17,9";"1015,8";"1016,1";"1015,7";"3,2";"79,0";"5,5";"";"0,0"
"16/09/2022";"0400";"24,2";"24,5";"24,2";"65,0";"67,0";"65,0";"17,2";"17,9";"17,2";"1015,3";"1015,8";"1015,3";"2,9";"79,0";"5,6";"";"0,0"
"16/09/2022";"0500";"24,0";"24,2";"23,8";"64,0";"66,0";"64,0";"16,8";"17,3";"16,7";"1014,7";"1015,3";"1014,7";"2,3";"75,0";"5,1";"";"0,0"
"16/09/2022";"0600";"24,1";"24,1";"23,7";"60,0";"65,0";"60,0";"15,9";"17,0";"15,9";"1014,6";"1014,8";"1014,5";"2,4";"79,0";"5,4";"";"0,0"
"16/09/2022";"0700";"24,0";"24,1";"23,7";"62,0";"64,0";"60,0";"16,3";"16,6";"15,8";"1014,8";"1014,8";"1014,6";"2,6";"79,0";"5,1";"";"0,0"
"16/09/2022";"0800";"23,6";"24,0";"23,6";"64,0";"64,0";"62,0";"16,4";"16,5";"15,9";"1015,3";"1015,3";"1014,8";"1,6";"58,0";"4,6";"";"0,0"
"16/09/2022";"0900";"21,7";"23,6";"21,7";"77,0";"77,0";"64,0";"17,5";"17,5";"15,8";"1016,1";"1016,1";"1015,3";"1,2";"249,0";"3,3";"28,70";"0,0"
"16/09/2022";"1000";"23,0";"23,4";"21,7";"77,0";"81,0";"77,0";"18,7";"19,8";"17,6";"1016,6";"1016,6";"1016,1";"1,2";"249,0";"2,4";"475,50";"0,0"
"16/09/2022";"1100";"25,2";"25,6";"23,0";"64,0";"77,0";"64,0";"18,0";"19,8";"17,8";"1017,2";"1017,2";"1016,6";"1,0";"65,0";"2,4";"954,30";"0,0"
"16/09/2022";"1200";"26,1";"27,0";"25,2";"60,0";"65,0";"59,0";"17,6";"18,6";"17,6";"1017,6";"1017,6";"1017,2";"2,3";"76,0";"4,1";"1758,40";"0,0"
"16/09/2022";"1300";"26,4";"27,2";"25,9";"59,0";"63,0";"58,0";"17,8";"19,0";"17,8";"1017,4";"1017,6";"1017,4";"3,1";"82,0";"5,5";"2256,00";"0,0"
"16/09/2022";"1400";"27,1";"27,7";"26,4";"58,0";"62,0";"56,0";"18,2";"18,9";"17,7";"1016,9";"1017,4";"1016,9";"3,0";"81,0";"6,2";"2788,50";"0,0"
"16/09/2022";"1500";"27,0";"27,5";"26,6";"58,0";"60,0";"56,0";"18,1";"18,7";"17,4";"1016,1";"1016,9";"1016,1";"2,9";"82,0";"5,5";"2862,50";"0,0"
"16/09/2022";"1600";"27,1";"27,9";"26,8";"55,0";"60,0";"55,0";"17,3";"18,8";"17,3";"1015,3";"1016,1";"1015,2";"3,5";"79,0";"5,8";"2818,30";"0,0"
"16/09/2022";"1700";"27,1";"27,5";"26,8";"56,0";"58,0";"54,0";"17,6";"18,3";"17,1";"1014,6";"1015,3";"1014,6";"3,4";"77,0";"6,6";"2523,90";"0,0"
"16/09/2022";"1800";"26,7";"27,5";"26,6";"58,0";"59,0";"54,0";"17,7";"18,4";"17,2";"1014,1";"1014,7";"1014,0";"3,4";"76,0";"5,9";"2019,80";"0,0"
"16/09/2022";"1900";"26,2";"27,0";"26,2";"59,0";"60,0";"55,0";"17,5";"17,9";"17,0";"1014,2";"1014,2";"1014,0";"3,2";"78,0";"6,4";"1191,60";"0,0"
"16/09/2022";"2000";"25,7";"26,4";"25,7";"62,0";"62,0";"59,0";"17,8";"18,0";"17,5";"1014,4";"1014,4";"1014,1";"2,7";"77,0";"5,6";"487,20";"0,0"
"16/09/2022";"2100";"25,4";"25,7";"25,3";"63,0";"64,0";"61,0";"17,7";"18,0";"17,3";"1014,8";"1014,8";"1014,4";"2,3";"77,0";"5,0";"24,80";"0,0"
"16/09/2022";"2200";"25,3";"25,4";"25,1";"63,0";"64,0";"62,0";"17,7";"17,8";"17,6";"1015,2";"1015,2";"1014,8";"2,3";"75,0";"4,5";"";"0,0"
"16/09/2022";"2300";"25,5";"25,5";"25,1";"62,0";"63,0";"62,0";"17,7";"17,8";"17,5";"1015,8";"1015,8";"1015,2";"2,6";"75,0";"5,0";"";"0,0"
"17/09/2022";"0000";"25,3";"25,5";"25,2";"64,0";"64,0";"62,0";"18,0";"18,1";"17,7";"1016,1";"1016,1";"1015,8";"2,9";"77,0";"5,5";"";"0,0"
"17/09/2022";"0100";"25,3";"25,3";"25,2";"64,0";"65,0";"64,0";"18,0";"18,2";"17,9";"1016,2";"1016,2";"1016,0";"2,6";"77,0";"5,2";"";"0,0"
"17/09/2022";"0200";"24,8";"25,3";"24,8";"67,0";"67,0";"64,0";"18,1";"18,5";"17,9";"1015,9";"1016,3";"1015,9";"2,1";"63,0";"5,2";"";"0,0"
"17/09/2022";"0300";"24,6";"24,8";"24,5";"67,0";"67,0";"65,0";"18,1";"18,2";"17,8";"1015,5";"1015,9";"1015,5";"2,5";"77,0";"4,8";"";"0,0"
"17/09/2022";"0400";"24,6";"24,7";"24,5";"66,0";"68,0";"66,0";"17,8";"18,3";"17,8";"1014,9";"1015,5";"1014,9";"1,6";"72,0";"4,4";"";"0,0"
"17/09/2022";"0500";"24,3";"24,6";"24,2";"69,0";"69,0";"66,0";"18,2";"18,2";"17,7";"1014,4";"1014,9";"1014,4";"1,8";"76,0";"3,6";"";"0,0"
"17/09/2022";"0600";"24,0";"24,4";"23,9";"70,0";"70,0";"68,0";"18,1";"18,3";"17,7";"1014,2";"1014,4";"1014,1";"1,5";"75,0";"3,7";"";"0,0"
"17/09/2022";"0700";"22,5";"24,3";"22,5";"77,0";"77,0";"68,0";"18,1";"18,2";"17,5";"1014,3";"1014,3";"1014,1";"1,0";"226,0";"3,3";"";"0,0"
"17/09/2022";"0800";"22,0";"22,5";"21,9";"85,0";"85,0";"77,0";"19,3";"19,3";"18,1";"1014,6";"1014,6";"1014,3";"0,7";"243,0";"1,9";"";"0,0"
"17/09/2022";"0900";"23,8";"23,8";"21,3";"98,0";"98,0";"85,0";"23,5";"23,5";"19,0";"1015,0";"1015,0";"1014,6";"1,7";"61,0";"4,5";"76,40";"0,0"
"17/09/2022";"1000";"25,7";"25,7";"23,8";"69,0";"98,0";"69,0";"19,5";"24,0";"19,5";"1015,3";"1015,3";"1014,9";"3,3";"74,0";"5,9";"702,30";"0,0"
"17/09/2022";"1100";"26,5";"26,8";"25,6";"62,0";"69,0";"62,0";"18,7";"20,0";"18,5";"1016,3";"1016,3";"1015,3";"3,5";"79,0";"5,8";"1444,30";"0,0"
"17/09/2022";"1200";"26,7";"27,5";"26,3";"60,0";"63,0";"59,0";"18,2";"19,4";"18,1";"1016,7";"1016,7";"1016,3";"3,6";"78,0";"6,7";"2098,00";"0,0"
"17/09/2022";"1300";"26,7";"27,8";"26,5";"61,0";"62,0";"57,0";"18,6";"19,5";"17,9";"1016,7";"1016,8";"1016,6";"3,7";"69,0";"6,6";"2606,10";"0,0"
"17/09/2022";"1400";"26,8";"27,4";"26,6";"59,0";"61,0";"58,0";"18,1";"19,0";"17,9";"1016,0";"1016,7";"1016,0";"3,6";"78,0";"6,6";"2813,20";"0,0"
"17/09/2022";"1500";"27,0";"27,4";"26,6";"58,0";"60,0";"56,0";"18,1";"18,7";"17,4";"1015,2";"1016,0";"1015,2";"3,3";"73,0";"6,4";"2888,10";"0,0"
"17/09/2022";"1600";"27,2";"27,5";"26,5";"59,0";"61,0";"56,0";"18,4";"18,9";"17,5";"1014,2";"1015,2";"1014,2";"2,8";"70,0";"5,9";"2872,60";"0,0"
"17/09/2022";"1700";"27,8";"27,8";"26,4";"58,0";"60,0";"56,0";"18,7";"18,7";"17,7";"1013,4";"1014,2";"1013,4";"1,5";"110,0";"5,7";"2489,30";"0,0"
"17/09/2022";"1800";"26,7";"27,8";"26,4";"58,0";"60,0";"55,0";"17,8";"18,4";"17,5";"1013,1";"1013,4";"1013,1";"1,8";"64,0";"6,3";"1824,10";"0,0"
"17/09/2022";"1900";"26,2";"27,2";"26,0";"60,0";"61,0";"58,0";"17,8";"18,8";"17,5";"1013,2";"1013,3";"1013,1";"2,2";"70,0";"5,4";"889,00";"0,0"
"17/09/2022";"2000";"25,5";"26,2";"25,5";"61,0";"62,0";"59,0";"17,4";"18,2";"17,4";"1013,7";"1013,7";"1013,2";"3,0";"73,0";"6,0";"469,00";"0,0"
"17/09/2022";"2100";"25,1";"25,5";"25,1";"63,0";"63,0";"60,0";"17,5";"17,5";"16,9";"1014,1";"1014,1";"1013,6";"2,4";"73,0";"6,0";"17,80";"0,0"
"17/09/2022";"2200";"25,0";"25,1";"24,9";"65,0";"65,0";"62,0";"17,9";"17,9";"17,3";"1014,6";"1014,6";"1014,0";"3,1";"77,0";"6,1";"";"0,0"
"17/09/2022";"2300";"24,9";"25,0";"24,9";"64,0";"65,0";"63,0";"17,6";"17,9";"17,5";"1015,1";"1015,1";"1014,6";"2,6";"78,0";"5,6";"";"0,0"
"18/09/2022";"0000";"24,9";"24,9";"24,7";"66,0";"66,0";"64,0";"18,1";"18,1";"17,7";"1015,7";"1015,7";"1015,1";"2,0";"76,0";"5,5";"";"0,0"
"18/09/2022";"0100";"24,8";"24,9";"24,7";"67,0";"68,0";"66,0";"18,3";"18,4";"17,9";"1015,9";"1016,0";"1015,6";"2,1";"78,0";"5,1";"";"0,0"
"18/09/2022";"0200";"24,3";"24,9";"24,2";"69,0";"70,0";"67,0";"18,3";"18,5";"18,1";"1016,0";"1016,2";"1015,9";"0,9";"302,0";"4,6";"";"0,0"
"18/09/2022";"0300";"23,9";"24,4";"23,9";"71,0";"71,0";"69,0";"18,2";"18,7";"18,0";"1015,5";"1016,0";"1015,5";"0,8";"255,0";"2,2";"";"0,0"
"18/09/2022";"0400";"24,1";"24,3";"23,9";"71,0";"72,0";"70,0";"18,5";"18,7";"18,2";"1014,9";"1015,5";"1014,9";"0,8";"274,0";"1,9";"";"0,0"
"18/09/2022";"0500";"24,4";"24,4";"24,1";"70,0";"71,0";"70,0";"18,5";"18,7";"18,4";"1014,4";"1015,0";"1014,4";"1,3";"69,0";"4,0";"";"0,0"
"18/09/2022";"0600";"23,9";"24,4";"23,9";"70,0";"70,0";"69,0";"18,2";"18,5";"18,1";"1014,3";"1014,4";"1014,2";"0,6";"321,0";"4,0";"";"0,0"
"18/09/2022";"0700";"23,6";"24,4";"23,1";"70,0";"71,0";"69,0";"17,9";"18,5";"17,4";"1014,2";"1014,3";"1014,2";"0,5";"300,0";"2,9";"";"0,0"
"18/09/2022";"0800";"23,2";"24,0";"23,1";"70,0";"71,0";"70,0";"17,5";"18,3";"17,5";"1014,6";"1014,6";"1014,2";"0,5";"284,0";"2,3";"";"0,0"
"18/09/2022";"0900";"24,3";"24,3";"23,1";"69,0";"71,0";"69,0";"18,1";"18,1";"17,4";"1015,3";"1015,3";"1014,6";"0,6";"332,0";"1,9";"88,60";"0,0"
"18/09/2022";"1000";"26,0";"26,1";"24,1";"59,0";"68,0";"59,0";"17,4";"18,1";"17,3";"1016,0";"1016,0";"1015,3";"1,3";"55,0";"3,2";"687,50";"0,0"
"18/09/2022";"1100";"26,3";"27,0";"26,0";"56,0";"61,0";"55,0";"17,0";"18,2";"16,6";"1016,5";"1016,6";"1016,0";"1,3";"96,0";"3,5";"1510,10";"0,0"
"18/09/2022";"1200";"26,9";"27,3";"26,2";"56,0";"60,0";"55,0";"17,4";"18,3";"16,9";"1016,8";"1016,8";"1016,5";"1,8";"101,0";"4,9";"2148,80";"0,0"
"18/09/2022";"1300";"27,6";"27,6";"26,1";"56,0";"60,0";"55,0";"18,0";"18,6";"16,9";"1016,5";"1016,8";"1016,5";"1,5";"118,0";"6,0";"2533,80";"0,0"
"18/09/2022";"1400";"27,4";"28,0";"26,7";"54,0";"58,0";"52,0";"17,2";"18,3";"16,6";"1016,0";"1016,5";"1016,0";"2,0";"87,0";"5,1";"2709,70";"0,0"
"18/09/2022";"1500";"27,2";"28,2";"26,6";"58,0";"59,0";"53,0";"18,2";"18,9";"16,9";"1015,2";"1016,0";"1015,2";"2,5";"90,0";"6,0";"2760,50";"0,0"
"18/09/2022";"1600";"27,6";"28,2";"26,7";"60,0";"61,0";"56,0";"19,1";"19,8";"17,7";"1014,2";"1015,2";"1014,2";"1,8";"108,0";"6,2";"2756,10";"0,0"
"18/09/2022";"1700";"27,2";"28,0";"26,5";"59,0";"63,0";"56,0";"18,4";"19,7";"18,1";"1013,7";"1014,2";"1013,7";"1,7";"84,0";"6,3";"1952,30";"0,0"
"18/09/2022";"1800";"27,6";"27,8";"26,7";"59,0";"61,0";"58,0";"18,8";"19,4";"18,1";"1013,3";"1013,7";"1013,3";"1,4";"82,0";"5,7";"1849,00";"0,0"
"18/09/2022";"1900";"26,6";"27,7";"26,6";"60,0";"60,0";"57,0";"18,2";"18,7";"17,8";"1013,4";"1013,4";"1013,2";"1,2";"89,0";"5,4";"1213,70";"0,0"
"18/09/2022";"2000";"25,9";"27,1";"25,9";"62,0";"62,0";"59,0";"18,1";"18,7";"17,6";"1013,7";"1013,7";"1013,4";"1,2";"206,0";"5,0";"470,90";"0,0"
"18/09/2022";"2100";"24,9";"25,9";"24,8";"64,0";"64,0";"62,0";"17,6";"18,0";"17,4";"1014,1";"1014,1";"1013,7";"1,1";"298,0";"4,2";"21,20";"0,0"
"18/09/2022";"2200";"24,8";"24,9";"24,4";"65,0";"65,0";"64,0";"17,6";"17,7";"17,3";"1014,5";"1014,5";"1014,1";"0,8";"250,0";"3,9";"";"0,0"
"18/09/2022";"2300";"24,8";"24,9";"24,4";"65,0";"66,0";"64,0";"17,8";"17,9";"17,4";"1015,2";"1015,2";"1014,5";"1,1";"203,0";"2,7";"";"0,0"
"19/09/2022";"0000";"24,5";"24,8";"24,4";"67,0";"67,0";"64,0";"18,0";"18,0";"17,5";"1015,7";"1015,7";"1015,2";"0,9";"262,0";"2,7";"";"0,0"
"19/09/2022";"0100";"24,5";"24,8";"24,4";"67,0";"68,0";"66,0";"18,1";"18,3";"17,8";"1016,0";"1016,0";"1015,7";"0,9";"240,0";"2,3";"";"0,0"
"19/09/2022";"0200";"24,5";"24,9";"24,2";"67,0";"68,0";"66,0";"18,1";"18,3";"17,6";"1015,9";"1016,0";"1015,9";"0,9";"287,0";"3,0";"";"0,0"
"19/09/2022";"0300";"24,3";"24,8";"24,2";"68,0";"68,0";"66,0";"18,1";"18,3";"17,7";"1015,0";"1015,9";"1015,0";"1,0";"356,0";"2,1";"";"0,0"
"19/09/2022";"0400";"24,6";"24,7";"23,7";"69,0";"71,0";"68,0";"18,5";"18,7";"17,7";"1014,2";"1015,0";"1014,2";"1,0";"28,0";"3,1";"";"0,0"
"19/09/2022";"0500";"23,9";"24,8";"23,9";"73,0";"73,0";"68,0";"18,6";"18,7";"18,4";"1013,9";"1014,2";"1013,9";"1,5";"178,0";"4,7";"";"0,0"
"19/09/2022";"0600";"24,3";"24,7";"23,8";"68,0";"74,0";"67,0";"18,0";"19,0";"18,0";"1013,9";"1014,0";"1013,8";"1,0";"352,0";"5,1";"";"0,0"
"19/09/2022";"0700";"23,3";"24,7";"23,2";"69,0";"73,0";"68,0";"17,4";"18,7";"17,4";"1014,0";"1014,1";"1013,8";"2,4";"68,0";"5,7";"";"0,0"
"19/09/2022";"0800";"22,8";"23,4";"22,3";"73,0";"73,0";"69,0";"17,8";"17,8";"16,8";"1014,2";"1014,2";"1014,0";"0,7";"360,0";"3,8";"";"0,0"
"19/09/2022";"0900";"24,5";"24,6";"22,8";"68,0";"74,0";"68,0";"18,2";"19,0";"17,9";"1014,9";"1014,9";"1014,2";"0,8";"312,0";"3,5";"56,50";"0,0"
"19/09/2022";"1000";"26,3";"26,3";"24,5";"59,0";"68,0";"59,0";"17,7";"18,4";"17,4";"1015,7";"1015,7";"1014,9";"1,2";"53,0";"3,7";"630,00";"0,0"
"19/09/2022";"1100";"26,2";"27,2";"26,0";"58,0";"61,0";"56,0";"17,2";"18,6";"16,9";"1016,6";"1016,6";"1015,7";"1,3";"85,0";"4,7";"1217,80";"0,0"
"19/09/2022";"1200";"26,9";"27,5";"26,2";"57,0";"60,0";"55,0";"17,7";"18,6";"17,1";"1016,9";"1016,9";"1016,6";"2,4";"73,0";"5,0";"2037,10";"0,0"
"19/09/2022";"1300";"27,2";"28,0";"26,8";"57,0";"58,0";"54,0";"18,0";"18,6";"16,9";"1016,5";"1017,0";"1016,5";"2,0";"99,0";"4,9";"2514,60";"0,0"
"19/09/2022";"1400";"28,0";"28,6";"26,8";"58,0";"59,0";"54,0";"19,1";"19,2";"17,7";"1016,1";"1016,5";"1016,0";"2,0";"77,0";"5,8";"2630,20";"0,0"
"19/09/2022";"1500";"27,3";"28,1";"27,2";"58,0";"59,0";"53,0";"18,2";"18,9";"17,3";"1015,4";"1016,1";"1015,4";"2,2";"60,0";"6,8";"2723,70";"0,0"
"19/09/2022";"1600";"27,7";"28,4";"27,1";"57,0";"59,0";"55,0";"18,5";"19,5";"17,7";"1014,6";"1015,4";"1014,6";"1,9";"114,0";"6,8";"2615,20";"0,0"
"19/09/2022";"1700";"27,7";"28,5";"27,1";"58,0";"58,0";"53,0";"18,6";"19,3";"17,5";"1014,0";"1014,6";"1013,9";"2,2";"134,0";"5,4";"2324,00";"0,0"
"19/09/2022";"1800";"27,4";"28,5";"26,5";"59,0";"62,0";"56,0";"18,7";"19,1";"18,1";"1013,7";"1014,0";"1013,6";"2,0";"171,0";"6,0";"1665,50";"0,0"
"19/09/2022";"1900";"26,7";"27,7";"26,5";"62,0";"62,0";"58,0";"18,7";"19,5";"18,3";"1014,0";"1014,0";"1013,6";"1,4";"234,0";"5,0";"923,10";"0,0"
"19/09/2022";"2000";"26,0";"26,9";"25,9";"63,0";"64,0";"60,0";"18,5";"18,7";"18,2";"1014,1";"1014,1";"1013,9";"1,3";"163,0";"4,4";"328,80";"0,0"
"19/09/2022";"2100";"25,4";"26,0";"25,1";"66,0";"68,0";"63,0";"18,5";"19,0";"18,3";"1014,5";"1014,5";"1014,1";"1,7";"63,0";"4,5";"17,80";"0,0"
"19/09/2022";"2200";"25,4";"25,4";"25,2";"70,0";"71,0";"65,0";"19,6";"19,7";"18,4";"1014,9";"1015,0";"1014,5";"1,8";"56,0";"4,6";"";"0,0"
"19/09/2022";"2300";"25,2";"25,5";"25,2";"67,0";"70,0";"65,0";"18,7";"19,6";"18,3";"1015,2";"1015,2";"1014,9";"3,0";"79,0";"5,6";"";"0,0"
"20/09/2022";"0000";"25,1";"25,2";"25,0";"68,0";"70,0";"67,0";"18,8";"19,2";"18,7";"1015,4";"1015,4";"1015,2";"2,7";"75,0";"5,8";"";"0,0"
"20/09/2022";"0100";"25,1";"25,2";"25,0";"64,0";"68,0";"64,0";"17,7";"18,7";"17,7";"1015,5";"1015,6";"1015,4";"2,5";"81,0";"5,6";"";"0,0"
"20/09/2022";"0200";"25,3";"25,3";"25,0";"67,0";"67,0";"62,0";"18,6";"18,6";"17,3";"1015,4";"1015,5";"1015,3";"2,1";"71,0";"5,7";"";"0,0"
"20/09/2022";"0300";"24,9";"25,3";"24,8";"70,0";"70,0";"67,0";"19,0";"19,1";"18,5";"1014,3";"1015,4";"1014,3";"3,0";"77,0";"5,4";"";"0,0"
"20/09/2022";"0400";"24,9";"25,0";"24,8";"67,0";"70,0";"67,0";"18,4";"19,1";"18,3";"1014,0";"1014,3";"1014,0";"1,5";"79,0";"5,4";"";"0,0"
"20/09/2022";"0500";"24,7";"25,0";"24,7";"67,0";"68,0";"66,0";"18,2";"18,5";"17,9";"1013,5";"1014,0";"1013,5";"2,4";"81,0";"5,5";"";"0,0"
"20/09/2022";"0600";"24,7";"24,8";"24,6";"69,0";"69,0";"66,0";"18,6";"18,6";"18,1";"1013,3";"1013,6";"1013,2";"2,2";"79,0";"4,9";"";"0,0"
"20/09/2022";"0700";"24,5";"24,8";"24,4";"68,0";"69,0";"67,0";"18,2";"18,8";"18,0";"1013,8";"1013,8";"1013,3";"1,9";"73,0";"5,4";"";"0,0"
"20/09/2022";"0800";"24,5";"24,7";"24,4";"68,0";"69,0";"67,0";"18,2";"18,5";"18,1";"1014,2";"1014,2";"1013,7";"1,6";"73,0";"4,8";"";"0,0"
"20/09/2022";"0900";"24,5";"24,7";"24,5";"69,0";"69,0";"67,0";"18,5";"18,6";"18,0";"1014,9";"1014,9";"1014,2";"0,5";"189,0";"5,1";"30,60";"0,0"
"20/09/2022";"1000";"25,5";"25,5";"23,7";"68,0";"74,0";"68,0";"19,1";"19,7";"18,2";"1015,5";"1015,5";"1014,9";"2,2";"76,0";"5,3";"203,30";"0,0"
"20/09/2022";"1100";"26,8";"26,8";"25,5";"64,0";"68,0";"63,0";"19,3";"19,3";"18,1";"1015,9";"1015,9";"1015,5";"3,5";"75,0";"6,3";"817,90";"0,0"
"20/09/2022";"1200";"27,6";"27,7";"26,5";"60,0";"64,0";"56,0";"19,1";"19,4";"17,5";"1016,3";"1016,3";"1015,8";"4,3";"78,0";"7,6";"2164,70";"0,0"
"20/09/2022";"1300";"27,6";"27,9";"26,8";"59,0";"62,0";"59,0";"18,9";"19,9";"18,5";"1015,8";"1016,3";"1015,8";"4,4";"74,0";"8,0";"2513,90";"0,0"
"20/09/2022";"1400";"27,4";"28,1";"27,1";"60,0";"61,0";"55,0";"19,0";"19,2";"17,7";"1015,0";"1015,9";"1014,9";"3,9";"65,0";"7,6";"2763,70";"0,0"
"20/09/2022";"1500";"27,8";"28,1";"27,1";"57,0";"61,0";"57,0";"18,5";"19,4";"18,1";"1014,6";"1015,0";"1014,6";"3,8";"78,0";"8,0";"2780,80";"0,0"
"20/09/2022";"1600";"27,3";"27,9";"27,1";"58,0";"60,0";"56,0";"18,4";"18,9";"17,9";"1013,8";"1014,6";"1013,8";"3,8";"73,0";"7,2";"2616,40";"0,0"
"20/09/2022";"1700";"27,1";"27,7";"27,0";"59,0";"59,0";"55,0";"18,3";"18,9";"17,6";"1013,1";"1013,8";"1013,1";"3,4";"74,0";"7,4";"2457,60";"0,0"
"20/09/2022";"1800";"26,9";"27,6";"26,9";"58,0";"60,0";"57,0";"18,1";"18,8";"17,8";"1012,8";"1013,1";"1012,8";"2,8";"67,0";"6,6";"1946,20";"0,0"
"20/09/2022";"1900";"26,4";"27,2";"26,3";"60,0";"61,0";"58,0";"18,0";"18,5";"17,9";"1012,8";"1012,9";"1012,7";"3,7";"80,0";"7,4";"1243,90";"0,0"
"20/09/2022";"2000";"25,8";"26,6";"25,8";"62,0";"63,0";"60,0";"17,9";"18,7";"17,8";"1013,1";"1013,1";"1012,8";"3,5";"81,0";"6,6";"469,40";"0,0"
"20/09/2022";"2100";"25,5";"25,8";"25,4";"63,0";"64,0";"62,0";"18,0";"18,3";"18,0";"1013,1";"1013,2";"1013,0";"3,1";"73,0";"5,4";"22,50";"0,0"
"20/09/2022";"2200";"25,4";"25,5";"25,3";"62,0";"64,0";"62,0";"17,5";"18,1";"17,5";"1013,8";"1013,8";"1013,1";"2,6";"76,0";"5,4";"";"0,0"
"20/09/2022";"2300";"25,2";"25,4";"25,1";"62,0";"63,0";"61,0";"17,4";"17,7";"17,3";"1014,2";"1014,3";"1013,8";"2,6";"75,0";"4,8";"";"0,0"
"21/09/2022";"0000";"25,1";"25,2";"25,0";"65,0";"65,0";"62,0";"17,9";"17,9";"17,4";"1014,7";"1014,7";"1014,2";"2,4";"67,0";"5,0";"";"0,0"
"21/09/2022";"0100";"25,0";"25,1";"24,9";"67,0";"67,0";"64,0";"18,3";"18,3";"17,8";"1014,6";"1014,8";"1014,5";"2,6";"67,0";"5,2";"";"0,0"
"21/09/2022";"0200";"24,8";"25,1";"24,8";"67,0";"67,0";"66,0";"18,3";"18,4";"18,2";"1014,4";"1014,6";"1014,3";"2,4";"67,0";"5,4";"";"0,0"
"21/09/2022";"0300";"24,3";"25,0";"24,3";"70,0";"70,0";"66,0";"18,3";"18,4";"18,1";"1013,8";"1014,4";"1013,8";"1,8";"29,0";"5,0";"";"0,0"
"21/09/2022";"0400";"23,7";"24,2";"23,6";"74,0";"74,0";"70,0";"18,7";"18,9";"18,3";"1013,2";"1013,8";"1013,2";"1,8";"26,0";"3,2";"";"0,0"
"21/09/2022";"0500";"23,1";"23,7";"23,1";"77,0";"77,0";"74,0";"18,9";"18,9";"18,7";"1012,8";"1013,2";"1012,8";"1,2";"18,0";"3,0";"";"0,0"
"21/09/2022";"0600";"22,5";"23,2";"22,5";"80,0";"80,0";"77,0";"18,8";"19,2";"18,8";"1012,9";"1013,0";"1012,8";"0,7";"226,0";"2,3";"";"0,0"
"21/09/2022";"0700";"22,1";"22,5";"22,0";"84,0";"84,0";"80,0";"19,3";"19,3";"18,7";"1012,9";"1013,0";"1012,8";"0,8";"251,0";"2,1";"";"0,0"
"21/09/2022";"0800";"22,1";"22,2";"21,7";"90,0";"90,0";"84,0";"20,4";"20,5";"19,2";"1013,2";"1013,2";"1012,9";"1,0";"230,0";"1,9";"";"0,0"
"21/09/2022";"0900";"22,1";"22,1";"21,7";"94,0";"94,0";"90,0";"21,0";"21,1";"20,1";"1013,9";"1013,9";"1013,2";"0,8";"261,0";"1,5";"64,30";"0,0"
"21/09/2022";"1000";"24,3";"24,3";"21,9";"94,0";"98,0";"94,0";"23,2";"23,4";"21,0";"1014,4";"1014,4";"1013,9";"0,9";"310,0";"1,9";"518,90";"0,0"
"21/09/2022";"1100";"26,4";"26,6";"24,2";"72,0";"94,0";"72,0";"21,0";"23,1";"20,6";"1014,9";"1014,9";"1014,4";"2,2";"57,0";"4,1";"1436,00";"0,0"
"21/09/2022";"1200";"26,6";"27,4";"26,4";"63,0";"72,0";"62,0";"19,0";"21,2";"19,0";"1015,2";"1015,3";"1014,9";"3,8";"64,0";"6,9";"2124,60";"0,0"
"21/09/2022";"1300";"27,4";"27,8";"26,6";"59,0";"65,0";"57,0";"18,7";"19,9";"18,1";"1015,2";"1015,3";"1015,1";"3,8";"79,0";"7,0";"2579,50";"0,0"
"21/09/2022";"1400";"27,2";"27,7";"26,9";"59,0";"61,0";"57,0";"18,4";"19,1";"17,9";"1014,4";"1015,2";"1014,4";"3,7";"79,0";"7,5";"2805,30";"0,0"
"21/09/2022";"1500";"27,1";"27,9";"26,9";"57,0";"61,0";"57,0";"17,9";"19,0";"17,9";"1013,2";"1014,4";"1013,2";"4,1";"77,0";"7,3";"2895,20";"0,0"
"21/09/2022";"1600";"27,1";"27,9";"27,1";"59,0";"60,0";"56,0";"18,5";"19,1";"18,1";"1012,1";"1013,3";"1012,1";"4,5";"80,0";"7,9";"2827,40";"0,0"
"21/09/2022";"1700";"27,3";"28,0";"27,0";"59,0";"61,0";"57,0";"18,4";"19,3";"18,0";"1011,2";"1012,1";"1011,2";"4,7";"79,0";"7,5";"2513,40";"0,0"
"21/09/2022";"1800";"26,9";"27,5";"26,7";"60,0";"61,0";"57,0";"18,5";"18,9";"18,0";"1011,0";"1011,2";"1010,9";"4,5";"77,0";"7,8";"1997,80";"0,0"
"21/09/2022";"1900";"26,4";"27,1";"26,3";"63,0";"63,0";"59,0";"18,7";"18,9";"18,1";"1011,2";"1011,2";"1010,9";"4,2";"77,0";"7,7";"1292,40";"0,0"
"21/09/2022";"2000";"25,9";"26,5";"25,8";"63,0";"63,0";"60,0";"18,2";"18,7";"17,9";"1011,6";"1011,6";"1011,2";"3,8";"80,0";"7,7";"503,00";"0,0"
"21/09/2022";"2100";"25,4";"25,9";"25,4";"66,0";"66,0";"62,0";"18,6";"18,6";"18,0";"1012,0";"1012,1";"1011,6";"3,6";"78,0";"7,5";"25,50";"0,0"
"21/09/2022";"2200";"25,4";"25,4";"25,3";"68,0";"68,0";"66,0";"19,1";"19,1";"18,5";"1012,6";"1012,6";"1012,0";"3,8";"77,0";"7,4";"";"0,0"
"21/09/2022";"2300";"25,4";"25,5";"25,4";"68,0";"69,0";"68,0";"19,0";"19,2";"19,0";"1013,1";"1013,1";"1012,6";"4,0";"74,0";"7,0";"";"0,0"
"22/09/2022";"0000";"25,5";"25,5";"25,3";"68,0";"70,0";"67,0";"19,1";"19,5";"18,8";"1013,5";"1013,5";"1013,1";"3,8";"73,0";"7,7";"";"0,0"
"22/09/2022";"0100";"25,5";"25,6";"25,4";"68,0";"70,0";"67,0";"19,0";"19,5";"18,9";"1013,9";"1013,9";"1013,6";"3,5";"70,0";"7,9";"";"0,0"
"22/09/2022";"0200";"25,3";"25,6";"25,3";"70,0";"71,0";"68,0";"19,4";"19,8";"19,1";"1013,5";"1013,9";"1013,5";"3,3";"56,0";"7,2";"";"0,0"
"22/09/2022";"0300";"25,2";"25,4";"25,2";"70,0";"70,0";"69,0";"19,4";"19,5";"19,2";"1013,0";"1013,5";"1013,0";"2,9";"64,0";"7,2";"";"0,0"
"22/09/2022";"0400";"25,3";"25,3";"25,1";"70,0";"72,0";"70,0";"19,4";"19,8";"19,4";"1012,5";"1013,0";"1012,5";"3,1";"76,0";"5,9";"";"0,0"
"22/09/2022";"0500";"25,3";"25,3";"25,1";"70,0";"71,0";"69,0";"19,4";"19,7";"19,3";"1012,3";"1012,5";"1012,3";"2,8";"59,0";"6,4";"";"0,0"
"22/09/2022";"0600";"24,6";"25,3";"24,5";"74,0";"74,0";"70,0";"19,6";"19,7";"19,3";"1012,1";"1012,3";"1012,0";"1,9";"26,0";"5,6";"";"0,0"
"22/09/2022";"0700";"25,0";"25,1";"24,3";"73,0";"77,0";"73,0";"19,8";"20,2";"19,6";"1012,4";"1012,4";"1012,1";"2,2";"53,0";"4,4";"";"0,0"
"22/09/2022";"0800";"23,8";"25,1";"23,8";"78,0";"78,0";"72,0";"19,7";"19,9";"19,4";"1013,1";"1013,1";"1012,4";"0,7";"274,0";"5,1";"";"0,0"
"22/09/2022";"0900";"23,6";"23,8";"23,5";"85,0";"85,0";"78,0";"20,9";"20,9";"19,7";"1013,7";"1013,7";"1013,1";"0,7";"324,0";"2,5";"14,10";"0,2"
"22/09/2022";"1000";"24,4";"24,4";"23,6";"97,0";"97,0";"85,0";"24,0";"24,0";"21,0";"1014,3";"1014,3";"1013,7";"1,4";"18,0";"3,6";"223,30";"0,0"
"22/09/2022";"1100";"25,4";"26,0";"24,4";"92,0";"98,0";"92,0";"23,9";"25,4";"23,8";"1015,1";"1015,1";"1014,3";"1,8";"30,0";"3,2";"856,00";"0,2"
"22/09/2022";"1200";"26,8";"27,1";"25,3";"73,0";"92,0";"73,0";"21,6";"24,4";"21,6";"1015,2";"1015,2";"1015,1";"2,7";"52,0";"5,6";"1515,60";"0,2"
"22/09/2022";"1300";"27,5";"28,2";"26,8";"66,0";"74,0";"65,0";"20,6";"22,0";"20,2";"1015,2";"1015,2";"1015,1";"4,4";"70,0";"9,0";"2515,00";"0,0"
"22/09/2022";"1400";"27,8";"28,6";"27,2";"66,0";"69,0";"66,0";"20,9";"22,1";"20,6";"1014,6";"1015,2";"1014,6";"4,4";"76,0";"8,5";"2797,60";"0,0"
"22/09/2022";"1500";"28,2";"28,7";"27,5";"61,0";"68,0";"61,0";"20,0";"21,4";"19,8";"1014,1";"1014,7";"1014,1";"4,3";"72,0";"8,2";"2919,80";"0,0"
"22/09/2022";"1600";"27,7";"28,3";"27,3";"64,0";"65,0";"61,0";"20,2";"21,0";"19,5";"1013,0";"1014,1";"1012,9";"4,8";"80,0";"8,6";"2655,00";"0,0"
"22/09/2022";"1700";"27,7";"28,0";"27,3";"64,0";"66,0";"63,0";"20,2";"20,9";"19,9";"1011,7";"1013,0";"1011,7";"5,1";"76,0";"9,5";"2448,60";"0,0"
"22/09/2022";"1800";"27,5";"27,9";"27,2";"65,0";"66,0";"63,0";"20,2";"20,7";"19,9";"1011,4";"1011,8";"1011,3";"4,8";"80,0";"9,5";"1877,20";"0,0"
"22/09/2022";"1900";"26,7";"27,6";"26,7";"68,0";"68,0";"64,0";"20,2";"20,4";"19,9";"1011,4";"1011,5";"1011,2";"5,2";"77,0";"8,7";"1209,60";"0,0"
"22/09/2022";"2000";"26,0";"26,8";"26,0";"73,0";"73,0";"68,0";"20,7";"20,7";"20,2";"1011,8";"1011,9";"1011,4";"4,7";"76,0";"9,0";"333,80";"0,0"
"22/09/2022";"2100";"25,9";"26,1";"25,8";"75,0";"76,0";"72,0";"21,0";"21,3";"20,5";"1012,1";"1012,1";"1011,7";"4,5";"68,0";"8,5";"18,40";"0,0"
"22/09/2022";"2200";"25,9";"26,0";"25,8";"71,0";"75,0";"71,0";"20,3";"21,0";"20,2";"1012,7";"1012,7";"1012,1";"3,9";"66,0";"8,5";"";"0,0"
"22/09/2022";"2300";"25,7";"25,9";"25,7";"72,0";"73,0";"70,0";"20,4";"20,6";"20,0";"1013,1";"1013,2";"1012,7";"4,2";"62,0";"9,4";"";"0,0"
"23/09/2022";"0000";"25,7";"25,8";"25,6";"74,0";"74,0";"72,0";"20,6";"20,8";"20,4";"1013,3";"1013,4";"1013,1";"4,2";"61,0";"9,4";"";"0,0"
"23/09/2022";"0100";"25,7";"25,7";"25,6";"73,0";"74,0";"73,0";"20,4";"20,8";"20,4";"1013,6";"1013,6";"1013,3";"4,4";"62,0";"9,0";"";"0,0"
"23/09/2022";"0200";"25,5";"25,8";"25,5";"74,0";"74,0";"71,0";"20,5";"20,5";"20,1";"1013,3";"1013,6";"1013,3";"3,7";"55,0";"9,0";"";"0,0"
"23/09/2022";"0300";"25,6";"25,6";"25,5";"73,0";"75,0";"73,0";"20,5";"20,7";"20,4";"1012,9";"1013,3";"1012,9";"4,0";"53,0";"8,3";"";"0,0"
"23/09/2022";"0400";"24,6";"25,6";"24,6";"80,0";"80,0";"73,0";"21,0";"21,0";"20,4";"1012,4";"1012,9";"1012,4";"2,2";"39,0";"8,3";"";"0,0"
"23/09/2022";"0500";"24,5";"24,6";"24,4";"86,0";"86,0";"80,0";"22,0";"22,0";"21,0";"1012,0";"1012,4";"1011,9";"2,6";"37,0";"5,3";"";"0,0"
"23/09/2022";"0600";"24,3";"24,6";"24,2";"91,0";"91,0";"86,0";"22,8";"22,8";"22,0";"1011,9";"1012,0";"1011,8";"2,2";"24,0";"5,3";"";"0,0"
"23/09/2022";"0700";"24,2";"24,3";"24,2";"96,0";"96,0";"91,0";"23,5";"23,5";"22,8";"1011,9";"1012,0";"1011,7";"2,4";"22,0";"5,8";"";"0,0"
"23/09/2022";"0800";"23,8";"24,2";"23,8";"";"100,0";"96,0";"";"23,9";"23,5";"1012,1";"1012,1";"1011,9";"3,0";"29,0";"5,8";"";"0,0"
"23/09/2022";"0900";"24,1";"24,1";"23,7";"";"";"";"";"";"";"1013,0";"1013,0";"1012,1";"2,0";"34,0";"4,9";"51,30";"0,0"
"23/09/2022";"1000";"24,7";"24,7";"24,1";"";"";"";"";"";"";"1013,6";"1013,6";"1013,0";"2,9";"28,0";"4,7";"332,40";"0,0"
"23/09/2022";"1100";"27,2";"27,2";"24,7";"80,0";"100,0";"80,0";"23,5";"25,6";"22,8";"1013,9";"1013,9";"1013,6";"3,6";"43,0";"6,4";"1283,10";"0,0"
"23/09/2022";"1200";"27,6";"27,8";"26,6";"71,0";"80,0";"71,0";"21,9";"23,5";"21,7";"1014,2";"1014,3";"1013,8";"5,0";"60,0";"9,3";"2128,70";"0,0"
"23/09/2022";"1300";"27,8";"28,1";"27,2";"68,0";"72,0";"68,0";"21,4";"21,9";"21,0";"1013,7";"1014,2";"1013,7";"4,9";"71,0";"9,6";"2523,10";"0,0"
"23/09/2022";"1400";"28,5";"28,5";"27,4";"68,0";"70,0";"66,0";"22,1";"22,3";"20,9";"1013,6";"1013,8";"1013,6";"4,7";"74,0";"10,1";"2754,30";"0,0"
"23/09/2022";"1500";"27,9";"28,5";"27,5";"65,0";"70,0";"65,0";"20,7";"22,2";"20,7";"1012,4";"1013,6";"1012,4";"4,9";"74,0";"9,3";"2821,30";"0,0"
"23/09/2022";"1600";"27,8";"28,4";"27,6";"67,0";"68,0";"65,0";"21,2";"21,6";"20,7";"1011,6";"1012,5";"1011,6";"5,2";"67,0";"10,8";"2722,50";"0,0"
"23/09/2022";"1700";"28,0";"28,4";"27,6";"67,0";"68,0";"65,0";"21,3";"21,7";"20,8";"1010,8";"1011,6";"1010,8";"5,1";"77,0";"10,3";"2398,80";"0,0"
"23/09/2022";"1800";"27,4";"28,0";"27,3";"69,0";"70,0";"66,0";"21,2";"21,6";"20,9";"1010,7";"1010,8";"1010,5";"5,1";"82,0";"9,3";"1864,90";"0,0"
"23/09/2022";"1900";"26,9";"27,6";"26,8";"72,0";"73,0";"68,0";"21,5";"21,7";"21,0";"1010,9";"1010,9";"1010,6";"4,6";"79,0";"9,3";"1171,70";"0,0"
"23/09/2022";"2000";"26,2";"26,9";"26,2";"77,0";"77,0";"72,0";"21,8";"21,9";"21,3";"1011,2";"1011,2";"1010,9";"4,3";"78,0";"8,4";"432,30";"0,0"
"23/09/2022";"2100";"26,0";"26,2";"26,0";"82,0";"82,0";"77,0";"22,7";"22,7";"21,8";"1011,8";"1011,9";"1011,2";"4,1";"70,0";"8,7";"20,80";"0,0"
"23/09/2022";"2200";"25,9";"26,0";"25,9";"86,0";"86,0";"82,0";"23,5";"23,5";"22,7";"1012,2";"1012,2";"1011,8";"4,6";"68,0";"8,8";"";"0,0"
"23/09/2022";"2300";"25,9";"25,9";"25,8";"86,0";"88,0";"86,0";"23,4";"23,8";"23,4";"1012,8";"1012,9";"1012,2";"5,0";"66,0";"9,2";"";"0,0"
"24/09/2022";"0000";"25,9";"25,9";"25,8";"89,0";"90,0";"86,0";"23,9";"24,0";"23,3";"1013,7";"1013,7";"1012,8";"4,1";"67,0";"9,4";"";"0,0"
"24/09/2022";"0100";"25,9";"26,0";"25,9";"89,0";"90,0";"88,0";"23,9";"24,1";"23,8";"1014,0";"1014,1";"1013,7";"4,4";"69,0";"8,6";"";"0,0"
"24/09/2022";"0200";"25,8";"26,0";"25,7";"87,0";"89,0";"87,0";"23,5";"24,0";"23,5";"1013,6";"1014,0";"1013,6";"4,0";"62,0";"9,5";"";"0,0"
"24/09/2022";"0300";"25,6";"25,9";"25,5";"86,0";"87,0";"85,0";"23,1";"23,5";"22,9";"1012,8";"1013,7";"1012,7";"4,6";"62,0";"10,1";"";"0,0"
"24/09/2022";"0400";"25,5";"25,7";"25,5";"88,0";"90,0";"86,0";"23,3";"23,7";"23,1";"1012,0";"1012,8";"1012,0";"4,6";"53,0";"9,9";"";"0,0"
"24/09/2022";"0500";"25,6";"25,6";"25,4";"86,0";"88,0";"86,0";"23,1";"23,3";"23,0";"1011,6";"1012,1";"1011,6";"5,0";"59,0";"9,5";"";"0,0"
"24/09/2022";"0600";"25,3";"25,6";"25,3";"85,0";"87,0";"85,0";"22,7";"23,2";"22,7";"1011,6";"1011,6";"1011,4";"3,7";"37,0";"9,1";"";"0,0"
"24/09/2022";"0700";"24,6";"25,3";"24,6";"92,0";"92,0";"85,0";"23,2";"23,3";"22,6";"1011,9";"1011,9";"1011,6";"2,8";"29,0";"8,0";"";"0,0"
"24/09/2022";"0800";"24,6";"24,7";"24,4";"98,0";"98,0";"92,0";"24,3";"24,4";"23,3";"1012,5";"1012,5";"1011,9";"2,4";"36,0";"5,0";"";"0,0"
"24/09/2022";"0900";"24,6";"24,7";"24,4";"99,0";"99,0";"97,0";"24,4";"24,4";"24,0";"1013,1";"1013,1";"1012,5";"2,1";"20,0";"4,9";"45,10";"0,0"
"24/09/2022";"1000";"25,4";"25,4";"24,5";"97,0";"100,0";"97,0";"24,9";"25,0";"24,4";"1013,5";"1013,5";"1013,1";"3,2";"37,0";"5,5";"342,80";"0,0"
"24/09/2022";"1100";"27,0";"27,2";"25,4";"77,0";"97,0";"76,0";"22,6";"25,3";"22,5";"1014,3";"1014,3";"1013,5";"4,0";"52,0";"7,8";"1271,00";"0,0"
"24/09/2022";"1200";"27,6";"27,6";"26,8";"70,0";"77,0";"70,0";"21,6";"22,9";"21,1";"1014,7";"1014,7";"1014,2";"4,7";"65,0";"8,5";"2073,20";"0,0"
"24/09/2022";"1300";"28,1";"28,4";"27,2";"68,0";"71,0";"65,0";"21,7";"22,1";"20,7";"1014,6";"1014,7";"1014,5";"4,3";"73,0";"9,0";"2499,90";"0,0"
"24/09/2022";"1400";"27,6";"28,5";"27,5";"70,0";"70,0";"66,0";"21,6";"21,9";"20,9";"1014,0";"1014,6";"1014,0";"4,9";"84,0";"8,9";"2755,00";"0,0"
"24/09/2022";"1500";"27,8";"28,6";"27,6";"68,0";"72,0";"66,0";"21,3";"22,8";"21,0";"1013,7";"1014,1";"1013,7";"5,3";"78,0";"8,8";"2837,90";"0,0"
"24/09/2022";"1600";"27,9";"28,3";"27,5";"70,0";"72,0";"68,0";"21,9";"22,4";"21,3";"1012,7";"1013,8";"1012,7";"5,6";"79,0";"9,1";"2757,20";"0,0"
"24/09/2022";"1700";"27,5";"28,1";"27,4";"70,0";"71,0";"68,0";"21,5";"22,1";"21,3";"1012,0";"1012,7";"1012,0";"5,5";"82,0";"9,7";"2440,50";"0,0"
"24/09/2022";"1800";"27,4";"27,8";"27,1";"68,0";"71,0";"68,0";"21,0";"21,7";"20,9";"1011,9";"1012,1";"1011,7";"5,4";"81,0";"9,4";"1878,80";"0,0"
"24/09/2022";"1900";"26,7";"27,4";"26,7";"70,0";"71,0";"68,0";"20,8";"21,1";"20,7";"1012,1";"1012,1";"1011,8";"4,9";"78,0";"9,0";"1196,20";"0,0"
"24/09/2022";"2000";"26,1";"26,8";"26,1";"71,0";"71,0";"70,0";"20,5";"21,1";"20,4";"1012,4";"1012,4";"1012,0";"4,9";"82,0";"8,5";"448,00";"0,0"
"24/09/2022";"2100";"25,8";"26,1";"25,8";"74,0";"75,0";"71,0";"20,9";"21,0";"20,5";"1013,2";"1013,2";"1012,4";"4,3";"80,0";"8,2";"19,30";"0,0"
"24/09/2022";"2200";"25,7";"25,9";"25,7";"75,0";"77,0";"74,0";"21,0";"21,5";"20,9";"1014,1";"1014,1";"1013,1";"3,7";"77,0";"9,1";"";"0,0"
"24/09/2022";"2300";"25,7";"25,8";"25,6";"76,0";"79,0";"75,0";"21,2";"21,6";"21,0";"1014,8";"1014,9";"1014,1";"4,0";"80,0";"7,8";"";"0,0"
"25/09/2022";"0000";"25,7";"25,8";"25,6";"76,0";"78,0";"76,0";"21,0";"21,6";"21,0";"1015,7";"1015,7";"1014,8";"3,7";"78,0";"8,7";"";"0,0"
"25/09/2022";"0100";"25,5";"25,7";"25,5";"78,0";"79,0";"75,0";"21,4";"21,7";"21,0";"1016,0";"1016,0";"1015,7";"3,5";"79,0";"9,3";"";"0,0"
"25/09/2022";"0200";"25,4";"25,6";"25,4";"75,0";"78,0";"75,0";"20,7";"21,5";"20,6";"1015,7";"1016,0";"1015,6";"2,3";"70,0";"7,1";"";"0,0"
"25/09/2022";"0300";"25,2";"25,4";"25,2";"75,0";"77,0";"75,0";"20,5";"21,0";"20,5";"1015,1";"1015,7";"1015,1";"2,9";"77,0";"7,4";"";"0,0"
"25/09/2022";"0400";"25,0";"25,3";"25,0";"75,0";"76,0";"74,0";"20,3";"20,6";"20,1";"1014,6";"1015,2";"1014,6";"3,5";"81,0";"7,0";"";"0,0"
"25/09/2022";"0500";"25,1";"25,1";"24,9";"75,0";"76,0";"74,0";"20,4";"20,5";"20,2";"1014,5";"1014,6";"1014,4";"3,6";"79,0";"7,0";"";"0,0"
"25/09/2022";"0600";"25,0";"25,1";"25,0";"74,0";"76,0";"73,0";"20,0";"20,5";"19,8";"1014,3";"1014,5";"1014,2";"3,9";"80,0";"7,1";"";"0,0"
"25/09/2022";"0700";"25,0";"25,1";"24,9";"70,0";"74,0";"70,0";"19,2";"20,0";"19,2";"1014,3";"1014,3";"1014,2";"4,2";"82,0";"6,8";"";"0,0"
"25/09/2022";"0800";"24,7";"25,0";"24,6";"73,0";"73,0";"70,0";"19,6";"19,6";"19,2";"1014,8";"1014,8";"1014,2";"2,8";"77,0";"6,8";"";"0,0"
"25/09/2022";"0900";"25,2";"25,2";"24,6";"70,0";"73,0";"70,0";"19,3";"19,6";"19,3";"1015,4";"1015,4";"1014,8";"3,0";"79,0";"5,7";"92,20";"0,0"
"25/09/2022";"1000";"26,2";"26,2";"25,2";"66,0";"70,0";"65,0";"19,3";"19,5";"18,9";"1015,9";"1015,9";"1015,3";"3,0";"79,0";"6,1";"645,20";"0,0"
"25/09/2022";"1100";"27,0";"27,0";"26,2";"63,0";"66,0";"63,0";"19,5";"19,9";"18,9";"1016,5";"1016,5";"1015,8";"3,3";"76,0";"6,2";"1450,40";"0,0"
"25/09/2022";"1200";"26,5";"27,7";"26,4";"64,0";"65,0";"61,0";"19,1";"20,2";"18,9";"1017,0";"1017,0";"1016,5";"3,3";"76,0";"6,5";"1889,70";"0,0"
"25/09/2022";"1300";"";"";"";"";"";"";"";"";"";"";"";"";"";"";"";"";""
"25/09/2022";"1400";"27,9";"28,3";"27,1";"60,0";"65,0";"60,0";"19,3";"20,4";"19,0";"1016,4";"1016,8";"1016,4";"2,5";"82,0";"7,0";"2832,10";"0,0"
"25/09/2022";"1500";"28,2";"28,8";"27,4";"60,0";"63,0";"58,0";"19,7";"20,3";"18,7";"1015,8";"1016,4";"1015,8";"2,8";"74,0";"5,8";"2876,30";"0,0"
"25/09/2022";"1600";"28,0";"28,8";"27,7";"58,0";"60,0";"55,0";"19,1";"19,8";"18,3";"1014,9";"1015,8";"1014,8";"2,0";"85,0";"6,1";"2808,10";"0,0"
"25/09/2022";"1700";"28,4";"28,9";"27,7";"56,0";"58,0";"53,0";"18,8";"19,4";"17,6";"1014,4";"1014,9";"1014,3";"1,9";"119,0";"6,1";"2506,40";"0,0"
"25/09/2022";"1800";"27,6";"28,8";"27,2";"56,0";"59,0";"53,0";"18,1";"19,0";"17,4";"1014,1";"1014,4";"1014,0";"2,0";"174,0";"6,5";"1700,20";"0,0"
"25/09/2022";"1900";"27,2";"28,2";"26,7";"60,0";"61,0";"56,0";"18,7";"19,1";"17,9";"1014,3";"1014,4";"1014,1";"1,9";"171,0";"6,0";"879,20";"0,0"
"25/09/2022";"2000";"26,3";"27,3";"26,2";"65,0";"65,0";"60,0";"19,0";"19,2";"18,3";"1014,5";"1014,6";"1014,3";"1,8";"173,0";"5,4";"309,90";"0,0"
"25/09/2022";"2100";"25,8";"26,3";"25,8";"67,0";"67,0";"64,0";"19,3";"19,3";"18,9";"1015,0";"1015,0";"1014,5";"1,5";"187,0";"4,2";"14,90";"0,0"
"25/09/2022";"2200";"25,8";"26,0";"25,6";"69,0";"69,0";"67,0";"19,7";"19,8";"19,2";"1015,4";"1015,4";"1015,0";"1,4";"298,0";"4,6";"";"0,0"
"25/09/2022";"2300";"25,7";"25,9";"25,5";"70,0";"71,0";"69,0";"19,8";"20,1";"19,7";"1016,0";"1016,0";"1015,4";"1,2";"226,0";"4,2";"";"0,0"
"26/09/2022";"0000";"25,5";"25,8";"25,3";"72,0";"73,0";"70,0";"20,1";"20,4";"19,8";"1016,4";"1016,4";"1016,0";"1,3";"254,0";"4,2";"";"0,0"
"26/09/2022";"0100";"24,5";"25,5";"24,5";"72,0";"75,0";"72,0";"19,2";"20,5";"19,2";"1016,7";"1016,7";"1016,3";"1,5";"250,0";"4,0";"";"0,0"
"26/09/2022";"0200";"25,4";"25,4";"24,3";"75,0";"78,0";"72,0";"20,6";"20,9";"19,2";"1016,4";"1016,7";"1016,4";"1,7";"56,0";"5,1";"";"0,0"
"26/09/2022";"0300";"25,1";"25,4";"24,8";"76,0";"78,0";"75,0";"20,5";"20,9";"20,3";"1015,9";"1016,4";"1015,9";"2,9";"74,0";"5,9";"";"0,0"
"26/09/2022";"0400";"24,6";"25,2";"24,4";"74,0";"76,0";"72,0";"19,6";"20,6";"19,2";"1015,4";"1015,9";"1015,4";"1,0";"237,0";"6,0";"";"0,0"
"26/09/2022";"0500";"24,8";"25,0";"24,4";"76,0";"77,0";"74,0";"20,2";"20,6";"19,6";"1015,0";"1015,4";"1015,0";"1,0";"298,0";"3,3";"";"0,0"
"26/09/2022";"0600";"25,1";"25,2";"24,6";"73,0";"76,0";"73,0";"20,0";"20,5";"20,0";"1014,7";"1015,0";"1014,7";"2,4";"80,0";"6,9";"";"0,0"
"26/09/2022";"0700";"24,8";"25,2";"24,5";"76,0";"77,0";"72,0";"20,4";"20,4";"19,6";"1015,0";"1015,0";"1014,6";"2,4";"77,0";"7,2";"";"0,0"
"26/09/2022";"0800";"25,1";"25,1";"24,7";"71,0";"78,0";"71,0";"19,4";"20,8";"19,4";"1015,5";"1015,5";"1015,0";"4,2";"81,0";"7,7";"";"0,0"
"26/09/2022";"0900";"25,3";"25,4";"24,9";"67,0";"72,0";"67,0";"18,8";"19,8";"18,8";"1016,4";"1016,4";"1015,5";"3,8";"78,0";"7,9";"78,00";"0,0"
"26/09/2022";"1000";"26,3";"26,4";"25,2";"63,0";"69,0";"62,0";"18,8";"19,4";"18,5";"1017,1";"1017,1";"1016,4";"3,8";"80,0";"7,9";"617,40";"0,0"
"26/09/2022";"1100";"27,1";"27,1";"25,9";"60,0";"66,0";"59,0";"18,7";"19,7";"18,3";"1017,9";"1017,9";"1017,1";"3,4";"76,0";"7,2";"1462,00";"0,0"
"26/09/2022";"1200";"27,2";"27,5";"26,8";"59,0";"62,0";"59,0";"18,5";"19,6";"18,4";"1018,1";"1018,2";"1017,8";"4,5";"80,0";"7,5";"2180,90";"0,0"
"26/09/2022";"1300";"27,9";"28,2";"27,1";"59,0";"62,0";"58,0";"19,1";"19,9";"18,5";"1018,1";"1018,2";"1018,0";"2,5";"73,0";"7,5";"2498,60";"0,0"
"26/09/2022";"1400";"28,0";"28,2";"27,2";"57,0";"61,0";"55,0";"18,8";"19,6";"17,9";"1017,6";"1018,1";"1017,6";"2,5";"72,0";"6,8";"2823,60";"0,0"
"26/09/2022";"1500";"27,9";"28,8";"27,4";"54,0";"59,0";"53,0";"17,8";"19,3";"17,7";"1016,6";"1017,6";"1016,6";"1,9";"60,0";"6,6";"2878,40";"0,0"
"26/09/2022";"1600";"28,9";"28,9";"27,4";"53,0";"60,0";"52,0";"18,4";"19,6";"17,7";"1015,8";"1016,6";"1015,8";"1,2";"257,0";"6,4";"2814,00";"0,0"
"26/09/2022";"1700";"28,3";"28,9";"27,6";"54,0";"56,0";"51,0";"18,0";"18,6";"17,3";"1015,1";"1015,8";"1015,1";"2,0";"94,0";"6,0";"2521,20";"0,0"
"26/09/2022";"1800";"27,9";"29,4";"27,6";"55,0";"56,0";"49,0";"18,0";"18,5";"17,0";"1014,8";"1015,1";"1014,8";"1,8";"56,0";"6,2";"1992,70";"0,0"
"26/09/2022";"1900";"27,1";"28,2";"27,0";"55,0";"56,0";"53,0";"17,4";"18,2";"17,0";"1014,6";"1014,8";"1014,6";"0,9";"13,0";"6,0";"1234,50";"0,0"
"26/09/2022";"2000";"26,0";"27,7";"26,0";"62,0";"62,0";"54,0";"18,2";"18,2";"17,2";"1014,8";"1014,8";"1014,6";"1,3";"60,0";"4,7";"396,00";"0,0"
"26/09/2022";"2100";"25,5";"26,1";"25,5";"65,0";"65,0";"62,0";"18,5";"18,5";"18,1";"1015,2";"1015,2";"1014,8";"0,9";"279,0";"3,8";"14,90";"0,0"
"26/09/2022";"2200";"25,1";"25,5";"25,0";"69,0";"69,0";"65,0";"18,9";"19,0";"18,3";"1015,7";"1015,7";"1015,2";"0,8";"318,0";"2,7";"";"0,0"
"26/09/2022";"2300";"25,5";"25,8";"25,1";"66,0";"69,0";"65,0";"18,8";"19,5";"18,5";"1016,3";"1016,3";"1015,7";"2,0";"69,0";"5,4";"";"0,0"
"27/09/2022";"0000";"25,5";"25,6";"25,5";"64,0";"67,0";"64,0";"18,3";"18,9";"18,3";"1016,7";"1016,7";"1016,3";"4,0";"77,0";"7,1";"";"0,0"
"27/09/2022";"0100";"25,4";"25,5";"25,4";"63,0";"65,0";"63,0";"17,7";"18,5";"17,7";"1017,0";"1017,0";"1016,7";"3,7";"79,0";"8,0";"";"0,0"
"27/09/2022";"0200";"25,3";"25,4";"25,3";"61,0";"63,0";"61,0";"17,3";"17,8";"17,3";"1016,7";"1017,1";"1016,7";"2,6";"74,0";"6,3";"";"0,0"
"27/09/2022";"0300";"25,1";"25,3";"25,1";"60,0";"63,0";"60,0";"16,8";"17,6";"16,7";"1016,2";"1016,7";"1016,2";"1,7";"73,0";"6,4";"";"0,0"
"27/09/2022";"0400";"24,5";"25,1";"24,3";"62,0";"62,0";"59,0";"16,8";"16,9";"16,3";"1015,7";"1016,2";"1015,6";"0,7";"63,0";"5,1";"";"0,0"
"27/09/2022";"0500";"23,8";"24,5";"23,6";"65,0";"66,0";"62,0";"16,8";"17,1";"16,5";"1015,2";"1015,7";"1015,2";"0,9";"352,0";"2,8";"";"0,0"
"27/09/2022";"0600";"24,3";"24,4";"23,6";"66,0";"67,0";"65,0";"17,5";"17,8";"16,6";"1015,1";"1015,2";"1015,0";"0,8";"13,0";"3,3";"";"0,0"
"27/09/2022";"0700";"24,5";"24,6";"24,1";"64,0";"66,0";"64,0";"17,3";"17,7";"17,1";"1015,2";"1015,2";"1015,0";"1,2";"52,0";"4,8";"";"0,0"
"27/09/2022";"0800";"24,7";"24,7";"24,2";"62,0";"66,0";"62,0";"16,9";"17,6";"16,9";"1015,6";"1015,6";"1015,2";"2,4";"83,0";"6,4";"";"0,0"
"27/09/2022";"0900";"25,2";"25,2";"24,6";"61,0";"63,0";"60,0";"17,1";"17,2";"16,5";"1016,3";"1016,3";"1015,6";"1,7";"78,0";"6,4";"119,70";"0,0"
"27/09/2022";"1000";"26,0";"26,2";"25,1";"58,0";"61,0";"57,0";"17,1";"17,2";"16,6";"1016,9";"1016,9";"1016,3";"2,3";"75,0";"5,8";"757,80";"0,0"
"27/09/2022";"1100";"26,9";"27,2";"25,9";"54,0";"59,0";"53,0";"16,7";"17,7";"16,0";"1017,6";"1017,6";"1016,8";"1,9";"77,0";"5,7";"1530,00";"0,0"
"27/09/2022";"1200";"27,0";"27,4";"26,5";"52,0";"57,0";"52,0";"16,3";"17,8";"16,3";"1018,0";"1018,1";"1017,6";"3,3";"72,0";"5,7";"2166,30";"0,0"
"27/09/2022";"1300";"27,7";"28,4";"26,8";"52,0";"55,0";"50,0";"16,8";"17,7";"15,9";"1017,9";"1018,1";"1017,9";"1,8";"114,0";"5,7";"2563,10";"0,0"
"27/09/2022";"1400";"27,3";"27,9";"27,0";"52,0";"54,0";"50,0";"16,6";"17,3";"16,0";"1017,3";"1017,9";"1017,3";"2,7";"68,0";"6,1";"2781,20";"0,0"
"27/09/2022";"1500";"28,2";"29,1";"27,0";"50,0";"54,0";"47,0";"16,7";"17,8";"16,0";"1016,5";"1017,3";"1016,5";"1,8";"111,0";"6,3";"2848,50";"0,0"
"27/09/2022";"1600";"27,5";"29,1";"26,9";"52,0";"54,0";"48,0";"16,8";"17,8";"16,0";"1015,5";"1016,5";"1015,5";"2,9";"69,0";"6,5";"2870,30";"0,0"
"27/09/2022";"1700";"27,2";"28,5";"27,2";"51,0";"53,0";"49,0";"16,3";"17,6";"16,2";"1014,8";"1015,5";"1014,8";"1,4";"169,0";"5,9";"2317,70";"0,0"
"27/09/2022";"1800";"28,1";"28,1";"26,7";"53,0";"56,0";"51,0";"17,5";"17,7";"16,3";"1014,5";"1014,9";"1014,5";"1,3";"128,0";"5,9";"1253,00";"0,0"
"27/09/2022";"1900";"26,6";"28,1";"26,1";"61,0";"62,0";"51,0";"18,4";"18,8";"16,4";"1014,4";"1014,6";"1014,4";"1,9";"170,0";"5,1";"884,70";"0,0"
"27/09/2022";"2000";"25,8";"26,6";"25,7";"63,0";"63,0";"61,0";"18,3";"18,6";"18,1";"1014,9";"1014,9";"1014,4";"1,2";"164,0";"5,2";"383,80";"0,0"
"27/09/2022";"2100";"25,2";"25,8";"25,2";"67,0";"67,0";"63,0";"18,7";"18,7";"18,2";"1015,2";"1015,2";"1014,9";"1,3";"187,0";"4,7";"16,10";"0,0"
"27/09/2022";"2200";"25,0";"25,2";"24,9";"69,0";"69,0";"67,0";"18,9";"18,9";"18,6";"1015,8";"1015,8";"1015,2";"1,1";"185,0";"4,1";"";"0,0"
"27/09/2022";"2300";"24,7";"25,0";"24,7";"70,0";"70,0";"69,0";"18,8";"19,0";"18,8";"1016,1";"1016,1";"1015,8";"0,9";"158,0";"3,8";"";"0,0"
"28/09/2022";"0000";"24,7";"24,9";"24,7";"70,0";"71,0";"70,0";"18,9";"19,1";"18,8";"1016,4";"1016,4";"1016,1";"1,3";"179,0";"3,3";"";"0,0"
"28/09/2022";"0100";"24,7";"24,7";"24,3";"73,0";"73,0";"70,0";"19,4";"19,4";"18,9";"1016,6";"1016,6";"1016,4";"1,3";"183,0";"3,3";"";"0,0"
"28/09/2022";"0200";"25,0";"25,0";"24,5";"71,0";"73,0";"70,0";"19,2";"19,4";"19,2";"1016,5";"1016,7";"1016,5";"1,0";"175,0";"2,7";"";"0,0"
"28/09/2022";"0300";"25,0";"25,1";"24,8";"69,0";"71,0";"68,0";"18,8";"19,2";"18,8";"1015,8";"1016,5";"1015,8";"0,8";"93,0";"2,3";"";"0,0"
"28/09/2022";"0400";"22,8";"25,0";"22,8";"88,0";"88,0";"68,0";"20,7";"20,7";"18,7";"1015,0";"1015,8";"1015,0";"0,8";"340,0";"5,9";"";"2,4"
"28/09/2022";"0500";"23,3";"23,3";"22,7";"";"100,0";"88,0";"";"23,2";"20,8";"1014,6";"1015,0";"1014,6";"0,7";"219,0";"1,9";"";"0,0"
"28/09/2022";"0600";"24,3";"24,3";"23,3";"";"";"";"";"";"";"1014,0";"1014,6";"1014,0";"1,6";"76,0";"4,8";"";"0,0"
"28/09/2022";"0700";"23,1";"24,6";"23,0";"98,0";"100,0";"92,0";"22,8";"24,5";"21,8";"1014,2";"1014,3";"1013,9";"2,9";"60,0";"5,8";"";"2,2"
"28/09/2022";"0800";"23,4";"23,4";"22,4";"";"";"";"";"";"";"1014,3";"1014,4";"1014,2";"1,8";"75,0";"8,5";"";"2,4"
"28/09/2022";"0900";"24,5";"24,6";"23,4";"";"";"";"";"";"";"1014,9";"1015,0";"1014,2";"2,8";"62,0";"5,7";"115,20";"0,0"
"28/09/2022";"1000";"25,4";"25,4";"24,5";"81,0";"100,0";"81,0";"22,0";"24,9";"21,9";"1015,7";"1015,7";"1014,9";"3,1";"70,0";"6,4";"520,00";"0,0"
"28/09/2022";"1100";"26,5";"26,9";"25,4";"67,0";"82,0";"67,0";"19,9";"22,3";"19,9";"1016,2";"1016,2";"1015,7";"3,8";"73,0";"6,3";"1569,70";"0,0"
"28/09/2022";"1200";"27,1";"27,5";"26,5";"65,0";"68,0";"63,0";"20,0";"20,8";"19,4";"1016,5";"1016,5";"1016,1";"4,1";"80,0";"7,8";"2216,60";"0,0"
"28/09/2022";"1300";"27,5";"27,6";"26,8";"62,0";"67,0";"61,0";"19,6";"20,5";"19,0";"1016,2";"1016,5";"1016,2";"4,4";"77,0";"7,8";"2534,80";"0,0"
"28/09/2022";"1400";"27,6";"27,8";"27,1";"63,0";"64,0";"59,0";"19,8";"20,1";"18,5";"1015,9";"1016,3";"1015,9";"3,7";"74,0";"7,7";"2844,30";"0,0"
"28/09/2022";"1500";"27,7";"27,9";"27,2";"61,0";"64,0";"60,0";"19,6";"20,2";"19,0";"1015,0";"1015,9";"1015,0";"4,1";"81,0";"7,4";"2991,90";"0,0"
"28/09/2022";"1600";"27,6";"28,2";"27,2";"59,0";"62,0";"58,0";"18,9";"19,9";"18,7";"1014,1";"1015,0";"1014,0";"4,0";"76,0";"7,6";"2873,60";"0,0"
"28/09/2022";"1700";"27,3";"28,0";"27,1";"60,0";"63,0";"59,0";"19,0";"19,9";"18,7";"1013,1";"1014,1";"1013,1";"3,3";"72,0";"7,8";"2485,60";"0,0"
"28/09/2022";"1800";"27,3";"27,8";"27,2";"60,0";"63,0";"59,0";"18,9";"19,7";"18,6";"1013,1";"1013,2";"1012,9";"2,3";"71,0";"6,1";"1992,10";"0,0"
"28/09/2022";"1900";"26,6";"27,7";"26,6";"61,0";"62,0";"59,0";"18,4";"19,5";"18,3";"1013,1";"1013,1";"1012,9";"2,4";"71,0";"6,4";"1345,40";"0,0"
"28/09/2022";"2000";"26,0";"27,0";"25,9";"66,0";"66,0";"60,0";"19,1";"19,2";"18,4";"1013,5";"1013,5";"1013,1";"1,5";"32,0";"6,2";"374,70";"0,0"
"28/09/2022";"2100";"25,6";"26,0";"25,6";"68,0";"68,0";"66,0";"19,2";"19,3";"19,0";"1013,8";"1013,8";"1013,5";"2,0";"67,0";"6,4";"18,00";"0,0"
"28/09/2022";"2200";"25,2";"25,6";"25,1";"69,0";"70,0";"66,0";"19,1";"19,4";"18,8";"1014,6";"1014,6";"1013,8";"1,2";"311,0";"4,9";"";"0,0"
"28/09/2022";"2300";"25,3";"25,5";"25,1";"68,0";"70,0";"66,0";"19,0";"19,4";"18,7";"1015,3";"1015,3";"1014,6";"1,1";"49,0";"4,0";"";"0,0"
"29/09/2022";"0000";"25,2";"25,4";"25,1";"69,0";"69,0";"67,0";"19,1";"19,3";"18,8";"1015,4";"1015,5";"1015,2";"1,9";"73,0";"4,8";"";"0,0"
"29/09/2022";"0100";"25,3";"25,4";"25,2";"71,0";"72,0";"68,0";"19,8";"19,8";"19,0";"1015,7";"1015,8";"1015,4";"2,7";"77,0";"6,0";"";"0,0"
"29/09/2022";"0200";"25,2";"25,5";"25,2";"69,0";"72,0";"69,0";"19,3";"20,0";"19,2";"1015,7";"1015,8";"1015,6";"2,3";"75,0";"6,6";"";"0,0"
"29/09/2022";"0300";"25,1";"25,3";"25,0";"71,0";"71,0";"69,0";"19,5";"19,6";"19,3";"1015,3";"1015,7";"1015,3";"2,4";"75,0";"5,2";"";"0,0"
"29/09/2022";"0400";"25,1";"25,3";"24,9";"71,0";"73,0";"71,0";"19,5";"19,9";"19,5";"1014,8";"1015,3";"1014,7";"2,0";"78,0";"5,2";"";"0,0"
"29/09/2022";"0500";"23,8";"25,1";"23,8";"75,0";"75,0";"70,0";"19,2";"19,7";"19,2";"1014,4";"1014,8";"1014,4";"2,9";"38,0";"5,5";"";"0,0"
"29/09/2022";"0600";"22,5";"23,8";"22,5";"89,0";"89,0";"75,0";"20,6";"20,6";"19,1";"1014,3";"1014,4";"1014,3";"1,3";"37,0";"7,5";"";"1,0"
"29/09/2022";"0700";"22,0";"22,6";"22,0";"";"100,0";"89,0";"";"22,3";"20,7";"1014,1";"1014,3";"1014,1";"0,4";"225,0";"3,0";"";"0,0"
"29/09/2022";"0800";"22,5";"22,6";"21,9";"";"";"";"";"";"";"1014,6";"1014,7";"1014,1";"0,9";"220,0";"2,1";"";"0,0"
"29/09/2022";"0900";"23,1";"23,1";"22,1";"";"";"";"";"";"";"1015,0";"1015,0";"1014,6";"0,8";"229,0";"1,9";"166,50";"0,0"
"29/09/2022";"1000";"26,4";"26,4";"23,1";"";"";"";"";"";"";"1015,4";"1015,4";"1015,0";"2,4";"76,0";"5,2";"817,70";"0,0"
"29/09/2022";"1100";"25,9";"26,9";"25,6";"79,0";"100,0";"79,0";"22,0";"26,7";"22,0";"1015,9";"1015,9";"1015,4";"2,4";"79,0";"6,4";"944,00";"0,0"
"29/09/2022";"1200";"27,0";"27,5";"25,8";"69,0";"79,0";"67,0";"20,8";"22,2";"20,4";"1016,2";"1016,2";"1015,9";"3,5";"77,0";"6,7";"2132,60";"0,0"
"29/09/2022";"1300";"27,1";"27,8";"26,5";"66,0";"71,0";"63,0";"20,3";"21,7";"19,4";"1016,0";"1016,3";"1016,0";"2,6";"72,0";"7,4";"2479,80";"0,0"
"29/09/2022";"1400";"27,8";"27,8";"26,7";"64,0";"68,0";"63,0";"20,4";"20,8";"19,5";"1015,4";"1016,0";"1015,4";"2,7";"74,0";"6,7";"2751,00";"0,0"
"29/09/2022";"1500";"27,8";"28,7";"27,3";"60,0";"65,0";"59,0";"19,2";"20,8";"19,1";"1014,8";"1015,4";"1014,8";"3,0";"74,0";"6,8";"2974,50";"0,0"
"29/09/2022";"1600";"27,3";"28,4";"27,1";"61,0";"63,0";"58,0";"19,0";"19,9";"18,8";"1014,0";"1014,9";"1014,0";"3,6";"76,0";"6,7";"2843,80";"0,0"
"29/09/2022";"1700";"27,6";"28,2";"27,1";"58,0";"62,0";"57,0";"18,6";"19,6";"18,2";"1013,1";"1014,0";"1013,1";"3,1";"71,0";"6,9";"2620,20";"0,0"
"29/09/2022";"1800";"27,2";"27,7";"26,6";"61,0";"62,0";"58,0";"19,1";"19,4";"18,1";"1012,9";"1013,1";"1012,9";"3,3";"74,0";"6,9";"1945,90";"0,0"
"29/09/2022";"1900";"26,7";"27,5";"26,5";"61,0";"63,0";"59,0";"18,7";"19,7";"18,5";"1013,0";"1013,0";"1012,8";"2,1";"70,0";"6,7";"1231,00";"0,0"
"29/09/2022";"2000";"25,9";"26,8";"25,9";"65,0";"65,0";"61,0";"18,7";"19,1";"18,3";"1013,2";"1013,2";"1012,9";"1,6";"77,0";"5,5";"336,80";"0,0"
"29/09/2022";"2100";"25,5";"25,9";"25,5";"65,0";"66,0";"64,0";"18,4";"18,9";"18,4";"1013,4";"1013,4";"1013,1";"1,6";"71,0";"4,8";"23,70";"0,0"
"29/09/2022";"2200";"25,5";"25,6";"25,4";"65,0";"65,0";"64,0";"18,5";"18,5";"18,2";"1013,8";"1013,9";"1013,3";"2,5";"75,0";"6,1";"";"0,0"
"29/09/2022";"2300";"25,5";"25,5";"25,4";"65,0";"67,0";"65,0";"18,4";"18,8";"18,4";"1014,7";"1014,7";"1013,8";"2,9";"76,0";"6,0";"";"0,0"
"30/09/2022";"0000";"25,3";"25,5";"25,2";"66,0";"67,0";"65,0";"18,4";"18,7";"18,4";"1015,0";"1015,0";"1014,7";"2,7";"79,0";"6,0";"";"0,0"
"30/09/2022";"0100";"25,2";"25,3";"25,1";"68,0";"69,0";"65,0";"19,0";"19,0";"18,3";"1015,2";"1015,3";"1015,0";"2,9";"78,0";"5,2";"";"0,0"
"30/09/2022";"0200";"25,3";"25,4";"25,1";"68,0";"69,0";"67,0";"19,0";"19,3";"18,7";"1015,0";"1015,2";"1015,0";"3,0";"77,0";"6,0";"";"0,0"
"30/09/2022";"0300";"25,0";"25,3";"25,0";"68,0";"70,0";"67,0";"18,8";"19,2";"18,7";"1014,6";"1015,0";"1014,6";"3,3";"78,0";"6,6";"";"0,0"
"30/09/2022";"0400";"25,1";"25,1";"25,0";"68,0";"70,0";"68,0";"18,8";"19,1";"18,7";"1014,2";"1014,6";"1014,1";"3,0";"80,0";"6,2";"";"0,0"
"30/09/2022";"0500";"25,0";"25,1";"24,9";"69,0";"69,0";"66,0";"18,8";"19,0";"18,1";"1013,9";"1014,2";"1013,9";"2,5";"78,0";"6,3";"";"0,0"
"30/09/2022";"0600";"24,9";"25,0";"24,8";"69,0";"70,0";"68,0";"18,9";"19,1";"18,6";"1014,0";"1014,0";"1013,8";"1,9";"74,0";"5,9";"";"0,0"
"30/09/2022";"0700";"24,3";"24,9";"24,1";"73,0";"73,0";"69,0";"19,3";"19,3";"18,7";"1014,3";"1014,3";"1013,9";"0,7";"291,0";"5,5";"";"0,0"
"30/09/2022";"0800";"24,0";"24,6";"24,0";"76,0";"76,0";"73,0";"19,5";"19,8";"19,2";"1014,9";"1014,9";"1014,3";"0,7";"292,0";"2,4";"";"0,0"
"30/09/2022";"0900";"25,4";"25,4";"23,7";"75,0";"78,0";"75,0";"20,7";"20,8";"19,3";"1015,4";"1015,4";"1014,9";"0,9";"48,0";"2,9";"109,70";"0,0"
"30/09/2022";"1000";"26,3";"26,7";"25,4";"65,0";"75,0";"65,0";"19,2";"20,5";"19,1";"1016,1";"1016,1";"1015,4";"2,5";"74,0";"4,7";"941,10";"0,0"
"30/09/2022";"1100";"26,6";"27,1";"25,7";"64,0";"68,0";"62,0";"19,2";"20,0";"18,4";"1017,0";"1017,0";"1016,1";"1,1";"43,0";"4,7";"1192,60";"0,0"
"30/09/2022";"1200";"24,9";"27,2";"24,2";"78,0";"78,0";"61,0";"20,7";"20,7";"18,7";"1017,2";"1017,4";"1016,9";"1,1";"199,0";"3,6";"1036,40";"1,2"
"30/09/2022";"1300";"27,7";"27,8";"24,8";"68,0";"80,0";"68,0";"21,2";"22,5";"20,6";"1017,0";"1017,2";"1017,0";"1,3";"40,0";"4,0";"1692,30";"0,0"
"30/09/2022";"1400";"27,8";"28,6";"27,3";"60,0";"68,0";"60,0";"19,4";"21,4";"19,3";"1016,7";"1017,0";"1016,7";"1,7";"82,0";"5,6";"2816,10";"0,0"
"30/09/2022";"1500";"28,7";"29,1";"27,3";"55,0";"62,0";"54,0";"18,6";"20,2";"18,5";"1016,2";"1016,7";"1016,2";"1,7";"83,0";"6,3";"2883,90";"0,0"
"30/09/2022";"1600";"27,8";"29,6";"27,7";"56,0";"59,0";"52,0";"18,2";"19,8";"17,7";"1015,6";"1016,2";"1015,6";"2,2";"155,0";"6,9";"2829,10";"0,0"
"30/09/2022";"1700";"28,1";"29,2";"27,5";"54,0";"58,0";"52,0";"18,0";"19,7";"17,6";"1015,4";"1015,7";"1015,4";"1,9";"164,0";"6,9";"2342,10";"0,0"
"30/09/2022";"1800";"27,5";"28,7";"26,9";"55,0";"61,0";"53,0";"17,8";"19,4";"17,6";"1015,3";"1015,5";"1015,2";"1,7";"174,0";"5,6";"1682,10";"0,0"
"30/09/2022";"1900";"26,9";"28,5";"26,9";"58,0";"59,0";"54,0";"18,0";"18,9";"17,2";"1015,1";"1015,3";"1015,1";"1,5";"184,0";"5,8";"1092,80";"0,0"
"30/09/2022";"2000";"26,2";"27,5";"26,2";"62,0";"62,0";"57,0";"18,4";"18,7";"17,9";"1015,4";"1015,4";"1015,1";"1,4";"183,0";"5,0";"367,70";"0,0"
"30/09/2022";"2100";"25,6";"26,2";"25,4";"65,0";"65,0";"62,0";"18,4";"18,5";"18,2";"1015,7";"1015,7";"1015,4";"1,0";"251,0";"4,0";"11,70";"0,0"
"30/09/2022";"2200";"25,2";"25,6";"24,9";"65,0";"66,0";"64,0";"18,1";"18,5";"17,9";"1016,4";"1016,4";"1015,7";"0,8";"282,0";"3,2";"";"0,0"
"30/09/2022";"2300";"25,4";"25,4";"24,9";"65,0";"67,0";"65,0";"18,3";"18,7";"18,1";"1017,0";"1017,0";"1016,3";"1,3";"54,0";"4,4";"";"0,0"
"01/10/2022";"0000";"25,0";"25,4";"24,9";"66,0";"66,0";"65,0";"18,3";"18,6";"18,1";"1017,4";"1017,4";"1017,0";"0,8";"359,0";"4,4";"";"0,0"
"01/10/2022";"0100";"24,8";"25,3";"24,8";"67,0";"67,0";"66,0";"18,1";"18,5";"18,1";"1017,4";"1017,4";"1017,3";"0,9";"340,0";"4,7";"";"0,0"
"01/10/2022";"0200";"24,6";"25,3";"24,6";"66,0";"67,0";"65,0";"17,8";"18,4";"17,7";"1017,0";"1017,4";"1017,0";"1,0";"335,0";"4,7";"";"0,0"
"01/10/2022";"0300";"24,6";"25,0";"24,3";"67,0";"67,0";"65,0";"18,0";"18,3";"17,7";"1016,3";"1017,0";"1016,3";"0,9";"309,0";"2,9";"";"0,0"
"01/10/2022";"0400";"24,7";"24,9";"23,9";"66,0";"67,0";"65,0";"17,9";"18,1";"17,1";"1015,9";"1016,3";"1015,9";"0,9";"354,0";"3,3";"";"0,0"
"01/10/2022";"0500";"24,4";"24,9";"24,3";"66,0";"67,0";"65,0";"17,7";"17,9";"17,3";"1015,4";"1015,9";"1015,4";"0,9";"14,0";"3,6";"";"0,0"
"01/10/2022";"0600";"24,2";"24,7";"24,1";"67,0";"67,0";"65,0";"17,7";"17,8";"17,3";"1015,1";"1015,4";"1015,1";"0,8";"348,0";"4,1";"";"0,0"
"01/10/2022";"0700";"24,5";"24,6";"24,1";"65,0";"67,0";"65,0";"17,6";"18,0";"17,4";"1015,2";"1015,2";"1015,0";"0,8";"31,0";"3,2";"";"0,0"
"01/10/2022";"0800";"24,6";"24,6";"23,4";"65,0";"68,0";"64,0";"17,5";"17,8";"16,9";"1015,4";"1015,4";"1015,2";"1,5";"73,0";"4,2";"";"0,0"
"01/10/2022";"0900";"25,3";"25,3";"23,8";"63,0";"67,0";"63,0";"17,6";"17,9";"17,2";"1016,0";"1016,0";"1015,4";"1,8";"76,0";"3,7";"121,80";"0,0"
"01/10/2022";"1000";"26,5";"26,6";"25,3";"59,0";"64,0";"58,0";"17,8";"18,2";"17,3";"1016,7";"1016,7";"1016,0";"2,6";"71,0";"4,3";"779,30";"0,0"
"01/10/2022";"1100";"26,6";"26,9";"26,1";"55,0";"59,0";"55,0";"16,8";"17,7";"16,8";"1017,2";"1017,2";"1016,6";"2,8";"81,0";"4,9";"1594,80";"0,0"
"01/10/2022";"1200";"27,3";"28,1";"26,3";"55,0";"59,0";"53,0";"17,5";"18,8";"16,7";"1017,4";"1017,4";"1017,2";"2,0";"66,0";"5,0";"1999,70";"0,0"
"01/10/2022";"1300";"27,5";"28,2";"26,8";"55,0";"58,0";"53,0";"17,6";"18,1";"17,1";"1017,2";"1017,4";"1017,2";"1,7";"64,0";"6,2";"2061,80";"0,0"
"01/10/2022";"1400";"27,3";"27,7";"25,6";"56,0";"65,0";"55,0";"17,8";"19,9";"17,1";"1016,9";"1017,5";"1016,9";"2,0";"166,0";"5,4";"1788,80";"0,0"
"01/10/2022";"1500";"28,0";"28,3";"27,0";"55,0";"59,0";"50,0";"18,0";"18,8";"16,3";"1016,2";"1016,9";"1016,2";"2,0";"85,0";"5,9";"2839,30";"0,0"
"01/10/2022";"1600";"28,1";"28,4";"26,9";"55,0";"59,0";"53,0";"18,3";"19,1";"17,3";"1015,4";"1016,2";"1015,4";"2,0";"98,0";"5,6";"2889,10";"0,0"
"01/10/2022";"1700";"27,5";"28,4";"26,9";"57,0";"60,0";"54,0";"18,3";"18,8";"17,5";"1014,8";"1015,4";"1014,8";"2,2";"78,0";"5,9";"2593,40";"0,0"
"01/10/2022";"1800";"27,6";"28,1";"26,3";"58,0";"61,0";"56,0";"18,6";"19,0";"17,7";"1014,7";"1014,9";"1014,6";"2,0";"105,0";"6,0";"1811,80";"0,0"
"01/10/2022";"1900";"26,8";"27,7";"26,2";"57,0";"61,0";"56,0";"17,6";"18,4";"17,3";"1014,6";"1014,7";"1014,5";"2,0";"63,0";"5,7";"1117,00";"0,0"
"01/10/2022";"2000";"25,9";"26,8";"25,9";"60,0";"61,0";"57,0";"17,5";"18,1";"16,9";"1014,9";"1014,9";"1014,6";"2,9";"77,0";"5,2";"445,70";"0,0"
"01/10/2022";"2100";"25,6";"26,0";"25,5";"62,0";"63,0";"59,0";"17,8";"18,0";"17,4";"1015,4";"1015,4";"1014,8";"2,0";"72,0";"5,5";"29,00";"0,0"
"01/10/2022";"2200";"25,5";"25,6";"25,3";"65,0";"65,0";"62,0";"18,4";"18,4";"17,7";"1015,9";"1015,9";"1015,4";"2,4";"75,0";"4,6";"";"0,0"
"01/10/2022";"2300";"25,4";"25,5";"25,4";"64,0";"65,0";"64,0";"18,2";"18,4";"18,1";"1016,7";"1016,7";"1015,9";"2,4";"79,0";"5,0";"";"0,0"
"02/10/2022";"0000";"25,4";"25,5";"25,3";"64,0";"65,0";"63,0";"18,1";"18,3";"18,0";"1017,2";"1017,2";"1016,7";"2,3";"79,0";"5,6";"";"0,0"
"02/10/2022";"0100";"25,3";"25,5";"25,3";"65,0";"65,0";"63,0";"18,3";"18,3";"18,0";"1017,1";"1017,2";"1017,0";"2,8";"79,0";"5,2";"";"0,0"
"02/10/2022";"0200";"25,2";"25,3";"25,2";"65,0";"66,0";"64,0";"18,1";"18,4";"17,9";"1016,9";"1017,2";"1016,9";"2,0";"74,0";"5,9";"";"0,0"
"02/10/2022";"0300";"25,0";"25,2";"25,0";"66,0";"66,0";"65,0";"18,3";"18,4";"18,1";"1016,3";"1016,9";"1016,2";"2,2";"77,0";"5,4";"";"0,0"
"02/10/2022";"0400";"25,0";"25,1";"24,9";"65,0";"67,0";"64,0";"17,9";"18,3";"17,7";"1015,9";"1016,3";"1015,9";"1,1";"70,0";"5,5";"";"0,0"
"02/10/2022";"0500";"25,0";"25,0";"24,7";"64,0";"67,0";"64,0";"17,6";"18,3";"17,6";"1015,1";"1015,9";"1015,1";"2,9";"81,0";"5,2";"";"0,0"
"02/10/2022";"0600";"24,8";"25,0";"24,7";"62,0";"64,0";"62,0";"17,1";"17,7";"17,0";"1014,9";"1015,1";"1014,9";"2,2";"75,0";"5,5";"";"0,0"
"02/10/2022";"0700";"24,7";"24,9";"24,6";"66,0";"66,0";"61,0";"17,9";"17,9";"16,9";"1015,1";"1015,1";"1014,9";"2,2";"75,0";"4,8";"";"0,0"
"02/10/2022";"0800";"23,3";"25,0";"23,3";"68,0";"68,0";"64,0";"17,1";"18,0";"17,0";"1015,5";"1015,5";"1015,1";"1,2";"301,0";"4,8";"";"0,0"
"02/10/2022";"0900";"23,5";"23,5";"23,0";"76,0";"76,0";"68,0";"19,0";"19,0";"17,1";"1015,9";"1015,9";"1015,5";"1,0";"273,0";"3,6";"174,30";"0,0"
"02/10/2022";"1000";"25,8";"25,8";"23,5";"66,0";"76,0";"66,0";"19,0";"19,9";"18,6";"1016,7";"1016,7";"1015,9";"1,1";"41,0";"2,5";"722,10";"0,0"
"02/10/2022";"1100";"27,0";"27,3";"25,7";"55,0";"66,0";"55,0";"17,1";"19,0";"17,1";"1017,1";"1017,1";"1016,7";"3,3";"80,0";"5,5";"1580,40";"0,0"
"02/10/2022";"1200";"27,6";"27,9";"26,7";"53,0";"57,0";"51,0";"17,0";"18,0";"16,3";"1017,5";"1017,5";"1017,1";"3,4";"75,0";"6,0";"2166,50";"0,0"
"02/10/2022";"1300";"27,5";"28,0";"26,9";"53,0";"55,0";"51,0";"17,2";"17,9";"16,3";"1017,1";"1017,6";"1017,1";"3,3";"69,0";"6,3";"2617,20";"0,0"
"02/10/2022";"1400";"27,7";"28,3";"26,9";"53,0";"55,0";"51,0";"17,2";"17,7";"16,3";"1016,8";"1017,2";"1016,7";"3,5";"78,0";"6,3";"2531,30";"0,0"
"02/10/2022";"1500";"27,7";"28,8";"27,3";"53,0";"55,0";"51,0";"17,2";"18,3";"16,8";"1016,2";"1016,8";"1016,2";"3,9";"77,0";"6,6";"3070,20";"0,0"
"02/10/2022";"1600";"27,7";"28,4";"27,0";"53,0";"56,0";"52,0";"17,3";"18,1";"16,9";"1015,3";"1016,2";"1015,3";"3,9";"76,0";"8,3";"2867,70";"0,0"
"02/10/2022";"1700";"27,2";"27,9";"27,2";"55,0";"55,0";"51,0";"17,2";"17,5";"16,5";"1014,6";"1015,3";"1014,6";"3,3";"75,0";"6,9";"2579,80";"0,0"
"02/10/2022";"1800";"27,0";"27,8";"26,7";"54,0";"56,0";"50,0";"16,9";"17,7";"15,9";"1014,3";"1014,7";"1014,2";"3,5";"78,0";"7,5";"2030,40";"0,0"
"02/10/2022";"1900";"26,7";"27,5";"26,4";"55,0";"56,0";"52,0";"16,9";"17,6";"16,1";"1014,2";"1014,3";"1014,1";"2,3";"69,0";"6,5";"1322,40";"0,0"
"02/10/2022";"2000";"25,9";"26,9";"25,9";"56,0";"58,0";"54,0";"16,5";"17,1";"16,4";"1014,5";"1014,5";"1014,1";"3,3";"75,0";"6,5";"563,00";"0,0"
"02/10/2022";"2100";"25,5";"25,9";"25,5";"56,0";"57,0";"54,0";"16,1";"16,4";"15,6";"1015,1";"1015,1";"1014,5";"3,4";"78,0";"6,3";"29,90";"0,0"
"02/10/2022";"2200";"25,3";"25,5";"25,3";"62,0";"62,0";"56,0";"17,4";"17,4";"16,0";"1015,7";"1015,7";"1015,0";"3,2";"78,0";"6,4";"";"0,0"
"02/10/2022";"2300";"25,3";"25,4";"25,2";"63,0";"64,0";"62,0";"17,7";"17,9";"17,4";"1016,4";"1016,4";"1015,6";"3,3";"78,0";"6,0";"";"0,0"
"03/10/2022";"0000";"25,3";"25,4";"25,3";"64,0";"64,0";"63,0";"18,0";"18,2";"17,7";"1016,9";"1016,9";"1016,4";"3,0";"78,0";"6,2";"";"0,0"
"03/10/2022";"0100";"25,4";"25,5";"25,3";"63,0";"64,0";"63,0";"17,9";"18,2";"17,9";"1017,1";"1017,2";"1016,9";"2,8";"76,0";"6,4";"";"0,0"
"03/10/2022";"0200";"25,3";"25,5";"25,3";"63,0";"64,0";"62,0";"17,9";"18,1";"17,4";"1016,6";"1017,1";"1016,6";"3,2";"77,0";"6,5";"";"0,0"
"03/10/2022";"0300";"25,3";"25,4";"25,2";"64,0";"65,0";"63,0";"17,9";"18,4";"17,6";"1016,0";"1016,6";"1016,0";"3,4";"80,0";"6,0";"";"0,0"
"03/10/2022";"0400";"24,8";"25,3";"24,8";"64,0";"64,0";"62,0";"17,7";"17,9";"17,3";"1015,5";"1016,0";"1015,4";"2,8";"74,0";"6,0";"";"0,0"
"03/10/2022";"0500";"24,7";"24,9";"24,6";"66,0";"66,0";"64,0";"17,9";"17,9";"17,5";"1015,2";"1015,5";"1015,2";"2,2";"73,0";"5,1";"";"0,0"
"03/10/2022";"0600";"24,4";"24,7";"24,4";"68,0";"68,0";"65,0";"18,1";"18,1";"17,6";"1014,8";"1015,2";"1014,8";"2,3";"72,0";"5,1";"";"0,0"
"03/10/2022";"0700";"24,2";"24,5";"24,0";"70,0";"70,0";"68,0";"18,4";"18,5";"18,0";"1015,2";"1015,2";"1014,8";"1,5";"47,0";"4,3";"";"0,0"
"03/10/2022";"0800";"22,4";"24,2";"22,3";"76,0";"76,0";"70,0";"18,1";"18,3";"17,5";"1015,6";"1015,6";"1015,2";"0,9";"323,0";"2,8";"";"0,0"
"03/10/2022";"0900";"22,3";"22,5";"22,0";"78,0";"78,0";"76,0";"18,3";"18,3";"17,9";"1016,2";"1016,2";"1015,6";"1,0";"245,0";"1,9";"104,40";"0,0"
"03/10/2022";"1000";"24,2";"24,2";"22,2";"73,0";"78,0";"73,0";"19,1";"19,4";"18,1";"1016,7";"1016,8";"1016,2";"1,1";"319,0";"2,1";"479,90";"0,0"
"03/10/2022";"1100";"26,3";"26,8";"24,2";"60,0";"73,0";"60,0";"17,9";"19,4";"17,9";"1017,4";"1017,4";"1016,7";"2,3";"18,0";"4,1";"1424,20";"0,0"
"03/10/2022";"1200";"27,6";"28,1";"26,2";"55,0";"62,0";"54,0";"17,8";"19,1";"17,6";"1017,8";"1017,8";"1017,4";"3,4";"71,0";"6,2";"2305,30";"0,0"
"03/10/2022";"1300";"27,8";"28,6";"27,2";"54,0";"57,0";"53,0";"17,6";"18,4";"17,3";"1017,8";"1017,9";"1017,7";"4,0";"71,0";"7,3";"2741,90";"0,0"
"03/10/2022";"1400";"27,5";"29,0";"27,4";"50,0";"55,0";"46,0";"16,2";"18,1";"15,4";"1017,0";"1017,8";"1017,0";"4,1";"69,0";"7,3";"2892,60";"0,0"
"03/10/2022";"1500";"28,5";"28,5";"27,4";"50,0";"51,0";"47,0";"16,9";"16,9";"15,7";"1015,9";"1017,1";"1015,9";"3,8";"67,0";"7,2";"2960,90";"0,0"
"03/10/2022";"1600";"28,1";"28,6";"27,4";"48,0";"51,0";"47,0";"16,2";"17,0";"15,6";"1014,8";"1015,9";"1014,7";"4,2";"85,0";"6,9";"2896,10";"0,0"
"03/10/2022";"1700";"27,5";"28,2";"27,3";"51,0";"52,0";"47,0";"16,4";"16,7";"15,5";"1013,9";"1014,8";"1013,8";"4,2";"80,0";"6,8";"2576,10";"0,0"
"03/10/2022";"1800";"27,2";"27,7";"26,8";"53,0";"55,0";"51,0";"16,9";"17,5";"16,3";"1013,3";"1013,9";"1013,2";"3,5";"78,0";"6,7";"2028,40";"0,0"
"03/10/2022";"1900";"26,7";"27,4";"26,7";"55,0";"56,0";"52,0";"17,1";"17,5";"16,5";"1013,4";"1013,5";"1013,2";"4,1";"80,0";"6,5";"1319,10";"0,0"
"03/10/2022";"2000";"26,2";"26,7";"26,2";"55,0";"56,0";"53,0";"16,5";"17,1";"16,2";"1013,6";"1013,6";"1013,3";"3,2";"78,0";"6,9";"558,90";"0,0"
"03/10/2022";"2100";"25,7";"26,2";"25,6";"58,0";"59,0";"55,0";"16,7";"17,0";"16,4";"1013,9";"1014,0";"1013,6";"3,2";"78,0";"6,5";"30,30";"0,0"
"03/10/2022";"2200";"25,5";"25,7";"25,5";"60,0";"60,0";"58,0";"17,2";"17,3";"16,7";"1014,4";"1014,4";"1013,9";"3,8";"78,0";"6,7";"";"0,0"
"03/10/2022";"2300";"25,4";"25,6";"25,4";"59,0";"60,0";"58,0";"16,9";"17,2";"16,7";"1014,9";"1014,9";"1014,4";"4,0";"80,0";"7,2";"";"0,0"
"04/10/2022";"0000";"25,2";"25,4";"25,2";"61,0";"61,0";"59,0";"17,2";"17,3";"16,9";"1015,2";"1015,2";"1014,8";"3,6";"79,0";"6,8";"";"0,0"
"04/10/2022";"0100";"25,2";"25,3";"25,1";"61,0";"62,0";"60,0";"17,0";"17,3";"16,9";"1015,5";"1015,5";"1015,2";"2,7";"75,0";"5,8";"";"0,0"
"04/10/2022";"0200";"25,1";"25,2";"25,0";"60,0";"62,0";"59,0";"16,8";"17,2";"16,6";"1015,2";"1015,5";"1015,2";"2,6";"78,0";"5,9";"";"0,0"
"04/10/2022";"0300";"24,8";"25,1";"24,7";"60,0";"61,0";"58,0";"16,6";"16,9";"16,2";"1014,5";"1015,2";"1014,5";"1,6";"67,0";"4,8";"";"0,0"
"04/10/2022";"0400";"24,6";"24,9";"24,5";"62,0";"62,0";"60,0";"16,7";"17,0";"16,6";"1013,8";"1014,5";"1013,8";"1,6";"57,0";"4,4";"";"0,0"
"04/10/2022";"0500";"24,8";"24,8";"24,3";"61,0";"63,0";"61,0";"16,8";"16,9";"16,5";"1013,4";"1013,8";"1013,4";"1,9";"72,0";"4,0";"";"0,0"
"04/10/2022";"0600";"23,0";"25,0";"23,0";"67,0";"67,0";"60,0";"16,5";"17,0";"16,2";"1013,2";"1013,4";"1013,2";"1,1";"333,0";"4,6";"";"0,0"
"04/10/2022";"0700";"21,9";"23,0";"21,9";"76,0";"76,0";"67,0";"17,4";"17,5";"16,4";"1013,4";"1013,4";"1013,2";"0,7";"332,0";"1,8";"";"0,0"
"04/10/2022";"0800";"22,4";"22,7";"21,9";"78,0";"78,0";"76,0";"18,3";"18,7";"17,5";"1014,0";"1014,0";"1013,4";"0,9";"227,0";"1,8";"";"0,0"
"04/10/2022";"0900";"22,1";"22,4";"21,8";"78,0";"78,0";"77,0";"18,1";"18,3";"17,7";"1014,6";"1014,6";"1014,0";"1,1";"253,0";"2,4";"95,50";"0,0"
"04/10/2022";"1000";"24,7";"24,7";"22,1";"67,0";"78,0";"67,0";"18,1";"18,9";"18,1";"1015,3";"1015,3";"1014,6";"0,7";"248,0";"1,9";"820,70";"0,0"
"04/10/2022";"1100";"26,9";"26,9";"24,7";"60,0";"67,0";"59,0";"18,4";"18,7";"17,9";"1016,1";"1016,1";"1015,3";"2,2";"72,0";"4,3";"1564,70";"0,0"
"04/10/2022";"1200";"27,1";"27,8";"26,7";"59,0";"60,0";"57,0";"18,3";"18,8";"17,9";"1016,2";"1016,2";"1016,1";"3,7";"83,0";"6,0";"2208,40";"0,0"
"04/10/2022";"1300";"27,3";"28,0";"26,9";"60,0";"61,0";"57,0";"18,8";"19,4";"18,1";"1016,1";"1016,2";"1016,0";"3,2";"75,0";"6,3";"2606,70";"0,0"
"04/10/2022";"1400";"27,5";"28,3";"27,0";"59,0";"62,0";"58,0";"18,8";"19,6";"18,2";"1015,3";"1016,1";"1015,3";"4,0";"80,0";"6,9";"2874,40";"0,0"
"04/10/2022";"1500";"28,0";"28,1";"26,8";"58,0";"62,0";"58,0";"19,0";"19,7";"18,4";"1014,4";"1015,3";"1014,4";"4,1";"81,0";"6,8";"2925,20";"0,0"
"04/10/2022";"1600";"27,2";"28,3";"27,2";"59,0";"60,0";"57,0";"18,4";"19,6";"18,4";"1013,3";"1014,4";"1013,3";"4,5";"81,0";"7,5";"2831,10";"0,0"
"04/10/2022";"1700";"27,5";"28,2";"27,0";"60,0";"61,0";"57,0";"19,0";"19,6";"18,4";"1012,7";"1013,3";"1012,5";"4,5";"77,0";"8,0";"2497,20";"0,0"
"04/10/2022";"1800";"27,0";"27,7";"26,8";"62,0";"63,0";"59,0";"19,0";"19,7";"18,6";"1012,2";"1012,7";"1012,2";"4,2";"76,0";"7,9";"1936,00";"0,0"
"04/10/2022";"1900";"26,5";"27,2";"26,4";"64,0";"64,0";"62,0";"19,1";"19,6";"18,9";"1012,3";"1012,3";"1012,1";"4,5";"79,0";"7,9";"1245,20";"0,0"
"04/10/2022";"2000";"26,0";"26,7";"26,0";"65,0";"66,0";"63,0";"19,0";"19,3";"18,8";"1012,9";"1013,0";"1012,2";"4,1";"79,0";"8,1";"470,00";"0,0"
"04/10/2022";"2100";"25,7";"26,0";"25,7";"68,0";"68,0";"65,0";"19,4";"19,4";"18,9";"1013,3";"1013,3";"1012,9";"4,2";"79,0";"7,7";"22,40";"0,0"
"04/10/2022";"2200";"25,8";"25,8";"25,6";"68,0";"69,0";"67,0";"19,5";"19,6";"19,2";"1013,8";"1013,8";"1013,2";"4,2";"78,0";"7,7";"";"0,0"
"04/10/2022";"2300";"25,7";"25,8";"25,6";"68,0";"70,0";"68,0";"19,2";"20,0";"19,2";"1014,2";"1014,2";"1013,7";"3,7";"77,0";"7,3";"";"0,0"
"05/10/2022";"0000";"25,6";"25,7";"25,5";"67,0";"68,0";"66,0";"19,0";"19,2";"18,9";"1014,5";"1014,5";"1014,1";"3,6";"76,0";"7,1";"";"0,0"
"05/10/2022";"0100";"25,5";"25,6";"25,4";"69,0";"70,0";"67,0";"19,5";"19,6";"19,0";"1014,8";"1014,8";"1014,4";"3,8";"78,0";"7,1";"";"0,0"
"05/10/2022";"0200";"25,5";"25,5";"25,4";"69,0";"71,0";"69,0";"19,5";"19,7";"19,3";"1014,5";"1014,8";"1014,4";"4,0";"80,0";"7,2";"";"0,0"
"05/10/2022";"0300";"25,3";"25,5";"25,3";"70,0";"71,0";"68,0";"19,5";"19,6";"19,0";"1013,6";"1014,5";"1013,6";"3,6";"76,0";"7,3";"";"0,0"
"05/10/2022";"0400";"25,0";"25,4";"25,0";"69,0";"70,0";"67,0";"19,0";"19,4";"18,6";"1013,3";"1013,6";"1013,1";"3,3";"79,0";"7,5";"";"0,0"
"05/10/2022";"0500";"25,0";"25,1";"25,0";"69,0";"70,0";"68,0";"19,0";"19,2";"18,7";"1013,1";"1013,3";"1013,0";"3,3";"79,0";"6,2";"";"0,0"
"05/10/2022";"0600";"25,1";"25,3";"24,9";"67,0";"70,0";"67,0";"18,6";"19,0";"18,6";"1013,0";"1013,2";"1012,9";"3,4";"73,0";"6,1";"";"0,0"
"05/10/2022";"0700";"25,1";"25,3";"24,9";"69,0";"70,0";"67,0";"19,0";"19,1";"18,5";"1012,9";"1013,0";"1012,8";"3,3";"73,0";"6,2";"";"0,0"
"05/10/2022";"0800";"25,0";"25,1";"24,9";"69,0";"70,0";"69,0";"19,1";"19,1";"18,9";"1013,2";"1013,2";"1012,8";"3,1";"71,0";"6,4";"";"0,0"
"05/10/2022";"0900";"25,5";"25,5";"24,9";"69,0";"70,0";"68,0";"19,3";"19,3";"18,8";"1014,0";"1014,0";"1013,2";"2,7";"58,0";"5,7";"71,70";"0,0"
"05/10/2022";"1000";"26,5";"26,7";"25,5";"62,0";"69,0";"61,0";"18,6";"19,8";"18,6";"1014,9";"1014,9";"1014,0";"3,4";"71,0";"6,9";"802,20";"0,0"
"05/10/2022";"1100";"27,5";"27,5";"26,5";"60,0";"62,0";"59,0";"19,0";"19,1";"18,3";"1015,5";"1015,5";"1014,9";"3,3";"66,0";"7,6";"1541,20";"0,0"
"05/10/2022";"1200";"27,8";"28,0";"27,1";"58,0";"61,0";"58,0";"18,8";"19,5";"18,3";"1015,8";"1015,9";"1015,5";"2,7";"78,0";"7,1";"2179,20";"0,0"
"05/10/2022";"1300";"27,8";"28,6";"27,4";"57,0";"61,0";"50,0";"18,6";"19,6";"16,7";"1015,4";"1015,8";"1015,4";"2,8";"77,0";"5,2";"2558,80";"0,0"
"05/10/2022";"1400";"27,8";"28,5";"27,5";"54,0";"59,0";"51,0";"17,8";"19,0";"16,8";"1015,0";"1015,5";"1015,0";"3,7";"79,0";"5,8";"2790,90";"0,0"
"05/10/2022";"1500";"27,9";"28,7";"27,4";"57,0";"59,0";"52,0";"18,5";"19,5";"17,3";"1014,3";"1015,1";"1014,3";"4,2";"77,0";"7,3";"2895,80";"0,0"
"05/10/2022";"1600";"28,4";"28,9";"27,6";"56,0";"59,0";"55,0";"18,9";"19,4";"18,1";"1013,0";"1014,4";"1013,0";"3,9";"82,0";"7,2";"2842,60";"0,0"
"05/10/2022";"1700";"27,7";"28,4";"27,1";"61,0";"64,0";"55,0";"19,5";"20,1";"18,3";"1012,4";"1013,0";"1012,4";"3,7";"77,0";"6,9";"2210,80";"0,0"
"05/10/2022";"1800";"27,1";"28,0";"26,9";"66,0";"68,0";"61,0";"20,1";"20,9";"19,3";"1012,1";"1012,5";"1012,0";"4,1";"75,0";"7,5";"1657,30";"0,0"
"05/10/2022";"1900";"26,9";"27,5";"26,6";"67,0";"67,0";"64,0";"20,2";"20,6";"19,6";"1011,9";"1012,1";"1011,7";"3,6";"74,0";"6,9";"1261,80";"0,0"
"05/10/2022";"2000";"25,9";"26,9";"25,9";"71,0";"72,0";"67,0";"20,3";"20,6";"19,9";"1012,2";"1012,3";"1011,9";"3,7";"79,0";"6,5";"355,50";"0,0"
"05/10/2022";"2100";"25,5";"25,9";"25,5";"76,0";"76,0";"71,0";"21,0";"21,0";"20,2";"1012,8";"1012,8";"1012,2";"2,5";"72,0";"5,9";"19,70";"0,0"
"05/10/2022";"2200";"25,5";"25,6";"25,5";"77,0";"78,0";"76,0";"21,2";"21,4";"20,9";"1013,3";"1013,3";"1012,7";"2,5";"75,0";"5,5";"";"0,0"
"05/10/2022";"2300";"25,6";"25,6";"25,4";"80,0";"80,0";"77,0";"21,9";"21,9";"21,2";"1013,9";"1013,9";"1013,3";"2,8";"78,0";"5,7";"";"0,0"
"06/10/2022";"0000";"25,4";"25,7";"25,0";"87,0";"87,0";"80,0";"23,1";"23,1";"21,4";"1014,2";"1014,2";"1013,9";"1,9";"44,0";"5,5";"";"0,0"
"06/10/2022";"0100";"25,6";"25,8";"25,4";"82,0";"89,0";"82,0";"22,3";"23,7";"22,1";"1014,4";"1014,5";"1014,2";"3,4";"73,0";"7,0";"";"0,0"
"06/10/2022";"0200";"25,7";"25,9";"25,6";"83,0";"85,0";"82,0";"22,6";"23,1";"22,3";"1014,1";"1014,6";"1014,1";"3,4";"71,0";"6,7";"";"0,0"
"06/10/2022";"0300";"25,6";"25,7";"25,6";"81,0";"84,0";"81,0";"22,1";"22,7";"22,0";"1013,6";"1014,1";"1013,6";"3,2";"77,0";"7,1";"";"0,0"
"06/10/2022";"0400";"25,4";"25,8";"25,4";"81,0";"82,0";"80,0";"22,0";"22,3";"21,9";"1013,2";"1013,6";"1013,1";"2,7";"72,0";"6,2";"";"0,0"
"06/10/2022";"0500";"25,0";"25,4";"24,6";"89,0";"89,0";"81,0";"23,0";"23,0";"21,9";"1013,0";"1013,2";"1013,0";"1,6";"72,0";"6,6";"";"0,0"
"06/10/2022";"0600";"25,6";"25,8";"25,0";"86,0";"89,0";"85,0";"23,1";"23,2";"23,0";"1013,1";"1013,2";"1012,9";"3,3";"78,0";"6,4";"";"0,0"
"06/10/2022";"0700";"25,6";"25,7";"25,5";"88,0";"88,0";"85,0";"23,5";"23,5";"22,8";"1013,5";"1013,5";"1013,1";"2,5";"67,0";"5,8";"";"0,0"
"06/10/2022";"0800";"25,7";"25,8";"25,5";"86,0";"88,0";"86,0";"23,2";"23,4";"23,2";"1014,1";"1014,1";"1013,5";"2,4";"74,0";"4,6";"";"0,0"
"06/10/2022";"0900";"25,9";"25,9";"25,5";"85,0";"87,0";"85,0";"23,2";"23,3";"23,0";"1014,8";"1014,8";"1014,1";"2,6";"81,0";"4,6";"56,70";"0,0"
"06/10/2022";"1000";"27,1";"27,3";"25,9";"80,0";"85,0";"80,0";"23,4";"23,8";"22,9";"1015,6";"1015,6";"1014,8";"1,6";"69,0";"4,6";"476,60";"0,0"
"06/10/2022";"1100";"27,1";"27,5";"26,7";"77,0";"81,0";"76,0";"22,8";"23,6";"22,3";"1015,9";"1016,0";"1015,6";"3,4";"77,0";"5,8";"1136,10";"0,0"
"06/10/2022";"1200";"28,1";"28,5";"27,0";"70,0";"78,0";"70,0";"22,1";"23,5";"21,9";"1016,1";"1016,1";"1015,8";"3,9";"77,0";"7,4";"2140,00";"0,0"
"06/10/2022";"1300";"28,3";"28,8";"27,7";"65,0";"72,0";"65,0";"21,2";"22,8";"21,0";"1015,8";"1016,1";"1015,7";"4,4";"80,0";"7,1";"2644,60";"0,0"
"06/10/2022";"1400";"28,6";"28,9";"28,0";"66,0";"67,0";"62,0";"21,5";"21,7";"20,5";"1015,4";"1015,8";"1015,4";"4,1";"82,0";"7,9";"2859,90";"0,0"
"06/10/2022";"1500";"28,5";"29,0";"27,8";"63,0";"68,0";"63,0";"20,7";"22,0";"20,7";"1014,5";"1015,4";"1014,5";"4,0";"75,0";"7,4";"2936,00";"0,0"
"06/10/2022";"1600";"28,3";"29,7";"28,1";"59,0";"65,0";"57,0";"19,5";"21,5";"19,4";"1013,4";"1014,6";"1013,4";"2,2";"82,0";"7,6";"2851,00";"0,0"
"06/10/2022";"1700";"28,9";"30,1";"28,3";"58,0";"60,0";"56,0";"20,0";"20,8";"19,3";"1013,0";"1013,4";"1012,9";"1,6";"48,0";"6,3";"2517,50";"0,0"
"06/10/2022";"1800";"28,9";"30,0";"28,3";"60,0";"63,0";"57,0";"20,4";"21,4";"19,9";"1012,8";"1013,0";"1012,7";"1,2";"36,0";"4,4";"1970,30";"0,0"
"06/10/2022";"1900";"28,0";"29,5";"28,0";"61,0";"62,0";"59,0";"19,8";"21,1";"19,6";"1012,5";"1012,9";"1012,4";"1,6";"69,0";"6,4";"1266,20";"0,0"
"06/10/2022";"2000";"27,3";"28,2";"27,3";"63,0";"64,0";"61,0";"19,7";"20,3";"19,7";"1012,8";"1012,8";"1012,5";"1,0";"66,0";"5,7";"530,90";"0,0"
"06/10/2022";"2100";"26,6";"27,3";"26,6";"71,0";"71,0";"63,0";"20,8";"20,9";"19,8";"1013,3";"1013,3";"1012,7";"1,9";"72,0";"5,2";"27,60";"0,0"
"06/10/2022";"2200";"26,3";"26,6";"26,3";"77,0";"77,0";"71,0";"21,9";"21,9";"20,8";"1013,7";"1013,7";"1013,2";"2,2";"72,0";"6,6";"";"0,0"
"06/10/2022";"2300";"26,1";"26,3";"26,1";"80,0";"80,0";"77,0";"22,4";"22,4";"21,9";"1014,2";"1014,2";"1013,6";"2,4";"78,0";"6,3";"";"0,0"
"07/10/2022";"0000";"26,0";"26,1";"26,0";"82,0";"82,0";"80,0";"22,8";"22,8";"22,4";"1014,6";"1014,7";"1014,2";"3,6";"79,0";"6,7";"";"0,0"
"07/10/2022";"0100";"26,0";"26,1";"26,0";"81,0";"83,0";"81,0";"22,4";"22,9";"22,4";"1014,9";"1015,0";"1014,6";"4,0";"79,0";"7,8";"";"0,0"
"07/10/2022";"0200";"25,9";"26,0";"25,8";"81,0";"81,0";"80,0";"22,4";"22,5";"22,2";"1014,3";"1014,9";"1014,3";"4,1";"77,0";"7,8";"";"0,0"
"07/10/2022";"0300";"25,8";"25,9";"25,7";"80,0";"81,0";"79,0";"22,0";"22,4";"22,0";"1013,4";"1014,3";"1013,4";"3,3";"76,0";"7,7";"";"0,0"
"07/10/2022";"0400";"25,7";"25,9";"25,7";"79,0";"80,0";"79,0";"21,8";"22,2";"21,7";"1012,6";"1013,4";"1012,6";"3,4";"68,0";"6,7";"";"0,0"
"07/10/2022";"0500";"25,5";"25,7";"25,5";"80,0";"81,0";"78,0";"21,9";"22,0";"21,6";"1012,4";"1012,7";"1012,4";"3,1";"77,0";"6,7";"";"0,0"
"07/10/2022";"0600";"25,5";"25,6";"25,5";"79,0";"80,0";"77,0";"21,6";"21,9";"21,3";"1012,4";"1012,6";"1012,4";"2,7";"75,0";"5,9";"";"0,0"
"07/10/2022";"0700";"25,8";"25,8";"25,5";"79,0";"80,0";"79,0";"21,8";"22,0";"21,5";"1013,0";"1013,0";"1012,3";"2,9";"81,0";"6,2";"";"0,0"
"07/10/2022";"0800";"25,8";"25,9";"25,6";"77,0";"79,0";"77,0";"21,6";"21,8";"21,5";"1013,2";"1013,2";"1012,8";"2,6";"81,0";"6,5";"";"0,0"
"07/10/2022";"0900";"26,0";"26,0";"25,8";"75,0";"77,0";"75,0";"21,3";"21,6";"21,1";"1013,9";"1014,0";"1013,2";"3,3";"80,0";"6,1";"49,40";"0,0"
"07/10/2022";"1000";"26,3";"26,4";"26,0";"73,0";"76,0";"73,0";"21,2";"21,5";"20,9";"1014,8";"1014,8";"1013,9";"3,5";"79,0";"6,8";"289,20";"0,0"
"07/10/2022";"1100";"26,8";"27,0";"26,3";"70,0";"73,0";"70,0";"20,9";"21,3";"20,8";"1015,6";"1015,6";"1014,8";"3,7";"79,0";"6,1";"756,10";"0,0"
"07/10/2022";"1200";"27,4";"27,6";"26,7";"71,0";"72,0";"70,0";"21,7";"22,0";"20,9";"1016,0";"1016,0";"1015,6";"4,2";"77,0";"6,4";"1215,80";"0,0"
"07/10/2022";"1300";"28,2";"28,6";"27,1";"65,0";"72,0";"65,0";"21,1";"22,2";"20,9";"1015,8";"1016,1";"1015,7";"4,2";"81,0";"6,7";"2048,30";"0,0"
"07/10/2022";"1400";"28,0";"28,9";"27,7";"65,0";"67,0";"63,0";"20,8";"21,6";"20,5";"1015,4";"1015,8";"1015,4";"3,8";"74,0";"6,9";"2919,00";"0,0"
"07/10/2022";"1500";"28,6";"28,8";"27,8";"64,0";"67,0";"62,0";"21,1";"21,6";"20,0";"1014,6";"1015,4";"1014,6";"3,8";"74,0";"7,2";"2890,10";"0,0"
"07/10/2022";"1600";"28,1";"29,1";"27,8";"66,0";"66,0";"62,0";"21,1";"21,3";"20,2";"1013,6";"1014,7";"1013,5";"3,6";"73,0";"6,7";"2816,50";"0,0"
"07/10/2022";"1700";"27,6";"29,0";"27,6";"67,0";"67,0";"63,0";"20,9";"21,9";"20,5";"1012,8";"1013,6";"1012,7";"3,8";"80,0";"6,6";"2499,90";"0,0"
"07/10/2022";"1800";"27,5";"28,6";"27,5";"65,0";"68,0";"64,0";"20,3";"21,8";"20,3";"1012,1";"1012,8";"1012,1";"2,4";"66,0";"7,1";"1941,20";"0,0"
"07/10/2022";"1900";"27,2";"28,1";"27,2";"68,0";"68,0";"65,0";"20,6";"21,3";"20,5";"1012,0";"1012,2";"1012,0";"2,9";"72,0";"5,7";"1224,90";"0,0"
"07/10/2022";"2000";"26,7";"27,3";"26,7";"69,0";"70,0";"67,0";"20,6";"21,2";"20,5";"1012,0";"1012,1";"1011,9";"2,4";"73,0";"5,3";"495,70";"0,0"
"07/10/2022";"2100";"26,2";"26,7";"26,1";"74,0";"74,0";"69,0";"21,1";"21,2";"20,5";"1012,4";"1012,4";"1012,0";"3,2";"80,0";"5,9";"25,80";"0,0"
"07/10/2022";"2200";"26,0";"26,2";"26,0";"77,0";"77,0";"73,0";"21,7";"21,7";"21,0";"1012,9";"1012,9";"1012,3";"2,7";"80,0";"5,7";"";"0,0"
"07/10/2022";"2300";"25,8";"26,1";"25,8";"78,0";"78,0";"76,0";"21,8";"21,8";"21,5";"1013,4";"1013,4";"1012,9";"2,1";"76,0";"5,6";"";"0,0"
"08/10/2022";"0000";"25,8";"25,9";"25,8";"80,0";"80,0";"78,0";"22,1";"22,2";"21,8";"1013,8";"1013,8";"1013,4";"3,3";"81,0";"5,1";"";"0,0"
"08/10/2022";"0100";"25,7";"25,8";"25,6";"83,0";"83,0";"80,0";"22,5";"22,5";"22,0";"1013,7";"1013,9";"1013,6";"2,9";"80,0";"5,6";"";"0,0"
"08/10/2022";"0200";"25,7";"25,8";"25,6";"82,0";"85,0";"82,0";"22,4";"23,1";"22,4";"1013,6";"1013,8";"1013,5";"3,3";"78,0";"5,5";"";"0,0"
"08/10/2022";"0300";"25,5";"25,7";"25,5";"84,0";"84,0";"82,0";"22,7";"22,7";"22,2";"1012,8";"1013,6";"1012,8";"3,0";"77,0";"5,4";"";"0,0"
"08/10/2022";"0400";"25,3";"25,6";"25,3";"83,0";"86,0";"83,0";"22,2";"23,0";"22,2";"1012,1";"1012,9";"1012,1";"3,1";"80,0";"5,6";"";"0,0"
"08/10/2022";"0500";"25,2";"25,3";"25,2";"80,0";"83,0";"80,0";"21,6";"22,3";"21,6";"1011,4";"1012,1";"1011,4";"3,5";"76,0";"6,0";"";"0,0"
"08/10/2022";"0600";"25,2";"25,3";"25,2";"78,0";"80,0";"77,0";"21,0";"21,5";"21,0";"1011,2";"1011,4";"1011,1";"3,8";"82,0";"6,3";"";"0,0"
"08/10/2022";"0700";"25,2";"25,3";"25,1";"78,0";"78,0";"76,0";"21,0";"21,2";"20,8";"1011,6";"1011,6";"1011,1";"3,1";"78,0";"6,6";"";"0,0"
"08/10/2022";"0800";"25,4";"25,4";"25,2";"77,0";"79,0";"77,0";"21,0";"21,4";"21,0";"1012,2";"1012,2";"1011,6";"3,2";"78,0";"6,9";"";"0,0"
"08/10/2022";"0900";"25,7";"25,7";"25,3";"72,0";"77,0";"71,0";"20,2";"21,0";"20,0";"1013,0";"1013,0";"1012,2";"3,3";"80,0";"6,5";"142,50";"0,0"
"08/10/2022";"1000";"26,6";"26,8";"25,7";"68,0";"72,0";"68,0";"20,3";"20,7";"20,1";"1013,6";"1013,6";"1013,0";"3,4";"80,0";"7,1";"785,20";"0,0"
"08/10/2022";"1100";"27,2";"27,3";"26,5";"65,0";"69,0";"64,0";"20,1";"20,4";"19,7";"1014,2";"1014,2";"1013,5";"3,8";"78,0";"6,8";"1581,60";"0,0"
"08/10/2022";"1200";"27,7";"28,3";"26,9";"64,0";"67,0";"62,0";"20,3";"20,9";"19,9";"1014,4";"1014,5";"1014,1";"3,8";"73,0";"7,4";"2205,40";"0,0"
"08/10/2022";"1300";"27,5";"28,6";"26,8";"61,0";"67,0";"60,0";"19,3";"21,0";"19,3";"1014,3";"1014,5";"1014,2";"4,2";"79,0";"7,3";"2391,80";"0,0"
"08/10/2022";"1400";"28,0";"28,4";"27,5";"61,0";"63,0";"60,0";"19,8";"20,7";"19,3";"1013,8";"1014,3";"1013,7";"4,5";"80,0";"7,3";"2849,20";"0,0"
"08/10/2022";"1500";"28,2";"28,8";"27,7";"61,0";"63,0";"59,0";"20,0";"20,7";"19,3";"1013,0";"1013,8";"1013,0";"4,2";"80,0";"6,9";"2957,00";"0,0"
"08/10/2022";"1600";"27,8";"28,6";"27,4";"61,0";"62,0";"58,0";"19,5";"20,4";"18,9";"1011,7";"1013,0";"1011,7";"4,1";"78,0";"7,4";"2887,90";"0,0"
"08/10/2022";"1700";"28,1";"28,1";"27,5";"62,0";"63,0";"60,0";"20,1";"20,3";"19,3";"1011,0";"1011,8";"1011,0";"4,0";"77,0";"7,4";"2445,40";"0,0"
"08/10/2022";"1800";"27,8";"28,1";"27,2";"60,0";"64,0";"59,0";"19,4";"20,4";"18,8";"1010,6";"1011,1";"1010,6";"2,5";"72,0";"7,4";"1940,20";"0,0"
"08/10/2022";"1900";"26,9";"27,8";"26,8";"62,0";"63,0";"60,0";"19,0";"19,6";"18,9";"1010,5";"1010,6";"1010,4";"3,7";"77,0";"7,6";"1240,80";"0,0"
"08/10/2022";"2000";"26,4";"27,1";"26,4";"66,0";"66,0";"62,0";"19,4";"19,5";"18,9";"1011,0";"1011,0";"1010,4";"2,4";"74,0";"6,2";"490,30";"0,0"
"08/10/2022";"2100";"26,0";"26,4";"25,9";"70,0";"71,0";"66,0";"20,2";"20,3";"19,4";"1011,6";"1011,7";"1010,9";"3,5";"79,0";"5,9";"23,10";"0,0"
"08/10/2022";"2200";"26,1";"26,2";"25,9";"71,0";"72,0";"70,0";"20,4";"20,7";"20,2";"1012,5";"1012,6";"1011,6";"4,2";"77,0";"7,5";"";"0,0"
"08/10/2022";"2300";"25,9";"26,1";"25,9";"72,0";"73,0";"69,0";"20,6";"20,6";"19,9";"1013,3";"1013,3";"1012,5";"3,5";"76,0";"7,7";"";"0,0"
"09/10/2022";"0000";"26,0";"26,0";"25,8";"74,0";"75,0";"72,0";"21,1";"21,1";"20,5";"1014,0";"1014,0";"1013,3";"3,7";"78,0";"7,2";"";"0,0"
"09/10/2022";"0100";"26,0";"26,1";"25,8";"73,0";"76,0";"73,0";"20,8";"21,3";"20,8";"1014,4";"1014,5";"1014,0";"3,1";"78,0";"6,6";"";"0,0"
"09/10/2022";"0200";"25,7";"26,1";"25,7";"76,0";"77,0";"72,0";"21,3";"21,4";"20,7";"1014,0";"1014,4";"1013,9";"2,8";"75,0";"7,6";"";"0,0"
"09/10/2022";"0300";"25,9";"26,0";"25,7";"77,0";"78,0";"76,0";"21,5";"21,6";"21,2";"1013,4";"1014,0";"1013,4";"3,2";"79,0";"6,7";"";"0,0"
"09/10/2022";"0400";"25,8";"25,9";"25,8";"78,0";"78,0";"76,0";"21,8";"21,8";"21,2";"1012,8";"1013,5";"1012,8";"2,7";"79,0";"6,7";"";"0,0"
"09/10/2022";"0500";"25,5";"25,9";"25,5";"81,0";"81,0";"78,0";"22,0";"22,0";"21,8";"1012,5";"1012,8";"1012,4";"2,8";"79,0";"6,4";"";"0,0"
"09/10/2022";"0600";"25,6";"25,7";"25,5";"83,0";"83,0";"81,0";"22,4";"22,4";"21,9";"1012,4";"1012,5";"1012,3";"2,3";"78,0";"5,1";"";"0,0"
"09/10/2022";"0700";"25,5";"25,8";"25,5";"82,0";"83,0";"81,0";"22,3";"22,4";"22,2";"1012,8";"1012,8";"1012,4";"1,5";"72,0";"4,6";"";"0,0"
"09/10/2022";"0800";"25,6";"25,7";"25,0";"83,0";"85,0";"82,0";"22,5";"22,8";"22,1";"1013,3";"1013,3";"1012,8";"2,3";"78,0";"4,2";"";"0,0"
"09/10/2022";"0900";"26,1";"26,1";"25,6";"80,0";"83,0";"80,0";"22,4";"22,5";"21,9";"1014,1";"1014,1";"1013,3";"0,6";"23,0";"4,9";"74,40";"0,0"
"09/10/2022";"1000";"26,4";"27,3";"26,1";"74,0";"80,0";"73,0";"21,3";"22,5";"21,3";"1015,0";"1015,0";"1014,1";"3,4";"75,0";"8,2";"641,30";"0,0"
"09/10/2022";"1100";"28,0";"28,0";"26,2";"61,0";"74,0";"61,0";"19,7";"21,3";"19,6";"1015,7";"1015,8";"1015,0";"1,8";"62,0";"8,2";"739,40";"0,0"
"09/10/2022";"1200";"28,0";"28,7";"27,2";"66,0";"66,0";"60,0";"21,1";"21,1";"19,1";"1016,1";"1016,2";"1015,7";"3,1";"70,0";"7,0";"1747,00";"0,0"
"09/10/2022";"1300";"28,6";"29,3";"27,9";"64,0";"67,0";"62,0";"21,1";"22,3";"20,5";"1015,7";"1016,1";"1015,7";"1,5";"75,0";"6,6";"2507,00";"0,0"
"09/10/2022";"1400";"28,5";"29,6";"28,1";"65,0";"69,0";"61,0";"21,2";"23,0";"20,1";"1015,5";"1015,9";"1015,5";"2,6";"70,0";"6,1";"2755,70";"0,0"
"09/10/2022";"1500";"28,9";"29,7";"27,9";"64,0";"69,0";"63,0";"21,4";"23,0";"20,9";"1014,6";"1015,6";"1014,5";"3,0";"75,0";"7,3";"2726,30";"0,0"
"09/10/2022";"1600";"28,6";"29,6";"28,1";"66,0";"67,0";"62,0";"21,5";"22,2";"20,9";"1013,8";"1014,5";"1013,8";"2,3";"68,0";"7,2";"2736,00";"0,0"
"09/10/2022";"1700";"28,3";"29,1";"28,0";"66,0";"67,0";"63,0";"21,2";"21,7";"20,5";"1013,0";"1013,8";"1012,9";"3,1";"72,0";"7,1";"2413,20";"0,0"
"09/10/2022";"1800";"27,8";"28,5";"27,7";"69,0";"69,0";"64,0";"21,5";"21,7";"20,7";"1012,9";"1013,0";"1012,7";"3,1";"73,0";"8,0";"1862,20";"0,0"
"09/10/2022";"1900";"27,2";"28,0";"27,1";"69,0";"70,0";"68,0";"21,1";"22,0";"20,9";"1012,8";"1013,0";"1012,8";"3,8";"77,0";"8,5";"1166,50";"0,0"
"09/10/2022";"2000";"26,6";"27,4";"26,6";"72,0";"73,0";"69,0";"21,2";"21,4";"21,0";"1013,1";"1013,1";"1012,8";"3,9";"77,0";"7,4";"405,70";"0,0"
"09/10/2022";"2100";"26,4";"26,6";"26,3";"77,0";"79,0";"72,0";"22,1";"22,3";"21,3";"1013,6";"1013,8";"1013,1";"4,3";"82,0";"7,7";"21,60";"0,0"
"09/10/2022";"2200";"26,3";"26,4";"26,3";"74,0";"77,0";"74,0";"21,4";"22,0";"21,3";"1014,0";"1014,0";"1013,5";"4,2";"81,0";"7,4";"";"0,0"
"09/10/2022";"2300";"26,3";"26,3";"26,2";"74,0";"76,0";"74,0";"21,3";"21,7";"21,3";"1014,8";"1014,9";"1014,0";"4,0";"80,0";"7,5";"";"0,0"
"10/10/2022";"0000";"26,3";"26,4";"26,2";"75,0";"76,0";"74,0";"21,6";"21,8";"21,3";"1015,4";"1015,5";"1014,8";"4,5";"80,0";"7,9";"";"0,0"
"10/10/2022";"0100";"26,2";"26,3";"26,2";"75,0";"76,0";"74,0";"21,5";"21,8";"21,3";"1015,5";"1015,6";"1015,4";"3,8";"77,0";"7,9";"";"0,0"
"10/10/2022";"0200";"26,2";"26,3";"26,1";"73,0";"76,0";"73,0";"21,1";"21,6";"21,0";"1015,3";"1015,7";"1015,2";"4,5";"81,0";"8,2";"";"0,0"
"10/10/2022";"0300";"26,2";"26,3";"26,1";"75,0";"75,0";"72,0";"21,3";"21,4";"20,8";"1014,9";"1015,3";"1014,8";"3,7";"79,0";"8,7";"";"0,0"
"10/10/2022";"0400";"26,0";"26,2";"25,9";"77,0";"77,0";"74,0";"21,6";"21,6";"21,2";"1014,3";"1014,9";"1014,3";"2,8";"76,0";"8,0";"";"0,0"
"10/10/2022";"0500";"25,8";"26,0";"25,8";"81,0";"81,0";"74,0";"22,2";"22,2";"20,9";"1014,1";"1014,3";"1014,1";"3,2";"82,0";"7,0";"";"0,0"
"10/10/2022";"0600";"25,9";"25,9";"25,7";"77,0";"81,0";"77,0";"21,6";"22,2";"21,5";"1014,2";"1014,2";"1014,0";"2,4";"78,0";"5,9";"";"0,0"
"10/10/2022";"0700";"25,9";"25,9";"25,6";"79,0";"79,0";"77,0";"22,0";"22,0";"21,4";"1014,4";"1014,5";"1014,2";"1,2";"293,0";"5,7";"";"0,0"
"10/10/2022";"0800";"26,0";"26,0";"25,7";"78,0";"80,0";"78,0";"21,8";"22,1";"21,8";"1015,2";"1015,2";"1014,4";"1,0";"17,0";"4,4";"";"0,0"
"10/10/2022";"0900";"26,2";"26,2";"25,8";"72,0";"78,0";"72,0";"20,7";"21,7";"20,6";"1015,9";"1015,9";"1015,2";"1,8";"64,0";"5,6";"121,20";"0,0"
"10/10/2022";"1000";"27,0";"27,1";"26,2";"67,0";"72,0";"67,0";"20,4";"20,9";"20,3";"1017,0";"1017,0";"1015,9";"2,6";"74,0";"6,8";"752,80";"0,0"
"10/10/2022";"1100";"27,3";"27,4";"26,8";"67,0";"69,0";"66,0";"20,6";"21,0";"20,1";"1017,7";"1017,8";"1016,9";"2,9";"74,0";"6,8";"1004,60";"0,0"
"10/10/2022";"1200";"28,2";"28,3";"27,3";"63,0";"67,0";"63,0";"20,6";"21,0";"20,1";"1018,1";"1018,1";"1017,7";"3,7";"78,0";"6,7";"2076,10";"0,0"
"10/10/2022";"1300";"28,3";"28,8";"27,7";"63,0";"65,0";"59,0";"20,5";"20,9";"19,5";"1018,0";"1018,2";"1017,8";"3,6";"72,0";"8,0";"2487,80";"0,0"
"10/10/2022";"1400";"29,1";"29,3";"27,8";"57,0";"64,0";"56,0";"19,8";"20,8";"19,2";"1017,7";"1018,0";"1017,7";"1,5";"60,0";"7,7";"2778,30";"0,0"
"10/10/2022";"1500";"29,5";"29,8";"28,2";"58,0";"61,0";"55,0";"20,4";"20,7";"19,1";"1017,1";"1017,8";"1017,1";"1,4";"94,0";"6,3";"2730,10";"0,0"
"10/10/2022";"1600";"28,8";"30,0";"27,9";"58,0";"62,0";"56,0";"19,8";"21,0";"19,2";"1016,2";"1017,1";"1016,2";"1,8";"161,0";"6,4";"2618,50";"0,0"
"10/10/2022";"1700";"28,8";"29,3";"28,0";"60,0";"62,0";"58,0";"20,2";"20,6";"19,3";"1015,9";"1016,2";"1015,8";"1,6";"98,0";"6,4";"1875,30";"0,0"
"10/10/2022";"1800";"28,3";"29,4";"27,9";"61,0";"61,0";"56,0";"20,0";"20,7";"19,2";"1015,7";"1015,9";"1015,7";"1,4";"79,0";"4,9";"1880,80";"0,0"
"10/10/2022";"1900";"27,0";"28,6";"26,2";"70,0";"70,0";"60,0";"21,0";"21,0";"19,6";"1015,8";"1015,8";"1015,6";"1,2";"339,0";"4,9";"768,20";"0,0"
"10/10/2022";"2000";"26,6";"27,5";"26,6";"66,0";"70,0";"65,0";"19,8";"20,9";"19,7";"1016,0";"1016,0";"1015,8";"1,3";"302,0";"4,6";"288,70";"0,0"
"10/10/2022";"2100";"26,2";"26,6";"26,2";"70,0";"70,0";"66,0";"20,3";"20,5";"19,7";"1016,6";"1016,6";"1015,9";"1,2";"300,0";"4,6";"12,60";"0,0"
"10/10/2022";"2200";"26,1";"26,3";"25,9";"72,0";"72,0";"70,0";"20,6";"20,6";"20,3";"1017,1";"1017,1";"1016,6";"1,3";"284,0";"3,7";"";"0,0"
"10/10/2022";"2300";"25,9";"26,3";"25,7";"75,0";"76,0";"72,0";"21,2";"21,2";"20,6";"1018,0";"1018,0";"1017,1";"1,3";"258,0";"3,4";"";"0,0"
"11/10/2022";"0000";"25,7";"26,0";"25,7";"76,0";"76,0";"74,0";"21,1";"21,3";"21,0";"1018,6";"1018,6";"1018,0";"1,4";"295,0";"4,5";"";"0,0"
"11/10/2022";"0100";"25,9";"26,0";"25,7";"76,0";"76,0";"75,0";"21,3";"21,4";"21,0";"1018,7";"1018,8";"1018,6";"1,4";"224,0";"4,3";"";"0,0"
"11/10/2022";"0200";"26,0";"26,0";"25,8";"75,0";"76,0";"75,0";"21,3";"21,4";"21,0";"1018,2";"1018,7";"1018,2";"1,7";"185,0";"5,0";"";"0,0"
"11/10/2022";"0300";"25,7";"26,0";"25,6";"76,0";"76,0";"75,0";"21,1";"21,2";"20,8";"1017,8";"1018,2";"1017,8";"1,7";"191,0";"4,5";"";"0,0"
"11/10/2022";"0400";"25,8";"25,9";"25,7";"74,0";"76,0";"74,0";"20,9";"21,2";"20,8";"1017,3";"1017,8";"1017,3";"1,4";"180,0";"5,0";"";"0,0"
"11/10/2022";"0500";"25,6";"25,8";"25,6";"72,0";"74,0";"71,0";"20,1";"20,8";"20,1";"1016,7";"1017,3";"1016,7";"1,4";"235,0";"4,6";"";"0,0"
"11/10/2022";"0600";"25,5";"25,7";"25,5";"71,0";"72,0";"70,0";"19,8";"20,3";"19,7";"1016,4";"1016,8";"1016,4";"1,5";"216,0";"5,0";"";"0,0"
"11/10/2022";"0700";"25,4";"25,6";"25,3";"75,0";"75,0";"71,0";"20,6";"20,6";"19,9";"1016,3";"1016,4";"1016,2";"1,2";"219,0";"4,5";"";"0,0"
"11/10/2022";"0800";"25,4";"25,4";"25,0";"75,0";"75,0";"74,0";"20,7";"20,7";"20,2";"1016,9";"1016,9";"1016,3";"1,3";"189,0";"4,0";"";"0,0"
"11/10/2022";"0900";"25,6";"25,6";"25,3";"70,0";"75,0";"70,0";"19,8";"20,7";"19,8";"1017,3";"1017,3";"1016,9";"1,3";"289,0";"4,7";"97,90";"0,0"
"11/10/2022";"1000";"26,4";"26,5";"25,5";"65,0";"70,0";"65,0";"19,3";"19,9";"19,2";"1017,9";"1017,9";"1017,3";"1,4";"188,0";"4,6";"368,10";"0,0"
"11/10/2022";"1100";"26,3";"26,8";"26,3";"66,0";"66,0";"63,0";"19,3";"19,6";"18,9";"1018,7";"1018,8";"1017,9";"1,8";"200,0";"4,8";"591,00";"0,0"
"11/10/2022";"1200";"26,1";"26,5";"24,9";"62,0";"68,0";"59,0";"18,2";"19,7";"17,7";"1019,1";"1019,2";"1018,7";"2,7";"177,0";"9,4";"1014,90";"0,0"
"11/10/2022";"1300";"28,2";"28,5";"26,1";"55,0";"62,0";"52,0";"18,4";"18,7";"16,9";"1018,8";"1019,1";"1018,7";"1,2";"42,0";"6,9";"1458,40";"0,0"
"11/10/2022";"1400";"28,1";"29,0";"27,7";"59,0";"59,0";"52,0";"19,5";"19,6";"17,6";"1018,3";"1018,8";"1018,3";"2,0";"160,0";"6,6";"2797,80";"0,0"
"11/10/2022";"1500";"28,5";"29,2";"28,2";"55,0";"59,0";"53,0";"18,6";"19,8";"18,1";"1017,6";"1018,3";"1017,6";"2,0";"155,0";"6,6";"2917,00";"0,0"
"11/10/2022";"1600";"27,8";"29,4";"27,5";"60,0";"61,0";"51,0";"19,3";"19,6";"17,6";"1016,7";"1017,6";"1016,6";"1,1";"247,0";"7,0";"1989,60";"0,0"
"11/10/2022";"1700";"27,7";"28,8";"26,9";"58,0";"63,0";"58,0";"18,8";"20,5";"18,8";"1015,9";"1016,7";"1015,9";"3,5";"173,0";"9,0";"2222,50";"0,0"
"11/10/2022";"1800";"27,5";"28,4";"26,8";"60,0";"60,0";"51,0";"18,9";"18,9";"17,0";"1015,7";"1016,0";"1015,6";"3,6";"168,0";"8,6";"1751,00";"0,0"
"11/10/2022";"1900";"26,6";"27,6";"26,5";"64,0";"64,0";"59,0";"19,1";"19,4";"18,5";"1015,6";"1015,8";"1015,6";"2,5";"176,0";"8,4";"1056,50";"0,0"
"11/10/2022";"2000";"25,8";"27,0";"25,8";"67,0";"67,0";"63,0";"19,1";"19,6";"18,8";"1015,7";"1015,7";"1015,5";"2,8";"171,0";"7,0";"333,90";"0,0"
"11/10/2022";"2100";"25,5";"25,9";"25,4";"70,0";"70,0";"66,0";"19,6";"19,7";"18,8";"1015,9";"1015,9";"1015,7";"2,3";"164,0";"7,0";"12,60";"0,0"
"11/10/2022";"2200";"24,2";"25,5";"23,6";"85,0";"85,0";"70,0";"21,4";"21,4";"18,9";"1016,2";"1016,2";"1015,8";"1,7";"183,0";"6,6";"";"0,6"
"11/10/2022";"2300";"24,7";"24,7";"24,1";"88,0";"88,0";"85,0";"22,6";"22,6";"21,4";"1016,6";"1016,6";"1016,2";"1,9";"190,0";"5,0";"";"0,0"
"12/10/2022";"0000";"25,2";"25,3";"24,6";"80,0";"89,0";"80,0";"21,5";"22,8";"21,5";"1016,8";"1016,9";"1016,5";"1,4";"207,0";"4,5";"";"0,2"
"12/10/2022";"0100";"25,4";"25,5";"25,1";"73,0";"80,0";"73,0";"20,2";"21,5";"20,2";"1016,7";"1016,9";"1016,7";"1,6";"221,0";"4,8";"";"0,0"
"12/10/2022";"0200";"25,4";"25,7";"25,2";"68,0";"73,0";"68,0";"19,1";"20,2";"19,1";"1016,2";"1016,7";"1016,2";"1,7";"195,0";"7,5";"";"0,0"
"12/10/2022";"0300";"25,1";"25,5";"25,1";"66,0";"69,0";"66,0";"18,3";"19,2";"18,3";"1015,5";"1016,2";"1015,5";"1,4";"215,0";"5,5";"";"0,0"
"12/10/2022";"0400";"25,0";"25,1";"24,7";"65,0";"67,0";"65,0";"18,1";"18,4";"17,9";"1014,7";"1015,5";"1014,7";"1,5";"190,0";"5,0";"";"0,0"
"12/10/2022";"0500";"25,2";"25,3";"24,9";"66,0";"66,0";"65,0";"18,3";"18,3";"18,0";"1013,8";"1014,7";"1013,8";"1,3";"208,0";"5,7";"";"0,0"
"12/10/2022";"0600";"25,0";"25,2";"24,9";"65,0";"67,0";"65,0";"18,1";"18,6";"18,0";"1013,6";"1013,8";"1013,6";"1,3";"329,0";"4,1";"";"0,0"
"12/10/2022";"0700";"24,9";"25,0";"24,6";"69,0";"70,0";"65,0";"18,8";"19,0";"18,0";"1013,9";"1013,9";"1013,6";"1,4";"217,0";"5,9";"";"0,0"
"12/10/2022";"0800";"24,8";"25,0";"24,6";"64,0";"69,0";"62,0";"17,4";"18,7";"16,9";"1014,2";"1014,2";"1013,9";"1,5";"289,0";"4,5";"";"0,0"
"12/10/2022";"0900";"25,6";"25,6";"24,7";"61,0";"64,0";"60,0";"17,6";"17,7";"17,1";"1014,7";"1014,7";"1014,2";"1,5";"6,0";"5,7";"142,60";"0,0"
"12/10/2022";"1000";"26,5";"26,8";"25,6";"58,0";"65,0";"56,0";"17,6";"18,8";"17,2";"1015,3";"1015,3";"1014,7";"1,7";"59,0";"5,8";"847,30";"0,0"
"12/10/2022";"1100";"27,1";"27,5";"26,3";"51,0";"60,0";"51,0";"16,1";"18,5";"16,1";"1015,7";"1015,8";"1015,2";"3,3";"71,0";"6,7";"1585,60";"0,0"
"12/10/2022";"1200";"28,0";"28,1";"27,0";"47,0";"51,0";"45,0";"15,7";"16,2";"14,7";"1016,0";"1016,1";"1015,7";"3,2";"72,0";"9,7";"2253,50";"0,0"
"12/10/2022";"1300";"28,4";"28,8";"27,5";"43,0";"48,0";"41,0";"14,8";"15,7";"14,1";"1015,8";"1016,0";"1015,7";"2,6";"65,0";"8,8";"2653,30";"0,0"
"12/10/2022";"1400";"29,1";"29,6";"27,9";"42,0";"45,0";"40,0";"15,0";"16,1";"13,8";"1015,6";"1015,8";"1015,5";"1,8";"89,0";"6,3";"2843,00";"0,0"
"12/10/2022";"1500";"28,2";"29,7";"28,2";"45,0";"46,0";"41,0";"15,0";"16,1";"14,4";"1014,5";"1015,6";"1014,5";"1,9";"77,0";"7,0";"2868,80";"0,0"
"12/10/2022";"1600";"28,4";"29,5";"27,8";"48,0";"50,0";"43,0";"16,3";"16,9";"15,0";"1013,9";"1014,6";"1013,9";"2,8";"77,0";"7,0";"2862,10";"0,0"
"12/10/2022";"1700";"28,5";"29,4";"27,6";"49,0";"51,0";"46,0";"16,8";"17,5";"16,0";"1013,5";"1014,0";"1013,5";"1,3";"64,0";"7,3";"2564,40";"0,0"
"12/10/2022";"1800";"28,4";"29,1";"27,8";"51,0";"52,0";"46,0";"17,1";"17,3";"15,8";"1013,4";"1013,6";"1013,4";"1,3";"80,0";"5,0";"1983,60";"0,0"
"12/10/2022";"1900";"28,1";"28,7";"27,4";"53,0";"56,0";"50,0";"17,7";"18,2";"16,8";"1013,5";"1013,5";"1013,3";"1,3";"176,0";"5,3";"1212,80";"0,0"
"12/10/2022";"2000";"26,2";"28,1";"26,2";"61,0";"61,0";"53,0";"18,0";"18,2";"17,5";"1013,7";"1013,7";"1013,5";"1,3";"282,0";"5,0";"310,50";"0,0"
"12/10/2022";"2100";"25,9";"26,2";"25,7";"63,0";"63,0";"61,0";"18,2";"18,3";"17,9";"1014,2";"1014,2";"1013,7";"1,2";"234,0";"3,9";"14,10";"0,0"
"12/10/2022";"2200";"25,7";"25,9";"25,6";"64,0";"64,0";"62,0";"18,4";"18,5";"18,0";"1014,7";"1014,7";"1014,2";"1,4";"199,0";"5,1";"";"0,0"
"12/10/2022";"2300";"25,6";"25,7";"25,5";"66,0";"66,0";"64,0";"18,7";"18,8";"18,4";"1015,5";"1015,5";"1014,7";"1,7";"173,0";"4,3";"";"0,0"
"13/10/2022";"0000";"25,4";"25,6";"25,3";"66,0";"67,0";"66,0";"18,7";"18,8";"18,6";"1015,8";"1015,8";"1015,4";"1,2";"192,0";"4,1";"";"0,0"
"13/10/2022";"0100";"24,9";"25,4";"24,9";"67,0";"67,0";"66,0";"18,3";"18,8";"18,2";"1015,5";"1015,9";"1015,5";"1,2";"275,0";"3,5";"";"0,0"
"13/10/2022";"0200";"25,4";"25,4";"24,9";"67,0";"68,0";"66,0";"18,8";"18,9";"18,3";"1015,2";"1015,6";"1015,2";"1,2";"348,0";"3,0";"";"0,0"
"13/10/2022";"0300";"25,0";"25,4";"24,8";"67,0";"68,0";"66,0";"18,4";"18,8";"18,4";"1014,7";"1015,2";"1014,7";"1,2";"326,0";"3,0";"";"0,0"
"13/10/2022";"0400";"25,1";"25,2";"24,8";"66,0";"67,0";"64,0";"18,4";"18,4";"17,7";"1014,2";"1014,7";"1014,2";"1,2";"322,0";"3,0";"";"0,0"
"13/10/2022";"0500";"25,0";"25,2";"24,6";"68,0";"69,0";"66,0";"18,7";"19,0";"18,2";"1013,5";"1014,2";"1013,5";"1,3";"60,0";"3,2";"";"0,0"
"13/10/2022";"0600";"24,7";"25,0";"24,5";"69,0";"69,0";"66,0";"18,8";"18,8";"18,1";"1013,7";"1013,7";"1013,4";"1,2";"315,0";"3,4";"";"0,0"
"13/10/2022";"0700";"24,8";"24,9";"24,4";"70,0";"71,0";"69,0";"18,9";"19,1";"18,6";"1014,0";"1014,0";"1013,7";"1,0";"277,0";"2,8";"";"0,0"
"13/10/2022";"0800";"24,9";"25,2";"24,8";"68,0";"71,0";"68,0";"18,7";"19,3";"18,7";"1014,6";"1014,6";"1014,0";"0,9";"284,0";"3,1";"";"0,0"
"13/10/2022";"0900";"25,2";"25,6";"24,9";"66,0";"69,0";"63,0";"18,4";"19,0";"18,1";"1015,2";"1015,2";"1014,6";"1,7";"175,0";"5,0";"84,40";"0,0"
"13/10/2022";"1000";"26,1";"26,1";"24,4";"66,0";"71,0";"66,0";"19,2";"19,6";"18,4";"1016,0";"1016,0";"1015,2";"1,7";"163,0";"5,4";"512,20";"0,0"
"13/10/2022";"1100";"26,8";"26,9";"25,3";"61,0";"66,0";"61,0";"18,5";"19,5";"18,3";"1016,8";"1016,8";"1016,0";"1,8";"173,0";"5,5";"1298,60";"0,0"
"13/10/2022";"1200";"27,5";"27,8";"26,6";"61,0";"63,0";"58,0";"19,4";"19,6";"18,3";"1017,3";"1017,3";"1016,8";"1,6";"128,0";"5,3";"1919,50";"0,0"
"13/10/2022";"1300";"26,2";"28,1";"25,8";"68,0";"68,0";"59,0";"19,9";"20,2";"18,6";"1017,3";"1017,4";"1017,2";"2,9";"172,0";"8,1";"1865,00";"0,0"
"13/10/2022";"1400";"27,6";"28,5";"25,8";"61,0";"69,0";"57,0";"19,4";"20,1";"18,3";"1016,5";"1017,3";"1016,5";"3,2";"181,0";"7,1";"2031,60";"0,0"
"13/10/2022";"1500";"28,2";"29,7";"27,5";"57,0";"61,0";"52,0";"18,7";"19,7";"18,0";"1015,6";"1016,5";"1015,6";"2,4";"156,0";"7,2";"2887,40";"0,0"
"13/10/2022";"1600";"28,8";"28,8";"27,2";"52,0";"59,0";"52,0";"18,0";"19,4";"17,2";"1014,9";"1015,6";"1014,8";"2,0";"153,0";"8,4";"2334,40";"0,0"
"13/10/2022";"1700";"28,5";"29,4";"28,2";"49,0";"53,0";"47,0";"16,8";"18,3";"16,1";"1014,2";"1014,9";"1014,2";"1,9";"178,0";"6,4";"2536,50";"0,0"
"13/10/2022";"1800";"27,1";"29,0";"27,0";"62,0";"64,0";"49,0";"19,2";"19,9";"16,5";"1014,0";"1014,2";"1013,9";"2,4";"173,0";"7,7";"1856,80";"0,0"
"13/10/2022";"1900";"26,8";"27,5";"26,5";"60,0";"64,0";"60,0";"18,5";"19,8";"18,5";"1013,8";"1014,0";"1013,8";"2,6";"178,0";"7,3";"1144,10";"0,0"
"13/10/2022";"2000";"26,6";"27,3";"26,5";"58,0";"61,0";"57,0";"17,5";"19,0";"17,5";"1014,2";"1014,2";"1013,8";"1,4";"174,0";"6,1";"526,80";"0,0"
"13/10/2022";"2100";"26,3";"26,6";"26,1";"62,0";"62,0";"58,0";"18,5";"18,5";"17,5";"1014,7";"1014,7";"1014,2";"1,2";"210,0";"4,1";"28,80";"0,0"
"13/10/2022";"2200";"26,1";"26,3";"26,0";"60,0";"64,0";"60,0";"17,9";"18,7";"17,8";"1015,4";"1015,4";"1014,7";"1,9";"183,0";"4,9";"";"0,0"
"13/10/2022";"2300";"25,8";"26,1";"25,8";"65,0";"65,0";"60,0";"18,7";"18,9";"17,9";"1016,1";"1016,1";"1015,3";"2,0";"178,0";"6,0";"";"0,0"
"14/10/2022";"0000";"25,1";"25,9";"25,1";"69,0";"69,0";"65,0";"19,0";"19,0";"18,6";"1016,6";"1016,6";"1016,1";"2,2";"176,0";"5,7";"";"0,0"
"14/10/2022";"0100";"23,1";"24,9";"23,0";"79,0";"79,0";"70,0";"19,3";"19,3";"18,6";"1016,9";"1017,1";"1016,6";"1,6";"203,0";"5,0";"";"1,4"
"14/10/2022";"0200";"23,2";"23,2";"22,9";"92,0";"92,0";"79,0";"21,8";"21,8";"19,3";"1016,4";"1016,9";"1016,4";"0,6";"349,0";"4,7";"";"1,4"
"14/10/2022";"0300";"24,8";"24,8";"23,2";"82,0";"94,0";"82,0";"21,6";"23,3";"21,6";"1015,9";"1016,4";"1015,9";"1,2";"234,0";"5,0";"0,10";"0,0"
"14/10/2022";"0400";"25,1";"25,2";"24,7";"71,0";"82,0";"71,0";"19,4";"21,5";"19,4";"1015,4";"1015,9";"1015,4";"1,3";"17,0";"4,7";"";"0,0"
"14/10/2022";"0500";"24,5";"25,2";"24,5";"73,0";"73,0";"69,0";"19,5";"19,5";"18,9";"1015,2";"1015,4";"1015,2";"1,2";"217,0";"4,2";"";"0,0"
"14/10/2022";"0600";"25,2";"25,2";"24,4";"61,0";"74,0";"61,0";"17,2";"19,7";"17,2";"1014,6";"1015,2";"1014,6";"1,9";"28,0";"5,8";"";"0,0"
"14/10/2022";"0700";"24,2";"25,8";"24,2";"65,0";"65,0";"54,0";"17,3";"17,6";"15,8";"1015,1";"1015,1";"1014,4";"1,9";"189,0";"8,9";"";"0,0"
"14/10/2022";"0800";"25,2";"25,2";"24,1";"67,0";"72,0";"65,0";"18,5";"19,2";"17,2";"1015,6";"1015,6";"1015,1";"1,4";"322,0";"4,4";"";"0,0"
"14/10/2022";"0900";"25,5";"25,5";"25,0";"66,0";"70,0";"64,0";"18,6";"19,3";"18,2";"1016,4";"1016,4";"1015,6";"1,2";"10,0";"6,4";"91,60";"0,0"
"14/10/2022";"1000";"26,2";"26,2";"24,9";"58,0";"66,0";"57,0";"17,4";"18,7";"16,0";"1017,0";"1017,0";"1016,4";"0,8";"260,0";"5,3";"439,70";"0,0"
"14/10/2022";"1100";"25,6";"26,3";"23,8";"73,0";"76,0";"58,0";"20,4";"20,4";"17,8";"1017,8";"1017,8";"1017,0";"2,7";"69,0";"9,6";"446,20";"0,0"
"14/10/2022";"1200";"27,6";"27,9";"25,6";"60,0";"73,0";"60,0";"19,0";"20,4";"18,8";"1017,9";"1018,1";"1017,7";"2,6";"74,0";"6,5";"1410,00";"0,0"
"14/10/2022";"1300";"28,7";"28,7";"26,7";"55,0";"65,0";"54,0";"18,9";"20,1";"18,1";"1017,9";"1018,0";"1017,8";"1,5";"43,0";"6,2";"2070,30";"0,0"
"14/10/2022";"1400";"29,0";"29,7";"27,7";"52,0";"56,0";"49,0";"18,1";"19,1";"17,1";"1017,4";"1017,9";"1017,4";"1,3";"359,0";"6,4";"2734,80";"0,0"
"14/10/2022";"1500";"27,9";"29,3";"27,8";"56,0";"56,0";"49,0";"18,3";"18,8";"17,1";"1016,8";"1017,4";"1016,7";"2,8";"70,0";"6,1";"3018,90";"0,0"
"14/10/2022";"1600";"28,0";"29,6";"27,6";"51,0";"58,0";"50,0";"16,9";"19,5";"16,8";"1016,0";"1016,8";"1016,0";"1,6";"76,0";"6,3";"2844,70";"0,0"
"14/10/2022";"1700";"28,1";"29,7";"27,7";"52,0";"54,0";"47,0";"17,2";"18,4";"16,3";"1015,5";"1016,0";"1015,4";"1,9";"68,0";"6,3";"2670,60";"0,0"
"14/10/2022";"1800";"27,7";"28,5";"27,6";"53,0";"55,0";"50,0";"17,3";"18,0";"16,7";"1015,2";"1015,5";"1015,2";"1,2";"85,0";"5,3";"1459,60";"0,0"
"14/10/2022";"1900";"26,7";"27,7";"26,6";"58,0";"59,0";"52,0";"17,7";"18,0";"16,7";"1015,4";"1015,4";"1015,2";"1,2";"293,0";"5,0";"530,70";"0,0"
"14/10/2022";"2000";"26,2";"27,3";"26,2";"60,0";"60,0";"55,0";"17,7";"17,9";"16,9";"1015,3";"1015,4";"1015,2";"1,2";"48,0";"3,7";"389,00";"0,0"
"14/10/2022";"2100";"25,6";"26,2";"25,4";"62,0";"62,0";"59,0";"17,6";"17,9";"17,3";"1015,8";"1015,8";"1015,3";"0,9";"226,0";"3,1";"19,80";"0,0"
"14/10/2022";"2200";"25,2";"25,7";"25,2";"63,0";"63,0";"61,0";"17,6";"17,9";"17,4";"1016,1";"1016,1";"1015,8";"1,0";"310,0";"3,3";"";"0,0"
"14/10/2022";"2300";"24,9";"25,4";"24,8";"63,0";"63,0";"61,0";"17,3";"17,8";"17,0";"1016,6";"1016,6";"1016,1";"1,0";"291,0";"3,3";"";"0,0"
"15/10/2022";"0000";"24,7";"25,3";"24,7";"62,0";"65,0";"62,0";"17,1";"18,0";"17,1";"1017,0";"1017,0";"1016,6";"1,0";"255,0";"3,2";"";"0,0"
"15/10/2022";"0100";"24,2";"25,1";"24,2";"62,0";"64,0";"61,0";"16,4";"17,6";"16,4";"1017,2";"1017,2";"1017,0";"1,0";"304,0";"2,7";"";"0,0"
"15/10/2022";"0200";"24,9";"24,9";"24,2";"64,0";"64,0";"62,0";"17,6";"17,6";"16,6";"1016,9";"1017,2";"1016,9";"0,8";"239,0";"2,7";"";"0,0"
"15/10/2022";"0300";"24,8";"25,0";"24,4";"65,0";"65,0";"64,0";"17,9";"17,9";"17,2";"1016,3";"1016,9";"1016,3";"0,8";"197,0";"3,0";"";"0,0"
"15/10/2022";"0400";"24,9";"25,1";"24,8";"67,0";"67,0";"65,0";"18,5";"18,5";"17,9";"1015,7";"1016,3";"1015,7";"1,5";"183,0";"2,6";"";"0,0"
"15/10/2022";"0500";"24,4";"25,0";"24,4";"73,0";"73,0";"67,0";"19,3";"19,3";"18,3";"1015,3";"1015,7";"1015,3";"1,7";"187,0";"3,7";"";"0,0"
"15/10/2022";"0600";"24,7";"24,8";"24,0";"72,0";"76,0";"72,0";"19,4";"19,8";"19,3";"1015,2";"1015,3";"1015,1";"0,9";"316,0";"3,7";"";"0,0"
"15/10/2022";"0700";"24,8";"24,9";"24,4";"72,0";"74,0";"72,0";"19,4";"19,7";"19,1";"1015,4";"1015,4";"1015,2";"1,1";"18,0";"4,3";"";"0,0"
"15/10/2022";"0800";"24,6";"24,9";"24,5";"70,0";"72,0";"70,0";"18,8";"19,6";"18,8";"1015,9";"1016,0";"1015,4";"0,9";"270,0";"4,3";"";"0,0"
"15/10/2022";"0900";"25,2";"25,2";"24,4";"73,0";"73,0";"70,0";"19,9";"20,0";"18,7";"1016,2";"1016,2";"1015,9";"1,3";"184,0";"3,8";"94,00";"0,0"
"15/10/2022";"1000";"25,6";"26,1";"25,2";"71,0";"73,0";"69,0";"19,9";"20,2";"19,3";"1016,7";"1016,7";"1016,2";"2,1";"172,0";"5,2";"654,70";"0,0"
"15/10/2022";"1100";"27,6";"27,7";"25,3";"63,0";"76,0";"63,0";"19,9";"21,8";"19,9";"1017,3";"1017,3";"1016,7";"1,5";"337,0";"5,4";"1399,90";"0,0"
"15/10/2022";"1200";"28,0";"28,1";"27,4";"59,0";"63,0";"58,0";"19,3";"20,1";"18,7";"1017,4";"1017,5";"1017,2";"1,5";"239,0";"4,7";"2135,60";"0,0"
"15/10/2022";"1300";"28,6";"28,9";"27,5";"55,0";"59,0";"51,0";"18,5";"19,3";"17,0";"1017,3";"1017,4";"1017,3";"1,5";"75,0";"5,4";"2562,50";"0,0"
"15/10/2022";"1400";"29,3";"29,5";"28,1";"52,0";"55,0";"50,0";"18,5";"19,2";"17,3";"1017,0";"1017,4";"1017,0";"1,8";"198,0";"5,5";"2864,50";"0,0"
"15/10/2022";"1500";"28,0";"29,9";"27,0";"62,0";"65,0";"49,0";"20,1";"20,8";"17,1";"1016,6";"1017,1";"1016,5";"2,2";"79,0";"7,3";"2776,30";"0,0"
"15/10/2022";"1600";"26,8";"28,3";"26,3";"66,0";"68,0";"60,0";"19,9";"21,2";"19,5";"1015,8";"1016,6";"1015,8";"1,8";"99,0";"7,7";"1687,10";"0,0"
"15/10/2022";"1700";"24,4";"27,5";"24,3";"75,0";"76,0";"62,0";"19,7";"20,3";"18,9";"1015,4";"1015,8";"1015,4";"1,0";"298,0";"6,2";"1648,60";"1,8"
"15/10/2022";"1800";"27,2";"27,4";"24,4";"64,0";"78,0";"64,0";"19,9";"21,7";"19,9";"1014,9";"1015,4";"1014,9";"1,7";"171,0";"5,2";"1103,00";"0,0"
"15/10/2022";"1900";"27,0";"28,0";"26,8";"61,0";"64,0";"59,0";"18,8";"20,1";"18,2";"1014,8";"1015,0";"1014,7";"2,0";"108,0";"5,4";"1155,70";"0,0"
"15/10/2022";"2000";"26,1";"27,0";"26,1";"61,0";"62,0";"60,0";"18,1";"18,8";"18,0";"1015,0";"1015,1";"1014,8";"1,5";"191,0";"5,3";"290,70";"0,0"
"15/10/2022";"2100";"25,7";"26,2";"25,6";"61,0";"64,0";"61,0";"17,7";"18,5";"17,7";"1015,3";"1015,3";"1014,9";"1,4";"225,0";"3,8";"15,00";"0,0"
"15/10/2022";"2200";"25,4";"25,8";"25,3";"62,0";"62,0";"60,0";"17,5";"17,9";"17,2";"1015,8";"1015,8";"1015,3";"1,1";"238,0";"3,8";"";"0,0"
"15/10/2022";"2300";"25,3";"25,5";"25,1";"61,0";"63,0";"60,0";"17,3";"17,9";"17,0";"1016,1";"1016,1";"1015,8";"1,1";"248,0";"4,6";"";"0,0"
"16/10/2022";"0000";"25,3";"25,4";"25,1";"64,0";"64,0";"61,0";"18,0";"18,1";"17,2";"1016,5";"1016,5";"1016,1";"1,2";"170,0";"4,7";"";"0,0"
"16/10/2022";"0100";"25,3";"25,4";"24,9";"61,0";"64,0";"61,0";"17,2";"18,1";"17,0";"1016,5";"1016,6";"1016,5";"1,6";"184,0";"4,0";"";"0,0"
"16/10/2022";"0200";"24,9";"25,3";"24,9";"62,0";"63,0";"60,0";"17,2";"17,5";"16,9";"1016,1";"1016,6";"1016,1";"1,1";"188,0";"4,0";"";"0,0"
"16/10/2022";"0300";"24,7";"25,1";"24,7";"61,0";"63,0";"61,0";"16,7";"17,4";"16,7";"1015,4";"1016,1";"1015,4";"1,0";"226,0";"4,2";"";"0,0"
"16/10/2022";"0400";"24,8";"25,1";"24,7";"60,0";"62,0";"59,0";"16,6";"17,0";"16,3";"1014,8";"1015,4";"1014,8";"1,2";"182,0";"4,8";"";"0,0"
"16/10/2022";"0500";"24,7";"24,9";"24,6";"61,0";"62,0";"60,0";"16,7";"17,0";"16,6";"1014,5";"1014,9";"1014,5";"1,5";"176,0";"4,6";"";"0,0"
"16/10/2022";"0600";"24,7";"24,8";"24,6";"63,0";"63,0";"61,0";"17,0";"17,1";"16,7";"1014,3";"1014,5";"1014,3";"1,2";"180,0";"4,2";"";"0,0"
"16/10/2022";"0700";"24,6";"24,7";"24,3";"62,0";"65,0";"62,0";"16,9";"17,7";"16,9";"1014,3";"1014,3";"1014,1";"1,2";"309,0";"3,6";"";"0,0"
"16/10/2022";"0800";"24,7";"24,7";"24,3";"63,0";"63,0";"62,0";"17,2";"17,2";"16,6";"1014,5";"1014,5";"1014,3";"1,0";"219,0";"4,2";"";"0,0"
"16/10/2022";"0900";"25,1";"25,1";"24,4";"61,0";"64,0";"61,0";"17,1";"17,3";"16,7";"1014,8";"1014,8";"1014,5";"1,2";"272,0";"3,5";"175,50";"0,0"
"16/10/2022";"1000";"26,5";"26,5";"25,1";"56,0";"62,0";"56,0";"17,0";"17,5";"16,6";"1015,2";"1015,2";"1014,8";"1,1";"298,0";"3,6";"889,80";"0,0"
"16/10/2022";"1100";"27,2";"27,5";"26,4";"54,0";"56,0";"51,0";"17,0";"17,1";"15,7";"1015,8";"1015,8";"1015,2";"1,7";"52,0";"7,1";"1642,10";"0,0"
"16/10/2022";"1200";"27,6";"28,4";"27,0";"48,0";"54,0";"48,0";"15,7";"17,4";"15,4";"1015,9";"1015,9";"1015,7";"2,1";"75,0";"7,4";"2251,00";"0,0"
"16/10/2022";"1300";"27,9";"28,4";"27,3";"51,0";"52,0";"48,0";"16,8";"17,0";"15,6";"1015,4";"1015,9";"1015,3";"3,3";"73,0";"7,2";"2647,70";"0,0"
"16/10/2022";"1400";"28,1";"28,8";"27,4";"47,0";"52,0";"47,0";"15,9";"17,1";"15,9";"1014,9";"1015,5";"1014,9";"1,6";"76,0";"7,2";"2685,90";"0,0"
"16/10/2022";"1500";"29,2";"29,2";"27,8";"48,0";"53,0";"47,0";"17,1";"17,9";"15,9";"1014,3";"1015,0";"1014,3";"1,3";"42,0";"5,9";"2879,20";"0,0"
"16/10/2022";"1600";"28,2";"29,5";"27,5";"50,0";"55,0";"47,0";"16,7";"18,3";"16,6";"1013,3";"1014,2";"1013,3";"1,8";"43,0";"6,9";"2855,60";"0,0"
"16/10/2022";"1700";"28,7";"29,4";"27,5";"51,0";"52,0";"45,0";"17,5";"17,5";"15,8";"1012,5";"1013,3";"1012,5";"1,5";"31,0";"7,8";"2461,80";"0,0"
"16/10/2022";"1800";"27,4";"29,0";"27,4";"55,0";"56,0";"48,0";"17,6";"18,6";"16,4";"1012,3";"1012,6";"1012,3";"1,4";"74,0";"6,2";"1923,00";"0,0"
"16/10/2022";"1900";"27,6";"28,3";"27,1";"54,0";"57,0";"52,0";"17,5";"18,6";"16,8";"1012,2";"1012,3";"1012,1";"1,0";"244,0";"5,5";"1160,70";"0,0"
"16/10/2022";"2000";"26,2";"27,7";"26,2";"59,0";"59,0";"53,0";"17,5";"17,6";"16,8";"1012,6";"1012,6";"1012,2";"1,4";"70,0";"4,8";"491,60";"0,0"
"16/10/2022";"2100";"25,8";"26,2";"25,6";"62,0";"62,0";"59,0";"17,9";"17,9";"17,5";"1013,1";"1013,1";"1012,6";"1,1";"22,0";"3,9";"21,70";"0,0"
"16/10/2022";"2200";"25,9";"25,9";"25,6";"61,0";"62,0";"60,0";"17,7";"17,9";"17,4";"1013,4";"1013,4";"1013,1";"2,7";"79,0";"6,0";"";"0,0"
"16/10/2022";"2300";"25,7";"25,9";"25,7";"62,0";"62,0";"61,0";"17,8";"18,0";"17,6";"1014,0";"1014,0";"1013,4";"1,7";"69,0";"6,0";"";"0,0"
"17/10/2022";"0000";"25,8";"25,8";"25,7";"64,0";"64,0";"61,0";"18,3";"18,4";"17,8";"1014,7";"1014,7";"1014,0";"1,2";"78,0";"6,3";"";"0,0"
"17/10/2022";"0100";"25,7";"25,9";"25,5";"65,0";"65,0";"63,0";"18,6";"18,6";"18,2";"1014,8";"1014,9";"1014,7";"1,2";"69,0";"5,2";"";"0,0"
"17/10/2022";"0200";"25,3";"25,7";"25,3";"67,0";"67,0";"65,0";"18,7";"18,9";"18,6";"1014,1";"1014,8";"1014,1";"1,1";"7,0";"5,7";"";"0,0"
"17/10/2022";"0300";"25,5";"25,5";"25,1";"68,0";"69,0";"67,0";"19,1";"19,1";"18,7";"1013,7";"1014,2";"1013,7";"1,4";"75,0";"5,0";"";"0,0"
"17/10/2022";"0400";"25,3";"25,5";"25,0";"66,0";"69,0";"66,0";"18,6";"19,3";"18,6";"1013,6";"1013,8";"1013,5";"2,2";"76,0";"5,4";"";"0,0"
"17/10/2022";"0500";"24,9";"25,4";"24,9";"68,0";"69,0";"66,0";"18,7";"19,0";"18,6";"1013,2";"1013,6";"1013,1";"1,2";"13,0";"5,1";"";"0,0"
"17/10/2022";"0600";"23,9";"25,2";"23,9";"72,0";"72,0";"68,0";"18,7";"19,3";"18,6";"1013,2";"1013,2";"1013,0";"1,9";"59,0";"5,6";"";"0,0"
"17/10/2022";"0700";"25,0";"25,1";"23,6";"72,0";"79,0";"72,0";"19,6";"20,5";"18,8";"1013,4";"1013,4";"1013,0";"2,5";"79,0";"6,8";"";"0,0"
"17/10/2022";"0800";"25,1";"25,2";"24,9";"71,0";"72,0";"71,0";"19,6";"19,8";"19,4";"1014,0";"1014,0";"1013,4";"1,9";"76,0";"6,5";"";"0,0"
"17/10/2022";"0900";"25,7";"25,7";"25,1";"68,0";"71,0";"67,0";"19,4";"19,6";"18,9";"1014,4";"1014,4";"1013,9";"3,4";"80,0";"6,9";"180,70";"0,0"
"17/10/2022";"1000";"26,3";"26,3";"25,7";"69,0";"69,0";"64,0";"20,1";"20,1";"19,0";"1015,1";"1015,2";"1014,3";"3,5";"79,0";"7,1";"693,40";"0,0"
"17/10/2022";"1100";"27,2";"27,4";"26,3";"61,0";"69,0";"60,0";"19,0";"20,1";"18,8";"1015,7";"1015,8";"1015,1";"4,1";"79,0";"7,4";"1662,30";"0,0"
"17/10/2022";"1200";"27,8";"27,8";"26,7";"61,0";"65,0";"59,0";"19,7";"20,0";"18,7";"1016,0";"1016,2";"1015,7";"4,5";"80,0";"7,6";"1901,20";"0,0"
"17/10/2022";"1300";"27,6";"28,7";"26,8";"60,0";"64,0";"58,0";"19,3";"20,2";"18,6";"1015,8";"1016,1";"1015,7";"3,1";"77,0";"8,2";"2474,10";"0,0"
"17/10/2022";"1400";"27,7";"28,7";"27,3";"58,0";"61,0";"55,0";"18,7";"20,0";"18,2";"1015,5";"1015,8";"1015,3";"4,3";"77,0";"8,1";"2803,70";"0,0"
"17/10/2022";"1500";"28,6";"29,3";"27,7";"57,0";"60,0";"55,0";"19,2";"20,1";"18,3";"1014,6";"1015,6";"1014,6";"1,9";"83,0";"7,4";"2858,00";"0,0"
"17/10/2022";"1600";"28,0";"29,3";"27,6";"59,0";"60,0";"56,0";"19,3";"20,3";"18,6";"1013,7";"1014,6";"1013,7";"2,7";"73,0";"7,1";"2922,70";"0,0"
"17/10/2022";"1700";"27,8";"29,0";"27,3";"56,0";"60,0";"55,0";"18,3";"19,7";"18,3";"1013,0";"1013,8";"1013,0";"3,0";"74,0";"8,9";"2314,30";"0,0"
"17/10/2022";"1800";"27,7";"28,1";"27,4";"61,0";"61,0";"56,0";"19,4";"19,5";"18,2";"1012,8";"1013,1";"1012,7";"3,1";"74,0";"8,4";"1966,20";"0,0"
"17/10/2022";"1900";"26,7";"27,8";"26,5";"65,0";"66,0";"60,0";"19,6";"19,9";"18,8";"1012,9";"1012,9";"1012,6";"3,9";"78,0";"7,4";"1008,60";"0,0"
"17/10/2022";"2000";"26,4";"27,2";"26,3";"66,0";"66,0";"60,0";"19,5";"20,0";"18,6";"1013,0";"1013,1";"1012,8";"2,9";"73,0";"7,8";"452,10";"0,0"
"17/10/2022";"2100";"26,1";"26,4";"26,1";"67,0";"67,0";"64,0";"19,4";"19,6";"18,9";"1013,7";"1013,7";"1012,9";"3,8";"76,0";"7,6";"22,20";"0,0"
"17/10/2022";"2200";"26,0";"26,2";"26,0";"67,0";"68,0";"66,0";"19,3";"19,6";"19,2";"1014,3";"1014,4";"1013,7";"4,0";"80,0";"7,8";"";"0,0"
"17/10/2022";"2300";"26,0";"26,2";"26,0";"69,0";"69,0";"67,0";"19,8";"19,9";"19,3";"1015,1";"1015,1";"1014,3";"3,9";"80,0";"8,0";"";"0,0"
"18/10/2022";"0000";"26,0";"26,0";"25,9";"68,0";"69,0";"66,0";"19,6";"19,9";"19,1";"1015,7";"1015,7";"1015,0";"4,2";"80,0";"7,9";"";"0,0"
"18/10/2022";"0100";"25,9";"26,0";"25,8";"67,0";"69,0";"67,0";"19,3";"19,7";"19,3";"1015,9";"1016,0";"1015,7";"4,5";"81,0";"8,1";"";"0,0"
"18/10/2022";"0200";"25,8";"25,9";"25,8";"67,0";"69,0";"66,0";"19,1";"19,8";"19,0";"1015,6";"1016,0";"1015,6";"4,3";"81,0";"8,1";"";"0,0"
"18/10/2022";"0300";"25,7";"25,8";"25,6";"69,0";"69,0";"67,0";"19,5";"19,6";"19,1";"1014,9";"1015,6";"1014,9";"4,1";"78,0";"8,9";"";"0,0"
"18/10/2022";"0400";"25,5";"25,7";"25,5";"68,0";"69,0";"65,0";"19,1";"19,5";"18,7";"1014,5";"1014,9";"1014,5";"4,2";"80,0";"8,7";"";"0,0"
"18/10/2022";"0500";"25,5";"25,6";"25,5";"69,0";"69,0";"68,0";"19,4";"19,5";"19,1";"1014,2";"1014,5";"1014,2";"3,9";"82,0";"7,4";"";"0,0"
"18/10/2022";"0600";"25,4";"25,6";"25,3";"68,0";"70,0";"67,0";"19,2";"19,5";"19,0";"1014,0";"1014,3";"1013,9";"3,9";"78,0";"7,8";"";"0,0"
"18/10/2022";"0700";"25,5";"25,6";"25,3";"66,0";"68,0";"66,0";"18,7";"19,1";"18,7";"1014,5";"1014,5";"1013,9";"4,2";"80,0";"7,6";"";"0,0"
"18/10/2022";"0800";"25,5";"25,6";"25,4";"66,0";"68,0";"66,0";"18,8";"19,1";"18,7";"1015,5";"1015,5";"1014,5";"3,6";"78,0";"7,5";"";"0,0"
"18/10/2022";"0900";"26,0";"26,0";"25,5";"65,0";"66,0";"65,0";"18,8";"19,1";"18,6";"1016,2";"1016,2";"1015,4";"3,6";"80,0";"7,5";"204,30";"0,0"
"18/10/2022";"1000";"26,8";"27,0";"25,9";"60,0";"66,0";"60,0";"18,5";"19,6";"18,1";"1016,8";"1016,8";"1016,2";"3,5";"78,0";"6,3";"905,30";"0,0"
"18/10/2022";"1100";"27,3";"27,6";"26,6";"59,0";"62,0";"59,0";"18,7";"19,5";"18,2";"1017,4";"1017,5";"1016,8";"3,8";"77,0";"6,9";"1451,10";"0,0"
"18/10/2022";"1200";"27,9";"28,3";"27,2";"58,0";"61,0";"55,0";"18,9";"19,7";"18,3";"1017,8";"1017,8";"1017,4";"3,9";"75,0";"7,0";"2189,20";"0,0"
"18/10/2022";"1300";"27,9";"28,4";"27,4";"59,0";"61,0";"55,0";"19,1";"19,8";"18,0";"1017,7";"1017,8";"1017,6";"4,0";"79,0";"7,9";"2593,10";"0,0"
"18/10/2022";"1400";"27,8";"28,7";"27,6";"59,0";"60,0";"54,0";"19,0";"19,9";"18,0";"1017,4";"1017,9";"1017,3";"4,0";"78,0";"7,0";"2868,10";"0,0"
"18/10/2022";"1500";"28,1";"29,5";"27,8";"56,0";"60,0";"52,0";"18,5";"19,8";"18,3";"1016,4";"1017,4";"1016,4";"3,2";"74,0";"7,1";"2978,70";"0,0"
"18/10/2022";"1600";"29,5";"29,6";"28,0";"54,0";"58,0";"53,0";"19,2";"19,7";"18,0";"1015,6";"1016,5";"1015,6";"1,9";"86,0";"7,0";"2908,60";"0,0"
"18/10/2022";"1700";"28,2";"29,6";"27,9";"58,0";"58,0";"53,0";"19,1";"19,5";"18,2";"1014,9";"1015,6";"1014,9";"2,1";"80,0";"7,5";"2623,10";"0,0"
"18/10/2022";"1800";"27,9";"29,3";"27,4";"56,0";"61,0";"53,0";"18,2";"19,9";"18,0";"1014,7";"1015,0";"1014,6";"1,5";"53,0";"6,3";"1898,80";"0,0"
"18/10/2022";"1900";"27,4";"28,5";"27,4";"60,0";"60,0";"55,0";"18,9";"19,6";"18,3";"1014,7";"1014,8";"1014,6";"2,2";"67,0";"6,0";"1251,70";"0,0"
"18/10/2022";"2000";"26,8";"27,4";"26,7";"65,0";"65,0";"60,0";"19,7";"19,7";"18,8";"1015,2";"1015,2";"1014,7";"2,2";"49,0";"6,0";"371,20";"0,0"
"18/10/2022";"2100";"25,3";"26,8";"25,3";"73,0";"73,0";"65,0";"20,0";"20,2";"19,4";"1015,8";"1015,9";"1015,2";"5,2";"78,0";"10,0";"21,90";"0,0"
"18/10/2022";"2200";"26,2";"26,2";"25,3";"65,0";"76,0";"64,0";"19,1";"20,8";"19,0";"1016,3";"1016,4";"1015,7";"4,5";"80,0";"10,0";"";"0,0"
"18/10/2022";"2300";"26,3";"26,3";"26,1";"65,0";"70,0";"65,0";"19,2";"20,3";"19,1";"1017,0";"1017,0";"1016,2";"4,7";"79,0";"9,0";"";"0,0"
"19/10/2022";"0000";"26,2";"26,4";"26,2";"68,0";"68,0";"65,0";"19,8";"20,0";"19,1";"1017,8";"1017,9";"1016,9";"4,1";"78,0";"9,9";"";"0,0"
"19/10/2022";"0100";"24,7";"26,2";"24,2";"71,0";"71,0";"67,0";"19,0";"20,3";"17,8";"1017,9";"1018,1";"1017,6";"2,9";"81,0";"12,3";"";"0,0"
"19/10/2022";"0200";"25,8";"26,1";"24,7";"70,0";"74,0";"69,0";"19,8";"20,6";"19,1";"1017,4";"1017,9";"1017,4";"2,6";"81,0";"8,0";"";"0,0"
"19/10/2022";"0300";"25,9";"26,0";"25,8";"68,0";"70,0";"67,0";"19,5";"20,0";"19,3";"1016,6";"1017,4";"1016,5";"5,0";"80,0";"9,1";"";"0,0"
"19/10/2022";"0400";"25,8";"26,0";"25,8";"68,0";"68,0";"65,0";"19,4";"19,5";"18,9";"1016,1";"1016,6";"1016,0";"4,4";"79,0";"9,1";"";"0,0"
"19/10/2022";"0500";"25,7";"25,9";"25,7";"69,0";"70,0";"66,0";"19,5";"19,8";"19,0";"1015,6";"1016,1";"1015,5";"4,9";"81,0";"10,3";"";"0,0"
"19/10/2022";"0600";"25,5";"25,8";"25,5";"69,0";"69,0";"67,0";"19,4";"19,6";"18,9";"1015,5";"1015,7";"1015,3";"4,1";"79,0";"9,7";"";"0,0"
"19/10/2022";"0700";"25,6";"25,7";"25,2";"69,0";"73,0";"68,0";"19,5";"20,0";"19,2";"1015,9";"1015,9";"1015,5";"4,2";"78,0";"8,7";"";"0,0"
"19/10/2022";"0800";"25,7";"25,7";"25,6";"68,0";"69,0";"66,0";"19,2";"19,5";"18,9";"1016,2";"1016,3";"1015,7";"4,2";"80,0";"9,2";"";"0,0"
"19/10/2022";"0900";"26,0";"26,0";"25,6";"67,0";"68,0";"66,0";"19,4";"19,4";"19,1";"1016,7";"1016,7";"1016,2";"3,2";"76,0";"8,5";"152,00";"0,0"
"19/10/2022";"1000";"26,6";"26,7";"26,0";"64,0";"67,0";"62,0";"19,1";"19,5";"18,5";"1017,6";"1017,6";"1016,7";"3,6";"78,0";"7,9";"840,40";"0,0"
"19/10/2022";"1100";"27,5";"27,5";"26,6";"60,0";"64,0";"59,0";"18,9";"19,4";"18,4";"1018,1";"1018,2";"1017,5";"3,1";"73,0";"7,3";"1572,10";"0,0"
"19/10/2022";"1200";"27,8";"28,3";"27,1";"56,0";"60,0";"56,0";"18,3";"19,4";"18,2";"1018,5";"1018,5";"1018,1";"3,4";"72,0";"8,5";"1986,20";"0,0"
"19/10/2022";"1300";"28,1";"28,5";"27,5";"58,0";"59,0";"55,0";"19,2";"19,2";"17,9";"1018,2";"1018,5";"1018,0";"4,5";"76,0";"8,6";"2537,30";"0,0"
"19/10/2022";"1400";"28,3";"28,5";"27,5";"57,0";"59,0";"54,0";"18,8";"19,2";"17,8";"1017,5";"1018,3";"1017,4";"4,8";"75,0";"8,9";"2791,60";"0,0"
"19/10/2022";"1500";"28,8";"28,9";"27,5";"54,0";"58,0";"53,0";"18,4";"19,1";"17,8";"1016,6";"1017,6";"1016,6";"1,9";"76,0";"8,4";"2902,10";"0,0"
"19/10/2022";"1600";"28,1";"30,3";"27,7";"55,0";"58,0";"50,0";"18,2";"19,5";"17,8";"1015,7";"1016,7";"1015,6";"2,3";"75,0";"6,7";"2812,00";"0,0"
"19/10/2022";"1700";"27,8";"29,0";"26,8";"54,0";"63,0";"53,0";"17,6";"19,8";"17,6";"1015,0";"1015,7";"1014,9";"2,3";"75,0";"7,7";"2269,30";"0,0"
"19/10/2022";"1800";"28,1";"29,2";"27,4";"59,0";"60,0";"54,0";"19,4";"20,4";"17,8";"1014,6";"1015,1";"1014,5";"1,5";"34,0";"6,1";"2088,60";"0,0"
"19/10/2022";"1900";"25,8";"28,2";"25,4";"65,0";"66,0";"58,0";"18,8";"19,5";"18,0";"1014,9";"1014,9";"1014,6";"2,1";"69,0";"6,5";"873,90";"0,0"
"19/10/2022";"2000";"26,1";"26,4";"25,1";"62,0";"66,0";"59,0";"18,2";"18,9";"17,5";"1015,2";"1015,2";"1014,8";"0,8";"246,0";"7,6";"485,40";"0,0"
"19/10/2022";"2100";"26,2";"26,3";"25,9";"62,0";"64,0";"62,0";"18,5";"18,9";"18,2";"1015,5";"1015,5";"1015,2";"2,2";"75,0";"6,0";"19,60";"0,0"
"19/10/2022";"2200";"26,0";"26,2";"25,9";"64,0";"64,0";"61,0";"18,6";"18,8";"17,9";"1015,6";"1015,7";"1015,4";"3,1";"76,0";"6,9";"";"0,0"
"19/10/2022";"2300";"25,8";"26,0";"25,8";"63,0";"65,0";"63,0";"18,3";"19,0";"18,3";"1016,0";"1016,2";"1015,6";"2,9";"77,0";"7,4";"";"0,0"
"20/10/2022";"0000";"25,8";"25,9";"25,8";"63,0";"64,0";"62,0";"18,2";"18,5";"18,0";"1016,8";"1016,8";"1016,0";"3,2";"78,0";"7,3";"";"0,0"
"20/10/2022";"0100";"25,8";"25,8";"25,7";"66,0";"66,0";"62,0";"18,9";"18,9";"18,0";"1016,5";"1016,9";"1016,4";"2,8";"82,0";"8,6";"";"0,0"
"20/10/2022";"0200";"25,6";"25,8";"25,5";"63,0";"66,0";"62,0";"18,1";"18,8";"17,7";"1015,8";"1016,5";"1015,8";"2,9";"80,0";"9,1";"";"0,0"
"20/10/2022";"0300";"25,4";"25,6";"25,4";"66,0";"66,0";"62,0";"18,5";"18,7";"17,9";"1015,0";"1015,9";"1015,0";"4,8";"80,0";"8,9";"";"0,0"
"20/10/2022";"0400";"25,4";"25,5";"25,4";"64,0";"66,0";"63,0";"18,0";"18,6";"17,9";"1014,4";"1015,1";"1014,4";"4,2";"80,0";"8,7";"";"0,0"
"20/10/2022";"0500";"25,3";"25,4";"25,2";"63,0";"65,0";"63,0";"17,7";"18,4";"17,7";"1014,1";"1014,5";"1014,0";"4,0";"78,0";"6,9";"";"0,0"
"20/10/2022";"0600";"25,2";"25,4";"25,2";"63,0";"65,0";"62,0";"17,7";"18,1";"17,5";"1013,7";"1014,1";"1013,6";"3,8";"77,0";"6,9";"";"0,0"
"20/10/2022";"0700";"25,1";"25,3";"25,1";"64,0";"65,0";"62,0";"17,7";"18,1";"17,3";"1013,8";"1013,9";"1013,7";"3,1";"78,0";"7,3";"";"0,0"
"20/10/2022";"0800";"25,2";"25,3";"25,0";"62,0";"64,0";"61,0";"17,4";"17,8";"17,1";"1014,1";"1014,2";"1013,8";"3,9";"80,0";"7,0";"";"0,0"
"20/10/2022";"0900";"25,6";"25,6";"25,2";"63,0";"63,0";"59,0";"17,9";"17,9";"16,8";"1014,5";"1014,5";"1014,1";"3,4";"79,0";"8,1";"136,20";"0,0"
"20/10/2022";"1000";"26,6";"26,8";"25,6";"54,0";"63,0";"54,0";"16,6";"17,9";"16,6";"1015,2";"1015,2";"1014,5";"4,2";"79,0";"7,1";"877,30";"0,0"
"20/10/2022";"1100";"27,5";"27,5";"26,3";"56,0";"57,0";"53,0";"17,8";"17,8";"16,6";"1015,8";"1015,8";"1015,2";"3,7";"75,0";"7,5";"1572,60";"0,0"
"20/10/2022";"1200";"27,5";"28,1";"27,0";"53,0";"56,0";"51,0";"17,1";"17,9";"16,9";"1015,9";"1016,1";"1015,7";"3,7";"78,0";"7,1";"2266,90";"0,0"
"20/10/2022";"1300";"26,1";"28,0";"26,1";"62,0";"62,0";"53,0";"18,3";"18,3";"17,1";"1015,8";"1016,0";"1015,7";"3,4";"70,0";"7,0";"1385,80";"0,0"
"20/10/2022";"1400";"27,8";"28,3";"25,8";"55,0";"65,0";"54,0";"17,8";"19,2";"17,5";"1015,2";"1015,8";"1015,2";"4,5";"80,0";"7,6";"1706,40";"0,0"
"20/10/2022";"1500";"27,9";"28,5";"27,2";"54,0";"57,0";"51,0";"17,7";"18,3";"16,9";"1013,9";"1015,2";"1013,9";"4,1";"77,0";"7,5";"2698,80";"0,0"
"20/10/2022";"1600";"27,9";"28,7";"27,4";"54,0";"56,0";"51,0";"17,8";"18,3";"17,1";"1012,9";"1014,0";"1012,9";"3,9";"75,0";"7,5";"2945,30";"0,0"
"20/10/2022";"1700";"27,3";"28,4";"27,2";"56,0";"57,0";"52,0";"17,7";"18,4";"17,1";"1012,1";"1012,9";"1012,1";"4,2";"79,0";"7,3";"2538,60";"0,0"
"20/10/2022";"1800";"27,5";"27,9";"27,1";"55,0";"56,0";"53,0";"17,7";"18,1";"17,0";"1012,1";"1012,2";"1011,8";"3,4";"74,0";"7,5";"1966,80";"0,0"
"20/10/2022";"1900";"27,0";"27,7";"26,8";"56,0";"58,0";"53,0";"17,4";"18,2";"17,0";"1012,3";"1012,3";"1012,0";"2,3";"73,0";"6,7";"1281,00";"0,0"
"20/10/2022";"2000";"26,0";"27,2";"26,0";"60,0";"60,0";"53,0";"17,6";"17,7";"16,5";"1012,6";"1012,6";"1012,3";"2,6";"74,0";"6,0";"425,90";"0,0"
"20/10/2022";"2100";"25,8";"26,1";"25,8";"59,0";"60,0";"58,0";"17,2";"17,6";"17,0";"1013,2";"1013,2";"1012,6";"2,0";"74,0";"4,9";"17,40";"0,0"
"20/10/2022";"2200";"25,8";"25,8";"25,7";"60,0";"60,0";"58,0";"17,3";"17,3";"17,0";"1013,7";"1013,7";"1013,2";"3,0";"79,0";"6,0";"";"0,0"
"20/10/2022";"2300";"25,6";"25,8";"25,6";"62,0";"62,0";"59,0";"17,7";"17,7";"17,2";"1014,1";"1014,1";"1013,7";"3,1";"73,0";"6,9";"";"0,0"
"21/10/2022";"0000";"25,6";"25,7";"25,5";"62,0";"63,0";"62,0";"17,7";"18,1";"17,7";"1014,5";"1014,6";"1014,1";"2,7";"74,0";"6,3";"";"0,0"
"21/10/2022";"0100";"25,4";"25,6";"25,4";"61,0";"62,0";"59,0";"17,2";"17,7";"17,0";"1014,3";"1014,6";"1014,2";"3,4";"79,0";"6,4";"";"0,0"
"21/10/2022";"0200";"25,3";"25,4";"25,2";"62,0";"63,0";"60,0";"17,4";"17,9";"17,2";"1013,6";"1014,3";"1013,6";"3,1";"80,0";"6,4";"";"0,0"
"21/10/2022";"0300";"25,2";"25,3";"25,2";"64,0";"64,0";"62,0";"17,9";"17,9";"17,4";"1013,0";"1013,6";"1013,0";"2,7";"79,0";"6,1";"";"0,0"
"21/10/2022";"0400";"25,2";"25,3";"25,2";"63,0";"64,0";"63,0";"17,8";"18,0";"17,8";"1012,5";"1013,0";"1012,4";"2,6";"79,0";"5,6";"";"0,0"
"21/10/2022";"0500";"25,0";"25,2";"25,0";"64,0";"64,0";"63,0";"17,7";"17,9";"17,7";"1011,8";"1012,5";"1011,8";"1,9";"77,0";"5,6";"";"0,0"
"21/10/2022";"0600";"25,1";"25,1";"25,0";"65,0";"65,0";"64,0";"18,0";"18,1";"17,7";"1011,3";"1011,8";"1011,2";"3,4";"78,0";"6,1";"";"0,0"
"21/10/2022";"0700";"25,1";"25,1";"25,0";"65,0";"66,0";"65,0";"18,2";"18,2";"17,9";"1011,6";"1011,6";"1011,3";"2,2";"81,0";"5,8";"";"0,0"
"21/10/2022";"0800";"25,0";"25,1";"25,0";"66,0";"66,0";"65,0";"18,2";"18,4";"18,1";"1012,1";"1012,1";"1011,6";"3,0";"80,0";"6,4";"";"0,0"
"21/10/2022";"0900";"25,5";"25,9";"24,9";"64,0";"67,0";"63,0";"18,2";"18,7";"18,2";"1012,7";"1012,7";"1012,1";"3,0";"79,0";"5,9";"185,40";"0,0"
"21/10/2022";"1000";"26,6";"26,8";"25,5";"61,0";"64,0";"61,0";"18,5";"18,8";"18,2";"1013,3";"1013,4";"1012,7";"3,0";"80,0";"5,6";"809,20";"0,0"
"21/10/2022";"1100";"27,2";"27,4";"26,4";"61,0";"63,0";"59,0";"18,9";"19,1";"18,1";"1014,2";"1014,2";"1013,3";"3,0";"76,0";"6,5";"1684,70";"0,0"
"21/10/2022";"1200";"27,5";"27,8";"26,5";"59,0";"62,0";"55,0";"18,9";"19,4";"17,6";"1014,5";"1014,6";"1014,2";"4,1";"80,0";"7,0";"2187,20";"0,0"
"21/10/2022";"1300";"28,2";"28,3";"27,1";"54,0";"62,0";"53,0";"18,1";"19,4";"17,4";"1014,3";"1014,6";"1014,2";"3,1";"79,0";"6,4";"2698,50";"0,0"
"21/10/2022";"1400";"27,9";"28,6";"27,4";"54,0";"57,0";"53,0";"17,8";"18,6";"17,3";"1014,0";"1014,4";"1014,0";"3,8";"79,0";"6,8";"2745,20";"0,0"
"21/10/2022";"1500";"27,9";"28,8";"27,5";"54,0";"57,0";"52,0";"17,7";"18,8";"17,4";"1012,9";"1014,0";"1012,9";"4,2";"73,0";"7,2";"2983,30";"0,0"
"21/10/2022";"1600";"28,1";"28,8";"27,6";"53,0";"56,0";"50,0";"17,7";"18,6";"17,1";"1012,3";"1013,0";"1012,3";"3,1";"72,0";"7,2";"2896,50";"0,0"
"21/10/2022";"1700";"27,4";"28,6";"27,3";"58,0";"59,0";"51,0";"18,3";"19,0";"16,9";"1011,3";"1012,3";"1011,2";"4,4";"78,0";"7,0";"2521,90";"0,0"
"21/10/2022";"1800";"27,3";"28,1";"27,1";"59,0";"60,0";"55,0";"18,7";"19,0";"17,7";"1011,1";"1011,4";"1011,0";"3,9";"75,0";"8,0";"2003,40";"0,0"
"21/10/2022";"1900";"27,0";"27,8";"26,8";"58,0";"61,0";"57,0";"17,9";"19,0";"17,9";"1010,9";"1011,1";"1010,7";"4,1";"81,0";"8,4";"1311,50";"0,0"
"21/10/2022";"2000";"26,3";"27,0";"26,3";"63,0";"63,0";"57,0";"18,6";"18,7";"17,7";"1010,9";"1011,0";"1010,7";"3,9";"78,0";"6,7";"511,10";"0,0"
"21/10/2022";"2100";"25,9";"26,3";"25,9";"64,0";"65,0";"61,0";"18,5";"19,0";"18,1";"1011,7";"1011,7";"1010,8";"3,8";"80,0";"7,1";"26,80";"0,0"
"21/10/2022";"2200";"25,8";"26,0";"25,8";"67,0";"68,0";"63,0";"19,1";"19,5";"18,5";"1012,2";"1012,2";"1011,6";"3,3";"76,0";"7,5";"";"0,0"
"21/10/2022";"2300";"25,8";"25,9";"25,7";"67,0";"67,0";"65,0";"19,1";"19,3";"18,8";"1012,7";"1012,7";"1012,1";"3,7";"77,0";"7,8";"";"0,0"
"22/10/2022";"0000";"25,8";"25,9";"25,7";"67,0";"67,0";"63,0";"19,2";"19,2";"18,2";"1013,3";"1013,4";"1012,7";"3,2";"79,0";"7,5";"";"0,0"
"22/10/2022";"0100";"25,8";"25,8";"25,7";"66,0";"69,0";"66,0";"19,1";"19,6";"19,0";"1013,8";"1013,8";"1013,3";"3,0";"73,0";"6,5";"";"0,0"
"22/10/2022";"0200";"25,6";"25,8";"25,5";"66,0";"68,0";"65,0";"18,8";"19,3";"18,6";"1013,4";"1013,9";"1013,4";"2,8";"80,0";"6,2";"";"0,0"
"22/10/2022";"0300";"25,5";"25,8";"25,4";"68,0";"69,0";"66,0";"19,2";"19,4";"18,8";"1012,6";"1013,4";"1012,6";"3,0";"80,0";"5,3";"";"0,0"
"22/10/2022";"0400";"25,5";"25,7";"25,5";"68,0";"69,0";"68,0";"19,2";"19,4";"19,2";"1012,0";"1012,6";"1012,0";"2,0";"78,0";"5,2";"";"0,0"
"22/10/2022";"0500";"25,4";"25,5";"25,4";"70,0";"70,0";"68,0";"19,6";"19,6";"19,1";"1011,7";"1012,0";"1011,7";"1,7";"76,0";"4,4";"";"0,0"
"22/10/2022";"0600";"24,1";"25,4";"24,1";"73,0";"73,0";"69,0";"19,0";"19,8";"18,7";"1011,8";"1011,8";"1011,5";"1,3";"22,0";"4,6";"";"0,0"
"22/10/2022";"0700";"24,4";"24,4";"23,7";"78,0";"80,0";"73,0";"20,3";"20,5";"18,9";"1012,2";"1012,2";"1011,8";"2,4";"69,0";"6,1";"";"0,2"
"22/10/2022";"0800";"23,5";"24,5";"22,8";"78,0";"84,0";"75,0";"19,5";"20,4";"19,0";"1012,7";"1012,7";"1012,1";"2,0";"82,0";"7,9";"";"1,2"
"22/10/2022";"0900";"23,0";"23,7";"22,5";"83,0";"83,0";"78,0";"19,9";"20,2";"19,4";"1013,4";"1013,4";"1012,7";"1,2";"14,0";"4,8";"57,10";"0,0"
"22/10/2022";"1000";"24,6";"25,3";"22,9";"83,0";"86,0";"83,0";"21,6";"22,6";"19,9";"1013,9";"1013,9";"1013,4";"1,6";"346,0";"3,8";"585,50";"0,4"
"22/10/2022";"1100";"25,3";"25,6";"24,5";"83,0";"85,0";"83,0";"22,2";"22,9";"21,4";"1014,5";"1014,6";"1013,9";"1,1";"34,0";"4,0";"696,10";"0,4"
"22/10/2022";"1200";"27,0";"27,3";"24,6";"72,0";"85,0";"72,0";"21,6";"23,3";"21,6";"1014,5";"1014,7";"1014,5";"1,7";"74,0";"3,7";"1725,50";"0,4"
"22/10/2022";"1300";"27,4";"27,7";"26,7";"67,0";"72,0";"65,0";"20,7";"21,7";"20,1";"1014,2";"1014,6";"1014,2";"2,9";"75,0";"4,8";"2620,70";"0,0"
"22/10/2022";"1400";"28,2";"28,6";"27,3";"62,0";"67,0";"60,0";"20,2";"20,9";"19,4";"1013,7";"1014,2";"1013,7";"2,2";"82,0";"6,0";"2855,80";"0,0"
"22/10/2022";"1500";"28,0";"29,3";"27,4";"60,0";"64,0";"59,0";"19,7";"21,6";"19,6";"1012,8";"1013,7";"1012,8";"2,1";"89,0";"6,5";"2945,60";"0,0"
"22/10/2022";"1600";"29,3";"29,3";"28,0";"61,0";"63,0";"59,0";"20,9";"20,9";"19,5";"1011,9";"1012,8";"1011,9";"1,7";"121,0";"6,9";"2863,40";"0,0"
"22/10/2022";"1700";"29,1";"29,4";"27,9";"58,0";"61,0";"57,0";"20,0";"20,7";"19,0";"1011,5";"1011,9";"1011,4";"1,3";"232,0";"7,0";"2477,90";"0,0"
"22/10/2022";"1800";"27,5";"29,1";"27,5";"62,0";"62,0";"58,0";"19,6";"20,5";"19,2";"1011,1";"1011,5";"1011,1";"1,8";"65,0";"5,5";"1874,90";"0,0"
"22/10/2022";"1900";"27,2";"27,5";"26,8";"69,0";"69,0";"62,0";"20,9";"20,9";"19,2";"1011,5";"1011,5";"1011,0";"1,5";"70,0";"7,2";"1218,90";"0,0"
"22/10/2022";"2000";"26,9";"27,8";"26,7";"62,0";"69,0";"62,0";"19,0";"21,2";"19,0";"1012,0";"1012,0";"1011,5";"1,6";"69,0";"3,9";"512,30";"0,0"
"22/10/2022";"2100";"26,4";"26,9";"26,4";"66,0";"66,0";"61,0";"19,5";"19,5";"18,5";"1012,7";"1012,7";"1012,0";"2,0";"64,0";"6,0";"31,40";"0,0"
"22/10/2022";"2200";"26,0";"26,4";"25,8";"72,0";"72,0";"66,0";"20,5";"20,6";"19,6";"1013,6";"1013,6";"1012,6";"4,2";"80,0";"8,8";"";"0,0"
"22/10/2022";"2300";"25,8";"26,0";"25,8";"75,0";"75,0";"71,0";"21,0";"21,0";"20,3";"1014,2";"1014,2";"1013,5";"4,5";"82,0";"9,0";"";"0,0"
"23/10/2022";"0000";"25,9";"26,0";"25,8";"77,0";"77,0";"74,0";"21,5";"21,5";"20,9";"1014,5";"1014,5";"1014,1";"3,7";"80,0";"9,0";"";"0,0"
"23/10/2022";"0100";"25,7";"26,0";"25,7";"74,0";"77,0";"72,0";"20,8";"21,5";"20,4";"1014,6";"1014,6";"1014,3";"4,2";"79,0";"7,5";"";"0,0"
"23/10/2022";"0200";"25,7";"25,8";"25,6";"74,0";"76,0";"74,0";"20,7";"21,3";"20,6";"1014,6";"1014,7";"1014,5";"3,3";"77,0";"7,6";"";"0,0"
"23/10/2022";"0300";"25,5";"25,7";"25,5";"77,0";"77,0";"74,0";"21,2";"21,2";"20,6";"1013,5";"1014,6";"1013,5";"3,2";"67,0";"6,4";"";"0,0"
"23/10/2022";"0400";"25,8";"25,8";"25,4";"73,0";"78,0";"73,0";"20,6";"21,4";"20,6";"1012,9";"1013,5";"1012,9";"3,3";"59,0";"5,9";"";"0,0"
"23/10/2022";"0500";"25,1";"25,8";"25,1";"81,0";"81,0";"73,0";"21,6";"21,6";"20,7";"1012,4";"1012,9";"1012,3";"3,6";"62,0";"7,4";"";"0,0"
"23/10/2022";"0600";"24,7";"25,1";"24,7";"83,0";"83,0";"81,0";"21,5";"21,6";"21,3";"1012,5";"1012,5";"1012,3";"3,4";"57,0";"6,7";"";"0,0"
"23/10/2022";"0700";"24,6";"24,7";"24,4";"83,0";"84,0";"83,0";"21,5";"21,7";"21,5";"1012,6";"1012,6";"1012,3";"2,8";"33,0";"6,3";"";"0,0"
"23/10/2022";"0800";"24,4";"25,0";"24,4";"78,0";"83,0";"78,0";"20,4";"21,7";"20,4";"1013,3";"1013,3";"1012,6";"2,8";"41,0";"5,3";"";"0,0"
"23/10/2022";"0900";"24,6";"24,7";"24,4";"78,0";"78,0";"75,0";"20,4";"20,4";"20,0";"1014,0";"1014,1";"1013,3";"2,9";"43,0";"5,8";"73,90";"0,0"
"23/10/2022";"1000";"25,5";"25,6";"24,5";"71,0";"78,0";"71,0";"19,9";"20,5";"19,8";"1014,8";"1014,8";"1014,0";"2,6";"48,0";"6,1";"386,60";"0,0"
"23/10/2022";"1100";"24,8";"25,5";"24,3";"78,0";"80,0";"71,0";"20,7";"20,7";"19,8";"1015,3";"1015,5";"1014,8";"2,4";"321,0";"6,4";"509,60";"0,0"
"23/10/2022";"1200";"26,7";"27,0";"24,8";"66,0";"78,0";"66,0";"19,9";"20,9";"19,9";"1015,5";"1015,6";"1015,3";"2,4";"39,0";"4,9";"1208,60";"0,0"
"23/10/2022";"1300";"27,3";"28,3";"26,7";"64,0";"67,0";"61,0";"19,9";"20,7";"18,9";"1015,6";"1015,6";"1015,5";"1,6";"86,0";"5,2";"2079,80";"0,0"
"23/10/2022";"1400";"27,0";"28,0";"25,6";"65,0";"73,0";"63,0";"19,7";"21,5";"19,7";"1014,8";"1015,6";"1014,8";"1,8";"59,0";"7,1";"1917,90";"0,0"
"23/10/2022";"1500";"27,9";"28,4";"26,9";"62,0";"66,0";"59,0";"20,0";"20,5";"19,0";"1013,7";"1014,8";"1013,6";"2,9";"79,0";"5,5";"2339,40";"0,0"
"23/10/2022";"1600";"28,3";"29,2";"27,6";"64,0";"64,0";"59,0";"20,7";"21,1";"19,5";"1012,8";"1013,7";"1012,8";"2,8";"76,0";"6,2";"3031,70";"0,0"
"23/10/2022";"1700";"27,5";"28,7";"27,3";"68,0";"68,0";"62,0";"21,0";"21,4";"19,9";"1012,0";"1012,8";"1012,0";"3,0";"76,0";"5,4";"2393,60";"0,0"
"23/10/2022";"1800";"28,0";"28,2";"27,4";"69,0";"70,0";"67,0";"21,8";"21,9";"20,9";"1011,5";"1012,0";"1011,5";"2,3";"71,0";"6,0";"1947,10";"0,0"
"23/10/2022";"1900";"27,6";"28,1";"27,4";"70,0";"71,0";"69,0";"21,7";"22,1";"21,3";"1011,5";"1011,6";"1011,3";"4,0";"78,0";"7,1";"1334,70";"0,0"
"23/10/2022";"2000";"26,9";"27,8";"26,9";"70,0";"70,0";"69,0";"20,9";"21,8";"20,7";"1012,2";"1012,3";"1011,5";"4,1";"81,0";"7,6";"352,50";"0,0"
"23/10/2022";"2100";"26,7";"26,9";"26,6";"73,0";"75,0";"70,0";"21,5";"21,8";"20,9";"1012,9";"1012,9";"1012,2";"4,1";"79,0";"7,2";"25,10";"0,0"
"23/10/2022";"2200";"26,7";"26,7";"26,6";"73,0";"74,0";"72,0";"21,4";"21,7";"21,2";"1013,8";"1013,8";"1012,9";"4,1";"79,0";"8,1";"";"0,0"
"23/10/2022";"2300";"26,4";"26,7";"26,4";"78,0";"78,0";"72,0";"22,2";"22,2";"21,1";"1014,3";"1014,3";"1013,7";"4,2";"80,0";"8,3";"";"0,0"
"24/10/2022";"0000";"26,2";"26,4";"26,2";"80,0";"80,0";"78,0";"22,4";"22,4";"22,1";"1014,7";"1014,7";"1014,2";"3,5";"78,0";"7,4";"";"0,0"
"24/10/2022";"0100";"26,3";"26,3";"26,2";"80,0";"81,0";"80,0";"22,7";"22,7";"22,4";"1014,8";"1014,9";"1014,6";"4,0";"78,0";"7,8";"";"0,0"
"24/10/2022";"0200";"25,8";"26,3";"25,8";"85,0";"85,0";"80,0";"23,1";"23,2";"22,6";"1014,2";"1014,7";"1014,2";"4,5";"82,0";"8,7";"";"0,0"
"24/10/2022";"0300";"25,5";"25,8";"25,4";"89,0";"89,0";"85,0";"23,5";"23,6";"23,0";"1013,3";"1014,2";"1013,3";"3,1";"77,0";"8,2";"";"0,0"
"24/10/2022";"0400";"25,7";"25,7";"25,4";"88,0";"91,0";"88,0";"23,5";"24,0";"23,5";"1012,6";"1013,4";"1012,5";"4,0";"81,0";"6,5";"";"0,0"
"24/10/2022";"0500";"25,4";"25,8";"25,3";"88,0";"88,0";"86,0";"23,2";"23,6";"22,9";"1012,3";"1012,6";"1012,3";"3,2";"78,0";"8,4";"";"0,0"
"24/10/2022";"0600";"25,3";"25,5";"25,3";"89,0";"90,0";"88,0";"23,5";"23,6";"23,2";"1012,2";"1012,4";"1012,1";"3,2";"76,0";"6,1";"";"0,0"
"24/10/2022";"0700";"25,5";"25,6";"25,3";"87,0";"89,0";"87,0";"23,2";"23,6";"23,2";"1012,3";"1012,4";"1012,2";"3,2";"78,0";"6,2";"";"0,0"
"24/10/2022";"0800";"25,6";"25,6";"25,5";"88,0";"88,0";"87,0";"23,5";"23,5";"23,2";"1013,1";"1013,1";"1012,3";"2,4";"74,0";"5,7";"";"0,0"
"24/10/2022";"0900";"24,2";"25,7";"24,2";"90,0";"90,0";"84,0";"22,4";"23,5";"22,0";"1013,7";"1013,7";"1013,1";"3,7";"33,0";"6,3";"68,60";"0,0"
"24/10/2022";"1000";"24,4";"24,4";"23,8";"";"100,0";"90,0";"";"24,2";"22,4";"1014,1";"1014,1";"1013,7";"2,3";"34,0";"6,8";"201,90";"1,6"
"24/10/2022";"1100";"26,0";"26,8";"24,4";"90,0";"";"";"24,2";"";"";"1014,3";"1014,4";"1014,0";"4,2";"62,0";"8,1";"1582,10";"0,0"
"24/10/2022";"1200";"26,7";"27,2";"25,2";"83,0";"94,0";"82,0";"23,5";"24,5";"23,4";"1014,5";"1014,9";"1014,3";"3,3";"56,0";"8,1";"1842,50";"0,0"
"24/10/2022";"1300";"27,6";"28,4";"26,4";"73,0";"84,0";"72,0";"22,3";"24,2";"22,0";"1014,2";"1014,6";"1014,2";"4,3";"72,0";"7,3";"2661,80";"0,0"
"24/10/2022";"1400";"28,3";"28,4";"27,2";"68,0";"75,0";"68,0";"21,7";"22,8";"21,6";"1013,5";"1014,3";"1013,5";"4,5";"78,0";"7,3";"2844,10";"0,0"
"24/10/2022";"1500";"28,4";"28,6";"27,9";"66,0";"68,0";"64,0";"21,5";"21,8";"20,6";"1012,6";"1013,6";"1012,6";"4,1";"77,0";"8,0";"2961,20";"0,0"
"24/10/2022";"1600";"28,0";"28,4";"27,4";"70,0";"72,0";"66,0";"22,0";"22,5";"20,8";"1011,7";"1012,6";"1011,7";"4,3";"79,0";"7,4";"2866,30";"0,0"
"24/10/2022";"1700";"27,6";"28,3";"27,4";"73,0";"74,0";"67,0";"22,2";"22,7";"21,2";"1010,7";"1011,7";"1010,6";"5,9";"79,0";"9,5";"2519,20";"0,0"
"24/10/2022";"1800";"26,5";"28,1";"26,5";"77,0";"81,0";"69,0";"22,1";"23,3";"21,7";"1010,4";"1010,8";"1010,4";"5,7";"81,0";"9,9";"1803,10";"0,0"
"24/10/2022";"1900";"27,0";"27,4";"26,5";"75,0";"79,0";"73,0";"22,1";"23,3";"21,9";"1010,4";"1010,7";"1010,3";"5,1";"78,0";"9,9";"1279,90";"0,0"
"24/10/2022";"2000";"26,3";"27,2";"26,3";"75,0";"75,0";"70,0";"21,5";"22,1";"21,0";"1010,8";"1010,8";"1010,4";"4,5";"81,0";"8,5";"504,60";"0,0"
"24/10/2022";"2100";"26,5";"26,5";"26,2";"76,0";"78,0";"75,0";"21,8";"22,1";"21,4";"1011,5";"1011,5";"1010,7";"3,6";"73,0";"7,5";"25,20";"0,0"
"24/10/2022";"2200";"26,4";"26,6";"26,4";"81,0";"81,0";"75,0";"22,8";"22,8";"21,7";"1012,1";"1012,1";"1011,5";"3,9";"76,0";"8,1";"";"0,0"
"24/10/2022";"2300";"26,2";"26,5";"26,1";"83,0";"87,0";"81,0";"23,0";"23,9";"22,8";"1012,6";"1012,6";"1012,1";"4,4";"78,0";"8,7";"";"0,0"
"25/10/2022";"0000";"26,3";"26,3";"26,2";"88,0";"89,0";"82,0";"24,1";"24,3";"22,8";"1012,8";"1012,9";"1012,5";"3,5";"73,0";"8,7";"";"0,0"
"25/10/2022";"0100";"26,3";"26,4";"26,2";"91,0";"91,0";"88,0";"24,6";"24,8";"24,1";"1012,6";"1012,7";"1012,6";"4,1";"71,0";"8,8";"";"0,0"
"25/10/2022";"0200";"26,3";"26,3";"26,2";"88,0";"92,0";"88,0";"24,2";"24,9";"24,2";"1012,1";"1012,7";"1012,1";"3,7";"60,0";"8,4";"";"0,0"
"25/10/2022";"0300";"26,1";"26,3";"26,1";"87,0";"90,0";"85,0";"23,9";"24,4";"23,6";"1011,2";"1012,1";"1011,2";"4,0";"55,0";"8,5";"";"0,0"
"25/10/2022";"0400";"26,0";"26,2";"26,0";"88,0";"90,0";"86,0";"23,8";"24,3";"23,5";"1010,7";"1011,2";"1010,6";"3,7";"51,0";"7,4";"";"0,0"
"25/10/2022";"0500";"26,0";"26,1";"25,9";"87,0";"89,0";"86,0";"23,7";"23,9";"23,4";"1010,2";"1010,8";"1010,2";"3,8";"47,0";"7,5";"";"0,0"
"25/10/2022";"0600";"25,2";"26,0";"25,2";"94,0";"94,0";"87,0";"24,1";"24,1";"23,3";"1010,2";"1010,4";"1010,1";"2,6";"39,0";"6,9";"";"0,0"
"25/10/2022";"0700";"25,1";"25,2";"24,9";"100,0";"100,0";"93,0";"25,1";"25,1";"23,9";"1010,5";"1010,5";"1010,2";"1,7";"18,0";"5,1";"";"0,0"
"25/10/2022";"0800";"25,0";"25,3";"24,9";"98,0";"100,0";"98,0";"24,7";"25,1";"24,6";"1011,1";"1011,1";"1010,4";"2,1";"25,0";"4,4";"";"0,0"
"25/10/2022";"0900";"25,5";"25,5";"24,9";"99,0";"100,0";"96,0";"25,4";"25,5";"24,4";"1011,4";"1011,4";"1010,9";"1,7";"3,0";"4,1";"182,80";"0,0"
"25/10/2022";"1000";"26,2";"26,7";"25,3";"87,0";"99,0";"86,0";"23,8";"25,3";"23,6";"1012,1";"1012,1";"1011,4";"2,2";"14,0";"4,5";"698,90";"0,0"
"25/10/2022";"1100";"27,6";"27,7";"26,0";"74,0";"87,0";"73,0";"22,5";"23,8";"22,2";"1012,1";"1012,2";"1012,0";"4,4";"52,0";"7,3";"1126,40";"0,0"
"25/10/2022";"1200";"28,7";"28,7";"27,6";"69,0";"74,0";"66,0";"22,3";"22,6";"21,3";"1012,2";"1012,4";"1012,1";"4,3";"68,0";"10,1";"2331,00";"0,0"
"25/10/2022";"1300";"28,0";"29,5";"27,7";"70,0";"71,0";"65,0";"22,0";"22,9";"21,4";"1011,9";"1012,2";"1011,9";"5,0";"81,0";"9,1";"2508,70";"0,0"
"25/10/2022";"1400";"28,5";"28,9";"27,8";"71,0";"73,0";"69,0";"22,6";"23,2";"21,9";"1011,8";"1012,0";"1011,7";"4,5";"77,0";"8,9";"2127,30";"0,0"
"25/10/2022";"1500";"28,9";"29,4";"27,5";"69,0";"73,0";"69,0";"22,5";"23,5";"22,0";"1010,9";"1011,8";"1010,8";"5,4";"80,0";"9,6";"2679,80";"0,0"
"25/10/2022";"1600";"28,8";"29,3";"28,3";"68,0";"70,0";"66,0";"22,3";"22,9";"21,5";"1009,8";"1010,9";"1009,7";"6,0";"78,0";"9,7";"3067,30";"0,0"
"25/10/2022";"1700";"29,0";"29,5";"27,7";"68,0";"72,0";"66,0";"22,5";"23,2";"21,7";"1009,4";"1009,8";"1009,4";"4,6";"77,0";"9,7";"1893,70";"0,0"
"25/10/2022";"1800";"27,5";"29,0";"27,5";"73,0";"73,0";"67,0";"22,3";"22,5";"21,4";"1009,4";"1009,5";"1009,2";"5,3";"80,0";"8,9";"1340,80";"0,0"
"25/10/2022";"1900";"27,0";"27,7";"27,0";"77,0";"77,0";"72,0";"22,6";"22,7";"22,0";"1009,4";"1009,6";"1009,1";"4,4";"79,0";"9,1";"760,10";"0,0"
"25/10/2022";"2000";"26,4";"27,1";"26,4";"86,0";"86,0";"76,0";"23,9";"23,9";"22,4";"1010,0";"1010,1";"1009,4";"2,1";"69,0";"9,3";"154,50";"0,0"
"25/10/2022";"2100";"26,5";"26,6";"26,4";"92,0";"95,0";"86,0";"25,2";"25,6";"24,0";"1010,8";"1010,8";"1010,0";"3,8";"77,0";"7,5";"5,60";"0,0"
"25/10/2022";"2200";"25,8";"26,8";"25,8";"95,0";"95,0";"89,0";"24,9";"25,3";"24,7";"1011,5";"1011,5";"1010,8";"1,4";"263,0";"7,4";"";"0,0"
"25/10/2022";"2300";"25,3";"25,8";"25,2";"";"";"";"";"";"";"1012,0";"1012,0";"1011,4";"1,2";"311,0";"3,2";"";"0,0"
"26/10/2022";"0000";"25,4";"25,4";"25,3";"";"";"";"";"";"";"1012,1";"1012,3";"1012,0";"1,9";"179,0";"4,4";"";"0,0"
"26/10/2022";"0100";"24,1";"25,4";"24,1";"";"";"";"";"";"";"1012,8";"1012,8";"1011,8";"1,5";"265,0";"8,4";"";"5,0"
"26/10/2022";"0200";"22,6";"24,4";"22,6";"";"";"";"";"";"";"1012,7";"1012,8";"1012,5";"3,8";"67,0";"8,6";"";"7,6"
"26/10/2022";"0300";"23,0";"23,5";"22,2";"";"";"";"";"";"";"1011,8";"1012,7";"1011,8";"4,7";"78,0";"8,6";"";"21,4"
"26/10/2022";"0400";"22,4";"23,1";"22,2";"";"";"";"";"";"";"1011,1";"1011,8";"1011,1";"3,0";"81,0";"8,7";"";"21,8"
"26/10/2022";"0500";"22,9";"23,0";"22,4";"";"";"";"";"";"";"1010,6";"1011,1";"1010,5";"1,2";"189,0";"5,8";"";"11,0"
"26/10/2022";"0600";"23,4";"23,4";"22,9";"";"";"";"";"";"";"1010,6";"1010,6";"1010,4";"1,0";"250,0";"5,0";"";"4,8"
"26/10/2022";"0700";"23,3";"23,5";"23,1";"";"";"";"";"";"";"1010,5";"1010,7";"1010,5";"1,3";"197,0";"5,6";"";"0,0"
"26/10/2022";"0800";"23,4";"23,5";"23,2";"100,0";"";"";"23,4";"";"";"1011,3";"1011,3";"1010,5";"0,7";"247,0";"2,9";"0,70";"0,0"
"26/10/2022";"0900";"24,0";"24,0";"23,4";"";"";"";"";"";"";"1012,4";"1012,4";"1011,3";"1,0";"189,0";"2,5";"55,10";"0,0"
"26/10/2022";"1000";"23,9";"24,4";"23,9";"";"";"";"";"";"";"1013,2";"1013,2";"1012,4";"1,3";"81,0";"4,3";"208,70";"0,0"
"26/10/2022";"1100";"24,1";"24,1";"23,6";"";"";"";"";"";"";"1013,7";"1013,7";"1013,1";"2,0";"82,0";"8,1";"530,60";"0,0"
"26/10/2022";"1200";"24,7";"25,5";"24,1";"";"";"";"";"";"";"1014,8";"1014,8";"1013,7";"2,6";"79,0";"5,9";"816,40";"0,0"
"26/10/2022";"1300";"24,9";"24,9";"24,4";"";"";"";"";"";"";"1015,0";"1015,2";"1014,8";"1,2";"66,0";"5,1";"583,00";"0,0"
"26/10/2022";"1400";"25,7";"26,0";"24,9";"";"";"";"";"";"";"1013,7";"1015,7";"1013,7";"1,8";"164,0";"4,0";"884,40";"0,0"
"26/10/2022";"1500";"24,9";"26,0";"24,6";"";"";"";"";"";"";"1013,3";"1013,7";"1013,3";"1,0";"251,0";"4,1";"868,40";"0,8"
"26/10/2022";"1600";"25,0";"25,3";"24,6";"";"";"";"";"";"";"1012,4";"1013,3";"1012,4";"1,8";"188,0";"4,3";"1087,60";"0,4"
"26/10/2022";"1700";"24,3";"25,1";"24,3";"";"";"";"";"";"";"1011,8";"1012,4";"1011,7";"2,1";"176,0";"5,5";"837,30";"0,0"
"26/10/2022";"1800";"24,6";"24,8";"24,3";"";"";"";"";"";"";"1011,7";"1011,8";"1011,6";"1,7";"179,0";"5,5";"498,80";"0,0"
"26/10/2022";"1900";"23,8";"24,8";"23,8";"";"";"";"";"";"";"1011,9";"1011,9";"1011,7";"2,6";"179,0";"5,9";"186,70";"0,0"
"26/10/2022";"2000";"23,7";"23,8";"23,6";"";"";"";"";"";"";"1012,4";"1012,4";"1011,8";"2,4";"177,0";"6,7";"67,40";"0,0"
"26/10/2022";"2100";"23,9";"23,9";"23,5";"";"";"";"";"";"";"1012,9";"1012,9";"1012,4";"1,7";"177,0";"6,2";"0,20";"0,0"
"26/10/2022";"2200";"24,0";"24,3";"23,9";"";"";"";"";"";"";"1013,9";"1013,9";"1012,9";"1,4";"179,0";"4,7";"";"0,2"
"26/10/2022";"2300";"23,7";"24,0";"23,5";"";"";"";"";"";"";"1014,4";"1014,4";"1013,8";"0,9";"290,0";"4,1";"";"0,0"
"27/10/2022";"0000";"24,0";"24,1";"23,7";"";"";"";"";"";"";"1014,8";"1014,8";"1014,4";"1,8";"68,0";"5,8";"";"0,2"
"27/10/2022";"0100";"24,0";"24,3";"23,9";"";"";"";"";"";"";"1015,6";"1015,6";"1014,9";"4,3";"80,0";"7,9";"";"0,0"
"27/10/2022";"0200";"23,4";"24,0";"23,3";"";"";"";"";"";"";"1015,0";"1015,7";"1015,0";"2,6";"78,0";"7,3";"";"1,2"
"27/10/2022";"0300";"23,5";"23,6";"23,3";"";"";"";"";"";"";"1014,3";"1015,0";"1014,3";"3,1";"81,0";"7,5";"";"0,2"
"27/10/2022";"0400";"23,7";"23,8";"23,4";"";"";"";"";"";"";"1013,6";"1014,3";"1013,6";"2,9";"77,0";"5,4";"";"0,0"
"27/10/2022";"0500";"24,0";"24,0";"23,7";"";"";"";"";"";"";"1013,0";"1013,6";"1012,9";"3,5";"78,0";"6,5";"";"0,0"
"27/10/2022";"0600";"";"";"";"";"";"";"";"";"";"";"";"";"";"";"";"";""
"27/10/2022";"0700";"24,2";"24,2";"23,5";"";"";"";"";"";"";"1012,9";"1013,0";"1012,8";"4,0";"64,0";"8,7";"";"0,0"
"27/10/2022";"0800";"24,3";"24,4";"24,2";"";"";"";"";"";"";"1013,7";"1013,7";"1012,9";"3,4";"54,0";"7,0";"";"0,0"
"27/10/2022";"0900";"23,4";"24,3";"23,4";"";"";"";"";"";"";"1013,8";"1014,0";"1013,7";"1,5";"327,0";"6,2";"40,70";"0,0"
"27/10/2022";"1000";"24,1";"24,2";"23,4";"";"";"";"";"";"";"1014,2";"1014,2";"1013,7";"1,1";"310,0";"3,4";"343,30";"0,0"
"27/10/2022";"1100";"25,9";"25,9";"24,1";"";"";"";"";"";"";"1015,4";"1015,4";"1014,2";"0,7";"157,0";"2,6";"871,10";"0,0"
"27/10/2022";"1200";"26,3";"26,3";"25,6";"";"";"";"";"";"";"1015,6";"1015,8";"1015,4";"2,5";"68,0";"4,1";"1237,00";"0,0"
"27/10/2022";"1300";"27,0";"27,4";"26,1";"";"";"";"";"";"";"1015,4";"1015,6";"1015,3";"2,8";"73,0";"5,1";"1689,10";"0,2"
"27/10/2022";"1400";"27,2";"28,4";"26,4";"88,0";"100,0";"86,0";"25,1";"28,3";"24,8";"1014,9";"1015,4";"1014,8";"4,1";"62,0";"7,7";"2530,30";"0,0"
"27/10/2022";"1500";"27,0";"28,2";"26,9";"85,0";"90,0";"79,0";"24,3";"26,0";"23,3";"1014,3";"1014,9";"1014,3";"3,7";"75,0";"7,8";"2967,70";"0,0"
"27/10/2022";"1600";"27,5";"27,9";"26,6";"84,0";"88,0";"82,0";"24,6";"25,4";"23,9";"1013,6";"1014,3";"1013,6";"3,8";"83,0";"6,1";"2659,40";"0,0"
"27/10/2022";"1700";"27,4";"28,3";"26,9";"81,0";"84,0";"75,0";"23,9";"25,0";"22,7";"1012,7";"1013,6";"1012,7";"3,7";"77,0";"6,8";"2194,90";"0,0"
"27/10/2022";"1800";"27,2";"27,7";"26,7";"88,0";"89,0";"80,0";"25,0";"25,3";"23,6";"1012,6";"1012,8";"1012,5";"2,8";"73,0";"6,1";"1882,90";"0,0"
"27/10/2022";"1900";"27,6";"27,6";"26,8";"90,0";"91,0";"88,0";"25,9";"25,9";"24,6";"1012,5";"1012,6";"1012,5";"1,1";"179,0";"5,4";"1082,00";"0,0"
"27/10/2022";"2000";"25,8";"27,7";"25,8";"";"100,0";"88,0";"";"25,9";"24,6";"1013,0";"1013,0";"1012,5";"1,4";"175,0";"3,5";"327,40";"0,0"
"27/10/2022";"2100";"25,3";"25,8";"25,3";"";"";"";"";"";"";"1013,4";"1013,4";"1013,0";"1,1";"211,0";"4,1";"22,20";"0,0"
"27/10/2022";"2200";"24,9";"25,3";"24,9";"";"";"";"";"";"";"1013,9";"1013,9";"1013,4";"0,9";"276,0";"3,6";"";"0,0"
"27/10/2022";"2300";"25,2";"25,2";"24,9";"";"";"";"";"";"";"1014,4";"1014,4";"1013,9";"1,1";"69,0";"3,2";"";"0,0"
"28/10/2022";"0000";"25,1";"25,5";"25,1";"";"";"";"";"";"";"1014,5";"1014,5";"1014,3";"1,2";"64,0";"3,4";"";"0,0"
"28/10/2022";"0100";"24,4";"25,2";"24,2";"";"";"";"";"";"";"1014,5";"1014,7";"1014,4";"1,4";"52,0";"5,3";"";"0,4"
"28/10/2022";"0200";"25,0";"25,0";"24,3";"";"";"";"";"";"";"1014,3";"1014,6";"1014,3";"0,9";"228,0";"3,9";"";"0,0"
"28/10/2022";"0300";"24,9";"25,1";"24,8";"";"";"";"";"";"";"1013,7";"1014,2";"1013,7";"1,3";"181,0";"3,6";"";"0,0"
"28/10/2022";"0400";"24,7";"25,7";"24,7";"";"";"";"";"";"";"1012,9";"1013,7";"1012,9";"4,4";"80,0";"8,5";"";"0,2"
"28/10/2022";"0500";"24,7";"24,8";"24,2";"";"";"";"";"";"";"1012,8";"1013,0";"1012,8";"0,6";"358,0";"8,5";"";"0,0"
"28/10/2022";"0600";"23,7";"25,1";"23,7";"";"";"";"";"";"";"1012,9";"1013,0";"1012,8";"3,2";"51,0";"6,8";"";"0,0"
"28/10/2022";"0700";"25,0";"25,0";"23,6";"";"";"";"";"";"";"1013,1";"1013,1";"1012,7";"1,9";"76,0";"5,2";"";"0,0"
"28/10/2022";"0800";"25,3";"25,4";"25,0";"";"";"";"";"";"";"1013,5";"1013,6";"1013,1";"2,8";"76,0";"5,7";"";"0,0"
"28/10/2022";"0900";"26,2";"26,2";"25,3";"";"";"";"";"";"";"1014,2";"1014,2";"1013,5";"3,1";"80,0";"6,2";"256,50";"0,0"
"28/10/2022";"1000";"26,8";"26,9";"25,9";"";"";"";"";"";"";"1014,7";"1014,7";"1014,1";"4,8";"81,0";"7,4";"780,10";"0,0"
"28/10/2022";"1100";"27,3";"27,6";"26,7";"";"";"";"";"";"";"1015,3";"1015,4";"1014,6";"4,3";"77,0";"7,5";"1697,50";"0,0"
"28/10/2022";"1200";"27,9";"28,2";"27,3";"100,0";"";"";"27,9";"";"";"1015,7";"1015,8";"1015,3";"4,4";"78,0";"7,9";"2298,70";"0,0"
"28/10/2022";"1300";"28,3";"28,4";"27,6";"98,0";"100,0";"98,0";"27,9";"28,3";"27,6";"1015,6";"1015,8";"1015,5";"3,7";"74,0";"7,9";"2668,40";"0,0"
"28/10/2022";"1400";"28,2";"28,5";"27,5";"100,0";"100,0";"96,0";"28,2";"28,3";"27,0";"1015,2";"1015,7";"1015,1";"4,2";"81,0";"7,1";"2870,30";"0,0"
"28/10/2022";"1500";"28,3";"28,9";"27,9";"94,0";"100,0";"91,0";"27,2";"28,7";"26,4";"1014,2";"1015,3";"1014,1";"4,7";"78,0";"8,7";"2968,80";"0,0"
"28/10/2022";"1600";"28,1";"28,8";"27,7";"96,0";"97,0";"91,0";"27,5";"27,6";"26,3";"1013,2";"1014,2";"1013,2";"4,9";"79,0";"8,3";"2846,60";"0,0"
"28/10/2022";"1700";"28,1";"28,5";"27,7";"90,0";"100,0";"90,0";"26,4";"28,2";"26,4";"1012,6";"1013,3";"1012,5";"4,5";"81,0";"8,1";"2450,40";"0,0"
"28/10/2022";"1800";"27,6";"28,4";"27,3";"100,0";"100,0";"88,0";"27,6";"27,9";"25,6";"1012,6";"1012,7";"1012,4";"4,0";"79,0";"8,0";"1933,40";"0,0"
"28/10/2022";"1900";"27,4";"27,9";"27,2";"";"";"";"";"";"";"1012,6";"1012,6";"1012,3";"3,8";"82,0";"7,0";"1296,80";"0,0"
"28/10/2022";"2000";"26,5";"27,4";"26,5";"";"";"";"";"";"";"1012,8";"1012,8";"1012,4";"3,5";"80,0";"6,1";"461,80";"0,0"
"28/10/2022";"2100";"26,3";"26,5";"26,2";"";"";"";"";"";"";"1013,3";"1013,3";"1012,8";"3,6";"81,0";"6,1";"24,90";"0,0"
"28/10/2022";"2200";"26,3";"26,4";"26,2";"";"";"";"";"";"";"1013,8";"1013,8";"1013,3";"3,7";"77,0";"6,5";"";"0,0"
"28/10/2022";"2300";"26,2";"26,3";"26,1";"";"";"";"";"";"";"1014,3";"1014,3";"1013,8";"3,8";"79,0";"7,4";"";"0,0"
"29/10/2022";"0000";"26,0";"26,2";"26,0";"";"";"";"";"";"";"1014,3";"1014,5";"1014,2";"4,0";"77,0";"7,4";"";"0,0"
"29/10/2022";"0100";"25,9";"26,1";"25,9";"";"";"";"";"";"";"1014,4";"1014,4";"1014,2";"3,5";"77,0";"7,7";"";"0,0"
"29/10/2022";"0200";"25,9";"25,9";"25,8";"";"";"";"";"";"";"1014,1";"1014,5";"1014,0";"3,6";"77,0";"6,4";"";"0,0"
"29/10/2022";"0300";"25,7";"25,9";"25,7";"";"";"";"";"";"";"1013,6";"1014,1";"1013,5";"3,5";"76,0";"6,7";"";"0,0"
"29/10/2022";"0400";"25,6";"25,7";"25,6";"";"";"";"";"";"";"1013,3";"1013,6";"1013,2";"3,3";"74,0";"7,0";"";"0,0"
"29/10/2022";"0500";"25,5";"25,7";"25,5";"";"";"";"";"";"";"1012,8";"1013,3";"1012,8";"2,9";"67,0";"6,5";"";"0,0"
"29/10/2022";"0600";"25,5";"25,6";"25,5";"";"";"";"";"";"";"1012,4";"1012,8";"1012,4";"3,4";"67,0";"7,1";"";"0,0"
"29/10/2022";"0700";"25,5";"25,6";"25,4";"";"";"";"";"";"";"1012,5";"1012,5";"1012,2";"3,5";"71,0";"6,6";"";"0,0"
"29/10/2022";"0800";"25,6";"25,6";"25,4";"";"";"";"";"";"";"1012,9";"1012,9";"1012,5";"3,3";"61,0";"7,0";"";"0,0"
"29/10/2022";"0900";"26,1";"26,1";"25,5";"";"";"";"";"";"";"1013,4";"1013,4";"1012,9";"2,7";"72,0";"6,2";"239,50";"0,0"
"29/10/2022";"1000";"27,2";"27,2";"26,1";"100,0";"";"";"27,2";"";"";"1014,0";"1014,0";"1013,3";"3,5";"75,0";"6,3";"988,30";"0,0"
"29/10/2022";"1100";"27,5";"27,8";"27,0";"92,0";"100,0";"92,0";"26,2";"27,4";"25,8";"1014,7";"1014,7";"1014,0";"4,0";"73,0";"6,6";"1690,20";"0,0"
"29/10/2022";"1200";"28,1";"28,4";"27,2";"90,0";"94,0";"89,0";"26,3";"27,2";"25,6";"1014,7";"1014,8";"1014,6";"4,1";"76,0";"7,6";"2381,90";"0,0"
"29/10/2022";"1300";"28,4";"28,6";"27,7";"89,0";"91,0";"87,0";"26,3";"26,7";"25,6";"1014,3";"1014,7";"1014,2";"4,5";"83,0";"7,6";"2715,70";"0,0"
"29/10/2022";"1400";"28,1";"28,7";"27,6";"85,0";"89,0";"84,0";"25,4";"26,6";"24,8";"1014,0";"1014,3";"1013,9";"4,5";"82,0";"8,4";"2795,80";"0,0"
"29/10/2022";"1500";"28,4";"29,1";"27,9";"80,0";"89,0";"79,0";"24,6";"26,8";"24,6";"1013,2";"1014,0";"1013,2";"4,2";"78,0";"8,3";"2977,70";"0,0"
"29/10/2022";"1600";"27,6";"29,0";"27,6";"85,0";"85,0";"79,0";"24,8";"25,9";"24,3";"1012,2";"1013,2";"1012,2";"4,7";"81,0";"7,7";"2886,10";"0,0"
"29/10/2022";"1700";"28,2";"28,7";"27,6";"76,0";"87,0";"76,0";"23,6";"25,8";"23,4";"1011,3";"1012,2";"1011,3";"4,5";"81,0";"7,8";"2514,60";"0,0"
"29/10/2022";"1800";"27,5";"28,4";"27,4";"81,0";"81,0";"74,0";"23,9";"24,3";"22,9";"1011,2";"1011,4";"1011,1";"4,3";"78,0";"7,6";"2028,90";"0,0"
"29/10/2022";"1900";"27,1";"28,1";"26,9";"86,0";"86,0";"81,0";"24,6";"25,1";"23,9";"1010,9";"1011,2";"1010,7";"4,6";"81,0";"7,5";"1208,00";"0,0"
"29/10/2022";"2000";"26,5";"27,2";"26,4";"89,0";"89,0";"86,0";"24,4";"25,0";"24,3";"1011,1";"1011,2";"1010,8";"4,0";"71,0";"7,8";"579,40";"0,0"
"29/10/2022";"2100";"26,1";"26,5";"26,0";"96,0";"96,0";"88,0";"25,3";"25,3";"24,3";"1011,3";"1011,3";"1010,9";"3,9";"68,0";"7,1";"40,20";"0,0"
"29/10/2022";"2200";"26,1";"26,1";"25,9";"";"";"";"";"";"";"1011,7";"1011,7";"1011,1";"3,8";"72,0";"7,7";"";"0,0"
"29/10/2022";"2300";"26,0";"26,1";"26,0";"100,0";"100,0";"100,0";"26,0";"26,1";"26,0";"1012,6";"1012,6";"1011,7";"3,7";"77,0";"6,8";"";"0,0"
"30/10/2022";"0000";"26,0";"26,1";"25,9";"";"100,0";"100,0";"";"26,0";"25,9";"1013,0";"1013,0";"1012,6";"3,9";"78,0";"7,4";"";"0,0"
"30/10/2022";"0100";"25,9";"26,0";"25,8";"";"";"";"";"";"";"1013,0";"1013,2";"1012,9";"2,9";"75,0";"7,2";"";"0,0"
"30/10/2022";"0200";"25,7";"25,9";"25,7";"";"";"";"";"";"";"1012,7";"1013,1";"1012,7";"3,5";"77,0";"6,0";"";"0,0"
"30/10/2022";"0300";"25,6";"25,8";"25,6";"";"";"";"";"";"";"1012,3";"1012,7";"1012,2";"2,9";"69,0";"7,0";"";"0,0"
"30/10/2022";"0400";"25,6";"25,7";"25,5";"";"";"";"";"";"";"1011,9";"1012,3";"1011,8";"3,3";"79,0";"6,1";"";"0,0"
"30/10/2022";"0500";"25,4";"25,8";"25,4";"";"";"";"";"";"";"1011,5";"1012,0";"1011,4";"3,3";"78,0";"6,7";"";"0,0"
"30/10/2022";"0600";"25,3";"25,5";"25,2";"";"";"";"";"";"";"1011,3";"1011,5";"1011,2";"2,9";"72,0";"6,5";"";"0,0"
"30/10/2022";"0700";"25,2";"25,4";"25,2";"";"";"";"";"";"";"1011,4";"1011,4";"1011,1";"2,2";"67,0";"6,3";"";"0,0"
"30/10/2022";"0800";"25,2";"25,3";"25,1";"";"";"";"";"";"";"1011,4";"1011,4";"1011,2";"2,7";"60,0";"5,5";"";"0,0"
"30/10/2022";"0900";"25,7";"25,7";"25,2";"";"";"";"";"";"";"1011,9";"1011,9";"1011,3";"3,0";"60,0";"6,0";"152,10";"0,0"
"30/10/2022";"1000";"26,5";"26,9";"25,7";"96,0";"";"";"25,8";"";"";"1012,4";"1012,4";"1011,9";"4,1";"64,0";"7,9";"921,70";"0,0"
"30/10/2022";"1100";"27,3";"27,6";"26,5";"88,0";"97,0";"88,0";"25,2";"26,8";"25,2";"1012,9";"1012,9";"1012,3";"4,0";"69,0";"7,9";"1816,80";"0,0"
"30/10/2022";"1200";"28,0";"28,3";"27,2";"86,0";"91,0";"85,0";"25,4";"26,4";"25,1";"1013,2";"1013,3";"1012,9";"3,8";"72,0";"7,3";"2344,80";"0,0"
"30/10/2022";"1300";"28,1";"28,4";"27,3";"80,0";"88,0";"80,0";"24,4";"25,8";"24,4";"1013,0";"1013,2";"1013,0";"4,2";"79,0";"7,6";"2699,30";"0,0"
"30/10/2022";"1400";"28,1";"28,8";"27,6";"78,0";"83,0";"78,0";"24,0";"25,3";"23,7";"1012,4";"1013,0";"1012,4";"4,5";"76,0";"7,6";"2897,90";"0,0"
"30/10/2022";"1500";"28,3";"28,8";"27,7";"77,0";"80,0";"76,0";"23,8";"24,8";"23,2";"1011,5";"1012,4";"1011,5";"4,3";"85,0";"7,9";"2986,00";"0,0"
"30/10/2022";"1600";"28,2";"28,7";"27,8";"76,0";"78,0";"74,0";"23,5";"24,3";"23,1";"1010,5";"1011,5";"1010,5";"4,9";"80,0";"7,9";"2923,60";"0,0"
"30/10/2022";"1700";"28,2";"28,9";"27,7";"76,0";"78,0";"74,0";"23,7";"24,6";"23,1";"1009,7";"1010,6";"1009,7";"5,1";"81,0";"9,0";"2575,00";"0,0"
"30/10/2022";"1800";"27,6";"28,3";"27,5";"78,0";"79,0";"73,0";"23,4";"24,1";"22,6";"1009,7";"1009,8";"1009,6";"4,8";"80,0";"8,5";"2022,10";"0,0"
"30/10/2022";"1900";"27,2";"27,8";"27,2";"79,0";"80,0";"77,0";"23,3";"23,8";"23,0";"1009,8";"1009,9";"1009,6";"4,5";"78,0";"8,8";"1314,70";"0,0"
"30/10/2022";"2000";"26,5";"27,3";"26,5";"84,0";"84,0";"79,0";"23,6";"23,9";"23,3";"1010,1";"1010,1";"1009,7";"4,1";"79,0";"7,2";"552,00";"0,0"
"30/10/2022";"2100";"26,2";"26,5";"26,1";"92,0";"92,0";"84,0";"24,8";"24,8";"23,6";"1010,6";"1010,6";"1010,0";"3,4";"79,0";"6,8";"32,50";"0,0"
"30/10/2022";"2200";"26,1";"26,2";"26,1";"94,0";"96,0";"92,0";"25,1";"25,3";"24,8";"1011,1";"1011,1";"1010,6";"3,7";"80,0";"7,1";"";"0,0"
"30/10/2022";"2300";"26,0";"26,1";"25,9";"95,0";"95,0";"92,0";"25,2";"25,2";"24,8";"1011,7";"1011,7";"1011,1";"3,6";"81,0";"6,6";"";"0,0"
"31/10/2022";"0000";"25,9";"26,0";"25,8";"100,0";"100,0";"95,0";"25,9";"26,0";"25,2";"1012,1";"1012,2";"1011,7";"3,6";"77,0";"6,8";"";"0,0"
"31/10/2022";"0100";"25,8";"25,9";"25,8";"";"";"";"";"";"";"1012,4";"1012,5";"1012,1";"3,4";"78,0";"6,4";"";"0,0"
"31/10/2022";"0200";"25,8";"25,9";"25,8";"100,0";"";"";"25,8";"";"";"1012,4";"1012,6";"1012,3";"3,5";"78,0";"6,4";"";"0,0"
"31/10/2022";"0300";"25,6";"25,8";"25,6";"";"100,0";"100,0";"";"25,8";"25,6";"1011,6";"1012,4";"1011,6";"3,0";"74,0";"7,0";"";"0,0"
"31/10/2022";"0400";"25,5";"25,8";"25,5";"100,0";"";"";"25,5";"";"";"1011,0";"1011,6";"1011,0";"2,9";"68,0";"6,6";"";"0,0"
"31/10/2022";"0500";"25,3";"25,6";"25,2";"100,0";"100,0";"99,0";"25,2";"25,6";"25,1";"1010,9";"1011,0";"1010,8";"2,7";"73,0";"6,1";"";"0,0"
"31/10/2022";"0600";"25,1";"25,4";"25,1";"100,0";"100,0";"96,0";"25,0";"25,2";"24,5";"1011,1";"1011,1";"1010,9";"1,9";"59,0";"5,5";"";"0,0"
"31/10/2022";"0700";"24,9";"25,1";"24,8";"";"";"";"";"";"";"1011,4";"1011,4";"1011,1";"1,5";"53,0";"3,9";"";"0,0"
"31/10/2022";"0800";"24,3";"24,9";"24,3";"";"";"";"";"";"";"1011,9";"1011,9";"1011,4";"1,3";"28,0";"3,3";"";"0,0"
"31/10/2022";"0900";"25,2";"25,3";"24,2";"";"";"";"";"";"";"1012,5";"1012,5";"1011,9";"1,5";"20,0";"2,5";"246,20";"0,0"
"31/10/2022";"1000";"26,5";"26,6";"25,2";"";"";"";"";"";"";"1013,2";"1013,2";"1012,5";"1,6";"47,0";"3,1";"913,70";"0,0"
"31/10/2022";"1100";"27,6";"27,7";"26,4";"92,0";"";"";"26,1";"";"";"1013,4";"1013,6";"1013,2";"2,6";"60,0";"5,3";"1735,20";"0,0"
"31/10/2022";"1200";"27,8";"28,1";"27,3";"82,0";"92,0";"81,0";"24,5";"26,3";"24,0";"1013,3";"1013,4";"1013,3";"3,2";"85,0";"5,3";"2314,00";"0,0"
"31/10/2022";"1300";"27,8";"28,4";"27,4";"84,0";"85,0";"80,0";"24,7";"25,5";"24,1";"1013,0";"1013,3";"1013,0";"3,5";"76,0";"5,5";"2680,80";"0,0"
"31/10/2022";"1400";"28,3";"28,6";"27,4";"86,0";"88,0";"83,0";"25,8";"26,0";"24,5";"1012,6";"1013,0";"1012,6";"4,1";"79,0";"7,0";"2889,70";"0,0"
"31/10/2022";"1500";"28,0";"28,9";"27,6";"82,0";"88,0";"82,0";"24,7";"26,4";"24,7";"1012,0";"1012,6";"1012,0";"4,0";"78,0";"7,2";"2980,80";"0,0"
"31/10/2022";"1600";"28,1";"28,8";"27,7";"86,0";"89,0";"82,0";"25,6";"26,7";"24,5";"1011,0";"1012,0";"1011,0";"4,3";"74,0";"8,4";"2950,50";"0,0"
"31/10/2022";"1700";"28,4";"28,8";"27,9";"81,0";"86,0";"78,0";"24,8";"26,1";"23,8";"1010,7";"1011,0";"1010,5";"4,8";"77,0";"9,8";"2573,20";"0,0"
"31/10/2022";"1800";"27,4";"28,5";"27,2";"88,0";"89,0";"79,0";"25,3";"25,6";"24,0";"1010,7";"1010,8";"1010,6";"3,9";"75,0";"8,7";"1793,50";"0,0"
"31/10/2022";"1900";"27,3";"27,5";"26,7";"87,0";"90,0";"86,0";"24,9";"25,5";"24,5";"1010,4";"1010,7";"1010,3";"4,9";"80,0";"7,9";"961,20";"0,0"
"31/10/2022";"2000";"26,5";"27,5";"26,5";"97,0";"97,0";"86,0";"25,9";"26,1";"24,5";"1010,9";"1010,9";"1010,3";"3,8";"83,0";"7,9";"559,20";"0,0"
"31/10/2022";"2100";"26,2";"26,6";"26,2";"";"";"";"";"";"";"1011,5";"1011,5";"1010,9";"3,7";"77,0";"6,4";"39,10";"0,0"
"31/10/2022";"2200";"26,2";"26,3";"26,2";"";"";"";"";"";"";"1011,7";"1011,8";"1011,4";"4,0";"80,0";"7,0";"";"0,0"
"31/10/2022";"2300";"26,3";"26,3";"26,2";"";"";"";"";"";"";"1012,3";"1012,3";"1011,7";"4,8";"79,0";"8,2";"";"0,0"
"01/11/2022";"0000";"26,1";"26,3";"26,1";"";"";"";"";"";"";"1012,8";"1012,8";"1012,3";"4,4";"80,0";"8,2";"";"0,0"
"01/11/2022";"0100";"26,1";"26,1";"26,0";"";"";"";"";"";"";"1012,8";"1012,9";"1012,7";"4,4";"79,0";"8,6";"";"0,0"
"01/11/2022";"0200";"25,9";"26,1";"25,9";"";"";"";"";"";"";"1012,1";"1012,8";"1012,1";"3,9";"71,0";"8,3";"";"0,0"
"01/11/2022";"0300";"25,8";"25,9";"25,8";"";"";"";"";"";"";"1011,4";"1012,1";"1011,4";"3,5";"70,0";"7,8";"";"0,0"
"01/11/2022";"0400";"25,7";"25,8";"25,7";"";"";"";"";"";"";"1011,0";"1011,5";"1011,0";"3,6";"59,0";"7,1";"";"0,0"
"01/11/2022";"0500";"25,6";"25,9";"25,6";"";"";"";"";"";"";"1011,1";"1011,1";"1011,0";"3,6";"67,0";"7,4";"";"0,0"
"01/11/2022";"0600";"25,6";"25,6";"25,5";"";"";"";"";"";"";"1011,2";"1011,2";"1010,9";"3,4";"63,0";"7,0";"";"0,0"
"01/11/2022";"0700";"25,5";"25,6";"25,4";"";"";"";"";"";"";"1011,8";"1011,8";"1011,2";"3,0";"61,0";"6,6";"";"0,0"
"01/11/2022";"0800";"25,5";"25,7";"25,5";"";"";"";"";"";"";"1012,2";"1012,2";"1011,8";"2,6";"53,0";"6,0";"";"0,0"
"01/11/2022";"0900";"24,9";"25,6";"24,8";"";"";"";"";"";"";"1012,7";"1012,7";"1012,1";"2,1";"33,0";"4,6";"99,60";"0,0"
"01/11/2022";"1000";"26,1";"26,1";"24,9";"";"";"";"";"";"";"1013,5";"1013,5";"1012,7";"2,7";"44,0";"5,0";"461,70";"0,0"
"01/11/2022";"1100";"27,5";"27,6";"26,1";"";"";"";"";"";"";"1013,9";"1014,0";"1013,5";"4,0";"54,0";"8,1";"1813,90";"0,0"
"01/11/2022";"1200";"27,8";"28,2";"27,2";"98,0";"100,0";"97,0";"27,4";"28,0";"26,9";"1014,1";"1014,1";"1013,7";"3,9";"69,0";"8,8";"2327,50";"0,0"
"01/11/2022";"1300";"28,4";"28,6";"27,6";"95,0";"98,0";"91,0";"27,6";"27,8";"26,3";"1013,5";"1014,1";"1013,4";"4,6";"73,0";"8,6";"2678,80";"0,0"
"01/11/2022";"1400";"28,4";"29,1";"27,9";"86,0";"96,0";"85,0";"25,9";"27,6";"25,5";"1013,0";"1013,5";"1012,9";"4,9";"80,0";"9,5";"2884,10";"0,0"
"01/11/2022";"1500";"28,3";"28,9";"27,8";"90,0";"91,0";"87,0";"26,4";"27,0";"25,8";"1012,4";"1013,0";"1012,3";"4,9";"78,0";"9,3";"2896,70";"0,0"
"01/11/2022";"1600";"28,2";"29,2";"28,0";"89,0";"91,0";"86,0";"26,2";"27,4";"25,8";"1011,5";"1012,5";"1011,4";"5,4";"82,0";"9,3";"2844,40";"0,0"
"01/11/2022";"1700";"27,5";"28,5";"27,5";"92,0";"93,0";"89,0";"26,1";"26,8";"26,0";"1010,8";"1011,5";"1010,8";"5,9";"81,0";"10,2";"2453,00";"0,0"
"01/11/2022";"1800";"27,7";"28,1";"27,5";"96,0";"96,0";"92,0";"27,0";"27,3";"26,2";"1010,9";"1011,2";"1010,8";"4,6";"78,0";"9,6";"1787,50";"0,0"
"01/11/2022";"1900";"27,2";"27,8";"27,2";"98,0";"99,0";"96,0";"26,9";"27,7";"26,7";"1010,9";"1010,9";"1010,6";"4,6";"75,0";"9,0";"1197,50";"0,0"
"01/11/2022";"2000";"26,7";"27,4";"26,7";"100,0";"100,0";"97,0";"26,7";"27,1";"26,3";"1011,4";"1011,4";"1010,8";"3,6";"75,0";"8,5";"475,40";"0,0"
"01/11/2022";"2100";"26,3";"26,7";"26,3";"";"";"";"";"";"";"1011,7";"1011,7";"1011,3";"4,2";"78,0";"7,8";"34,30";"0,0"
"01/11/2022";"2200";"26,1";"26,3";"26,0";"";"";"";"";"";"";"1012,2";"1012,2";"1011,6";"4,2";"74,0";"8,7";"";"0,0"
"01/11/2022";"2300";"26,0";"26,1";"26,0";"";"";"";"";"";"";"1013,0";"1013,0";"1012,1";"3,4";"71,0";"8,0";"";"0,0"
"02/11/2022";"0000";"25,9";"26,1";"25,9";"";"";"";"";"";"";"1013,4";"1013,5";"1013,0";"3,3";"69,0";"6,8";"";"0,0"
"02/11/2022";"0100";"25,9";"26,0";"25,9";"";"";"";"";"";"";"1013,5";"1013,6";"1013,4";"3,2";"61,0";"7,1";"";"0,0"
"02/11/2022";"0200";"25,9";"26,0";"25,8";"";"";"";"";"";"";"1013,3";"1013,6";"1013,3";"3,2";"68,0";"6,5";"";"0,0"
"02/11/2022";"0300";"25,8";"26,0";"25,7";"";"";"";"";"";"";"1012,5";"1013,3";"1012,5";"3,0";"64,0";"7,5";"";"0,0"
"02/11/2022";"0400";"25,7";"25,9";"25,7";"";"";"";"";"";"";"1012,0";"1012,5";"1012,0";"3,2";"62,0";"6,2";"";"0,0"
"02/11/2022";"0500";"25,7";"25,7";"25,6";"";"";"";"";"";"";"1011,6";"1012,0";"1011,6";"3,0";"63,0";"6,4";"";"0,0"
"02/11/2022";"0600";"25,6";"25,7";"25,5";"";"";"";"";"";"";"1011,3";"1011,6";"1011,2";"3,3";"61,0";"6,7";"";"0,0"
"02/11/2022";"0700";"25,6";"25,7";"25,5";"";"";"";"";"";"";"1011,4";"1011,4";"1011,2";"3,3";"65,0";"6,6";"";"0,0"
"02/11/2022";"0800";"25,6";"25,7";"25,5";"";"";"";"";"";"";"1012,2";"1012,2";"1011,4";"2,9";"59,0";"7,3";"";"0,0"
"02/11/2022";"0900";"25,3";"25,8";"25,3";"";"";"";"";"";"";"1012,9";"1012,9";"1012,2";"2,3";"26,0";"5,7";"197,10";"0,0"
"02/11/2022";"1000";"26,6";"26,6";"25,2";"";"";"";"";"";"";"1013,5";"1013,5";"1013,0";"3,0";"47,0";"5,0";"684,10";"0,0"
"02/11/2022";"1100";"26,8";"28,0";"26,4";"";"";"";"";"";"";"1014,1";"1014,1";"1013,5";"4,2";"48,0";"8,2";"1475,20";"0,0"
"02/11/2022";"1200";"27,9";"28,7";"26,8";"";"";"";"";"";"";"1014,3";"1014,5";"1014,1";"4,4";"73,0";"8,5";"2216,80";"0,0"
"02/11/2022";"1300";"28,5";"28,7";"27,7";"";"";"";"";"";"";"1014,0";"1014,4";"1014,0";"4,1";"70,0";"8,5";"2576,20";"0,0"
"02/11/2022";"1400";"28,8";"28,9";"27,8";"100,0";"";"";"28,8";"";"";"1013,5";"1014,0";"1013,5";"4,6";"74,0";"7,8";"2810,90";"0,0"
"02/11/2022";"1500";"28,1";"29,4";"28,0";"96,0";"100,0";"95,0";"27,4";"29,2";"27,3";"1012,6";"1013,5";"1012,6";"4,9";"80,0";"8,2";"3016,40";"0,0"
"02/11/2022";"1600";"28,6";"28,9";"27,9";"100,0";"100,0";"95,0";"28,6";"28,6";"27,1";"1011,7";"1012,7";"1011,6";"5,1";"79,0";"9,1";"2917,20";"0,0"
"02/11/2022";"1700";"28,2";"28,9";"27,9";"99,0";"100,0";"97,0";"28,1";"28,9";"27,6";"1011,1";"1011,7";"1011,1";"5,0";"77,0";"8,4";"2578,10";"0,0"
"02/11/2022";"1800";"27,6";"28,3";"27,4";"";"100,0";"98,0";"";"";"";"1010,9";"1011,2";"1010,8";"4,8";"81,0";"8,9";"1786,10";"0,0"
"02/11/2022";"1900";"27,4";"27,8";"27,2";"";"";"";"";"";"";"1010,8";"1011,0";"1010,7";"5,1";"80,0";"8,6";"1203,00";"0,0"
"02/11/2022";"2000";"26,5";"27,5";"26,5";"";"";"";"";"";"";"1011,1";"1011,2";"1010,7";"4,6";"81,0";"8,7";"524,10";"0,0"
"02/11/2022";"2100";"26,3";"26,6";"26,3";"";"";"";"";"";"";"1011,4";"1011,4";"1011,1";"4,0";"79,0";"7,5";"22,50";"0,0"
"02/11/2022";"2200";"26,3";"26,4";"26,2";"";"";"";"";"";"";"1012,2";"1012,2";"1011,3";"3,7";"82,0";"7,3";"";"0,0"
"02/11/2022";"2300";"26,2";"26,3";"26,2";"";"";"";"";"";"";"1012,8";"1012,8";"1012,2";"4,0";"78,0";"7,9";"";"0,0"
"03/11/2022";"0000";"26,1";"26,2";"26,1";"";"";"";"";"";"";"1013,6";"1013,6";"1012,8";"3,3";"76,0";"7,3";"";"0,0"
"03/11/2022";"0100";"26,1";"26,2";"26,1";"";"";"";"";"";"";"1013,7";"1013,9";"1013,6";"3,2";"68,0";"6,3";"";"0,0"
"03/11/2022";"0200";"25,8";"26,2";"25,8";"";"";"";"";"";"";"1013,1";"1013,7";"1013,1";"2,5";"69,0";"5,9";"";"0,0"
"03/11/2022";"0300";"25,8";"26,0";"25,8";"";"";"";"";"";"";"1012,2";"1013,2";"1012,2";"2,5";"65,0";"5,5";"";"0,0"
"03/11/2022";"0400";"25,8";"25,8";"25,7";"";"";"";"";"";"";"1011,4";"1012,2";"1011,4";"2,6";"65,0";"5,2";"";"0,0"
"03/11/2022";"0500";"25,7";"25,9";"25,6";"";"";"";"";"";"";"1011,1";"1011,4";"1011,0";"2,3";"56,0";"6,0";"";"0,0"
"03/11/2022";"0600";"25,3";"25,7";"25,3";"";"";"";"";"";"";"1011,2";"1011,2";"1010,8";"1,4";"18,0";"4,8";"";"0,0"
"03/11/2022";"0700";"25,2";"25,4";"25,2";"";"";"";"";"";"";"1011,5";"1011,5";"1011,2";"2,0";"14,0";"4,1";"";"0,0"
"03/11/2022";"0800";"24,9";"25,3";"24,8";"";"";"";"";"";"";"1012,0";"1012,0";"1011,5";"1,7";"23,0";"3,8";"";"0,0"
"03/11/2022";"0900";"25,0";"25,1";"24,9";"";"";"";"";"";"";"1012,7";"1012,7";"1012,0";"1,7";"334,0";"4,3";"44,30";"0,0"
"03/11/2022";"1000";"25,8";"25,8";"25,0";"";"";"";"";"";"";"1013,3";"1013,3";"1012,7";"2,5";"35,0";"4,3";"357,50";"0,0"
"03/11/2022";"1100";"27,1";"27,5";"25,8";"";"";"";"";"";"";"1013,5";"1013,5";"1013,3";"2,5";"41,0";"5,5";"1588,90";"0,0"
"03/11/2022";"1200";"27,9";"28,8";"26,9";"";"";"";"";"";"";"1012,8";"1013,5";"1012,8";"3,6";"83,0";"5,5";"1982,50";"0,0"
"03/11/2022";"1300";"27,9";"28,9";"27,7";"";"";"";"";"";"";"1012,2";"1012,8";"1012,2";"3,5";"82,0";"7,0";"2627,60";"0,0"
"03/11/2022";"1400";"27,6";"28,5";"27,6";"100,0";"";"";"27,6";"";"";"1011,7";"1012,2";"1011,7";"4,4";"78,0";"7,6";"2818,40";"0,0"
"03/11/2022";"1500";"28,2";"28,7";"27,5";"";"";"";"";"";"";"1011,1";"1011,8";"1011,0";"4,3";"75,0";"7,5";"2947,50";"0,0"
"03/11/2022";"1600";"28,3";"28,6";"27,6";"";"";"";"";"";"";"1009,9";"1011,1";"1009,8";"4,8";"79,0";"8,3";"2844,00";"0,0"
"03/11/2022";"1700";"28,2";"28,6";"27,9";"";"";"";"";"";"";"1009,3";"1009,9";"1009,2";"4,7";"79,0";"8,1";"2500,40";"0,0"
"03/11/2022";"1800";"27,7";"28,1";"27,6";"";"";"";"";"";"";"1008,9";"1009,3";"1008,9";"4,6";"80,0";"7,4";"1952,80";"0,0"
"03/11/2022";"1900";"27,2";"27,9";"27,2";"";"";"";"";"";"";"1008,9";"1009,0";"1008,8";"4,0";"80,0";"8,0";"1228,00";"0,0"
"03/11/2022";"2000";"26,6";"27,3";"26,6";"";"";"";"";"";"";"1009,0";"1009,1";"1008,8";"5,0";"81,0";"8,3";"482,30";"0,0"
"03/11/2022";"2100";"26,4";"26,6";"26,4";"";"";"";"";"";"";"1009,8";"1009,8";"1008,8";"3,9";"77,0";"8,6";"23,50";"0,0"
"03/11/2022";"2200";"26,3";"26,4";"26,3";"";"";"";"";"";"";"1010,6";"1010,6";"1009,8";"3,3";"77,0";"7,6";"";"0,0"
"03/11/2022";"2300";"26,3";"26,4";"26,2";"";"";"";"";"";"";"1011,4";"1011,4";"1010,6";"3,3";"80,0";"6,8";"";"0,0"
"04/11/2022";"0000";"26,1";"26,3";"26,1";"";"";"";"";"";"";"1012,5";"1012,6";"1011,4";"2,5";"78,0";"5,9";"";"0,0"
"04/11/2022";"0100";"26,3";"26,3";"26,1";"";"";"";"";"";"";"1012,7";"1012,9";"1012,5";"2,7";"71,0";"4,9";"";"0,0"
"04/11/2022";"0200";"26,1";"26,3";"26,1";"";"";"";"";"";"";"1012,0";"1012,7";"1012,0";"2,2";"68,0";"5,0";"";"0,0"
"04/11/2022";"0300";"26,0";"26,2";"26,0";"";"";"";"";"";"";"1011,2";"1012,0";"1011,2";"2,2";"65,0";"4,6";"";"0,0"
"04/11/2022";"0400";"25,9";"26,0";"25,8";"";"";"";"";"";"";"1010,4";"1011,2";"1010,3";"2,6";"57,0";"5,5";"";"0,0"
"04/11/2022";"0500";"25,6";"25,9";"25,6";"";"";"";"";"";"";"1009,9";"1010,4";"1009,9";"2,8";"45,0";"6,1";"";"0,0"
"04/11/2022";"0600";"25,0";"25,7";"25,0";"";"";"";"";"";"";"1009,4";"1009,9";"1009,4";"2,6";"21,0";"5,7";"";"0,0"
"04/11/2022";"0700";"24,9";"25,1";"24,9";"";"";"";"";"";"";"1009,9";"1009,9";"1009,3";"2,6";"24,0";"5,5";"";"0,0"
"04/11/2022";"0800";"24,7";"24,9";"24,7";"";"";"";"";"";"";"1010,6";"1010,6";"1009,9";"1,4";"27,0";"4,8";"";"0,0"
"04/11/2022";"0900";"25,1";"25,2";"24,7";"";"";"";"";"";"";"1011,2";"1011,2";"1010,6";"2,8";"28,0";"5,0";"150,10";"0,0"
"04/11/2022";"1000";"25,8";"26,0";"25,1";"";"";"";"";"";"";"1012,0";"1012,0";"1011,2";"1,8";"32,0";"5,0";"518,50";"0,0"
"04/11/2022";"1100";"26,8";"26,8";"25,8";"";"";"";"";"";"";"1012,5";"1012,6";"1012,0";"1,8";"7,0";"4,9";"691,30";"0,0"
"04/11/2022";"1200";"27,9";"28,0";"26,8";"94,0";"100,0";"93,0";"26,8";"27,3";"26,4";"1012,6";"1012,7";"1012,4";"1,5";"220,0";"3,8";"856,30";"0,0"
"04/11/2022";"1300";"28,9";"29,0";"27,8";"89,0";"95,0";"85,0";"26,9";"27,6";"26,0";"1012,2";"1012,6";"1012,2";"1,1";"175,0";"4,4";"1584,80";"0,0"
"04/11/2022";"1400";"27,8";"29,0";"27,4";"";"100,0";"82,0";"";"28,2";"25,3";"1011,6";"1012,3";"1011,6";"1,9";"166,0";"5,6";"1621,90";"0,0"
"04/11/2022";"1500";"27,6";"28,0";"26,9";"";"";"";"";"";"";"1010,8";"1011,6";"1010,8";"2,9";"185,0";"7,1";"1319,90";"0,0"
"04/11/2022";"1600";"24,0";"27,6";"23,3";"";"";"";"";"";"";"1010,7";"1011,5";"1010,6";"1,2";"220,0";"8,5";"152,00";"6,2"
"04/11/2022";"1700";"24,5";"24,5";"23,9";"";"";"";"";"";"";"1010,4";"1010,8";"1010,4";"3,1";"221,0";"5,7";"200,90";"1,6"
"04/11/2022";"1800";"24,5";"24,7";"24,4";"";"";"";"";"";"";"1010,5";"1010,5";"1010,3";"2,0";"226,0";"7,8";"398,10";"0,0"
"04/11/2022";"1900";"23,2";"24,5";"23,2";"";"";"";"";"";"";"1010,9";"1010,9";"1010,5";"3,1";"225,0";"6,9";"119,50";"0,0"
"04/11/2022";"2000";"23,3";"23,3";"22,8";"";"";"";"";"";"";"1011,5";"1011,6";"1010,9";"2,5";"215,0";"7,0";"39,80";"1,4"
"04/11/2022";"2100";"23,4";"23,4";"23,2";"";"";"";"";"";"";"1012,3";"1012,3";"1011,5";"2,4";"211,0";"4,9";"2,10";"1,6"
"04/11/2022";"2200";"23,2";"23,4";"23,1";"";"";"";"";"";"";"1012,7";"1012,7";"1012,3";"3,3";"210,0";"6,4";"";"0,4"
"04/11/2022";"2300";"23,1";"23,2";"23,1";"";"";"";"";"";"";"1013,5";"1013,5";"1012,7";"2,1";"217,0";"5,8";"";"0,0"
"05/11/2022";"0000";"22,8";"23,2";"22,8";"";"";"";"";"";"";"1014,2";"1014,2";"1013,5";"3,0";"224,0";"5,3";"";"0,0"
"05/11/2022";"0100";"22,7";"22,8";"22,6";"";"";"";"";"";"";"1014,3";"1014,3";"1014,1";"2,6";"225,0";"5,2";"";"0,0"
"05/11/2022";"0200";"22,6";"22,7";"22,5";"";"";"";"";"";"";"1013,6";"1014,3";"1013,6";"2,7";"223,0";"5,4";"";"0,0"
"05/11/2022";"0300";"22,5";"22,6";"22,5";"";"";"";"";"";"";"1013,1";"1013,6";"1013,1";"2,5";"226,0";"5,6";"";"0,0"
"05/11/2022";"0400";"22,4";"22,6";"22,4";"";"";"";"";"";"";"1012,2";"1013,1";"1012,2";"2,6";"222,0";"4,9";"";"0,0"
"05/11/2022";"0500";"22,5";"22,5";"22,4";"";"";"";"";"";"";"1011,5";"1012,2";"1011,5";"2,9";"222,0";"5,8";"";"0,0"
"05/11/2022";"0600";"22,5";"22,5";"22,5";"";"";"";"";"";"";"1011,3";"1011,5";"1011,3";"2,5";"225,0";"5,2";"";"0,0"
"05/11/2022";"0700";"22,8";"22,8";"22,5";"";"";"";"";"";"";"1012,1";"1012,1";"1011,3";"2,7";"230,0";"5,2";"";"0,0"
"05/11/2022";"0800";"22,7";"22,9";"22,7";"";"";"";"";"";"";"1012,5";"1012,5";"1012,1";"2,9";"221,0";"5,2";"";"0,0"
"05/11/2022";"0900";"23,2";"23,2";"22,7";"";"";"";"";"";"";"1013,3";"1013,3";"1012,5";"3,1";"229,0";"5,8";"142,80";"0,0"
"05/11/2022";"1000";"23,8";"23,8";"23,2";"";"";"";"";"";"";"1014,1";"1014,1";"1013,3";"3,1";"222,0";"5,8";"384,40";"0,0"
"05/11/2022";"1100";"24,7";"24,8";"23,8";"";"";"";"";"";"";"1014,6";"1014,6";"1014,1";"3,7";"216,0";"7,0";"784,90";"0,0"
"05/11/2022";"1200";"25,6";"25,8";"24,7";"";"";"";"";"";"";"1014,9";"1014,9";"1014,5";"2,4";"221,0";"7,2";"1244,40";"0,0"
"05/11/2022";"1300";"25,3";"25,9";"25,1";"";"";"";"";"";"";"1014,8";"1014,9";"1014,8";"2,8";"193,0";"7,3";"730,40";"0,0"
"05/11/2022";"1400";"26,4";"26,6";"25,3";"";"";"";"";"";"";"1014,3";"1014,8";"1014,2";"3,6";"189,0";"7,9";"1287,30";"0,0"
"05/11/2022";"1500";"26,3";"27,1";"26,2";"";"";"";"";"";"";"1013,4";"1014,3";"1013,4";"3,9";"201,0";"9,6";"1461,40";"0,0"
"05/11/2022";"1600";"27,1";"27,8";"26,2";"";"";"";"";"";"";"1012,5";"1013,4";"1012,5";"4,3";"184,0";"10,5";"1588,60";"0,0"
"05/11/2022";"1700";"26,8";"27,1";"26,0";"";"";"";"";"";"";"1011,7";"1012,5";"1011,6";"4,5";"194,0";"10,9";"1526,40";"0,0"
"05/11/2022";"1800";"25,3";"27,1";"25,3";"";"";"";"";"";"";"1011,6";"1011,7";"1011,5";"5,1";"195,0";"11,7";"862,50";"0,0"
"05/11/2022";"1900";"25,1";"25,3";"24,6";"";"";"";"";"";"";"1011,4";"1011,7";"1011,4";"4,1";"197,0";"11,1";"545,50";"0,0"
"05/11/2022";"2000";"24,9";"25,3";"24,8";"";"";"";"";"";"";"1012,0";"1012,0";"1011,4";"4,0";"198,0";"10,7";"256,70";"0,0"
"05/11/2022";"2100";"24,8";"24,9";"24,7";"";"";"";"";"";"";"1012,8";"1012,8";"1012,0";"4,2";"201,0";"10,1";"12,00";"0,0"
"05/11/2022";"2200";"24,7";"24,8";"24,7";"";"";"";"";"";"";"1013,3";"1013,4";"1012,8";"3,3";"207,0";"8,5";"";"0,0"
"05/11/2022";"2300";"24,7";"24,7";"24,7";"";"";"";"";"";"";"1013,8";"1013,9";"1013,4";"4,2";"206,0";"7,8";"";"0,0"
"06/11/2022";"0000";"24,5";"24,7";"24,5";"";"";"";"";"";"";"1014,3";"1014,3";"1013,8";"2,7";"208,0";"7,0";"";"0,0"
"06/11/2022";"0100";"24,3";"24,5";"24,3";"";"";"";"";"";"";"1014,3";"1014,4";"1014,2";"2,7";"211,0";"5,6";"";"0,0"
"06/11/2022";"0200";"23,5";"24,3";"23,5";"78,0";"";"";"19,4";"";"";"1013,6";"1014,3";"1013,6";"2,7";"217,0";"7,3";"";"0,0"
"06/11/2022";"0300";"23,5";"23,6";"23,4";"49,0";"";"";"12,2";"";"";"1013,3";"1013,6";"1013,3";"2,8";"223,0";"6,2";"";"0,0"
"06/11/2022";"0400";"23,3";"23,5";"23,3";"";"";"";"";"";"";"1012,8";"1013,3";"1012,8";"3,2";"222,0";"6,3";"";"0,0"
"06/11/2022";"0500";"23,0";"23,3";"22,9";"";"";"";"";"";"";"1011,9";"1012,8";"1011,9";"3,0";"215,0";"5,7";"";"0,0"
"06/11/2022";"0600";"22,8";"23,2";"22,8";"";"";"";"";"";"";"1012,1";"1012,1";"1011,9";"2,9";"205,0";"7,1";"";"0,0"
"06/11/2022";"0700";"22,8";"22,9";"22,7";"";"";"";"";"";"";"1012,5";"1012,5";"1012,1";"3,0";"225,0";"6,2";"";"0,0"
"06/11/2022";"0800";"22,7";"22,8";"22,5";"";"";"";"";"";"";"1012,9";"1012,9";"1012,5";"2,5";"224,0";"6,3";"";"0,0"
"06/11/2022";"0900";"";"";"";"";"";"";"";"";"";"";"";"";"";"";"";"";""
"06/11/2022";"1000";"";"";"";"";"";"";"";"";"";"";"";"";"";"";"";"";""
"06/11/2022";"1100";"";"";"";"";"";"";"";"";"";"";"";"";"";"";"";"";""
"06/11/2022";"1200";"";"";"";"";"";"";"";"";"";"";"";"";"";"";"";"";""
"06/11/2022";"1300";"";"";"";"";"";"";"";"";"";"";"";"";"";"";"";"";""
"06/11/2022";"1400";"";"";"";"";"";"";"";"";"";"";"";"";"";"";"";"";""
"06/11/2022";"1500";"";"";"";"";"";"";"";"";"";"";"";"";"";"";"";"";""
"06/11/2022";"1600";"";"";"";"";"";"";"";"";"";"";"";"";"";"";"";"";""
"06/11/2022";"1700";"";"";"";"";"";"";"";"";"";"";"";"";"";"";"";"";""
"06/11/2022";"1800";"";"";"";"";"";"";"";"";"";"";"";"";"";"";"";"";""
"06/11/2022";"1900";"";"";"";"";"";"";"";"";"";"";"";"";"";"";"";"";""
"06/11/2022";"2000";"";"";"";"";"";"";"";"";"";"";"";"";"";"";"";"";""
"06/11/2022";"2100";"";"";"";"";"";"";"";"";"";"";"";"";"";"";"";"";""
"06/11/2022";"2200";"";"";"";"";"";"";"";"";"";"";"";"";"";"";"";"";""
"06/11/2022";"2300";"";"";"";"";"";"";"";"";"";"";"";"";"";"";"";"";""
"07/11/2022";"0000";"";"";"";"";"";"";"";"";"";"";"";"";"";"";"";"";""
"07/11/2022";"0100";"";"";"";"";"";"";"";"";"";"";"";"";"";"";"";"";""
"07/11/2022";"0200";"";"";"";"";"";"";"";"";"";"";"";"";"";"";"";"";""
"07/11/2022";"0300";"";"";"";"";"";"";"";"";"";"";"";"";"";"";"";"";""
"07/11/2022";"0400";"";"";"";"";"";"";"";"";"";"";"";"";"";"";"";"";""
"07/11/2022";"0500";"";"";"";"";"";"";"";"";"";"";"";"";"";"";"";"";""
"07/11/2022";"0600";"";"";"";"";"";"";"";"";"";"";"";"";"";"";"";"";""
"07/11/2022";"0700";"";"";"";"";"";"";"";"";"";"";"";"";"";"";"";"";""
"07/11/2022";"0800";"";"";"";"";"";"";"";"";"";"";"";"";"";"";"";"";""
"07/11/2022";"0900";"";"";"";"";"";"";"";"";"";"";"";"";"";"";"";"";""
"07/11/2022";"1000";"";"";"";"";"";"";"";"";"";"";"";"";"";"";"";"";""
"07/11/2022";"1100";"";"";"";"";"";"";"";"";"";"";"";"";"";"";"";"";""
"07/11/2022";"1200";"";"";"";"";"";"";"";"";"";"";"";"";"";"";"";"";""
"07/11/2022";"1300";"";"";"";"";"";"";"";"";"";"";"";"";"";"";"";"";""
"07/11/2022";"1400";"";"";"";"";"";"";"";"";"";"";"";"";"";"";"";"";""
"07/11/2022";"1500";"";"";"";"";"";"";"";"";"";"";"";"";"";"";"";"";""
"07/11/2022";"1600";"";"";"";"";"";"";"";"";"";"";"";"";"";"";"";"";""
"07/11/2022";"1700";"";"";"";"";"";"";"";"";"";"";"";"";"";"";"";"";""
"07/11/2022";"1800";"";"";"";"";"";"";"";"";"";"";"";"";"";"";"";"";""
"07/11/2022";"1900";"";"";"";"";"";"";"";"";"";"";"";"";"";"";"";"";""
"07/11/2022";"2000";"";"";"";"";"";"";"";"";"";"";"";"";"";"";"";"";""
"07/11/2022";"2100";"";"";"";"";"";"";"";"";"";"";"";"";"";"";"";"";""
"07/11/2022";"2200";"";"";"";"";"";"";"";"";"";"";"";"";"";"";"";"";""
"07/11/2022";"2300";"";"";"";"";"";"";"";"";"";"";"";"";"";"";"";"";""
"08/11/2022";"0000";"";"";"";"";"";"";"";"";"";"";"";"";"";"";"";"";""
"08/11/2022";"0100";"";"";"";"";"";"";"";"";"";"";"";"";"";"";"";"";""
"08/11/2022";"0200";"";"";"";"";"";"";"";"";"";"";"";"";"";"";"";"";""
"08/11/2022";"0300";"";"";"";"";"";"";"";"";"";"";"";"";"";"";"";"";""
"08/11/2022";"0400";"";"";"";"";"";"";"";"";"";"";"";"";"";"";"";"";""
"08/11/2022";"0500";"";"";"";"";"";"";"";"";"";"";"";"";"";"";"";"";""
"08/11/2022";"0600";"";"";"";"";"";"";"";"";"";"";"";"";"";"";"";"";""
"08/11/2022";"0700";"";"";"";"";"";"";"";"";"";"";"";"";"";"";"";"";""
"08/11/2022";"0800";"";"";"";"";"";"";"";"";"";"";"";"";"";"";"";"";""
"08/11/2022";"0900";"";"";"";"";"";"";"";"";"";"";"";"";"";"";"";"";""
"08/11/2022";"1000";"";"";"";"";"";"";"";"";"";"";"";"";"";"";"";"";""
"08/11/2022";"1100";"";"";"";"";"";"";"";"";"";"";"";"";"";"";"";"";""
"08/11/2022";"1200";"";"";"";"";"";"";"";"";"";"";"";"";"";"";"";"";""
"08/11/2022";"1300";"";"";"";"";"";"";"";"";"";"";"";"";"";"";"";"";""
"08/11/2022";"1400";"";"";"";"";"";"";"";"";"";"";"";"";"";"";"";"";""
"08/11/2022";"1500";"";"";"";"";"";"";"";"";"";"";"";"";"";"";"";"";""
"08/11/2022";"1600";"";"";"";"";"";"";"";"";"";"";"";"";"";"";"";"";""
"08/11/2022";"1700";"";"";"";"";"";"";"";"";"";"";"";"";"";"";"";"";""
"08/11/2022";"1800";"";"";"";"";"";"";"";"";"";"";"";"";"";"";"";"";""
"08/11/2022";"1900";"";"";"";"";"";"";"";"";"";"";"";"";"";"";"";"";""
"08/11/2022";"2000";"";"";"";"";"";"";"";"";"";"";"";"";"";"";"";"";""
"08/11/2022";"2100";"";"";"";"";"";"";"";"";"";"";"";"";"";"";"";"";""
"08/11/2022";"2200";"";"";"";"";"";"";"";"";"";"";"";"";"";"";"";"";""
"08/11/2022";"2300";"";"";"";"";"";"";"";"";"";"";"";"";"";"";"";"";""
"09/11/2022";"0000";"";"";"";"";"";"";"";"";"";"";"";"";"";"";"";"";""
"09/11/2022";"0100";"";"";"";"";"";"";"";"";"";"";"";"";"";"";"";"";""
"09/11/2022";"0200";"";"";"";"";"";"";"";"";"";"";"";"";"";"";"";"";""
"09/11/2022";"0300";"";"";"";"";"";"";"";"";"";"";"";"";"";"";"";"";""
"09/11/2022";"0400";"";"";"";"";"";"";"";"";"";"";"";"";"";"";"";"";""
"09/11/2022";"0500";"";"";"";"";"";"";"";"";"";"";"";"";"";"";"";"";""
"09/11/2022";"0600";"";"";"";"";"";"";"";"";"";"";"";"";"";"";"";"";""
"09/11/2022";"0700";"";"";"";"";"";"";"";"";"";"";"";"";"";"";"";"";""
"09/11/2022";"0800";"";"";"";"";"";"";"";"";"";"";"";"";"";"";"";"";""
"09/11/2022";"0900";"";"";"";"";"";"";"";"";"";"";"";"";"";"";"";"";""
"09/11/2022";"1000";"";"";"";"";"";"";"";"";"";"";"";"";"";"";"";"";""
"09/11/2022";"1100";"";"";"";"";"";"";"";"";"";"";"";"";"";"";"";"";""
"09/11/2022";"1200";"";"";"";"";"";"";"";"";"";"";"";"";"";"";"";"";""
"09/11/2022";"1300";"";"";"";"";"";"";"";"";"";"";"";"";"";"";"";"";""
"09/11/2022";"1400";"";"";"";"";"";"";"";"";"";"";"";"";"";"";"";"";""
"09/11/2022";"1500";"";"";"";"";"";"";"";"";"";"";"";"";"";"";"";"";""
"09/11/2022";"1600";"";"";"";"";"";"";"";"";"";"";"";"";"";"";"";"";""
"09/11/2022";"1700";"";"";"";"";"";"";"";"";"";"";"";"";"";"";"";"";""
"09/11/2022";"1800";"";"";"";"";"";"";"";"";"";"";"";"";"";"";"";"";""
"09/11/2022";"1900";"";"";"";"";"";"";"";"";"";"";"";"";"";"";"";"";""
"09/11/2022";"2000";"";"";"";"";"";"";"";"";"";"";"";"";"";"";"";"";""
"09/11/2022";"2100";"";"";"";"";"";"";"";"";"";"";"";"";"";"";"";"";""
"09/11/2022";"2200";"";"";"";"";"";"";"";"";"";"";"";"";"";"";"";"";""
"09/11/2022";"2300";"";"";"";"";"";"";"";"";"";"";"";"";"";"";"";"";""
"10/11/2022";"0000";"";"";"";"";"";"";"";"";"";"";"";"";"";"";"";"";""
"10/11/2022";"0100";"";"";"";"";"";"";"";"";"";"";"";"";"";"";"";"";""
"10/11/2022";"0200";"";"";"";"";"";"";"";"";"";"";"";"";"";"";"";"";""
"10/11/2022";"0300";"";"";"";"";"";"";"";"";"";"";"";"";"";"";"";"";""
"10/11/2022";"0400";"";"";"";"";"";"";"";"";"";"";"";"";"";"";"";"";""
"10/11/2022";"0500";"";"";"";"";"";"";"";"";"";"";"";"";"";"";"";"";""
"10/11/2022";"0600";"";"";"";"";"";"";"";"";"";"";"";"";"";"";"";"";""
"10/11/2022";"0700";"";"";"";"";"";"";"";"";"";"";"";"";"";"";"";"";""
"10/11/2022";"0800";"";"";"";"";"";"";"";"";"";"";"";"";"";"";"";"";""
"10/11/2022";"0900";"";"";"";"";"";"";"";"";"";"";"";"";"";"";"";"";""
"10/11/2022";"1000";"";"";"";"";"";"";"";"";"";"";"";"";"";"";"";"";""
"10/11/2022";"1100";"";"";"";"";"";"";"";"";"";"";"";"";"";"";"";"";""
"10/11/2022";"1200";"";"";"";"";"";"";"";"";"";"";"";"";"";"";"";"";""
"10/11/2022";"1300";"";"";"";"";"";"";"";"";"";"";"";"";"";"";"";"";""
"10/11/2022";"1400";"";"";"";"";"";"";"";"";"";"";"";"";"";"";"";"";""
"10/11/2022";"1500";"";"";"";"";"";"";"";"";"";"";"";"";"";"";"";"";""
"10/11/2022";"1600";"";"";"";"";"";"";"";"";"";"";"";"";"";"";"";"";""
"10/11/2022";"1700";"";"";"";"";"";"";"";"";"";"";"";"";"";"";"";"";""
"10/11/2022";"1800";"";"";"";"";"";"";"";"";"";"";"";"";"";"";"";"";""
"10/11/2022";"1900";"";"";"";"";"";"";"";"";"";"";"";"";"";"";"";"";""
"10/11/2022";"2000";"";"";"";"";"";"";"";"";"";"";"";"";"";"";"";"";""
"10/11/2022";"2100";"";"";"";"";"";"";"";"";"";"";"";"";"";"";"";"";""
"10/11/2022";"2200";"";"";"";"";"";"";"";"";"";"";"";"";"";"";"";"";""
"10/11/2022";"2300";"";"";"";"";"";"";"";"";"";"";"";"";"";"";"";"";""
"11/11/2022";"0000";"";"";"";"";"";"";"";"";"";"";"";"";"";"";"";"";""
"11/11/2022";"0100";"";"";"";"";"";"";"";"";"";"";"";"";"";"";"";"";""
"11/11/2022";"0200";"";"";"";"";"";"";"";"";"";"";"";"";"";"";"";"";""
"11/11/2022";"0300";"";"";"";"";"";"";"";"";"";"";"";"";"";"";"";"";""
"11/11/2022";"0400";"";"";"";"";"";"";"";"";"";"";"";"";"";"";"";"";""
"11/11/2022";"0500";"";"";"";"";"";"";"";"";"";"";"";"";"";"";"";"";""
"11/11/2022";"0600";"";"";"";"";"";"";"";"";"";"";"";"";"";"";"";"";""
"11/11/2022";"0700";"";"";"";"";"";"";"";"";"";"";"";"";"";"";"";"";""
"11/11/2022";"0800";"";"";"";"";"";"";"";"";"";"";"";"";"";"";"";"";""
"11/11/2022";"0900";"";"";"";"";"";"";"";"";"";"";"";"";"";"";"";"";""
"11/11/2022";"1000";"";"";"";"";"";"";"";"";"";"";"";"";"";"";"";"";""
"11/11/2022";"1100";"";"";"";"";"";"";"";"";"";"";"";"";"";"";"";"";""
"11/11/2022";"1200";"26,5";"26,6";"24,3";"";"";"";"";"";"";"1013,2";"1013,4";"1013,1";"1,8";"67,0";"4,4";"1761,70";"0,8"
"11/11/2022";"1300";"27,1";"27,3";"26,4";"";"";"";"";"";"";"1013,1";"1013,4";"1013,1";"2,8";"81,0";"5,0";"2699,90";"0,0"
"11/11/2022";"1400";"27,8";"28,1";"26,9";"";"";"";"";"";"";"1012,9";"1013,2";"1012,9";"2,7";"74,0";"5,2";"3015,40";"0,0"
"11/11/2022";"1500";"28,0";"28,8";"27,3";"";"";"";"";"";"";"1012,7";"1012,9";"1012,6";"1,5";"68,0";"8,3";"2936,00";"0,0"
"11/11/2022";"1600";"27,3";"28,4";"26,9";"";"";"";"";"";"";"1012,1";"1012,7";"1012,1";"1,7";"62,0";"7,3";"2323,20";"0,0"
"11/11/2022";"1700";"26,6";"28,2";"26,4";"";"";"";"";"";"";"1011,5";"1012,2";"1011,5";"2,9";"71,0";"8,0";"2282,80";"0,0"
"11/11/2022";"1800";"26,4";"26,8";"25,6";"";"";"";"";"";"";"1010,9";"1011,5";"1010,8";"1,8";"73,0";"6,7";"1122,10";"0,0"
"11/11/2022";"1900";"25,7";"26,4";"25,5";"";"";"";"";"";"";"1011,1";"1011,1";"1010,7";"3,3";"72,0";"6,7";"426,80";"0,0"
"11/11/2022";"2000";"25,9";"25,9";"25,6";"";"";"";"";"";"";"1011,2";"1011,3";"1010,9";"2,1";"73,0";"6,2";"246,00";"0,0"
"11/11/2022";"2100";"25,9";"25,9";"25,7";"";"";"";"";"";"";"1011,4";"1011,4";"1011,1";"1,0";"46,0";"5,7";"24,00";"0,0"
"11/11/2022";"2200";"25,4";"25,9";"24,9";"";"";"";"";"";"";"1011,9";"1011,9";"1011,2";"1,6";"77,0";"6,9";"";"0,2"
"11/11/2022";"2300";"25,6";"25,7";"25,4";"";"";"";"";"";"";"1012,1";"1012,2";"1011,9";"3,5";"79,0";"7,8";"";"0,0"
"12/11/2022";"0000";"25,7";"25,8";"25,6";"";"";"";"";"";"";"1012,5";"1012,5";"1012,1";"3,8";"77,0";"7,8";"";"0,0"
"12/11/2022";"0100";"25,8";"25,8";"25,7";"";"";"";"";"";"";"1012,5";"1012,6";"1012,3";"3,4";"77,0";"7,3";"";"0,0"
"12/11/2022";"0200";"25,4";"25,9";"25,4";"";"";"";"";"";"";"1012,1";"1012,5";"1012,0";"2,7";"78,0";"7,4";"";"0,2"
"12/11/2022";"0300";"25,3";"25,4";"24,9";"";"";"";"";"";"";"1011,5";"1012,1";"1011,5";"3,3";"79,0";"7,7";"";"0,4"
"12/11/2022";"0400";"25,0";"25,4";"24,8";"";"";"";"";"";"";"1011,1";"1011,5";"1011,1";"1,9";"55,0";"8,2";"";"0,0"
"12/11/2022";"0500";"25,1";"25,3";"24,7";"";"";"";"";"";"";"1010,5";"1011,1";"1010,5";"1,5";"62,0";"7,7";"";"0,0"
"12/11/2022";"0600";"25,2";"25,4";"25,0";"";"";"";"";"";"";"1010,3";"1010,5";"1010,3";"3,6";"80,0";"7,7";"";"0,0"
"12/11/2022";"0700";"25,3";"25,5";"25,1";"";"";"";"";"";"";"1010,6";"1010,6";"1010,3";"3,8";"79,0";"6,6";"";"0,0"
"12/11/2022";"0800";"25,7";"25,7";"25,3";"";"";"";"";"";"";"1010,9";"1011,0";"1010,6";"3,6";"79,0";"7,1";"2,10";"0,0"
"12/11/2022";"0900";"25,9";"25,9";"25,6";"";"";"";"";"";"";"1011,5";"1011,5";"1010,9";"3,2";"80,0";"6,2";"122,60";"0,0"
"12/11/2022";"1000";"25,4";"26,7";"25,4";"";"";"";"";"";"";"1012,4";"1012,4";"1011,4";"2,7";"76,0";"6,0";"531,00";"0,2"
"12/11/2022";"1100";"26,0";"26,3";"24,8";"";"";"";"";"";"";"1013,0";"1013,0";"1012,3";"2,4";"67,0";"6,3";"889,30";"1,2"
"12/11/2022";"1200";"27,3";"28,3";"25,9";"";"";"";"";"";"";"1012,9";"1013,1";"1012,9";"1,8";"65,0";"6,2";"2147,50";"0,0"
"12/11/2022";"1300";"26,1";"27,3";"25,6";"";"";"";"";"";"";"1013,2";"1013,2";"1012,8";"1,3";"148,0";"5,6";"792,80";"0,8"
"12/11/2022";"1400";"28,4";"28,9";"26,1";"";"";"";"";"";"";"1012,9";"1013,2";"1012,9";"1,4";"172,0";"5,7";"2799,90";"0,0"
"12/11/2022";"1500";"28,3";"28,8";"27,9";"";"";"";"";"";"";"1012,1";"1013,0";"1012,0";"1,8";"77,0";"5,9";"2947,80";"0,0"
"12/11/2022";"1600";"28,2";"29,1";"27,9";"";"";"";"";"";"";"1011,4";"1012,1";"1011,3";"2,2";"177,0";"5,5";"2432,40";"0,0"
"12/11/2022";"1700";"27,8";"29,2";"27,7";"";"";"";"";"";"";"1010,9";"1011,4";"1010,9";"1,9";"92,0";"6,0";"2082,10";"0,0"
"12/11/2022";"1800";"27,5";"28,5";"27,4";"";"";"";"";"";"";"1010,6";"1010,9";"1010,6";"1,9";"164,0";"5,6";"1167,90";"0,0"
"12/11/2022";"1900";"27,2";"27,9";"27,2";"";"";"";"";"";"";"1010,2";"1010,6";"1010,2";"1,2";"322,0";"5,3";"736,30";"0,0"
"12/11/2022";"2000";"26,7";"27,7";"26,7";"";"";"";"";"";"";"1010,5";"1010,5";"1010,2";"1,2";"228,0";"4,5";"380,30";"0,0"
"12/11/2022";"2100";"26,0";"26,7";"26,0";"";"";"";"";"";"";"1011,1";"1011,1";"1010,5";"1,0";"326,0";"4,4";"34,10";"0,0"
"12/11/2022";"2200";"26,1";"26,2";"25,7";"";"";"";"";"";"";"1011,6";"1011,6";"1011,0";"1,3";"61,0";"3,7";"";"0,0"
"12/11/2022";"2300";"25,8";"26,1";"25,7";"";"";"";"";"";"";"1012,7";"1012,7";"1011,6";"0,8";"332,0";"3,7";"";"0,0"
"13/11/2022";"0000";"25,9";"26,0";"25,5";"";"";"";"";"";"";"1013,3";"1013,3";"1012,7";"1,1";"74,0";"3,9";"";"0,0"
"13/11/2022";"0100";"25,8";"26,0";"25,6";"";"";"";"";"";"";"1013,5";"1013,5";"1013,2";"1,0";"269,0";"4,0";"";"0,0"
"13/11/2022";"0200";"25,7";"25,9";"25,5";"";"";"";"";"";"";"1013,0";"1013,5";"1013,0";"0,9";"358,0";"5,2";"";"0,0"
"13/11/2022";"0300";"25,8";"25,9";"25,7";"";"";"";"";"";"";"1012,6";"1013,0";"1012,6";"2,3";"77,0";"5,7";"";"0,0"
"13/11/2022";"0400";"25,6";"25,8";"25,6";"";"";"";"";"";"";"1012,2";"1012,6";"1012,1";"1,9";"77,0";"5,4";"";"0,0"
"13/11/2022";"0500";"25,4";"25,7";"25,3";"";"";"";"";"";"";"1011,9";"1012,2";"1011,9";"0,7";"12,0";"4,0";"";"0,0"
"13/11/2022";"0600";"25,3";"25,5";"25,1";"";"";"";"";"";"";"1011,7";"1012,0";"1011,7";"1,3";"87,0";"3,6";"";"0,0"
"13/11/2022";"0700";"25,5";"25,5";"25,3";"";"";"";"";"";"";"1011,6";"1011,7";"1011,4";"2,1";"78,0";"4,4";"";"0,0"
"13/11/2022";"0800";"25,4";"25,5";"25,3";"";"";"";"";"";"";"1012,2";"1012,2";"1011,6";"2,2";"80,0";"4,5";"";"0,0"
"13/11/2022";"0900";"26,1";"26,1";"25,4";"";"";"";"";"";"";"1012,7";"1012,7";"1012,2";"2,4";"75,0";"5,1";"201,70";"0,0"
"13/11/2022";"1000";"27,1";"27,3";"26,0";"";"";"";"";"";"";"1013,2";"1013,3";"1012,6";"3,0";"71,0";"6,4";"851,40";"0,0"
"13/11/2022";"1100";"27,4";"27,7";"26,7";"";"";"";"";"";"";"1013,6";"1013,7";"1013,2";"3,3";"86,0";"5,7";"1809,60";"0,0"
"13/11/2022";"1200";"27,6";"28,2";"27,3";"";"";"";"";"";"";"1013,9";"1014,0";"1013,6";"3,8";"79,0";"6,1";"2457,80";"0,0"
"13/11/2022";"1300";"27,8";"28,4";"27,4";"";"";"";"";"";"";"1013,9";"1014,2";"1013,8";"4,1";"79,0";"6,2";"2679,90";"0,0"
"13/11/2022";"1400";"28,1";"28,7";"27,7";"";"";"";"";"";"";"1013,2";"1013,9";"1013,2";"3,8";"80,0";"6,6";"2915,40";"0,0"
"13/11/2022";"1500";"28,3";"28,9";"27,7";"";"";"";"";"";"";"1012,5";"1013,2";"1012,5";"3,7";"74,0";"7,2";"2987,30";"0,0"
"13/11/2022";"1600";"28,2";"29,1";"27,5";"";"";"";"";"";"";"1011,6";"1012,5";"1011,5";"3,4";"73,0";"8,0";"2925,20";"0,0"
"13/11/2022";"1700";"28,0";"28,8";"27,6";"";"";"";"";"";"";"1011,1";"1011,6";"1011,0";"4,2";"76,0";"7,7";"2540,90";"0,0"
"13/11/2022";"1800";"27,6";"28,4";"27,6";"";"";"";"";"";"";"1010,8";"1011,1";"1010,7";"3,6";"78,0";"7,2";"2066,80";"0,0"
"13/11/2022";"1900";"27,6";"28,2";"27,4";"";"";"";"";"";"";"1010,6";"1010,9";"1010,5";"1,8";"71,0";"6,7";"1363,90";"0,0"
"13/11/2022";"2000";"26,8";"27,8";"26,7";"";"";"";"";"";"";"1011,0";"1011,0";"1010,5";"2,8";"78,0";"5,9";"529,80";"0,0"
"13/11/2022";"2100";"26,5";"26,8";"26,5";"";"";"";"";"";"";"1011,6";"1011,6";"1011,0";"3,6";"81,0";"6,4";"57,50";"0,0"
"13/11/2022";"2200";"26,5";"26,5";"26,4";"";"";"";"";"";"";"1012,4";"1012,4";"1011,6";"2,7";"78,0";"6,6";"";"0,0"
"13/11/2022";"2300";"26,4";"26,5";"26,4";"";"";"";"";"";"";"1012,8";"1012,8";"1012,4";"2,7";"79,0";"5,7";"";"0,0"
"14/11/2022";"0000";"26,4";"26,5";"26,4";"";"";"";"";"";"";"1013,2";"1013,2";"1012,8";"3,1";"76,0";"6,5";"";"0,0"
"14/11/2022";"0100";"26,5";"26,5";"26,4";"";"";"";"";"";"";"1013,3";"1013,4";"1013,2";"3,4";"79,0";"6,4";"";"0,0"
"14/11/2022";"0200";"26,2";"26,5";"26,1";"";"";"";"";"";"";"1012,8";"1013,3";"1012,8";"2,9";"77,0";"5,9";"";"0,0"
"14/11/2022";"0300";"26,1";"26,3";"26,1";"";"";"";"";"";"";"1012,2";"1012,8";"1012,2";"3,3";"77,0";"6,5";"";"0,0"
"14/11/2022";"0400";"26,0";"26,1";"26,0";"";"";"";"";"";"";"1011,7";"1012,2";"1011,7";"3,4";"77,0";"6,6";"";"0,0"
"14/11/2022";"0500";"25,7";"26,0";"25,6";"";"";"";"";"";"";"1011,6";"1011,7";"1011,6";"2,6";"65,0";"7,0";"";"0,0"
"14/11/2022";"0600";"25,9";"26,0";"25,6";"";"";"";"";"";"";"1011,7";"1011,7";"1011,5";"3,1";"77,0";"6,1";"";"0,0"
"14/11/2022";"0700";"25,8";"26,0";"25,7";"";"";"";"";"";"";"1012,2";"1012,3";"1011,7";"2,5";"72,0";"5,7";"";"0,0"
"14/11/2022";"0800";"25,1";"25,8";"24,8";"";"";"";"";"";"";"1012,9";"1012,9";"1012,2";"3,4";"53,0";"7,1";"0,20";"0,0"
"14/11/2022";"0900";"26,1";"26,1";"25,0";"";"";"";"";"";"";"1013,2";"1013,2";"1012,9";"2,8";"78,0";"6,9";"152,60";"0,0"
"14/11/2022";"1000";"27,3";"27,4";"25,9";"";"";"";"";"";"";"1013,8";"1013,8";"1013,2";"3,0";"73,0";"5,7";"926,10";"0,0"
"14/11/2022";"1100";"27,6";"27,7";"26,2";"";"";"";"";"";"";"1014,2";"1014,2";"1013,7";"2,9";"67,0";"5,5";"1396,20";"0,0"
"14/11/2022";"1200";"27,6";"28,3";"27,3";"";"";"";"";"";"";"1014,5";"1014,5";"1014,1";"3,1";"80,0";"6,3";"2492,10";"0,0"
"14/11/2022";"1300";"27,9";"28,5";"27,5";"";"";"";"";"";"";"1014,4";"1014,6";"1014,4";"3,7";"78,0";"6,4";"2763,60";"0,0"
"14/11/2022";"1400";"28,2";"28,5";"27,6";"";"";"";"";"";"";"1014,2";"1014,5";"1014,2";"3,3";"77,0";"6,6";"2883,80";"0,0"
"14/11/2022";"1500";"28,3";"28,8";"27,8";"";"";"";"";"";"";"1013,4";"1014,2";"1013,4";"3,7";"75,0";"7,1";"2989,20";"0,0"
"14/11/2022";"1600";"27,9";"28,7";"27,7";"";"";"";"";"";"";"1012,6";"1013,4";"1012,5";"4,1";"77,0";"7,0";"2925,90";"0,0"
"14/11/2022";"1700";"28,4";"28,8";"27,8";"";"";"";"";"";"";"1012,0";"1012,6";"1012,0";"3,5";"74,0";"8,0";"2648,60";"0,0"
"14/11/2022";"1800";"27,0";"28,4";"26,8";"";"";"";"";"";"";"1011,8";"1012,0";"1011,8";"3,7";"76,0";"7,1";"1000,80";"0,0"
"14/11/2022";"1900";"27,0";"27,2";"26,6";"";"";"";"";"";"";"1011,5";"1011,8";"1011,4";"4,2";"80,0";"7,6";"757,90";"0,0"
"14/11/2022";"2000";"26,5";"27,1";"26,5";"";"";"";"";"";"";"1011,7";"1011,9";"1011,4";"4,1";"82,0";"7,8";"588,60";"0,0"
"14/11/2022";"2100";"26,2";"26,5";"26,1";"";"";"";"";"";"";"1012,2";"1012,2";"1011,7";"4,1";"73,0";"8,1";"60,60";"0,0"
"14/11/2022";"2200";"26,0";"26,2";"25,8";"";"";"";"";"";"";"1012,7";"1012,7";"1012,1";"4,3";"77,0";"9,0";"";"0,0"
"14/11/2022";"2300";"26,4";"26,4";"26,0";"";"";"";"";"";"";"1013,2";"1013,3";"1012,7";"3,9";"65,0";"7,9";"";"0,0"
"15/11/2022";"0000";"26,3";"26,5";"26,3";"";"";"";"";"";"";"1013,7";"1013,7";"1013,2";"4,2";"71,0";"9,1";"";"0,0"
"15/11/2022";"0100";"26,3";"26,4";"26,2";"";"";"";"";"";"";"1014,0";"1014,1";"1013,7";"4,3";"55,0";"8,4";"";"0,0"
"15/11/2022";"0200";"26,2";"26,4";"26,2";"";"";"";"";"";"";"1013,8";"1014,1";"1013,8";"4,2";"66,0";"9,4";"";"0,0"
"15/11/2022";"0300";"26,0";"26,3";"26,0";"";"";"";"";"";"";"1013,6";"1013,8";"1013,6";"4,5";"67,0";"8,1";"";"0,0"
"15/11/2022";"0400";"26,0";"26,0";"25,8";"";"";"";"";"";"";"1013,1";"1013,6";"1013,1";"3,1";"60,0";"8,1";"";"0,0"
"15/11/2022";"0500";"25,9";"26,1";"25,8";"";"";"";"";"";"";"1012,5";"1013,1";"1012,4";"3,7";"61,0";"7,9";"";"0,0"
"15/11/2022";"0600";"26,1";"26,1";"25,9";"";"";"";"";"";"";"1012,8";"1012,8";"1012,4";"3,4";"55,0";"7,6";"";"0,0"
"15/11/2022";"0700";"25,0";"26,1";"24,7";"";"";"";"";"";"";"1013,5";"1013,5";"1012,6";"1,8";"31,0";"8,4";"";"0,8"
"15/11/2022";"0800";"24,8";"25,0";"24,6";"";"";"";"";"";"";"1013,9";"1013,9";"1013,4";"2,5";"43,0";"4,6";"0,70";"0,0"
"15/11/2022";"0900";"25,1";"25,1";"24,7";"";"";"";"";"";"";"1014,5";"1014,5";"1013,9";"2,3";"30,0";"4,7";"110,40";"0,0"
"15/11/2022";"1000";"26,3";"26,3";"25,1";"";"";"";"";"";"";"1015,2";"1015,2";"1014,5";"2,9";"28,0";"5,8";"837,00";"0,0"
"15/11/2022";"1100";"26,6";"27,3";"26,3";"";"";"";"";"";"";"1015,4";"1015,4";"1015,1";"4,5";"58,0";"8,7";"1364,80";"0,0"
"15/11/2022";"1200";"26,3";"26,6";"24,7";"";"";"";"";"";"";"1015,7";"1015,8";"1015,4";"3,9";"55,0";"8,7";"924,30";"0,0"
"15/11/2022";"1300";"27,6";"27,6";"26,3";"";"";"";"";"";"";"1015,7";"1015,7";"1015,5";"4,3";"56,0";"10,3";"1649,80";"0,0"
"15/11/2022";"1400";"28,3";"28,6";"27,4";"";"";"";"";"";"";"1015,3";"1015,7";"1015,3";"4,9";"73,0";"9,2";"2414,40";"0,0"
"15/11/2022";"1500";"28,3";"29,1";"28,1";"";"";"";"";"";"";"1014,8";"1015,4";"1014,7";"5,1";"78,0";"9,2";"2817,80";"0,0"
"15/11/2022";"1600";"28,4";"28,7";"28,0";"";"";"";"";"";"";"1014,0";"1014,8";"1014,0";"5,3";"82,0";"8,6";"2652,00";"0,0"
"15/11/2022";"1700";"28,2";"28,7";"27,8";"";"";"";"";"";"";"1013,4";"1014,0";"1013,4";"4,4";"81,0";"9,4";"2109,80";"0,0"
"15/11/2022";"1800";"27,8";"28,3";"27,5";"";"";"";"";"";"";"1013,2";"1013,4";"1013,1";"4,7";"79,0";"8,6";"1557,10";"0,0"
"15/11/2022";"1900";"27,4";"27,9";"27,2";"";"";"";"";"";"";"1013,2";"1013,3";"1013,1";"4,6";"76,0";"8,1";"1141,80";"0,0"
"15/11/2022";"2000";"26,6";"27,5";"26,6";"";"";"";"";"";"";"1013,4";"1013,5";"1013,1";"4,5";"80,0";"8,2";"516,20";"0,0"
"15/11/2022";"2100";"26,3";"26,6";"26,3";"";"";"";"";"";"";"1013,5";"1013,6";"1013,4";"4,7";"81,0";"8,2";"49,80";"0,0"
"15/11/2022";"2200";"26,2";"26,3";"26,2";"";"";"";"";"";"";"1013,8";"1013,8";"1013,4";"4,3";"75,0";"9,1";"";"0,0"
"15/11/2022";"2300";"26,1";"26,2";"26,1";"";"";"";"";"";"";"1013,7";"1013,9";"1013,6";"4,4";"77,0";"8,4";"";"0,0"
"16/11/2022";"0000";"26,1";"26,2";"26,0";"";"";"";"";"";"";"1013,7";"1014,0";"1013,7";"4,7";"78,0";"8,3";"";"0,0"
"16/11/2022";"0100";"26,0";"26,1";"26,0";"";"";"";"";"";"";"1013,6";"1013,9";"1013,6";"3,7";"67,0";"8,8";"";"0,0"
"16/11/2022";"0200";"26,0";"26,2";"26,0";"";"";"";"";"";"";"1013,1";"1013,7";"1013,1";"4,1";"69,0";"8,4";"";"0,0"
"16/11/2022";"0300";"25,9";"26,1";"25,9";"";"";"";"";"";"";"1012,8";"1013,2";"1012,8";"3,6";"67,0";"8,4";"";"0,0"
"16/11/2022";"0400";"25,8";"26,0";"25,7";"";"";"";"";"";"";"1012,4";"1012,9";"1012,3";"3,5";"66,0";"7,6";"";"0,0"
"16/11/2022";"0500";"25,7";"25,9";"25,6";"";"";"";"";"";"";"1012,1";"1012,4";"1012,1";"3,2";"64,0";"6,6";"";"0,0"
"16/11/2022";"0600";"25,7";"25,9";"25,7";"";"";"";"";"";"";"1012,0";"1012,1";"1011,9";"3,3";"66,0";"6,2";"";"0,0"
"16/11/2022";"0700";"25,6";"25,8";"25,5";"";"";"";"";"";"";"1012,0";"1012,1";"1011,9";"2,6";"53,0";"6,8";"";"0,0"
"16/11/2022";"0800";"25,7";"25,7";"25,5";"";"";"";"";"";"";"1012,4";"1012,4";"1012,0";"2,9";"65,0";"6,4";"";"0,0"
"16/11/2022";"0900";"25,6";"25,7";"25,5";"";"";"";"";"";"";"1013,0";"1013,0";"1012,4";"3,0";"40,0";"6,8";"129,40";"0,0"
"16/11/2022";"1000";"27,1";"27,2";"25,6";"";"";"";"";"";"";"1013,5";"1013,5";"1013,0";"3,4";"50,0";"7,4";"892,20";"0,0"
"16/11/2022";"1100";"27,6";"27,6";"26,6";"";"";"";"";"";"";"1014,0";"1014,0";"1013,5";"3,6";"62,0";"6,2";"1520,80";"0,0"
"16/11/2022";"1200";"28,1";"28,4";"27,3";"";"";"";"";"";"";"1013,9";"1014,0";"1013,8";"4,0";"58,0";"7,7";"2350,90";"0,0"
"16/11/2022";"1300";"28,0";"28,5";"27,2";"";"";"";"";"";"";"1013,6";"1013,9";"1013,6";"3,3";"71,0";"7,7";"2586,40";"0,0"
"16/11/2022";"1400";"28,0";"28,2";"27,1";"";"";"";"";"";"";"1013,5";"1013,6";"1013,4";"3,8";"77,0";"6,1";"2782,20";"0,0"
"16/11/2022";"1500";"28,0";"28,8";"27,7";"";"";"";"";"";"";"1012,8";"1013,5";"1012,8";"3,6";"82,0";"6,9";"3002,80";"0,0"
"16/11/2022";"1600";"27,8";"28,6";"27,5";"";"";"";"";"";"";"1012,2";"1012,8";"1012,2";"4,2";"85,0";"7,9";"2920,00";"0,0"
"16/11/2022";"1700";"28,4";"28,6";"27,7";"";"";"";"";"";"";"1011,5";"1012,2";"1011,5";"4,2";"84,0";"7,9";"2620,20";"0,0"
"16/11/2022";"1800";"27,5";"28,4";"27,5";"";"";"";"";"";"";"1011,0";"1011,5";"1011,0";"4,4";"81,0";"7,3";"2069,90";"0,0"
"16/11/2022";"1900";"27,4";"28,0";"27,3";"";"";"";"";"";"";"1011,1";"1011,2";"1011,0";"4,4";"71,0";"7,9";"1371,20";"0,0"
"16/11/2022";"2000";"26,8";"27,6";"26,7";"";"";"";"";"";"";"1011,5";"1011,6";"1011,1";"4,0";"73,0";"7,7";"558,90";"0,0"
"16/11/2022";"2100";"26,3";"26,8";"26,2";"";"";"";"";"";"";"1012,2";"1012,2";"1011,5";"3,9";"81,0";"7,4";"40,70";"0,0"
"16/11/2022";"2200";"26,3";"26,4";"26,2";"";"";"";"";"";"";"1013,2";"1013,2";"1012,2";"3,4";"71,0";"6,9";"";"0,0"
"16/11/2022";"2300";"26,2";"26,3";"26,1";"";"";"";"";"";"";"1013,9";"1013,9";"1013,2";"3,2";"73,0";"6,9";"";"0,0"
"17/11/2022";"0000";"26,0";"26,2";"26,0";"";"";"";"";"";"";"1014,3";"1014,3";"1013,9";"3,2";"78,0";"6,2";"";"0,0"
"17/11/2022";"0100";"25,9";"26,0";"25,9";"";"";"";"";"";"";"1014,0";"1014,3";"1014,0";"3,4";"78,0";"6,2";"";"0,0"
"17/11/2022";"0200";"25,9";"26,0";"25,8";"";"";"";"";"";"";"1013,3";"1014,0";"1013,3";"3,4";"71,0";"7,7";"";"0,0"
"17/11/2022";"0300";"25,8";"26,0";"25,8";"";"";"";"";"";"";"1012,5";"1013,4";"1012,5";"4,1";"65,0";"7,6";"";"0,0"
"17/11/2022";"0400";"25,6";"25,8";"25,6";"";"";"";"";"";"";"1012,0";"1012,5";"1011,9";"4,0";"66,0";"7,9";"";"0,0"
"17/11/2022";"0500";"25,5";"25,7";"25,5";"";"";"";"";"";"";"1011,9";"1012,0";"1011,8";"3,5";"65,0";"8,5";"";"0,0"
"17/11/2022";"0600";"25,5";"25,6";"25,4";"";"";"";"";"";"";"1011,8";"1011,9";"1011,7";"3,2";"65,0";"8,0";"";"0,0"
"17/11/2022";"0700";"25,5";"25,5";"25,3";"";"";"";"";"";"";"1012,0";"1012,1";"1011,8";"2,7";"70,0";"6,1";"";"0,0"
"17/11/2022";"0800";"25,2";"25,5";"25,2";"";"";"";"";"";"";"1012,2";"1012,2";"1012,0";"2,1";"58,0";"5,2";"";"0,0"
"17/11/2022";"0900";"26,0";"26,0";"25,2";"";"";"";"";"";"";"1012,6";"1012,6";"1012,2";"2,7";"67,0";"5,0";"113,00";"0,0"
"17/11/2022";"1000";"27,2";"27,4";"26,0";"";"";"";"";"";"";"1013,0";"1013,0";"1012,6";"3,4";"77,0";"5,9";"1012,40";"0,0"
"17/11/2022";"1100";"27,3";"28,0";"26,5";"";"";"";"";"";"";"1013,2";"1013,3";"1012,9";"3,8";"55,0";"6,9";"1728,50";"0,0"
"17/11/2022";"1200";"27,9";"28,4";"27,1";"";"";"";"";"";"";"1013,3";"1013,3";"1013,1";"4,2";"69,0";"7,3";"2351,70";"0,0"
"17/11/2022";"1300";"28,1";"28,7";"27,6";"";"";"";"";"";"";"1012,7";"1013,4";"1012,7";"4,2";"69,0";"7,9";"2674,30";"0,0"
"17/11/2022";"1400";"28,3";"29,0";"27,6";"";"";"";"";"";"";"1012,2";"1012,8";"1012,2";"3,9";"72,0";"7,9";"2913,00";"0,0"
"17/11/2022";"1500";"28,4";"28,7";"27,7";"";"";"";"";"";"";"1011,3";"1012,2";"1011,3";"4,3";"75,0";"6,9";"3013,80";"0,0"
"17/11/2022";"1600";"27,8";"28,7";"27,6";"";"";"";"";"";"";"1010,5";"1011,3";"1010,5";"4,8";"79,0";"8,3";"2962,50";"0,0"
"17/11/2022";"1700";"28,0";"28,7";"27,7";"";"";"";"";"";"";"1009,8";"1010,5";"1009,8";"4,1";"82,0";"8,3";"2632,00";"0,0"
"17/11/2022";"1800";"27,8";"28,2";"27,4";"";"";"";"";"";"";"1009,4";"1009,8";"1009,4";"4,2";"79,0";"8,2";"2080,80";"0,0"
"17/11/2022";"1900";"27,5";"27,9";"27,4";"";"";"";"";"";"";"1009,5";"1009,5";"1009,2";"4,1";"81,0";"7,1";"1374,00";"0,0"
"17/11/2022";"2000";"26,8";"27,6";"26,8";"";"";"";"";"";"";"1009,6";"1009,6";"1009,4";"3,9";"80,0";"7,2";"629,30";"0,0"
"17/11/2022";"2100";"26,4";"26,8";"26,4";"";"";"";"";"";"";"1010,0";"1010,0";"1009,6";"3,9";"79,0";"7,5";"43,20";"0,0"
"17/11/2022";"2200";"26,4";"26,4";"26,3";"";"";"";"";"";"";"1010,4";"1010,4";"1010,0";"3,8";"68,0";"7,4";"";"0,0"
"17/11/2022";"2300";"26,2";"26,4";"26,2";"";"";"";"";"";"";"1010,9";"1011,0";"1010,4";"3,6";"72,0";"6,9";"";"0,0"
"18/11/2022";"0000";"26,3";"26,3";"26,2";"";"";"";"";"";"";"1011,2";"1011,2";"1010,9";"4,1";"71,0";"8,2";"";"0,0"
"18/11/2022";"0100";"26,1";"26,3";"26,1";"";"";"";"";"";"";"1011,3";"1011,4";"1011,2";"4,1";"68,0";"8,3";"";"0,0"
"18/11/2022";"0200";"26,0";"26,1";"25,9";"";"";"";"";"";"";"1011,3";"1011,4";"1011,2";"3,6";"68,0";"7,3";"";"0,0"
"18/11/2022";"0300";"25,8";"26,0";"25,8";"";"";"";"";"";"";"1011,1";"1011,3";"1011,1";"2,6";"66,0";"7,0";"";"0,0"
"18/11/2022";"0400";"25,8";"26,0";"25,8";"";"";"";"";"";"";"1010,8";"1011,1";"1010,8";"2,7";"64,0";"6,5";"";"0,0"
"18/11/2022";"0500";"25,9";"26,0";"25,8";"";"";"";"";"";"";"1010,4";"1010,8";"1010,4";"2,7";"62,0";"6,1";"";"0,0"
"18/11/2022";"0600";"25,0";"26,0";"25,0";"";"";"";"";"";"";"1010,5";"1010,6";"1010,4";"1,7";"27,0";"5,8";"";"0,0"
"18/11/2022";"0700";"24,7";"25,1";"24,7";"";"";"";"";"";"";"1010,8";"1010,8";"1010,4";"1,9";"23,0";"3,8";"";"0,0"
"18/11/2022";"0800";"24,5";"24,7";"24,4";"";"";"";"";"";"";"1011,0";"1011,1";"1010,8";"1,8";"37,0";"3,9";"";"0,0"
"18/11/2022";"0900";"25,2";"25,3";"24,5";"";"";"";"";"";"";"1011,7";"1011,7";"1011,0";"2,2";"38,0";"3,8";"132,30";"0,0"
"18/11/2022";"1000";"27,2";"27,4";"25,2";"";"";"";"";"";"";"1012,3";"1012,3";"1011,7";"3,8";"72,0";"6,9";"1051,80";"0,0"
"18/11/2022";"1100";"27,3";"27,8";"27,1";"";"";"";"";"";"";"1012,8";"1012,8";"1012,3";"3,8";"61,0";"7,3";"1636,30";"0,0"
"18/11/2022";"1200";"28,2";"28,8";"27,2";"";"";"";"";"";"";"1012,7";"1013,0";"1012,6";"3,6";"61,0";"7,3";"2321,00";"0,0"
"18/11/2022";"1300";"28,8";"29,0";"27,9";"";"";"";"";"";"";"1012,5";"1012,7";"1012,5";"4,3";"69,0";"8,1";"2719,20";"0,0"
"18/11/2022";"1400";"28,7";"29,3";"28,1";"";"";"";"";"";"";"1012,1";"1012,5";"1012,0";"4,6";"78,0";"8,1";"2955,60";"0,0"
"18/11/2022";"1500";"28,4";"29,0";"28,0";"";"";"";"";"";"";"1011,1";"1012,1";"1011,1";"4,7";"77,0";"8,0";"2916,60";"0,0"
"18/11/2022";"1600";"28,5";"29,0";"28,1";"";"";"";"";"";"";"1010,1";"1011,1";"1010,1";"5,1";"80,0";"9,2";"2910,10";"0,0"
"18/11/2022";"1700";"27,8";"29,0";"27,8";"";"";"";"";"";"";"1009,4";"1010,1";"1009,4";"5,2";"81,0";"9,7";"2318,30";"0,0"
"18/11/2022";"1800";"27,8";"28,4";"27,4";"";"";"";"";"";"";"1009,5";"1009,5";"1009,3";"4,4";"80,0";"9,7";"1576,40";"0,0"
"18/11/2022";"1900";"27,2";"28,0";"27,1";"";"";"";"";"";"";"1009,6";"1009,6";"1009,3";"4,2";"80,0";"8,4";"812,60";"0,0"
"18/11/2022";"2000";"26,8";"27,2";"26,7";"";"";"";"";"";"";"1010,0";"1010,0";"1009,5";"4,2";"75,0";"8,2";"360,70";"0,0"
"18/11/2022";"2100";"26,5";"26,8";"26,5";"";"";"";"";"";"";"1010,8";"1010,8";"1010,0";"4,1";"78,0";"7,7";"38,70";"0,0"
"18/11/2022";"2200";"26,4";"26,6";"26,4";"";"";"";"";"";"";"1011,7";"1011,7";"1010,7";"4,0";"80,0";"8,0";"";"0,0"
"18/11/2022";"2300";"26,5";"26,6";"26,4";"";"";"";"";"";"";"1012,6";"1012,7";"1011,7";"3,8";"79,0";"7,4";"";"0,0"
"19/11/2022";"0000";"26,4";"26,5";"26,4";"";"";"";"";"";"";"1012,9";"1012,9";"1012,6";"3,9";"76,0";"7,0";"";"0,0"
"19/11/2022";"0100";"26,4";"26,4";"26,3";"";"";"";"";"";"";"1013,2";"1013,2";"1012,9";"3,2";"74,0";"6,7";"";"0,0"
"19/11/2022";"0200";"26,3";"26,4";"26,3";"";"";"";"";"";"";"1012,8";"1013,2";"1012,8";"3,4";"71,0";"7,4";"";"0,0"
"19/11/2022";"0300";"25,7";"26,4";"25,6";"";"";"";"";"";"";"1012,2";"1012,9";"1012,2";"3,2";"76,0";"6,7";"";"0,0"
"19/11/2022";"0400";"26,0";"26,0";"25,7";"";"";"";"";"";"";"1012,2";"1012,3";"1012,2";"3,0";"62,0";"6,8";"";"0,0"
"19/11/2022";"0500";"26,1";"26,1";"25,8";"";"";"";"";"";"";"1012,1";"1012,4";"1012,1";"2,8";"64,0";"5,9";"";"0,0"
"19/11/2022";"0600";"26,0";"26,1";"25,9";"";"";"";"";"";"";"1012,0";"1012,1";"1011,9";"2,7";"65,0";"5,3";"";"0,0"
"19/11/2022";"0700";"25,9";"26,0";"25,7";"";"";"";"";"";"";"1012,4";"1012,4";"1012,0";"3,0";"62,0";"6,5";"";"0,0"
"19/11/2022";"0800";"25,4";"25,9";"25,2";"";"";"";"";"";"";"1012,6";"1012,6";"1012,2";"2,1";"48,0";"6,6";"";"0,0"
"19/11/2022";"0900";"25,9";"25,9";"25,3";"";"";"";"";"";"";"1013,1";"1013,1";"1012,6";"3,0";"40,0";"5,0";"186,20";"0,0"
"19/11/2022";"1000";"27,0";"27,0";"25,7";"";"";"";"";"";"";"1013,8";"1013,9";"1013,1";"2,4";"37,0";"5,1";"773,70";"0,0"
"19/11/2022";"1100";"28,0";"28,1";"27,0";"";"";"";"";"";"";"1014,3";"1014,3";"1013,7";"4,1";"74,0";"7,9";"1779,70";"0,0"
"19/11/2022";"1200";"28,7";"28,7";"27,6";"";"";"";"";"";"";"1014,4";"1014,5";"1014,2";"4,2";"67,0";"8,8";"2238,20";"0,0"
"19/11/2022";"1300";"28,3";"29,1";"27,8";"";"";"";"";"";"";"1014,3";"1014,5";"1014,2";"4,1";"73,0";"8,8";"2653,70";"0,0"
"19/11/2022";"1400";"29,0";"29,0";"28,1";"100,0";"";"";"29,0";"";"";"1014,0";"1014,4";"1013,9";"4,6";"80,0";"8,0";"2821,80";"0,0"
"19/11/2022";"1500";"28,3";"29,5";"28,2";"";"";"";"";"";"";"1013,1";"1014,0";"1013,1";"4,9";"77,0";"8,4";"2980,80";"0,0"
"19/11/2022";"1600";"28,4";"29,5";"28,0";"";"";"";"";"";"";"1012,5";"1013,2";"1012,4";"4,2";"71,0";"8,5";"2893,20";"0,0"
"19/11/2022";"1700";"28,1";"28,9";"28,0";"";"";"";"";"";"";"1011,8";"1012,5";"1011,7";"4,8";"80,0";"9,0";"2558,60";"0,0"
"19/11/2022";"1800";"28,3";"28,5";"27,7";"";"";"";"";"";"";"1011,4";"1011,8";"1011,3";"4,3";"73,0";"8,1";"1955,40";"0,0"
"19/11/2022";"1900";"27,3";"28,3";"27,0";"";"";"";"";"";"";"1011,1";"1011,4";"1011,0";"4,4";"78,0";"8,2";"992,10";"0,0"
"19/11/2022";"2000";"26,6";"27,4";"26,6";"";"";"";"";"";"";"1011,5";"1011,6";"1011,1";"4,4";"79,0";"7,9";"412,50";"0,0"
"19/11/2022";"2100";"26,4";"26,6";"26,4";"";"";"";"";"";"";"1011,8";"1011,8";"1011,5";"3,9";"77,0";"7,4";"22,30";"0,0"
"19/11/2022";"2200";"26,4";"26,4";"26,3";"";"";"";"";"";"";"1012,4";"1012,4";"1011,7";"4,2";"79,0";"8,4";"";"0,0"
"19/11/2022";"2300";"26,4";"26,4";"26,3";"";"";"";"";"";"";"1013,1";"1013,1";"1012,3";"4,1";"77,0";"7,7";"";"0,0"
"20/11/2022";"0000";"26,4";"26,4";"26,3";"";"";"";"";"";"";"1013,4";"1013,5";"1013,1";"4,1";"78,0";"7,4";"";"0,0"
"20/11/2022";"0100";"26,3";"26,4";"26,2";"";"";"";"";"";"";"1013,8";"1013,8";"1013,3";"3,8";"79,0";"7,2";"";"0,0"
"20/11/2022";"0200";"26,1";"26,3";"26,1";"";"";"";"";"";"";"1013,5";"1013,9";"1013,5";"2,9";"77,0";"6,5";"";"0,0"
"20/11/2022";"0300";"26,1";"26,2";"26,0";"";"";"";"";"";"";"1013,1";"1013,6";"1013,1";"3,2";"77,0";"6,6";"";"0,0"
"20/11/2022";"0400";"26,1";"26,2";"26,1";"";"";"";"";"";"";"1012,3";"1013,1";"1012,3";"3,4";"64,0";"6,4";"";"0,0"
"20/11/2022";"0500";"25,8";"26,1";"25,7";"";"";"";"";"";"";"1011,7";"1012,3";"1011,6";"2,5";"49,0";"6,4";"";"0,0"
"20/11/2022";"0600";"25,9";"26,0";"25,8";"";"";"";"";"";"";"1011,5";"1011,7";"1011,4";"2,9";"56,0";"5,5";"";"0,0"
"20/11/2022";"0700";"25,6";"25,9";"25,6";"";"";"";"";"";"";"1011,9";"1011,9";"1011,4";"2,6";"43,0";"6,0";"";"0,0"
"20/11/2022";"0800";"25,3";"25,6";"25,1";"";"";"";"";"";"";"1012,2";"1012,2";"1011,9";"1,4";"42,0";"5,0";"";"0,0"
"20/11/2022";"0900";"25,6";"25,6";"25,0";"";"";"";"";"";"";"1012,6";"1012,6";"1012,1";"2,1";"30,0";"3,8";"151,90";"0,0"
"20/11/2022";"1000";"26,6";"26,6";"25,6";"";"";"";"";"";"";"1013,1";"1013,2";"1012,6";"2,2";"35,0";"4,2";"862,20";"0,0"
"20/11/2022";"1100";"27,5";"27,8";"26,6";"";"";"";"";"";"";"1013,6";"1013,6";"1013,1";"3,9";"55,0";"7,0";"1680,00";"0,0"
"20/11/2022";"1200";"28,2";"28,6";"27,4";"";"";"";"";"";"";"1013,8";"1013,9";"1013,6";"3,3";"76,0";"7,0";"2357,50";"0,0"
"20/11/2022";"1300";"28,0";"28,2";"27,4";"";"";"";"";"";"";"1013,7";"1014,0";"1013,7";"3,7";"79,0";"6,7";"2278,40";"0,0"
"20/11/2022";"1400";"28,0";"28,5";"27,4";"";"";"";"";"";"";"1013,4";"1013,8";"1013,4";"3,9";"78,0";"7,0";"2324,20";"0,0"
"20/11/2022";"1500";"28,4";"28,6";"27,8";"";"";"";"";"";"";"1013,0";"1013,5";"1012,9";"4,2";"80,0";"7,7";"2083,60";"0,0"
"20/11/2022";"1600";"28,1";"29,1";"28,1";"";"";"";"";"";"";"1012,0";"1013,0";"1011,9";"4,4";"80,0";"7,7";"2832,90";"0,0"
"20/11/2022";"1700";"29,2";"29,2";"28,0";"";"";"";"";"";"";"1011,5";"1012,0";"1011,4";"4,4";"82,0";"8,8";"2559,50";"0,0"
"20/11/2022";"1800";"28,1";"29,2";"27,8";"";"";"";"";"";"";"1011,2";"1011,5";"1011,2";"5,0";"81,0";"8,4";"1954,90";"0,0"
"20/11/2022";"1900";"27,5";"28,1";"27,3";"";"";"";"";"";"";"1011,2";"1011,3";"1011,1";"4,8";"77,0";"8,1";"1097,40";"0,0"
"20/11/2022";"2000";"26,9";"27,7";"26,9";"";"";"";"";"";"";"1011,5";"1011,5";"1011,2";"4,1";"79,0";"8,1";"717,70";"0,0"
"20/11/2022";"2100";"26,5";"26,9";"26,5";"";"";"";"";"";"";"1011,7";"1011,8";"1011,5";"4,6";"81,0";"7,9";"55,30";"0,0"
"20/11/2022";"2200";"25,9";"26,6";"25,9";"";"";"";"";"";"";"1012,5";"1012,5";"1011,6";"4,9";"79,0";"9,6";"";"0,0"
"20/11/2022";"2300";"26,1";"26,1";"25,9";"";"";"";"";"";"";"1013,1";"1013,2";"1012,5";"5,0";"78,0";"9,2";"";"0,0"
"21/11/2022";"0000";"25,9";"26,1";"25,8";"";"";"";"";"";"";"1013,6";"1013,6";"1013,1";"3,6";"69,0";"8,7";"";"0,0"
"21/11/2022";"0100";"26,3";"26,3";"25,9";"";"";"";"";"";"";"1013,7";"1013,8";"1013,6";"3,6";"70,0";"7,2";"";"0,0"
"21/11/2022";"0200";"25,8";"26,3";"25,8";"";"";"";"";"";"";"1013,3";"1013,8";"1013,3";"3,9";"70,0";"8,2";"";"0,0"
"21/11/2022";"0300";"26,0";"26,1";"25,6";"";"";"";"";"";"";"1012,7";"1013,3";"1012,7";"2,9";"74,0";"6,9";"";"0,0"
"21/11/2022";"0400";"26,1";"26,1";"26,0";"";"";"";"";"";"";"1012,1";"1012,7";"1012,1";"2,7";"70,0";"6,0";"";"0,0"
"21/11/2022";"0500";"25,7";"26,1";"25,5";"";"";"";"";"";"";"1011,5";"1012,1";"1011,5";"2,6";"57,0";"6,5";"";"0,0"
"21/11/2022";"0600";"25,7";"25,8";"25,6";"";"";"";"";"";"";"1011,1";"1011,5";"1011,1";"3,1";"56,0";"6,9";"";"0,0"
"21/11/2022";"0700";"24,3";"25,7";"24,1";"";"";"";"";"";"";"1011,3";"1011,3";"1011,1";"1,7";"24,0";"5,6";"";"2,8"
"21/11/2022";"0800";"25,1";"25,1";"24,2";"";"";"";"";"";"";"1011,4";"1011,4";"1011,2";"2,8";"55,0";"5,4";"";"0,0"
"21/11/2022";"0900";"24,5";"25,2";"24,2";"";"";"";"";"";"";"1012,2";"1012,2";"1011,4";"1,9";"17,0";"5,4";"127,90";"0,0"
"21/11/2022";"1000";"25,3";"25,8";"24,5";"";"";"";"";"";"";"1012,8";"1012,9";"1012,2";"2,1";"25,0";"4,5";"813,30";"0,0"
"21/11/2022";"1100";"26,7";"27,3";"25,3";"";"";"";"";"";"";"1013,3";"1013,3";"1012,7";"3,2";"69,0";"6,5";"1626,70";"0,0"
"21/11/2022";"1200";"27,6";"28,6";"26,7";"";"";"";"";"";"";"1013,2";"1013,5";"1013,2";"4,3";"77,0";"6,9";"2059,60";"0,2"
"21/11/2022";"1300";"28,5";"29,0";"27,3";"";"";"";"";"";"";"1013,3";"1013,3";"1013,1";"4,0";"75,0";"8,6";"2897,40";"0,0"
"21/11/2022";"1400";"28,4";"28,9";"27,4";"";"";"";"";"";"";"1012,7";"1013,3";"1012,7";"4,3";"73,0";"7,4";"2700,40";"0,0"
"21/11/2022";"1500";"28,6";"28,9";"27,9";"";"";"";"";"";"";"1012,1";"1012,7";"1012,1";"4,4";"80,0";"7,5";"2993,50";"0,0"
"21/11/2022";"1600";"28,4";"28,9";"28,0";"100,0";"";"";"28,4";"";"";"1011,3";"1012,1";"1011,3";"4,3";"76,0";"7,9";"2798,30";"0,0"
"21/11/2022";"1700";"28,1";"29,1";"27,8";"";"";"";"";"";"";"1010,8";"1011,3";"1010,8";"4,8";"77,0";"7,6";"2345,50";"0,0"
"21/11/2022";"1800";"27,5";"28,3";"27,4";"";"";"";"";"";"";"1010,4";"1010,9";"1010,3";"3,7";"80,0";"7,7";"1575,50";"0,0"
"21/11/2022";"1900";"27,2";"28,2";"27,0";"";"";"";"";"";"";"1010,2";"1010,5";"1010,2";"4,1";"82,0";"7,3";"1093,40";"0,0"
"21/11/2022";"2000";"26,7";"27,3";"26,7";"";"";"";"";"";"";"1010,5";"1010,6";"1010,2";"3,5";"73,0";"7,1";"334,30";"0,0"
"21/11/2022";"2100";"26,4";"26,7";"26,3";"";"";"";"";"";"";"1010,8";"1010,8";"1010,5";"3,9";"78,0";"7,7";"35,70";"0,0"
"21/11/2022";"2200";"26,3";"26,5";"26,3";"";"";"";"";"";"";"1011,4";"1011,4";"1010,8";"4,2";"82,0";"6,9";"";"0,0"
"21/11/2022";"2300";"26,4";"26,5";"26,2";"";"";"";"";"";"";"1011,8";"1011,9";"1011,4";"4,7";"81,0";"7,5";"";"0,0"
"22/11/2022";"0000";"26,3";"26,4";"26,2";"";"";"";"";"";"";"1012,3";"1012,4";"1011,8";"4,2";"82,0";"7,8";"";"0,0"
"22/11/2022";"0100";"26,2";"26,3";"26,2";"";"";"";"";"";"";"1012,9";"1012,9";"1012,3";"3,8";"80,0";"7,8";"";"0,0"
"22/11/2022";"0200";"26,0";"26,3";"25,8";"";"";"";"";"";"";"1012,5";"1012,9";"1012,5";"3,5";"75,0";"6,8";"";"0,0"
"22/11/2022";"0300";"24,2";"26,0";"23,8";"";"";"";"";"";"";"1012,0";"1012,6";"1012,0";"1,9";"67,0";"9,6";"";"0,0"
"22/11/2022";"0400";"25,2";"25,3";"24,1";"";"";"";"";"";"";"1011,6";"1012,0";"1011,6";"2,0";"76,0";"5,6";"";"0,0"
"22/11/2022";"0500";"23,3";"25,8";"22,9";"";"";"";"";"";"";"1011,5";"1011,6";"1011,3";"4,7";"45,0";"10,9";"";"2,4"
"22/11/2022";"0600";"24,7";"24,7";"23,1";"";"";"";"";"";"";"1011,3";"1011,5";"1011,3";"2,1";"59,0";"10,9";"";"0,2"
"22/11/2022";"0700";"24,9";"24,9";"24,7";"";"";"";"";"";"";"1011,5";"1011,5";"1011,3";"2,4";"64,0";"4,7";"";"0,0"
"22/11/2022";"0800";"25,0";"25,0";"24,9";"";"";"";"";"";"";"1012,0";"1012,0";"1011,5";"1,8";"60,0";"4,4";"";"0,0"
"22/11/2022";"0900";"25,8";"25,8";"24,9";"";"";"";"";"";"";"1013,0";"1013,0";"1012,0";"2,0";"68,0";"4,4";"213,90";"0,6"
"22/11/2022";"1000";"26,5";"26,6";"25,3";"";"";"";"";"";"";"1013,4";"1013,5";"1013,0";"2,4";"65,0";"4,7";"642,20";"0,2"
"22/11/2022";"1100";"27,1";"27,6";"26,5";"";"";"";"";"";"";"1013,6";"1013,7";"1013,4";"3,3";"76,0";"5,6";"1730,00";"0,0"
"22/11/2022";"1200";"26,6";"27,6";"26,5";"";"";"";"";"";"";"1013,7";"1013,7";"1013,5";"2,6";"75,0";"5,3";"1885,00";"0,0"
"22/11/2022";"1300";"26,6";"27,8";"26,0";"";"";"";"";"";"";"1013,7";"1013,8";"1013,6";"1,5";"58,0";"6,0";"1466,40";"0,0"
"22/11/2022";"1400";"27,1";"27,9";"26,6";"";"";"";"";"";"";"1013,5";"1013,7";"1013,5";"1,6";"184,0";"5,5";"2231,70";"0,0"
"22/11/2022";"1500";"28,2";"28,3";"26,9";"";"";"";"";"";"";"1012,8";"1013,5";"1012,8";"2,3";"167,0";"6,7";"2780,90";"0,0"
"22/11/2022";"1600";"28,1";"28,6";"27,4";"";"";"";"";"";"";"1012,0";"1012,8";"1012,0";"2,1";"142,0";"8,4";"2628,50";"0,0"
"22/11/2022";"1700";"28,6";"28,8";"27,6";"";"";"";"";"";"";"1011,2";"1012,1";"1011,2";"1,4";"71,0";"5,6";"2304,20";"0,0"
"22/11/2022";"1800";"27,7";"28,7";"26,9";"94,0";"";"";"26,6";"";"";"1010,6";"1011,2";"1010,6";"4,3";"74,0";"8,9";"1443,90";"0,0"
"22/11/2022";"1900";"27,3";"27,7";"27,2";"92,0";"94,0";"88,0";"25,8";"26,6";"25,4";"1010,5";"1010,7";"1010,3";"4,3";"76,0";"8,8";"1344,30";"0,0"
"22/11/2022";"2000";"26,7";"27,3";"26,6";"92,0";"94,0";"86,0";"25,2";"25,9";"24,6";"1010,9";"1011,0";"1010,4";"3,9";"79,0";"9,4";"531,20";"0,0"
"22/11/2022";"2100";"26,4";"26,7";"26,3";"100,0";"100,0";"90,0";"26,4";"26,4";"24,8";"1010,9";"1011,1";"1010,9";"4,6";"81,0";"8,5";"37,90";"0,0"
"22/11/2022";"2200";"26,2";"26,4";"26,1";"";"";"";"";"";"";"1011,3";"1011,3";"1010,9";"4,5";"80,0";"9,1";"";"0,0"
"22/11/2022";"2300";"26,2";"26,3";"26,0";"100,0";"";"";"26,2";"";"";"1012,1";"1012,1";"1011,3";"4,8";"80,0";"8,0";"";"0,0"
"23/11/2022";"0000";"26,1";"26,2";"26,0";"97,0";"100,0";"97,0";"25,6";"26,2";"25,6";"1012,3";"1012,4";"1012,1";"3,8";"79,0";"8,0";"";"0,0"
"23/11/2022";"0100";"26,1";"26,2";"26,0";"97,0";"100,0";"96,0";"25,5";"26,1";"25,4";"1012,4";"1012,4";"1012,3";"4,4";"79,0";"7,4";"";"0,0"
"23/11/2022";"0200";"26,0";"26,1";"25,9";"100,0";"100,0";"97,0";"26,0";"26,0";"25,5";"1011,9";"1012,5";"1011,9";"4,1";"80,0";"7,9";"";"0,0"
"23/11/2022";"0300";"25,9";"26,0";"25,8";"98,0";"100,0";"98,0";"25,6";"26,0";"25,5";"1011,2";"1011,9";"1011,2";"4,2";"81,0";"7,1";"";"0,0"
"23/11/2022";"0400";"25,7";"25,9";"25,7";"100,0";"100,0";"98,0";"25,7";"25,9";"25,4";"1010,9";"1011,3";"1010,9";"3,1";"77,0";"6,7";"";"0,0"
"23/11/2022";"0500";"24,7";"25,7";"24,6";"";"100,0";"99,0";"";"25,7";"25,3";"1010,5";"1010,9";"1010,5";"1,7";"47,0";"5,9";"";"0,0"
"23/11/2022";"0600";"25,2";"25,4";"24,6";"";"";"";"";"";"";"1010,4";"1010,6";"1010,4";"1,9";"76,0";"5,6";"";"0,0"
"23/11/2022";"0700";"25,4";"25,4";"25,1";"";"";"";"";"";"";"1010,7";"1010,7";"1010,4";"1,8";"68,0";"4,1";"";"0,0"
"23/11/2022";"0800";"24,0";"25,5";"24,0";"";"";"";"";"";"";"1011,0";"1011,0";"1010,7";"1,1";"22,0";"4,4";"";"0,0"
"23/11/2022";"0900";"24,9";"24,9";"23,9";"";"";"";"";"";"";"1011,5";"1011,5";"1011,0";"0,5";"339,0";"1,7";"147,50";"0,0"
"23/11/2022";"1000";"27,0";"27,2";"24,9";"100,0";"";"";"27,0";"";"";"1011,8";"1011,9";"1011,5";"2,7";"63,0";"4,6";"992,50";"0,0"
"23/11/2022";"1100";"27,2";"27,8";"27,0";"84,0";"100,0";"83,0";"24,3";"27,4";"24,1";"1012,5";"1012,5";"1011,8";"3,0";"75,0";"4,9";"1732,40";"0,0"
"23/11/2022";"1200";"28,0";"28,3";"27,2";"76,0";"85,0";"76,0";"23,4";"25,3";"23,1";"1012,6";"1012,8";"1012,4";"2,6";"72,0";"5,1";"2256,70";"0,0"
"23/11/2022";"1300";"27,7";"28,2";"27,5";"74,0";"79,0";"73,0";"22,7";"24,0";"22,6";"1012,7";"1012,7";"1012,6";"2,9";"63,0";"5,7";"2624,00";"0,0"
"23/11/2022";"1400";"28,0";"28,3";"27,6";"76,0";"78,0";"73,0";"23,4";"23,9";"22,5";"1012,6";"1012,7";"1012,5";"2,8";"74,0";"5,3";"2896,70";"0,0"
"23/11/2022";"1500";"28,6";"28,6";"27,8";"71,0";"78,0";"71,0";"22,9";"23,9";"22,2";"1011,9";"1012,6";"1011,9";"3,1";"73,0";"5,9";"2988,70";"0,0"
"23/11/2022";"1600";"28,5";"28,8";"27,7";"71,0";"75,0";"69,0";"22,9";"23,4";"21,9";"1011,1";"1012,0";"1011,1";"2,5";"75,0";"5,6";"2947,00";"0,0"
"23/11/2022";"1700";"27,9";"28,6";"27,7";"77,0";"77,0";"71,0";"23,5";"24,1";"22,3";"1010,4";"1011,1";"1010,3";"3,3";"74,0";"6,1";"2629,90";"0,0"
"23/11/2022";"1800";"27,8";"28,5";"27,4";"75,0";"81,0";"74,0";"23,0";"24,8";"22,3";"1009,9";"1010,4";"1009,8";"3,4";"78,0";"6,7";"2080,60";"0,0"
"23/11/2022";"1900";"27,5";"28,1";"27,3";"75,0";"75,0";"69,0";"22,7";"23,3";"21,5";"1009,6";"1009,9";"1009,5";"2,6";"71,0";"6,4";"1377,30";"0,0"
"23/11/2022";"2000";"26,8";"27,7";"26,7";"88,0";"88,0";"75,0";"24,8";"24,8";"22,6";"1009,6";"1009,7";"1009,5";"2,2";"68,0";"5,7";"639,30";"0,0"
"23/11/2022";"2100";"26,3";"26,8";"26,3";"86,0";"90,0";"86,0";"23,7";"25,0";"23,7";"1010,0";"1010,0";"1009,6";"2,3";"75,0";"4,7";"77,40";"0,0"
"23/11/2022";"2200";"26,1";"26,3";"26,1";"94,0";"94,0";"86,0";"25,0";"25,1";"23,7";"1010,5";"1010,6";"1009,9";"2,4";"72,0";"5,8";"";"0,0"
"23/11/2022";"2300";"26,1";"26,2";"26,0";"99,0";"99,0";"93,0";"25,9";"25,9";"25,0";"1011,5";"1011,5";"1010,5";"3,6";"79,0";"6,0";"";"0,0"
"24/11/2022";"0000";"26,0";"26,2";"26,0";"100,0";"100,0";"99,0";"26,0";"26,2";"25,9";"1012,0";"1012,1";"1011,5";"3,0";"79,0";"6,1";"";"0,0"
"24/11/2022";"0100";"26,1";"26,2";"26,0";"100,0";"100,0";"100,0";"26,1";"26,2";"26,0";"1012,2";"1012,2";"1012,0";"3,1";"80,0";"6,3";"";"0,0"
"24/11/2022";"0200";"25,8";"26,2";"25,8";"";"";"";"";"";"";"1011,9";"1012,3";"1011,9";"1,9";"74,0";"5,1";"";"0,0"
"24/11/2022";"0300";"25,8";"25,8";"25,7";"";"";"";"";"";"";"1011,1";"1011,9";"1011,1";"2,3";"78,0";"5,5";"";"0,0"
"24/11/2022";"0400";"25,7";"25,9";"25,7";"";"";"";"";"";"";"1010,4";"1011,1";"1010,4";"3,0";"81,0";"5,5";"";"0,0"
"24/11/2022";"0500";"25,8";"25,8";"25,6";"";"";"";"";"";"";"1010,2";"1010,4";"1010,2";"2,5";"75,0";"5,1";"";"0,0"
"24/11/2022";"0600";"25,7";"25,8";"25,6";"";"";"";"";"";"";"1010,0";"1010,2";"1009,9";"2,4";"62,0";"5,0";"";"0,0"
"24/11/2022";"0700";"24,9";"25,7";"24,9";"";"";"";"";"";"";"1010,2";"1010,2";"1010,0";"1,2";"27,0";"5,0";"";"0,0"
"24/11/2022";"0800";"24,1";"24,9";"24,1";"";"";"";"";"";"";"1010,5";"1010,6";"1010,2";"0,4";"201,0";"1,8";"";"0,0"
"24/11/2022";"0900";"25,1";"25,1";"23,8";"";"";"";"";"";"";"1011,1";"1011,1";"1010,5";"1,2";"4,0";"2,5";"102,30";"0,0"
"24/11/2022";"1000";"26,2";"26,3";"25,1";"";"";"";"";"";"";"1011,6";"1011,6";"1011,1";"2,6";"30,0";"4,8";"944,30";"0,0"
"24/11/2022";"1100";"27,6";"28,0";"26,1";"";"";"";"";"";"";"1012,0";"1012,0";"1011,6";"3,0";"38,0";"4,7";"1438,00";"0,0"
"24/11/2022";"1200";"28,2";"28,7";"27,6";"78,0";"100,0";"77,0";"24,0";"27,8";"23,6";"1012,2";"1012,2";"1012,0";"3,9";"74,0";"6,5";"2305,60";"0,0"
"24/11/2022";"1300";"27,9";"28,7";"27,7";"89,0";"89,0";"77,0";"25,8";"26,2";"23,7";"1011,8";"1012,2";"1011,8";"4,0";"77,0";"7,0";"2686,40";"0,0"
"24/11/2022";"1400";"28,2";"28,3";"27,6";"88,0";"91,0";"87,0";"26,1";"26,5";"25,4";"1011,3";"1011,8";"1011,2";"3,6";"80,0";"7,2";"2905,30";"0,0"
"24/11/2022";"1500";"28,1";"28,7";"27,7";"83,0";"90,0";"81,0";"25,0";"26,6";"24,5";"1010,3";"1011,3";"1010,3";"4,5";"78,0";"7,5";"2997,60";"0,0"
"24/11/2022";"1600";"28,2";"28,8";"27,8";"83,0";"85,0";"79,0";"25,1";"25,5";"24,1";"1009,6";"1010,3";"1009,5";"4,1";"74,0";"7,7";"2951,20";"0,0"
"24/11/2022";"1700";"28,5";"29,3";"27,9";"84,0";"85,0";"79,0";"25,5";"26,4";"24,3";"1008,9";"1009,6";"1008,8";"3,4";"71,0";"7,7";"2581,40";"0,0"
"24/11/2022";"1800";"27,2";"28,5";"27,1";"94,0";"94,0";"82,0";"26,1";"26,1";"24,8";"1008,6";"1009,0";"1008,5";"3,6";"75,0";"8,1";"1143,60";"0,0"
"24/11/2022";"1900";"26,9";"27,4";"26,7";"";"100,0";"93,0";"";"27,1";"26,0";"1008,4";"1008,6";"1008,2";"3,8";"81,0";"8,7";"629,50";"0,0"
"24/11/2022";"2000";"26,4";"26,9";"26,4";"";"";"";"";"";"";"1008,5";"1008,5";"1008,3";"3,9";"76,0";"8,9";"380,10";"0,0"
"24/11/2022";"2100";"26,3";"26,4";"26,2";"";"";"";"";"";"";"1009,1";"1009,1";"1008,4";"4,4";"81,0";"9,0";"59,90";"0,0"
"24/11/2022";"2200";"26,3";"26,3";"26,2";"";"";"";"";"";"";"1009,7";"1009,8";"1009,1";"4,1";"80,0";"8,2";"";"0,0"
"24/11/2022";"2300";"26,3";"26,5";"26,2";"";"";"";"";"";"";"1010,8";"1010,8";"1009,7";"3,8";"77,0";"7,7";"";"0,0"
"25/11/2022";"0000";"26,6";"26,6";"26,3";"";"";"";"";"";"";"1011,3";"1011,4";"1010,8";"3,9";"75,0";"7,5";"";"0,0"
"25/11/2022";"0100";"26,4";"26,6";"26,3";"";"";"";"";"";"";"1011,6";"1011,6";"1011,3";"3,7";"74,0";"7,5";"";"0,0"
"25/11/2022";"0200";"26,3";"26,4";"26,2";"";"";"";"";"";"";"1011,2";"1011,6";"1011,2";"4,1";"72,0";"7,8";"";"0,0"
"25/11/2022";"0300";"26,1";"26,3";"26,0";"";"";"";"";"";"";"1010,8";"1011,2";"1010,7";"3,3";"64,0";"7,2";"";"0,0"
"25/11/2022";"0400";"26,1";"26,1";"26,0";"";"";"";"";"";"";"1010,1";"1010,9";"1010,1";"3,3";"61,0";"7,1";"";"0,0"
"25/11/2022";"0500";"26,1";"26,2";"26,0";"";"";"";"";"";"";"1009,8";"1010,1";"1009,6";"3,4";"63,0";"6,4";"";"0,0"
"25/11/2022";"0600";"24,8";"26,3";"24,8";"";"";"";"";"";"";"1009,6";"1009,8";"1009,5";"2,1";"25,0";"9,8";"";"1,6"
"25/11/2022";"0700";"24,8";"24,9";"24,7";"";"";"";"";"";"";"1010,0";"1010,0";"1009,6";"2,9";"27,0";"5,5";"";"0,0"
"25/11/2022";"0800";"24,6";"24,8";"24,6";"";"";"";"";"";"";"1010,2";"1010,2";"1010,0";"2,9";"27,0";"5,5";"";"0,0"
"25/11/2022";"0900";"25,1";"25,1";"24,6";"";"";"";"";"";"";"1010,9";"1010,9";"1010,2";"2,9";"38,0";"5,6";"116,00";"0,0"
"25/11/2022";"1000";"26,7";"26,7";"25,0";"";"";"";"";"";"";"1011,2";"1011,2";"1010,9";"3,6";"35,0";"6,4";"894,90";"0,0"
"25/11/2022";"1100";"28,4";"28,4";"26,7";"";"";"";"";"";"";"1011,2";"1011,3";"1011,0";"4,7";"61,0";"9,5";"1512,80";"0,0"
"25/11/2022";"1200";"28,2";"28,5";"27,4";"";"";"";"";"";"";"1011,4";"1011,5";"1011,1";"5,0";"66,0";"9,5";"2342,60";"0,0"
"25/11/2022";"1300";"29,2";"29,6";"28,1";"";"";"";"";"";"";"1011,5";"1011,7";"1011,4";"4,8";"75,0";"8,8";"2708,70";"0,0"
"25/11/2022";"1400";"28,8";"29,9";"28,2";"";"";"";"";"";"";"1011,3";"1011,6";"1011,3";"5,1";"72,0";"8,5";"2605,40";"0,0"
"25/11/2022";"1500";"29,1";"29,8";"28,6";"";"";"";"";"";"";"1010,9";"1011,3";"1010,9";"5,2";"79,0";"10,0";"3058,90";"0,0"
"25/11/2022";"1600";"29,2";"29,5";"28,4";"";"";"";"";"";"";"1010,2";"1010,9";"1010,1";"5,4";"72,0";"10,6";"2910,40";"0,0"
"25/11/2022";"1700";"28,8";"29,7";"28,6";"100,0";"100,0";"100,0";"28,8";"29,2";"28,6";"1009,6";"1010,2";"1009,5";"5,3";"73,0";"9,9";"2608,60";"0,0"
"25/11/2022";"1800";"28,8";"28,9";"28,1";"100,0";"100,0";"100,0";"28,8";"28,8";"28,1";"1009,0";"1009,6";"1009,0";"5,2";"77,0";"10,0";"1991,70";"0,0"
"25/11/2022";"1900";"27,3";"28,8";"27,3";"";"";"";"";"";"";"1008,6";"1009,1";"1008,6";"5,2";"80,0";"9,9";"942,80";"0,0"
"25/11/2022";"2000";"27,1";"27,4";"27,1";"";"";"";"";"";"";"1009,3";"1009,3";"1008,5";"4,4";"73,0";"8,7";"310,00";"0,0"
"25/11/2022";"2100";"26,7";"27,1";"26,7";"";"";"";"";"";"";"1009,6";"1009,6";"1009,2";"4,6";"72,0";"8,9";"28,20";"0,0"
"25/11/2022";"2200";"26,7";"26,9";"26,7";"";"";"";"";"";"";"1010,6";"1010,6";"1009,5";"4,1";"72,0";"9,2";"";"0,0"
"25/11/2022";"2300";"26,7";"26,8";"26,6";"";"";"";"";"";"";"1011,3";"1011,3";"1010,5";"4,2";"62,0";"9,2";"";"0,0"
"26/11/2022";"0000";"26,7";"26,7";"26,6";"";"";"";"";"";"";"1012,0";"1012,3";"1011,3";"3,9";"61,0";"8,2";"";"0,0"
"26/11/2022";"0100";"26,6";"26,7";"26,5";"";"";"";"";"";"";"1012,4";"1012,4";"1011,9";"3,0";"59,0";"7,0";"";"0,0"
"26/11/2022";"0200";"26,6";"26,7";"26,5";"";"";"";"";"";"";"1012,8";"1013,0";"1012,4";"1,9";"38,0";"6,1";"";"0,0"
"26/11/2022";"0300";"26,6";"26,7";"26,5";"";"";"";"";"";"";"1012,0";"1012,8";"1012,0";"1,8";"36,0";"4,2";"";"0,0"
"26/11/2022";"0400";"25,9";"26,6";"25,6";"";"";"";"";"";"";"1011,4";"1012,0";"1011,4";"1,6";"69,0";"3,6";"";"0,0"
"26/11/2022";"0500";"26,1";"26,2";"25,9";"";"";"";"";"";"";"1011,1";"1011,4";"1011,1";"2,1";"51,0";"4,2";"";"0,0"
"26/11/2022";"0600";"25,9";"26,2";"25,9";"";"";"";"";"";"";"1011,0";"1011,2";"1011,0";"1,9";"35,0";"4,0";"";"0,0"
"26/11/2022";"0700";"25,6";"26,0";"25,6";"";"";"";"";"";"";"1011,1";"1011,2";"1010,9";"2,6";"32,0";"5,6";"";"0,0"
"26/11/2022";"0800";"25,4";"25,6";"25,3";"";"";"";"";"";"";"1011,6";"1011,6";"1011,1";"2,6";"25,0";"5,4";"";"0,0"
"26/11/2022";"0900";"25,5";"25,6";"25,2";"";"";"";"";"";"";"1011,9";"1011,9";"1011,4";"2,7";"42,0";"5,4";"131,40";"0,0"
"26/11/2022";"1000";"26,3";"26,5";"25,5";"";"";"";"";"";"";"1012,5";"1012,5";"1011,9";"3,8";"42,0";"7,5";"549,20";"0,0"
"26/11/2022";"1100";"26,8";"26,8";"26,2";"";"";"";"";"";"";"1013,0";"1013,0";"1012,4";"3,8";"35,0";"7,5";"724,00";"0,0"
"26/11/2022";"1200";"27,9";"28,3";"26,8";"100,0";"";"";"27,9";"";"";"1013,1";"1013,1";"1012,9";"3,0";"10,0";"8,8";"1481,80";"0,0"
"26/11/2022";"1300";"28,7";"29,7";"27,8";"82,0";"100,0";"82,0";"25,4";"27,9";"25,4";"1012,7";"1013,1";"1012,7";"4,2";"75,0";"7,7";"2060,90";"0,0"
"26/11/2022";"1400";"27,8";"28,8";"27,7";"";"100,0";"82,0";"";"28,1";"25,3";"1012,6";"1012,9";"1012,5";"5,0";"82,0";"7,6";"1782,70";"0,0"
"26/11/2022";"1500";"28,7";"28,7";"27,8";"";"";"";"";"";"";"1012,0";"1012,6";"1011,9";"4,8";"78,0";"8,4";"1825,60";"0,0"
"26/11/2022";"1600";"28,4";"28,9";"27,9";"";"";"";"";"";"";"1010,9";"1012,0";"1010,9";"5,1";"78,0";"9,7";"1933,10";"0,0"
"26/11/2022";"1700";"28,6";"29,2";"28,1";"";"";"";"";"";"";"1010,1";"1011,0";"1010,0";"5,1";"74,0";"11,2";"2211,70";"0,0"
"26/11/2022";"1800";"28,2";"29,0";"27,9";"";"";"";"";"";"";"1009,6";"1010,1";"1009,6";"5,1";"74,0";"10,3";"2044,20";"0,0"
"26/11/2022";"1900";"27,6";"28,5";"27,4";"";"";"";"";"";"";"1009,7";"1009,7";"1009,4";"4,8";"68,0";"9,6";"1228,90";"0,0"
"26/11/2022";"2000";"26,8";"27,9";"26,7";"";"";"";"";"";"";"1010,1";"1010,1";"1009,7";"4,4";"77,0";"9,6";"500,10";"0,0"
"26/11/2022";"2100";"26,5";"26,8";"26,5";"";"";"";"";"";"";"1010,5";"1010,6";"1010,1";"3,9";"77,0";"8,6";"29,90";"0,0"
"26/11/2022";"2200";"26,5";"26,6";"26,4";"";"";"";"";"";"";"1011,4";"1011,4";"1010,5";"3,9";"74,0";"8,2";"";"0,0"
"26/11/2022";"2300";"26,5";"26,5";"26,5";"";"";"";"";"";"";"1012,3";"1012,4";"1011,4";"3,6";"65,0";"7,9";"";"0,0"
"27/11/2022";"0000";"26,4";"26,5";"26,3";"";"";"";"";"";"";"1012,6";"1012,6";"1012,2";"3,5";"62,0";"7,9";"";"0,0"
"27/11/2022";"0100";"26,3";"26,4";"26,3";"";"";"";"";"";"";"1012,6";"1012,7";"1012,5";"3,4";"64,0";"7,1";"";"0,0"
"27/11/2022";"0200";"26,1";"26,3";"26,1";"";"";"";"";"";"";"1012,3";"1012,6";"1012,3";"3,7";"67,0";"7,5";"";"0,0"
"27/11/2022";"0300";"25,8";"26,1";"25,7";"";"";"";"";"";"";"1011,8";"1012,3";"1011,8";"3,2";"64,0";"6,9";"";"0,0"
"27/11/2022";"0400";"25,9";"25,9";"25,8";"";"";"";"";"";"";"1011,2";"1011,8";"1011,1";"3,5";"59,0";"6,6";"";"0,0"
"27/11/2022";"0500";"25,9";"25,9";"25,9";"";"";"";"";"";"";"1011,0";"1011,3";"1011,0";"3,1";"53,0";"6,5";"";"0,0"
"27/11/2022";"0600";"26,0";"26,0";"25,9";"";"";"";"";"";"";"1010,8";"1011,0";"1010,7";"3,0";"50,0";"6,7";"";"0,0"
"27/11/2022";"0700";"25,9";"26,0";"25,9";"";"";"";"";"";"";"1011,0";"1011,0";"1010,7";"2,6";"38,0";"6,1";"";"0,0"
"27/11/2022";"0800";"25,5";"25,9";"25,5";"";"";"";"";"";"";"1011,1";"1011,1";"1011,0";"1,9";"24,0";"4,4";"";"0,0"
"27/11/2022";"0900";"25,8";"25,9";"25,5";"";"";"";"";"";"";"1011,3";"1011,3";"1011,0";"1,9";"43,0";"4,2";"120,70";"0,0"
"27/11/2022";"1000";"26,8";"26,8";"25,8";"";"";"";"";"";"";"1011,7";"1011,7";"1011,3";"2,7";"29,0";"5,3";"604,30";"0,0"
"27/11/2022";"1100";"26,9";"27,1";"26,6";"";"";"";"";"";"";"1012,2";"1012,2";"1011,6";"3,0";"48,0";"5,8";"650,40";"0,0"
"27/11/2022";"1200";"27,1";"27,1";"26,8";"";"";"";"";"";"";"1012,5";"1012,5";"1012,2";"3,3";"55,0";"6,2";"779,80";"0,0"
"27/11/2022";"1300";"27,8";"28,0";"27,1";"";"";"";"";"";"";"1012,3";"1012,6";"1012,3";"3,2";"72,0";"6,1";"1443,50";"0,0"
"27/11/2022";"1400";"27,8";"28,3";"27,7";"";"";"";"";"";"";"1011,8";"1012,3";"1011,8";"4,1";"69,0";"6,5";"1762,30";"0,0"
"27/11/2022";"1500";"29,0";"29,4";"27,7";"";"";"";"";"";"";"1010,7";"1011,8";"1010,7";"4,4";"73,0";"7,6";"2639,70";"0,0"
"27/11/2022";"1600";"28,6";"29,4";"27,7";"";"";"";"";"";"";"1009,8";"1010,7";"1009,8";"4,4";"75,0";"9,2";"2468,90";"0,0"
"27/11/2022";"1700";"27,8";"28,8";"27,8";"";"";"";"";"";"";"1009,2";"1009,8";"1009,2";"4,8";"81,0";"8,6";"2422,80";"0,0"
"27/11/2022";"1800";"26,9";"28,0";"26,8";"";"";"";"";"";"";"1009,4";"1009,4";"1009,0";"3,7";"83,0";"8,1";"847,90";"0,0"
"27/11/2022";"1900";"26,5";"27,0";"26,4";"";"";"";"";"";"";"1009,5";"1009,5";"1009,1";"3,6";"80,0";"6,6";"295,10";"0,0"
"27/11/2022";"2000";"26,4";"26,5";"26,3";"";"";"";"";"";"";"1010,1";"1010,1";"1009,5";"0,9";"67,0";"6,6";"78,50";"0,0"
"27/11/2022";"2100";"26,4";"26,5";"26,3";"";"";"";"";"";"";"1010,2";"1010,3";"1010,1";"1,0";"161,0";"3,2";"7,50";"0,0"
"27/11/2022";"2200";"25,7";"26,5";"25,7";"";"";"";"";"";"";"1010,5";"1010,5";"1010,2";"1,9";"170,0";"4,5";"";"0,0"
"27/11/2022";"2300";"25,5";"25,7";"25,4";"";"";"";"";"";"";"1010,8";"1010,9";"1010,5";"1,5";"174,0";"4,5";"";"0,0"
"28/11/2022";"0000";"25,5";"25,6";"25,4";"";"";"";"";"";"";"1010,8";"1010,9";"1010,6";"0,6";"312,0";"2,7";"";"0,0"
"28/11/2022";"0100";"25,8";"25,8";"25,5";"";"";"";"";"";"";"1010,9";"1010,9";"1010,6";"2,1";"80,0";"3,6";"";"0,0"
"28/11/2022";"0200";"25,8";"26,0";"25,8";"";"";"";"";"";"";"1010,4";"1010,9";"1010,4";"2,3";"65,0";"4,0";"";"0,0"
"28/11/2022";"0300";"25,8";"25,9";"25,8";"";"";"";"";"";"";"1010,0";"1010,4";"1010,0";"2,6";"64,0";"5,2";"";"0,0"
"28/11/2022";"0400";"25,7";"25,8";"25,6";"";"";"";"";"";"";"1009,2";"1010,0";"1009,2";"1,9";"62,0";"4,8";"";"0,0"
"28/11/2022";"0500";"25,7";"25,8";"25,6";"";"";"";"";"";"";"1009,2";"1009,3";"1009,1";"1,9";"62,0";"3,8";"";"0,0"
"28/11/2022";"0600";"25,6";"25,7";"25,6";"";"";"";"";"";"";"1008,7";"1009,2";"1008,7";"1,9";"54,0";"4,0";"";"0,0"
"28/11/2022";"0700";"25,4";"25,6";"25,3";"";"";"";"";"";"";"1008,3";"1008,8";"1008,2";"2,1";"59,0";"3,3";"";"0,0"
"28/11/2022";"0800";"25,2";"25,4";"25,1";"";"";"";"";"";"";"1008,5";"1008,5";"1008,3";"1,7";"25,0";"3,3";"";"0,0"
"28/11/2022";"0900";"25,4";"25,5";"25,2";"";"";"";"";"";"";"1008,8";"1008,8";"1008,5";"2,6";"35,0";"6,5";"110,50";"0,0"
"28/11/2022";"1000";"26,6";"26,7";"25,4";"";"";"";"";"";"";"1008,9";"1008,9";"1008,6";"3,9";"33,0";"6,9";"777,80";"0,0"
"28/11/2022";"1100";"27,9";"27,9";"26,6";"";"";"";"";"";"";"1008,7";"1009,0";"1008,7";"4,1";"41,0";"7,9";"1369,60";"0,0"
"28/11/2022";"1200";"28,8";"28,9";"27,6";"";"";"";"";"";"";"1008,8";"1008,9";"1008,7";"3,7";"68,0";"7,2";"1817,30";"0,0"
"28/11/2022";"1300";"28,8";"29,2";"28,2";"";"";"";"";"";"";"1008,4";"1008,8";"1008,4";"3,8";"73,0";"8,0";"2440,80";"0,0"
"28/11/2022";"1400";"28,8";"29,6";"28,4";"";"";"";"";"";"";"1007,7";"1008,4";"1007,6";"4,6";"65,0";"8,6";"2923,20";"0,0"
"28/11/2022";"1500";"28,5";"29,7";"28,1";"";"";"";"";"";"";"1006,8";"1007,7";"1006,7";"5,0";"72,0";"10,2";"2834,50";"0,0"
"28/11/2022";"1600";"28,8";"29,3";"27,9";"100,0";"";"";"28,7";"";"";"1005,5";"1006,8";"1005,4";"5,0";"75,0";"9,4";"2430,90";"0,0"
"28/11/2022";"1700";"27,7";"29,2";"27,6";"";"";"";"";"";"";"1004,6";"1005,5";"1004,6";"5,5";"67,0";"10,5";"1972,30";"0,0"
"28/11/2022";"1800";"27,2";"28,8";"27,2";"";"";"";"";"";"";"1004,0";"1004,7";"1003,9";"5,1";"68,0";"10,1";"1409,80";"0,0"
"28/11/2022";"1900";"26,9";"27,2";"26,8";"";"";"";"";"";"";"1004,1";"1004,2";"1004,0";"4,2";"65,0";"8,8";"528,50";"0,0"
"28/11/2022";"2000";"26,5";"26,9";"26,4";"";"";"";"";"";"";"1004,5";"1004,6";"1004,1";"4,0";"71,0";"8,4";"147,60";"0,0"
"28/11/2022";"2100";"26,1";"26,5";"26,1";"";"";"";"";"";"";"1004,9";"1005,0";"1004,6";"3,7";"73,0";"8,4";"18,10";"0,0"
"28/11/2022";"2200";"26,2";"26,2";"26,1";"";"";"";"";"";"";"1006,4";"1006,4";"1004,9";"3,2";"60,0";"7,9";"";"0,0"
"28/11/2022";"2300";"25,7";"26,2";"25,7";"";"";"";"";"";"";"1007,6";"1007,6";"1006,4";"2,9";"37,0";"6,9";"";"0,2"
"29/11/2022";"0000";"23,1";"25,7";"22,9";"";"";"";"";"";"";"1008,7";"1008,7";"1007,6";"2,9";"13,0";"7,8";"";"10,4"
"29/11/2022";"0100";"23,0";"23,3";"23,0";"56,0";"";"";"13,9";"";"";"1008,6";"1009,2";"1008,6";"2,3";"4,0";"7,8";"";"5,0"
"29/11/2022";"0200";"22,2";"23,0";"22,2";"";"";"";"";"";"";"1008,1";"1008,6";"1008,1";"2,4";"343,0";"8,2";"";"3,8"
"29/11/2022";"0300";"22,5";"22,5";"22,2";"";"";"";"";"";"";"1007,0";"1008,1";"1007,0";"2,4";"15,0";"6,2";"";"2,4"
"29/11/2022";"0400";"22,7";"22,8";"22,5";"";"";"";"";"";"";"1006,9";"1007,0";"1006,7";"1,4";"25,0";"5,0";"";"0,2"
"29/11/2022";"0500";"23,2";"23,3";"22,7";"";"";"";"";"";"";"1007,6";"1007,6";"1006,9";"1,7";"33,0";"3,5";"";"0,0"
"29/11/2022";"0600";"22,9";"23,4";"22,8";"";"";"";"";"";"";"1006,9";"1007,6";"1006,9";"3,3";"31,0";"7,4";"0,60";"0,0"
"29/11/2022";"0700";"22,6";"22,9";"22,6";"";"";"";"";"";"";"1006,0";"1006,9";"1005,9";"2,7";"14,0";"6,6";"";"0,2"
"29/11/2022";"0800";"23,0";"23,1";"22,6";"";"";"";"";"";"";"1005,9";"1006,0";"1005,9";"1,7";"2,0";"6,3";"";"0,0"
"29/11/2022";"0900";"23,3";"23,3";"22,9";"";"";"";"";"";"";"1006,6";"1006,6";"1005,9";"1,8";"345,0";"4,5";"132,90";"0,0"
"29/11/2022";"1000";"24,5";"24,7";"23,3";"";"";"";"";"";"";"1007,9";"1007,9";"1006,6";"2,3";"14,0";"6,0";"626,90";"0,0"
"29/11/2022";"1100";"26,7";"26,9";"24,5";"";"";"";"";"";"";"1006,7";"1008,3";"1006,4";"2,9";"333,0";"6,5";"1698,30";"0,2"
"29/11/2022";"1200";"28,7";"28,7";"26,7";"";"";"";"";"";"";"1006,8";"1006,8";"1006,6";"3,0";"354,0";"6,6";"2152,50";"0,0"
"29/11/2022";"1300";"29,4";"29,6";"28,3";"";"";"";"";"";"";"1006,5";"1006,9";"1006,4";"4,6";"33,0";"7,5";"2149,30";"0,0"
"29/11/2022";"1400";"28,0";"30,0";"27,9";"";"";"";"";"";"";"1006,1";"1006,5";"1006,1";"3,5";"84,0";"7,2";"1965,30";"0,0"
"29/11/2022";"1500";"25,5";"29,2";"25,5";"";"";"";"";"";"";"1005,1";"1006,1";"1005,1";"3,5";"83,0";"7,9";"1340,00";"1,6"
"29/11/2022";"1600";"26,0";"26,1";"25,4";"";"";"";"";"";"";"1004,3";"1005,2";"1004,3";"3,6";"79,0";"6,8";"664,10";"0,2"
"29/11/2022";"1700";"25,9";"27,1";"25,9";"";"";"";"";"";"";"1003,7";"1004,3";"1003,6";"4,2";"80,0";"7,9";"1019,80";"0,2"
"29/11/2022";"1800";"26,2";"26,2";"25,8";"";"";"";"";"";"";"1002,7";"1003,7";"1002,7";"4,3";"66,0";"8,8";"584,80";"0,0"
"29/11/2022";"1900";"25,8";"26,2";"25,8";"";"";"";"";"";"";"1003,4";"1003,4";"1002,5";"4,3";"57,0";"9,2";"282,80";"0,0"
"29/11/2022";"2000";"25,4";"25,8";"25,4";"";"";"";"";"";"";"1003,9";"1004,0";"1003,4";"5,1";"54,0";"10,7";"106,50";"0,4"
"29/11/2022";"2100";"24,2";"25,4";"24,0";"";"";"";"";"";"";"1004,5";"1004,5";"1003,8";"3,8";"27,0";"11,8";"21,00";"0,2"
"29/11/2022";"2200";"23,8";"24,2";"23,6";"";"";"";"";"";"";"1005,7";"1005,7";"1004,5";"3,8";"30,0";"9,5";"";"1,4"
"29/11/2022";"2300";"24,0";"24,0";"23,8";"";"";"";"";"";"";"1006,5";"1006,5";"1005,7";"3,2";"41,0";"6,4";"";"3,6"
"30/11/2022";"0000";"23,8";"24,1";"23,8";"";"";"";"";"";"";"1006,5";"1006,8";"1006,5";"2,3";"55,0";"6,4";"";"2,4"
"30/11/2022";"0100";"24,4";"24,4";"23,8";"";"";"";"";"";"";"1007,6";"1007,6";"1006,5";"2,7";"36,0";"5,0";"";"1,6"
"30/11/2022";"0200";"24,1";"24,5";"24,0";"";"";"";"";"";"";"1008,0";"1008,1";"1007,6";"2,2";"6,0";"5,4";"";"3,4"
"30/11/2022";"0300";"21,5";"24,1";"21,4";"";"";"";"";"";"";"1006,7";"1008,1";"1006,7";"0,7";"182,0";"8,1";"";"32,0"
"30/11/2022";"0400";"22,2";"22,2";"21,5";"";"";"";"";"";"";"1006,5";"1006,8";"1006,4";"1,0";"241,0";"3,6";"";"7,6"
"30/11/2022";"0500";"22,4";"22,4";"22,2";"";"";"";"";"";"";"1006,5";"1006,7";"1006,4";"1,0";"64,0";"2,3";"";"3,6"
"30/11/2022";"0600";"22,4";"22,4";"22,1";"";"";"";"";"";"";"1006,5";"1006,7";"1006,5";"1,2";"13,0";"2,4";"";"0,8"
"30/11/2022";"0700";"22,6";"22,7";"22,4";"";"";"";"";"";"";"1007,0";"1007,0";"1006,5";"1,2";"43,0";"2,8";"";"0,2"
"30/11/2022";"0800";"22,6";"22,7";"22,5";"";"";"";"";"";"";"1007,1";"1007,2";"1007,0";"2,2";"33,0";"4,1";"";"0,2"
"30/11/2022";"0900";"22,8";"22,8";"22,4";"";"";"";"";"";"";"1007,5";"1007,5";"1007,1";"1,8";"32,0";"4,1";"66,00";"0,0"
"30/11/2022";"1000";"23,6";"23,6";"22,8";"";"";"";"";"";"";"1008,6";"1008,6";"1007,5";"2,2";"20,0";"5,2";"339,40";"0,0"
"30/11/2022";"1100";"24,8";"24,8";"23,6";"";"";"";"";"";"";"1009,8";"1009,8";"1008,6";"2,8";"23,0";"5,9";"817,30";"0,0"
"30/11/2022";"1200";"25,4";"25,6";"24,8";"";"";"";"";"";"";"1010,5";"1010,5";"1009,8";"4,2";"31,0";"7,7";"900,10";"0,0"
"30/11/2022";"1300";"26,8";"26,8";"25,4";"";"";"";"";"";"";"1009,0";"1010,7";"1009,0";"3,6";"2,0";"7,9";"1300,30";"0,0"
"30/11/2022";"1400";"27,8";"28,0";"26,7";"";"";"";"";"";"";"1008,6";"1009,0";"1008,6";"3,2";"39,0";"6,9";"1967,80";"0,0"
"30/11/2022";"1500";"28,3";"28,5";"27,8";"";"";"";"";"";"";"1008,0";"1008,6";"1008,0";"2,9";"44,0";"7,4";"1315,80";"0,0"
"30/11/2022";"1600";"26,3";"28,6";"26,2";"";"";"";"";"";"";"1007,1";"1008,0";"1007,1";"3,8";"78,0";"7,0";"1279,10";"0,0"
"30/11/2022";"1700";"26,3";"26,9";"26,3";"";"";"";"";"";"";"1006,4";"1007,1";"1006,4";"4,4";"60,0";"8,4";"1694,20";"0,0"
"30/11/2022";"1800";"26,0";"26,3";"25,9";"";"";"";"";"";"";"1006,0";"1006,5";"1005,9";"3,9";"65,0";"8,4";"936,40";"0,0"
"30/11/2022";"1900";"25,7";"26,1";"25,6";"";"";"";"";"";"";"1006,0";"1006,1";"1005,7";"4,6";"52,0";"9,0";"636,10";"0,0"
"30/11/2022";"2000";"24,5";"26,2";"24,5";"";"";"";"";"";"";"1006,4";"1006,6";"1005,9";"3,0";"38,0";"8,7";"226,30";"0,0"
"30/11/2022";"2100";"24,1";"24,6";"23,8";"";"";"";"";"";"";"1008,1";"1008,1";"1006,4";"1,9";"26,0";"6,3";"31,60";"0,0"
"30/11/2022";"2200";"25,2";"25,2";"24,1";"";"";"";"";"";"";"1008,7";"1008,9";"1008,1";"1,8";"85,0";"3,7";"";"0,0"
"30/11/2022";"2300";"24,9";"25,3";"24,9";"";"";"";"";"";"";"1010,1";"1010,2";"1008,7";"2,4";"320,0";"7,2";"";"0,0"
"01/12/2022";"0000";"23,0";"24,9";"22,9";"";"";"";"";"";"";"1010,3";"1010,3";"1010,1";"1,6";"16,0";"7,2";"";"6,0"
"01/12/2022";"0100";"23,3";"23,4";"22,9";"";"";"";"";"";"";"1009,9";"1010,4";"1009,9";"2,6";"55,0";"5,1";"";"6,2"
"01/12/2022";"0200";"23,4";"23,4";"23,1";"";"";"";"";"";"";"1009,1";"1009,9";"1009,1";"2,1";"55,0";"4,9";"";"1,2"
"01/12/2022";"0300";"23,7";"23,7";"23,4";"";"";"";"";"";"";"1008,6";"1009,1";"1008,6";"2,1";"36,0";"4,6";"";"0,4"
"01/12/2022";"0400";"23,8";"23,9";"23,6";"";"";"";"";"";"";"1008,4";"1008,7";"1008,4";"2,3";"39,0";"4,7";"";"0,0"
"01/12/2022";"0500";"23,7";"23,9";"23,6";"";"";"";"";"";"";"1008,2";"1008,5";"1008,2";"2,3";"30,0";"4,3";"";"0,0"
"01/12/2022";"0600";"23,6";"23,7";"23,5";"";"";"";"";"";"";"1008,1";"1008,3";"1008,1";"2,0";"33,0";"4,2";"";"0,0"
"01/12/2022";"0700";"23,8";"23,8";"23,6";"";"";"";"";"";"";"1008,5";"1008,5";"1008,1";"1,9";"40,0";"4,0";"0,70";"0,0"
"01/12/2022";"0800";"24,0";"24,0";"23,7";"";"";"";"";"";"";"1008,8";"1008,8";"1008,5";"2,4";"43,0";"4,6";"0,90";"0,0"
"01/12/2022";"0900";"24,2";"24,2";"24,0";"";"";"";"";"";"";"1009,3";"1009,3";"1008,8";"2,4";"39,0";"4,6";"72,30";"0,0"
"01/12/2022";"1000";"24,8";"24,8";"24,2";"";"";"";"";"";"";"1010,3";"1010,3";"1009,3";"2,8";"33,0";"5,2";"248,40";"0,0"
"01/12/2022";"1100";"26,0";"26,0";"24,8";"";"";"";"";"";"";"1010,5";"1012,0";"1010,3";"3,3";"31,0";"6,7";"600,70";"0,0"
"01/12/2022";"1200";"28,3";"28,4";"26,0";"";"";"";"";"";"";"1010,7";"1010,7";"1010,5";"2,7";"62,0";"7,4";"1617,80";"0,0"
"01/12/2022";"1300";"27,4";"29,2";"27,3";"";"";"";"";"";"";"1010,8";"1010,9";"1010,7";"3,6";"62,0";"7,0";"1701,00";"0,0"
"01/12/2022";"1400";"26,6";"27,7";"26,5";"";"";"";"";"";"";"1010,8";"1010,9";"1010,8";"4,2";"76,0";"7,3";"1046,50";"0,0"
"01/12/2022";"1500";"27,0";"27,4";"26,4";"";"";"";"";"";"";"1009,9";"1010,8";"1009,9";"4,2";"69,0";"9,0";"1650,90";"0,0"
"01/12/2022";"1600";"26,9";"27,5";"26,8";"";"";"";"";"";"";"1008,9";"1010,0";"1008,9";"5,1";"74,0";"9,7";"1466,10";"0,0"
"01/12/2022";"1700";"26,4";"26,9";"26,1";"";"";"";"";"";"";"1008,5";"1008,9";"1008,5";"4,6";"74,0";"9,3";"900,90";"0,0"
"01/12/2022";"1800";"26,2";"26,8";"26,2";"";"";"";"";"";"";"1008,6";"1008,6";"1008,3";"4,0";"69,0";"8,6";"1036,20";"0,0"
"01/12/2022";"1900";"25,7";"26,2";"25,6";"";"";"";"";"";"";"1008,7";"1008,9";"1008,6";"4,1";"71,0";"8,9";"387,50";"0,0"
"01/12/2022";"2000";"25,4";"25,7";"25,4";"";"";"";"";"";"";"1009,7";"1009,7";"1008,7";"3,1";"68,0";"8,0";"348,20";"0,0"
"01/12/2022";"2100";"25,1";"25,5";"25,1";"";"";"";"";"";"";"1010,2";"1010,2";"1009,7";"3,0";"74,0";"6,7";"40,90";"0,0"
"01/12/2022";"2200";"25,1";"25,2";"25,0";"";"";"";"";"";"";"1011,1";"1011,1";"1010,2";"2,9";"66,0";"5,9";"";"0,0"
"01/12/2022";"2300";"25,2";"25,2";"25,0";"";"";"";"";"";"";"1011,8";"1011,8";"1011,1";"3,1";"64,0";"5,9";"";"0,0"
"02/12/2022";"0000";"25,2";"25,3";"25,2";"";"";"";"";"";"";"1012,2";"1012,2";"1011,8";"3,1";"59,0";"5,8";"";"0,0"
"02/12/2022";"0100";"25,1";"25,2";"25,1";"";"";"";"";"";"";"1012,4";"1012,6";"1012,2";"2,4";"61,0";"5,3";"";"0,0"
"02/12/2022";"0200";"24,9";"25,3";"24,9";"";"";"";"";"";"";"1011,9";"1012,5";"1011,9";"2,4";"65,0";"5,5";"";"0,0"
"02/12/2022";"0300";"24,8";"24,9";"24,7";"";"";"";"";"";"";"1011,2";"1011,9";"1011,2";"2,0";"50,0";"4,4";"";"0,0"
"02/12/2022";"0400";"24,6";"24,9";"24,6";"";"";"";"";"";"";"1010,7";"1011,2";"1010,7";"1,8";"43,0";"4,8";"";"0,0"
"02/12/2022";"0500";"24,5";"24,7";"24,5";"";"";"";"";"";"";"1010,3";"1010,7";"1010,2";"1,9";"50,0";"3,6";"";"0,0"
"02/12/2022";"0600";"24,6";"24,7";"24,5";"";"";"";"";"";"";"1010,4";"1010,5";"1010,3";"1,3";"52,0";"3,1";"";"0,0"
"02/12/2022";"0700";"24,3";"24,6";"24,3";"";"";"";"";"";"";"1010,4";"1010,5";"1010,4";"1,2";"30,0";"2,1";"";"0,0"
"02/12/2022";"0800";"24,2";"24,4";"24,1";"";"";"";"";"";"";"1010,7";"1010,7";"1010,3";"1,5";"42,0";"2,6";"";"0,0"
"02/12/2022";"0900";"24,5";"24,5";"24,1";"";"";"";"";"";"";"1011,7";"1011,7";"1010,7";"1,4";"40,0";"3,2";"95,80";"0,0"
"02/12/2022";"1000";"26,1";"26,3";"24,5";"";"";"";"";"";"";"1012,0";"1012,0";"1011,7";"3,5";"50,0";"6,9";"922,80";"0,0"
"02/12/2022";"1100";"26,5";"27,0";"25,8";"";"";"";"";"";"";"1012,5";"1012,6";"1012,0";"4,5";"57,0";"8,8";"1543,20";"0,0"
"02/12/2022";"1200";"26,3";"27,2";"26,1";"";"";"";"";"";"";"1012,9";"1012,9";"1012,5";"4,2";"70,0";"8,2";"1131,10";"0,0"
"02/12/2022";"1300";"26,7";"26,9";"26,1";"";"";"";"";"";"";"1012,4";"1013,0";"1012,4";"4,5";"71,0";"8,7";"1345,80";"0,0"
"02/12/2022";"1400";"28,2";"28,4";"26,3";"";"";"";"";"";"";"1012,2";"1012,4";"1012,1";"4,3";"68,0";"9,7";"2229,90";"0,0"
"02/12/2022";"1500";"27,9";"28,3";"27,5";"";"";"";"";"";"";"1011,5";"1012,2";"1011,5";"4,4";"71,0";"9,8";"3051,40";"0,0"
"02/12/2022";"1600";"27,4";"28,0";"27,1";"";"";"";"";"";"";"1010,5";"1011,5";"1010,5";"4,8";"81,0";"8,7";"2981,10";"0,0"
"02/12/2022";"1700";"27,6";"27,9";"27,3";"";"";"";"";"";"";"1010,0";"1010,5";"1009,9";"4,3";"70,0";"8,0";"2653,90";"0,0"
"02/12/2022";"1800";"27,2";"27,9";"26,9";"";"";"";"";"";"";"1009,6";"1010,1";"1009,6";"4,5";"82,0";"7,8";"2131,30";"0,0"
"02/12/2022";"1900";"26,7";"27,5";"26,5";"";"";"";"";"";"";"1009,4";"1009,7";"1009,2";"4,6";"83,0";"8,2";"1429,80";"0,0"
"02/12/2022";"2000";"26,0";"26,8";"26,0";"";"";"";"";"";"";"1009,9";"1009,9";"1009,4";"4,7";"80,0";"7,9";"542,70";"0,0"
"02/12/2022";"2100";"25,4";"26,0";"25,4";"";"";"";"";"";"";"1010,7";"1010,7";"1009,9";"3,5";"80,0";"7,8";"78,40";"0,0"
"02/12/2022";"2200";"25,3";"25,5";"25,2";"";"";"";"";"";"";"1011,4";"1011,4";"1010,7";"3,1";"79,0";"6,6";"";"0,0"
"02/12/2022";"2300";"25,2";"25,4";"25,2";"";"";"";"";"";"";"1012,2";"1012,2";"1011,4";"3,4";"79,0";"6,5";"";"0,0"
"03/12/2022";"0000";"24,9";"25,2";"24,9";"";"";"";"";"";"";"1012,6";"1012,7";"1012,2";"2,4";"75,0";"6,2";"";"0,0"
"03/12/2022";"0100";"24,7";"24,9";"24,7";"";"";"";"";"";"";"1012,5";"1012,7";"1012,5";"2,1";"80,0";"4,4";"";"0,0"
"03/12/2022";"0200";"24,6";"24,7";"24,5";"";"";"";"";"";"";"1012,0";"1012,6";"1012,0";"1,9";"81,0";"4,3";"";"0,0"
"03/12/2022";"0300";"24,6";"24,6";"24,4";"";"";"";"";"";"";"1011,2";"1012,0";"1011,2";"2,5";"83,0";"4,3";"";"0,0"
"03/12/2022";"0400";"24,5";"24,6";"24,5";"";"";"";"";"";"";"1010,9";"1011,2";"1010,8";"1,4";"84,0";"4,7";"";"0,0"
"03/12/2022";"0500";"24,5";"24,7";"24,4";"";"";"";"";"";"";"1010,3";"1010,9";"1010,3";"1,8";"77,0";"4,3";"";"0,0"
"03/12/2022";"0600";"24,5";"24,6";"24,5";"";"";"";"";"";"";"1010,3";"1010,3";"1010,2";"1,6";"77,0";"4,5";"";"0,0"
"03/12/2022";"0700";"23,2";"24,7";"23,2";"";"";"";"";"";"";"1010,4";"1010,5";"1010,2";"1,5";"65,0";"6,7";"";"2,0"
"03/12/2022";"0800";"23,5";"23,5";"23,0";"";"";"";"";"";"";"1010,8";"1010,8";"1010,3";"1,1";"28,0";"6,4";"";"0,0"
"03/12/2022";"0900";"23,7";"23,8";"23,4";"";"";"";"";"";"";"1011,7";"1011,8";"1010,8";"2,4";"81,0";"5,4";"130,60";"8,8"
"03/12/2022";"1000";"22,8";"24,0";"22,5";"";"";"";"";"";"";"1011,9";"1012,2";"1011,7";"2,1";"73,0";"6,8";"208,60";"2,6"
"03/12/2022";"1100";"23,3";"23,4";"22,8";"";"";"";"";"";"";"1012,8";"1012,8";"1011,9";"3,0";"66,0";"5,8";"222,10";"2,6"
"03/12/2022";"1200";"24,4";"24,4";"22,9";"";"";"";"";"";"";"1014,0";"1014,0";"1012,7";"3,0";"69,0";"5,8";"767,60";"0,6"
"03/12/2022";"1300";"25,8";"26,7";"24,3";"";"";"";"";"";"";"1013,0";"1014,8";"1012,9";"3,6";"73,0";"6,6";"2501,80";"0,2"
"03/12/2022";"1400";"24,6";"25,8";"23,7";"";"";"";"";"";"";"1012,7";"1013,2";"1012,7";"3,3";"83,0";"7,5";"1366,90";"0,4"
"03/12/2022";"1500";"25,1";"25,6";"24,4";"";"";"";"";"";"";"1011,9";"1012,7";"1011,8";"3,5";"75,0";"6,3";"2092,70";"0,0"
"03/12/2022";"1600";"25,5";"26,1";"25,0";"";"";"";"";"";"";"1011,2";"1011,9";"1011,2";"2,3";"73,0";"6,9";"1817,10";"0,0"
"03/12/2022";"1700";"25,4";"25,7";"25,2";"";"";"";"";"";"";"1010,8";"1011,2";"1010,8";"2,4";"74,0";"5,6";"1323,70";"0,0"
"03/12/2022";"1800";"25,5";"26,1";"25,2";"";"";"";"";"";"";"1010,6";"1010,9";"1010,4";"1,1";"259,0";"5,0";"875,00";"0,4"
"03/12/2022";"1900";"24,6";"25,5";"24,0";"";"";"";"";"";"";"1010,4";"1010,7";"1010,4";"1,8";"73,0";"6,8";"364,40";"1,0"
"03/12/2022";"2000";"24,9";"24,9";"24,5";"";"";"";"";"";"";"1010,5";"1010,5";"1010,4";"1,2";"76,0";"3,9";"253,40";"0,0"
"03/12/2022";"2100";"24,8";"25,1";"24,8";"";"";"";"";"";"";"1010,6";"1010,6";"1010,4";"0,8";"293,0";"3,5";"53,00";"0,0"
"03/12/2022";"2200";"24,9";"25,0";"24,6";"";"";"";"";"";"";"1011,0";"1011,0";"1010,6";"1,0";"94,0";"3,3";"";"0,0"
"03/12/2022";"2300";"25,0";"25,1";"24,8";"";"";"";"";"";"";"1011,6";"1011,6";"1011,0";"1,0";"66,0";"3,6";"";"0,0"
"04/12/2022";"0000";"25,2";"25,2";"25,0";"";"";"";"";"";"";"1011,9";"1012,0";"1011,6";"1,5";"74,0";"3,8";"";"0,0"
"04/12/2022";"0100";"24,6";"25,2";"24,5";"";"";"";"";"";"";"1011,7";"1011,9";"1011,7";"3,2";"81,0";"6,3";"";"0,0"
"04/12/2022";"0200";"24,8";"24,8";"24,5";"";"";"";"";"";"";"1011,2";"1011,7";"1011,2";"2,4";"78,0";"5,8";"";"0,0"
"04/12/2022";"0300";"24,8";"24,9";"24,8";"";"";"";"";"";"";"1010,4";"1011,2";"1010,4";"2,4";"78,0";"4,5";"";"0,0"
"04/12/2022";"0400";"24,6";"24,9";"24,6";"";"";"";"";"";"";"1009,6";"1010,4";"1009,6";"1,6";"78,0";"3,7";"";"0,0"
"04/12/2022";"0500";"24,4";"24,7";"24,4";"";"";"";"";"";"";"1009,2";"1009,6";"1009,2";"1,6";"76,0";"3,0";"";"0,0"
"04/12/2022";"0600";"24,5";"24,5";"24,3";"";"";"";"";"";"";"1009,0";"1009,2";"1009,0";"1,4";"68,0";"3,0";"";"0,0"
"04/12/2022";"0700";"24,8";"24,8";"24,5";"";"";"";"";"";"";"1009,3";"1009,3";"1009,0";"2,2";"80,0";"3,7";"";"0,0"
"04/12/2022";"0800";"24,7";"24,9";"24,7";"";"";"";"";"";"";"1009,4";"1009,4";"1009,3";"2,4";"78,0";"4,6";"1,70";"0,0"
"04/12/2022";"0900";"25,0";"25,0";"24,7";"";"";"";"";"";"";"1010,1";"1010,1";"1009,4";"2,0";"77,0";"4,2";"116,50";"0,0"
"04/12/2022";"1000";"26,5";"26,5";"25,0";"";"";"";"";"";"";"1010,8";"1012,3";"1010,1";"2,8";"85,0";"5,0";"935,80";"0,0"
"04/12/2022";"1100";"26,5";"27,0";"25,9";"31,0";"";"";"7,9";"";"";"1011,3";"1011,3";"1010,8";"2,6";"65,0";"5,0";"1505,20";"0,0"
"04/12/2022";"1200";"26,9";"27,5";"26,5";"";"";"";"";"";"";"1011,6";"1011,7";"1011,3";"2,7";"71,0";"5,3";"2247,20";"0,0"
"04/12/2022";"1300";"27,4";"27,7";"26,7";"";"";"";"";"";"";"1011,7";"1011,7";"1011,5";"3,5";"74,0";"5,4";"2653,00";"0,0"
"04/12/2022";"1400";"27,1";"28,1";"27,1";"";"";"";"";"";"";"1011,3";"1011,7";"1011,3";"3,0";"72,0";"5,7";"2672,30";"0,0"
"04/12/2022";"1500";"25,9";"27,9";"24,0";"";"";"";"";"";"";"1011,3";"1011,6";"1011,3";"1,6";"69,0";"7,9";"1370,00";"0,6"
"04/12/2022";"1600";"25,8";"26,2";"25,5";"";"";"";"";"";"";"1010,7";"1011,3";"1010,7";"3,9";"83,0";"8,4";"1432,60";"0,0"
"04/12/2022";"1700";"26,5";"26,9";"25,7";"";"";"";"";"";"";"1010,0";"1010,7";"1010,0";"3,2";"77,0";"7,5";"2309,90";"0,0"
"04/12/2022";"1800";"26,2";"26,8";"25,8";"";"";"";"";"";"";"1009,8";"1010,1";"1009,6";"2,3";"73,0";"6,7";"1568,40";"0,0"
"04/12/2022";"1900";"25,8";"26,4";"25,7";"";"";"";"";"";"";"1009,7";"1009,8";"1009,5";"3,6";"78,0";"8,0";"801,60";"0,0"
"04/12/2022";"2000";"24,9";"25,8";"24,8";"";"";"";"";"";"";"1010,3";"1010,3";"1009,7";"1,1";"8,0";"6,5";"290,80";"0,0"
"04/12/2022";"2100";"23,8";"24,9";"23,8";"";"";"";"";"";"";"1010,9";"1010,9";"1010,3";"1,4";"62,0";"8,1";"48,70";"0,0"
"04/12/2022";"2200";"24,6";"24,7";"23,8";"";"";"";"";"";"";"1011,7";"1011,7";"1010,9";"2,1";"76,0";"5,0";"";"0,0"
"04/12/2022";"2300";"25,4";"25,4";"24,5";"";"";"";"";"";"";"1012,3";"1012,3";"1011,7";"2,2";"66,0";"6,8";"";"0,0"
"05/12/2022";"0000";"24,6";"25,4";"24,5";"";"";"";"";"";"";"1012,8";"1012,8";"1012,3";"1,2";"78,0";"7,1";"";"0,2"
"05/12/2022";"0100";"24,2";"24,7";"24,2";"";"";"";"";"";"";"1012,9";"1013,1";"1012,8";"3,7";"81,0";"6,9";"";"0,0"
"05/12/2022";"0200";"23,2";"24,3";"23,2";"35,0";"";"";"6,9";"";"";"1012,4";"1013,0";"1012,4";"4,7";"80,0";"10,2";"";"0,2"
"05/12/2022";"0300";"23,5";"23,7";"22,9";"";"";"";"";"";"";"1012,0";"1012,4";"1012,0";"3,9";"77,0";"8,6";"0,20";"0,4"
"05/12/2022";"0400";"22,8";"23,7";"22,8";"";"";"";"";"";"";"1011,6";"1012,0";"1011,5";"4,3";"81,0";"8,7";"";"0,0"
"05/12/2022";"0500";"22,7";"22,8";"22,3";"";"";"";"";"";"";"1011,1";"1011,7";"1011,1";"2,9";"79,0";"8,6";"";"1,0"
"05/12/2022";"0600";"23,2";"23,2";"22,7";"";"";"";"";"";"";"1010,8";"1011,1";"1010,7";"0,8";"73,0";"5,5";"";"0,0"
"05/12/2022";"0700";"22,8";"23,2";"22,8";"";"";"";"";"";"";"1010,8";"1010,9";"1010,7";"0,3";"214,0";"7,7";"";"1,0"
"05/12/2022";"0800";"22,3";"23,1";"22,2";"";"";"";"";"";"";"1011,4";"1011,4";"1010,8";"1,1";"71,0";"5,1";"0,40";"2,2"
"05/12/2022";"0900";"23,1";"23,1";"22,3";"";"";"";"";"";"";"1012,5";"1012,5";"1011,3";"1,3";"45,0";"3,1";"90,30";"0,2"
"05/12/2022";"1000";"23,1";"23,3";"23,0";"";"";"";"";"";"";"1013,7";"1013,8";"1012,5";"2,6";"53,0";"5,5";"218,30";"1,4"
"05/12/2022";"1100";"23,8";"23,9";"23,1";"";"";"";"";"";"";"1014,5";"1014,6";"1013,7";"1,0";"77,0";"5,5";"616,20";"2,0"
"05/12/2022";"1200";"26,5";"26,8";"23,6";"";"";"";"";"";"";"1013,9";"1015,3";"1013,7";"1,7";"53,0";"5,4";"1330,90";"0,0"
"05/12/2022";"1300";"27,0";"27,6";"26,5";"";"";"";"";"";"";"1013,6";"1013,9";"1013,6";"2,7";"72,0";"6,8";"2203,30";"0,0"
"05/12/2022";"1400";"27,7";"28,0";"26,9";"";"";"";"";"";"";"1013,6";"1013,6";"1013,3";"4,1";"79,0";"7,5";"3041,40";"0,0"
"05/12/2022";"1500";"26,6";"27,6";"26,5";"";"";"";"";"";"";"1013,2";"1013,6";"1013,1";"3,7";"76,0";"6,9";"1181,90";"0,2"
"05/12/2022";"1600";"27,3";"27,9";"26,6";"";"";"";"";"";"";"1012,6";"1013,2";"1012,6";"3,4";"79,0";"6,6";"1950,60";"0,0"
"05/12/2022";"1700";"26,6";"27,6";"26,5";"";"";"";"";"";"";"1012,1";"1012,7";"1012,1";"3,4";"79,0";"5,7";"1385,30";"0,0"
"05/12/2022";"1800";"27,1";"27,5";"26,6";"";"";"";"";"";"";"1011,8";"1012,1";"1011,7";"3,1";"74,0";"6,6";"1637,00";"0,0"
"05/12/2022";"1900";"26,6";"27,4";"26,6";"";"";"";"";"";"";"1011,7";"1011,8";"1011,5";"3,6";"75,0";"6,4";"1316,40";"0,0"
"05/12/2022";"2000";"26,1";"26,7";"26,1";"";"";"";"";"";"";"1012,2";"1012,2";"1011,7";"3,0";"78,0";"6,6";"464,10";"0,0"
"05/12/2022";"2100";"25,6";"26,1";"25,5";"";"";"";"";"";"";"1012,8";"1012,8";"1012,2";"2,3";"77,0";"6,4";"70,60";"0,0"
"05/12/2022";"2200";"25,5";"25,7";"25,1";"69,0";"";"";"19,3";"";"";"1013,3";"1013,3";"1012,8";"2,9";"81,0";"6,8";"";"0,0"
"05/12/2022";"2300";"25,7";"25,7";"25,5";"";"";"";"";"";"";"1014,0";"1014,0";"1013,3";"2,7";"77,0";"5,4";"";"0,0"
"06/12/2022";"0000";"25,3";"25,7";"25,2";"";"";"";"";"";"";"1014,9";"1014,9";"1014,0";"2,3";"61,0";"5,7";"";"0,0"
"06/12/2022";"0100";"25,0";"25,3";"25,0";"32,0";"";"";"6,9";"";"";"1014,7";"1014,9";"1014,6";"1,7";"67,0";"4,5";"";"0,0"
"06/12/2022";"0200";"25,0";"25,1";"25,0";"";"";"";"";"";"";"1014,2";"1014,7";"1014,2";"1,6";"57,0";"2,9";"";"0,0"
"06/12/2022";"0300";"24,7";"25,0";"24,6";"";"";"";"";"";"";"1013,7";"1014,2";"1013,7";"2,6";"59,0";"6,3";"";"0,0"
"06/12/2022";"0400";"24,4";"24,8";"24,4";"";"";"";"";"";"";"1013,2";"1013,7";"1013,2";"1,6";"44,0";"6,3";"";"0,0"
"06/12/2022";"0500";"24,0";"24,4";"24,0";"";"";"";"";"";"";"1013,0";"1013,3";"1012,9";"1,1";"25,0";"3,1";"";"0,0"
"06/12/2022";"0600";"24,1";"24,2";"24,0";"";"";"";"";"";"";"1013,2";"1013,2";"1013,0";"1,5";"22,0";"2,6";"";"0,0"
"06/12/2022";"0700";"23,3";"24,1";"23,3";"";"";"";"";"";"";"1013,7";"1013,7";"1013,2";"1,6";"20,0";"4,5";"";"0,2"
"06/12/2022";"0800";"23,0";"23,5";"23,0";"";"";"";"";"";"";"1014,4";"1014,4";"1013,7";"2,6";"53,0";"6,5";"";"0,2"
"06/12/2022";"0900";"22,8";"23,1";"22,7";"";"";"";"";"";"";"1015,2";"1015,2";"1014,4";"2,1";"14,0";"6,6";"91,40";"0,0"
"06/12/2022";"1000";"23,9";"24,1";"22,8";"";"";"";"";"";"";"1015,6";"1015,6";"1015,2";"1,2";"19,0";"4,1";"414,90";"0,0"
"06/12/2022";"1100";"24,7";"24,9";"23,9";"";"";"";"";"";"";"1016,1";"1016,1";"1015,6";"1,6";"12,0";"3,2";"850,40";"0,0"
"06/12/2022";"1200";"26,0";"26,0";"24,3";"";"";"";"";"";"";"1016,0";"1016,2";"1016,0";"1,0";"48,0";"3,2";"1087,50";"0,4"
"06/12/2022";"1300";"25,5";"26,9";"25,5";"";"";"";"";"";"";"1016,2";"1016,2";"1016,0";"3,5";"72,0";"7,0";"1338,20";"0,0"
"06/12/2022";"1400";"25,2";"25,6";"24,9";"";"";"";"";"";"";"1015,9";"1016,2";"1015,9";"3,2";"74,0";"7,0";"1855,80";"0,0"
"06/12/2022";"1500";"24,9";"26,0";"24,7";"";"";"";"";"";"";"1015,4";"1016,0";"1015,4";"2,9";"75,0";"6,6";"1750,80";"0,0"
"06/12/2022";"1600";"24,3";"25,2";"23,9";"";"";"";"";"";"";"1014,9";"1015,5";"1014,9";"3,2";"76,0";"5,8";"1308,20";"0,0"
"06/12/2022";"1700";"24,2";"24,6";"23,9";"";"";"";"";"";"";"1014,4";"1015,0";"1014,4";"3,1";"74,0";"5,9";"1441,70";"0,0"
"06/12/2022";"1800";"24,6";"24,6";"23,5";"";"";"";"";"";"";"1013,6";"1014,4";"1013,6";"1,7";"57,0";"5,5";"1121,80";"0,0"
"06/12/2022";"1900";"25,3";"25,4";"24,3";"";"";"";"";"";"";"1013,5";"1013,6";"1013,5";"0,8";"79,0";"3,2";"691,70";"0,0"
"06/12/2022";"2000";"25,1";"25,6";"25,1";"";"";"";"";"";"";"1013,8";"1013,8";"1013,5";"1,9";"171,0";"4,4";"387,50";"0,0"
"06/12/2022";"2100";"24,8";"25,1";"24,7";"";"";"";"";"";"";"1014,3";"1014,3";"1013,8";"1,6";"174,0";"4,4";"31,90";"0,0"
"06/12/2022";"2200";"24,8";"24,8";"24,7";"";"";"";"";"";"";"1014,9";"1014,9";"1014,3";"0,9";"299,0";"3,3";"";"0,0"
"06/12/2022";"2300";"23,6";"24,8";"23,6";"";"";"";"";"";"";"1015,6";"1015,6";"1014,8";"1,3";"203,0";"5,3";"";"0,0"
"07/12/2022";"0000";"24,0";"24,1";"23,5";"14,0";"";"";"-5,1";"";"";"1016,0";"1016,0";"1015,6";"0,5";"181,0";"2,8";"";"0,0"
"07/12/2022";"0100";"24,3";"24,4";"23,9";"";"";"";"";"";"";"1016,2";"1016,2";"1016,0";"0,6";"64,0";"1,8";"";"0,0"
"07/12/2022";"0200";"24,4";"24,5";"24,2";"";"";"";"";"";"";"1015,6";"1016,2";"1015,6";"1,6";"55,0";"3,4";"";"0,0"
"07/12/2022";"0300";"23,6";"24,4";"23,6";"";"";"";"";"";"";"1014,7";"1015,6";"1014,7";"1,2";"8,0";"4,5";"";"0,0"
"07/12/2022";"0400";"23,8";"23,9";"23,6";"";"";"";"";"";"";"1014,0";"1014,7";"1014,0";"1,0";"185,0";"2,0";"";"0,0"
"07/12/2022";"0500";"24,0";"24,0";"23,7";"";"";"";"";"";"";"1013,2";"1014,0";"1013,2";"1,0";"226,0";"2,2";"";"0,0"
"07/12/2022";"0600";"23,5";"24,0";"23,5";"";"";"";"";"";"";"1013,2";"1013,3";"1013,1";"1,2";"223,0";"2,4";"";"0,0"
"07/12/2022";"0700";"23,2";"23,5";"23,2";"";"";"";"";"";"";"1013,2";"1013,2";"1013,1";"0,9";"226,0";"1,8";"";"0,0"
"07/12/2022";"0800";"23,1";"23,2";"23,0";"";"";"";"";"";"";"1013,6";"1013,6";"1013,2";"0,9";"221,0";"1,6";"";"0,0"
"07/12/2022";"0900";"23,3";"23,3";"23,0";"";"";"";"";"";"";"1013,9";"1013,9";"1013,6";"0,7";"247,0";"1,4";"109,70";"0,0"
"07/12/2022";"1000";"25,5";"25,5";"23,3";"";"";"";"";"";"";"1014,2";"1014,2";"1013,9";"0,7";"189,0";"1,8";"879,70";"0,0"
"07/12/2022";"1100";"26,8";"27,3";"25,3";"";"";"";"";"";"";"1014,4";"1014,4";"1014,2";"1,3";"113,0";"2,8";"1624,60";"0,0"
"07/12/2022";"1200";"26,8";"28,1";"26,5";"";"";"";"";"";"";"1014,4";"1014,5";"1014,3";"2,2";"79,0";"5,0";"2236,20";"0,0"
"07/12/2022";"1300";"27,4";"28,1";"26,7";"";"";"";"";"";"";"1014,2";"1014,5";"1014,2";"2,5";"69,0";"5,8";"2636,60";"0,0"
"07/12/2022";"1400";"27,3";"28,1";"27,0";"";"";"";"";"";"";"1013,6";"1014,2";"1013,6";"2,2";"77,0";"4,7";"2845,80";"0,0"
"07/12/2022";"1500";"27,4";"28,2";"27,0";"";"";"";"";"";"";"1012,9";"1013,6";"1012,9";"2,5";"79,0";"4,9";"2991,50";"0,0"
"07/12/2022";"1600";"28,6";"29,0";"26,9";"";"";"";"";"";"";"1012,1";"1012,9";"1012,1";"1,3";"90,0";"5,7";"2958,70";"0,0"
"07/12/2022";"1700";"28,3";"29,2";"27,8";"";"";"";"";"";"";"1011,3";"1012,1";"1011,3";"2,2";"171,0";"5,2";"2595,30";"0,0"
"07/12/2022";"1800";"27,7";"28,7";"27,5";"";"";"";"";"";"";"1010,6";"1011,3";"1010,6";"2,0";"173,0";"5,6";"2124,20";"0,0"
"07/12/2022";"1900";"28,0";"29,0";"27,6";"";"";"";"";"";"";"1010,4";"1010,6";"1010,3";"1,3";"163,0";"4,5";"1443,50";"0,0"
"07/12/2022";"2000";"27,2";"28,0";"27,0";"";"";"";"";"";"";"1010,8";"1010,8";"1010,4";"1,3";"184,0";"5,1";"723,90";"0,0"
"07/12/2022";"2100";"25,9";"27,2";"25,8";"";"";"";"";"";"";"1010,9";"1011,0";"1010,7";"0,8";"31,0";"4,9";"105,40";"0,0"
"07/12/2022";"2200";"25,7";"25,9";"25,5";"";"";"";"";"";"";"1011,3";"1011,3";"1010,9";"1,3";"74,0";"2,9";"";"0,0"
"07/12/2022";"2300";"25,6";"25,7";"25,6";"";"";"";"";"";"";"1011,9";"1011,9";"1011,3";"1,7";"71,0";"3,9";"";"0,0"
"08/12/2022";"0000";"25,5";"25,7";"25,5";"";"";"";"";"";"";"1012,3";"1012,3";"1011,9";"2,1";"77,0";"4,1";"";"0,0"
"08/12/2022";"0100";"25,6";"25,6";"25,5";"";"";"";"";"";"";"1012,3";"1012,5";"1012,3";"2,0";"74,0";"5,2";"";"0,0"
"08/12/2022";"0200";"25,4";"25,6";"25,3";"";"";"";"";"";"";"1012,0";"1012,3";"1012,0";"1,9";"67,0";"5,2";"";"0,0"
"08/12/2022";"0300";"25,4";"25,5";"25,4";"";"";"";"";"";"";"1011,6";"1012,0";"1011,6";"1,8";"76,0";"3,7";"";"0,0"
"08/12/2022";"0400";"25,4";"25,4";"25,3";"";"";"";"";"";"";"1010,5";"1011,6";"1010,5";"2,3";"68,0";"4,2";"";"0,0"
"08/12/2022";"0500";"24,5";"25,5";"24,5";"";"";"";"";"";"";"1010,1";"1010,5";"1010,1";"3,8";"62,0";"9,4";"";"0,0"
"08/12/2022";"0600";"24,8";"24,9";"24,4";"";"";"";"";"";"";"1010,0";"1010,2";"1010,0";"3,2";"46,0";"7,5";"";"0,0"
"08/12/2022";"0700";"24,3";"24,9";"24,3";"";"";"";"";"";"";"1010,3";"1010,3";"1010,0";"1,8";"27,0";"5,9";"";"0,0"
"08/12/2022";"0800";"23,9";"24,4";"23,8";"";"";"";"";"";"";"1010,5";"1010,5";"1010,3";"1,4";"13,0";"5,9";"";"0,0"
"08/12/2022";"0900";"24,8";"24,8";"23,9";"";"";"";"";"";"";"1010,7";"1010,7";"1010,5";"1,7";"39,0";"4,1";"143,30";"0,0"
"08/12/2022";"1000";"25,8";"26,3";"24,8";"34,0";"";"";"8,8";"";"";"1011,1";"1011,1";"1010,7";"2,0";"28,0";"3,6";"725,10";"0,0"
"08/12/2022";"1100";"27,8";"27,8";"25,8";"";"";"";"";"";"";"1011,5";"1011,5";"1011,1";"1,8";"44,0";"5,2";"1237,10";"0,0"
"08/12/2022";"1200";"27,8";"28,2";"26,9";"";"";"";"";"";"";"1011,7";"1011,8";"1011,4";"3,3";"77,0";"7,0";"2279,40";"0,0"
"08/12/2022";"1300";"27,7";"28,3";"27,5";"";"";"";"";"";"";"1011,3";"1011,7";"1011,3";"4,2";"81,0";"6,9";"2668,00";"0,0"
"08/12/2022";"1400";"27,5";"28,4";"27,5";"";"";"";"";"";"";"1010,7";"1011,3";"1010,7";"4,5";"84,0";"7,5";"2897,50";"0,0"
"08/12/2022";"1500";"28,2";"28,5";"27,5";"";"";"";"";"";"";"1009,7";"1010,7";"1009,7";"4,5";"75,0";"7,5";"2991,60";"0,0"
"08/12/2022";"1600";"28,0";"29,0";"27,7";"";"";"";"";"";"";"1009,2";"1009,8";"1009,2";"4,5";"77,0";"7,8";"2943,00";"0,0"
"08/12/2022";"1700";"28,2";"28,5";"27,8";"";"";"";"";"";"";"1008,5";"1009,3";"1008,5";"4,7";"75,0";"8,3";"2651,50";"0,0"
"08/12/2022";"1800";"27,7";"28,2";"27,5";"";"";"";"";"";"";"1008,2";"1008,6";"1008,0";"4,3";"80,0";"8,0";"2133,50";"0,0"
"08/12/2022";"1900";"27,0";"28,1";"27,0";"";"";"";"";"";"";"1008,0";"1008,2";"1007,9";"4,6";"83,0";"7,4";"1438,40";"0,0"
"08/12/2022";"2000";"26,5";"27,3";"26,5";"";"";"";"";"";"";"1008,0";"1008,1";"1007,9";"4,3";"83,0";"7,3";"703,60";"0,0"
"08/12/2022";"2100";"26,2";"26,6";"26,2";"";"";"";"";"";"";"1008,5";"1008,5";"1008,0";"3,7";"76,0";"7,5";"100,40";"0,0"
"08/12/2022";"2200";"26,1";"26,2";"26,1";"";"";"";"";"";"";"1009,4";"1009,4";"1008,5";"3,1";"72,0";"7,5";"";"0,0"
"08/12/2022";"2300";"26,0";"26,1";"26,0";"";"";"";"";"";"";"1010,0";"1010,0";"1009,4";"3,2";"69,0";"7,3";"";"0,0"
"09/12/2022";"0000";"25,8";"26,0";"25,8";"";"";"";"";"";"";"1010,6";"1010,6";"1010,0";"2,8";"75,0";"7,0";"";"0,0"
"09/12/2022";"0100";"25,7";"25,9";"25,7";"83,0";"";"";"22,7";"";"";"1010,9";"1010,9";"1010,6";"2,8";"71,0";"5,5";"";"0,0"
"09/12/2022";"0200";"25,6";"25,8";"25,6";"";"";"";"";"";"";"1010,7";"1010,9";"1010,7";"3,2";"56,0";"6,4";"";"0,0"
"09/12/2022";"0300";"25,6";"25,7";"25,6";"";"";"";"";"";"";"1010,0";"1010,7";"1010,0";"3,6";"62,0";"7,0";"";"0,0"
"09/12/2022";"0400";"25,4";"25,6";"25,4";"";"";"";"";"";"";"1009,8";"1010,0";"1009,8";"2,8";"44,0";"7,0";"";"0,0"
"09/12/2022";"0500";"25,2";"25,5";"25,2";"";"";"";"";"";"";"1009,7";"1009,8";"1009,6";"3,5";"43,0";"6,4";"";"0,0"
"09/12/2022";"0600";"24,7";"25,2";"24,7";"";"";"";"";"";"";"1009,9";"1009,9";"1009,7";"2,0";"25,0";"6,4";"";"0,0"
"09/12/2022";"0700";"24,6";"24,7";"24,5";"";"";"";"";"";"";"1010,1";"1010,1";"1009,9";"2,6";"31,0";"5,1";"";"0,0"
"09/12/2022";"0800";"24,3";"24,6";"24,3";"";"";"";"";"";"";"1010,4";"1010,4";"1010,0";"2,1";"38,0";"5,1";"";"0,0"
"09/12/2022";"0900";"24,8";"24,8";"24,3";"";"";"";"";"";"";"1011,2";"1011,2";"1010,4";"2,6";"31,0";"4,8";"113,30";"0,0"
"09/12/2022";"1000";"26,5";"26,5";"24,8";"";"";"";"";"";"";"1011,5";"1011,5";"1011,2";"3,8";"31,0";"6,9";"828,00";"0,0"
"09/12/2022";"1100";"27,5";"27,8";"26,4";"";"";"";"";"";"";"1011,6";"1011,7";"1011,4";"5,2";"48,0";"10,4";"1719,20";"0,0"
"09/12/2022";"1200";"28,4";"28,6";"27,5";"";"";"";"";"";"";"1011,9";"1012,0";"1011,5";"4,6";"64,0";"10,4";"2350,20";"0,0"
"09/12/2022";"1300";"28,6";"29,0";"27,8";"";"";"";"";"";"";"1012,0";"1012,1";"1011,8";"4,6";"69,0";"9,0";"2695,00";"0,0"
"09/12/2022";"1400";"28,4";"29,0";"28,0";"";"";"";"";"";"";"1011,6";"1012,1";"1011,6";"5,2";"62,0";"9,6";"2895,70";"0,0"
"09/12/2022";"1500";"28,8";"29,1";"28,0";"";"";"";"";"";"";"1011,0";"1011,6";"1011,0";"5,1";"71,0";"10,3";"2995,70";"0,0"
"09/12/2022";"1600";"28,6";"29,2";"28,3";"";"";"";"";"";"";"1010,4";"1011,1";"1010,4";"5,0";"78,0";"9,5";"2956,20";"0,0"
"09/12/2022";"1700";"27,8";"28,9";"27,6";"";"";"";"";"";"";"1009,9";"1010,5";"1009,9";"4,8";"74,0";"8,8";"2499,20";"0,0"
"09/12/2022";"1800";"27,3";"28,2";"27,1";"";"";"";"";"";"";"1009,4";"1010,0";"1009,3";"4,9";"78,0";"9,6";"1798,40";"0,0"
"09/12/2022";"1900";"27,3";"28,0";"27,1";"";"";"";"";"";"";"1009,3";"1009,4";"1009,1";"4,4";"74,0";"10,1";"1311,00";"0,0"
"09/12/2022";"2000";"26,9";"27,3";"26,8";"";"";"";"";"";"";"1009,6";"1009,7";"1009,2";"4,5";"67,0";"9,1";"695,10";"0,0"
"09/12/2022";"2100";"26,1";"26,9";"26,1";"";"";"";"";"";"";"1010,2";"1010,2";"1009,5";"4,3";"67,0";"9,1";"133,40";"0,0"
"09/12/2022";"2200";"25,9";"26,2";"25,8";"";"";"";"";"";"";"1011,0";"1011,0";"1010,2";"4,4";"61,0";"8,9";"";"0,0"
"09/12/2022";"2300";"25,7";"25,9";"25,6";"";"";"";"";"";"";"1011,9";"1011,9";"1011,0";"3,5";"49,0";"7,9";"";"0,0"
"10/12/2022";"0000";"25,7";"25,8";"25,6";"";"";"";"";"";"";"1012,2";"1012,3";"1011,9";"3,4";"53,0";"8,0";"";"0,0"
"10/12/2022";"0100";"25,5";"25,7";"25,5";"";"";"";"";"";"";"1012,2";"1012,3";"1011,9";"3,2";"55,0";"7,1";"";"0,0"
"10/12/2022";"0200";"25,3";"25,6";"25,3";"";"";"";"";"";"";"1012,2";"1012,4";"1012,2";"3,0";"44,0";"6,5";"";"0,0"
"10/12/2022";"0300";"25,2";"25,3";"25,1";"";"";"";"";"";"";"1011,7";"1012,2";"1011,7";"2,5";"45,0";"5,7";"";"0,0"
"10/12/2022";"0400";"25,2";"25,3";"25,1";"";"";"";"";"";"";"1011,0";"1011,7";"1011,0";"2,6";"38,0";"5,1";"";"0,0"
"10/12/2022";"0500";"25,0";"25,3";"25,0";"";"";"";"";"";"";"1010,8";"1011,0";"1010,7";"2,7";"31,0";"5,9";"";"0,0"
"10/12/2022";"0600";"24,8";"25,0";"24,7";"";"";"";"";"";"";"1011,0";"1011,0";"1010,7";"2,6";"32,0";"5,9";"";"0,0"
"10/12/2022";"0700";"24,7";"24,8";"24,7";"";"";"";"";"";"";"1011,2";"1011,2";"1010,9";"2,3";"39,0";"5,4";"";"0,0"
"10/12/2022";"0800";"24,5";"24,7";"24,4";"";"";"";"";"";"";"1011,7";"1011,7";"1011,2";"1,6";"50,0";"4,8";"";"0,0"
"10/12/2022";"0900";"25,0";"25,0";"24,4";"";"";"";"";"";"";"1012,6";"1012,6";"1011,7";"1,8";"44,0";"3,8";"96,20";"0,0"
"10/12/2022";"1000";"26,4";"26,5";"25,0";"";"";"";"";"";"";"1013,3";"1013,3";"1012,6";"2,1";"28,0";"4,4";"789,40";"0,0"
"10/12/2022";"1100";"26,9";"27,3";"26,4";"";"";"";"";"";"";"1013,9";"1014,0";"1013,3";"3,0";"82,0";"5,6";"1509,60";"0,0"
"10/12/2022";"1200";"27,7";"27,8";"26,8";"";"";"";"";"";"";"1014,0";"1014,0";"1013,9";"3,7";"80,0";"5,9";"2198,50";"0,0"
"10/12/2022";"1300";"27,7";"27,9";"27,3";"";"";"";"";"";"";"1014,1";"1014,2";"1013,9";"4,0";"77,0";"7,0";"2636,20";"0,0"
"10/12/2022";"1400";"28,2";"28,5";"26,9";"";"";"";"";"";"";"1014,1";"1014,2";"1014,0";"3,8";"76,0";"7,5";"2568,90";"0,0"
"10/12/2022";"1500";"28,3";"28,8";"27,8";"";"";"";"";"";"";"1013,6";"1014,1";"1013,5";"4,8";"81,0";"7,7";"2983,40";"0,0"
"10/12/2022";"1600";"28,0";"28,7";"27,9";"";"";"";"";"";"";"1012,8";"1013,6";"1012,8";"4,9";"85,0";"8,2";"2931,20";"0,0"
"10/12/2022";"1700";"27,5";"28,4";"27,5";"";"";"";"";"";"";"1012,4";"1012,9";"1012,3";"4,9";"85,0";"8,2";"2634,90";"0,0"
"10/12/2022";"1800";"27,1";"27,8";"27,0";"";"";"";"";"";"";"1011,8";"1012,4";"1011,8";"4,4";"81,0";"7,8";"1900,40";"0,0"
"10/12/2022";"1900";"27,1";"27,4";"26,9";"";"";"";"";"";"";"1011,6";"1011,8";"1011,6";"3,4";"76,0";"7,8";"1398,80";"0,0"
"10/12/2022";"2000";"26,4";"27,1";"26,3";"";"";"";"";"";"";"1012,2";"1012,2";"1011,6";"3,3";"82,0";"6,5";"468,80";"0,0"
"10/12/2022";"2100";"25,9";"26,4";"25,9";"";"";"";"";"";"";"1012,8";"1012,8";"1012,2";"2,7";"83,0";"5,5";"46,60";"0,0"
"10/12/2022";"2200";"25,7";"26,0";"25,7";"";"";"";"";"";"";"1013,0";"1013,0";"1012,7";"2,8";"80,0";"4,5";"";"0,0"
"10/12/2022";"2300";"25,7";"25,7";"25,7";"";"";"";"";"";"";"1013,6";"1013,6";"1013,0";"2,7";"81,0";"5,0";"";"0,0"
"11/12/2022";"0000";"25,6";"25,7";"25,6";"";"";"";"";"";"";"1013,9";"1013,9";"1013,6";"2,4";"80,0";"5,0";"";"0,0"
"11/12/2022";"0100";"25,5";"25,6";"25,4";"";"";"";"";"";"";"1013,9";"1014,1";"1013,9";"2,4";"80,0";"4,4";"";"0,0"
"11/12/2022";"0200";"25,5";"25,7";"25,5";"";"";"";"";"";"";"1013,8";"1013,9";"1013,8";"2,5";"79,0";"4,9";"";"0,0"
"11/12/2022";"0300";"25,3";"25,5";"25,3";"";"";"";"";"";"";"1012,9";"1013,8";"1012,9";"2,7";"67,0";"5,0";"";"0,0"
"11/12/2022";"0400";"25,3";"25,4";"25,2";"";"";"";"";"";"";"1012,2";"1012,9";"1012,1";"2,6";"65,0";"5,3";"";"0,0"
"11/12/2022";"0500";"25,2";"25,4";"25,1";"";"";"";"";"";"";"1011,9";"1012,2";"1011,7";"2,0";"58,0";"5,6";"";"0,0"
"11/12/2022";"0600";"25,0";"25,2";"25,0";"";"";"";"";"";"";"1011,6";"1011,9";"1011,4";"1,5";"72,0";"4,6";"";"0,0"
"11/12/2022";"0700";"24,9";"25,2";"24,9";"";"";"";"";"";"";"1011,6";"1011,6";"1011,4";"1,7";"66,0";"3,5";"";"0,0"
"11/12/2022";"0800";"24,9";"25,0";"24,8";"";"";"";"";"";"";"1012,7";"1012,7";"1011,6";"1,1";"72,0";"2,6";"";"0,0"
"11/12/2022";"0900";"25,0";"25,0";"24,9";"";"";"";"";"";"";"1013,6";"1013,6";"1012,7";"1,3";"30,0";"2,8";"56,10";"0,0"
"11/12/2022";"1000";"26,4";"26,4";"25,0";"";"";"";"";"";"";"1014,9";"1014,9";"1013,5";"1,7";"27,0";"3,6";"721,30";"0,0"
"11/12/2022";"1100";"27,6";"27,6";"26,2";"";"";"";"";"";"";"1014,1";"1015,4";"1013,6";"2,6";"72,0";"5,2";"1383,20";"0,0"
"11/12/2022";"1200";"27,2";"28,0";"27,1";"";"";"";"";"";"";"1014,2";"1014,4";"1014,1";"2,6";"83,0";"5,2";"2059,90";"0,0"
"11/12/2022";"1300";"27,7";"28,2";"27,2";"";"";"";"";"";"";"1013,9";"1014,2";"1013,8";"3,3";"84,0";"5,8";"2312,00";"0,0"
"11/12/2022";"1400";"28,0";"28,5";"27,7";"";"";"";"";"";"";"1013,5";"1014,0";"1013,4";"3,5";"71,0";"6,6";"2727,60";"0,0"
"11/12/2022";"1500";"27,5";"28,7";"27,3";"";"";"";"";"";"";"1013,1";"1013,5";"1013,0";"3,3";"77,0";"6,6";"2542,80";"0,0"
"11/12/2022";"1600";"27,5";"28,1";"27,5";"";"";"";"";"";"";"1012,4";"1013,1";"1012,4";"4,0";"77,0";"6,5";"2571,00";"0,0"
"11/12/2022";"1700";"28,5";"28,5";"27,3";"";"";"";"";"";"";"1011,9";"1012,4";"1011,9";"2,0";"72,0";"6,5";"2013,00";"0,0"
"11/12/2022";"1800";"28,1";"28,5";"27,4";"";"";"";"";"";"";"1011,4";"1011,9";"1011,3";"2,9";"76,0";"6,3";"1768,30";"0,0"
"11/12/2022";"1900";"27,1";"28,2";"27,1";"";"";"";"";"";"";"1011,0";"1011,4";"1011,0";"4,5";"81,0";"7,7";"1401,50";"0,0"
"11/12/2022";"2000";"26,6";"27,3";"26,6";"";"";"";"";"";"";"1011,1";"1011,2";"1011,0";"3,2";"78,0";"7,0";"789,00";"0,0"
"11/12/2022";"2100";"26,0";"26,6";"26,0";"";"";"";"";"";"";"1011,1";"1011,2";"1011,0";"3,4";"80,0";"6,8";"98,50";"0,0"
"11/12/2022";"2200";"25,9";"26,0";"25,8";"";"";"";"";"";"";"1011,5";"1011,5";"1011,1";"2,8";"81,0";"6,0";"";"0,0"
"11/12/2022";"2300";"25,6";"25,9";"25,6";"";"";"";"";"";"";"1011,8";"1011,9";"1011,5";"2,2";"75,0";"4,9";"";"0,0"
"12/12/2022";"0000";"25,6";"25,7";"25,6";"";"";"";"";"";"";"1011,9";"1011,9";"1011,7";"2,4";"76,0";"4,4";"";"0,0"
"12/12/2022";"0100";"25,5";"25,7";"25,5";"";"";"";"";"";"";"1012,0";"1012,1";"1011,9";"2,3";"78,0";"4,4";"";"0,0"
"12/12/2022";"0200";"25,5";"25,6";"25,4";"";"";"";"";"";"";"1011,7";"1012,1";"1011,7";"2,3";"74,0";"5,1";"";"0,0"
"12/12/2022";"0300";"25,3";"25,5";"25,3";"";"";"";"";"";"";"1010,9";"1011,7";"1010,9";"1,8";"67,0";"4,6";"";"0,0"
"12/12/2022";"0400";"25,4";"25,4";"25,2";"";"";"";"";"";"";"1010,6";"1010,9";"1010,5";"1,8";"68,0";"3,6";"";"0,0"
"12/12/2022";"0500";"25,2";"25,4";"25,1";"";"";"";"";"";"";"1010,5";"1010,6";"1010,5";"2,1";"58,0";"4,0";"";"0,0"
"12/12/2022";"0600";"25,0";"25,2";"25,0";"";"";"";"";"";"";"1010,6";"1010,6";"1010,4";"1,7";"56,0";"4,0";"";"0,0"
"12/12/2022";"0700";"25,0";"25,1";"24,9";"";"";"";"";"";"";"1010,9";"1010,9";"1010,6";"1,8";"35,0";"3,3";"";"0,0"
"12/12/2022";"0800";"24,6";"25,1";"24,6";"";"";"";"";"";"";"1011,3";"1011,3";"1010,9";"2,0";"31,0";"3,4";"";"0,0"
"12/12/2022";"0900";"25,1";"25,2";"24,6";"";"";"";"";"";"";"1011,8";"1011,8";"1011,3";"2,1";"30,0";"4,1";"115,60";"0,0"
"12/12/2022";"1000";"26,3";"26,4";"25,1";"";"";"";"";"";"";"1012,5";"1012,5";"1011,8";"2,1";"35,0";"5,4";"767,70";"0,0"
"12/12/2022";"1100";"28,4";"28,4";"26,2";"";"";"";"";"";"";"1012,6";"1012,7";"1012,5";"3,5";"50,0";"7,4";"1455,60";"0,0"
"12/12/2022";"1200";"28,4";"28,9";"27,6";"";"";"";"";"";"";"1012,6";"1012,7";"1012,5";"3,8";"71,0";"8,1";"2341,00";"0,0"
"12/12/2022";"1300";"28,3";"28,9";"28,0";"";"";"";"";"";"";"1012,4";"1012,8";"1012,4";"4,5";"79,0";"9,0";"2685,10";"0,0"
"12/12/2022";"1400";"29,1";"29,1";"28,2";"";"";"";"";"";"";"1012,1";"1012,5";"1012,0";"4,7";"82,0";"8,6";"2913,20";"0,0"
"12/12/2022";"1500";"28,3";"29,2";"28,1";"";"";"";"";"";"";"1011,7";"1012,1";"1011,7";"4,9";"79,0";"8,2";"3006,70";"0,0"
"12/12/2022";"1600";"28,4";"28,9";"27,9";"";"";"";"";"";"";"1011,0";"1011,8";"1011,0";"4,8";"78,0";"8,4";"2976,10";"0,0"
"12/12/2022";"1700";"28,1";"28,6";"27,8";"";"";"";"";"";"";"1010,2";"1011,0";"1010,2";"4,8";"81,0";"8,8";"2706,30";"0,0"
"12/12/2022";"1800";"28,3";"28,4";"27,8";"";"";"";"";"";"";"1009,7";"1010,2";"1009,7";"4,1";"78,0";"8,1";"2185,40";"0,0"
"12/12/2022";"1900";"27,7";"28,3";"27,5";"";"";"";"";"";"";"1009,4";"1009,7";"1009,4";"4,2";"79,0";"7,8";"1500,50";"0,0"
"12/12/2022";"2000";"27,0";"27,8";"27,0";"";"";"";"";"";"";"1009,4";"1009,4";"1009,1";"3,8";"69,0";"7,5";"758,40";"0,0"
"12/12/2022";"2100";"26,3";"27,0";"26,3";"";"";"";"";"";"";"1010,1";"1010,1";"1009,3";"3,4";"63,0";"6,8";"121,70";"0,0"
"12/12/2022";"2200";"26,1";"26,3";"26,0";"";"";"";"";"";"";"1010,7";"1010,8";"1010,1";"3,5";"63,0";"6,7";"";"0,0"
"12/12/2022";"2300";"26,0";"26,1";"25,9";"";"";"";"";"";"";"1011,2";"1011,2";"1010,7";"3,3";"61,0";"7,5";"";"0,0"
"13/12/2022";"0000";"25,9";"26,0";"25,9";"";"";"";"";"";"";"1011,7";"1011,7";"1011,2";"3,0";"63,0";"6,7";"";"0,0"
"13/12/2022";"0100";"25,8";"25,9";"25,7";"";"";"";"";"";"";"1011,9";"1012,0";"1011,7";"2,7";"70,0";"6,3";"";"0,0"
"13/12/2022";"0200";"25,5";"25,9";"25,5";"";"";"";"";"";"";"1011,8";"1012,0";"1011,8";"2,2";"61,0";"5,4";"";"0,0"
"13/12/2022";"0300";"25,6";"25,8";"25,5";"";"";"";"";"";"";"1010,9";"1011,8";"1010,9";"2,7";"45,0";"5,4";"";"0,0"
"13/12/2022";"0400";"25,0";"25,7";"25,0";"";"";"";"";"";"";"1010,4";"1010,9";"1010,3";"2,0";"32,0";"5,5";"";"0,0"
"13/12/2022";"0500";"24,6";"25,0";"24,6";"";"";"";"";"";"";"1010,4";"1010,5";"1010,4";"1,9";"28,0";"4,6";"";"0,0"
"13/12/2022";"0600";"24,5";"24,7";"24,5";"";"";"";"";"";"";"1010,2";"1010,4";"1010,2";"2,0";"26,0";"4,4";"";"0,0"
"13/12/2022";"0700";"24,4";"24,6";"24,4";"";"";"";"";"";"";"1010,2";"1010,3";"1010,1";"2,4";"28,0";"5,5";"";"0,0"
"13/12/2022";"0800";"24,2";"24,4";"24,1";"";"";"";"";"";"";"1010,4";"1010,4";"1010,1";"2,0";"35,0";"5,1";"";"0,0"
"13/12/2022";"0900";"24,7";"24,8";"24,2";"";"";"";"";"";"";"1011,1";"1011,1";"1010,4";"2,7";"40,0";"5,5";"81,60";"0,0"
"13/12/2022";"1000";"26,0";"26,1";"24,7";"";"";"";"";"";"";"1011,9";"1011,9";"1011,1";"2,5";"31,0";"5,1";"840,10";"0,0"
"13/12/2022";"1100";"27,8";"27,8";"25,9";"";"";"";"";"";"";"1012,1";"1012,1";"1011,9";"2,9";"26,0";"5,3";"1621,70";"0,0"
"13/12/2022";"1200";"28,0";"28,7";"27,2";"";"";"";"";"";"";"1011,8";"1012,2";"1011,8";"3,4";"79,0";"6,7";"1763,80";"0,0"
"13/12/2022";"1300";"28,6";"28,8";"27,8";"";"";"";"";"";"";"1011,3";"1011,9";"1011,2";"4,1";"70,0";"7,9";"2637,70";"0,0"
"13/12/2022";"1400";"29,1";"29,2";"28,2";"";"";"";"";"";"";"1010,7";"1011,3";"1010,7";"4,0";"80,0";"7,9";"2880,30";"0,0"
"13/12/2022";"1500";"28,7";"29,1";"27,9";"";"";"";"";"";"";"1010,3";"1010,8";"1010,2";"4,8";"74,0";"10,0";"2977,10";"0,0"
"13/12/2022";"1600";"28,8";"29,3";"28,4";"";"";"";"";"";"";"1009,3";"1010,3";"1009,3";"4,5";"68,0";"9,0";"2936,80";"0,0"
"13/12/2022";"1700";"28,5";"29,0";"28,1";"";"";"";"";"";"";"1008,3";"1009,4";"1008,3";"4,8";"73,0";"9,3";"2657,90";"0,0"
"13/12/2022";"1800";"27,9";"28,7";"27,9";"";"";"";"";"";"";"1007,6";"1008,3";"1007,6";"4,7";"70,0";"9,4";"2139,80";"0,0"
"13/12/2022";"1900";"27,7";"28,3";"27,5";"";"";"";"";"";"";"1007,4";"1007,7";"1007,3";"4,5";"72,0";"8,9";"1463,20";"0,0"
"13/12/2022";"2000";"26,9";"27,7";"26,9";"";"";"";"";"";"";"1007,5";"1007,6";"1007,4";"4,1";"70,0";"9,3";"733,30";"0,0"
"13/12/2022";"2100";"26,2";"26,9";"26,2";"";"";"";"";"";"";"1008,0";"1008,0";"1007,4";"3,5";"70,0";"8,0";"115,40";"0,0"
"13/12/2022";"2200";"26,0";"26,2";"25,9";"";"";"";"";"";"";"1008,7";"1008,7";"1008,0";"3,3";"69,0";"7,5";"";"0,0"
"13/12/2022";"2300";"25,8";"26,0";"25,8";"";"";"";"";"";"";"1009,2";"1009,3";"1008,7";"3,8";"64,0";"7,4";"";"0,0"
"14/12/2022";"0000";"25,8";"25,9";"25,8";"";"";"";"";"";"";"1009,7";"1009,8";"1009,2";"4,2";"57,0";"9,2";"";"0,0"
"14/12/2022";"0100";"25,7";"25,9";"25,7";"";"";"";"";"";"";"1009,8";"1009,9";"1009,6";"4,0";"52,0";"9,0";"";"0,0"
"14/12/2022";"0200";"25,7";"25,8";"25,7";"";"";"";"";"";"";"1009,3";"1009,8";"1009,3";"3,8";"46,0";"7,7";"";"0,0"
"14/12/2022";"0300";"25,6";"25,7";"25,5";"";"";"";"";"";"";"1009,1";"1009,5";"1009,1";"2,9";"46,0";"7,3";"";"0,0"
"14/12/2022";"0400";"25,3";"25,6";"25,3";"";"";"";"";"";"";"1008,7";"1009,1";"1008,7";"2,5";"43,0";"6,7";"";"0,0"
"14/12/2022";"0500";"25,2";"25,4";"25,2";"";"";"";"";"";"";"1008,8";"1008,8";"1008,6";"2,7";"42,0";"5,7";"";"0,0"
"14/12/2022";"0600";"24,8";"25,2";"24,8";"";"";"";"";"";"";"1008,9";"1008,9";"1008,7";"2,1";"42,0";"5,3";"";"0,0"
"14/12/2022";"0700";"24,6";"24,9";"24,6";"";"";"";"";"";"";"1009,6";"1009,6";"1008,9";"1,5";"49,0";"4,1";"";"0,0"
"14/12/2022";"0800";"24,3";"24,6";"24,3";"";"";"";"";"";"";"1010,2";"1010,2";"1009,6";"2,1";"40,0";"3,8";"";"0,0"
"14/12/2022";"0900";"24,7";"24,7";"24,3";"";"";"";"";"";"";"1010,9";"1010,9";"1010,2";"2,5";"35,0";"4,4";"98,80";"0,0"
"14/12/2022";"1000";"26,3";"26,4";"24,7";"";"";"";"";"";"";"1011,4";"1011,4";"1010,9";"2,9";"30,0";"5,7";"719,50";"0,0"
"14/12/2022";"1100";"28,6";"28,6";"26,4";"";"";"";"";"";"";"1011,2";"1011,5";"1010,9";"3,4";"24,0";"10,1";"1484,10";"0,0"
"14/12/2022";"1200";"29,7";"29,7";"28,3";"";"";"";"";"";"";"1011,0";"1011,2";"1010,9";"3,7";"29,0";"9,1";"2105,10";"0,0"
"14/12/2022";"1300";"31,1";"31,1";"29,4";"";"";"";"";"";"";"1010,6";"1011,1";"1010,5";"3,1";"9,0";"7,0";"2541,70";"0,0"
"14/12/2022";"1400";"29,1";"31,8";"29,0";"";"";"";"";"";"";"1010,3";"1010,6";"1010,2";"4,6";"84,0";"7,3";"2868,40";"0,0"
"14/12/2022";"1500";"28,7";"29,8";"27,9";"";"";"";"";"";"";"1009,9";"1010,3";"1009,9";"4,0";"73,0";"7,5";"2527,30";"0,0"
"14/12/2022";"1600";"28,3";"29,1";"27,6";"";"";"";"";"";"";"1009,0";"1009,9";"1009,0";"4,3";"66,0";"9,0";"2391,20";"0,0"
"14/12/2022";"1700";"28,3";"28,7";"27,8";"";"";"";"";"";"";"1008,1";"1009,0";"1008,1";"5,0";"68,0";"10,9";"2355,10";"0,0"
"14/12/2022";"1800";"27,3";"28,4";"27,2";"";"";"";"";"";"";"1007,5";"1008,1";"1007,5";"4,8";"62,0";"10,3";"1571,50";"0,0"
"14/12/2022";"1900";"27,4";"27,8";"27,2";"";"";"";"";"";"";"1007,1";"1007,5";"1007,0";"5,4";"66,0";"9,6";"1260,80";"0,0"
"14/12/2022";"2000";"26,6";"27,5";"26,6";"";"";"";"";"";"";"1007,2";"1007,2";"1006,9";"5,4";"64,0";"10,1";"711,80";"0,0"
"14/12/2022";"2100";"26,1";"26,6";"26,1";"";"";"";"";"";"";"1007,8";"1007,8";"1007,2";"4,9";"63,0";"9,8";"74,50";"0,0"
"14/12/2022";"2200";"26,0";"26,1";"26,0";"";"";"";"";"";"";"1008,1";"1008,2";"1007,8";"5,2";"60,0";"9,9";"";"0,0"
"14/12/2022";"2300";"25,7";"26,0";"25,7";"";"";"";"";"";"";"1009,1";"1009,1";"1008,1";"4,1";"59,0";"10,5";"";"0,0"
"15/12/2022";"0000";"25,6";"25,8";"25,6";"";"";"";"";"";"";"1009,6";"1009,6";"1009,1";"4,3";"52,0";"9,1";"";"0,0"
"15/12/2022";"0100";"25,6";"25,7";"25,6";"";"";"";"";"";"";"1009,7";"1009,7";"1009,5";"4,3";"53,0";"9,1";"";"0,0"
"15/12/2022";"0200";"25,6";"25,7";"25,6";"";"";"";"";"";"";"1009,6";"1010,0";"1009,6";"3,1";"47,0";"8,2";"";"0,0"
"15/12/2022";"0300";"25,4";"25,6";"25,4";"";"";"";"";"";"";"1009,0";"1009,7";"1009,0";"2,6";"58,0";"7,0";"";"0,0"
"15/12/2022";"0400";"25,3";"25,5";"25,3";"";"";"";"";"";"";"1008,8";"1009,0";"1008,7";"2,9";"46,0";"5,8";"";"0,0"
"15/12/2022";"0500";"24,9";"25,4";"24,9";"";"";"";"";"";"";"1008,9";"1008,9";"1008,8";"1,6";"41,0";"5,7";"";"0,0"
"15/12/2022";"0600";"24,6";"24,9";"24,5";"";"";"";"";"";"";"1009,2";"1009,2";"1008,9";"1,9";"46,0";"4,4";"";"0,0"
"15/12/2022";"0700";"24,6";"24,7";"24,6";"";"";"";"";"";"";"1009,5";"1009,5";"1009,2";"2,9";"49,0";"6,3";"";"0,0"
"15/12/2022";"0800";"24,3";"24,6";"24,2";"";"";"";"";"";"";"1010,1";"1010,1";"1009,5";"2,7";"45,0";"6,3";"";"0,0"
"15/12/2022";"0900";"24,7";"24,7";"24,3";"";"";"";"";"";"";"1010,8";"1010,8";"1010,1";"3,1";"40,0";"5,3";"122,50";"0,0"
"15/12/2022";"1000";"26,5";"26,6";"24,7";"";"";"";"";"";"";"1011,3";"1011,3";"1010,8";"3,0";"43,0";"5,9";"803,00";"0,0"
"15/12/2022";"1100";"27,8";"28,0";"26,4";"";"";"";"";"";"";"1011,7";"1011,7";"1011,3";"3,3";"74,0";"6,5";"1621,30";"0,0"
"15/12/2022";"1200";"28,0";"28,4";"27,4";"";"";"";"";"";"";"1012,0";"1012,0";"1011,6";"3,6";"74,0";"6,9";"2168,60";"0,0"
"15/12/2022";"1300";"29,1";"29,2";"27,8";"";"";"";"";"";"";"1011,7";"1012,0";"1011,7";"3,8";"67,0";"6,9";"2448,80";"0,0"
"15/12/2022";"1400";"27,4";"29,9";"27,4";"";"";"";"";"";"";"1011,3";"1011,8";"1011,2";"4,9";"85,0";"7,7";"2928,40";"0,0"
"15/12/2022";"1500";"28,4";"28,6";"27,3";"";"";"";"";"";"";"1011,1";"1011,4";"1011,1";"4,7";"78,0";"8,1";"2994,10";"0,0"
"15/12/2022";"1600";"28,6";"28,7";"27,3";"";"";"";"";"";"";"1010,3";"1011,2";"1010,3";"4,3";"70,0";"9,7";"1868,50";"0,0"
"15/12/2022";"1700";"28,3";"28,9";"27,9";"";"";"";"";"";"";"1009,7";"1010,3";"1009,7";"4,8";"78,0";"9,8";"2484,70";"0,0"
"15/12/2022";"1800";"27,3";"28,5";"27,2";"";"";"";"";"";"";"1009,3";"1009,8";"1009,2";"3,9";"80,0";"9,0";"1557,30";"0,0"
"15/12/2022";"1900";"27,1";"27,7";"27,1";"";"";"";"";"";"";"1009,0";"1009,4";"1008,9";"4,8";"77,0";"9,0";"1192,70";"0,0"
"15/12/2022";"2000";"26,3";"27,1";"26,3";"";"";"";"";"";"";"1009,1";"1009,4";"1008,9";"4,7";"80,0";"8,5";"664,70";"0,0"
"15/12/2022";"2100";"25,8";"26,3";"25,8";"";"";"";"";"";"";"1009,9";"1009,9";"1009,0";"4,3";"76,0";"9,0";"120,40";"0,0"
"15/12/2022";"2200";"25,6";"25,8";"25,6";"";"";"";"";"";"";"1010,4";"1010,4";"1009,8";"3,4";"75,0";"9,1";"";"0,0"
"15/12/2022";"2300";"25,4";"25,6";"25,4";"";"";"";"";"";"";"1011,4";"1011,4";"1010,4";"3,1";"78,0";"6,4";"";"0,0"
"16/12/2022";"0000";"25,4";"25,4";"25,3";"";"";"";"";"";"";"1011,7";"1011,7";"1011,3";"3,2";"73,0";"6,0";"";"0,0"
"16/12/2022";"0100";"25,4";"25,5";"25,4";"";"";"";"";"";"";"1011,7";"1011,8";"1011,6";"3,3";"72,0";"6,2";"";"0,0"
"16/12/2022";"0200";"25,3";"25,5";"25,3";"";"";"";"";"";"";"1011,2";"1011,7";"1011,2";"2,8";"66,0";"6,6";"";"0,0"
"16/12/2022";"0300";"25,0";"25,3";"25,0";"";"";"";"";"";"";"1010,4";"1011,2";"1010,4";"3,3";"75,0";"5,7";"";"0,0"
"16/12/2022";"0400";"25,0";"25,1";"25,0";"";"";"";"";"";"";"1009,9";"1010,4";"1009,9";"2,8";"63,0";"6,1";"";"0,0"
"16/12/2022";"0500";"25,1";"25,2";"25,0";"";"";"";"";"";"";"1009,8";"1009,9";"1009,7";"3,4";"65,0";"6,7";"";"0,0"
"16/12/2022";"0600";"24,8";"25,1";"24,8";"";"";"";"";"";"";"1010,0";"1010,0";"1009,7";"2,2";"64,0";"6,2";"";"0,0"
"16/12/2022";"0700";"24,5";"24,8";"24,5";"";"";"";"";"";"";"1010,2";"1010,2";"1010,0";"1,5";"63,0";"4,7";"";"0,0"
"16/12/2022";"0800";"24,0";"24,6";"23,9";"";"";"";"";"";"";"1010,9";"1010,9";"1010,2";"1,0";"30,0";"2,7";"";"0,0"
"16/12/2022";"0900";"24,9";"24,9";"23,9";"";"";"";"";"";"";"1011,6";"1011,6";"1010,9";"1,5";"28,0";"2,9";"114,70";"0,0"
"16/12/2022";"1000";"25,5";"25,9";"24,9";"";"";"";"";"";"";"1011,7";"1011,7";"1011,6";"2,5";"32,0";"4,8";"556,80";"0,0"
"16/12/2022";"1100";"26,7";"26,8";"25,4";"";"";"";"";"";"";"1011,8";"1011,8";"1011,5";"3,2";"37,0";"6,5";"1193,20";"0,0"
"16/12/2022";"1200";"28,2";"28,3";"26,7";"";"";"";"";"";"";"1011,6";"1011,8";"1011,5";"3,9";"68,0";"7,8";"2248,60";"0,0"
"16/12/2022";"1300";"27,9";"29,0";"27,9";"";"";"";"";"";"";"1011,0";"1011,6";"1011,0";"4,5";"83,0";"8,1";"2604,30";"0,0"
"16/12/2022";"1400";"28,0";"28,6";"27,6";"";"";"";"";"";"";"1010,4";"1011,0";"1010,4";"4,5";"84,0";"8,1";"2846,80";"0,0"
"16/12/2022";"1500";"27,8";"28,5";"27,5";"";"";"";"";"";"";"1010,1";"1010,5";"1010,0";"4,4";"84,0";"7,5";"2939,10";"0,0"
"16/12/2022";"1600";"28,5";"28,7";"27,7";"";"";"";"";"";"";"1009,5";"1010,0";"1009,4";"4,2";"80,0";"7,5";"2918,80";"0,0"
"16/12/2022";"1700";"28,0";"28,6";"27,6";"";"";"";"";"";"";"1008,5";"1009,5";"1008,5";"4,8";"81,0";"8,3";"2659,20";"0,0"
"16/12/2022";"1800";"27,5";"28,1";"27,3";"";"";"";"";"";"";"1008,0";"1008,5";"1008,0";"4,5";"82,0";"9,1";"2138,40";"0,0"
"16/12/2022";"1900";"27,2";"27,8";"27,0";"";"";"";"";"";"";"1007,7";"1008,1";"1007,6";"4,3";"77,0";"8,0";"1462,10";"0,0"
"16/12/2022";"2000";"26,4";"27,3";"26,3";"";"";"";"";"";"";"1007,9";"1007,9";"1007,5";"3,5";"82,0";"7,3";"731,30";"0,0"
"16/12/2022";"2100";"25,7";"26,4";"25,7";"";"";"";"";"";"";"1008,4";"1008,4";"1007,9";"3,2";"78,0";"6,3";"112,90";"0,0"
"16/12/2022";"2200";"25,5";"25,7";"25,5";"";"";"";"";"";"";"1008,9";"1008,9";"1008,4";"2,7";"77,0";"5,5";"";"0,0"
"16/12/2022";"2300";"25,5";"25,6";"25,5";"";"";"";"";"";"";"1009,4";"1009,5";"1008,8";"2,4";"59,0";"5,5";"";"0,0"
"17/12/2022";"0000";"25,5";"25,6";"25,5";"";"";"";"";"";"";"1009,9";"1009,9";"1009,4";"3,0";"65,0";"6,4";"";"0,0"
"17/12/2022";"0100";"25,3";"25,5";"25,3";"";"";"";"";"";"";"1010,0";"1010,2";"1009,9";"2,5";"60,0";"6,4";"";"0,0"
"17/12/2022";"0200";"25,2";"25,3";"25,2";"";"";"";"";"";"";"1009,6";"1010,0";"1009,6";"2,3";"62,0";"6,2";"";"0,0"
"17/12/2022";"0300";"25,1";"25,3";"25,1";"";"";"";"";"";"";"1009,2";"1009,6";"1009,2";"2,4";"61,0";"5,6";"";"0,0"
"17/12/2022";"0400";"24,8";"25,1";"24,7";"";"";"";"";"";"";"1008,7";"1009,2";"1008,7";"1,8";"47,0";"5,0";"";"0,0"
"17/12/2022";"0500";"24,5";"24,9";"24,5";"";"";"";"";"";"";"1008,4";"1008,7";"1008,4";"2,0";"37,0";"4,0";"";"0,0"
"17/12/2022";"0600";"24,0";"24,5";"24,0";"";"";"";"";"";"";"1008,2";"1008,4";"1008,2";"2,4";"26,0";"4,8";"";"0,0"
"17/12/2022";"0700";"23,8";"24,0";"23,8";"";"";"";"";"";"";"1008,4";"1008,5";"1008,1";"2,7";"30,0";"5,2";"";"0,0"
"17/12/2022";"0800";"23,6";"23,9";"23,6";"";"";"";"";"";"";"1008,9";"1008,9";"1008,4";"2,3";"42,0";"5,0";"";"0,0"
"17/12/2022";"0900";"23,9";"23,9";"23,4";"";"";"";"";"";"";"1009,5";"1009,5";"1008,9";"2,9";"38,0";"5,3";"80,30";"0,0"
"17/12/2022";"1000";"25,4";"25,4";"23,8";"";"";"";"";"";"";"1010,1";"1010,1";"1009,5";"3,7";"30,0";"6,6";"685,00";"0,0"
"17/12/2022";"1100";"27,2";"27,7";"25,4";"";"";"";"";"";"";"1010,2";"1010,2";"1010,0";"3,8";"67,0";"9,0";"1614,50";"0,0"
"17/12/2022";"1200";"27,3";"27,8";"27,0";"";"";"";"";"";"";"1010,4";"1010,4";"1010,2";"3,6";"71,0";"7,1";"1808,60";"0,0"
"17/12/2022";"1300";"28,3";"28,9";"27,2";"";"";"";"";"";"";"1010,6";"1010,6";"1010,3";"3,9";"75,0";"7,2";"2462,50";"0,0"
"17/12/2022";"1400";"28,7";"28,9";"27,6";"";"";"";"";"";"";"1010,0";"1010,6";"1009,9";"4,5";"79,0";"7,7";"2652,50";"0,0"
"17/12/2022";"1500";"28,1";"28,9";"27,6";"";"";"";"";"";"";"1009,2";"1010,0";"1009,2";"4,3";"76,0";"8,1";"2353,70";"0,0"
"17/12/2022";"1600";"27,6";"29,0";"27,4";"";"";"";"";"";"";"1008,7";"1009,2";"1008,7";"4,0";"80,0";"7,9";"2573,40";"0,0"
"17/12/2022";"1700";"27,3";"28,2";"27,0";"";"";"";"";"";"";"1008,0";"1008,7";"1008,0";"4,1";"81,0";"6,9";"2193,80";"0,0"
"17/12/2022";"1800";"27,0";"27,8";"27,0";"";"";"";"";"";"";"1007,8";"1008,1";"1007,7";"4,1";"80,0";"7,5";"1951,40";"0,0"
"17/12/2022";"1900";"26,9";"27,3";"26,7";"";"";"";"";"";"";"1007,7";"1007,8";"1007,5";"3,3";"80,0";"7,5";"1237,00";"0,0"
"17/12/2022";"2000";"26,4";"26,9";"26,4";"";"";"";"";"";"";"1008,3";"1008,3";"1007,7";"3,3";"76,0";"6,5";"826,20";"0,0"
"17/12/2022";"2100";"25,6";"26,4";"25,6";"";"";"";"";"";"";"1009,0";"1009,0";"1008,3";"2,8";"75,0";"5,5";"130,40";"0,0"
"17/12/2022";"2200";"25,5";"25,6";"25,5";"";"";"";"";"";"";"1009,9";"1009,9";"1009,0";"2,9";"79,0";"5,3";"";"0,0"
"17/12/2022";"2300";"25,4";"25,5";"25,4";"";"";"";"";"";"";"1010,5";"1010,5";"1009,8";"2,7";"76,0";"5,2";"";"0,0"
"18/12/2022";"0000";"25,3";"25,4";"25,3";"";"";"";"";"";"";"1010,7";"1010,7";"1010,4";"2,8";"79,0";"5,2";"";"0,0"
"18/12/2022";"0100";"25,2";"25,3";"25,2";"";"";"";"";"";"";"1011,1";"1011,1";"1010,6";"2,6";"75,0";"5,0";"";"0,0"
"18/12/2022";"0200";"25,2";"25,2";"25,1";"";"";"";"";"";"";"1011,0";"1011,1";"1011,0";"2,5";"69,0";"5,3";"";"0,0"
"18/12/2022";"0300";"25,1";"25,2";"25,0";"";"";"";"";"";"";"1010,6";"1011,0";"1010,6";"2,2";"72,0";"5,2";"";"0,0"
"18/12/2022";"0400";"25,2";"25,3";"25,0";"";"";"";"";"";"";"1010,2";"1010,6";"1010,2";"2,2";"65,0";"4,3";"";"0,0"
"18/12/2022";"0500";"25,2";"25,2";"25,1";"";"";"";"";"";"";"1010,0";"1010,2";"1010,0";"2,2";"64,0";"4,1";"";"0,0"
"18/12/2022";"0600";"25,1";"25,2";"25,0";"";"";"";"";"";"";"1010,0";"1010,0";"1009,8";"1,7";"67,0";"3,9";"";"0,0"
"18/12/2022";"0700";"25,0";"25,2";"25,0";"";"";"";"";"";"";"1010,4";"1010,4";"1010,0";"1,7";"70,0";"4,1";"";"0,0"
"18/12/2022";"0800";"25,0";"25,1";"24,9";"";"";"";"";"";"";"1011,1";"1011,1";"1010,4";"1,6";"58,0";"3,4";"";"0,0"
"18/12/2022";"0900";"25,3";"25,3";"25,0";"";"";"";"";"";"";"1011,7";"1011,7";"1011,1";"2,0";"52,0";"4,0";"89,70";"0,0"
"18/12/2022";"1000";"25,8";"25,8";"25,3";"";"";"";"";"";"";"1012,4";"1012,4";"1011,7";"2,2";"68,0";"4,3";"492,20";"0,0"
"18/12/2022";"1100";"27,5";"27,7";"25,8";"";"";"";"";"";"";"1012,9";"1013,0";"1012,3";"3,4";"49,0";"6,4";"1590,20";"0,0"
"18/12/2022";"1200";"27,8";"28,1";"26,9";"";"";"";"";"";"";"1013,1";"1013,1";"1012,9";"3,6";"79,0";"6,7";"2097,40";"0,0"
"18/12/2022";"1300";"27,4";"28,4";"26,8";"";"";"";"";"";"";"1013,1";"1013,2";"1013,1";"3,5";"83,0";"6,0";"2140,30";"0,0"
"18/12/2022";"1400";"28,1";"28,1";"27,1";"";"";"";"";"";"";"1012,3";"1013,1";"1012,3";"4,0";"80,0";"7,6";"2433,10";"0,0"
"18/12/2022";"1500";"27,2";"28,4";"27,1";"";"";"";"";"";"";"1011,9";"1012,3";"1011,9";"4,0";"80,0";"7,2";"2750,90";"0,0"
"18/12/2022";"1600";"27,4";"27,9";"27,1";"";"";"";"";"";"";"1011,0";"1011,9";"1011,0";"4,5";"78,0";"7,7";"2626,50";"0,0"
"18/12/2022";"1700";"27,8";"27,8";"27,2";"";"";"";"";"";"";"1010,4";"1011,1";"1010,4";"4,1";"79,0";"7,8";"2726,60";"0,0"
"18/12/2022";"1800";"27,5";"28,0";"27,1";"";"";"";"";"";"";"1009,9";"1010,4";"1009,9";"3,9";"77,0";"7,7";"2228,40";"0,0"
"18/12/2022";"1900";"27,1";"27,8";"26,9";"";"";"";"";"";"";"1009,6";"1009,9";"1009,5";"4,2";"78,0";"7,8";"1555,10";"0,0"
"18/12/2022";"2000";"26,3";"27,1";"26,3";"";"";"";"";"";"";"1009,7";"1009,7";"1009,4";"3,6";"81,0";"6,7";"686,60";"0,0"
"18/12/2022";"2100";"25,7";"26,3";"25,7";"";"";"";"";"";"";"1010,0";"1010,0";"1009,7";"3,2";"79,0";"6,3";"52,10";"0,0"
"18/12/2022";"2200";"25,5";"25,7";"25,5";"";"";"";"";"";"";"1010,9";"1010,9";"1010,0";"3,0";"80,0";"5,6";"";"0,0"
"18/12/2022";"2300";"25,4";"25,5";"25,3";"";"";"";"";"";"";"1011,7";"1011,7";"1010,9";"2,7";"79,0";"5,0";"";"0,0"
"19/12/2022";"0000";"25,3";"25,4";"25,2";"";"";"";"";"";"";"1012,2";"1012,2";"1011,7";"2,7";"80,0";"5,1";"";"0,0"
"19/12/2022";"0100";"25,1";"25,3";"25,1";"";"";"";"";"";"";"1012,5";"1012,5";"1012,2";"2,5";"82,0";"5,1";"";"0,0"
"19/12/2022";"0200";"24,8";"25,1";"24,8";"";"";"";"";"";"";"1012,1";"1012,5";"1012,1";"1,8";"74,0";"4,0";"";"0,0"
"19/12/2022";"0300";"24,5";"24,8";"24,5";"";"";"";"";"";"";"1011,5";"1012,1";"1011,4";"1,8";"66,0";"3,7";"";"0,0"
"19/12/2022";"0400";"24,3";"24,6";"24,3";"";"";"";"";"";"";"1011,1";"1011,5";"1011,1";"1,6";"65,0";"3,0";"";"0,0"
"19/12/2022";"0500";"24,4";"24,4";"24,3";"";"";"";"";"";"";"1011,0";"1011,1";"1010,9";"1,2";"58,0";"2,9";"";"0,0"
"19/12/2022";"0600";"24,0";"24,4";"23,8";"";"";"";"";"";"";"1010,9";"1011,0";"1010,8";"1,1";"355,0";"2,3";"";"0,0"
"19/12/2022";"0700";"23,4";"24,0";"23,3";"";"";"";"";"";"";"1011,1";"1011,1";"1010,9";"0,7";"246,0";"1,8";"";"0,0"
"19/12/2022";"0800";"23,0";"23,5";"23,0";"";"";"";"";"";"";"1011,9";"1011,9";"1011,1";"0,7";"342,0";"1,9";"";"0,0"
"19/12/2022";"0900";"23,5";"23,5";"22,8";"";"";"";"";"";"";"1012,4";"1012,4";"1011,9";"0,6";"235,0";"1,4";"74,40";"0,0"
"19/12/2022";"1000";"25,7";"25,8";"23,5";"";"";"";"";"";"";"1013,0";"1013,0";"1012,4";"1,0";"32,0";"2,0";"758,40";"0,0"
"19/12/2022";"1100";"26,9";"27,3";"25,7";"";"";"";"";"";"";"1013,7";"1013,7";"1013,0";"2,0";"82,0";"3,5";"1584,00";"0,0"
"19/12/2022";"1200";"27,0";"27,9";"26,6";"";"";"";"";"";"";"1014,0";"1014,1";"1013,7";"2,6";"72,0";"5,0";"2227,60";"0,0"
"19/12/2022";"1300";"27,3";"27,8";"26,8";"";"";"";"";"";"";"1013,9";"1014,1";"1013,9";"2,9";"75,0";"5,0";"2650,10";"0,0"
"19/12/2022";"1400";"28,2";"28,6";"27,0";"";"";"";"";"";"";"1013,5";"1013,9";"1013,5";"2,3";"75,0";"5,2";"2879,00";"0,0"
"19/12/2022";"1500";"27,9";"28,8";"27,8";"";"";"";"";"";"";"1013,0";"1013,5";"1013,0";"2,6";"71,0";"5,6";"2982,40";"0,0"
"19/12/2022";"1600";"28,7";"29,0";"27,8";"";"";"";"";"";"";"1012,1";"1013,0";"1012,1";"2,5";"73,0";"6,1";"2970,90";"0,0"
"19/12/2022";"1700";"28,5";"29,2";"27,9";"";"";"";"";"";"";"1011,3";"1012,1";"1011,3";"2,2";"70,0";"6,3";"2731,40";"0,0"
"19/12/2022";"1800";"27,8";"28,6";"27,7";"";"";"";"";"";"";"1010,7";"1011,3";"1010,7";"2,6";"69,0";"6,3";"2225,80";"0,0"
"19/12/2022";"1900";"27,5";"28,2";"27,1";"";"";"";"";"";"";"1010,3";"1010,7";"1010,1";"3,4";"78,0";"7,0";"1554,80";"0,0"
"19/12/2022";"2000";"26,9";"27,5";"26,8";"";"";"";"";"";"";"1010,6";"1010,6";"1010,2";"2,4";"71,0";"6,0";"822,10";"0,0"
"19/12/2022";"2100";"26,1";"26,9";"26,0";"";"";"";"";"";"";"1011,1";"1011,1";"1010,6";"1,9";"73,0";"5,2";"143,20";"0,0"
"19/12/2022";"2200";"25,8";"26,1";"25,8";"";"";"";"";"";"";"1011,6";"1011,6";"1011,1";"2,5";"78,0";"4,3";"";"0,0"
"19/12/2022";"2300";"25,7";"25,8";"25,7";"";"";"";"";"";"";"1012,4";"1012,4";"1011,6";"2,8";"80,0";"5,5";"";"0,0"
"20/12/2022";"0000";"25,7";"25,7";"25,6";"";"";"";"";"";"";"1012,8";"1012,8";"1012,4";"3,1";"81,0";"4,9";"";"0,0"
"20/12/2022";"0100";"25,6";"25,7";"25,5";"";"";"";"";"";"";"1013,1";"1013,1";"1012,8";"2,4";"81,0";"5,4";"";"0,0"
"20/12/2022";"0200";"25,4";"25,6";"25,3";"";"";"";"";"";"";"1012,5";"1013,1";"1012,5";"2,5";"80,0";"4,1";"";"0,0"
"20/12/2022";"0300";"25,2";"25,4";"25,1";"";"";"";"";"";"";"1011,6";"1012,5";"1011,6";"2,7";"72,0";"4,7";"";"0,0"
"20/12/2022";"0400";"25,1";"25,3";"25,1";"";"";"";"";"";"";"1010,9";"1011,6";"1010,9";"2,4";"65,0";"5,4";"";"0,0"
"20/12/2022";"0500";"25,1";"25,2";"25,0";"";"";"";"";"";"";"1010,7";"1010,9";"1010,6";"2,3";"59,0";"5,6";"";"0,0"
"20/12/2022";"0600";"24,9";"25,2";"24,9";"";"";"";"";"";"";"1010,5";"1010,7";"1010,5";"1,9";"57,0";"4,2";"";"0,0"
"20/12/2022";"0700";"24,8";"24,9";"24,8";"";"";"";"";"";"";"1010,9";"1010,9";"1010,5";"1,8";"65,0";"4,5";"";"0,0"
"20/12/2022";"0800";"24,1";"24,9";"24,1";"";"";"";"";"";"";"1011,7";"1011,7";"1010,9";"0,9";"3,0";"3,5";"";"0,0"
"20/12/2022";"0900";"23,9";"24,3";"23,9";"";"";"";"";"";"";"1012,5";"1012,5";"1011,7";"1,1";"323,0";"1,9";"63,40";"0,0"
"20/12/2022";"1000";"26,1";"26,1";"23,9";"";"";"";"";"";"";"1012,9";"1012,9";"1012,5";"1,3";"35,0";"3,0";"531,50";"0,0"
"20/12/2022";"1100";"28,1";"28,1";"25,8";"";"";"";"";"";"";"1013,4";"1013,4";"1012,9";"3,0";"62,0";"5,3";"1430,80";"0,0"
"20/12/2022";"1200";"27,7";"28,3";"27,0";"";"";"";"";"";"";"1013,6";"1013,7";"1013,3";"2,8";"81,0";"6,3";"1883,30";"0,0"
"20/12/2022";"1300";"27,6";"28,2";"27,3";"";"";"";"";"";"";"1013,4";"1013,6";"1013,3";"3,2";"78,0";"5,7";"2618,10";"0,0"
"20/12/2022";"1400";"28,0";"28,7";"27,4";"";"";"";"";"";"";"1012,9";"1013,4";"1012,9";"3,2";"76,0";"5,7";"2858,10";"0,0"
"20/12/2022";"1500";"28,3";"29,3";"27,9";"";"";"";"";"";"";"1012,2";"1013,0";"1012,2";"2,7";"71,0";"6,5";"2972,70";"0,0"
"20/12/2022";"1600";"28,5";"29,0";"27,8";"";"";"";"";"";"";"1011,4";"1012,2";"1011,4";"2,8";"75,0";"6,9";"2899,70";"0,0"
"20/12/2022";"1700";"29,0";"29,9";"27,9";"";"";"";"";"";"";"1010,6";"1011,4";"1010,6";"1,4";"69,0";"6,5";"2647,70";"0,0"
"20/12/2022";"1800";"28,5";"29,5";"27,6";"";"";"";"";"";"";"1009,9";"1010,6";"1009,9";"1,5";"71,0";"6,1";"2161,30";"0,0"
"20/12/2022";"1900";"27,6";"28,5";"27,3";"";"";"";"";"";"";"1009,6";"1009,9";"1009,5";"3,2";"70,0";"6,2";"1499,30";"0,0"
"20/12/2022";"2000";"27,0";"27,9";"27,0";"";"";"";"";"";"";"1009,7";"1009,8";"1009,5";"3,8";"81,0";"7,0";"776,70";"0,0"
"20/12/2022";"2100";"26,3";"27,0";"26,3";"";"";"";"";"";"";"1010,2";"1010,2";"1009,6";"3,6";"78,0";"6,4";"92,80";"0,0"
"20/12/2022";"2200";"25,8";"26,3";"25,8";"";"";"";"";"";"";"1010,9";"1010,9";"1010,2";"3,4";"75,0";"6,6";"";"0,0"
"20/12/2022";"2300";"25,7";"25,9";"25,7";"";"";"";"";"";"";"1011,5";"1011,5";"1010,9";"2,7";"73,0";"6,0";"";"0,0"
"21/12/2022";"0000";"25,7";"25,8";"25,6";"";"";"";"";"";"";"1012,2";"1012,2";"1011,5";"2,4";"62,0";"5,1";"";"0,0"
"21/12/2022";"0100";"25,6";"25,7";"25,6";"";"";"";"";"";"";"1012,3";"1012,4";"1012,1";"2,9";"65,0";"5,4";"";"0,0"
"21/12/2022";"0200";"25,6";"25,7";"25,5";"";"";"";"";"";"";"1012,0";"1012,4";"1012,0";"2,7";"73,0";"5,6";"";"0,0"
"21/12/2022";"0300";"25,5";"25,6";"25,5";"";"";"";"";"";"";"1011,7";"1012,1";"1011,7";"2,1";"77,0";"5,6";"";"0,0"
"21/12/2022";"0400";"25,4";"25,7";"25,4";"";"";"";"";"";"";"1011,2";"1011,7";"1011,2";"1,8";"69,0";"4,2";"";"0,0"
"21/12/2022";"0500";"25,5";"25,6";"25,4";"";"";"";"";"";"";"1010,9";"1011,2";"1010,9";"1,8";"76,0";"3,7";"";"0,0"
"21/12/2022";"0600";"25,3";"25,5";"25,3";"41,0";"";"";"10,9";"";"";"1010,6";"1010,9";"1010,5";"1,8";"24,0";"4,5";"";"0,0"
"21/12/2022";"0700";"25,0";"25,3";"25,0";"";"";"";"";"";"";"1010,6";"1010,6";"1010,4";"1,9";"28,0";"3,5";"";"0,0"
"21/12/2022";"0800";"24,8";"25,0";"24,6";"";"";"";"";"";"";"1010,8";"1010,9";"1010,6";"2,4";"28,0";"4,7";"";"0,0"
"21/12/2022";"0900";"25,0";"25,1";"24,7";"";"";"";"";"";"";"1011,5";"1011,5";"1010,8";"2,7";"26,0";"5,1";"75,70";"0,0"
"21/12/2022";"1000";"26,2";"26,3";"25,0";"";"";"";"";"";"";"1011,7";"1011,7";"1011,5";"2,7";"39,0";"5,5";"696,00";"0,0"
"21/12/2022";"1100";"27,6";"27,6";"26,2";"";"";"";"";"";"";"1011,9";"1012,0";"1011,6";"3,3";"25,0";"5,6";"1098,90";"0,0"
"21/12/2022";"1200";"28,9";"29,1";"27,6";"";"";"";"";"";"";"1011,8";"1012,0";"1011,8";"3,6";"78,0";"6,9";"2253,80";"0,0"
"21/12/2022";"1300";"28,5";"29,4";"28,2";"";"";"";"";"";"";"1011,5";"1011,9";"1011,5";"4,1";"82,0";"6,9";"2622,40";"0,0"
"21/12/2022";"1400";"28,1";"29,5";"28,1";"";"";"";"";"";"";"1010,8";"1011,6";"1010,8";"4,7";"83,0";"7,0";"2818,60";"0,0"
"21/12/2022";"1500";"28,3";"28,9";"28,0";"";"";"";"";"";"";"1010,4";"1010,9";"1010,4";"4,8";"81,0";"7,9";"2918,00";"0,0"
"21/12/2022";"1600";"28,7";"29,5";"28,2";"";"";"";"";"";"";"1009,5";"1010,5";"1009,5";"4,6";"75,0";"9,0";"2904,80";"0,0"
"21/12/2022";"1700";"28,7";"29,1";"28,0";"";"";"";"";"";"";"1008,5";"1009,5";"1008,5";"4,8";"82,0";"9,0";"2642,90";"0,0"
"21/12/2022";"1800";"28,2";"28,8";"28,1";"";"";"";"";"";"";"1008,0";"1008,6";"1007,9";"4,8";"75,0";"8,5";"2151,00";"0,0"
"21/12/2022";"1900";"27,6";"28,4";"27,6";"";"";"";"";"";"";"1007,6";"1008,1";"1007,5";"4,8";"79,0";"8,6";"1490,70";"0,0"
"21/12/2022";"2000";"27,0";"27,8";"26,9";"";"";"";"";"";"";"1007,6";"1007,7";"1007,4";"4,7";"78,0";"9,0";"782,70";"0,0"
"21/12/2022";"2100";"26,4";"27,0";"26,4";"";"";"";"";"";"";"1008,1";"1008,1";"1007,5";"4,6";"74,0";"8,7";"137,70";"0,0"
"21/12/2022";"2200";"26,2";"26,4";"26,2";"";"";"";"";"";"";"1009,0";"1009,0";"1008,1";"3,7";"66,0";"8,2";"";"0,0"
"21/12/2022";"2300";"26,1";"26,3";"26,1";"";"";"";"";"";"";"1009,5";"1009,5";"1009,0";"4,2";"66,0";"8,0";"";"0,0"
"22/12/2022";"0000";"26,0";"26,1";"26,0";"";"";"";"";"";"";"1010,4";"1010,4";"1009,5";"3,6";"59,0";"8,0";"";"0,0"
"22/12/2022";"0100";"25,8";"26,0";"25,8";"";"";"";"";"";"";"1010,5";"1010,6";"1010,4";"3,6";"64,0";"7,0";"";"0,0"
"22/12/2022";"0200";"25,8";"25,9";"25,7";"";"";"";"";"";"";"1010,3";"1010,6";"1010,2";"3,3";"53,0";"6,7";"";"0,0"
"22/12/2022";"0300";"25,6";"25,8";"25,6";"";"";"";"";"";"";"1009,7";"1010,3";"1009,7";"2,8";"45,0";"6,3";"";"0,0"
"22/12/2022";"0400";"25,5";"25,6";"25,4";"";"";"";"";"";"";"1009,2";"1009,7";"1009,2";"2,7";"39,0";"5,9";"";"0,0"
"22/12/2022";"0500";"25,4";"25,6";"25,4";"";"";"";"";"";"";"1008,9";"1009,2";"1008,8";"2,2";"43,0";"5,7";"";"0,0"
"22/12/2022";"0600";"25,1";"25,4";"25,1";"";"";"";"";"";"";"1008,7";"1008,9";"1008,6";"2,3";"41,0";"5,9";"";"0,0"
"22/12/2022";"0700";"24,9";"25,1";"24,9";"";"";"";"";"";"";"1008,9";"1008,9";"1008,7";"2,4";"47,0";"5,0";"";"0,0"
"22/12/2022";"0800";"24,5";"24,9";"24,5";"";"";"";"";"";"";"1009,3";"1009,3";"1008,9";"1,8";"48,0";"5,0";"";"0,0"
"22/12/2022";"0900";"24,9";"24,9";"24,5";"";"";"";"";"";"";"1010,0";"1010,0";"1009,3";"2,9";"41,0";"5,3";"71,90";"0,0"
"22/12/2022";"1000";"26,5";"26,5";"24,9";"";"";"";"";"";"";"1010,5";"1010,5";"1010,0";"2,8";"63,0";"5,6";"665,40";"0,0"
"22/12/2022";"1100";"28,2";"28,3";"26,2";"";"";"";"";"";"";"1010,4";"1010,6";"1010,3";"3,8";"36,0";"8,4";"1466,00";"0,0"
"22/12/2022";"1200";"28,4";"28,9";"27,7";"";"";"";"";"";"";"1010,8";"1010,8";"1010,4";"4,2";"68,0";"8,1";"2092,50";"0,0"
"22/12/2022";"1300";"28,7";"29,4";"28,4";"";"";"";"";"";"";"1010,6";"1010,9";"1010,6";"4,3";"73,0";"9,1";"2532,40";"0,0"
"22/12/2022";"1400";"28,9";"29,4";"28,2";"";"";"";"";"";"";"1010,4";"1010,8";"1010,4";"4,9";"79,0";"8,9";"2789,10";"0,0"
"22/12/2022";"1500";"29,0";"29,5";"28,5";"";"";"";"";"";"";"1009,8";"1010,4";"1009,7";"4,9";"80,0";"9,2";"2885,80";"0,0"
"22/12/2022";"1600";"28,9";"29,7";"28,5";"";"";"";"";"";"";"1008,8";"1009,8";"1008,8";"5,0";"74,0";"10,2";"2843,10";"0,0"
"22/12/2022";"1700";"29,2";"29,2";"28,3";"";"";"";"";"";"";"1008,0";"1008,8";"1008,0";"4,7";"76,0";"9,6";"2567,40";"0,0"
"22/12/2022";"1800";"28,1";"29,2";"27,9";"";"";"";"";"";"";"1007,4";"1008,0";"1007,4";"4,7";"74,0";"9,4";"2171,80";"0,0"
"22/12/2022";"1900";"27,4";"28,2";"27,4";"";"";"";"";"";"";"1006,7";"1007,6";"1006,7";"5,0";"73,0";"9,7";"1522,40";"0,0"
"22/12/2022";"2000";"26,7";"27,4";"26,7";"";"";"";"";"";"";"1007,1";"1007,1";"1006,6";"4,7";"76,0";"9,7";"782,50";"0,0"
"22/12/2022";"2100";"26,2";"26,7";"26,2";"";"";"";"";"";"";"1007,5";"1007,5";"1007,0";"4,6";"63,0";"9,4";"92,70";"0,0"
"22/12/2022";"2200";"26,1";"26,2";"26,0";"";"";"";"";"";"";"1008,3";"1008,3";"1007,4";"4,5";"61,0";"9,4";"";"0,0"
"22/12/2022";"2300";"26,0";"26,1";"25,9";"";"";"";"";"";"";"1009,4";"1009,4";"1008,3";"4,5";"55,0";"8,7";"";"0,0"
"23/12/2022";"0000";"25,9";"26,0";"25,9";"";"";"";"";"";"";"1009,9";"1010,0";"1009,3";"4,4";"56,0";"9,0";"";"0,0"
"23/12/2022";"0100";"25,8";"25,9";"25,7";"";"";"";"";"";"";"1010,3";"1010,4";"1009,9";"3,4";"51,0";"7,8";"";"0,0"
"23/12/2022";"0200";"25,6";"25,8";"25,6";"";"";"";"";"";"";"1010,4";"1010,5";"1010,2";"2,8";"59,0";"6,8";"";"0,0"
"23/12/2022";"0300";"25,4";"25,6";"25,4";"";"";"";"";"";"";"1009,6";"1010,4";"1009,6";"3,4";"68,0";"6,1";"";"0,0"
"23/12/2022";"0400";"25,3";"25,4";"25,3";"";"";"";"";"";"";"1009,6";"1009,8";"1009,5";"2,9";"62,0";"6,5";"";"0,0"
"23/12/2022";"0500";"25,3";"25,3";"25,2";"";"";"";"";"";"";"1009,9";"1009,9";"1009,4";"2,7";"45,0";"6,1";"";"0,0"
"23/12/2022";"0600";"25,2";"25,4";"25,2";"";"";"";"";"";"";"1009,4";"1010,1";"1009,4";"2,3";"60,0";"5,1";"";"0,0"
"23/12/2022";"0700";"25,0";"25,3";"24,9";"";"";"";"";"";"";"1009,8";"1009,8";"1009,3";"1,7";"32,0";"4,8";"";"0,0"
"23/12/2022";"0800";"24,9";"25,0";"24,7";"";"";"";"";"";"";"1010,3";"1010,3";"1009,8";"2,0";"55,0";"4,4";"";"0,0"
"23/12/2022";"0900";"25,3";"25,3";"24,8";"";"";"";"";"";"";"1010,9";"1010,9";"1010,3";"1,9";"54,0";"4,0";"122,50";"0,0"
"23/12/2022";"1000";"26,7";"26,8";"25,3";"";"";"";"";"";"";"1011,7";"1011,7";"1010,9";"2,7";"63,0";"4,6";"647,80";"0,0"
"23/12/2022";"1100";"27,3";"27,7";"26,7";"";"";"";"";"";"";"1012,5";"1012,5";"1011,7";"2,5";"85,0";"4,6";"1260,70";"0,0"
"23/12/2022";"1200";"27,8";"27,8";"26,2";"";"";"";"";"";"";"1013,0";"1013,0";"1012,4";"2,0";"69,0";"4,9";"1309,00";"0,0"
"23/12/2022";"1300";"28,9";"29,3";"27,8";"";"";"";"";"";"";"1012,9";"1013,1";"1012,9";"3,2";"86,0";"5,6";"2713,00";"0,0"
"23/12/2022";"1400";"29,3";"29,7";"28,5";"";"";"";"";"";"";"1012,6";"1013,0";"1012,6";"3,5";"85,0";"5,7";"2945,60";"0,0"
"23/12/2022";"1500";"28,8";"30,0";"28,3";"";"";"";"";"";"";"1012,2";"1012,6";"1012,1";"3,6";"86,0";"6,2";"2702,60";"0,0"
"23/12/2022";"1600";"28,6";"29,9";"28,2";"";"";"";"";"";"";"1011,2";"1012,2";"1011,2";"4,1";"86,0";"6,7";"2404,30";"0,0"
"23/12/2022";"1700";"27,7";"29,0";"27,5";"";"";"";"";"";"";"1010,7";"1011,2";"1010,6";"2,1";"32,0";"6,8";"1382,00";"0,0"
"23/12/2022";"1800";"26,1";"27,7";"25,2";"";"";"";"";"";"";"1010,2";"1010,8";"1010,2";"0,4";"50,0";"4,9";"240,70";"0,8"
"23/12/2022";"1900";"27,4";"27,8";"25,9";"";"";"";"";"";"";"1010,1";"1010,2";"1009,9";"2,5";"70,0";"4,5";"1033,80";"0,0"
"23/12/2022";"2000";"27,0";"27,7";"27,0";"";"";"";"";"";"";"1009,8";"1010,1";"1009,8";"3,0";"71,0";"6,3";"796,90";"0,0"
"23/12/2022";"2100";"26,4";"27,1";"26,3";"";"";"";"";"";"";"1010,6";"1010,6";"1009,8";"2,8";"66,0";"6,3";"180,40";"0,0"
"23/12/2022";"2200";"25,9";"26,3";"25,9";"";"";"";"";"";"";"1011,0";"1011,1";"1010,5";"2,9";"77,0";"5,6";"";"0,0"
"23/12/2022";"2300";"26,0";"26,1";"25,9";"";"";"";"";"";"";"1011,8";"1011,8";"1011,0";"3,3";"63,0";"6,2";"";"0,0"
"24/12/2022";"0000";"26,0";"26,2";"26,0";"";"";"";"";"";"";"1012,4";"1012,5";"1011,8";"2,8";"55,0";"6,5";"";"0,0"
"24/12/2022";"0100";"25,8";"26,0";"25,8";"";"";"";"";"";"";"1012,6";"1012,6";"1012,4";"2,3";"57,0";"5,3";"";"0,0"
"24/12/2022";"0200";"25,8";"25,9";"25,7";"";"";"";"";"";"";"1012,4";"1012,7";"1012,4";"2,1";"42,0";"4,6";"";"0,0"
"24/12/2022";"0300";"25,8";"25,8";"25,7";"";"";"";"";"";"";"1011,9";"1012,4";"1011,9";"2,3";"56,0";"4,7";"";"0,0"
"24/12/2022";"0400";"25,7";"25,8";"25,7";"";"";"";"";"";"";"1011,6";"1011,9";"1011,5";"2,3";"49,0";"5,1";"";"0,0"
"24/12/2022";"0500";"25,7";"25,8";"25,7";"";"";"";"";"";"";"1011,1";"1011,6";"1011,1";"2,3";"32,0";"4,8";"";"0,0"
"24/12/2022";"0600";"25,6";"25,8";"25,6";"";"";"";"";"";"";"1010,8";"1011,1";"1010,7";"1,7";"45,0";"4,1";"";"0,0"
"24/12/2022";"0700";"25,0";"25,6";"24,9";"";"";"";"";"";"";"1010,8";"1010,9";"1010,7";"2,3";"65,0";"4,2";"";"0,0"
"24/12/2022";"0800";"25,1";"25,3";"25,0";"";"";"";"";"";"";"1011,6";"1011,6";"1010,8";"1,6";"74,0";"4,2";"";"0,0"
"24/12/2022";"0900";"24,8";"25,3";"24,6";"";"";"";"";"";"";"1012,2";"1012,2";"1011,6";"3,1";"76,0";"6,9";"65,90";"0,0"
"24/12/2022";"1000";"25,4";"25,5";"24,8";"";"";"";"";"";"";"1012,6";"1012,6";"1012,0";"4,7";"78,0";"8,1";"460,10";"0,0"
"24/12/2022";"1100";"26,4";"26,5";"25,4";"";"";"";"";"";"";"1013,0";"1013,1";"1012,6";"3,5";"61,0";"8,1";"1095,20";"0,0"
"24/12/2022";"1200";"26,9";"27,3";"26,2";"";"";"";"";"";"";"1013,4";"1013,4";"1013,0";"3,2";"67,0";"6,8";"1133,30";"0,0"
"24/12/2022";"1300";"27,9";"28,8";"26,9";"";"";"";"";"";"";"1013,3";"1013,5";"1013,3";"3,7";"69,0";"6,5";"2332,70";"0,0"
"24/12/2022";"1400";"28,5";"28,9";"27,8";"";"";"";"";"";"";"1013,0";"1013,4";"1013,0";"3,5";"74,0";"6,9";"2668,50";"0,0"
"24/12/2022";"1500";"28,3";"29,1";"28,1";"";"";"";"";"";"";"1012,2";"1013,0";"1012,2";"4,4";"83,0";"7,5";"3003,50";"0,0"
"24/12/2022";"1600";"28,7";"29,3";"28,3";"";"";"";"";"";"";"1011,4";"1012,2";"1011,3";"4,4";"80,0";"8,1";"2896,30";"0,0"
"24/12/2022";"1700";"28,4";"29,0";"27,9";"";"";"";"";"";"";"1010,7";"1011,4";"1010,6";"4,7";"81,0";"8,6";"2618,70";"0,0"
"24/12/2022";"1800";"27,6";"28,5";"27,5";"";"";"";"";"";"";"1010,6";"1010,8";"1010,5";"4,8";"84,0";"7,6";"2251,00";"0,0"
"24/12/2022";"1900";"27,4";"28,0";"27,3";"";"";"";"";"";"";"1010,7";"1010,8";"1010,4";"3,9";"76,0";"7,5";"1593,30";"0,0"
"24/12/2022";"2000";"26,5";"27,4";"26,5";"";"";"";"";"";"";"1011,0";"1011,1";"1010,7";"3,8";"80,0";"6,5";"692,00";"0,0"
"24/12/2022";"2100";"26,2";"26,6";"26,2";"";"";"";"";"";"";"1011,6";"1011,6";"1011,0";"3,0";"82,0";"6,3";"103,10";"0,0"
"24/12/2022";"2200";"26,0";"26,2";"26,0";"";"";"";"";"";"";"1012,2";"1012,3";"1011,6";"2,9";"79,0";"5,6";"";"0,0"
"24/12/2022";"2300";"26,0";"26,1";"26,0";"";"";"";"";"";"";"1013,1";"1013,1";"1012,2";"2,1";"78,0";"5,1";"";"0,0"
"25/12/2022";"0000";"26,0";"26,1";"25,9";"";"";"";"";"";"";"1013,5";"1013,5";"1013,1";"2,5";"72,0";"3,9";"";"0,0"
"25/12/2022";"0100";"26,0";"26,2";"25,9";"";"";"";"";"";"";"1013,9";"1014,0";"1013,6";"2,5";"74,0";"4,7";"";"0,0"
"25/12/2022";"0200";"25,8";"26,0";"25,8";"";"";"";"";"";"";"1013,7";"1014,0";"1013,7";"1,7";"64,0";"4,3";"";"0,0"
"25/12/2022";"0300";"25,7";"25,8";"25,6";"";"";"";"";"";"";"1012,9";"1013,7";"1012,9";"1,8";"65,0";"3,8";"";"0,0"
"25/12/2022";"0400";"25,7";"25,7";"25,6";"";"";"";"";"";"";"1012,3";"1012,9";"1012,3";"2,4";"67,0";"4,5";"";"0,0"
"25/12/2022";"0500";"25,6";"25,7";"25,5";"";"";"";"";"";"";"1012,1";"1012,3";"1012,0";"2,0";"65,0";"5,6";"";"0,0"
"25/12/2022";"0600";"25,1";"25,6";"24,9";"";"";"";"";"";"";"1011,8";"1012,1";"1011,7";"2,3";"76,0";"4,6";"";"0,0"
"25/12/2022";"0700";"25,1";"25,6";"25,1";"";"";"";"";"";"";"1012,0";"1012,0";"1011,8";"2,0";"30,0";"4,8";"";"0,0"
"25/12/2022";"0800";"24,8";"25,1";"24,8";"";"";"";"";"";"";"1012,3";"1012,3";"1012,0";"1,8";"41,0";"4,6";"";"0,0"
"25/12/2022";"0900";"25,3";"25,4";"24,8";"";"";"";"";"";"";"1013,0";"1013,0";"1012,3";"1,9";"43,0";"4,6";"93,30";"0,0"
"25/12/2022";"1000";"27,2";"27,2";"25,3";"";"";"";"";"";"";"1013,4";"1013,5";"1013,0";"2,8";"57,0";"6,1";"826,60";"0,0"
"25/12/2022";"1100";"28,0";"28,3";"27,0";"";"";"";"";"";"";"1013,8";"1013,8";"1013,4";"2,9";"71,0";"6,8";"1541,00";"0,0"
"25/12/2022";"1200";"28,3";"28,7";"27,4";"";"";"";"";"";"";"1014,1";"1014,1";"1013,8";"3,5";"61,0";"6,9";"2191,50";"0,0"
"25/12/2022";"1300";"28,4";"29,0";"27,8";"";"";"";"";"";"";"1014,0";"1014,1";"1013,9";"3,9";"70,0";"7,4";"2623,00";"0,0"
"25/12/2022";"1400";"29,2";"29,5";"28,2";"";"";"";"";"";"";"1013,8";"1014,0";"1013,7";"4,1";"76,0";"7,4";"2906,50";"0,0"
"25/12/2022";"1500";"28,5";"29,3";"28,0";"";"";"";"";"";"";"1013,1";"1013,8";"1013,1";"3,9";"79,0";"7,6";"2486,20";"0,0"
"25/12/2022";"1600";"28,5";"28,9";"28,2";"";"";"";"";"";"";"1012,5";"1013,1";"1012,5";"3,7";"79,0";"6,1";"2921,20";"0,0"
"25/12/2022";"1700";"27,8";"28,8";"27,5";"";"";"";"";"";"";"1012,0";"1012,5";"1012,0";"3,4";"81,0";"6,2";"2005,40";"0,0"
"25/12/2022";"1800";"27,2";"28,4";"27,0";"";"";"";"";"";"";"1011,5";"1012,1";"1011,5";"3,5";"79,0";"6,5";"1221,70";"0,0"
"25/12/2022";"1900";"27,4";"27,6";"27,1";"";"";"";"";"";"";"1011,4";"1011,6";"1011,3";"3,3";"78,0";"6,5";"873,50";"0,0"
"25/12/2022";"2000";"26,9";"27,4";"26,8";"";"";"";"";"";"";"1011,7";"1011,7";"1011,3";"3,7";"82,0";"6,2";"538,50";"0,0"
"25/12/2022";"2100";"26,3";"26,9";"26,3";"";"";"";"";"";"";"1011,8";"1011,8";"1011,6";"4,7";"78,0";"7,9";"109,00";"0,0"
"25/12/2022";"2200";"26,1";"26,4";"26,1";"";"";"";"";"";"";"1012,1";"1012,1";"1011,8";"3,1";"75,0";"7,9";"";"0,0"
"25/12/2022";"2300";"26,0";"26,1";"25,9";"";"";"";"";"";"";"1012,6";"1012,6";"1012,1";"3,2";"76,0";"8,8";"";"0,0"
"26/12/2022";"0000";"26,2";"26,2";"26,0";"";"";"";"";"";"";"1013,4";"1013,4";"1012,6";"4,1";"79,0";"8,8";"";"0,0"
"26/12/2022";"0100";"26,1";"26,2";"26,0";"";"";"";"";"";"";"1013,2";"1013,4";"1013,1";"3,7";"82,0";"7,5";"";"0,0"
"26/12/2022";"0200";"26,0";"26,1";"26,0";"";"";"";"";"";"";"1013,2";"1013,4";"1013,2";"3,6";"82,0";"6,9";"";"0,0"
"26/12/2022";"0300";"25,4";"26,1";"25,4";"";"";"";"";"";"";"1012,7";"1013,2";"1012,7";"2,9";"80,0";"6,3";"";"0,0"
"26/12/2022";"0400";"25,7";"25,7";"25,3";"";"";"";"";"";"";"1012,1";"1012,7";"1012,1";"3,1";"79,0";"5,8";"";"0,0"
"26/12/2022";"0500";"25,7";"25,8";"25,6";"";"";"";"";"";"";"1012,0";"1012,1";"1011,9";"2,3";"72,0";"5,5";"";"0,0"
"26/12/2022";"0600";"24,4";"25,7";"24,4";"";"";"";"";"";"";"1011,8";"1012,0";"1011,7";"2,7";"55,0";"7,2";"";"0,0"
"26/12/2022";"0700";"24,2";"25,0";"24,2";"";"";"";"";"";"";"1012,1";"1012,1";"1011,8";"3,1";"62,0";"8,3";"";"0,0"
"26/12/2022";"0800";"24,0";"25,0";"24,0";"";"";"";"";"";"";"1012,7";"1012,8";"1012,0";"4,7";"53,0";"9,3";"";"0,0"
"26/12/2022";"0900";"24,8";"24,8";"23,5";"";"";"";"";"";"";"1013,1";"1013,1";"1012,7";"2,1";"49,0";"9,3";"80,30";"0,0"
"26/12/2022";"1000";"26,1";"26,3";"24,8";"";"";"";"";"";"";"1013,1";"1013,2";"1013,1";"1,6";"37,0";"6,6";"808,10";"0,0"
"26/12/2022";"1100";"27,0";"27,1";"25,9";"";"";"";"";"";"";"1013,4";"1013,4";"1013,1";"2,5";"68,0";"5,3";"1219,30";"0,0"
"26/12/2022";"1200";"27,2";"28,4";"26,9";"";"";"";"";"";"";"1013,6";"1013,7";"1013,4";"2,3";"62,0";"5,3";"1830,80";"0,0"
"26/12/2022";"1300";"27,0";"28,3";"25,1";"";"";"";"";"";"";"1013,6";"1013,8";"1013,5";"2,8";"80,0";"6,8";"2153,90";"0,6"
"26/12/2022";"1400";"25,2";"28,6";"25,2";"";"";"";"";"";"";"1013,7";"1013,7";"1013,4";"3,9";"74,0";"8,7";"2410,90";"0,2"
"26/12/2022";"1500";"27,5";"28,1";"25,1";"";"";"";"";"";"";"1013,2";"1013,7";"1013,1";"3,3";"84,0";"8,5";"2636,20";"0,0"
"26/12/2022";"1600";"28,8";"29,0";"27,5";"";"";"";"";"";"";"1012,8";"1013,2";"1012,7";"3,7";"73,0";"6,2";"2943,60";"0,0"
"26/12/2022";"1700";"28,3";"29,3";"28,0";"";"";"";"";"";"";"1012,1";"1012,8";"1012,1";"3,9";"76,0";"7,4";"2723,40";"0,0"
"26/12/2022";"1800";"28,3";"28,7";"27,8";"";"";"";"";"";"";"1011,5";"1012,1";"1011,4";"3,4";"80,0";"7,3";"2184,10";"0,0"
"26/12/2022";"1900";"26,4";"28,4";"26,4";"";"";"";"";"";"";"1011,6";"1011,7";"1011,5";"4,5";"78,0";"8,3";"1342,60";"0,0"
"26/12/2022";"2000";"25,6";"26,7";"25,6";"";"";"";"";"";"";"1011,8";"1011,8";"1011,5";"4,4";"74,0";"8,4";"569,90";"0,0"
"26/12/2022";"2100";"24,1";"25,6";"24,0";"";"";"";"";"";"";"1012,0";"1012,0";"1011,7";"4,1";"78,0";"8,6";"64,00";"0,4"
"26/12/2022";"2200";"25,1";"25,2";"23,4";"";"";"";"";"";"";"1012,0";"1012,2";"1011,9";"2,8";"82,0";"7,0";"";"0,6"
"26/12/2022";"2300";"25,8";"25,8";"24,5";"";"";"";"";"";"";"1012,4";"1012,4";"1012,0";"3,0";"79,0";"7,1";"";"0,2"
"27/12/2022";"0000";"25,9";"26,0";"25,6";"";"";"";"";"";"";"1012,9";"1013,0";"1012,4";"2,8";"77,0";"7,7";"";"0,0"
"27/12/2022";"0100";"26,2";"26,2";"26,0";"";"";"";"";"";"";"1013,4";"1013,4";"1012,9";"3,1";"82,0";"6,5";"";"0,0"
"27/12/2022";"0200";"26,0";"26,2";"26,0";"";"";"";"";"";"";"1013,2";"1013,5";"1013,1";"2,4";"74,0";"5,9";"";"0,0"
"27/12/2022";"0300";"25,9";"26,1";"25,9";"";"";"";"";"";"";"1012,6";"1013,2";"1012,6";"1,3";"43,0";"5,2";"";"0,0"
"27/12/2022";"0400";"26,1";"26,1";"25,6";"";"";"";"";"";"";"1011,9";"1012,6";"1011,9";"2,6";"77,0";"5,0";"";"0,0"
"27/12/2022";"0500";"25,8";"26,1";"25,7";"";"";"";"";"";"";"1011,8";"1011,9";"1011,7";"3,0";"79,0";"7,5";"";"0,0"
"27/12/2022";"0600";"25,8";"25,9";"25,7";"";"";"";"";"";"";"1012,0";"1012,0";"1011,8";"2,6";"79,0";"6,2";"";"0,0"
"27/12/2022";"0700";"25,6";"25,9";"25,6";"";"";"";"";"";"";"1012,2";"1012,2";"1012,0";"2,4";"78,0";"5,2";"";"0,0"
"27/12/2022";"0800";"25,6";"25,7";"25,6";"";"";"";"";"";"";"1012,7";"1012,7";"1012,2";"2,4";"78,0";"5,3";"";"0,0"
"27/12/2022";"0900";"26,1";"26,1";"25,5";"";"";"";"";"";"";"1013,6";"1013,6";"1012,7";"2,3";"79,0";"4,5";"117,70";"0,0"
"27/12/2022";"1000";"27,1";"27,2";"26,1";"";"";"";"";"";"";"1014,0";"1014,0";"1013,6";"2,4";"78,0";"4,4";"850,50";"0,0"
"27/12/2022";"1100";"27,3";"27,9";"27,0";"";"";"";"";"";"";"1014,5";"1014,5";"1014,0";"3,1";"80,0";"4,5";"1772,50";"0,0"
"27/12/2022";"1200";"28,0";"28,1";"27,3";"";"";"";"";"";"";"1014,7";"1014,8";"1014,5";"3,5";"73,0";"6,3";"2094,10";"0,0"
"27/12/2022";"1300";"27,9";"28,6";"27,7";"";"";"";"";"";"";"1014,7";"1014,9";"1014,7";"3,3";"82,0";"6,3";"2453,10";"0,0"
"27/12/2022";"1400";"28,2";"29,2";"27,9";"";"";"";"";"";"";"1014,3";"1014,8";"1014,3";"2,5";"72,0";"6,3";"2749,00";"0,0"
"27/12/2022";"1500";"28,9";"29,4";"27,9";"";"";"";"";"";"";"1014,0";"1014,5";"1014,0";"3,6";"72,0";"6,3";"2967,70";"0,0"
"27/12/2022";"1600";"29,2";"29,3";"28,1";"";"";"";"";"";"";"1013,7";"1014,0";"1013,6";"2,3";"75,0";"7,5";"2943,40";"0,0"
"27/12/2022";"1700";"28,8";"29,8";"28,3";"";"";"";"";"";"";"1013,2";"1013,7";"1013,1";"2,8";"67,0";"7,5";"2747,30";"0,0"
"27/12/2022";"1800";"28,9";"29,3";"28,3";"";"";"";"";"";"";"1013,0";"1013,2";"1012,9";"1,5";"64,0";"6,9";"2256,60";"0,0"
"27/12/2022";"1900";"28,0";"28,9";"27,9";"";"";"";"";"";"";"1012,9";"1013,0";"1012,8";"2,4";"69,0";"7,5";"1579,40";"0,0"
"27/12/2022";"2000";"27,6";"28,4";"27,6";"";"";"";"";"";"";"1013,0";"1013,1";"1012,9";"1,3";"71,0";"5,3";"820,70";"0,0"
"27/12/2022";"2100";"26,7";"27,6";"26,6";"";"";"";"";"";"";"1013,5";"1013,5";"1013,0";"1,8";"70,0";"5,0";"148,80";"0,0"
"27/12/2022";"2200";"26,4";"26,7";"26,4";"";"";"";"";"";"";"1013,5";"1013,6";"1013,4";"2,4";"77,0";"4,9";"";"0,0"
"27/12/2022";"2300";"26,3";"26,5";"26,3";"";"";"";"";"";"";"1014,0";"1014,0";"1013,5";"1,4";"66,0";"4,4";"";"0,0"
"28/12/2022";"0000";"26,2";"26,4";"26,1";"";"";"";"";"";"";"1014,5";"1014,5";"1014,0";"0,9";"43,0";"3,5";"";"0,0"
"28/12/2022";"0100";"26,3";"26,3";"26,2";"";"";"";"";"";"";"1014,5";"1014,6";"1014,4";"3,2";"82,0";"5,4";"";"0,0"
"28/12/2022";"0200";"25,9";"26,4";"25,7";"";"";"";"";"";"";"1014,3";"1014,5";"1014,3";"1,8";"66,0";"5,4";"";"0,0"
"28/12/2022";"0300";"26,1";"26,2";"25,9";"";"";"";"";"";"";"1013,5";"1014,3";"1013,5";"3,0";"79,0";"5,9";"";"0,0"
"28/12/2022";"0400";"25,9";"26,1";"25,8";"";"";"";"";"";"";"1012,9";"1013,5";"1012,9";"2,3";"78,0";"6,0";"";"0,0"
"28/12/2022";"0500";"25,3";"26,1";"25,3";"";"";"";"";"";"";"1012,8";"1012,9";"1012,7";"2,7";"53,0";"6,6";"";"0,0"
"28/12/2022";"0600";"26,0";"26,1";"25,3";"";"";"";"";"";"";"1012,7";"1012,9";"1012,7";"2,9";"76,0";"5,6";"";"0,0"
"28/12/2022";"0700";"25,3";"26,1";"25,3";"";"";"";"";"";"";"1012,9";"1012,9";"1012,6";"2,0";"31,0";"5,8";"";"0,0"
"28/12/2022";"0800";"24,7";"25,3";"24,6";"";"";"";"";"";"";"1013,4";"1013,4";"1012,9";"1,4";"26,0";"3,5";"";"0,0"
"28/12/2022";"0900";"25,2";"25,3";"24,7";"";"";"";"";"";"";"1014,1";"1014,1";"1013,4";"1,4";"38,0";"2,5";"90,50";"0,0"
"28/12/2022";"1000";"26,2";"26,7";"25,2";"";"";"";"";"";"";"1014,6";"1014,6";"1014,1";"1,6";"51,0";"2,9";"601,60";"0,0"
"28/12/2022";"1100";"27,8";"27,9";"26,2";"";"";"";"";"";"";"1015,1";"1015,1";"1014,6";"2,4";"62,0";"4,6";"1503,80";"0,0"
"28/12/2022";"1200";"28,3";"28,7";"27,7";"";"";"";"";"";"";"1015,5";"1015,6";"1015,1";"2,7";"86,0";"4,9";"2182,40";"0,0"
"28/12/2022";"1300";"28,3";"28,9";"27,5";"";"";"";"";"";"";"1015,4";"1015,5";"1015,4";"3,9";"80,0";"6,1";"2527,40";"0,0"
"28/12/2022";"1400";"28,8";"29,2";"27,0";"";"";"";"";"";"";"1015,1";"1015,5";"1015,1";"3,5";"81,0";"6,6";"2553,50";"0,0"
"28/12/2022";"1500";"28,5";"28,9";"28,0";"";"";"";"";"";"";"1014,8";"1015,0";"1014,7";"3,4";"74,0";"6,2";"2956,60";"0,0"
"28/12/2022";"1600";"29,1";"29,6";"28,4";"";"";"";"";"";"";"1014,1";"1014,8";"1014,1";"3,3";"72,0";"6,1";"2956,40";"0,0"
"28/12/2022";"1700";"28,2";"29,3";"28,2";"";"";"";"";"";"";"1013,3";"1014,1";"1013,2";"3,3";"73,0";"6,7";"2678,90";"0,0"
"28/12/2022";"1800";"28,9";"29,4";"28,1";"";"";"";"";"";"";"1012,8";"1013,3";"1012,8";"2,8";"74,0";"6,9";"2256,40";"0,0"
"28/12/2022";"1900";"28,2";"29,1";"28,1";"";"";"";"";"";"";"1012,3";"1012,8";"1012,3";"3,6";"74,0";"9,0";"1574,20";"0,0"
"28/12/2022";"2000";"27,4";"28,2";"27,4";"";"";"";"";"";"";"1012,9";"1012,9";"1012,3";"3,8";"79,0";"7,4";"848,40";"0,0"
"28/12/2022";"2100";"27,0";"27,4";"26,9";"";"";"";"";"";"";"1013,3";"1013,3";"1012,9";"3,5";"80,0";"7,0";"87,60";"0,0"
"28/12/2022";"2200";"26,4";"27,0";"26,4";"";"";"";"";"";"";"1013,8";"1013,8";"1013,3";"2,9";"77,0";"6,9";"";"0,0"
"28/12/2022";"2300";"26,5";"26,6";"26,4";"";"";"";"";"";"";"1014,0";"1014,1";"1013,8";"4,0";"76,0";"6,9";"";"0,0"
"29/12/2022";"0000";"26,5";"26,6";"26,4";"";"";"";"";"";"";"1014,4";"1014,5";"1014,0";"4,2";"81,0";"7,1";"";"0,0"
"29/12/2022";"0100";"26,4";"26,6";"26,3";"";"";"";"";"";"";"1014,6";"1014,8";"1014,4";"3,5";"78,0";"7,0";"";"0,0"
"29/12/2022";"0200";"26,4";"26,5";"26,3";"";"";"";"";"";"";"1014,6";"1014,8";"1014,5";"3,3";"77,0";"7,3";"";"0,0"
"29/12/2022";"0300";"26,4";"26,6";"26,4";"";"";"";"";"";"";"1014,4";"1014,6";"1014,3";"3,5";"78,0";"7,2";"";"0,0"
"29/12/2022";"0400";"26,4";"26,5";"26,3";"";"";"";"";"";"";"1014,2";"1014,4";"1014,1";"3,5";"75,0";"7,0";"";"0,0"
"29/12/2022";"0500";"26,3";"26,4";"26,2";"";"";"";"";"";"";"1013,9";"1014,2";"1013,9";"3,2";"75,0";"6,1";"";"0,0"
"29/12/2022";"0600";"26,2";"26,3";"25,9";"";"";"";"";"";"";"1014,0";"1014,0";"1013,7";"3,3";"79,0";"6,4";"";"0,0"
"29/12/2022";"0700";"26,2";"26,2";"26,1";"";"";"";"";"";"";"1014,3";"1014,4";"1013,9";"3,1";"78,0";"5,7";"";"0,0"
"29/12/2022";"0800";"26,0";"26,2";"25,8";"";"";"";"";"";"";"1014,7";"1014,7";"1014,3";"2,5";"65,0";"6,4";"";"0,0"
"29/12/2022";"0900";"26,4";"26,4";"26,0";"";"";"";"";"";"";"1015,2";"1015,3";"1014,7";"2,5";"70,0";"5,4";"85,30";"0,0"
"29/12/2022";"1000";"27,0";"27,0";"26,3";"";"";"";"";"";"";"1015,6";"1015,7";"1015,2";"3,1";"75,0";"5,7";"424,50";"0,0"
"29/12/2022";"1100";"27,8";"28,1";"27,0";"";"";"";"";"";"";"1015,9";"1015,9";"1015,6";"3,6";"54,0";"6,1";"1449,10";"0,0"
"29/12/2022";"1200";"28,4";"28,6";"27,7";"";"";"";"";"";"";"1015,9";"1016,1";"1015,9";"3,6";"73,0";"6,1";"2170,80";"0,0"
"29/12/2022";"1300";"28,8";"29,2";"27,9";"";"";"";"";"";"";"1015,4";"1016,0";"1015,4";"3,2";"73,0";"5,8";"2593,60";"0,0"
"29/12/2022";"1400";"28,4";"29,5";"27,9";"";"";"";"";"";"";"1015,2";"1015,4";"1015,2";"3,4";"76,0";"5,6";"2861,80";"0,0"
"29/12/2022";"1500";"29,6";"29,6";"28,2";"";"";"";"";"";"";"1014,7";"1015,2";"1014,6";"2,9";"75,0";"6,4";"2976,60";"0,0"
"29/12/2022";"1600";"29,0";"30,1";"28,3";"";"";"";"";"";"";"1013,9";"1014,7";"1013,9";"2,4";"90,0";"6,1";"2976,00";"0,0"
"29/12/2022";"1700";"29,0";"29,4";"28,3";"";"";"";"";"";"";"1013,4";"1014,0";"1013,3";"3,3";"78,0";"6,3";"2756,00";"0,0"
"29/12/2022";"1800";"28,5";"29,5";"28,2";"";"";"";"";"";"";"1013,2";"1013,4";"1013,1";"3,7";"72,0";"6,8";"2302,30";"0,0"
"29/12/2022";"1900";"28,0";"28,7";"27,9";"";"";"";"";"";"";"1013,1";"1013,2";"1013,0";"3,6";"82,0";"6,8";"1479,20";"0,0"
"29/12/2022";"2000";"27,4";"28,2";"27,4";"";"";"";"";"";"";"1013,1";"1013,2";"1013,0";"3,0";"77,0";"7,4";"872,70";"0,0"
"29/12/2022";"2100";"26,8";"27,5";"26,8";"";"";"";"";"";"";"1013,5";"1013,5";"1013,1";"1,6";"63,0";"6,3";"181,30";"0,0"
"29/12/2022";"2200";"26,7";"26,8";"26,6";"";"";"";"";"";"";"1013,9";"1013,9";"1013,5";"1,7";"71,0";"5,3";"";"0,0"
"29/12/2022";"2300";"26,6";"26,7";"26,4";"";"";"";"";"";"";"1014,1";"1014,1";"1013,9";"1,1";"54,0";"4,8";"";"0,0"
"30/12/2022";"0000";"26,6";"26,7";"26,5";"";"";"";"";"";"";"1014,4";"1014,5";"1014,1";"2,4";"74,0";"5,9";"";"0,0"
"30/12/2022";"0100";"26,5";"26,6";"26,5";"";"";"";"";"";"";"1014,5";"1014,6";"1014,4";"3,7";"79,0";"7,0";"";"0,0"
"30/12/2022";"0200";"26,4";"26,6";"26,4";"";"";"";"";"";"";"1014,4";"1014,6";"1014,3";"1,9";"76,0";"7,1";"";"0,0"
"30/12/2022";"0300";"26,3";"26,4";"26,2";"";"";"";"";"";"";"1013,8";"1014,4";"1013,8";"2,8";"77,0";"5,5";"";"0,0"
"30/12/2022";"0400";"26,3";"26,3";"26,2";"";"";"";"";"";"";"1013,2";"1013,8";"1013,2";"3,8";"80,0";"6,8";"";"0,0"
"30/12/2022";"0500";"26,1";"26,3";"26,1";"";"";"";"";"";"";"1013,1";"1013,3";"1013,0";"3,2";"79,0";"7,3";"";"0,0"
"30/12/2022";"0600";"26,1";"26,2";"25,9";"";"";"";"";"";"";"1013,1";"1013,1";"1012,9";"3,2";"74,0";"5,7";"";"0,0"
"30/12/2022";"0700";"25,9";"26,1";"25,8";"";"";"";"";"";"";"1013,1";"1013,1";"1012,9";"2,5";"67,0";"6,0";"";"0,0"
"30/12/2022";"0800";"25,8";"26,0";"25,7";"";"";"";"";"";"";"1013,4";"1013,4";"1013,1";"2,2";"68,0";"5,3";"";"0,0"
"30/12/2022";"0900";"26,7";"26,7";"25,7";"";"";"";"";"";"";"1014,0";"1014,0";"1013,4";"2,2";"78,0";"4,4";"104,40";"0,0"
"30/12/2022";"1000";"27,8";"27,8";"26,6";"";"";"";"";"";"";"1014,3";"1014,4";"1014,0";"1,6";"82,0";"6,3";"729,10";"0,0"
"30/12/2022";"1100";"27,9";"28,4";"27,4";"";"";"";"";"";"";"1014,9";"1014,9";"1014,3";"3,9";"66,0";"7,0";"1544,60";"0,0"
"30/12/2022";"1200";"28,5";"29,2";"27,9";"";"";"";"";"";"";"1015,0";"1015,1";"1014,8";"3,7";"79,0";"7,5";"2206,40";"0,0"
"30/12/2022";"1300";"29,2";"29,5";"28,4";"";"";"";"";"";"";"1014,9";"1015,1";"1014,8";"4,4";"76,0";"8,1";"2598,50";"0,0"
"30/12/2022";"1400";"29,0";"29,4";"28,6";"";"";"";"";"";"";"1014,5";"1015,0";"1014,4";"4,7";"82,0";"7,5";"2900,50";"0,0"
"30/12/2022";"1500";"29,0";"30,1";"28,8";"";"";"";"";"";"";"1013,8";"1014,5";"1013,8";"4,3";"82,0";"8,7";"2992,50";"0,0"
"30/12/2022";"1600";"28,7";"30,0";"28,7";"";"";"";"";"";"";"1013,1";"1013,9";"1013,1";"4,5";"78,0";"8,2";"2994,30";"0,0"
"30/12/2022";"1700";"29,0";"29,5";"28,5";"";"";"";"";"";"";"1012,8";"1013,2";"1012,8";"3,6";"78,0";"7,9";"2784,70";"0,0"
"30/12/2022";"1800";"28,4";"29,3";"28,1";"";"";"";"";"";"";"1012,4";"1012,8";"1012,3";"3,8";"74,0";"7,3";"2162,80";"0,0"
"30/12/2022";"1900";"28,0";"28,9";"28,0";"";"";"";"";"";"";"1012,3";"1012,4";"1012,1";"3,8";"78,0";"8,1";"1620,50";"0,0"
"30/12/2022";"2000";"27,7";"28,3";"27,6";"";"";"";"";"";"";"1012,6";"1012,6";"1012,3";"2,5";"74,0";"8,1";"816,60";"0,0"
"30/12/2022";"2100";"27,0";"27,8";"27,0";"";"";"";"";"";"";"1012,8";"1012,9";"1012,6";"1,0";"30,0";"5,3";"178,70";"0,0"
"30/12/2022";"2200";"26,7";"27,1";"26,5";"";"";"";"";"";"";"1013,3";"1013,3";"1012,8";"0,8";"23,0";"3,6";"";"0,0"
"30/12/2022";"2300";"26,8";"26,8";"26,7";"";"";"";"";"";"";"1013,6";"1013,6";"1013,3";"1,9";"85,0";"6,1";"";"0,0"
"31/12/2022";"0000";"26,9";"26,9";"26,7";"";"";"";"";"";"";"1014,2";"1014,2";"1013,6";"3,5";"80,0";"6,2";"";"0,0"
"31/12/2022";"0100";"26,8";"26,9";"26,7";"";"";"";"";"";"";"1014,3";"1014,4";"1014,2";"3,7";"77,0";"6,5";"";"0,0"
"31/12/2022";"0200";"26,8";"26,9";"26,7";"";"";"";"";"";"";"1014,1";"1014,5";"1014,0";"4,0";"80,0";"7,1";"";"0,0"
"31/12/2022";"0300";"26,5";"26,8";"26,5";"";"";"";"";"";"";"1013,7";"1014,1";"1013,7";"3,4";"77,0";"7,0";"";"0,0"
"31/12/2022";"0400";"26,2";"26,6";"26,2";"";"";"";"";"";"";"1013,2";"1013,7";"1013,2";"2,6";"78,0";"6,9";"";"0,0"
"31/12/2022";"0500";"26,0";"26,3";"26,0";"";"";"";"";"";"";"1012,8";"1013,3";"1012,8";"2,4";"77,0";"5,5";"";"0,0"
"31/12/2022";"0600";"25,9";"26,0";"25,9";"";"";"";"";"";"";"1012,7";"1012,9";"1012,6";"2,1";"79,0";"4,5";"";"0,0"
"31/12/2022";"0700";"25,9";"26,0";"25,8";"";"";"";"";"";"";"1013,0";"1013,0";"1012,7";"2,3";"81,0";"3,7";"";"0,0"
"31/12/2022";"0800";"25,9";"26,0";"25,8";"";"";"";"";"";"";"1013,3";"1013,3";"1013,0";"1,5";"82,0";"4,4";"";"0,0"
"31/12/2022";"0900";"26,2";"26,2";"25,9";"";"";"";"";"";"";"1013,8";"1013,8";"1013,2";"2,2";"77,0";"4,9";"55,80";"0,0"
"31/12/2022";"1000";"27,3";"27,5";"26,1";"";"";"";"";"";"";"1014,3";"1014,4";"1013,8";"2,4";"79,0";"4,9";"644,50";"0,0"
"31/12/2022";"1100";"28,1";"28,2";"27,3";"";"";"";"";"";"";"1014,9";"1014,9";"1014,3";"2,4";"83,0";"5,1";"1559,40";"0,0"
"31/12/2022";"1200";"28,6";"29,0";"28,0";"";"";"";"";"";"";"1015,2";"1015,2";"1014,8";"3,2";"82,0";"5,8";"2213,00";"0,0"
"31/12/2022";"1300";"28,2";"28,8";"27,7";"";"";"";"";"";"";"1015,0";"1015,3";"1015,0";"3,9";"81,0";"5,9";"1894,00";"0,0"
"31/12/2022";"1400";"28,6";"29,0";"27,0";"";"";"";"";"";"";"1014,7";"1015,1";"1014,7";"4,1";"77,0";"7,1";"2077,90";"0,0"
"31/12/2022";"1500";"28,3";"29,1";"27,8";"";"";"";"";"";"";"1014,5";"1014,8";"1014,5";"3,4";"84,0";"7,1";"3006,10";"0,0"
"31/12/2022";"1600";"28,5";"29,5";"27,9";"";"";"";"";"";"";"1014,2";"1014,5";"1014,2";"3,3";"77,0";"6,1";"2983,90";"0,0"
"31/12/2022";"1700";"28,5";"28,8";"27,7";"";"";"";"";"";"";"1013,5";"1014,2";"1013,5";"2,8";"68,0";"6,3";"2065,60";"0,0"
"31/12/2022";"1800";"28,2";"28,5";"24,7";"";"";"";"";"";"";"1013,2";"1013,8";"1013,2";"0,9";"324,0";"4,6";"1081,90";"2,0"
"31/12/2022";"1900";"27,5";"28,6";"27,5";"";"";"";"";"";"";"1012,9";"1013,2";"1012,9";"1,6";"65,0";"4,1";"1621,20";"0,0"
"31/12/2022";"2000";"27,6";"28,3";"27,1";"";"";"";"";"";"";"1013,1";"1013,2";"1012,9";"2,2";"69,0";"5,0";"677,80";"0,0"
"31/12/2022";"2100";"27,0";"27,7";"27,0";"";"";"";"";"";"";"1013,3";"1013,3";"1013,0";"3,5";"79,0";"6,0";"154,50";"0,0"
"31/12/2022";"2200";"26,7";"27,0";"26,5";"";"";"";"";"";"";"1014,0";"1014,0";"1013,2";"0,9";"58,0";"6,0";"";"0,0"
"31/12/2022";"2300";"26,8";"26,9";"26,5";"";"";"";"";"";"";"1014,4";"1014,4";"1014,0";"1,0";"58,0";"3,5";"";"0,0"