"Data";"Hora (UTC)";"Temp. Ins. (C)";"Temp. Max. (C)";"Temp. Min. (C)";"Umi. Ins. (%)";"Umi. Max. (%)";"Umi. Min. (%)";"Pto Orvalho Ins. (C)";"Pto Orvalho Max. (C)";"Pto Orvalho Min. (C)";"Pressao Ins. (hPa)";"Pressao Max. (hPa)";"Pressao Min. (hPa)";"Vel. Vento (m/s)";"Dir. Vento (m/s)";"Raj. Vento (m/s)";"Radiacao (KJ/m²)";"Chuva (mm)"
"01/01/2025";"0000";"";"";"";"69,0";"69,0";"68,0";"";"";"";"1013,0";"1013,1";"1012,7";"3,8";"89,0";"8,0";"";"0,0"
"01/01/2025";"0100";"";"";"";"66,0";"69,0";"65,0";"";"";"";"1013,2";"1013,2";"1013,0";"4,1";"90,0";"8,0";"";"0,0"
"01/01/2025";"0200";"";"";"";"69,0";"70,0";"66,0";"";"";"";"1013,0";"1013,3";"1013,0";"3,7";"87,0";"7,7";"";"0,0"
"01/01/2025";"0300";"";"";"";"69,0";"70,0";"68,0";"";"";"";"1012,5";"1013,0";"1012,5";"4,0";"90,0";"7,8";"";"0,0"
"01/01/2025";"0400";"";"";"";"70,0";"71,0";"69,0";"";"";"";"1011,9";"1012,5";"1011,8";"4,0";"90,0";"7,8";"";"0,0"
"01/01/2025";"0500";"";"";"";"71,0";"72,0";"70,0";"";"";"";"1011,8";"1011,9";"1011,6";"3,5";"89,0";"7,2";"";"0,0"
"01/01/2025";"0600";"";"";"";"70,0";"72,0";"69,0";"";"";"";"1011,8";"1011,8";"1011,6";"3,3";"87,0";"7,0";"";"0,0"
"01/01/2025";"0700";"";"";"";"69,0";"71,0";"68,0";"";"";"";"1011,8";"1011,8";"1011,6";"3,4";"90,0";"6,6";"";"0,0"
"01/01/2025";"0800";"";"";"";"68,0";"72,0";"68,0";"";"";"";"1012,2";"1012,2";"1011,8";"3,1";"86,0";"6,5";"";"0,0"
"01/01/2025";"0900";"";"";"";"68,0";"70,0";"68,0";"";"";"";"1012,6";"1012,7";"1012,1";"3,5";"86,0";"6,7";"73,20";"0,0"
"01/01/2025";"1000";"";"";"";"63,0";"68,0";"63,0";"";"";"";"1012,9";"1012,9";"1012,6";"3,4";"86,0";"6,9";"672,00";"0,0"
"01/01/2025";"1100";"";"";"";"64,0";"65,0";"60,0";"";"";"";"1013,5";"1013,5";"1012,8";"3,1";"79,0";"8,1";"1377,50";"0,0"
"01/01/2025";"1200";"";"";"";"58,0";"64,0";"56,0";"";"";"";"1013,8";"1013,8";"1013,4";"4,0";"82,0";"7,2";"1872,00";"0,0"
"01/01/2025";"1300";"";"";"";"58,0";"61,0";"55,0";"";"";"";"1013,8";"1014,0";"1013,8";"4,3";"91,0";"7,5";"2537,10";"0,0"
"01/01/2025";"1400";"";"";"";"57,0";"60,0";"55,0";"";"";"";"1013,2";"1013,9";"1013,2";"4,2";"90,0";"8,3";"2788,70";"0,0"
"01/01/2025";"1500";"";"";"";"56,0";"59,0";"55,0";"";"";"";"1012,8";"1013,3";"1012,8";"4,1";"84,0";"7,7";"2909,40";"0,0"
"01/01/2025";"1600";"";"";"";"56,0";"59,0";"54,0";"";"";"";"1012,0";"1012,8";"1012,0";"3,1";"82,0";"7,7";"2934,40";"0,0"
"01/01/2025";"1700";"";"";"";"58,0";"58,0";"54,0";"";"";"";"1011,2";"1012,0";"1011,2";"3,2";"85,0";"8,1";"2737,80";"0,0"
"01/01/2025";"1800";"";"";"";"59,0";"61,0";"56,0";"";"";"";"1010,6";"1011,2";"1010,6";"3,4";"83,0";"6,9";"2291,10";"0,0"
"01/01/2025";"1900";"";"";"";"62,0";"63,0";"58,0";"";"";"";"1010,3";"1010,6";"1010,2";"2,8";"80,0";"6,8";"1653,80";"0,0"
"01/01/2025";"2000";"";"";"";"64,0";"65,0";"60,0";"";"";"";"1010,7";"1010,8";"1010,2";"3,0";"84,0";"6,6";"921,10";"0,0"
"01/01/2025";"2100";"";"";"";"68,0";"69,0";"64,0";"";"";"";"1011,2";"1011,2";"1010,7";"2,9";"85,0";"6,3";"177,00";"0,0"
"01/01/2025";"2200";"";"";"";"69,0";"70,0";"68,0";"";"";"";"1011,5";"1011,5";"1011,1";"3,4";"90,0";"6,3";"";"0,0"
"01/01/2025";"2300";"";"";"";"70,0";"71,0";"69,0";"";"";"";"1012,1";"1012,2";"1011,5";"3,3";"89,0";"6,8";"";"0,0"
"02/01/2025";"0000";"";"";"";"69,0";"71,0";"69,0";"";"";"";"1012,6";"1012,6";"1012,1";"3,2";"89,0";"6,7";"";"0,0"
"02/01/2025";"0100";"";"";"";"69,0";"70,0";"68,0";"";"";"";"1013,0";"1013,0";"1012,6";"3,0";"85,0";"6,7";"";"0,0"
"02/01/2025";"0200";"";"";"";"68,0";"69,0";"68,0";"";"";"";"1013,0";"1013,2";"1013,0";"1,7";"94,0";"6,0";"";"0,0"
"02/01/2025";"0300";"";"";"";"68,0";"69,0";"68,0";"";"";"";"1012,8";"1013,0";"1012,7";"2,5";"85,0";"5,7";"";"0,0"
"02/01/2025";"0400";"";"";"";"68,0";"69,0";"67,0";"";"";"";"1012,1";"1012,8";"1012,1";"2,4";"89,0";"5,7";"";"0,0"
"02/01/2025";"0500";"";"";"";"70,0";"71,0";"68,0";"";"";"";"1011,8";"1012,1";"1011,7";"1,8";"65,0";"5,2";"";"0,0"
"02/01/2025";"0600";"";"";"";"70,0";"70,0";"69,0";"";"";"";"1011,7";"1011,8";"1011,7";"2,0";"82,0";"4,9";"";"0,0"
"02/01/2025";"0700";"";"";"";"70,0";"71,0";"69,0";"";"";"";"1011,9";"1012,0";"1011,7";"2,1";"83,0";"4,7";"";"0,0"
"02/01/2025";"0800";"";"";"";"71,0";"73,0";"69,0";"";"";"";"1012,3";"1012,3";"1011,8";"1,3";"82,0";"4,9";"";"0,0"
"02/01/2025";"0900";"";"";"";"69,0";"72,0";"69,0";"";"";"";"1013,0";"1013,0";"1012,3";"1,9";"84,0";"3,9";"42,50";"0,0"
"02/01/2025";"1000";"";"";"";"64,0";"70,0";"64,0";"";"";"";"1013,5";"1013,5";"1013,0";"3,1";"90,0";"5,5";"570,70";"0,0"
"02/01/2025";"1100";"";"";"";"60,0";"64,0";"60,0";"";"";"";"1013,8";"1013,8";"1013,5";"3,4";"85,0";"5,5";"1441,20";"0,0"
"02/01/2025";"1200";"";"";"";"59,0";"62,0";"56,0";"";"";"";"1014,2";"1014,2";"1013,8";"3,8";"94,0";"5,8";"2086,20";"0,0"
"02/01/2025";"1300";"";"";"";"57,0";"61,0";"57,0";"";"";"";"1013,8";"1014,2";"1013,8";"4,1";"89,0";"7,9";"2550,70";"0,0"
"02/01/2025";"1400";"";"";"";"57,0";"61,0";"54,0";"";"";"";"1013,4";"1013,9";"1013,4";"4,1";"91,0";"8,0";"2779,20";"0,0"
"02/01/2025";"1500";"";"";"";"55,0";"60,0";"53,0";"";"";"";"1012,8";"1013,4";"1012,8";"4,5";"90,0";"7,7";"2900,10";"0,0"
"02/01/2025";"1600";"";"";"";"59,0";"60,0";"53,0";"";"";"";"1012,1";"1012,8";"1012,0";"4,5";"88,0";"8,5";"2951,20";"0,0"
"02/01/2025";"1700";"";"";"";"56,0";"59,0";"54,0";"";"";"";"1011,6";"1012,1";"1011,5";"2,8";"81,0";"7,8";"2703,00";"0,0"
"02/01/2025";"1800";"";"";"";"57,0";"59,0";"55,0";"";"";"";"1010,8";"1011,6";"1010,8";"2,4";"77,0";"6,9";"2255,80";"0,0"
"02/01/2025";"1900";"";"";"";"61,0";"61,0";"56,0";"";"";"";"1011,0";"1011,0";"1010,7";"1,8";"76,0";"6,2";"1269,70";"0,0"
"02/01/2025";"2000";"";"";"";"62,0";"63,0";"59,0";"";"";"";"1011,2";"1011,3";"1011,0";"1,8";"76,0";"4,9";"659,60";"0,0"
"02/01/2025";"2100";"";"";"";"66,0";"66,0";"61,0";"";"";"";"1011,5";"1011,5";"1011,1";"1,7";"64,0";"5,9";"313,80";"0,0"
"02/01/2025";"2200";"";"";"";"69,0";"70,0";"66,0";"";"";"";"1011,6";"1011,6";"1011,5";"3,3";"88,0";"6,4";"";"0,0"
"02/01/2025";"2300";"";"";"";"71,0";"71,0";"68,0";"";"";"";"1012,1";"1012,1";"1011,6";"2,8";"87,0";"6,8";"";"0,0"
"03/01/2025";"0000";"";"";"";"71,0";"71,0";"69,0";"";"";"";"1012,5";"1012,6";"1012,1";"3,3";"87,0";"6,1";"";"0,0"
"03/01/2025";"0100";"";"";"";"72,0";"73,0";"70,0";"";"";"";"1012,7";"1012,7";"1012,5";"2,5";"88,0";"5,6";"";"0,0"
"03/01/2025";"0200";"";"";"";"72,0";"72,0";"71,0";"";"";"";"1012,3";"1012,7";"1012,3";"2,8";"85,0";"5,8";"";"0,0"
"03/01/2025";"0300";"";"";"";"73,0";"74,0";"72,0";"";"";"";"1011,7";"1012,3";"1011,7";"2,9";"89,0";"5,4";"";"0,0"
"03/01/2025";"0400";"";"";"";"73,0";"74,0";"73,0";"";"";"";"1011,2";"1011,8";"1011,2";"2,6";"85,0";"5,4";"";"0,0"
"03/01/2025";"0500";"";"";"";"73,0";"74,0";"72,0";"";"";"";"1011,3";"1011,3";"1011,2";"2,6";"85,0";"5,1";"";"0,0"
"03/01/2025";"0600";"";"";"";"73,0";"73,0";"71,0";"";"";"";"1011,4";"1011,4";"1011,2";"2,1";"86,0";"5,3";"";"0,0"
"03/01/2025";"0700";"";"";"";"73,0";"74,0";"71,0";"";"";"";"1011,3";"1011,4";"1011,2";"2,4";"88,0";"5,7";"";"0,0"
"03/01/2025";"0800";"";"";"";"71,0";"73,0";"70,0";"";"";"";"1011,6";"1011,7";"1011,3";"2,7";"88,0";"5,8";"";"0,0"
"03/01/2025";"0900";"";"";"";"71,0";"72,0";"69,0";"";"";"";"1012,3";"1012,3";"1011,6";"3,0";"89,0";"5,8";"41,70";"0,0"
"03/01/2025";"1000";"";"";"";"64,0";"71,0";"63,0";"";"";"";"1012,8";"1012,8";"1012,4";"3,3";"89,0";"6,3";"614,30";"0,0"
"03/01/2025";"1100";"";"";"";"61,0";"65,0";"60,0";"";"";"";"1013,1";"1013,2";"1012,8";"3,8";"86,0";"6,2";"1422,50";"0,0"
"03/01/2025";"1200";"";"";"";"59,0";"63,0";"58,0";"";"";"";"1013,5";"1013,5";"1013,1";"3,6";"86,0";"7,5";"1989,60";"0,0"
"03/01/2025";"1300";"";"";"";"58,0";"59,0";"54,0";"";"";"";"1013,3";"1013,5";"1013,2";"4,4";"91,0";"7,5";"2541,00";"0,0"
"03/01/2025";"1400";"";"";"";"56,0";"59,0";"54,0";"";"";"";"1013,0";"1013,3";"1012,9";"4,5";"86,0";"7,2";"2782,00";"0,0"
"03/01/2025";"1500";"";"";"";"55,0";"57,0";"52,0";"";"";"";"1012,7";"1013,0";"1012,6";"4,2";"87,0";"7,0";"2901,80";"0,0"
"03/01/2025";"1600";"";"";"";"56,0";"57,0";"51,0";"";"";"";"1011,8";"1012,7";"1011,8";"3,5";"84,0";"7,1";"2929,70";"0,0"
"03/01/2025";"1700";"";"";"";"57,0";"58,0";"54,0";"";"";"";"1011,0";"1011,8";"1011,0";"2,9";"83,0";"7,2";"2740,70";"0,0"
"03/01/2025";"1800";"";"";"";"58,0";"59,0";"53,0";"";"";"";"1010,6";"1011,0";"1010,6";"3,4";"82,0";"7,4";"2286,90";"0,0"
"03/01/2025";"1900";"";"";"";"61,0";"62,0";"58,0";"";"";"";"1010,4";"1010,7";"1010,3";"3,5";"87,0";"7,5";"1651,90";"0,0"
"03/01/2025";"2000";"";"";"";"65,0";"66,0";"61,0";"";"";"";"1010,3";"1010,4";"1010,3";"4,4";"90,0";"8,1";"934,00";"0,0"
"03/01/2025";"2100";"";"";"";"68,0";"68,0";"64,0";"";"";"";"1010,4";"1010,5";"1010,3";"3,4";"86,0";"8,1";"210,60";"0,0"
"03/01/2025";"2200";"";"";"";"68,0";"69,0";"67,0";"";"";"";"1010,9";"1010,9";"1010,4";"3,6";"87,0";"6,7";"";"0,0"
"03/01/2025";"2300";"";"";"";"69,0";"70,0";"68,0";"";"";"";"1011,7";"1011,7";"1010,9";"3,1";"86,0";"7,2";"";"0,0"
"04/01/2025";"0000";"";"";"";"71,0";"72,0";"69,0";"";"";"";"1012,4";"1012,4";"1011,7";"3,2";"87,0";"6,5";"";"0,0"
"04/01/2025";"0100";"";"";"";"71,0";"72,0";"69,0";"";"";"";"1012,6";"1012,7";"1012,5";"3,1";"83,0";"7,2";"";"0,0"
"04/01/2025";"0200";"";"";"";"71,0";"72,0";"70,0";"";"";"";"1012,3";"1012,7";"1012,3";"3,0";"73,0";"7,2";"";"0,0"
"04/01/2025";"0300";"";"";"";"72,0";"72,0";"70,0";"";"";"";"1011,9";"1012,4";"1011,9";"3,2";"75,0";"6,2";"";"0,0"
"04/01/2025";"0400";"";"";"";"72,0";"74,0";"71,0";"";"";"";"1011,4";"1011,9";"1011,3";"3,5";"76,0";"6,9";"";"0,0"
"04/01/2025";"0500";"";"";"";"71,0";"72,0";"70,0";"";"";"";"1011,3";"1011,5";"1011,3";"2,7";"73,0";"7,0";"";"0,0"
"04/01/2025";"0600";"";"";"";"72,0";"72,0";"70,0";"";"";"";"1011,2";"1011,4";"1011,1";"2,6";"76,0";"6,3";"";"0,0"
"04/01/2025";"0700";"";"";"";"75,0";"75,0";"72,0";"";"";"";"1011,3";"1011,5";"1011,2";"2,2";"65,0";"6,3";"";"0,0"
"04/01/2025";"0800";"";"";"";"72,0";"75,0";"72,0";"";"";"";"1011,4";"1011,4";"1011,2";"2,8";"62,0";"6,3";"";"0,0"
"04/01/2025";"0900";"";"";"";"73,0";"77,0";"72,0";"";"";"";"1011,7";"1011,7";"1011,4";"2,8";"69,0";"5,4";"72,90";"0,0"
"04/01/2025";"1000";"";"";"";"71,0";"73,0";"68,0";"";"";"";"1011,7";"1011,8";"1011,6";"2,8";"76,0";"6,8";"471,60";"0,0"
"04/01/2025";"1100";"";"";"";"68,0";"72,0";"66,0";"";"";"";"1012,4";"1012,4";"1011,7";"3,1";"68,0";"6,9";"837,70";"0,0"
"04/01/2025";"1200";"";"";"";"66,0";"70,0";"64,0";"";"";"";"1012,7";"1012,7";"1012,4";"3,6";"69,0";"7,6";"1592,20";"0,0"
"04/01/2025";"1300";"";"";"";"65,0";"67,0";"57,0";"";"";"";"1012,8";"1012,8";"1012,5";"4,0";"76,0";"7,5";"2370,90";"0,0"
"04/01/2025";"1400";"";"";"";"60,0";"65,0";"58,0";"";"";"";"1012,1";"1012,8";"1012,1";"4,9";"92,0";"8,4";"2658,50";"0,0"
"04/01/2025";"1500";"";"";"";"59,0";"62,0";"56,0";"";"";"";"1011,3";"1012,1";"1011,2";"5,0";"91,0";"8,5";"2893,40";"0,0"
"04/01/2025";"1600";"";"";"";"60,0";"63,0";"56,0";"";"";"";"1010,8";"1011,3";"1010,8";"4,8";"89,0";"8,4";"2915,10";"0,0"
"04/01/2025";"1700";"";"";"";"64,0";"64,0";"58,0";"";"";"";"1009,9";"1010,8";"1009,9";"4,9";"88,0";"9,3";"2712,70";"0,0"
"04/01/2025";"1800";"";"";"";"66,0";"67,0";"60,0";"";"";"";"1009,5";"1010,0";"1009,4";"4,8";"88,0";"8,6";"2249,60";"0,0"
"04/01/2025";"1900";"";"";"";"68,0";"68,0";"64,0";"";"";"";"1009,4";"1009,6";"1009,3";"5,0";"90,0";"8,3";"1380,70";"0,0"
"04/01/2025";"2000";"";"";"";"69,0";"70,0";"68,0";"";"";"";"1009,6";"1009,6";"1009,3";"3,9";"86,0";"8,5";"694,90";"0,0"
"04/01/2025";"2100";"";"";"";"71,0";"72,0";"68,0";"";"";"";"1009,9";"1010,0";"1009,5";"3,8";"87,0";"8,1";"139,40";"0,0"
"04/01/2025";"2200";"";"";"";"73,0";"74,0";"71,0";"";"";"";"1010,4";"1010,4";"1009,8";"4,5";"91,0";"8,2";"";"0,0"
"04/01/2025";"2300";"";"";"";"74,0";"74,0";"71,0";"";"";"";"1010,9";"1010,9";"1010,4";"4,4";"90,0";"8,2";"";"0,0"
"05/01/2025";"0000";"";"";"";"76,0";"76,0";"74,0";"";"";"";"1011,7";"1011,7";"1010,9";"3,8";"87,0";"8,4";"";"0,0"
"05/01/2025";"0100";"";"";"";"75,0";"77,0";"74,0";"";"";"";"1011,7";"1011,9";"1011,5";"4,0";"78,0";"7,7";"";"0,0"
"05/01/2025";"0200";"";"";"";"76,0";"76,0";"75,0";"";"";"";"1011,4";"1011,8";"1011,4";"3,7";"78,0";"9,3";"";"0,0"
"05/01/2025";"0300";"";"";"";"76,0";"77,0";"74,0";"";"";"";"1011,4";"1011,5";"1011,2";"3,9";"66,0";"8,7";"";"0,0"
"05/01/2025";"0400";"";"";"";"76,0";"76,0";"76,0";"";"";"";"1010,8";"1011,4";"1010,8";"4,0";"69,0";"8,2";"";"0,0"
"05/01/2025";"0500";"";"";"";"78,0";"78,0";"75,0";"";"";"";"1010,3";"1010,8";"1010,2";"4,2";"66,0";"9,0";"";"0,0"
"05/01/2025";"0600";"";"";"";"75,0";"78,0";"75,0";"";"";"";"1010,3";"1010,4";"1010,3";"4,2";"67,0";"9,0";"";"0,0"
"05/01/2025";"0700";"";"";"";"76,0";"77,0";"75,0";"";"";"";"1010,8";"1010,8";"1010,3";"2,7";"57,0";"8,5";"";"0,0"
"05/01/2025";"0800";"";"";"";"78,0";"78,0";"76,0";"";"";"";"1011,4";"1011,4";"1010,8";"2,0";"39,0";"5,7";"";"0,0"
"05/01/2025";"0900";"";"";"";"78,0";"79,0";"77,0";"";"";"";"1011,8";"1011,8";"1011,4";"2,5";"38,0";"4,4";"36,90";"0,0"
"05/01/2025";"1000";"";"";"";"76,0";"78,0";"76,0";"";"";"";"1011,9";"1012,0";"1011,8";"2,3";"36,0";"4,4";"193,90";"0,0"
"05/01/2025";"1100";"";"";"";"67,0";"76,0";"67,0";"";"";"";"1012,0";"1012,1";"1011,9";"4,0";"57,0";"6,6";"783,80";"0,0"
"05/01/2025";"1200";"";"";"";"64,0";"69,0";"64,0";"";"";"";"1011,9";"1012,3";"1011,9";"4,9";"75,0";"8,9";"2061,70";"0,0"
"05/01/2025";"1300";"";"";"";"65,0";"66,0";"61,0";"";"";"";"1011,8";"1012,0";"1011,7";"4,8";"74,0";"9,3";"2431,30";"0,0"
"05/01/2025";"1400";"";"";"";"63,0";"65,0";"59,0";"";"";"";"1011,6";"1011,8";"1011,5";"4,7";"88,0";"9,3";"2655,50";"0,0"
"05/01/2025";"1500";"";"";"";"62,0";"64,0";"58,0";"";"";"";"1011,1";"1011,6";"1011,1";"5,2";"89,0";"10,1";"2781,30";"0,0"
"05/01/2025";"1600";"";"";"";"63,0";"65,0";"61,0";"";"";"";"1010,4";"1011,1";"1010,4";"5,2";"90,0";"9,8";"2809,20";"0,0"
"05/01/2025";"1700";"";"";"";"65,0";"66,0";"63,0";"";"";"";"1009,8";"1010,4";"1009,7";"5,2";"90,0";"10,0";"2629,60";"0,0"
"05/01/2025";"1800";"";"";"";"67,0";"67,0";"63,0";"";"";"";"1009,5";"1009,8";"1009,3";"4,8";"89,0";"10,1";"2184,50";"0,0"
"05/01/2025";"1900";"";"";"";"70,0";"71,0";"66,0";"";"";"";"1009,4";"1009,5";"1009,3";"5,0";"89,0";"9,1";"1504,40";"0,0"
"05/01/2025";"2000";"";"";"";"72,0";"72,0";"70,0";"";"";"";"1009,4";"1009,5";"1009,3";"4,5";"89,0";"8,8";"745,00";"0,0"
"05/01/2025";"2100";"";"";"";"76,0";"76,0";"72,0";"";"";"";"1009,5";"1009,5";"1009,3";"4,5";"85,0";"8,5";"175,60";"0,0"
"05/01/2025";"2200";"";"";"";"75,0";"76,0";"75,0";"";"";"";"1010,1";"1010,1";"1009,4";"4,1";"85,0";"8,3";"";"0,0"
"05/01/2025";"2300";"";"";"";"76,0";"77,0";"75,0";"";"";"";"1011,4";"1011,4";"1010,0";"3,5";"83,0";"8,6";"";"0,0"
"06/01/2025";"0000";"";"";"";"75,0";"76,0";"75,0";"";"";"";"1011,8";"1011,9";"1011,4";"3,8";"80,0";"7,7";"";"0,0"
"06/01/2025";"0100";"";"";"";"75,0";"76,0";"75,0";"";"";"";"1011,7";"1011,9";"1011,7";"4,5";"78,0";"8,7";"";"0,0"
"06/01/2025";"0200";"";"";"";"77,0";"77,0";"75,0";"";"";"";"1011,6";"1011,8";"1011,6";"3,7";"78,0";"8,7";"";"0,0"
"06/01/2025";"0300";"";"";"";"76,0";"78,0";"75,0";"";"";"";"1011,0";"1011,7";"1011,0";"4,0";"76,0";"9,0";"";"0,0"
"06/01/2025";"0400";"";"";"";"77,0";"79,0";"75,0";"";"";"";"1010,7";"1011,1";"1010,7";"3,4";"77,0";"7,1";"";"0,0"
"06/01/2025";"0500";"";"";"";"77,0";"77,0";"76,0";"";"";"";"1010,4";"1010,7";"1010,4";"3,1";"85,0";"8,2";"";"0,0"
"06/01/2025";"0600";"";"";"";"77,0";"79,0";"76,0";"";"";"";"1009,7";"1010,4";"1009,7";"3,9";"85,0";"7,3";"";"0,0"
"06/01/2025";"0700";"";"";"";"77,0";"79,0";"77,0";"";"";"";"1010,2";"1010,2";"1009,7";"3,6";"72,0";"7,3";"";"0,0"
"06/01/2025";"0800";"";"";"";"76,0";"77,0";"76,0";"";"";"";"1010,5";"1010,5";"1010,1";"3,1";"78,0";"8,3";"";"0,0"
"06/01/2025";"0900";"";"";"";"75,0";"76,0";"75,0";"";"";"";"1011,4";"1011,4";"1010,5";"3,1";"86,0";"6,8";"58,70";"0,0"
"06/01/2025";"1000";"";"";"";"74,0";"76,0";"74,0";"";"";"";"1011,9";"1011,9";"1011,4";"3,6";"68,0";"6,8";"268,40";"0,0"
"06/01/2025";"1100";"";"";"";"66,0";"75,0";"66,0";"";"";"";"1012,3";"1012,4";"1011,9";"3,5";"81,0";"7,5";"985,50";"0,0"
"06/01/2025";"1200";"";"";"";"64,0";"68,0";"64,0";"";"";"";"1012,5";"1012,5";"1012,3";"3,8";"77,0";"8,2";"1879,80";"0,0"
"06/01/2025";"1300";"";"";"";"67,0";"68,0";"63,0";"";"";"";"1012,5";"1012,6";"1012,4";"4,8";"90,0";"8,6";"1801,20";"0,0"
"06/01/2025";"1400";"";"";"";"64,0";"69,0";"62,0";"";"";"";"1012,5";"1012,6";"1012,4";"4,2";"90,0";"7,5";"1707,60";"0,0"
"06/01/2025";"1500";"";"";"";"61,0";"65,0";"58,0";"";"";"";"1011,7";"1012,5";"1011,7";"4,7";"92,0";"8,5";"2632,60";"0,0"
"06/01/2025";"1600";"";"";"";"61,0";"64,0";"59,0";"";"";"";"1011,1";"1011,7";"1011,0";"4,2";"85,0";"8,9";"2651,50";"0,0"
"06/01/2025";"1700";"";"";"";"64,0";"65,0";"58,0";"";"";"";"1010,3";"1011,1";"1010,3";"5,1";"88,0";"8,7";"2613,70";"0,0"
"06/01/2025";"1800";"";"";"";"61,0";"65,0";"60,0";"";"";"";"1009,7";"1010,3";"1009,7";"4,5";"87,0";"8,7";"2105,90";"0,0"
"06/01/2025";"1900";"";"";"";"65,0";"67,0";"61,0";"";"";"";"1009,6";"1009,8";"1009,6";"3,8";"84,0";"8,2";"1295,50";"0,0"
"06/01/2025";"2000";"";"";"";"69,0";"69,0";"64,0";"";"";"";"1009,7";"1009,7";"1009,5";"3,6";"85,0";"7,8";"791,00";"0,0"
"06/01/2025";"2100";"";"";"";"70,0";"72,0";"69,0";"";"";"";"1009,9";"1009,9";"1009,6";"4,0";"86,0";"7,9";"85,70";"0,0"
"06/01/2025";"2200";"";"";"";"70,0";"71,0";"69,0";"";"";"";"1010,7";"1010,7";"1009,8";"3,8";"76,0";"7,4";"";"0,0"
"06/01/2025";"2300";"";"";"";"71,0";"71,0";"70,0";"";"";"";"1011,5";"1011,5";"1010,6";"3,7";"88,0";"8,0";"";"0,0"
"07/01/2025";"0000";"";"";"";"70,0";"72,0";"70,0";"";"";"";"1011,8";"1011,9";"1011,4";"3,4";"84,0";"7,2";"";"0,0"
"07/01/2025";"0100";"";"";"";"70,0";"71,0";"70,0";"";"";"";"1012,2";"1012,3";"1011,7";"3,3";"79,0";"6,9";"";"0,0"
"07/01/2025";"0200";"";"";"";"70,0";"71,0";"69,0";"";"";"";"1012,1";"1012,4";"1012,1";"3,2";"80,0";"7,1";"";"0,0"
"07/01/2025";"0300";"";"";"";"71,0";"71,0";"70,0";"";"";"";"1011,8";"1012,1";"1011,8";"3,2";"73,0";"7,5";"";"0,0"
"07/01/2025";"0400";"";"";"";"73,0";"73,0";"69,0";"";"";"";"1011,2";"1011,9";"1011,2";"3,1";"80,0";"7,5";"";"0,0"
"07/01/2025";"0500";"";"";"";"71,0";"73,0";"71,0";"";"";"";"1010,7";"1011,2";"1010,7";"3,3";"66,0";"6,6";"";"0,0"
"07/01/2025";"0600";"";"";"";"72,0";"72,0";"71,0";"";"";"";"1010,2";"1010,7";"1010,2";"3,3";"70,0";"7,0";"";"0,0"
"07/01/2025";"0700";"";"";"";"73,0";"74,0";"72,0";"";"";"";"1010,4";"1010,5";"1010,2";"3,5";"67,0";"7,2";"";"0,0"
"07/01/2025";"0800";"";"";"";"73,0";"74,0";"72,0";"";"";"";"1011,3";"1011,3";"1010,4";"2,7";"71,0";"7,2";"";"0,0"
"07/01/2025";"0900";"";"";"";"72,0";"73,0";"71,0";"";"";"";"1011,7";"1011,8";"1011,3";"3,0";"72,0";"6,7";"52,30";"0,0"
"07/01/2025";"1000";"";"";"";"67,0";"72,0";"67,0";"";"";"";"1012,1";"1012,1";"1011,7";"3,8";"77,0";"6,7";"525,60";"0,0"
"07/01/2025";"1100";"";"";"";"65,0";"68,0";"64,0";"";"";"";"1012,5";"1012,6";"1012,1";"3,4";"59,0";"6,4";"983,70";"0,0"
"07/01/2025";"1200";"";"";"";"60,0";"66,0";"58,0";"";"";"";"1012,6";"1012,7";"1012,5";"3,6";"79,0";"6,7";"1777,40";"0,0"
"07/01/2025";"1300";"";"";"";"62,0";"64,0";"59,0";"";"";"";"1012,3";"1012,6";"1012,3";"3,9";"82,0";"6,6";"2443,70";"0,0"
"07/01/2025";"1400";"";"";"";"59,0";"63,0";"57,0";"";"";"";"1012,0";"1012,4";"1011,9";"4,5";"88,0";"7,6";"2687,00";"0,0"
"07/01/2025";"1500";"";"";"";"57,0";"61,0";"57,0";"";"";"";"1011,7";"1012,0";"1011,7";"4,4";"89,0";"7,8";"2820,40";"0,0"
"07/01/2025";"1600";"";"";"";"59,0";"61,0";"56,0";"";"";"";"1010,8";"1011,8";"1010,8";"4,7";"88,0";"9,2";"2851,90";"0,0"
"07/01/2025";"1700";"";"";"";"60,0";"61,0";"57,0";"";"";"";"1010,2";"1010,9";"1010,1";"4,4";"89,0";"7,9";"2657,50";"0,0"
"07/01/2025";"1800";"";"";"";"58,0";"60,0";"56,0";"";"";"";"1009,8";"1010,3";"1009,7";"4,6";"90,0";"7,9";"2228,70";"0,0"
"07/01/2025";"1900";"";"";"";"64,0";"65,0";"58,0";"";"";"";"1009,6";"1009,8";"1009,5";"5,1";"89,0";"8,7";"1607,50";"0,0"
"07/01/2025";"2000";"";"";"";"65,0";"66,0";"63,0";"";"";"";"1009,6";"1009,6";"1009,4";"4,3";"85,0";"8,6";"742,50";"0,0"
"07/01/2025";"2100";"";"";"";"68,0";"69,0";"65,0";"";"";"";"1010,0";"1010,0";"1009,6";"4,4";"87,0";"8,6";"219,00";"0,0"
"07/01/2025";"2200";"";"";"";"68,0";"69,0";"67,0";"";"";"";"1010,6";"1010,6";"1010,0";"4,4";"88,0";"8,4";"";"0,0"
"07/01/2025";"2300";"";"";"";"67,0";"68,0";"66,0";"";"";"";"1010,8";"1010,8";"1010,5";"4,2";"83,0";"9,0";"";"0,0"
"08/01/2025";"0000";"";"";"";"67,0";"68,0";"64,0";"";"";"";"1012,2";"1012,2";"1010,8";"3,4";"81,0";"10,3";"";"0,0"
"08/01/2025";"0100";"";"";"";"68,0";"69,0";"67,0";"";"";"";"1012,2";"1012,2";"1012,0";"3,4";"77,0";"8,3";"";"0,0"
"08/01/2025";"0200";"";"";"";"68,0";"69,0";"68,0";"";"";"";"1011,9";"1012,3";"1011,9";"3,8";"78,0";"7,8";"";"0,0"
"08/01/2025";"0300";"";"";"";"69,0";"69,0";"67,0";"";"";"";"1011,4";"1011,9";"1011,4";"4,0";"79,0";"8,1";"";"0,0"
"08/01/2025";"0400";"";"";"";"70,0";"70,0";"68,0";"";"";"";"1010,9";"1011,4";"1010,9";"3,8";"64,0";"7,4";"";"0,0"
"08/01/2025";"0500";"";"";"";"69,0";"70,0";"68,0";"";"";"";"1010,8";"1010,9";"1010,6";"3,6";"66,0";"8,2";"";"0,0"
"08/01/2025";"0600";"";"";"";"69,0";"70,0";"68,0";"";"";"";"1010,9";"1011,0";"1010,8";"3,5";"58,0";"7,3";"";"0,0"
"08/01/2025";"0700";"";"";"";"73,0";"73,0";"69,0";"";"";"";"1010,9";"1011,0";"1010,9";"2,6";"39,0";"6,7";"";"0,0"
"08/01/2025";"0800";"";"";"";"76,0";"76,0";"73,0";"";"";"";"1011,1";"1011,2";"1010,9";"2,2";"38,0";"5,3";"";"0,0"
"08/01/2025";"0900";"";"";"";"76,0";"77,0";"75,0";"";"";"";"1011,9";"1011,9";"1011,1";"2,4";"36,0";"4,6";"43,00";"0,0"
"08/01/2025";"1000";"";"";"";"71,0";"76,0";"69,0";"";"";"";"1012,5";"1012,5";"1011,9";"2,7";"30,0";"5,4";"465,60";"0,0"
"08/01/2025";"1100";"";"";"";"67,0";"71,0";"64,0";"";"";"";"1012,7";"1012,8";"1012,4";"2,7";"41,0";"5,6";"1191,30";"0,0"
"08/01/2025";"1200";"";"";"";"62,0";"67,0";"58,0";"";"";"";"1012,6";"1012,7";"1012,5";"4,0";"73,0";"7,4";"1730,00";"0,0"
"08/01/2025";"1300";"";"";"";"60,0";"63,0";"56,0";"";"";"";"1012,4";"1012,7";"1012,4";"3,8";"81,0";"8,2";"2170,00";"0,0"
"08/01/2025";"1400";"";"";"";"63,0";"64,0";"59,0";"";"";"";"1011,8";"1012,5";"1011,8";"4,1";"89,0";"6,8";"1852,00";"0,0"
"08/01/2025";"1500";"";"";"";"60,0";"64,0";"59,0";"";"";"";"1011,0";"1011,8";"1011,0";"4,3";"84,0";"8,4";"2518,40";"0,0"
"08/01/2025";"1600";"";"";"";"63,0";"64,0";"58,0";"";"";"";"1009,9";"1011,1";"1009,8";"5,3";"89,0";"8,4";"3058,80";"0,0"
"08/01/2025";"1700";"";"";"";"60,0";"65,0";"60,0";"";"";"";"1009,2";"1009,9";"1009,2";"4,8";"87,0";"9,8";"2832,50";"0,0"
"08/01/2025";"1800";"";"";"";"62,0";"64,0";"60,0";"";"";"";"1009,1";"1009,3";"1009,0";"4,8";"89,0";"8,9";"2329,00";"0,0"
"08/01/2025";"1900";"";"";"";"66,0";"67,0";"61,0";"";"";"";"1009,1";"1009,2";"1008,9";"5,2";"89,0";"9,7";"1654,70";"0,0"
"08/01/2025";"2000";"";"";"";"67,0";"69,0";"66,0";"";"";"";"1009,1";"1009,3";"1009,0";"4,6";"89,0";"9,3";"846,40";"0,0"
"08/01/2025";"2100";"";"";"";"71,0";"72,0";"67,0";"";"";"";"1009,5";"1009,6";"1009,1";"4,5";"86,0";"9,4";"181,10";"0,0"
"08/01/2025";"2200";"";"";"";"73,0";"73,0";"71,0";"";"";"";"1010,1";"1010,1";"1009,4";"4,0";"87,0";"8,6";"";"0,0"
"08/01/2025";"2300";"";"";"";"75,0";"75,0";"71,0";"";"";"";"1010,5";"1010,5";"1010,0";"3,5";"81,0";"8,3";"";"0,0"
"09/01/2025";"0000";"";"";"";"74,0";"75,0";"73,0";"";"";"";"1010,9";"1011,0";"1010,5";"4,1";"88,0";"8,5";"";"0,0"
"09/01/2025";"0100";"";"";"";"71,0";"74,0";"71,0";"";"";"";"1011,1";"1011,1";"1010,9";"4,3";"78,0";"8,5";"";"0,0"
"09/01/2025";"0200";"";"";"";"73,0";"74,0";"70,0";"";"";"";"1011,2";"1011,3";"1011,0";"4,0";"78,0";"9,0";"";"0,0"
"09/01/2025";"0300";"";"";"";"71,0";"73,0";"71,0";"";"";"";"1010,5";"1011,2";"1010,5";"4,4";"73,0";"8,8";"";"0,0"
"09/01/2025";"0400";"";"";"";"72,0";"73,0";"70,0";"";"";"";"1009,9";"1010,5";"1009,8";"4,0";"73,0";"8,8";"";"0,0"
"09/01/2025";"0500";"";"";"";"72,0";"73,0";"71,0";"";"";"";"1009,6";"1009,9";"1009,6";"3,0";"70,0";"7,9";"";"0,0"
"09/01/2025";"0600";"";"";"";"74,0";"74,0";"72,0";"";"";"";"1009,2";"1009,6";"1009,2";"3,4";"62,0";"7,5";"";"0,0"
"09/01/2025";"0700";"";"";"";"74,0";"75,0";"74,0";"";"";"";"1009,6";"1009,6";"1009,2";"2,4";"36,0";"6,6";"";"0,0"
"09/01/2025";"0800";"";"";"";"76,0";"76,0";"74,0";"";"";"";"1010,2";"1010,2";"1009,6";"2,2";"45,0";"5,1";"";"0,0"
"09/01/2025";"0900";"";"";"";"74,0";"76,0";"74,0";"";"";"";"1010,8";"1010,8";"1010,2";"2,4";"38,0";"5,5";"34,00";"0,0"
"09/01/2025";"1000";"";"";"";"70,0";"74,0";"70,0";"";"";"";"1011,1";"1011,2";"1010,7";"2,5";"53,0";"5,0";"432,10";"0,0"
"09/01/2025";"1100";"";"";"";"67,0";"71,0";"66,0";"";"";"";"1011,6";"1011,6";"1011,1";"2,0";"34,0";"4,7";"786,50";"0,0"
"09/01/2025";"1200";"";"";"";"62,0";"67,0";"60,0";"";"";"";"1011,5";"1011,6";"1011,4";"4,2";"75,0";"9,3";"1861,10";"0,0"
"09/01/2025";"1300";"";"";"";"61,0";"64,0";"60,0";"";"";"";"1011,0";"1011,5";"1011,0";"3,9";"77,0";"7,7";"2301,90";"0,0"
"09/01/2025";"1400";"";"";"";"62,0";"64,0";"61,0";"";"";"";"1010,8";"1011,1";"1010,7";"4,5";"88,0";"8,7";"2701,80";"0,0"
"09/01/2025";"1500";"";"";"";"65,0";"67,0";"62,0";"";"";"";"1010,2";"1010,9";"1010,2";"4,7";"92,0";"8,1";"2775,40";"0,0"
"09/01/2025";"1600";"";"";"";"64,0";"68,0";"62,0";"";"";"";"1009,3";"1010,3";"1009,2";"5,1";"93,0";"9,1";"2828,50";"0,0"
"09/01/2025";"1700";"";"";"";"64,0";"67,0";"62,0";"";"";"";"1008,2";"1009,3";"1008,2";"4,9";"91,0";"9,1";"2526,70";"0,0"
"09/01/2025";"1800";"";"";"";"68,0";"68,0";"64,0";"";"";"";"1007,7";"1008,2";"1007,6";"4,8";"90,0";"9,5";"1909,20";"0,0"
"09/01/2025";"1900";"";"";"";"70,0";"70,0";"66,0";"";"";"";"1007,2";"1007,7";"1007,2";"5,2";"90,0";"9,1";"1444,50";"0,0"
"09/01/2025";"2000";"";"";"";"73,0";"74,0";"70,0";"";"";"";"1007,5";"1007,5";"1007,2";"4,9";"85,0";"9,1";"510,10";"0,0"
"09/01/2025";"2100";"";"";"";"74,0";"75,0";"73,0";"";"";"";"1008,2";"1008,2";"1007,4";"4,0";"87,0";"8,8";"137,80";"0,0"
"09/01/2025";"2200";"";"";"";"77,0";"77,0";"74,0";"";"";"";"1008,8";"1008,9";"1008,2";"3,5";"82,0";"8,5";"";"0,0"
"09/01/2025";"2300";"";"";"";"78,0";"78,0";"76,0";"";"";"";"1009,8";"1009,8";"1008,8";"3,5";"78,0";"7,5";"";"0,0"
"10/01/2025";"0000";"";"";"";"77,0";"78,0";"77,0";"";"";"";"1010,0";"1010,1";"1009,8";"4,1";"74,0";"8,3";"";"0,0"
"10/01/2025";"0100";"";"";"";"78,0";"79,0";"77,0";"";"";"";"1009,9";"1010,1";"1009,9";"3,3";"80,0";"8,3";"";"0,0"
"10/01/2025";"0200";"";"";"";"79,0";"79,0";"78,0";"";"";"";"1009,4";"1009,9";"1009,4";"3,2";"73,0";"7,3";"";"0,0"
"10/01/2025";"0300";"";"";"";"79,0";"80,0";"79,0";"";"";"";"1009,0";"1009,4";"1009,0";"3,1";"68,0";"6,8";"";"0,0"
"10/01/2025";"0400";"";"";"";"80,0";"80,0";"79,0";"";"";"";"1008,5";"1009,0";"1008,5";"3,2";"72,0";"7,4";"";"0,0"
"10/01/2025";"0500";"";"";"";"80,0";"80,0";"80,0";"";"";"";"1008,6";"1008,6";"1008,5";"2,4";"59,0";"6,6";"";"0,0"
"10/01/2025";"0600";"";"";"";"81,0";"81,0";"80,0";"";"";"";"1008,5";"1008,6";"1008,5";"2,8";"65,0";"5,6";"";"0,0"
"10/01/2025";"0700";"";"";"";"79,0";"81,0";"79,0";"";"";"";"1008,5";"1008,6";"1008,5";"1,9";"39,0";"5,6";"";"0,0"
"10/01/2025";"0800";"";"";"";"77,0";"79,0";"77,0";"";"";"";"1009,1";"1009,1";"1008,5";"2,3";"56,0";"5,0";"";"0,0"
"10/01/2025";"0900";"";"";"";"77,0";"77,0";"76,0";"";"";"";"1009,6";"1009,6";"1009,1";"2,0";"61,0";"5,9";"27,30";"0,0"
"10/01/2025";"1000";"";"";"";"75,0";"77,0";"75,0";"";"";"";"1010,2";"1010,2";"1009,6";"2,6";"73,0";"4,8";"205,70";"0,0"
"10/01/2025";"1100";"";"";"";"74,0";"75,0";"72,0";"";"";"";"1010,8";"1010,9";"1010,2";"3,4";"78,0";"6,0";"740,20";"0,0"
"10/01/2025";"1200";"";"";"";"70,0";"75,0";"69,0";"";"";"";"1010,9";"1011,0";"1010,8";"3,2";"71,0";"5,8";"1038,80";"0,0"
"10/01/2025";"1300";"";"";"";"63,0";"71,0";"61,0";"";"";"";"1010,6";"1011,0";"1010,6";"4,5";"75,0";"8,1";"1958,70";"0,0"
"10/01/2025";"1400";"";"";"";"61,0";"65,0";"60,0";"";"";"";"1010,0";"1010,6";"1010,0";"4,0";"84,0";"8,0";"2695,10";"0,0"
"10/01/2025";"1500";"";"";"";"66,0";"69,0";"61,0";"";"";"";"1009,4";"1010,1";"1009,4";"4,6";"87,0";"8,5";"2484,40";"0,0"
"10/01/2025";"1600";"";"";"";"67,0";"70,0";"65,0";"";"";"";"1008,2";"1009,4";"1008,2";"5,0";"85,0";"9,6";"2570,10";"0,0"
"10/01/2025";"1700";"";"";"";"68,0";"73,0";"66,0";"";"";"";"1007,3";"1008,3";"1007,3";"5,0";"84,0";"10,5";"2321,80";"0,0"
"10/01/2025";"1800";"";"";"";"77,0";"77,0";"67,0";"";"";"";"1006,7";"1007,3";"1006,5";"4,3";"85,0";"10,1";"658,10";"0,0"
"10/01/2025";"1900";"";"";"";"76,0";"78,0";"75,0";"";"";"";"1008,7";"1008,8";"1006,5";"3,2";"349,0";"8,3";"29,70";"0,0"
"10/01/2025";"2000";"";"";"";"86,0";"86,0";"75,0";"";"";"";"1009,4";"1009,5";"1008,6";"1,4";"266,0";"6,5";"";"1,4"
"10/01/2025";"2100";"";"";"";"88,0";"88,0";"86,0";"";"";"";"1010,3";"1010,3";"1009,4";"2,0";"240,0";"3,8";"1,40";"4,8"
"10/01/2025";"2200";"";"";"";"89,0";"89,0";"88,0";"";"";"";"1010,8";"1010,8";"1010,3";"1,3";"345,0";"3,8";"";"3,2"
"10/01/2025";"2300";"";"";"";"89,0";"89,0";"88,0";"";"";"";"1010,7";"1010,8";"1010,5";"1,4";"69,0";"5,0";"";"7,0"
"11/01/2025";"0000";"";"";"";"85,0";"89,0";"85,0";"";"";"";"1011,4";"1011,5";"1010,7";"1,8";"54,0";"4,6";"";"0,2"
"11/01/2025";"0100";"";"";"";"85,0";"85,0";"84,0";"";"";"";"1011,3";"1011,5";"1011,2";"1,3";"25,0";"3,8";"1,30";"0,0"
"11/01/2025";"0200";"";"";"";"86,0";"86,0";"85,0";"";"";"";"1010,3";"1011,3";"1010,3";"1,8";"43,0";"4,1";"";"0,0"
"11/01/2025";"0300";"";"";"";"87,0";"87,0";"85,0";"";"";"";"1009,8";"1010,3";"1009,8";"1,2";"62,0";"3,4";"";"0,0"
"11/01/2025";"0400";"";"";"";"87,0";"87,0";"86,0";"";"";"";"1009,3";"1009,8";"1009,2";"3,3";"49,0";"5,9";"";"0,0"
"11/01/2025";"0500";"";"";"";"86,0";"87,0";"86,0";"";"";"";"1008,9";"1009,3";"1008,9";"2,7";"53,0";"5,9";"";"0,0"
"11/01/2025";"0600";"";"";"";"84,0";"86,0";"84,0";"";"";"";"1008,8";"1008,9";"1008,8";"2,5";"51,0";"5,8";"";"0,0"
"11/01/2025";"0700";"";"";"";"85,0";"85,0";"84,0";"";"";"";"1008,8";"1008,9";"1008,7";"2,1";"45,0";"4,8";"";"0,0"
"11/01/2025";"0800";"";"";"";"83,0";"85,0";"83,0";"";"";"";"1009,5";"1009,5";"1008,8";"2,0";"39,0";"4,6";"";"0,0"
"11/01/2025";"0900";"";"";"";"83,0";"84,0";"83,0";"";"";"";"1009,9";"1009,9";"1009,4";"2,4";"37,0";"4,6";"3,90";"0,0"
"11/01/2025";"1000";"";"";"";"81,0";"83,0";"81,0";"";"";"";"1010,5";"1010,5";"1009,9";"1,8";"35,0";"4,8";"32,10";"0,0"
"11/01/2025";"1100";"";"";"";"80,0";"81,0";"80,0";"";"";"";"1011,1";"1011,1";"1010,5";"1,1";"352,0";"4,9";"102,50";"0,0"
"11/01/2025";"1200";"";"";"";"78,0";"81,0";"78,0";"";"";"";"1011,7";"1011,7";"1011,1";"1,2";"3,0";"4,4";"333,70";"0,0"
"11/01/2025";"1300";"";"";"";"77,0";"78,0";"75,0";"";"";"";"1012,0";"1012,0";"1011,6";"1,5";"279,0";"4,4";"426,00";"0,0"
"11/01/2025";"1400";"";"";"";"73,0";"78,0";"73,0";"";"";"";"1011,7";"1012,0";"1011,7";"0,4";"87,0";"3,0";"507,80";"0,0"
"11/01/2025";"1500";"";"";"";"72,0";"74,0";"71,0";"";"";"";"1011,1";"1011,7";"1011,1";"1,4";"91,0";"2,4";"647,20";"0,0"
"11/01/2025";"1600";"";"";"";"71,0";"75,0";"70,0";"";"";"";"1010,3";"1011,1";"1010,3";"1,1";"90,0";"3,3";"1137,10";"0,0"
"11/01/2025";"1700";"";"";"";"76,0";"76,0";"68,0";"";"";"";"1009,3";"1010,3";"1009,3";"2,7";"85,0";"4,9";"1545,50";"0,0"
"11/01/2025";"1800";"";"";"";"79,0";"80,0";"75,0";"";"";"";"1008,2";"1009,3";"1008,2";"3,8";"96,0";"6,1";"1354,80";"0,0"
"11/01/2025";"1900";"";"";"";"78,0";"80,0";"76,0";"";"";"";"1007,9";"1008,2";"1007,6";"4,1";"73,0";"8,0";"1091,40";"0,0"
"11/01/2025";"2000";"";"";"";"79,0";"79,0";"78,0";"";"";"";"1008,1";"1008,4";"1007,9";"3,8";"69,0";"8,0";"593,60";"0,0"
"11/01/2025";"2100";"";"";"";"82,0";"82,0";"79,0";"";"";"";"1008,9";"1008,9";"1008,1";"2,9";"74,0";"7,5";"92,90";"0,0"
"11/01/2025";"2200";"";"";"";"82,0";"82,0";"80,0";"";"";"";"1011,0";"1011,0";"1008,9";"2,3";"19,0";"7,2";"";"0,0"
"11/01/2025";"2300";"";"";"";"90,0";"90,0";"74,0";"";"";"";"1011,7";"1012,0";"1011,0";"0,8";"212,0";"7,3";"0,30";"36,8"
"12/01/2025";"0000";"";"";"";"90,0";"91,0";"90,0";"";"";"";"1012,1";"1012,2";"1011,7";"0,9";"241,0";"4,2";"";"2,0"
"12/01/2025";"0100";"";"";"";"90,0";"90,0";"90,0";"";"";"";"1013,4";"1013,5";"1012,1";"1,2";"360,0";"3,5";"";"3,4"
"12/01/2025";"0200";"";"";"";"90,0";"90,0";"90,0";"";"";"";"1012,9";"1013,4";"1012,7";"1,4";"97,0";"3,0";"";"3,4"
"12/01/2025";"0300";"";"";"";"90,0";"90,0";"90,0";"";"";"";"1011,9";"1013,0";"1011,9";"1,1";"89,0";"2,4";"";"2,6"
"12/01/2025";"0400";"";"";"";"91,0";"91,0";"90,0";"";"";"";"1010,9";"1011,9";"1010,9";"1,3";"82,0";"2,5";"";"1,8"
"12/01/2025";"0500";"";"";"";"90,0";"91,0";"90,0";"";"";"";"1010,4";"1010,9";"1010,4";"2,2";"66,0";"4,4";"";"0,8"
"12/01/2025";"0600";"";"";"";"89,0";"91,0";"89,0";"";"";"";"1010,1";"1010,5";"1009,9";"4,1";"59,0";"8,4";"";"1,0"
"12/01/2025";"0700";"";"";"";"85,0";"89,0";"85,0";"";"";"";"1010,3";"1010,3";"1010,1";"3,7";"46,0";"9,1";"";"1,4"
"12/01/2025";"0800";"";"";"";"88,0";"89,0";"85,0";"";"";"";"1011,1";"1011,1";"1010,3";"3,6";"43,0";"7,5";"";"2,4"
"12/01/2025";"0900";"";"";"";"90,0";"90,0";"88,0";"";"";"";"1011,2";"1011,4";"1011,1";"2,3";"39,0";"7,0";"10,00";"2,6"
"12/01/2025";"1000";"";"";"";"91,0";"91,0";"90,0";"";"";"";"1011,3";"1011,3";"1011,1";"1,7";"42,0";"4,1";"133,60";"0,8"
"12/01/2025";"1100";"";"";"";"86,0";"91,0";"86,0";"";"";"";"1011,6";"1011,6";"1011,2";"3,0";"38,0";"5,9";"321,60";"0,2"
"12/01/2025";"1200";"";"";"";"82,0";"86,0";"81,0";"";"";"";"1012,0";"1012,0";"1011,5";"2,6";"32,0";"5,8";"529,20";"0,0"
"12/01/2025";"1300";"";"";"";"76,0";"82,0";"76,0";"";"";"";"1011,7";"1012,0";"1011,7";"2,0";"15,0";"5,6";"759,80";"0,0"
"12/01/2025";"1400";"";"";"";"70,0";"77,0";"70,0";"";"";"";"1011,3";"1011,7";"1011,3";"2,5";"351,0";"5,0";"1047,20";"0,0"
"12/01/2025";"1500";"";"";"";"67,0";"72,0";"65,0";"";"";"";"1010,7";"1011,3";"1010,7";"1,9";"35,0";"4,6";"1433,80";"0,0"
"12/01/2025";"1600";"";"";"";"76,0";"76,0";"65,0";"";"";"";"1010,1";"1010,7";"1010,1";"2,1";"85,0";"4,4";"1256,40";"0,0"
"12/01/2025";"1700";"";"";"";"78,0";"78,0";"74,0";"";"";"";"1009,3";"1010,1";"1009,3";"2,3";"97,0";"4,1";"948,70";"0,0"
"12/01/2025";"1800";"";"";"";"77,0";"78,0";"76,0";"";"";"";"1008,7";"1009,3";"1008,6";"1,0";"85,0";"3,5";"625,40";"0,0"
"12/01/2025";"1900";"";"";"";"79,0";"80,0";"77,0";"";"";"";"1008,3";"1008,7";"1008,3";"1,1";"97,0";"2,6";"311,40";"0,0"
"12/01/2025";"2000";"";"";"";"78,0";"80,0";"77,0";"";"";"";"1008,6";"1008,6";"1008,3";"0,5";"125,0";"2,3";"356,50";"0,0"
"12/01/2025";"2100";"";"";"";"80,0";"80,0";"77,0";"";"";"";"1009,0";"1009,1";"1008,5";"1,3";"70,0";"2,6";"67,30";"0,0"
"12/01/2025";"2200";"";"";"";"81,0";"81,0";"80,0";"";"";"";"1009,9";"1010,0";"1009,0";"0,8";"35,0";"2,6";"";"0,0"
"12/01/2025";"2300";"";"";"";"81,0";"82,0";"81,0";"";"";"";"1010,2";"1010,2";"1009,9";"3,2";"44,0";"5,4";"";"0,0"
"13/01/2025";"0000";"";"";"";"78,0";"81,0";"76,0";"";"";"";"1010,7";"1010,7";"1010,2";"2,2";"16,0";"7,5";"";"0,0"
"13/01/2025";"0100";"";"";"";"82,0";"82,0";"78,0";"";"";"";"1010,6";"1010,8";"1010,6";"2,7";"25,0";"6,0";"";"0,0"
"13/01/2025";"0200";"";"";"";"81,0";"82,0";"80,0";"";"";"";"1010,5";"1010,7";"1010,5";"1,4";"356,0";"5,9";"";"0,0"
"13/01/2025";"0300";"";"";"";"81,0";"81,0";"80,0";"";"";"";"1009,7";"1010,5";"1009,7";"1,7";"350,0";"4,0";"";"0,0"
"13/01/2025";"0400";"";"";"";"82,0";"82,0";"81,0";"";"";"";"1009,0";"1009,7";"1009,0";"2,5";"39,0";"4,6";"";"0,0"
"13/01/2025";"0500";"";"";"";"82,0";"83,0";"82,0";"";"";"";"1008,9";"1009,1";"1008,9";"2,1";"354,0";"5,8";"";"0,0"
"13/01/2025";"0600";"";"";"";"80,0";"82,0";"80,0";"";"";"";"1008,3";"1008,9";"1008,3";"2,6";"2,0";"5,4";"";"0,0"
"13/01/2025";"0700";"";"";"";"80,0";"81,0";"80,0";"";"";"";"1008,4";"1008,4";"1008,2";"2,4";"357,0";"5,4";"";"0,0"
"13/01/2025";"0800";"";"";"";"80,0";"80,0";"80,0";"";"";"";"1008,9";"1008,9";"1008,4";"1,7";"336,0";"4,5";"";"0,0"
"13/01/2025";"0900";"";"";"";"78,0";"79,0";"78,0";"";"";"";"1009,2";"1009,2";"1008,9";"1,5";"351,0";"3,7";"19,20";"0,0"
"13/01/2025";"1000";"";"";"";"73,0";"78,0";"73,0";"";"";"";"1009,6";"1009,6";"1009,2";"1,8";"323,0";"4,3";"248,70";"0,0"
"13/01/2025";"1100";"";"";"";"65,0";"74,0";"65,0";"";"";"";"1009,9";"1010,0";"1009,6";"2,2";"329,0";"5,3";"785,70";"0,0"
"13/01/2025";"1200";"";"";"";"59,0";"65,0";"57,0";"";"";"";"1010,3";"1010,3";"1009,9";"2,9";"360,0";"6,4";"1200,60";"0,0"
"13/01/2025";"1300";"";"";"";"56,0";"60,0";"55,0";"";"";"";"1010,4";"1010,4";"1010,2";"1,9";"5,0";"6,4";"1493,30";"0,0"
"13/01/2025";"1400";"";"";"";"67,0";"67,0";"52,0";"";"";"";"1010,3";"1010,4";"1010,2";"2,3";"108,0";"5,0";"1546,00";"0,0"
"13/01/2025";"1500";"";"";"";"66,0";"69,0";"65,0";"";"";"";"1009,8";"1010,3";"1009,8";"2,9";"96,0";"5,1";"1618,50";"0,0"
"13/01/2025";"1600";"";"";"";"71,0";"71,0";"64,0";"";"";"";"1009,1";"1009,8";"1009,1";"3,1";"90,0";"5,6";"1576,40";"0,0"
"13/01/2025";"1700";"";"";"";"75,0";"76,0";"70,0";"";"";"";"1007,7";"1009,1";"1007,7";"3,8";"88,0";"6,8";"1011,40";"0,0"
"13/01/2025";"1800";"";"";"";"73,0";"75,0";"73,0";"";"";"";"1007,1";"1007,7";"1007,1";"3,4";"89,0";"6,6";"1078,40";"0,0"
"13/01/2025";"1900";"";"";"";"79,0";"80,0";"73,0";"";"";"";"1006,8";"1007,1";"1006,8";"3,3";"86,0";"6,9";"857,80";"0,0"
"13/01/2025";"2000";"";"";"";"81,0";"82,0";"78,0";"";"";"";"1007,3";"1007,3";"1006,6";"3,2";"77,0";"6,7";"448,10";"0,0"
"13/01/2025";"2100";"";"";"";"83,0";"83,0";"81,0";"";"";"";"1008,0";"1008,0";"1007,3";"3,3";"79,0";"6,7";"84,30";"0,0"
"13/01/2025";"2200";"";"";"";"82,0";"83,0";"82,0";"";"";"";"1008,9";"1008,9";"1008,0";"2,6";"75,0";"6,8";"";"0,0"
"13/01/2025";"2300";"";"";"";"83,0";"83,0";"82,0";"";"";"";"1009,0";"1009,0";"1008,8";"2,4";"89,0";"6,0";"";"0,0"
"14/01/2025";"0000";"";"";"";"81,0";"83,0";"81,0";"";"";"";"1009,6";"1009,6";"1008,9";"2,9";"61,0";"6,1";"";"0,0"
"14/01/2025";"0100";"";"";"";"75,0";"81,0";"70,0";"";"";"";"1009,8";"1009,8";"1009,6";"2,9";"48,0";"6,7";"";"0,0"
"14/01/2025";"0200";"";"";"";"70,0";"75,0";"70,0";"";"";"";"1009,3";"1009,8";"1009,3";"2,3";"33,0";"6,4";"";"0,0"
"14/01/2025";"0300";"";"";"";"73,0";"74,0";"70,0";"";"";"";"1009,0";"1009,3";"1009,0";"1,6";"32,0";"5,5";"";"0,0"
"14/01/2025";"0400";"";"";"";"77,0";"77,0";"73,0";"";"";"";"1008,3";"1009,0";"1008,3";"2,3";"29,0";"4,2";"";"0,0"
"14/01/2025";"0500";"";"";"";"81,0";"81,0";"77,0";"";"";"";"1007,8";"1008,3";"1007,8";"2,3";"36,0";"4,5";"";"0,0"
"14/01/2025";"0600";"";"";"";"83,0";"83,0";"81,0";"";"";"";"1007,5";"1007,9";"1007,5";"1,7";"51,0";"4,0";"";"0,0"
"14/01/2025";"0700";"";"";"";"85,0";"85,0";"83,0";"";"";"";"1007,4";"1007,5";"1007,3";"1,4";"41,0";"3,7";"";"0,0"
"14/01/2025";"0800";"";"";"";"86,0";"86,0";"85,0";"";"";"";"1008,1";"1008,1";"1007,4";"1,4";"37,0";"3,4";"";"0,0"
"14/01/2025";"0900";"";"";"";"85,0";"86,0";"85,0";"";"";"";"1009,0";"1009,0";"1008,1";"1,7";"46,0";"2,8";"19,40";"0,0"
"14/01/2025";"1000";"";"";"";"78,0";"85,0";"78,0";"";"";"";"1009,2";"1009,3";"1009,0";"1,6";"357,0";"3,2";"331,10";"0,0"
"14/01/2025";"1100";"";"";"";"73,0";"78,0";"72,0";"";"";"";"1009,6";"1009,7";"1009,2";"1,9";"43,0";"5,3";"790,50";"0,0"
"14/01/2025";"1200";"";"";"";"67,0";"74,0";"65,0";"";"";"";"1010,1";"1010,2";"1009,6";"1,7";"19,0";"3,8";"1122,50";"0,0"
"14/01/2025";"1300";"";"";"";"58,0";"67,0";"58,0";"";"";"";"1009,8";"1010,2";"1009,8";"1,7";"318,0";"4,5";"1266,80";"0,0"
"14/01/2025";"1400";"";"";"";"51,0";"61,0";"51,0";"";"";"";"1009,4";"1009,8";"1009,4";"1,9";"305,0";"5,0";"2527,20";"0,0"
"14/01/2025";"1500";"";"";"";"75,0";"76,0";"49,0";"";"";"";"1008,8";"1009,4";"1008,8";"3,4";"94,0";"6,2";"1537,70";"0,0"
"14/01/2025";"1600";"";"";"";"76,0";"76,0";"68,0";"";"";"";"1008,1";"1008,8";"1008,1";"4,2";"90,0";"6,8";"1700,50";"0,0"
"14/01/2025";"1700";"";"";"";"73,0";"77,0";"73,0";"";"";"";"1007,5";"1008,2";"1007,5";"4,5";"89,0";"7,9";"1508,40";"0,0"
"14/01/2025";"1800";"";"";"";"73,0";"74,0";"71,0";"";"";"";"1007,0";"1007,5";"1007,0";"4,7";"71,0";"9,1";"1196,60";"0,0"
"14/01/2025";"1900";"";"";"";"74,0";"74,0";"71,0";"";"";"";"1007,4";"1007,4";"1006,4";"4,8";"62,0";"9,5";"964,20";"0,0"
"14/01/2025";"2000";"";"";"";"79,0";"79,0";"74,0";"";"";"";"1007,7";"1007,8";"1007,3";"3,8";"70,0";"9,5";"397,00";"0,0"
"14/01/2025";"2100";"";"";"";"77,0";"79,0";"76,0";"";"";"";"1008,8";"1008,8";"1007,7";"3,7";"64,0";"9,9";"60,00";"0,0"
"14/01/2025";"2200";"";"";"";"79,0";"79,0";"77,0";"";"";"";"1009,8";"1009,9";"1008,8";"3,6";"54,0";"9,8";"";"0,0"
"14/01/2025";"2300";"";"";"";"77,0";"79,0";"76,0";"";"";"";"1010,7";"1010,7";"1009,8";"1,3";"347,0";"7,0";"";"0,0"
"15/01/2025";"0000";"";"";"";"78,0";"79,0";"77,0";"";"";"";"1011,0";"1011,2";"1010,7";"0,6";"27,0";"3,0";"";"0,0"
"15/01/2025";"0100";"";"";"";"81,0";"81,0";"78,0";"";"";"";"1010,8";"1011,0";"1010,6";"1,3";"26,0";"3,0";"";"0,0"
"15/01/2025";"0200";"";"";"";"78,0";"82,0";"78,0";"";"";"";"1010,6";"1011,0";"1010,6";"1,6";"28,0";"3,4";"";"0,0"
"15/01/2025";"0300";"";"";"";"80,0";"80,0";"78,0";"";"";"";"1010,1";"1010,7";"1010,1";"1,9";"39,0";"3,6";"";"0,0"
"15/01/2025";"0400";"";"";"";"81,0";"81,0";"79,0";"";"";"";"1009,7";"1010,1";"1009,7";"2,2";"43,0";"4,5";"";"0,0"
"15/01/2025";"0500";"";"";"";"81,0";"81,0";"80,0";"";"";"";"1009,2";"1009,7";"1009,2";"2,1";"39,0";"3,9";"";"0,0"
"15/01/2025";"0600";"";"";"";"81,0";"82,0";"81,0";"";"";"";"1008,9";"1009,2";"1008,8";"2,3";"47,0";"5,2";"";"0,0"
"15/01/2025";"0700";"";"";"";"83,0";"83,0";"81,0";"";"";"";"1009,2";"1009,2";"1008,9";"1,9";"38,0";"4,4";"";"0,0"
"15/01/2025";"0800";"";"";"";"80,0";"83,0";"80,0";"";"";"";"1009,8";"1009,8";"1009,2";"2,0";"26,0";"4,8";"";"0,0"
"15/01/2025";"0900";"";"";"";"79,0";"80,0";"78,0";"";"";"";"1010,5";"1010,5";"1009,8";"1,9";"26,0";"4,8";"37,70";"0,0"
"15/01/2025";"1000";"";"";"";"75,0";"79,0";"75,0";"";"";"";"1011,3";"1011,3";"1010,5";"2,3";"28,0";"5,0";"412,20";"0,0"
"15/01/2025";"1100";"";"";"";"69,0";"76,0";"68,0";"";"";"";"1011,6";"1011,6";"1011,3";"2,9";"30,0";"6,5";"1027,30";"0,0"
"15/01/2025";"1200";"";"";"";"66,0";"69,0";"65,0";"";"";"";"1011,9";"1011,9";"1011,6";"2,6";"48,0";"6,1";"1374,90";"0,0"
"15/01/2025";"1300";"";"";"";"73,0";"73,0";"66,0";"";"";"";"1011,9";"1012,0";"1011,8";"3,2";"96,0";"5,6";"747,20";"0,0"
"15/01/2025";"1400";"";"";"";"65,0";"74,0";"65,0";"";"";"";"1011,5";"1011,9";"1011,4";"3,9";"75,0";"7,5";"1432,20";"0,0"
"15/01/2025";"1500";"";"";"";"66,0";"69,0";"63,0";"";"";"";"1011,0";"1011,5";"1010,9";"4,5";"79,0";"8,8";"2400,00";"0,0"
"15/01/2025";"1600";"";"";"";"70,0";"70,0";"64,0";"";"";"";"1010,2";"1010,9";"1010,1";"4,6";"86,0";"8,8";"2603,60";"0,0"
"15/01/2025";"1700";"";"";"";"68,0";"71,0";"67,0";"";"";"";"1009,6";"1010,2";"1009,5";"4,1";"87,0";"9,6";"2150,20";"0,0"
"15/01/2025";"1800";"";"";"";"71,0";"71,0";"67,0";"";"";"";"1009,1";"1009,6";"1009,1";"4,0";"84,0";"8,2";"1581,90";"0,0"
"15/01/2025";"1900";"";"";"";"72,0";"73,0";"69,0";"";"";"";"1009,1";"1009,1";"1008,9";"3,6";"87,0";"8,1";"813,40";"0,0"
"15/01/2025";"2000";"";"";"";"73,0";"74,0";"70,0";"";"";"";"1009,7";"1009,7";"1009,0";"2,7";"89,0";"6,7";"425,10";"0,0"
"15/01/2025";"2100";"";"";"";"76,0";"77,0";"73,0";"";"";"";"1010,4";"1010,4";"1009,7";"1,8";"82,0";"5,8";"86,80";"0,0"
"15/01/2025";"2200";"";"";"";"76,0";"77,0";"75,0";"";"";"";"1011,2";"1011,2";"1010,4";"2,4";"74,0";"4,7";"";"0,0"
"15/01/2025";"2300";"";"";"";"78,0";"78,0";"76,0";"";"";"";"1012,4";"1012,4";"1011,2";"2,3";"76,0";"5,0";"";"0,0"
"16/01/2025";"0000";"";"";"";"78,0";"78,0";"77,0";"";"";"";"1013,0";"1013,0";"1012,3";"2,4";"65,0";"6,0";"";"0,0"
"16/01/2025";"0100";"";"";"";"79,0";"79,0";"77,0";"";"";"";"1013,0";"1013,1";"1012,9";"2,7";"71,0";"5,3";"";"0,0"
"16/01/2025";"0200";"";"";"";"81,0";"81,0";"79,0";"";"";"";"1013,0";"1013,1";"1012,9";"2,2";"62,0";"5,0";"";"0,0"
"16/01/2025";"0300";"";"";"";"82,0";"82,0";"80,0";"";"";"";"1012,5";"1013,0";"1012,5";"2,1";"67,0";"4,5";"";"0,0"
"16/01/2025";"0400";"";"";"";"83,0";"83,0";"82,0";"";"";"";"1012,1";"1012,5";"1012,1";"2,5";"65,0";"5,4";"";"0,0"
"16/01/2025";"0500";"";"";"";"82,0";"83,0";"82,0";"";"";"";"1012,0";"1012,1";"1011,9";"2,2";"55,0";"5,4";"";"0,0"
"16/01/2025";"0600";"";"";"";"83,0";"83,0";"81,0";"";"";"";"1011,8";"1012,0";"1011,8";"1,8";"41,0";"4,9";"";"0,0"
"16/01/2025";"0700";"";"";"";"83,0";"84,0";"83,0";"";"";"";"1012,0";"1012,0";"1011,8";"2,0";"40,0";"3,7";"";"0,0"
"16/01/2025";"0800";"";"";"";"81,0";"84,0";"81,0";"";"";"";"1012,5";"1012,6";"1012,0";"2,5";"51,0";"4,6";"";"0,0"
"16/01/2025";"0900";"";"";"";"80,0";"82,0";"80,0";"";"";"";"1013,0";"1013,0";"1012,5";"2,5";"51,0";"4,8";"74,80";"0,0"
"16/01/2025";"1000";"";"";"";"76,0";"80,0";"76,0";"";"";"";"1013,3";"1013,4";"1013,0";"2,8";"60,0";"6,5";"388,90";"0,0"
"16/01/2025";"1100";"";"";"";"73,0";"76,0";"72,0";"";"";"";"1013,4";"1013,5";"1013,3";"3,7";"68,0";"6,6";"896,20";"0,0"
"16/01/2025";"1200";"";"";"";"67,0";"74,0";"67,0";"";"";"";"1013,8";"1013,8";"1013,3";"3,6";"56,0";"7,4";"2012,20";"0,0"
"16/01/2025";"1300";"";"";"";"70,0";"70,0";"65,0";"";"";"";"1013,8";"1014,0";"1013,8";"4,0";"91,0";"7,7";"2491,20";"0,0"
"16/01/2025";"1400";"";"";"";"63,0";"71,0";"60,0";"";"";"";"1013,7";"1013,9";"1013,7";"4,2";"78,0";"7,5";"2580,60";"0,0"
"16/01/2025";"1500";"";"";"";"64,0";"66,0";"61,0";"";"";"";"1013,3";"1013,7";"1013,2";"4,7";"93,0";"8,3";"2888,10";"0,0"
"16/01/2025";"1600";"";"";"";"65,0";"66,0";"62,0";"";"";"";"1012,5";"1013,3";"1012,4";"4,3";"92,0";"7,4";"2897,30";"0,0"
"16/01/2025";"1700";"";"";"";"61,0";"68,0";"61,0";"";"";"";"1011,9";"1012,5";"1011,8";"4,2";"90,0";"8,4";"2720,80";"0,0"
"16/01/2025";"1800";"";"";"";"64,0";"66,0";"61,0";"";"";"";"1011,4";"1011,9";"1011,4";"3,8";"86,0";"6,9";"2292,90";"0,0"
"16/01/2025";"1900";"";"";"";"64,0";"68,0";"63,0";"";"";"";"1011,5";"1011,5";"1011,3";"2,7";"85,0";"7,4";"1665,60";"0,0"
"16/01/2025";"2000";"";"";"";"67,0";"67,0";"64,0";"";"";"";"1011,7";"1011,7";"1011,4";"2,8";"86,0";"6,7";"959,90";"0,0"
"16/01/2025";"2100";"";"";"";"72,0";"73,0";"66,0";"";"";"";"1011,8";"1011,8";"1011,6";"3,9";"89,0";"7,0";"253,90";"0,0"
"16/01/2025";"2200";"";"";"";"76,0";"76,0";"72,0";"";"";"";"1012,3";"1012,3";"1011,8";"3,5";"89,0";"6,9";"";"0,0"
"16/01/2025";"2300";"";"";"";"72,0";"76,0";"72,0";"";"";"";"1013,1";"1013,2";"1012,3";"3,3";"90,0";"6,7";"";"0,0"
"17/01/2025";"0000";"";"";"";"74,0";"75,0";"72,0";"";"";"";"1013,8";"1013,8";"1013,1";"3,5";"88,0";"7,1";"";"0,0"
"17/01/2025";"0100";"";"";"";"71,0";"74,0";"70,0";"";"";"";"1014,3";"1014,4";"1013,8";"3,7";"89,0";"7,9";"";"0,0"
"17/01/2025";"0200";"";"";"";"70,0";"72,0";"69,0";"";"";"";"1014,0";"1014,4";"1014,0";"3,4";"88,0";"7,0";"";"0,0"
"17/01/2025";"0300";"";"";"";"72,0";"72,0";"68,0";"";"";"";"1013,6";"1014,0";"1013,6";"2,5";"87,0";"6,1";"";"0,0"
"17/01/2025";"0400";"";"";"";"73,0";"74,0";"71,0";"";"";"";"1013,2";"1013,6";"1013,1";"2,4";"88,0";"5,3";"";"0,0"
"17/01/2025";"0500";"";"";"";"73,0";"75,0";"73,0";"";"";"";"1012,8";"1013,2";"1012,8";"2,1";"86,0";"4,6";"";"0,0"
"17/01/2025";"0600";"";"";"";"74,0";"74,0";"72,0";"";"";"";"1012,5";"1012,8";"1012,5";"0,8";"78,0";"4,6";"";"0,0"
"17/01/2025";"0700";"";"";"";"73,0";"74,0";"71,0";"";"";"";"1012,5";"1012,5";"1012,3";"0,8";"12,0";"4,0";"";"0,0"
"17/01/2025";"0800";"";"";"";"74,0";"75,0";"73,0";"";"";"";"1012,8";"1012,9";"1012,5";"0,8";"292,0";"2,3";"";"0,0"
"17/01/2025";"0900";"";"";"";"71,0";"76,0";"71,0";"";"";"";"1013,9";"1013,9";"1012,8";"0,6";"228,0";"1,7";"37,30";"0,0"
"17/01/2025";"1000";"";"";"";"68,0";"71,0";"68,0";"";"";"";"1014,3";"1014,3";"1013,9";"1,0";"92,0";"3,6";"357,40";"0,0"
"17/01/2025";"1100";"";"";"";"59,0";"68,0";"58,0";"";"";"";"1014,8";"1014,8";"1014,3";"2,0";"82,0";"4,9";"1420,40";"0,0"
"17/01/2025";"1200";"";"";"";"58,0";"60,0";"56,0";"";"";"";"1015,1";"1015,2";"1014,7";"2,1";"77,0";"5,0";"2062,90";"0,0"
"17/01/2025";"1300";"";"";"";"55,0";"59,0";"52,0";"";"";"";"1014,9";"1015,2";"1014,9";"2,1";"80,0";"6,1";"2589,00";"0,0"
"17/01/2025";"1400";"";"";"";"54,0";"57,0";"53,0";"";"";"";"1014,6";"1015,0";"1014,6";"2,3";"103,0";"6,1";"2811,00";"0,0"
"17/01/2025";"1500";"";"";"";"52,0";"57,0";"50,0";"";"";"";"1014,0";"1014,6";"1014,0";"1,7";"119,0";"5,7";"2949,30";"0,0"
"17/01/2025";"1600";"";"";"";"50,0";"56,0";"49,0";"";"";"";"1013,3";"1014,1";"1013,3";"2,0";"163,0";"5,7";"2922,20";"0,0"
"17/01/2025";"1700";"";"";"";"53,0";"55,0";"48,0";"";"";"";"1013,1";"1013,3";"1013,0";"2,4";"171,0";"7,9";"2734,60";"0,0"
"17/01/2025";"1800";"";"";"";"51,0";"55,0";"48,0";"";"";"";"1012,7";"1013,2";"1012,6";"1,9";"187,0";"7,9";"2387,70";"0,0"
"17/01/2025";"1900";"";"";"";"61,0";"63,0";"50,0";"";"";"";"1012,6";"1012,7";"1012,4";"2,2";"82,0";"5,1";"941,60";"0,0"
"17/01/2025";"2000";"";"";"";"61,0";"63,0";"59,0";"";"";"";"1012,8";"1012,8";"1012,5";"0,9";"273,0";"4,7";"787,60";"0,0"
"17/01/2025";"2100";"";"";"";"66,0";"66,0";"61,0";"";"";"";"1013,0";"1013,0";"1012,8";"0,8";"309,0";"4,4";"141,60";"0,0"
"17/01/2025";"2200";"";"";"";"64,0";"67,0";"63,0";"";"";"";"1013,4";"1013,4";"1012,9";"1,4";"214,0";"3,1";"";"0,0"
"17/01/2025";"2300";"";"";"";"71,0";"71,0";"62,0";"";"";"";"1014,0";"1014,0";"1013,4";"1,0";"290,0";"4,6";"";"0,0"
"18/01/2025";"0000";"";"";"";"74,0";"75,0";"71,0";"";"";"";"1014,4";"1014,4";"1014,0";"1,4";"67,0";"5,0";"";"0,0"
"18/01/2025";"0100";"";"";"";"70,0";"74,0";"70,0";"";"";"";"1014,3";"1014,4";"1014,2";"1,9";"79,0";"5,7";"";"0,0"
"18/01/2025";"0200";"";"";"";"67,0";"70,0";"67,0";"";"";"";"1013,8";"1014,3";"1013,7";"1,6";"85,0";"4,7";"";"0,0"
"18/01/2025";"0300";"";"";"";"65,0";"67,0";"64,0";"";"";"";"1013,0";"1014,0";"1013,0";"2,8";"90,0";"4,7";"";"0,0"
"18/01/2025";"0400";"";"";"";"75,0";"75,0";"65,0";"";"";"";"1012,6";"1013,0";"1012,6";"0,7";"329,0";"5,8";"";"0,0"
"18/01/2025";"0500";"";"";"";"72,0";"76,0";"72,0";"";"";"";"1012,5";"1012,5";"1012,4";"2,4";"92,0";"4,6";"";"0,0"
"18/01/2025";"0600";"";"";"";"73,0";"73,0";"71,0";"";"";"";"1012,5";"1012,6";"1012,4";"2,2";"85,0";"4,5";"";"0,0"
"18/01/2025";"0700";"";"";"";"73,0";"74,0";"71,0";"";"";"";"1012,6";"1012,6";"1012,4";"1,3";"71,0";"4,0";"";"0,0"
"18/01/2025";"0800";"";"";"";"71,0";"74,0";"71,0";"";"";"";"1012,9";"1012,9";"1012,5";"1,7";"87,0";"3,5";"";"0,0"
"18/01/2025";"0900";"";"";"";"70,0";"72,0";"69,0";"";"";"";"1013,5";"1013,5";"1012,9";"1,5";"86,0";"3,5";"29,70";"0,0"
"18/01/2025";"1000";"";"";"";"75,0";"75,0";"69,0";"";"";"";"1013,9";"1013,9";"1013,5";"1,2";"337,0";"3,4";"351,80";"0,0"
"18/01/2025";"1100";"";"";"";"73,0";"75,0";"70,0";"";"";"";"1014,2";"1014,4";"1013,9";"1,2";"327,0";"2,4";"711,80";"0,0"
"18/01/2025";"1200";"";"";"";"70,0";"73,0";"70,0";"";"";"";"1014,5";"1014,6";"1014,2";"1,6";"38,0";"2,8";"721,80";"0,0"
"18/01/2025";"1300";"";"";"";"63,0";"70,0";"62,0";"";"";"";"1014,3";"1014,5";"1014,2";"1,7";"89,0";"3,4";"1396,40";"0,0"
"18/01/2025";"1400";"";"";"";"62,0";"66,0";"59,0";"";"";"";"1014,2";"1014,4";"1014,1";"2,2";"85,0";"3,8";"1558,30";"0,0"
"18/01/2025";"1500";"";"";"";"57,0";"64,0";"56,0";"";"";"";"1013,5";"1014,4";"1013,5";"1,8";"94,0";"4,0";"1906,30";"0,0"
"18/01/2025";"1600";"";"";"";"58,0";"61,0";"53,0";"";"";"";"1013,1";"1013,5";"1013,0";"2,4";"90,0";"5,0";"3005,20";"0,0"
"18/01/2025";"1700";"";"";"";"64,0";"65,0";"53,0";"";"";"";"1012,5";"1013,1";"1012,5";"1,6";"27,0";"5,4";"2790,30";"0,0"
"18/01/2025";"1800";"";"";"";"54,0";"64,0";"53,0";"";"";"";"1012,1";"1012,5";"1011,9";"1,7";"66,0";"4,5";"2353,00";"0,0"
"18/01/2025";"1900";"";"";"";"60,0";"60,0";"50,0";"";"";"";"1011,9";"1012,2";"1011,8";"1,7";"71,0";"4,8";"1726,30";"0,0"
"18/01/2025";"2000";"";"";"";"64,0";"64,0";"57,0";"";"";"";"1012,0";"1012,0";"1011,8";"1,1";"122,0";"4,3";"998,70";"0,0"
"18/01/2025";"2100";"";"";"";"70,0";"70,0";"64,0";"";"";"";"1012,1";"1012,1";"1012,0";"0,8";"324,0";"3,8";"282,40";"0,0"
"18/01/2025";"2200";"";"";"";"69,0";"73,0";"69,0";"";"";"";"1012,6";"1012,6";"1012,1";"0,8";"213,0";"3,2";"";"0,0"
"18/01/2025";"2300";"";"";"";"70,0";"72,0";"69,0";"";"";"";"1012,9";"1012,9";"1012,6";"0,8";"43,0";"3,0";"";"0,0"
"19/01/2025";"0000";"";"";"";"70,0";"70,0";"67,0";"";"";"";"1013,2";"1013,2";"1012,9";"2,0";"86,0";"4,9";"";"0,0"
"19/01/2025";"0100";"";"";"";"74,0";"74,0";"70,0";"";"";"";"1013,7";"1013,7";"1013,2";"2,7";"83,0";"5,2";"";"0,0"
"19/01/2025";"0200";"";"";"";"70,0";"74,0";"69,0";"";"";"";"1013,6";"1013,7";"1013,6";"2,7";"88,0";"6,0";"";"0,0"
"19/01/2025";"0300";"";"";"";"72,0";"72,0";"70,0";"";"";"";"1013,2";"1013,6";"1013,2";"2,4";"86,0";"4,9";"";"0,0"
"19/01/2025";"0400";"";"";"";"73,0";"73,0";"71,0";"";"";"";"1012,3";"1013,2";"1012,3";"2,0";"83,0";"4,8";"";"0,0"
"19/01/2025";"0500";"";"";"";"71,0";"74,0";"70,0";"";"";"";"1011,8";"1012,3";"1011,8";"2,3";"68,0";"5,6";"";"0,0"
"19/01/2025";"0600";"";"";"";"74,0";"75,0";"71,0";"";"";"";"1011,8";"1011,9";"1011,8";"1,6";"43,0";"4,9";"";"0,0"
"19/01/2025";"0700";"";"";"";"77,0";"77,0";"74,0";"";"";"";"1011,8";"1012,0";"1011,7";"1,4";"37,0";"3,4";"";"0,0"
"19/01/2025";"0800";"";"";"";"79,0";"79,0";"77,0";"";"";"";"1012,5";"1012,5";"1011,8";"0,9";"298,0";"2,7";"";"0,0"
"19/01/2025";"0900";"";"";"";"81,0";"81,0";"79,0";"";"";"";"1013,0";"1013,0";"1012,5";"0,8";"304,0";"3,9";"43,20";"0,0"
"19/01/2025";"1000";"";"";"";"77,0";"81,0";"77,0";"";"";"";"1013,3";"1013,3";"1012,9";"1,1";"329,0";"2,6";"307,50";"0,0"
"19/01/2025";"1100";"";"";"";"67,0";"77,0";"66,0";"";"";"";"1013,5";"1013,6";"1013,3";"1,8";"43,0";"3,7";"829,50";"0,0"
"19/01/2025";"1200";"";"";"";"64,0";"70,0";"62,0";"";"";"";"1013,7";"1013,7";"1013,5";"2,9";"87,0";"4,9";"1614,30";"0,0"
"19/01/2025";"1300";"";"";"";"64,0";"66,0";"58,0";"";"";"";"1013,6";"1013,8";"1013,6";"2,9";"87,0";"5,5";"2092,90";"0,0"
"19/01/2025";"1400";"";"";"";"64,0";"66,0";"59,0";"";"";"";"1013,3";"1013,7";"1013,3";"3,9";"97,0";"6,6";"2273,00";"0,0"
"19/01/2025";"1500";"";"";"";"67,0";"69,0";"64,0";"";"";"";"1012,9";"1013,3";"1012,9";"3,5";"94,0";"6,7";"1694,20";"0,0"
"19/01/2025";"1600";"";"";"";"69,0";"69,0";"63,0";"";"";"";"1012,5";"1012,9";"1012,5";"2,9";"83,0";"6,5";"1750,20";"0,0"
"19/01/2025";"1700";"";"";"";"65,0";"69,0";"64,0";"";"";"";"1011,7";"1012,5";"1011,7";"3,4";"87,0";"6,0";"1714,50";"0,0"
"19/01/2025";"1800";"";"";"";"65,0";"69,0";"65,0";"";"";"";"1011,3";"1011,8";"1011,3";"3,7";"90,0";"6,3";"1321,60";"0,0"
"19/01/2025";"1900";"";"";"";"69,0";"69,0";"62,0";"";"";"";"1010,9";"1011,3";"1010,9";"3,0";"84,0";"6,8";"1017,20";"0,0"
"19/01/2025";"2000";"";"";"";"73,0";"73,0";"65,0";"";"";"";"1011,0";"1011,0";"1010,8";"3,3";"85,0";"6,6";"711,80";"0,0"
"19/01/2025";"2100";"";"";"";"73,0";"75,0";"73,0";"";"";"";"1011,3";"1011,3";"1011,0";"3,6";"89,0";"6,5";"179,30";"0,0"
"19/01/2025";"2200";"";"";"";"75,0";"75,0";"72,0";"";"";"";"1011,5";"1011,5";"1011,3";"4,0";"87,0";"7,0";"";"0,0"
"19/01/2025";"2300";"";"";"";"75,0";"77,0";"74,0";"";"";"";"1012,2";"1012,2";"1011,5";"3,3";"90,0";"7,4";"";"0,0"
"20/01/2025";"0000";"";"";"";"73,0";"75,0";"72,0";"";"";"";"1012,9";"1012,9";"1012,2";"3,3";"84,0";"6,8";"";"0,0"
"20/01/2025";"0100";"";"";"";"72,0";"73,0";"71,0";"";"";"";"1013,2";"1013,3";"1012,9";"3,8";"72,0";"6,9";"";"0,0"
"20/01/2025";"0200";"";"";"";"73,0";"73,0";"72,0";"";"";"";"1013,2";"1013,4";"1013,2";"3,3";"68,0";"7,7";"";"0,0"
"20/01/2025";"0300";"";"";"";"72,0";"75,0";"71,0";"";"";"";"1012,8";"1013,3";"1012,8";"3,5";"60,0";"7,3";"";"0,0"
"20/01/2025";"0400";"";"";"";"76,0";"76,0";"71,0";"";"";"";"1012,3";"1012,9";"1012,3";"3,3";"71,0";"7,0";"";"0,0"
"20/01/2025";"0500";"";"";"";"80,0";"80,0";"74,0";"";"";"";"1012,4";"1012,4";"1012,2";"1,6";"70,0";"7,0";"";"0,4"
"20/01/2025";"0600";"";"";"";"79,0";"80,0";"79,0";"";"";"";"1012,3";"1012,5";"1012,3";"2,2";"43,0";"4,6";"";"0,0"
"20/01/2025";"0700";"";"";"";"80,0";"80,0";"78,0";"";"";"";"1012,2";"1012,3";"1012,2";"1,7";"45,0";"4,8";"";"0,0"
"20/01/2025";"0800";"";"";"";"79,0";"80,0";"78,0";"";"";"";"1012,3";"1012,3";"1012,2";"2,2";"31,0";"4,6";"";"0,0"
"20/01/2025";"0900";"";"";"";"80,0";"80,0";"79,0";"";"";"";"1013,2";"1013,2";"1012,3";"1,4";"341,0";"4,6";"41,10";"0,0"
"20/01/2025";"1000";"";"";"";"74,0";"80,0";"74,0";"";"";"";"1013,6";"1013,6";"1013,2";"2,2";"46,0";"5,0";"493,30";"0,0"
"20/01/2025";"1100";"";"";"";"68,0";"76,0";"67,0";"";"";"";"1014,1";"1014,1";"1013,6";"2,5";"33,0";"4,9";"1194,30";"0,0"
"20/01/2025";"1200";"";"";"";"61,0";"69,0";"57,0";"";"";"";"1014,1";"1014,3";"1014,1";"3,5";"81,0";"7,0";"2329,50";"0,0"
"20/01/2025";"1300";"";"";"";"61,0";"63,0";"58,0";"";"";"";"1014,2";"1014,2";"1014,0";"3,8";"91,0";"6,7";"2514,00";"0,0"
"20/01/2025";"1400";"";"";"";"61,0";"63,0";"58,0";"";"";"";"1013,9";"1014,2";"1013,9";"3,7";"92,0";"6,8";"2772,90";"0,0"
"20/01/2025";"1500";"";"";"";"60,0";"62,0";"59,0";"";"";"";"1013,2";"1013,9";"1013,2";"3,5";"80,0";"6,7";"2893,40";"0,0"
"20/01/2025";"1600";"";"";"";"63,0";"64,0";"58,0";"";"";"";"1012,6";"1013,3";"1012,6";"2,7";"85,0";"7,3";"2931,20";"0,0"
"20/01/2025";"1700";"";"";"";"60,0";"64,0";"60,0";"";"";"";"1011,8";"1012,6";"1011,8";"3,3";"83,0";"7,4";"2762,00";"0,0"
"20/01/2025";"1800";"";"";"";"63,0";"64,0";"59,0";"";"";"";"1011,0";"1011,9";"1011,0";"3,0";"84,0";"7,9";"2331,50";"0,0"
"20/01/2025";"1900";"";"";"";"66,0";"66,0";"61,0";"";"";"";"1010,7";"1011,1";"1010,6";"3,2";"84,0";"8,0";"1711,10";"0,0"
"20/01/2025";"2000";"";"";"";"67,0";"68,0";"65,0";"";"";"";"1010,8";"1010,8";"1010,5";"3,7";"84,0";"7,3";"1003,90";"0,0"
"20/01/2025";"2100";"";"";"";"72,0";"72,0";"67,0";"";"";"";"1011,0";"1011,0";"1010,7";"4,5";"88,0";"7,9";"282,20";"0,0"
"20/01/2025";"2200";"";"";"";"71,0";"74,0";"70,0";"";"";"";"1011,9";"1011,9";"1011,0";"4,0";"87,0";"7,9";"";"0,0"
"20/01/2025";"2300";"";"";"";"73,0";"74,0";"71,0";"";"";"";"1012,7";"1012,7";"1011,9";"3,2";"85,0";"7,0";"";"0,0"
"21/01/2025";"0000";"";"";"";"71,0";"74,0";"70,0";"";"";"";"1013,3";"1013,3";"1012,7";"2,9";"74,0";"6,7";"";"0,0"
"21/01/2025";"0100";"";"";"";"74,0";"75,0";"71,0";"";"";"";"1013,2";"1013,4";"1013,2";"3,1";"82,0";"6,3";"";"0,0"
"21/01/2025";"0200";"";"";"";"74,0";"75,0";"74,0";"";"";"";"1013,0";"1013,3";"1012,9";"3,3";"81,0";"7,2";"";"0,0"
"21/01/2025";"0300";"";"";"";"75,0";"76,0";"74,0";"";"";"";"1012,6";"1013,0";"1012,5";"3,6";"72,0";"7,6";"";"0,0"
"21/01/2025";"0400";"";"";"";"76,0";"76,0";"74,0";"";"";"";"1012,2";"1012,7";"1012,2";"2,9";"67,0";"7,6";"";"0,0"
"21/01/2025";"0500";"";"";"";"77,0";"78,0";"76,0";"";"";"";"1012,1";"1012,2";"1012,0";"2,0";"22,0";"5,6";"";"0,0"
"21/01/2025";"0600";"";"";"";"80,0";"80,0";"77,0";"";"";"";"1011,9";"1012,1";"1011,8";"1,3";"26,0";"3,7";"";"0,0"
"21/01/2025";"0700";"";"";"";"82,0";"82,0";"80,0";"";"";"";"1012,1";"1012,1";"1011,8";"1,6";"38,0";"3,9";"";"0,0"
"21/01/2025";"0800";"";"";"";"83,0";"83,0";"81,0";"";"";"";"1012,1";"1012,2";"1012,0";"2,0";"44,0";"3,9";"";"0,0"
"21/01/2025";"0900";"";"";"";"83,0";"84,0";"83,0";"";"";"";"1012,7";"1012,7";"1012,1";"2,0";"41,0";"3,8";"27,60";"0,0"
"21/01/2025";"1000";"";"";"";"76,0";"83,0";"76,0";"";"";"";"1013,6";"1013,6";"1012,7";"2,0";"41,0";"4,9";"462,20";"0,0"
"21/01/2025";"1100";"";"";"";"73,0";"78,0";"72,0";"";"";"";"1014,1";"1014,1";"1013,6";"1,7";"33,0";"4,4";"860,90";"0,0"
"21/01/2025";"1200";"";"";"";"62,0";"73,0";"61,0";"";"";"";"1014,3";"1014,4";"1014,1";"3,5";"77,0";"6,9";"2168,80";"0,0"
"21/01/2025";"1300";"";"";"";"62,0";"67,0";"61,0";"";"";"";"1014,4";"1014,5";"1014,3";"3,9";"91,0";"7,0";"2545,70";"0,0"
"21/01/2025";"1400";"";"";"";"65,0";"68,0";"61,0";"";"";"";"1014,1";"1014,5";"1014,1";"4,0";"94,0";"7,0";"2786,20";"0,0"
"21/01/2025";"1500";"";"";"";"64,0";"68,0";"64,0";"";"";"";"1013,8";"1014,2";"1013,8";"3,8";"85,0";"7,1";"2886,70";"0,0"
"21/01/2025";"1600";"";"";"";"64,0";"67,0";"62,0";"";"";"";"1013,0";"1013,8";"1013,0";"3,9";"87,0";"7,1";"2931,50";"0,0"
"21/01/2025";"1700";"";"";"";"64,0";"66,0";"63,0";"";"";"";"1012,7";"1013,1";"1012,6";"4,0";"87,0";"7,8";"2766,80";"0,0"
"21/01/2025";"1800";"";"";"";"63,0";"67,0";"63,0";"";"";"";"1012,0";"1012,7";"1012,0";"4,5";"92,0";"8,2";"2336,00";"0,0"
"21/01/2025";"1900";"";"";"";"70,0";"71,0";"62,0";"";"";"";"1011,6";"1012,0";"1011,6";"4,5";"93,0";"8,4";"1717,60";"0,0"
"21/01/2025";"2000";"";"";"";"71,0";"72,0";"67,0";"";"";"";"1011,6";"1011,7";"1011,5";"3,8";"86,0";"7,7";"1009,60";"0,0"
"21/01/2025";"2100";"";"";"";"73,0";"73,0";"70,0";"";"";"";"1011,7";"1011,7";"1011,6";"4,2";"89,0";"8,3";"287,20";"0,0"
"21/01/2025";"2200";"";"";"";"73,0";"73,0";"71,0";"";"";"";"1012,2";"1012,2";"1011,7";"3,7";"88,0";"8,3";"";"0,0"
"21/01/2025";"2300";"";"";"";"76,0";"76,0";"72,0";"";"";"";"1013,1";"1013,1";"1012,2";"3,4";"81,0";"7,3";"";"0,0"
"22/01/2025";"0000";"";"";"";"76,0";"78,0";"75,0";"";"";"";"1013,6";"1013,6";"1013,0";"4,1";"71,0";"8,5";"";"0,0"
"22/01/2025";"0100";"";"";"";"76,0";"77,0";"74,0";"";"";"";"1013,8";"1013,9";"1013,6";"3,6";"71,0";"7,7";"";"0,0"
"22/01/2025";"0200";"";"";"";"76,0";"77,0";"75,0";"";"";"";"1013,6";"1013,9";"1013,6";"3,7";"70,0";"8,4";"";"0,0"
"22/01/2025";"0300";"";"";"";"78,0";"78,0";"75,0";"";"";"";"1013,1";"1013,7";"1013,1";"3,3";"72,0";"8,4";"";"0,0"
"22/01/2025";"0400";"";"";"";"78,0";"78,0";"77,0";"";"";"";"1012,7";"1013,1";"1012,7";"2,9";"77,0";"7,5";"";"0,0"
"22/01/2025";"0500";"";"";"";"77,0";"79,0";"77,0";"";"";"";"1012,5";"1012,7";"1012,4";"3,0";"70,0";"7,2";"";"0,0"
"22/01/2025";"0600";"";"";"";"76,0";"78,0";"75,0";"";"";"";"1012,3";"1012,5";"1012,2";"3,2";"62,0";"7,1";"";"0,0"
"22/01/2025";"0700";"";"";"";"75,0";"77,0";"75,0";"";"";"";"1012,5";"1012,5";"1012,2";"3,1";"62,0";"7,0";"";"0,0"
"22/01/2025";"0800";"";"";"";"81,0";"82,0";"75,0";"";"";"";"1012,9";"1012,9";"1012,4";"1,9";"31,0";"5,4";"";"0,0"
"22/01/2025";"0900";"";"";"";"82,0";"82,0";"80,0";"";"";"";"1013,4";"1013,4";"1012,9";"2,1";"32,0";"4,0";"24,90";"0,0"
"22/01/2025";"1000";"";"";"";"78,0";"82,0";"76,0";"";"";"";"1013,7";"1013,8";"1013,4";"2,5";"39,0";"4,4";"410,20";"0,0"
"22/01/2025";"1100";"";"";"";"78,0";"79,0";"74,0";"";"";"";"1014,4";"1014,4";"1013,7";"2,1";"54,0";"4,3";"471,40";"0,0"
"22/01/2025";"1200";"";"";"";"68,0";"78,0";"67,0";"";"";"";"1014,5";"1014,5";"1014,3";"3,5";"70,0";"6,8";"1793,00";"0,0"
"22/01/2025";"1300";"";"";"";"63,0";"69,0";"62,0";"";"";"";"1014,5";"1014,6";"1014,4";"4,5";"71,0";"8,8";"2463,10";"0,0"
"22/01/2025";"1400";"";"";"";"64,0";"67,0";"62,0";"";"";"";"1014,2";"1014,6";"1014,2";"4,5";"86,0";"8,3";"2816,20";"0,0"
"22/01/2025";"1500";"";"";"";"64,0";"65,0";"61,0";"";"";"";"1013,7";"1014,2";"1013,7";"4,5";"86,0";"8,3";"2872,30";"0,0"
"22/01/2025";"1600";"";"";"";"63,0";"65,0";"59,0";"";"";"";"1013,2";"1013,7";"1013,1";"4,8";"91,0";"9,1";"2968,50";"0,0"
"22/01/2025";"1700";"";"";"";"63,0";"65,0";"61,0";"";"";"";"1012,4";"1013,2";"1012,4";"4,9";"90,0";"8,5";"2842,60";"0,0"
"22/01/2025";"1800";"";"";"";"66,0";"67,0";"62,0";"";"";"";"1011,8";"1012,4";"1011,8";"5,0";"91,0";"8,2";"2347,00";"0,0"
"22/01/2025";"1900";"";"";"";"66,0";"67,0";"64,0";"";"";"";"1011,6";"1011,9";"1011,5";"4,4";"88,0";"8,5";"1704,40";"0,0"
"22/01/2025";"2000";"";"";"";"70,0";"71,0";"65,0";"";"";"";"1011,6";"1011,7";"1011,4";"4,0";"90,0";"8,5";"794,80";"0,0"
"22/01/2025";"2100";"";"";"";"71,0";"72,0";"69,0";"";"";"";"1011,9";"1011,9";"1011,6";"4,1";"86,0";"7,6";"197,00";"0,0"
"22/01/2025";"2200";"";"";"";"71,0";"73,0";"70,0";"";"";"";"1012,3";"1012,3";"1011,8";"4,1";"87,0";"7,5";"";"0,0"
"22/01/2025";"2300";"";"";"";"70,0";"73,0";"70,0";"";"";"";"1012,9";"1012,9";"1012,2";"4,0";"88,0";"7,5";"";"0,0"
"23/01/2025";"0000";"";"";"";"71,0";"72,0";"70,0";"";"";"";"1013,6";"1013,6";"1012,9";"3,0";"78,0";"7,5";"";"0,0"
"23/01/2025";"0100";"";"";"";"72,0";"72,0";"70,0";"";"";"";"1013,8";"1013,9";"1013,6";"3,4";"81,0";"8,2";"";"0,0"
"23/01/2025";"0200";"";"";"";"71,0";"73,0";"70,0";"";"";"";"1013,5";"1013,8";"1013,5";"4,1";"79,0";"7,7";"";"0,0"
"23/01/2025";"0300";"";"";"";"74,0";"74,0";"71,0";"";"";"";"1013,0";"1013,5";"1013,0";"3,2";"72,0";"7,7";"";"0,0"
"23/01/2025";"0400";"";"";"";"74,0";"74,0";"71,0";"";"";"";"1012,6";"1013,0";"1012,6";"2,4";"80,0";"7,4";"";"0,0"
"23/01/2025";"0500";"";"";"";"71,0";"74,0";"71,0";"";"";"";"1012,1";"1012,6";"1012,1";"2,9";"83,0";"6,4";"";"0,0"
"23/01/2025";"0600";"";"";"";"71,0";"71,0";"68,0";"";"";"";"1012,3";"1012,3";"1012,0";"2,6";"76,0";"6,9";"";"0,0"
"23/01/2025";"0700";"";"";"";"71,0";"71,0";"69,0";"";"";"";"1012,4";"1012,4";"1012,2";"2,7";"82,0";"6,4";"";"0,0"
"23/01/2025";"0800";"";"";"";"71,0";"72,0";"69,0";"";"";"";"1012,7";"1012,8";"1012,4";"2,5";"78,0";"6,2";"";"0,0"
"23/01/2025";"0900";"";"";"";"74,0";"75,0";"71,0";"";"";"";"1013,3";"1013,3";"1012,7";"1,2";"39,0";"4,7";"29,00";"0,0"
"23/01/2025";"1000";"";"";"";"68,0";"74,0";"68,0";"";"";"";"1013,8";"1013,8";"1013,3";"1,6";"36,0";"3,0";"542,80";"0,0"
"23/01/2025";"1100";"";"";"";"61,0";"69,0";"60,0";"";"";"";"1014,3";"1014,3";"1013,8";"3,0";"93,0";"5,0";"1491,60";"0,0"
"23/01/2025";"1200";"";"";"";"64,0";"64,0";"59,0";"";"";"";"1014,4";"1014,5";"1014,3";"3,0";"87,0";"6,0";"2095,60";"0,0"
"23/01/2025";"1300";"";"";"";"60,0";"63,0";"57,0";"";"";"";"1014,5";"1014,5";"1014,4";"2,8";"80,0";"5,6";"2659,20";"0,0"
"23/01/2025";"1400";"";"";"";"61,0";"64,0";"59,0";"";"";"";"1014,4";"1014,5";"1014,3";"2,4";"82,0";"5,9";"2831,30";"0,0"
"23/01/2025";"1500";"";"";"";"58,0";"63,0";"55,0";"";"";"";"1013,6";"1014,4";"1013,6";"3,2";"90,0";"5,9";"2917,60";"0,0"
"23/01/2025";"1600";"";"";"";"61,0";"62,0";"58,0";"";"";"";"1012,8";"1013,7";"1012,8";"2,5";"79,0";"6,1";"2977,80";"0,0"
"23/01/2025";"1700";"";"";"";"58,0";"62,0";"57,0";"";"";"";"1012,2";"1012,9";"1012,2";"2,6";"79,0";"6,5";"2840,50";"0,0"
"23/01/2025";"1800";"";"";"";"57,0";"62,0";"55,0";"";"";"";"1011,8";"1012,2";"1011,8";"1,7";"98,0";"6,8";"2397,20";"0,0"
"23/01/2025";"1900";"";"";"";"57,0";"60,0";"55,0";"";"";"";"1011,7";"1011,8";"1011,7";"1,4";"92,0";"6,8";"1758,60";"0,0"
"23/01/2025";"2000";"";"";"";"62,0";"62,0";"53,0";"";"";"";"1012,0";"1012,0";"1011,7";"1,3";"9,0";"3,7";"1037,80";"0,0"
"23/01/2025";"2100";"";"";"";"67,0";"67,0";"60,0";"";"";"";"1012,3";"1012,3";"1012,0";"1,2";"20,0";"3,8";"298,90";"0,0"
"23/01/2025";"2200";"";"";"";"66,0";"68,0";"66,0";"";"";"";"1012,7";"1012,7";"1012,3";"1,3";"38,0";"5,1";"";"0,0"
"23/01/2025";"2300";"";"";"";"66,0";"68,0";"66,0";"";"";"";"1013,0";"1013,1";"1012,7";"1,1";"61,0";"3,8";"";"0,0"
"24/01/2025";"0000";"";"";"";"66,0";"67,0";"65,0";"";"";"";"1013,4";"1013,4";"1013,0";"1,3";"78,0";"5,0";"";"0,0"
"24/01/2025";"0100";"";"";"";"67,0";"68,0";"65,0";"";"";"";"1013,7";"1013,7";"1013,4";"3,7";"89,0";"7,0";"";"0,0"
"24/01/2025";"0200";"";"";"";"68,0";"69,0";"67,0";"";"";"";"1013,4";"1013,7";"1013,4";"3,2";"84,0";"7,0";"";"0,0"
"24/01/2025";"0300";"";"";"";"69,0";"70,0";"68,0";"";"";"";"1012,9";"1013,5";"1012,9";"3,6";"88,0";"6,9";"";"0,0"
"24/01/2025";"0400";"";"";"";"70,0";"72,0";"69,0";"";"";"";"1012,4";"1013,0";"1012,4";"3,4";"89,0";"6,9";"";"0,0"
"24/01/2025";"0500";"";"";"";"71,0";"72,0";"70,0";"";"";"";"1012,1";"1012,4";"1012,1";"2,1";"86,0";"6,1";"";"0,0"
"24/01/2025";"0600";"";"";"";"70,0";"72,0";"69,0";"";"";"";"1011,9";"1012,1";"1011,8";"2,9";"87,0";"5,9";"";"0,0"
"24/01/2025";"0700";"";"";"";"72,0";"74,0";"70,0";"";"";"";"1011,8";"1012,0";"1011,8";"3,4";"89,0";"5,7";"";"0,0"
"24/01/2025";"0800";"";"";"";"69,0";"73,0";"69,0";"";"";"";"1011,9";"1012,0";"1011,7";"2,9";"86,0";"6,0";"";"0,0"
"24/01/2025";"0900";"";"";"";"71,0";"73,0";"69,0";"";"";"";"1012,8";"1012,8";"1011,9";"2,8";"88,0";"5,5";"54,00";"0,0"
"24/01/2025";"1000";"";"";"";"66,0";"71,0";"65,0";"";"";"";"1013,3";"1013,3";"1012,8";"2,6";"87,0";"6,1";"421,70";"0,0"
"24/01/2025";"1100";"";"";"";"68,0";"68,0";"62,0";"";"";"";"1013,7";"1013,7";"1013,3";"2,8";"88,0";"5,8";"1091,70";"0,0"
"24/01/2025";"1200";"";"";"";"60,0";"68,0";"58,0";"";"";"";"1014,1";"1014,1";"1013,7";"2,5";"82,0";"5,8";"2146,50";"0,0"
"24/01/2025";"1300";"";"";"";"59,0";"65,0";"57,0";"";"";"";"1013,9";"1014,1";"1013,9";"3,2";"86,0";"6,1";"2396,60";"0,0"
"24/01/2025";"1400";"";"";"";"58,0";"61,0";"55,0";"";"";"";"1013,5";"1013,9";"1013,5";"2,4";"81,0";"6,3";"2830,10";"0,0"
"24/01/2025";"1500";"";"";"";"60,0";"62,0";"55,0";"";"";"";"1012,9";"1013,5";"1012,9";"1,7";"83,0";"6,1";"2779,60";"0,0"
"24/01/2025";"1600";"";"";"";"61,0";"62,0";"55,0";"";"";"";"1012,1";"1012,9";"1012,1";"2,8";"78,0";"6,2";"2986,10";"0,0"
"24/01/2025";"1700";"";"";"";"57,0";"62,0";"55,0";"";"";"";"1011,8";"1012,1";"1011,8";"2,5";"85,0";"6,8";"2824,80";"0,0"
"24/01/2025";"1800";"";"";"";"61,0";"63,0";"55,0";"";"";"";"1011,6";"1011,8";"1011,5";"1,5";"73,0";"6,0";"2289,70";"0,0"
"24/01/2025";"1900";"";"";"";"61,0";"65,0";"59,0";"";"";"";"1011,3";"1011,6";"1011,3";"2,6";"81,0";"7,3";"1518,40";"0,0"
"24/01/2025";"2000";"";"";"";"71,0";"71,0";"59,0";"";"";"";"1011,4";"1011,4";"1011,2";"3,3";"86,0";"6,9";"957,40";"0,0"
"24/01/2025";"2100";"";"";"";"70,0";"71,0";"67,0";"";"";"";"1011,8";"1011,8";"1011,4";"1,4";"83,0";"6,1";"240,80";"0,0"
"24/01/2025";"2200";"";"";"";"71,0";"73,0";"70,0";"";"";"";"1012,4";"1012,4";"1011,8";"2,5";"84,0";"6,0";"";"0,0"
"24/01/2025";"2300";"";"";"";"75,0";"75,0";"71,0";"";"";"";"1013,0";"1013,0";"1012,4";"3,4";"87,0";"7,0";"";"0,0"
"25/01/2025";"0000";"";"";"";"72,0";"76,0";"72,0";"";"";"";"1013,7";"1013,7";"1013,0";"3,6";"89,0";"7,0";"";"0,0"
"25/01/2025";"0100";"";"";"";"69,0";"72,0";"68,0";"";"";"";"1014,1";"1014,1";"1013,6";"3,5";"87,0";"6,8";"";"0,0"
"25/01/2025";"0200";"";"";"";"69,0";"72,0";"69,0";"";"";"";"1013,7";"1014,1";"1013,7";"2,9";"85,0";"6,9";"";"0,0"
"25/01/2025";"0300";"";"";"";"69,0";"69,0";"67,0";"";"";"";"1013,2";"1013,8";"1013,1";"3,5";"91,0";"7,0";"";"0,0"
"25/01/2025";"0400";"";"";"";"71,0";"74,0";"69,0";"";"";"";"1012,5";"1013,2";"1012,5";"3,0";"88,0";"7,0";"";"0,0"
"25/01/2025";"0500";"";"";"";"67,0";"74,0";"66,0";"";"";"";"1012,0";"1012,5";"1012,0";"3,5";"89,0";"6,7";"";"0,0"
"25/01/2025";"0600";"";"";"";"68,0";"69,0";"66,0";"";"";"";"1011,9";"1012,0";"1011,8";"2,8";"86,0";"6,7";"";"0,0"
"25/01/2025";"0700";"";"";"";"66,0";"69,0";"64,0";"";"";"";"1012,0";"1012,0";"1011,8";"3,0";"89,0";"6,4";"";"0,0"
"25/01/2025";"0800";"";"";"";"68,0";"68,0";"66,0";"";"";"";"1012,3";"1012,3";"1012,0";"2,4";"86,0";"5,6";"";"0,0"
"25/01/2025";"0900";"";"";"";"77,0";"77,0";"60,0";"";"";"";"1013,1";"1013,1";"1012,2";"2,4";"40,0";"7,0";"14,80";"0,0"
"25/01/2025";"1000";"";"";"";"79,0";"82,0";"77,0";"";"";"";"1013,6";"1013,6";"1013,1";"1,0";"5,0";"4,6";"214,70";"0,4"
"25/01/2025";"1100";"";"";"";"80,0";"85,0";"77,0";"";"";"";"1014,2";"1014,2";"1013,6";"1,2";"340,0";"4,5";"712,40";"0,6"
"25/01/2025";"1200";"";"";"";"69,0";"81,0";"68,0";"";"";"";"1014,6";"1014,6";"1014,2";"1,4";"29,0";"4,3";"949,50";"0,0"
"25/01/2025";"1300";"";"";"";"68,0";"79,0";"66,0";"";"";"";"1014,6";"1014,7";"1014,5";"3,6";"84,0";"6,8";"1774,50";"0,8"
"25/01/2025";"1400";"";"";"";"63,0";"77,0";"60,0";"";"";"";"1014,2";"1014,6";"1014,1";"3,0";"86,0";"7,1";"2060,10";"0,0"
"25/01/2025";"1500";"";"";"";"65,0";"68,0";"62,0";"";"";"";"1013,5";"1014,2";"1013,5";"3,5";"84,0";"6,8";"2918,80";"0,0"
"25/01/2025";"1600";"";"";"";"59,0";"67,0";"59,0";"";"";"";"1012,9";"1013,5";"1012,9";"2,8";"84,0";"6,4";"2947,20";"0,0"
"25/01/2025";"1700";"";"";"";"58,0";"63,0";"57,0";"";"";"";"1012,3";"1012,9";"1012,3";"2,0";"75,0";"6,4";"2789,60";"0,0"
"25/01/2025";"1800";"";"";"";"60,0";"61,0";"54,0";"";"";"";"1012,1";"1012,3";"1012,0";"2,5";"91,0";"6,7";"2350,90";"0,0"
"25/01/2025";"1900";"";"";"";"57,0";"64,0";"54,0";"";"";"";"1011,9";"1012,1";"1011,9";"1,4";"147,0";"6,0";"1621,30";"0,0"
"25/01/2025";"2000";"";"";"";"65,0";"66,0";"57,0";"";"";"";"1012,0";"1012,0";"1011,8";"0,8";"1,0";"4,9";"918,20";"0,0"
"25/01/2025";"2100";"";"";"";"70,0";"70,0";"65,0";"";"";"";"1012,2";"1012,2";"1012,0";"1,3";"69,0";"4,6";"180,20";"0,0"
"25/01/2025";"2200";"";"";"";"71,0";"73,0";"70,0";"";"";"";"1012,6";"1012,6";"1012,2";"2,9";"89,0";"6,7";"";"0,0"
"25/01/2025";"2300";"";"";"";"72,0";"74,0";"71,0";"";"";"";"1013,3";"1013,3";"1012,6";"4,0";"87,0";"8,1";"";"0,0"
"26/01/2025";"0000";"";"";"";"73,0";"75,0";"71,0";"";"";"";"1013,9";"1013,9";"1013,2";"3,5";"90,0";"8,2";"";"0,0"
"26/01/2025";"0100";"";"";"";"72,0";"74,0";"70,0";"";"";"";"1013,8";"1013,9";"1013,7";"4,2";"88,0";"9,5";"";"0,0"
"26/01/2025";"0200";"";"";"";"74,0";"75,0";"71,0";"";"";"";"1013,6";"1013,8";"1013,5";"3,5";"86,0";"7,8";"";"0,0"
"26/01/2025";"0300";"";"";"";"73,0";"74,0";"72,0";"";"";"";"1012,8";"1013,6";"1012,8";"3,5";"84,0";"7,1";"";"0,0"
"26/01/2025";"0400";"";"";"";"73,0";"73,0";"71,0";"";"";"";"1012,4";"1012,8";"1012,4";"2,8";"89,0";"7,3";"";"0,0"
"26/01/2025";"0500";"";"";"";"73,0";"74,0";"72,0";"";"";"";"1012,2";"1012,4";"1012,1";"2,6";"86,0";"5,6";"";"0,0"
"26/01/2025";"0600";"";"";"";"73,0";"74,0";"72,0";"";"";"";"1011,9";"1012,2";"1011,9";"2,5";"91,0";"5,3";"";"0,0"
"26/01/2025";"0700";"";"";"";"74,0";"77,0";"69,0";"";"";"";"1012,0";"1012,2";"1011,9";"2,5";"88,0";"6,1";"";"0,0"
"26/01/2025";"0800";"";"";"";"67,0";"74,0";"67,0";"";"";"";"1012,6";"1012,6";"1011,9";"2,3";"91,0";"5,7";"";"0,0"
"26/01/2025";"0900";"";"";"";"72,0";"74,0";"67,0";"";"";"";"1013,3";"1013,3";"1012,6";"2,7";"87,0";"5,2";"29,10";"0,0"
"26/01/2025";"1000";"";"";"";"66,0";"73,0";"65,0";"";"";"";"1013,9";"1013,9";"1013,2";"2,4";"89,0";"6,1";"546,00";"0,0"
"26/01/2025";"1100";"";"";"";"74,0";"74,0";"63,0";"";"";"";"1014,6";"1014,6";"1013,9";"1,9";"70,0";"4,8";"1059,10";"0,4"
"26/01/2025";"1200";"";"";"";"68,0";"78,0";"65,0";"";"";"";"1014,9";"1014,9";"1014,5";"3,2";"87,0";"5,5";"2037,50";"0,0"
"26/01/2025";"1300";"";"";"";"67,0";"69,0";"62,0";"";"";"";"1014,8";"1015,0";"1014,8";"3,3";"85,0";"5,8";"2534,50";"0,0"
"26/01/2025";"1400";"";"";"";"66,0";"68,0";"58,0";"";"";"";"1014,7";"1014,9";"1014,7";"4,1";"96,0";"6,0";"2825,50";"0,0"
"26/01/2025";"1500";"";"";"";"61,0";"68,0";"59,0";"";"";"";"1014,3";"1014,8";"1014,3";"4,0";"86,0";"7,4";"2976,30";"0,0"
"26/01/2025";"1600";"";"";"";"61,0";"64,0";"59,0";"";"";"";"1013,6";"1014,3";"1013,6";"2,5";"88,0";"7,4";"2933,00";"0,0"
"26/01/2025";"1700";"";"";"";"59,0";"64,0";"57,0";"";"";"";"1012,8";"1013,6";"1012,8";"1,9";"75,0";"5,8";"2932,30";"0,0"
"26/01/2025";"1800";"";"";"";"59,0";"62,0";"57,0";"";"";"";"1012,3";"1012,9";"1012,3";"1,5";"72,0";"5,5";"2386,70";"0,0"
"26/01/2025";"1900";"";"";"";"62,0";"62,0";"56,0";"";"";"";"1011,8";"1012,3";"1011,8";"2,5";"82,0";"6,9";"1772,80";"0,0"
"26/01/2025";"2000";"";"";"";"67,0";"67,0";"61,0";"";"";"";"1011,9";"1012,1";"1011,8";"2,1";"74,0";"6,5";"1054,50";"0,0"
"26/01/2025";"2100";"";"";"";"72,0";"72,0";"67,0";"";"";"";"1012,1";"1012,2";"1011,9";"3,8";"89,0";"7,9";"332,90";"0,0"
"26/01/2025";"2200";"";"";"";"74,0";"75,0";"71,0";"";"";"";"1012,6";"1012,6";"1012,1";"3,5";"88,0";"7,2";"0,90";"0,0"
"26/01/2025";"2300";"";"";"";"75,0";"77,0";"74,0";"";"";"";"1013,0";"1013,0";"1012,5";"3,3";"87,0";"7,4";"";"0,0"
"27/01/2025";"0000";"";"";"";"72,0";"76,0";"71,0";"";"";"";"1013,8";"1013,8";"1012,9";"3,6";"84,0";"7,0";"";"0,0"
"27/01/2025";"0100";"";"";"";"74,0";"75,0";"71,0";"";"";"";"1013,5";"1013,8";"1013,4";"3,8";"88,0";"7,7";"";"0,0"
"27/01/2025";"0200";"";"";"";"73,0";"75,0";"72,0";"";"";"";"1013,1";"1013,5";"1013,1";"3,4";"79,0";"8,0";"";"0,0"
"27/01/2025";"0300";"";"";"";"75,0";"76,0";"72,0";"";"";"";"1012,6";"1013,1";"1012,6";"3,6";"78,0";"8,4";"";"0,0"
"27/01/2025";"0400";"";"";"";"75,0";"77,0";"73,0";"";"";"";"1012,0";"1012,6";"1012,0";"3,5";"86,0";"6,6";"";"0,0"
"27/01/2025";"0500";"";"";"";"74,0";"76,0";"74,0";"";"";"";"1011,7";"1012,0";"1011,6";"3,1";"69,0";"6,1";"";"0,0"
"27/01/2025";"0600";"";"";"";"74,0";"77,0";"73,0";"";"";"";"1011,7";"1011,7";"1011,5";"3,1";"71,0";"6,5";"";"0,0"
"27/01/2025";"0700";"";"";"";"78,0";"78,0";"73,0";"";"";"";"1011,8";"1012,1";"1011,7";"2,1";"32,0";"6,0";"";"0,0"
"27/01/2025";"0800";"";"";"";"83,0";"83,0";"78,0";"";"";"";"1012,1";"1012,1";"1011,8";"2,0";"42,0";"7,4";"";"0,0"
"27/01/2025";"0900";"";"";"";"81,0";"83,0";"81,0";"";"";"";"1012,4";"1012,4";"1012,1";"1,7";"34,0";"4,9";"14,90";"0,0"
"27/01/2025";"1000";"";"";"";"77,0";"82,0";"77,0";"";"";"";"1012,7";"1012,7";"1012,4";"1,7";"44,0";"3,3";"324,50";"0,0"
"27/01/2025";"1100";"";"";"";"72,0";"78,0";"72,0";"";"";"";"1013,2";"1013,2";"1012,7";"2,0";"42,0";"4,1";"1044,30";"0,0"
"27/01/2025";"1200";"";"";"";"68,0";"71,0";"65,0";"";"";"";"1013,5";"1013,5";"1013,2";"3,8";"73,0";"6,5";"2021,30";"0,0"
"27/01/2025";"1300";"";"";"";"63,0";"69,0";"63,0";"";"";"";"1013,5";"1013,7";"1013,5";"3,5";"81,0";"6,5";"2504,80";"0,0"
"27/01/2025";"1400";"";"";"";"60,0";"65,0";"58,0";"";"";"";"1013,5";"1013,6";"1013,4";"3,8";"86,0";"7,3";"2823,00";"0,0"
"27/01/2025";"1500";"";"";"";"63,0";"64,0";"57,0";"";"";"";"1012,8";"1013,5";"1012,7";"4,5";"94,0";"7,3";"3074,40";"0,0"
"27/01/2025";"1600";"";"";"";"64,0";"66,0";"60,0";"";"";"";"1012,3";"1012,8";"1012,3";"4,2";"90,0";"7,4";"2158,00";"0,0"
"27/01/2025";"1700";"";"";"";"61,0";"65,0";"59,0";"";"";"";"1011,9";"1012,3";"1011,9";"4,1";"89,0";"7,7";"2662,50";"0,0"
"27/01/2025";"1800";"";"";"";"65,0";"65,0";"59,0";"";"";"";"1011,0";"1012,0";"1011,0";"4,2";"89,0";"7,6";"2359,80";"0,0"
"27/01/2025";"1900";"";"";"";"66,0";"69,0";"64,0";"";"";"";"1011,0";"1011,0";"1010,8";"3,6";"86,0";"7,3";"1704,50";"0,0"
"27/01/2025";"2000";"";"";"";"70,0";"70,0";"66,0";"";"";"";"1011,1";"1011,1";"1010,9";"3,5";"88,0";"7,1";"822,10";"0,0"
"27/01/2025";"2100";"";"";"";"69,0";"71,0";"67,0";"";"";"";"1011,6";"1011,6";"1011,1";"3,6";"87,0";"7,2";"141,30";"0,0"
"27/01/2025";"2200";"";"";"";"71,0";"74,0";"69,0";"";"";"";"1011,9";"1011,9";"1011,5";"3,4";"87,0";"6,4";"";"0,0"
"27/01/2025";"2300";"";"";"";"73,0";"73,0";"69,0";"";"";"";"1012,6";"1012,6";"1011,9";"3,7";"91,0";"7,0";"";"0,0"
"28/01/2025";"0000";"";"";"";"74,0";"75,0";"73,0";"";"";"";"1013,3";"1013,3";"1012,5";"3,4";"86,0";"6,9";"";"0,0"
"28/01/2025";"0100";"";"";"";"73,0";"74,0";"72,0";"";"";"";"1014,0";"1014,1";"1013,3";"3,1";"78,0";"7,4";"";"0,0"
"28/01/2025";"0200";"";"";"";"74,0";"74,0";"72,0";"";"";"";"1013,5";"1014,1";"1013,5";"2,8";"76,0";"6,8";"";"0,0"
"28/01/2025";"0300";"";"";"";"75,0";"75,0";"73,0";"";"";"";"1013,1";"1013,5";"1013,1";"3,0";"76,0";"6,0";"";"0,0"
"28/01/2025";"0400";"";"";"";"75,0";"76,0";"73,0";"";"";"";"1012,4";"1013,1";"1012,4";"2,8";"80,0";"6,0";"";"0,0"
"28/01/2025";"0500";"";"";"";"74,0";"75,0";"73,0";"";"";"";"1012,0";"1012,4";"1012,0";"2,4";"81,0";"5,6";"";"0,0"
"28/01/2025";"0600";"";"";"";"73,0";"75,0";"73,0";"";"";"";"1011,8";"1012,0";"1011,8";"2,9";"80,0";"5,7";"";"0,0"
"28/01/2025";"0700";"";"";"";"73,0";"74,0";"72,0";"";"";"";"1011,8";"1012,0";"1011,7";"2,9";"72,0";"7,0";"";"0,0"
"28/01/2025";"0800";"";"";"";"72,0";"75,0";"72,0";"";"";"";"1012,2";"1012,2";"1011,8";"2,5";"62,0";"6,1";"";"0,0"
"28/01/2025";"0900";"";"";"";"75,0";"75,0";"72,0";"";"";"";"1012,8";"1012,8";"1012,2";"1,5";"41,0";"4,8";"48,90";"0,0"
"28/01/2025";"1000";"";"";"";"73,0";"76,0";"71,0";"";"";"";"1013,4";"1013,4";"1012,8";"2,3";"39,0";"5,1";"477,90";"0,0"
"28/01/2025";"1100";"";"";"";"65,0";"74,0";"64,0";"";"";"";"1013,7";"1013,7";"1013,4";"3,4";"59,0";"5,8";"1178,40";"0,0"
"28/01/2025";"1200";"";"";"";"61,0";"66,0";"60,0";"";"";"";"1014,0";"1014,1";"1013,7";"3,8";"67,0";"7,2";"2040,00";"0,0"
"28/01/2025";"1300";"";"";"";"60,0";"66,0";"59,0";"";"";"";"1014,2";"1014,2";"1014,0";"3,6";"83,0";"7,2";"2524,30";"0,0"
"28/01/2025";"1400";"";"";"";"60,0";"63,0";"57,0";"";"";"";"1014,0";"1014,3";"1014,0";"4,0";"90,0";"7,4";"2837,40";"0,0"
"28/01/2025";"1500";"";"";"";"63,0";"63,0";"59,0";"";"";"";"1013,3";"1014,0";"1013,3";"4,5";"88,0";"7,0";"2941,40";"0,0"
"28/01/2025";"1600";"";"";"";"62,0";"64,0";"58,0";"";"";"";"1012,4";"1013,3";"1012,4";"3,7";"84,0";"7,7";"2952,20";"0,0"
"28/01/2025";"1700";"";"";"";"65,0";"66,0";"58,0";"";"";"";"1011,5";"1012,4";"1011,5";"4,2";"89,0";"7,9";"2771,70";"0,0"
"28/01/2025";"1800";"";"";"";"65,0";"68,0";"64,0";"";"";"";"1010,7";"1011,6";"1010,7";"4,9";"90,0";"7,9";"2478,50";"0,0"
"28/01/2025";"1900";"";"";"";"68,0";"69,0";"64,0";"";"";"";"1010,4";"1010,7";"1010,3";"4,6";"91,0";"8,8";"1694,80";"0,0"
"28/01/2025";"2000";"";"";"";"71,0";"71,0";"67,0";"";"";"";"1010,1";"1010,4";"1010,0";"4,1";"85,0";"9,3";"967,30";"0,0"
"28/01/2025";"2100";"";"";"";"72,0";"74,0";"71,0";"";"";"";"1010,3";"1010,3";"1010,1";"4,1";"86,0";"7,6";"232,80";"0,0"
"28/01/2025";"2200";"";"";"";"71,0";"73,0";"70,0";"";"";"";"1011,0";"1011,0";"1010,2";"3,6";"86,0";"8,0";"0,10";"0,0"
"28/01/2025";"2300";"";"";"";"71,0";"71,0";"70,0";"";"";"";"1011,7";"1011,7";"1011,0";"4,1";"86,0";"8,3";"";"0,0"
"29/01/2025";"0000";"";"";"";"72,0";"72,0";"69,0";"";"";"";"1012,4";"1012,4";"1011,7";"3,2";"81,0";"7,2";"";"0,0"
"29/01/2025";"0100";"";"";"";"72,0";"73,0";"71,0";"";"";"";"1013,2";"1013,2";"1012,4";"3,5";"85,0";"7,0";"";"0,0"
"29/01/2025";"0200";"";"";"";"72,0";"73,0";"70,0";"";"";"";"1012,7";"1013,2";"1012,7";"3,7";"87,0";"6,6";"";"0,0"
"29/01/2025";"0300";"";"";"";"71,0";"73,0";"71,0";"";"";"";"1012,5";"1012,8";"1012,5";"3,3";"85,0";"6,1";"";"0,0"
"29/01/2025";"0400";"";"";"";"70,0";"73,0";"70,0";"";"";"";"1012,0";"1012,5";"1012,0";"2,9";"87,0";"5,9";"";"0,0"
"29/01/2025";"0500";"";"";"";"70,0";"74,0";"70,0";"";"";"";"1011,3";"1012,0";"1011,3";"2,6";"76,0";"5,6";"";"0,0"
"29/01/2025";"0600";"";"";"";"71,0";"72,0";"69,0";"";"";"";"1011,1";"1011,3";"1011,1";"2,5";"80,0";"5,6";"";"0,0"
"29/01/2025";"0700";"";"";"";"73,0";"74,0";"71,0";"";"";"";"1011,2";"1011,3";"1011,1";"2,2";"79,0";"4,8";"";"0,0"
"29/01/2025";"0800";"";"";"";"72,0";"74,0";"71,0";"";"";"";"1011,6";"1011,6";"1011,2";"2,7";"74,0";"5,7";"";"0,0"
"29/01/2025";"0900";"";"";"";"73,0";"73,0";"71,0";"";"";"";"1012,1";"1012,1";"1011,6";"2,5";"86,0";"5,3";"34,90";"0,0"
"29/01/2025";"1000";"";"";"";"67,0";"74,0";"67,0";"";"";"";"1012,6";"1012,6";"1012,1";"3,1";"88,0";"6,1";"491,40";"0,0"
"29/01/2025";"1100";"";"";"";"63,0";"68,0";"63,0";"";"";"";"1013,2";"1013,2";"1012,6";"3,3";"84,0";"6,1";"1230,90";"0,0"
"29/01/2025";"1200";"";"";"";"63,0";"67,0";"60,0";"";"";"";"1013,8";"1013,8";"1013,2";"4,1";"87,0";"7,0";"2073,80";"0,0"
"29/01/2025";"1300";"";"";"";"62,0";"64,0";"59,0";"";"";"";"1013,8";"1013,9";"1013,7";"4,0";"91,0";"7,9";"2555,90";"0,0"
"29/01/2025";"1400";"";"";"";"62,0";"65,0";"60,0";"";"";"";"1013,6";"1013,8";"1013,5";"4,0";"91,0";"7,9";"2797,30";"0,0"
"29/01/2025";"1500";"";"";"";"65,0";"65,0";"58,0";"";"";"";"1013,0";"1013,7";"1012,9";"4,3";"91,0";"7,4";"2969,90";"0,0"
"29/01/2025";"1600";"";"";"";"64,0";"65,0";"61,0";"";"";"";"1012,1";"1013,0";"1012,1";"4,3";"91,0";"7,5";"2974,50";"0,0"
"29/01/2025";"1700";"";"";"";"62,0";"66,0";"60,0";"";"";"";"1011,1";"1012,2";"1011,1";"5,1";"90,0";"9,3";"2815,20";"0,0"
"29/01/2025";"1800";"";"";"";"63,0";"65,0";"61,0";"";"";"";"1010,7";"1011,2";"1010,6";"4,7";"88,0";"9,0";"2369,40";"0,0"
"29/01/2025";"1900";"";"";"";"65,0";"67,0";"63,0";"";"";"";"1010,4";"1010,8";"1010,3";"4,7";"87,0";"8,4";"1624,70";"0,0"
"29/01/2025";"2000";"";"";"";"67,0";"68,0";"65,0";"";"";"";"1010,4";"1010,5";"1010,3";"4,3";"88,0";"8,4";"913,50";"0,0"
"29/01/2025";"2100";"";"";"";"72,0";"72,0";"66,0";"";"";"";"1010,5";"1010,6";"1010,2";"3,9";"87,0";"8,6";"152,20";"0,0"
"29/01/2025";"2200";"";"";"";"70,0";"72,0";"70,0";"";"";"";"1010,8";"1010,8";"1010,5";"3,8";"85,0";"8,3";"";"0,0"
"29/01/2025";"2300";"";"";"";"71,0";"73,0";"70,0";"";"";"";"1011,4";"1011,4";"1010,8";"3,9";"87,0";"7,5";"";"0,0"
"30/01/2025";"0000";"";"";"";"71,0";"72,0";"70,0";"";"";"";"1012,1";"1012,1";"1011,4";"3,8";"89,0";"7,4";"";"0,0"
"30/01/2025";"0100";"";"";"";"71,0";"72,0";"70,0";"";"";"";"1012,8";"1012,8";"1012,1";"3,4";"84,0";"7,5";"";"0,0"
"30/01/2025";"0200";"";"";"";"74,0";"75,0";"71,0";"";"";"";"1012,7";"1012,9";"1012,7";"3,3";"85,0";"7,3";"";"0,0"
"30/01/2025";"0300";"";"";"";"78,0";"78,0";"74,0";"";"";"";"1012,3";"1012,7";"1012,3";"3,3";"87,0";"7,3";"";"0,0"
"30/01/2025";"0400";"";"";"";"75,0";"78,0";"73,0";"";"";"";"1011,5";"1012,3";"1011,5";"3,0";"83,0";"6,6";"";"0,0"
"30/01/2025";"0500";"";"";"";"74,0";"75,0";"74,0";"";"";"";"1011,1";"1011,5";"1011,1";"3,0";"84,0";"6,5";"";"0,0"
"30/01/2025";"0600";"";"";"";"74,0";"74,0";"72,0";"";"";"";"1010,9";"1011,2";"1010,9";"3,2";"88,0";"6,6";"";"0,0"
"30/01/2025";"0700";"";"";"";"76,0";"77,0";"74,0";"";"";"";"1011,0";"1011,1";"1010,8";"2,3";"80,0";"6,0";"";"0,0"
"30/01/2025";"0800";"";"";"";"77,0";"77,0";"74,0";"";"";"";"1011,2";"1011,3";"1010,9";"1,1";"26,0";"6,4";"";"0,0"
"30/01/2025";"0900";"";"";"";"71,0";"77,0";"71,0";"";"";"";"1011,8";"1011,8";"1011,2";"2,2";"95,0";"5,8";"37,10";"0,0"
"30/01/2025";"1000";"";"";"";"74,0";"74,0";"69,0";"";"";"";"1012,7";"1012,7";"1011,8";"3,2";"84,0";"6,7";"244,20";"0,0"
"30/01/2025";"1100";"";"";"";"65,0";"76,0";"65,0";"";"";"";"1013,2";"1013,3";"1012,7";"4,1";"88,0";"8,0";"1336,20";"0,0"
"30/01/2025";"1200";"";"";"";"60,0";"67,0";"60,0";"";"";"";"1013,6";"1013,7";"1013,2";"4,1";"90,0";"8,1";"1928,50";"0,0"
"30/01/2025";"1300";"";"";"";"57,0";"62,0";"55,0";"";"";"";"1013,8";"1013,9";"1013,6";"4,0";"85,0";"7,3";"2490,90";"0,0"
"30/01/2025";"1400";"";"";"";"59,0";"60,0";"56,0";"";"";"";"1013,7";"1013,9";"1013,7";"3,7";"94,0";"7,0";"2774,50";"0,0"
"30/01/2025";"1500";"";"";"";"";"";"";"";"";"";"";"";"";"";"";"";"";""
"30/01/2025";"1600";"";"";"";"60,0";"61,0";"57,0";"";"";"";"1012,1";"1013,0";"1012,1";"4,0";"87,0";"6,8";"2960,60";"0,0"
"30/01/2025";"1700";"";"";"";"61,0";"63,0";"59,0";"";"";"";"1011,6";"1012,1";"1011,5";"4,1";"87,0";"7,2";"2827,30";"0,0"
"30/01/2025";"1800";"";"";"";"60,0";"63,0";"60,0";"";"";"";"1011,2";"1011,6";"1011,1";"3,2";"82,0";"7,5";"2380,10";"0,0"
"30/01/2025";"1900";"";"";"";"61,0";"64,0";"59,0";"";"";"";"1011,0";"1011,2";"1010,9";"2,7";"85,0";"7,7";"1741,20";"0,0"
"30/01/2025";"2000";"";"";"";"65,0";"65,0";"61,0";"";"";"";"1010,8";"1011,0";"1010,8";"2,9";"82,0";"6,3";"986,10";"0,0"
"30/01/2025";"2100";"";"";"";"67,0";"68,0";"64,0";"";"";"";"1010,9";"1011,0";"1010,8";"2,7";"84,0";"6,1";"158,90";"0,0"
"30/01/2025";"2200";"";"";"";"69,0";"70,0";"67,0";"";"";"";"1011,3";"1011,3";"1010,9";"2,2";"80,0";"5,9";"";"0,0"
"30/01/2025";"2300";"";"";"";"67,0";"70,0";"66,0";"";"";"";"1011,8";"1011,8";"1011,3";"2,0";"83,0";"5,1";"";"0,0"
"31/01/2025";"0000";"";"";"";"67,0";"70,0";"67,0";"";"";"";"1012,4";"1012,4";"1011,8";"1,5";"80,0";"5,7";"";"0,0"
"31/01/2025";"0100";"";"";"";"66,0";"68,0";"66,0";"";"";"";"1012,8";"1012,9";"1012,3";"3,6";"87,0";"6,5";"";"0,0"
"31/01/2025";"0200";"";"";"";"67,0";"68,0";"64,0";"";"";"";"1012,8";"1013,0";"1012,7";"3,0";"89,0";"7,0";"";"0,0"
"31/01/2025";"0300";"";"";"";"70,0";"70,0";"66,0";"";"";"";"1012,4";"1012,8";"1012,3";"3,0";"86,0";"6,5";"";"0,0"
"31/01/2025";"0400";"";"";"";"71,0";"72,0";"69,0";"";"";"";"1011,8";"1012,4";"1011,8";"2,9";"87,0";"5,8";"";"0,0"
"31/01/2025";"0500";"";"";"";"71,0";"71,0";"70,0";"";"";"";"1011,5";"1011,8";"1011,4";"2,9";"86,0";"5,9";"";"0,0"
"31/01/2025";"0600";"";"";"";"67,0";"71,0";"65,0";"";"";"";"1011,3";"1011,5";"1011,3";"3,5";"90,0";"6,3";"";"0,0"
"31/01/2025";"0700";"";"";"";"67,0";"68,0";"66,0";"";"";"";"1011,4";"1011,4";"1011,2";"2,7";"88,0";"6,3";"";"0,0"
"31/01/2025";"0800";"";"";"";"70,0";"71,0";"67,0";"";"";"";"1011,5";"1011,6";"1011,3";"2,4";"84,0";"4,9";"";"0,0"
"31/01/2025";"0900";"";"";"";"69,0";"71,0";"69,0";"";"";"";"1012,0";"1012,0";"1011,5";"2,5";"85,0";"4,8";"19,10";"0,0"
"31/01/2025";"1000";"";"";"";"65,0";"69,0";"65,0";"";"";"";"1012,6";"1012,6";"1012,0";"2,8";"91,0";"5,2";"475,10";"0,0"
"31/01/2025";"1100";"";"";"";"61,0";"67,0";"60,0";"";"";"";"1012,9";"1012,9";"1012,6";"3,3";"76,0";"5,6";"1124,50";"0,0"
"31/01/2025";"1200";"";"";"";"57,0";"62,0";"55,0";"";"";"";"1013,2";"1013,2";"1012,9";"3,9";"91,0";"6,8";"2011,20";"0,0"
"31/01/2025";"1300";"";"";"";"54,0";"59,0";"54,0";"";"";"";"1012,9";"1013,2";"1012,9";"4,2";"89,0";"8,4";"2589,60";"0,0"
"31/01/2025";"1400";"";"";"";"54,0";"58,0";"51,0";"";"";"";"1012,7";"1012,9";"1012,7";"3,8";"90,0";"7,2";"2846,80";"0,0"
"31/01/2025";"1500";"";"";"";"57,0";"58,0";"52,0";"";"";"";"1012,4";"1012,8";"1012,4";"3,7";"84,0";"7,1";"2958,00";"0,0"
"31/01/2025";"1600";"";"";"";"55,0";"58,0";"53,0";"";"";"";"1011,8";"1012,4";"1011,8";"3,6";"83,0";"6,2";"3000,90";"0,0"
"31/01/2025";"1700";"";"";"";"58,0";"59,0";"51,0";"";"";"";"1011,3";"1011,8";"1011,2";"3,4";"84,0";"6,4";"2826,50";"0,0"
"31/01/2025";"1800";"";"";"";"58,0";"60,0";"55,0";"";"";"";"1010,6";"1011,3";"1010,6";"3,7";"86,0";"6,4";"2395,00";"0,0"
"31/01/2025";"1900";"";"";"";"61,0";"61,0";"57,0";"";"";"";"1010,3";"1010,6";"1010,2";"3,5";"86,0";"6,6";"1760,10";"0,0"
"31/01/2025";"2000";"";"";"";"61,0";"63,0";"59,0";"";"";"";"1010,2";"1010,4";"1010,2";"3,9";"93,0";"7,1";"1053,60";"0,0"
"31/01/2025";"2100";"";"";"";"63,0";"64,0";"59,0";"";"";"";"1010,4";"1010,4";"1010,2";"3,7";"89,0";"7,8";"248,90";"0,0"
"31/01/2025";"2200";"";"";"";"63,0";"64,0";"60,0";"";"";"";"1010,6";"1010,6";"1010,3";"2,9";"83,0";"7,7";"";"0,0"
"31/01/2025";"2300";"";"";"";"65,0";"65,0";"62,0";"";"";"";"1011,1";"1011,2";"1010,6";"3,2";"86,0";"6,6";"";"0,0"
"01/02/2025";"0000";"";"";"";"66,0";"68,0";"65,0";"";"";"";"1011,9";"1011,9";"1011,1";"3,2";"87,0";"6,5";"";"0,0"
"01/02/2025";"0100";"";"";"";"65,0";"67,0";"64,0";"";"";"";"1012,0";"1012,2";"1011,9";"3,7";"90,0";"6,3";"";"0,0"
"01/02/2025";"0200";"";"";"";"67,0";"69,0";"65,0";"";"";"";"1012,0";"1012,1";"1012,0";"3,4";"84,0";"6,9";"";"0,0"
"01/02/2025";"0300";"";"";"";"68,0";"68,0";"65,0";"";"";"";"1011,7";"1012,1";"1011,7";"2,7";"81,0";"6,4";"";"0,0"
"01/02/2025";"0400";"";"";"";"69,0";"69,0";"66,0";"";"";"";"1011,3";"1011,7";"1011,3";"2,5";"84,0";"6,2";"";"0,0"
"01/02/2025";"0500";"";"";"";"68,0";"69,0";"67,0";"";"";"";"1010,9";"1011,3";"1010,9";"2,3";"82,0";"5,7";"";"0,0"
"01/02/2025";"0600";"";"";"";"68,0";"69,0";"67,0";"";"";"";"1010,6";"1010,9";"1010,5";"2,8";"80,0";"6,1";"";"0,0"
"01/02/2025";"0700";"";"";"";"68,0";"69,0";"67,0";"";"";"";"1010,7";"1010,7";"1010,5";"2,4";"82,0";"6,0";"";"0,0"
"01/02/2025";"0800";"";"";"";"69,0";"70,0";"68,0";"";"";"";"1011,0";"1011,0";"1010,7";"1,6";"54,0";"4,6";"";"0,0"
"01/02/2025";"0900";"";"";"";"78,0";"78,0";"69,0";"";"";"";"1011,4";"1011,4";"1011,0";"1,0";"274,0";"3,3";"18,60";"0,0"
"01/02/2025";"1000";"";"";"";"72,0";"78,0";"72,0";"";"";"";"1011,6";"1011,7";"1011,4";"0,6";"346,0";"2,0";"319,90";"0,0"
"01/02/2025";"1100";"";"";"";"68,0";"72,0";"63,0";"";"";"";"1011,9";"1011,9";"1011,6";"1,8";"96,0";"3,1";"1187,00";"0,0"
"01/02/2025";"1200";"";"";"";"64,0";"69,0";"61,0";"";"";"";"1012,4";"1012,4";"1011,9";"2,6";"61,0";"5,1";"1779,50";"0,0"
"01/02/2025";"1300";"";"";"";"61,0";"70,0";"60,0";"";"";"";"1012,5";"1012,6";"1012,4";"2,5";"75,0";"5,0";"2065,90";"0,0"
"01/02/2025";"1400";"";"";"";"61,0";"64,0";"60,0";"";"";"";"1012,5";"1012,6";"1012,4";"3,9";"91,0";"7,5";"2856,00";"0,0"
"01/02/2025";"1500";"";"";"";"57,0";"61,0";"55,0";"";"";"";"1012,1";"1012,5";"1012,0";"4,1";"82,0";"7,9";"2885,60";"0,0"
"01/02/2025";"1600";"";"";"";"60,0";"62,0";"55,0";"";"";"";"1011,6";"1012,1";"1011,6";"4,5";"87,0";"7,9";"2984,70";"0,0"
"01/02/2025";"1700";"";"";"";"56,0";"61,0";"54,0";"";"";"";"1010,9";"1011,6";"1010,9";"3,0";"79,0";"8,2";"2805,80";"0,0"
"01/02/2025";"1800";"";"";"";"57,0";"62,0";"54,0";"";"";"";"1010,3";"1010,9";"1010,3";"3,0";"82,0";"8,7";"2387,70";"0,0"
"01/02/2025";"1900";"";"";"";"61,0";"61,0";"56,0";"";"";"";"1010,0";"1010,3";"1009,8";"3,4";"83,0";"7,5";"1750,60";"0,0"
"01/02/2025";"2000";"";"";"";"64,0";"65,0";"60,0";"";"";"";"1010,1";"1010,1";"1009,9";"4,0";"88,0";"7,6";"1031,80";"0,0"
"01/02/2025";"2100";"";"";"";"67,0";"67,0";"64,0";"";"";"";"1010,0";"1010,1";"1009,9";"3,9";"89,0";"8,2";"251,40";"0,0"
"01/02/2025";"2200";"";"";"";"69,0";"69,0";"66,0";"";"";"";"1010,0";"1010,0";"1009,8";"4,4";"90,0";"8,0";"";"0,0"
"01/02/2025";"2300";"";"";"";"68,0";"69,0";"66,0";"";"";"";"1010,6";"1010,6";"1009,9";"4,1";"90,0";"8,8";"";"0,0"
"02/02/2025";"0000";"";"";"";"64,0";"68,0";"64,0";"";"";"";"1011,2";"1011,3";"1010,6";"3,9";"85,0";"8,1";"";"0,0"
"02/02/2025";"0100";"";"";"";"68,0";"68,0";"64,0";"";"";"";"1011,4";"1011,5";"1011,2";"3,8";"83,0";"8,7";"";"0,0"
"02/02/2025";"0200";"";"";"";"66,0";"69,0";"65,0";"";"";"";"1011,6";"1011,7";"1011,5";"3,5";"83,0";"7,7";"";"0,0"
"02/02/2025";"0300";"";"";"";"68,0";"70,0";"65,0";"";"";"";"1011,0";"1011,6";"1011,0";"3,2";"80,0";"6,5";"";"0,0"
"02/02/2025";"0400";"";"";"";"70,0";"72,0";"68,0";"";"";"";"1010,5";"1011,0";"1010,5";"2,7";"78,0";"6,0";"";"0,0"
"02/02/2025";"0500";"";"";"";"70,0";"72,0";"69,0";"";"";"";"1010,0";"1010,5";"1010,0";"2,5";"78,0";"6,5";"";"0,0"
"02/02/2025";"0600";"";"";"";"71,0";"72,0";"70,0";"";"";"";"1010,1";"1010,1";"1010,0";"3,0";"78,0";"5,5";"";"0,0"
"02/02/2025";"0700";"";"";"";"73,0";"73,0";"70,0";"";"";"";"1010,4";"1010,4";"1010,1";"2,6";"71,0";"5,9";"";"0,0"
"02/02/2025";"0800";"";"";"";"74,0";"75,0";"71,0";"";"";"";"1010,8";"1010,8";"1010,4";"1,6";"28,0";"5,4";"";"0,0"
"02/02/2025";"0900";"";"";"";"78,0";"78,0";"74,0";"";"";"";"1011,1";"1011,2";"1010,8";"1,1";"51,0";"3,5";"13,70";"0,0"
"02/02/2025";"1000";"";"";"";"73,0";"78,0";"70,0";"";"";"";"1011,7";"1011,7";"1011,1";"1,6";"45,0";"3,0";"354,50";"0,0"
"02/02/2025";"1100";"";"";"";"66,0";"75,0";"66,0";"";"";"";"1011,9";"1012,0";"1011,7";"2,9";"86,0";"6,2";"1119,80";"0,0"
"02/02/2025";"1200";"";"";"";"67,0";"68,0";"65,0";"";"";"";"1012,2";"1012,2";"1011,9";"3,8";"91,0";"7,0";"1813,40";"0,0"
"02/02/2025";"1300";"";"";"";"60,0";"67,0";"60,0";"";"";"";"1012,5";"1012,5";"1012,1";"3,7";"87,0";"7,0";"2522,00";"0,0"
"02/02/2025";"1400";"";"";"";"62,0";"69,0";"60,0";"";"";"";"1012,6";"1012,8";"1012,4";"3,0";"82,0";"8,0";"2859,20";"0,0"
"02/02/2025";"1500";"";"";"";"61,0";"67,0";"60,0";"";"";"";"1011,9";"1012,5";"1011,9";"3,1";"82,0";"6,7";"2936,20";"0,0"
"02/02/2025";"1600";"";"";"";"62,0";"65,0";"59,0";"";"";"";"1011,2";"1012,0";"1011,2";"3,9";"84,0";"8,0";"2943,10";"0,0"
"02/02/2025";"1700";"";"";"";"59,0";"65,0";"58,0";"";"";"";"1010,8";"1011,2";"1010,7";"3,6";"83,0";"8,0";"2789,20";"0,0"
"02/02/2025";"1800";"";"";"";"60,0";"62,0";"59,0";"";"";"";"1010,1";"1010,8";"1010,1";"3,5";"82,0";"7,7";"2371,20";"0,0"
"02/02/2025";"1900";"";"";"";"61,0";"63,0";"60,0";"";"";"";"1009,8";"1010,1";"1009,8";"1,9";"72,0";"7,7";"1715,90";"0,0"
"02/02/2025";"2000";"";"";"";"66,0";"68,0";"61,0";"";"";"";"1009,8";"1009,8";"1009,6";"2,8";"82,0";"7,1";"971,70";"0,0"
"02/02/2025";"2100";"";"";"";"69,0";"69,0";"62,0";"";"";"";"1010,1";"1010,1";"1009,8";"2,4";"83,0";"7,1";"276,70";"0,0"
"02/02/2025";"2200";"";"";"";"69,0";"71,0";"69,0";"";"";"";"1010,6";"1010,6";"1010,1";"2,9";"84,0";"6,6";"";"0,0"
"02/02/2025";"2300";"";"";"";"70,0";"70,0";"68,0";"";"";"";"1011,0";"1011,0";"1010,5";"1,9";"85,0";"6,7";"";"0,0"
"03/02/2025";"0000";"";"";"";"71,0";"71,0";"68,0";"";"";"";"1011,3";"1011,3";"1010,9";"2,6";"86,0";"6,7";"";"0,0"
"03/02/2025";"0100";"";"";"";"75,0";"75,0";"72,0";"";"";"";"1011,6";"1011,7";"1011,3";"1,4";"75,0";"6,9";"";"0,0"
"03/02/2025";"0200";"";"";"";"74,0";"77,0";"73,0";"";"";"";"1011,7";"1011,8";"1011,5";"2,4";"75,0";"6,1";"";"0,0"
"03/02/2025";"0300";"";"";"";"79,0";"79,0";"73,0";"";"";"";"1010,9";"1011,7";"1010,9";"1,4";"67,0";"5,3";"";"0,0"
"03/02/2025";"0400";"";"";"";"77,0";"80,0";"77,0";"";"";"";"1010,4";"1010,9";"1010,4";"3,5";"85,0";"7,0";"";"0,0"
"03/02/2025";"0500";"";"";"";"78,0";"80,0";"77,0";"";"";"";"1010,1";"1010,5";"1010,0";"2,7";"89,0";"7,0";"";"0,0"
"03/02/2025";"0600";"";"";"";"87,0";"87,0";"75,0";"";"";"";"1009,8";"1010,3";"1009,8";"1,5";"76,0";"11,0";"";"1,4"
"03/02/2025";"0700";"";"";"";"80,0";"87,0";"80,0";"";"";"";"1010,0";"1010,0";"1009,7";"2,3";"77,0";"5,1";"";"0,0"
"03/02/2025";"0800";"";"";"";"78,0";"80,0";"77,0";"";"";"";"1010,5";"1010,5";"1010,0";"1,9";"76,0";"5,1";"";"0,0"
"03/02/2025";"0900";"";"";"";"77,0";"79,0";"77,0";"";"";"";"1011,1";"1011,1";"1010,5";"1,8";"86,0";"4,0";"59,10";"0,0"
"03/02/2025";"1000";"";"";"";"71,0";"77,0";"71,0";"";"";"";"1011,3";"1011,4";"1011,1";"2,9";"89,0";"5,3";"698,70";"0,0"
"03/02/2025";"1100";"";"";"";"69,0";"72,0";"66,0";"";"";"";"1011,7";"1011,7";"1011,3";"3,5";"91,0";"6,3";"1321,00";"0,2"
"03/02/2025";"1200";"";"";"";"65,0";"71,0";"63,0";"";"";"";"1012,2";"1012,2";"1011,7";"3,2";"84,0";"6,0";"1889,50";"0,0"
"03/02/2025";"1300";"";"";"";"64,0";"68,0";"61,0";"";"";"";"1012,5";"1012,5";"1012,2";"1,4";"81,0";"6,0";"2437,00";"0,0"
"03/02/2025";"1400";"";"";"";"64,0";"66,0";"60,0";"";"";"";"1012,4";"1012,6";"1012,4";"2,1";"74,0";"6,4";"2837,60";"0,0"
"03/02/2025";"1500";"";"";"";"62,0";"65,0";"58,0";"";"";"";"1012,1";"1012,5";"1012,1";"1,6";"109,0";"5,7";"2989,60";"0,0"
"03/02/2025";"1600";"";"";"";"59,0";"62,0";"55,0";"";"";"";"1011,5";"1012,1";"1011,5";"2,9";"78,0";"8,2";"2858,80";"0,0"
"03/02/2025";"1700";"";"";"";"62,0";"63,0";"58,0";"";"";"";"1011,1";"1011,5";"1011,1";"2,7";"81,0";"7,0";"2781,60";"0,0"
"03/02/2025";"1800";"";"";"";"74,0";"76,0";"62,0";"";"";"";"1010,9";"1011,3";"1010,8";"3,0";"87,0";"8,7";"1842,90";"1,2"
"03/02/2025";"1900";"";"";"";"69,0";"74,0";"68,0";"";"";"";"1010,9";"1011,0";"1010,8";"2,0";"81,0";"6,3";"709,30";"0,0"
"03/02/2025";"2000";"";"";"";"68,0";"70,0";"67,0";"";"";"";"1011,1";"1011,2";"1010,9";"1,4";"59,0";"6,4";"428,60";"0,0"
"03/02/2025";"2100";"";"";"";"69,0";"69,0";"66,0";"";"";"";"1011,5";"1011,5";"1011,1";"1,5";"48,0";"5,6";"123,90";"0,0"
"03/02/2025";"2200";"";"";"";"68,0";"70,0";"67,0";"";"";"";"1012,1";"1012,1";"1011,5";"1,3";"59,0";"5,8";"";"0,0"
"03/02/2025";"2300";"";"";"";"69,0";"72,0";"68,0";"";"";"";"1012,7";"1012,7";"1012,1";"2,2";"82,0";"6,1";"";"0,0"
"04/02/2025";"0000";"";"";"";"69,0";"69,0";"68,0";"";"";"";"1013,1";"1013,1";"1012,7";"2,1";"84,0";"6,3";"";"0,0"
"04/02/2025";"0100";"";"";"";"69,0";"70,0";"67,0";"";"";"";"1013,2";"1013,2";"1013,0";"3,0";"87,0";"6,8";"";"0,0"
"04/02/2025";"0200";"";"";"";"69,0";"69,0";"67,0";"";"";"";"1013,0";"1013,3";"1013,0";"2,6";"83,0";"5,9";"";"0,0"
"04/02/2025";"0300";"";"";"";"71,0";"71,0";"69,0";"";"";"";"1012,5";"1013,0";"1012,5";"1,8";"83,0";"6,0";"";"0,0"
"04/02/2025";"0400";"";"";"";"71,0";"72,0";"69,0";"";"";"";"1011,9";"1012,6";"1011,9";"2,2";"83,0";"5,8";"";"0,0"
"04/02/2025";"0500";"";"";"";"70,0";"73,0";"67,0";"";"";"";"1011,5";"1011,9";"1011,4";"3,1";"84,0";"7,8";"";"0,0"
"04/02/2025";"0600";"";"";"";"71,0";"71,0";"67,0";"";"";"";"1011,2";"1011,5";"1011,1";"1,1";"43,0";"7,2";"";"0,0"
"04/02/2025";"0700";"";"";"";"69,0";"71,0";"66,0";"";"";"";"1011,5";"1011,5";"1011,1";"1,1";"27,0";"6,4";"";"0,0"
"04/02/2025";"0800";"";"";"";"68,0";"69,0";"66,0";"";"";"";"1011,8";"1011,8";"1011,5";"0,9";"27,0";"5,5";"";"0,0"
"04/02/2025";"0900";"";"";"";"68,0";"69,0";"67,0";"";"";"";"1012,2";"1012,2";"1011,8";"1,0";"356,0";"4,2";"24,30";"0,0"
"04/02/2025";"1000";"";"";"";"62,0";"68,0";"62,0";"";"";"";"1012,8";"1012,8";"1012,2";"0,8";"332,0";"4,1";"433,20";"0,0"
"04/02/2025";"1100";"";"";"";"57,0";"63,0";"56,0";"";"";"";"1013,5";"1013,5";"1012,8";"1,8";"91,0";"5,5";"1278,00";"0,0"
"04/02/2025";"1200";"";"";"";"53,0";"58,0";"53,0";"";"";"";"1014,0";"1014,0";"1013,5";"1,9";"85,0";"5,0";"2026,20";"0,0"
"04/02/2025";"1300";"";"";"";"66,0";"67,0";"50,0";"";"";"";"1014,1";"1014,1";"1013,9";"1,5";"134,0";"5,0";"1572,80";"0,0"
"04/02/2025";"1400";"";"";"";"60,0";"76,0";"58,0";"";"";"";"1013,5";"1014,2";"1013,5";"2,5";"187,0";"6,4";"2464,60";"0,0"
"04/02/2025";"1500";"";"";"";"55,0";"60,0";"51,0";"";"";"";"1013,2";"1013,6";"1013,2";"2,2";"207,0";"6,4";"3060,60";"0,0"
"04/02/2025";"1600";"";"";"";"51,0";"58,0";"51,0";"";"";"";"1012,8";"1013,3";"1012,8";"1,5";"205,0";"5,6";"2418,80";"0,0"
"04/02/2025";"1700";"";"";"";"54,0";"54,0";"49,0";"";"";"";"1012,3";"1012,8";"1012,3";"1,8";"146,0";"6,6";"2836,60";"0,0"
"04/02/2025";"1800";"";"";"";"52,0";"56,0";"50,0";"";"";"";"1011,8";"1012,4";"1011,7";"1,7";"211,0";"6,1";"2344,70";"0,0"
"04/02/2025";"1900";"";"";"";"61,0";"61,0";"52,0";"";"";"";"1011,6";"1011,8";"1011,5";"1,8";"114,0";"5,9";"1603,80";"0,0"
"04/02/2025";"2000";"";"";"";"63,0";"67,0";"61,0";"";"";"";"1011,8";"1011,8";"1011,6";"1,6";"83,0";"6,6";"424,70";"0,0"
"04/02/2025";"2100";"";"";"";"77,0";"80,0";"63,0";"";"";"";"1012,1";"1012,3";"1011,8";"2,4";"81,0";"10,1";"103,70";"1,6"
"04/02/2025";"2200";"";"";"";"73,0";"83,0";"73,0";"";"";"";"1012,2";"1012,2";"1012,0";"1,3";"84,0";"5,1";"";"0,0"
"04/02/2025";"2300";"";"";"";"68,0";"75,0";"67,0";"";"";"";"1012,9";"1012,9";"1012,2";"1,6";"68,0";"4,1";"";"0,0"
"05/02/2025";"0000";"";"";"";"64,0";"69,0";"64,0";"";"";"";"1013,2";"1013,2";"1012,9";"1,9";"98,0";"6,3";"";"0,0"
"05/02/2025";"0100";"";"";"";"68,0";"68,0";"64,0";"";"";"";"1013,6";"1013,6";"1013,1";"1,7";"77,0";"6,9";"";"0,0"
"05/02/2025";"0200";"";"";"";"65,0";"68,0";"65,0";"";"";"";"1013,2";"1013,6";"1013,2";"3,4";"86,0";"6,3";"";"0,0"
"05/02/2025";"0300";"";"";"";"68,0";"68,0";"63,0";"";"";"";"1012,6";"1013,2";"1012,6";"3,1";"88,0";"6,9";"";"0,0"
"05/02/2025";"0400";"";"";"";"67,0";"68,0";"65,0";"";"";"";"1011,7";"1012,6";"1011,7";"1,5";"93,0";"6,0";"";"0,0"
"05/02/2025";"0500";"";"";"";"69,0";"70,0";"67,0";"";"";"";"1011,0";"1011,7";"1011,0";"1,2";"315,0";"4,5";"";"0,0"
"05/02/2025";"0600";"";"";"";"70,0";"72,0";"69,0";"";"";"";"1010,6";"1011,0";"1010,6";"1,3";"201,0";"3,6";"";"0,0"
"05/02/2025";"0700";"";"";"";"70,0";"71,0";"69,0";"";"";"";"1011,0";"1011,0";"1010,6";"1,0";"200,0";"3,1";"";"0,0"
"05/02/2025";"0800";"";"";"";"73,0";"73,0";"69,0";"";"";"";"1011,6";"1011,6";"1011,0";"0,9";"301,0";"3,5";"";"0,0"
"05/02/2025";"0900";"";"";"";"80,0";"80,0";"71,0";"";"";"";"1012,1";"1012,2";"1011,6";"1,5";"34,0";"4,0";"26,40";"0,0"
"05/02/2025";"1000";"";"";"";"70,0";"81,0";"67,0";"";"";"";"1012,8";"1012,8";"1012,1";"0,8";"323,0";"3,9";"378,30";"0,0"
"05/02/2025";"1100";"";"";"";"62,0";"71,0";"62,0";"";"";"";"1013,2";"1013,2";"1012,8";"1,9";"192,0";"6,5";"771,40";"0,0"
"05/02/2025";"1200";"";"";"";"59,0";"63,0";"56,0";"";"";"";"1013,4";"1013,5";"1013,2";"1,7";"183,0";"6,3";"1983,30";"0,0"
"05/02/2025";"1300";"";"";"";"55,0";"62,0";"54,0";"";"";"";"1013,6";"1013,7";"1013,2";"1,3";"185,0";"5,2";"2482,50";"0,0"
"05/02/2025";"1400";"";"";"";"60,0";"61,0";"55,0";"";"";"";"1013,5";"1013,7";"1013,4";"1,1";"173,0";"5,9";"2126,20";"0,0"
"05/02/2025";"1500";"";"";"";"73,0";"83,0";"61,0";"";"";"";"1013,1";"1013,6";"1013,0";"1,4";"180,0";"6,2";"867,40";"3,6"
"05/02/2025";"1600";"";"";"";"66,0";"75,0";"65,0";"";"";"";"1012,6";"1013,3";"1012,6";"1,4";"60,0";"5,9";"1453,00";"0,0"
"05/02/2025";"1700";"";"";"";"65,0";"70,0";"65,0";"";"";"";"1012,0";"1012,6";"1011,9";"1,3";"39,0";"4,6";"1180,00";"0,0"
"05/02/2025";"1800";"";"";"";"73,0";"73,0";"63,0";"";"";"";"1011,9";"1012,2";"1011,8";"4,6";"60,0";"8,6";"888,90";"0,0"
"05/02/2025";"1900";"";"";"";"88,0";"88,0";"73,0";"";"";"";"1011,7";"1012,1";"1011,7";"2,3";"75,0";"9,9";"179,70";"5,8"
"05/02/2025";"2000";"";"";"";"82,0";"88,0";"82,0";"";"";"";"1011,7";"1011,7";"1011,1";"2,2";"80,0";"5,4";"250,30";"0,2"
"05/02/2025";"2100";"";"";"";"79,0";"82,0";"79,0";"";"";"";"1012,3";"1012,4";"1011,5";"1,0";"59,0";"5,4";"62,80";"0,0"
"05/02/2025";"2200";"";"";"";"76,0";"79,0";"76,0";"";"";"";"1012,6";"1012,7";"1011,9";"0,8";"291,0";"2,8";"0,20";"0,0"
"05/02/2025";"2300";"";"";"";"78,0";"78,0";"74,0";"";"";"";"1012,4";"1012,6";"1012,0";"1,5";"80,0";"4,2";"";"0,0"
"06/02/2025";"0000";"";"";"";"75,0";"78,0";"75,0";"";"";"";"1012,8";"1012,8";"1012,3";"2,1";"96,0";"4,4";"";"0,0"
"06/02/2025";"0100";"";"";"";"74,0";"77,0";"74,0";"";"";"";"1012,5";"1012,9";"1012,4";"1,6";"61,0";"10,6";"";"0,0"
"06/02/2025";"0200";"";"";"";"86,0";"86,0";"72,0";"";"";"";"1012,7";"1013,0";"1012,4";"2,9";"42,0";"10,6";"";"0,2"
"06/02/2025";"0300";"";"";"";"89,0";"89,0";"86,0";"";"";"";"1012,5";"1012,8";"1012,5";"1,9";"26,0";"7,3";"";"2,6"
"06/02/2025";"0400";"";"";"";"89,0";"89,0";"88,0";"";"";"";"1012,0";"1012,5";"1012,0";"2,8";"67,0";"6,4";"";"3,6"
"06/02/2025";"0500";"";"";"";"86,0";"89,0";"86,0";"";"";"";"1011,1";"1012,0";"1011,1";"1,8";"86,0";"6,4";"";"0,0"
"06/02/2025";"0600";"";"";"";"80,0";"86,0";"80,0";"";"";"";"1011,1";"1011,2";"1011,0";"0,9";"267,0";"4,0";"2,70";"0,0"
"06/02/2025";"0700";"";"";"";"83,0";"84,0";"80,0";"";"";"";"1011,2";"1011,2";"1011,0";"0,7";"194,0";"1,9";"1,00";"0,0"
"06/02/2025";"0800";"";"";"";"77,0";"83,0";"74,0";"";"";"";"1011,5";"1011,5";"1011,2";"1,5";"218,0";"5,5";"1,80";"0,0"
"06/02/2025";"0900";"";"";"";"84,0";"84,0";"76,0";"";"";"";"1012,0";"1012,0";"1011,4";"1,0";"250,0";"5,1";"2,20";"2,2"
"06/02/2025";"1000";"";"";"";"87,0";"87,0";"84,0";"";"";"";"1012,7";"1012,7";"1012,0";"1,4";"342,0";"2,9";"158,00";"0,0"
"06/02/2025";"1100";"";"";"";"85,0";"87,0";"85,0";"";"";"";"1013,3";"1013,3";"1012,7";"0,8";"22,0";"2,8";"291,90";"0,0"
"06/02/2025";"1200";"";"";"";"77,0";"85,0";"77,0";"";"";"";"1013,5";"1013,5";"1013,3";"1,2";"90,0";"3,5";"547,90";"0,0"
"06/02/2025";"1300";"";"";"";"71,0";"78,0";"71,0";"";"";"";"1013,5";"1013,6";"1013,4";"1,4";"81,0";"4,3";"975,50";"0,0"
"06/02/2025";"1400";"";"";"";"69,0";"71,0";"66,0";"";"";"";"1013,3";"1013,6";"1013,3";"3,7";"90,0";"7,0";"1721,40";"0,0"
"06/02/2025";"1500";"";"";"";"68,0";"71,0";"67,0";"";"";"";"1012,8";"1013,3";"1012,8";"2,0";"81,0";"7,0";"1415,00";"0,0"
"06/02/2025";"1600";"";"";"";"65,0";"69,0";"65,0";"";"";"";"1012,1";"1012,8";"1012,0";"3,3";"85,0";"6,5";"1683,50";"0,0"
"06/02/2025";"1700";"";"";"";"65,0";"68,0";"59,0";"";"";"";"1011,7";"1012,1";"1011,7";"1,7";"78,0";"6,2";"1978,70";"0,0"
"06/02/2025";"1800";"";"";"";"65,0";"66,0";"62,0";"";"";"";"1011,7";"1011,7";"1011,5";"2,4";"80,0";"5,9";"842,40";"0,0"
"06/02/2025";"1900";"";"";"";"68,0";"68,0";"63,0";"";"";"";"1011,7";"1011,8";"1011,6";"2,3";"84,0";"5,9";"875,90";"0,0"
"06/02/2025";"2000";"";"";"";"67,0";"69,0";"65,0";"";"";"";"1011,7";"1011,8";"1011,6";"1,7";"78,0";"5,8";"454,60";"0,0"
"06/02/2025";"2100";"";"";"";"71,0";"73,0";"67,0";"";"";"";"1012,2";"1012,2";"1011,7";"1,1";"4,0";"5,5";"71,00";"0,0"
"06/02/2025";"2200";"";"";"";"72,0";"73,0";"71,0";"";"";"";"1012,4";"1012,4";"1011,9";"1,3";"64,0";"4,2";"";"0,0"
"06/02/2025";"2300";"";"";"";"70,0";"73,0";"70,0";"";"";"";"1012,9";"1012,9";"1012,3";"1,8";"64,0";"6,6";"";"0,0"
"07/02/2025";"0000";"";"";"";"74,0";"77,0";"68,0";"";"";"";"1013,2";"1013,2";"1012,9";"2,5";"84,0";"6,6";"";"0,0"
"07/02/2025";"0100";"";"";"";"76,0";"77,0";"70,0";"";"";"";"1013,0";"1013,2";"1013,0";"1,2";"76,0";"6,2";"";"0,0"
"07/02/2025";"0200";"";"";"";"77,0";"79,0";"76,0";"";"";"";"1012,3";"1013,0";"1012,3";"1,2";"69,0";"4,8";"";"0,0"
"07/02/2025";"0300";"";"";"";"73,0";"79,0";"72,0";"";"";"";"1011,3";"1012,3";"1011,3";"1,6";"45,0";"5,4";"";"0,0"
"07/02/2025";"0400";"";"";"";"73,0";"76,0";"73,0";"";"";"";"1010,4";"1011,3";"1010,4";"1,2";"37,0";"4,7";"";"0,0"
"07/02/2025";"0500";"";"";"";"76,0";"76,0";"71,0";"";"";"";"1010,3";"1010,4";"1010,1";"1,4";"199,0";"4,1";"";"0,8"
"07/02/2025";"0600";"";"";"";"82,0";"85,0";"76,0";"";"";"";"1009,8";"1010,3";"1009,8";"0,9";"36,0";"3,4";"";"0,0"
"07/02/2025";"0700";"";"";"";"75,0";"82,0";"75,0";"";"";"";"1009,7";"1009,8";"1009,6";"1,3";"77,0";"4,2";"";"0,0"
"07/02/2025";"0800";"";"";"";"75,0";"76,0";"69,0";"";"";"";"1009,9";"1009,9";"1009,7";"1,7";"82,0";"4,2";"";"0,0"
"07/02/2025";"0900";"";"";"";"76,0";"77,0";"74,0";"";"";"";"1010,3";"1010,3";"1009,9";"1,0";"359,0";"3,9";"6,10";"0,0"
"07/02/2025";"1000";"";"";"";"74,0";"80,0";"73,0";"";"";"";"1011,1";"1011,1";"1010,3";"0,5";"38,0";"2,6";"208,20";"0,0"
"07/02/2025";"1100";"";"";"";"77,0";"77,0";"70,0";"";"";"";"1011,6";"1011,6";"1011,0";"1,6";"56,0";"6,0";"440,50";"0,2"
"07/02/2025";"1200";"";"";"";"76,0";"79,0";"68,0";"";"";"";"1012,0";"1012,0";"1011,6";"1,8";"191,0";"5,9";"933,40";"0,2"
"07/02/2025";"1300";"";"";"";"84,0";"84,0";"65,0";"";"";"";"1012,1";"1012,2";"1011,9";"2,8";"85,0";"7,6";"1555,10";"0,0"
"07/02/2025";"1400";"";"";"";"78,0";"84,0";"66,0";"";"";"";"1012,1";"1012,3";"1011,9";"1,1";"101,0";"5,4";"2030,00";"0,6"
"07/02/2025";"1500";"";"";"";"70,0";"78,0";"69,0";"";"";"";"1011,7";"1012,1";"1011,7";"1,8";"102,0";"4,2";"2762,50";"0,0"
"07/02/2025";"1600";"";"";"";"64,0";"71,0";"64,0";"";"";"";"1011,0";"1011,7";"1011,0";"2,0";"97,0";"4,6";"2287,40";"0,0"
"07/02/2025";"1700";"";"";"";"59,0";"64,0";"55,0";"";"";"";"1010,4";"1011,0";"1010,4";"2,3";"85,0";"6,6";"2611,60";"0,0"
"07/02/2025";"1800";"";"";"";"62,0";"63,0";"57,0";"";"";"";"1010,1";"1010,4";"1010,0";"3,1";"84,0";"6,2";"2051,00";"0,2"
"07/02/2025";"1900";"";"";"";"65,0";"65,0";"61,0";"";"";"";"1010,1";"1010,1";"1010,0";"2,5";"76,0";"6,0";"1418,20";"0,0"
"07/02/2025";"2000";"";"";"";"66,0";"67,0";"62,0";"";"";"";"1010,4";"1010,4";"1010,1";"1,0";"100,0";"5,0";"783,40";"0,0"
"07/02/2025";"2100";"";"";"";"68,0";"68,0";"65,0";"";"";"";"1010,7";"1010,7";"1010,4";"1,6";"87,0";"4,6";"184,40";"0,0"
"07/02/2025";"2200";"";"";"";"71,0";"71,0";"68,0";"";"";"";"1011,2";"1011,2";"1010,7";"0,8";"254,0";"3,5";"";"0,0"
"07/02/2025";"2300";"";"";"";"67,0";"71,0";"66,0";"";"";"";"1011,6";"1011,6";"1011,2";"0,9";"245,0";"3,3";"";"0,0"
"08/02/2025";"0000";"";"";"";"68,0";"69,0";"66,0";"";"";"";"1012,1";"1012,1";"1011,6";"0,8";"306,0";"3,3";"";"0,0"
"08/02/2025";"0100";"";"";"";"68,0";"69,0";"67,0";"";"";"";"1012,1";"1012,2";"1012,1";"0,8";"256,0";"3,9";"";"0,0"
"08/02/2025";"0200";"";"";"";"68,0";"68,0";"67,0";"";"";"";"1012,0";"1012,1";"1012,0";"0,8";"280,0";"3,1";"";"0,0"
"08/02/2025";"0300";"";"";"";"72,0";"72,0";"68,0";"";"";"";"1011,4";"1012,0";"1011,4";"0,7";"277,0";"2,9";"";"0,0"
"08/02/2025";"0400";"";"";"";"70,0";"72,0";"69,0";"";"";"";"1010,9";"1011,4";"1010,9";"0,7";"346,0";"3,2";"";"0,0"
"08/02/2025";"0500";"";"";"";"69,0";"70,0";"67,0";"";"";"";"1010,2";"1010,9";"1010,2";"1,1";"89,0";"3,6";"";"0,0"
"08/02/2025";"0600";"";"";"";"73,0";"75,0";"68,0";"";"";"";"1010,0";"1010,2";"1010,0";"0,8";"234,0";"6,2";"";"0,0"
"08/02/2025";"0700";"";"";"";"70,0";"75,0";"68,0";"";"";"";"1010,0";"1010,1";"1009,9";"1,3";"82,0";"4,2";"";"0,0"
"08/02/2025";"0800";"";"";"";"69,0";"72,0";"69,0";"";"";"";"1010,1";"1010,1";"1009,9";"1,3";"40,0";"3,9";"";"0,0"
"08/02/2025";"0900";"";"";"";"72,0";"75,0";"68,0";"";"";"";"1010,8";"1010,8";"1010,1";"1,0";"2,0";"4,1";"20,00";"0,0"
"08/02/2025";"1000";"";"";"";"63,0";"72,0";"63,0";"";"";"";"1011,5";"1011,5";"1010,8";"1,0";"78,0";"4,4";"494,20";"0,0"
"08/02/2025";"1100";"";"";"";"59,0";"65,0";"57,0";"";"";"";"1012,1";"1012,1";"1011,5";"1,2";"96,0";"4,3";"1287,50";"0,0"
"08/02/2025";"1200";"";"";"";"72,0";"75,0";"57,0";"";"";"";"1012,2";"1012,4";"1012,1";"1,4";"195,0";"9,4";"1587,90";"0,2"
"08/02/2025";"1300";"";"";"";"64,0";"74,0";"58,0";"";"";"";"1012,1";"1012,2";"1012,0";"2,2";"77,0";"5,5";"2279,10";"0,0"
"08/02/2025";"1400";"";"";"";"61,0";"65,0";"60,0";"";"";"";"1011,9";"1012,2";"1011,9";"3,0";"86,0";"6,0";"2782,40";"0,0"
"08/02/2025";"1500";"";"";"";"60,0";"64,0";"58,0";"";"";"";"1011,6";"1011,9";"1011,5";"2,5";"79,0";"5,9";"2953,20";"0,0"
"08/02/2025";"1600";"";"";"";"59,0";"64,0";"56,0";"";"";"";"1010,8";"1011,6";"1010,8";"3,6";"90,0";"6,0";"2910,20";"0,2"
"08/02/2025";"1700";"";"";"";"58,0";"63,0";"57,0";"";"";"";"1010,1";"1010,8";"1010,1";"2,0";"91,0";"5,8";"2831,90";"0,0"
"08/02/2025";"1800";"";"";"";"60,0";"63,0";"57,0";"";"";"";"1009,8";"1010,1";"1009,8";"3,2";"82,0";"6,1";"2448,00";"0,0"
"08/02/2025";"1900";"";"";"";"58,0";"63,0";"55,0";"";"";"";"1010,0";"1010,0";"1009,8";"1,8";"79,0";"6,3";"1759,60";"0,0"
"08/02/2025";"2000";"";"";"";"60,0";"61,0";"57,0";"";"";"";"1010,3";"1010,4";"1009,9";"1,4";"76,0";"5,5";"977,30";"0,0"
"08/02/2025";"2100";"";"";"";"62,0";"62,0";"60,0";"";"";"";"1010,8";"1010,8";"1010,3";"1,3";"72,0";"4,7";"290,50";"0,0"
"08/02/2025";"2200";"";"";"";"63,0";"66,0";"62,0";"";"";"";"1011,2";"1011,3";"1010,8";"1,5";"92,0";"3,8";"";"0,0"
"08/02/2025";"2300";"";"";"";"65,0";"66,0";"63,0";"";"";"";"1012,0";"1012,0";"1011,2";"1,0";"23,0";"4,4";"";"0,0"
"09/02/2025";"0000";"";"";"";"65,0";"68,0";"64,0";"";"";"";"1012,5";"1012,5";"1012,0";"1,0";"3,0";"3,0";"";"0,0"
"09/02/2025";"0100";"";"";"";"68,0";"68,0";"64,0";"";"";"";"1013,1";"1013,1";"1012,5";"1,0";"341,0";"3,2";"";"0,0"
"09/02/2025";"0200";"";"";"";"72,0";"72,0";"67,0";"";"";"";"1013,2";"1013,2";"1013,1";"0,7";"352,0";"3,7";"";"0,0"
"09/02/2025";"0300";"";"";"";"73,0";"81,0";"71,0";"";"";"";"1012,9";"1013,3";"1012,9";"3,0";"88,0";"5,0";"";"0,6"
"09/02/2025";"0400";"";"";"";"71,0";"74,0";"71,0";"";"";"";"1012,2";"1012,9";"1012,2";"2,6";"87,0";"5,8";"";"0,0"
"09/02/2025";"0500";"";"";"";"73,0";"74,0";"70,0";"";"";"";"1011,7";"1012,2";"1011,7";"1,3";"83,0";"5,7";"";"0,0"
"09/02/2025";"0600";"";"";"";"83,0";"83,0";"73,0";"";"";"";"1011,6";"1011,8";"1011,6";"0,9";"318,0";"9,0";"";"0,4"
"09/02/2025";"0700";"";"";"";"81,0";"84,0";"81,0";"";"";"";"1011,5";"1011,8";"1011,4";"0,9";"272,0";"8,5";"";"0,2"
"09/02/2025";"0800";"";"";"";"84,0";"84,0";"81,0";"";"";"";"1011,5";"1011,5";"1011,3";"1,0";"68,0";"2,9";"";"0,0"
"09/02/2025";"0900";"";"";"";"85,0";"86,0";"81,0";"";"";"";"1012,0";"1012,0";"1011,5";"1,7";"47,0";"5,0";"17,70";"0,8"
"09/02/2025";"1000";"";"";"";"71,0";"86,0";"71,0";"";"";"";"1012,6";"1012,6";"1012,0";"3,5";"87,0";"5,9";"594,90";"0,0"
"09/02/2025";"1100";"";"";"";"71,0";"80,0";"70,0";"";"";"";"1013,2";"1013,2";"1012,6";"3,6";"91,0";"6,0";"1170,30";"0,0"
"09/02/2025";"1200";"";"";"";"67,0";"71,0";"65,0";"";"";"";"1013,6";"1013,7";"1013,2";"3,8";"89,0";"6,5";"2026,40";"0,0"
"09/02/2025";"1300";"";"";"";"64,0";"68,0";"63,0";"";"";"";"1013,4";"1013,7";"1013,4";"2,3";"82,0";"6,5";"2458,70";"0,0"
"09/02/2025";"1400";"";"";"";"61,0";"67,0";"60,0";"";"";"";"1013,0";"1013,5";"1013,0";"2,7";"78,0";"7,1";"2649,10";"0,0"
"09/02/2025";"1500";"";"";"";"70,0";"71,0";"59,0";"";"";"";"1012,7";"1013,0";"1012,7";"3,8";"86,0";"7,0";"2274,40";"0,0"
"09/02/2025";"1600";"";"";"";"67,0";"72,0";"62,0";"";"";"";"1011,9";"1012,7";"1011,9";"3,5";"79,0";"7,2";"2542,30";"0,0"
"09/02/2025";"1700";"";"";"";"69,0";"70,0";"64,0";"";"";"";"1011,5";"1011,9";"1011,4";"3,7";"79,0";"6,5";"2523,20";"0,0"
"09/02/2025";"1800";"";"";"";"79,0";"79,0";"63,0";"";"";"";"1011,4";"1011,5";"1011,3";"4,5";"84,0";"10,7";"1700,90";"0,0"
"09/02/2025";"1900";"";"";"";"62,0";"80,0";"62,0";"";"";"";"1010,9";"1011,4";"1010,9";"3,2";"88,0";"8,4";"1149,40";"0,0"
"09/02/2025";"2000";"";"";"";"72,0";"75,0";"62,0";"";"";"";"1011,4";"1011,4";"1010,9";"3,0";"75,0";"8,9";"430,40";"0,0"
"09/02/2025";"2100";"";"";"";"65,0";"76,0";"65,0";"";"";"";"1011,3";"1011,5";"1011,3";"1,9";"85,0";"7,5";"223,90";"0,0"
"09/02/2025";"2200";"";"";"";"72,0";"72,0";"64,0";"";"";"";"1011,8";"1011,8";"1011,3";"3,3";"90,0";"5,8";"";"0,0"
"09/02/2025";"2300";"";"";"";"76,0";"77,0";"72,0";"";"";"";"1012,5";"1012,5";"1011,7";"3,2";"87,0";"5,7";"";"0,0"
"10/02/2025";"0000";"";"";"";"77,0";"78,0";"72,0";"";"";"";"1013,1";"1013,1";"1012,5";"3,0";"73,0";"6,3";"";"0,0"
"10/02/2025";"0100";"";"";"";"74,0";"80,0";"74,0";"";"";"";"1013,1";"1013,2";"1013,1";"2,5";"82,0";"6,3";"";"0,0"
"10/02/2025";"0200";"";"";"";"72,0";"76,0";"71,0";"";"";"";"1012,9";"1013,1";"1012,8";"3,7";"89,0";"6,6";"";"0,0"
"10/02/2025";"0300";"";"";"";"74,0";"76,0";"71,0";"";"";"";"1012,4";"1012,9";"1012,4";"2,2";"86,0";"7,8";"";"0,0"
"10/02/2025";"0400";"";"";"";"70,0";"75,0";"70,0";"";"";"";"1011,9";"1012,4";"1011,9";"2,3";"85,0";"6,2";"";"0,0"
"10/02/2025";"0500";"";"";"";"72,0";"73,0";"70,0";"";"";"";"1011,4";"1011,9";"1011,4";"1,9";"66,0";"6,7";"";"0,0"
"10/02/2025";"0600";"";"";"";"72,0";"73,0";"69,0";"";"";"";"1011,2";"1011,4";"1011,1";"2,9";"84,0";"8,3";"";"0,0"
"10/02/2025";"0700";"";"";"";"79,0";"80,0";"71,0";"";"";"";"1011,0";"1011,2";"1011,0";"1,7";"82,0";"6,0";"";"0,0"
"10/02/2025";"0800";"";"";"";"76,0";"79,0";"73,0";"";"";"";"1011,2";"1011,2";"1011,0";"1,4";"286,0";"4,9";"";"0,0"
"10/02/2025";"0900";"";"";"";"74,0";"82,0";"74,0";"";"";"";"1011,7";"1011,7";"1011,2";"1,2";"74,0";"4,5";"23,40";"0,0"
"10/02/2025";"1000";"";"";"";"67,0";"77,0";"67,0";"";"";"";"1012,3";"1012,3";"1011,7";"1,4";"76,0";"5,3";"376,40";"0,0"
"10/02/2025";"1100";"";"";"";"67,0";"71,0";"66,0";"";"";"";"1012,8";"1012,8";"1012,3";"2,0";"75,0";"5,5";"885,10";"0,0"
"10/02/2025";"1200";"";"";"";"68,0";"69,0";"62,0";"";"";"";"1013,2";"1013,3";"1012,8";"1,5";"58,0";"5,9";"1355,70";"0,0"
"10/02/2025";"1300";"";"";"";"64,0";"70,0";"59,0";"";"";"";"1013,1";"1013,3";"1013,0";"2,9";"81,0";"8,1";"2537,20";"0,0"
"10/02/2025";"1400";"";"";"";"59,0";"64,0";"58,0";"";"";"";"1012,9";"1013,1";"1012,8";"3,0";"89,0";"6,8";"2817,70";"0,0"
"10/02/2025";"1500";"";"";"";"59,0";"64,0";"58,0";"";"";"";"1012,6";"1012,9";"1012,6";"2,5";"82,0";"6,3";"2755,50";"0,0"
"10/02/2025";"1600";"";"";"";"57,0";"61,0";"56,0";"";"";"";"1011,8";"1012,6";"1011,8";"2,3";"81,0";"6,2";"2965,20";"0,0"
"10/02/2025";"1700";"";"";"";"58,0";"63,0";"55,0";"";"";"";"1011,3";"1011,8";"1011,3";"2,7";"72,0";"6,9";"2480,70";"0,0"
"10/02/2025";"1800";"";"";"";"61,0";"63,0";"54,0";"";"";"";"1010,9";"1011,3";"1010,9";"2,7";"78,0";"5,8";"2336,50";"0,0"
"10/02/2025";"1900";"";"";"";"62,0";"63,0";"58,0";"";"";"";"1010,8";"1010,9";"1010,7";"1,0";"55,0";"6,0";"1216,00";"0,0"
"10/02/2025";"2000";"";"";"";"66,0";"68,0";"62,0";"";"";"";"1011,1";"1011,1";"1010,8";"1,2";"147,0";"7,0";"604,70";"0,0"
"10/02/2025";"2100";"";"";"";"68,0";"69,0";"65,0";"";"";"";"1011,6";"1011,6";"1011,1";"0,8";"326,0";"7,0";"153,30";"0,0"
"10/02/2025";"2200";"";"";"";"73,0";"73,0";"68,0";"";"";"";"1012,1";"1012,1";"1011,5";"1,7";"81,0";"6,4";"";"0,0"
"10/02/2025";"2300";"";"";"";"74,0";"75,0";"72,0";"";"";"";"1012,6";"1012,6";"1012,1";"1,1";"253,0";"3,5";"";"0,0"
"11/02/2025";"0000";"";"";"";"75,0";"75,0";"70,0";"";"";"";"1012,9";"1013,0";"1012,5";"0,7";"296,0";"4,2";"";"0,0"
"11/02/2025";"0100";"";"";"";"73,0";"80,0";"73,0";"";"";"";"1013,0";"1013,1";"1012,9";"1,1";"13,0";"6,4";"";"0,0"
"11/02/2025";"0200";"";"";"";"70,0";"74,0";"70,0";"";"";"";"1012,9";"1013,1";"1012,9";"1,0";"229,0";"4,8";"";"0,0"
"11/02/2025";"0300";"";"";"";"72,0";"72,0";"70,0";"";"";"";"1012,3";"1012,9";"1012,3";"1,0";"222,0";"3,5";"";"0,0"
"11/02/2025";"0400";"";"";"";"70,0";"72,0";"69,0";"";"";"";"1011,5";"1012,3";"1011,5";"1,0";"297,0";"2,9";"";"0,0"
"11/02/2025";"0500";"";"";"";"70,0";"71,0";"68,0";"";"";"";"1011,0";"1011,5";"1011,0";"0,7";"273,0";"3,2";"";"0,0"
"11/02/2025";"0600";"";"";"";"73,0";"73,0";"70,0";"";"";"";"1010,5";"1011,0";"1010,5";"0,6";"305,0";"2,6";"";"0,0"
"11/02/2025";"0700";"";"";"";"72,0";"73,0";"71,0";"";"";"";"1010,4";"1010,5";"1010,3";"0,9";"209,0";"2,5";"";"0,0"
"11/02/2025";"0800";"";"";"";"72,0";"74,0";"72,0";"";"";"";"1010,5";"1010,5";"1010,4";"1,1";"202,0";"3,3";"";"0,0"
"11/02/2025";"0900";"";"";"";"72,0";"73,0";"71,0";"";"";"";"1011,0";"1011,0";"1010,5";"0,5";"217,0";"3,3";"19,20";"0,0"
"11/02/2025";"1000";"";"";"";"68,0";"73,0";"67,0";"";"";"";"1011,6";"1011,6";"1011,0";"0,9";"233,0";"3,4";"306,80";"0,0"
"11/02/2025";"1100";"";"";"";"63,0";"71,0";"61,0";"";"";"";"1012,2";"1012,2";"1011,6";"1,3";"160,0";"3,8";"1201,60";"0,0"
"11/02/2025";"1200";"";"";"";"60,0";"71,0";"60,0";"";"";"";"1012,5";"1012,5";"1012,2";"1,4";"61,0";"4,8";"1655,90";"0,0"
"11/02/2025";"1300";"";"";"";"60,0";"62,0";"56,0";"";"";"";"1012,5";"1012,6";"1012,4";"1,7";"102,0";"5,3";"2533,60";"0,0"
"11/02/2025";"1400";"";"";"";"58,0";"61,0";"55,0";"";"";"";"1012,5";"1012,5";"1012,3";"2,5";"87,0";"5,8";"2676,30";"0,0"
"11/02/2025";"1500";"";"";"";"59,0";"60,0";"54,0";"";"";"";"1012,1";"1012,5";"1012,1";"2,3";"84,0";"6,0";"2829,00";"0,0"
"11/02/2025";"1600";"";"";"";"55,0";"61,0";"53,0";"";"";"";"1011,5";"1012,1";"1011,5";"2,0";"92,0";"6,0";"3001,70";"0,0"
"11/02/2025";"1700";"";"";"";"56,0";"67,0";"55,0";"";"";"";"1011,1";"1011,5";"1011,1";"2,2";"107,0";"7,0";"2263,80";"0,0"
"11/02/2025";"1800";"";"";"";"54,0";"58,0";"53,0";"";"";"";"1010,6";"1011,1";"1010,6";"1,2";"349,0";"5,6";"2310,40";"0,0"
"11/02/2025";"1900";"";"";"";"63,0";"63,0";"53,0";"";"";"";"1010,8";"1010,8";"1010,6";"1,8";"77,0";"5,1";"1456,40";"0,0"
"11/02/2025";"2000";"";"";"";"64,0";"66,0";"61,0";"";"";"";"1011,0";"1011,0";"1010,7";"1,1";"177,0";"5,1";"619,60";"0,0"
"11/02/2025";"2100";"";"";"";"69,0";"69,0";"63,0";"";"";"";"1011,3";"1011,3";"1010,9";"0,7";"340,0";"3,8";"166,70";"0,0"
"11/02/2025";"2200";"";"";"";"69,0";"70,0";"69,0";"";"";"";"1011,6";"1011,6";"1011,3";"0,9";"224,0";"4,3";"";"0,0"
"11/02/2025";"2300";"";"";"";"69,0";"70,0";"68,0";"";"";"";"1011,9";"1011,9";"1011,6";"0,9";"358,0";"3,8";"";"0,0"
"12/02/2025";"0000";"";"";"";"70,0";"70,0";"68,0";"";"";"";"1012,5";"1012,5";"1011,9";"0,8";"338,0";"3,9";"";"0,0"
"12/02/2025";"0100";"";"";"";"69,0";"71,0";"67,0";"";"";"";"1012,7";"1012,7";"1012,5";"0,7";"14,0";"5,1";"";"0,0"
"12/02/2025";"0200";"";"";"";"67,0";"69,0";"67,0";"";"";"";"1012,2";"1012,7";"1012,2";"1,7";"81,0";"4,5";"";"0,0"
"12/02/2025";"0300";"";"";"";"69,0";"70,0";"67,0";"";"";"";"1012,0";"1012,3";"1012,0";"1,6";"83,0";"4,9";"";"0,0"
"12/02/2025";"0400";"";"";"";"68,0";"69,0";"66,0";"";"";"";"1011,5";"1012,0";"1011,5";"2,6";"88,0";"5,5";"";"0,0"
"12/02/2025";"0500";"";"";"";"67,0";"70,0";"67,0";"";"";"";"1011,1";"1011,5";"1011,1";"2,6";"87,0";"5,3";"";"0,0"
"12/02/2025";"0600";"";"";"";"69,0";"70,0";"67,0";"";"";"";"1010,9";"1011,1";"1010,9";"2,2";"88,0";"5,3";"";"0,0"
"12/02/2025";"0700";"";"";"";"68,0";"70,0";"68,0";"";"";"";"1011,0";"1011,0";"1010,9";"2,4";"90,0";"4,5";"";"0,0"
"12/02/2025";"0800";"";"";"";"68,0";"71,0";"68,0";"";"";"";"1011,4";"1011,4";"1011,0";"2,5";"88,0";"4,5";"";"0,0"
"12/02/2025";"0900";"";"";"";"70,0";"70,0";"68,0";"";"";"";"1011,5";"1011,5";"1011,3";"2,0";"86,0";"4,5";"24,60";"0,0"
"12/02/2025";"1000";"";"";"";"67,0";"70,0";"67,0";"";"";"";"1012,2";"1012,2";"1011,5";"1,0";"330,0";"4,3";"308,20";"0,0"
"12/02/2025";"1100";"";"";"";"62,0";"69,0";"61,0";"";"";"";"1012,9";"1012,9";"1012,3";"2,0";"86,0";"5,8";"1066,90";"0,0"
"12/02/2025";"1200";"";"";"";"60,0";"63,0";"57,0";"";"";"";"1013,2";"1013,3";"1012,8";"2,9";"90,0";"6,1";"2003,00";"0,0"
"12/02/2025";"1300";"";"";"";"59,0";"63,0";"57,0";"";"";"";"1013,3";"1013,3";"1013,1";"3,6";"92,0";"6,6";"2425,50";"0,0"
"12/02/2025";"1400";"";"";"";"61,0";"64,0";"57,0";"";"";"";"1013,0";"1013,3";"1013,0";"3,5";"86,0";"7,3";"2139,50";"0,0"
"12/02/2025";"1500";"";"";"";"58,0";"61,0";"57,0";"";"";"";"1012,8";"1013,1";"1012,7";"4,1";"89,0";"6,9";"2950,20";"0,0"
"12/02/2025";"1600";"";"";"";"58,0";"60,0";"53,0";"";"";"";"1012,3";"1012,8";"1012,3";"4,1";"85,0";"7,8";"2993,00";"0,0"
"12/02/2025";"1700";"";"";"";"57,0";"60,0";"55,0";"";"";"";"1011,8";"1012,4";"1011,8";"3,8";"87,0";"7,3";"2848,30";"0,0"
"12/02/2025";"1800";"";"";"";"61,0";"64,0";"57,0";"";"";"";"1011,5";"1011,9";"1011,4";"3,4";"85,0";"6,7";"2434,90";"0,0"
"12/02/2025";"1900";"";"";"";"59,0";"64,0";"58,0";"";"";"";"1011,3";"1011,5";"1011,3";"3,4";"86,0";"7,1";"1533,50";"0,0"
"12/02/2025";"2000";"";"";"";"61,0";"63,0";"58,0";"";"";"";"1011,3";"1011,3";"1011,2";"2,9";"84,0";"6,6";"1008,90";"0,0"
"12/02/2025";"2100";"";"";"";"61,0";"64,0";"60,0";"";"";"";"1011,8";"1011,8";"1011,3";"3,0";"86,0";"6,1";"262,70";"0,0"
"12/02/2025";"2200";"";"";"";"65,0";"65,0";"58,0";"";"";"";"1012,2";"1012,2";"1011,8";"2,6";"87,0";"5,9";"";"0,0"
"12/02/2025";"2300";"";"";"";"68,0";"69,0";"65,0";"";"";"";"1012,3";"1012,4";"1012,2";"3,3";"88,0";"5,6";"";"0,0"
"13/02/2025";"0000";"";"";"";"68,0";"70,0";"64,0";"";"";"";"1012,5";"1012,5";"1012,3";"3,6";"89,0";"6,4";"";"0,0"
"13/02/2025";"0100";"";"";"";"70,0";"70,0";"68,0";"";"";"";"1012,8";"1012,8";"1012,5";"3,1";"82,0";"7,0";"";"0,0"
"13/02/2025";"0200";"";"";"";"70,0";"71,0";"68,0";"";"";"";"1012,8";"1013,0";"1012,8";"3,1";"84,0";"6,9";"";"0,0"
"13/02/2025";"0300";"";"";"";"69,0";"70,0";"67,0";"";"";"";"1012,3";"1012,8";"1012,2";"2,9";"83,0";"6,7";"";"0,0"
"13/02/2025";"0400";"";"";"";"70,0";"70,0";"68,0";"";"";"";"1011,8";"1012,3";"1011,8";"2,8";"85,0";"6,1";"";"0,0"
"13/02/2025";"0500";"";"";"";"69,0";"70,0";"68,0";"";"";"";"1011,7";"1011,8";"1011,6";"2,4";"87,0";"5,6";"";"0,0"
"13/02/2025";"0600";"";"";"";"70,0";"71,0";"69,0";"";"";"";"1011,7";"1011,7";"1011,6";"2,6";"70,0";"5,1";"";"0,0"
"13/02/2025";"0700";"";"";"";"71,0";"71,0";"70,0";"";"";"";"1012,0";"1012,0";"1011,7";"1,7";"60,0";"4,9";"";"0,0"
"13/02/2025";"0800";"";"";"";"76,0";"76,0";"70,0";"";"";"";"1012,2";"1012,2";"1012,0";"0,3";"310,0";"3,5";"";"0,0"
"13/02/2025";"0900";"";"";"";"79,0";"79,0";"76,0";"";"";"";"1012,7";"1012,7";"1012,2";"1,3";"249,0";"2,6";"25,30";"0,0"
"13/02/2025";"1000";"";"";"";"74,0";"79,0";"74,0";"";"";"";"1013,5";"1013,5";"1012,7";"1,3";"258,0";"2,2";"445,50";"0,0"
"13/02/2025";"1100";"";"";"";"66,0";"74,0";"65,0";"";"";"";"1014,1";"1014,1";"1013,5";"1,6";"67,0";"3,1";"959,30";"0,0"
"13/02/2025";"1200";"";"";"";"62,0";"68,0";"61,0";"";"";"";"1014,4";"1014,4";"1014,1";"2,9";"84,0";"5,2";"1689,50";"0,0"
"13/02/2025";"1300";"";"";"";"58,0";"62,0";"56,0";"";"";"";"1014,4";"1014,6";"1014,3";"2,9";"89,0";"5,9";"2549,20";"0,0"
"13/02/2025";"1400";"";"";"";"56,0";"59,0";"54,0";"";"";"";"1014,2";"1014,4";"1014,2";"2,4";"83,0";"6,2";"2832,10";"0,0"
"13/02/2025";"1500";"";"";"";"55,0";"57,0";"49,0";"";"";"";"1013,9";"1014,2";"1013,9";"2,7";"83,0";"6,2";"2942,00";"0,0"
"13/02/2025";"1600";"";"";"";"59,0";"61,0";"54,0";"";"";"";"1013,1";"1013,9";"1013,1";"2,1";"75,0";"6,1";"2809,40";"0,0"
"13/02/2025";"1700";"";"";"";"57,0";"60,0";"52,0";"";"";"";"1012,6";"1013,2";"1012,6";"2,0";"81,0";"6,6";"2913,80";"0,0"
"13/02/2025";"1800";"";"";"";"59,0";"61,0";"55,0";"";"";"";"1012,3";"1012,6";"1012,2";"3,4";"84,0";"7,2";"2364,10";"0,0"
"13/02/2025";"1900";"";"";"";"60,0";"61,0";"56,0";"";"";"";"1012,2";"1012,3";"1012,1";"2,7";"86,0";"6,3";"1572,10";"0,0"
"13/02/2025";"2000";"";"";"";"61,0";"64,0";"59,0";"";"";"";"1012,2";"1012,2";"1012,1";"0,9";"14,0";"6,1";"832,50";"0,0"
"13/02/2025";"2100";"";"";"";"66,0";"66,0";"59,0";"";"";"";"1012,1";"1012,2";"1012,0";"1,0";"62,0";"5,8";"261,50";"0,0"
"13/02/2025";"2200";"";"";"";"67,0";"67,0";"65,0";"";"";"";"1012,1";"1012,1";"1012,0";"1,3";"48,0";"4,4";"";"0,0"
"13/02/2025";"2300";"";"";"";"67,0";"67,0";"63,0";"";"";"";"1012,6";"1012,7";"1012,1";"1,7";"73,0";"6,1";"";"0,0"
"14/02/2025";"0000";"";"";"";"66,0";"67,0";"64,0";"";"";"";"1012,9";"1012,9";"1012,6";"3,2";"87,0";"6,5";"";"0,0"
"14/02/2025";"0100";"";"";"";"68,0";"68,0";"65,0";"";"";"";"1013,3";"1013,3";"1012,9";"3,8";"91,0";"7,3";"";"0,0"
"14/02/2025";"0200";"";"";"";"67,0";"69,0";"66,0";"";"";"";"1013,2";"1013,3";"1013,1";"3,3";"88,0";"6,9";"";"0,0"
"14/02/2025";"0300";"";"";"";"68,0";"69,0";"66,0";"";"";"";"1012,7";"1013,2";"1012,7";"3,1";"91,0";"6,5";"";"0,0"
"14/02/2025";"0400";"";"";"";"66,0";"69,0";"66,0";"";"";"";"1012,5";"1012,7";"1012,5";"2,5";"87,0";"6,0";"";"0,0"
"14/02/2025";"0500";"";"";"";"68,0";"68,0";"65,0";"";"";"";"1012,1";"1012,5";"1012,1";"2,2";"89,0";"4,8";"";"0,0"
"14/02/2025";"0600";"";"";"";"69,0";"71,0";"68,0";"";"";"";"1011,8";"1012,1";"1011,7";"2,5";"76,0";"4,6";"";"0,0"
"14/02/2025";"0700";"";"";"";"68,0";"70,0";"67,0";"";"";"";"1011,9";"1012,0";"1011,8";"1,6";"68,0";"5,3";"";"0,0"
"14/02/2025";"0800";"";"";"";"71,0";"71,0";"67,0";"";"";"";"1011,8";"1012,0";"1011,8";"1,4";"44,0";"4,1";"";"0,0"
"14/02/2025";"0900";"";"";"";"69,0";"75,0";"68,0";"";"";"";"1012,5";"1012,5";"1011,8";"1,5";"97,0";"4,2";"33,20";"0,0"
"14/02/2025";"1000";"";"";"";"64,0";"69,0";"63,0";"";"";"";"1012,9";"1012,9";"1012,4";"2,8";"84,0";"5,3";"367,60";"0,0"
"14/02/2025";"1100";"";"";"";"61,0";"65,0";"59,0";"";"";"";"1013,6";"1013,6";"1012,9";"2,3";"84,0";"5,6";"1244,70";"0,0"
"14/02/2025";"1200";"";"";"";"56,0";"66,0";"53,0";"";"";"";"1014,1";"1014,2";"1013,6";"3,7";"92,0";"6,8";"1645,00";"0,0"
"14/02/2025";"1300";"";"";"";"54,0";"58,0";"52,0";"";"";"";"1014,1";"1014,2";"1014,0";"4,0";"89,0";"6,3";"2529,00";"0,0"
"14/02/2025";"1400";"";"";"";"57,0";"58,0";"53,0";"";"";"";"1013,8";"1014,1";"1013,8";"3,8";"87,0";"7,8";"2812,40";"0,0"
"14/02/2025";"1500";"";"";"";"57,0";"58,0";"55,0";"";"";"";"1013,2";"1013,8";"1013,2";"4,5";"92,0";"7,4";"2963,70";"0,0"
"14/02/2025";"1600";"";"";"";"55,0";"60,0";"54,0";"";"";"";"1012,4";"1013,2";"1012,4";"4,3";"88,0";"7,4";"2494,60";"0,0"
"14/02/2025";"1700";"";"";"";"58,0";"60,0";"54,0";"";"";"";"1011,3";"1012,4";"1011,3";"4,4";"92,0";"7,8";"2829,80";"0,0"
"14/02/2025";"1800";"";"";"";"54,0";"62,0";"54,0";"";"";"";"1010,9";"1011,3";"1010,9";"3,6";"84,0";"7,3";"2405,80";"0,0"
"14/02/2025";"1900";"";"";"";"61,0";"61,0";"52,0";"";"";"";"1010,6";"1011,0";"1010,5";"4,1";"88,0";"6,9";"1739,40";"0,0"
"14/02/2025";"2000";"";"";"";"64,0";"65,0";"60,0";"";"";"";"1010,6";"1010,7";"1010,5";"2,9";"86,0";"6,6";"1020,50";"0,0"
"14/02/2025";"2100";"";"";"";"67,0";"67,0";"64,0";"";"";"";"1010,8";"1010,8";"1010,6";"2,7";"88,0";"5,8";"269,00";"0,0"
"14/02/2025";"2200";"";"";"";"66,0";"68,0";"66,0";"";"";"";"1010,9";"1010,9";"1010,8";"3,1";"91,0";"5,2";"";"0,0"
"14/02/2025";"2300";"";"";"";"66,0";"67,0";"65,0";"";"";"";"1011,7";"1011,7";"1010,9";"3,2";"88,0";"6,0";"";"0,0"
"15/02/2025";"0000";"";"";"";"67,0";"68,0";"66,0";"";"";"";"1012,1";"1012,1";"1011,7";"2,8";"89,0";"6,0";"";"0,0"
"15/02/2025";"0100";"";"";"";"69,0";"69,0";"67,0";"";"";"";"1012,4";"1012,5";"1012,1";"3,0";"83,0";"6,3";"";"0,0"
"15/02/2025";"0200";"";"";"";"70,0";"70,0";"68,0";"";"";"";"1012,0";"1012,4";"1012,0";"3,4";"86,0";"6,3";"";"0,0"
"15/02/2025";"0300";"";"";"";"70,0";"72,0";"69,0";"";"";"";"1011,6";"1012,0";"1011,5";"3,7";"82,0";"6,7";"";"0,0"
"15/02/2025";"0400";"";"";"";"69,0";"71,0";"68,0";"";"";"";"1011,3";"1011,6";"1011,2";"3,1";"84,0";"6,8";"";"0,0"
"15/02/2025";"0500";"";"";"";"70,0";"70,0";"68,0";"";"";"";"1011,0";"1011,3";"1011,0";"2,7";"77,0";"6,2";"";"0,0"
"15/02/2025";"0600";"";"";"";"69,0";"70,0";"68,0";"";"";"";"1010,7";"1011,1";"1010,7";"2,8";"86,0";"5,9";"";"0,0"
"15/02/2025";"0700";"";"";"";"68,0";"69,0";"66,0";"";"";"";"1010,9";"1011,0";"1010,7";"2,7";"81,0";"6,2";"";"0,0"
"15/02/2025";"0800";"";"";"";"68,0";"69,0";"67,0";"";"";"";"1011,1";"1011,1";"1010,9";"2,8";"81,0";"6,0";"";"0,0"
"15/02/2025";"0900";"";"";"";"67,0";"69,0";"66,0";"";"";"";"1011,5";"1011,5";"1011,1";"3,3";"89,0";"6,4";"36,90";"0,0"
"15/02/2025";"1000";"";"";"";"62,0";"68,0";"62,0";"";"";"";"1012,1";"1012,1";"1011,5";"3,1";"82,0";"6,5";"420,70";"0,0"
"15/02/2025";"1100";"";"";"";"60,0";"62,0";"57,0";"";"";"";"1012,7";"1012,7";"1012,1";"3,6";"93,0";"7,9";"1223,90";"0,0"
"15/02/2025";"1200";"";"";"";"60,0";"60,0";"56,0";"";"";"";"1012,9";"1012,9";"1012,7";"4,2";"89,0";"7,2";"1822,10";"0,0"
"15/02/2025";"1300";"";"";"";"56,0";"62,0";"55,0";"";"";"";"1013,0";"1013,0";"1012,9";"3,8";"92,0";"7,5";"2570,20";"0,0"
"15/02/2025";"1400";"";"";"";"55,0";"58,0";"55,0";"";"";"";"1013,0";"1013,0";"1012,9";"3,6";"87,0";"6,5";"2933,50";"0,0"
"15/02/2025";"1500";"";"";"";"57,0";"58,0";"52,0";"";"";"";"1012,5";"1013,0";"1012,5";"4,0";"87,0";"7,5";"3154,60";"0,0"
"15/02/2025";"1600";"";"";"";"55,0";"59,0";"53,0";"";"";"";"1011,7";"1012,5";"1011,7";"3,8";"87,0";"7,6";"3019,90";"0,0"
"15/02/2025";"1700";"";"";"";"57,0";"59,0";"53,0";"";"";"";"1011,1";"1011,7";"1011,1";"2,2";"75,0";"7,3";"2346,00";"0,0"
"15/02/2025";"1800";"";"";"";"59,0";"61,0";"56,0";"";"";"";"1010,6";"1011,2";"1010,6";"1,8";"71,0";"6,1";"1540,10";"0,0"
"15/02/2025";"1900";"";"";"";"62,0";"63,0";"57,0";"";"";"";"1010,4";"1010,6";"1010,3";"1,7";"60,0";"5,7";"1108,30";"0,0"
"15/02/2025";"2000";"";"";"";"64,0";"65,0";"61,0";"";"";"";"1010,5";"1010,6";"1010,3";"1,2";"69,0";"5,3";"490,20";"0,0"
"15/02/2025";"2100";"";"";"";"65,0";"66,0";"64,0";"";"";"";"1010,8";"1010,8";"1010,5";"1,5";"80,0";"6,3";"215,90";"0,0"
"15/02/2025";"2200";"";"";"";"67,0";"67,0";"65,0";"";"";"";"1011,3";"1011,3";"1010,8";"1,6";"55,0";"5,4";"";"0,0"
"15/02/2025";"2300";"";"";"";"67,0";"67,0";"66,0";"";"";"";"1011,7";"1011,7";"1011,3";"2,0";"87,0";"4,8";"";"0,0"
"16/02/2025";"0000";"";"";"";"70,0";"71,0";"67,0";"";"";"";"1012,3";"1012,3";"1011,7";"2,8";"87,0";"6,2";"";"0,0"
"16/02/2025";"0100";"";"";"";"68,0";"71,0";"68,0";"";"";"";"1012,6";"1012,7";"1012,3";"3,3";"85,0";"6,3";"";"0,0"
"16/02/2025";"0200";"";"";"";"68,0";"69,0";"65,0";"";"";"";"1012,4";"1012,7";"1012,4";"2,0";"88,0";"6,2";"";"0,0"
"16/02/2025";"0300";"";"";"";"69,0";"70,0";"68,0";"";"";"";"1011,9";"1012,4";"1011,9";"2,0";"79,0";"6,0";"";"0,0"
"16/02/2025";"0400";"";"";"";"68,0";"70,0";"67,0";"";"";"";"1011,4";"1011,9";"1011,4";"1,1";"51,0";"5,3";"";"0,0"
"16/02/2025";"0500";"";"";"";"69,0";"70,0";"67,0";"";"";"";"1011,1";"1011,4";"1011,1";"1,1";"7,0";"5,7";"";"0,0"
"16/02/2025";"0600";"";"";"";"69,0";"70,0";"67,0";"";"";"";"1010,9";"1011,1";"1010,8";"0,7";"230,0";"3,6";"";"0,0"
"16/02/2025";"0700";"";"";"";"70,0";"71,0";"69,0";"";"";"";"1011,0";"1011,1";"1010,8";"1,1";"213,0";"2,9";"";"0,0"
"16/02/2025";"0800";"";"";"";"71,0";"71,0";"69,0";"";"";"";"1011,4";"1011,4";"1011,0";"1,1";"213,0";"3,8";"";"0,0"
"16/02/2025";"0900";"";"";"";"75,0";"75,0";"69,0";"";"";"";"1011,8";"1011,8";"1011,4";"1,0";"301,0";"4,4";"1,90";"0,4"
"16/02/2025";"1000";"";"";"";"80,0";"82,0";"75,0";"";"";"";"1012,6";"1012,6";"1011,8";"1,4";"189,0";"3,3";"51,60";"0,0"
"16/02/2025";"1100";"";"";"";"86,0";"87,0";"77,0";"";"";"";"1013,8";"1013,9";"1012,6";"2,7";"190,0";"7,2";"349,30";"3,8"
"16/02/2025";"1200";"";"";"";"79,0";"87,0";"79,0";"";"";"";"1014,1";"1014,1";"1013,7";"0,9";"189,0";"6,1";"844,40";"0,0"
"16/02/2025";"1300";"";"";"";"68,0";"80,0";"65,0";"";"";"";"1014,0";"1014,2";"1014,0";"1,8";"161,0";"4,9";"2370,60";"0,0"
"16/02/2025";"1400";"";"";"";"65,0";"70,0";"63,0";"";"";"";"1013,7";"1014,0";"1013,7";"2,3";"81,0";"7,5";"2274,00";"0,0"
"16/02/2025";"1500";"";"";"";"65,0";"73,0";"61,0";"";"";"";"1013,2";"1013,8";"1013,2";"3,3";"66,0";"7,6";"2228,90";"0,0"
"16/02/2025";"1600";"";"";"";"64,0";"66,0";"59,0";"";"";"";"1012,6";"1013,3";"1012,6";"2,5";"77,0";"7,8";"2816,30";"0,0"
"16/02/2025";"1700";"";"";"";"57,0";"65,0";"57,0";"";"";"";"1011,9";"1012,6";"1011,8";"2,4";"82,0";"7,6";"2639,60";"0,0"
"16/02/2025";"1800";"";"";"";"63,0";"65,0";"54,0";"";"";"";"1011,9";"1011,9";"1011,8";"2,9";"88,0";"6,8";"1643,30";"0,0"
"16/02/2025";"1900";"";"";"";"59,0";"65,0";"59,0";"";"";"";"1011,6";"1011,9";"1011,5";"3,0";"86,0";"8,2";"1629,90";"0,0"
"16/02/2025";"2000";"";"";"";"63,0";"65,0";"59,0";"";"";"";"1011,9";"1012,0";"1011,5";"2,9";"82,0";"7,0";"928,00";"0,0"
"16/02/2025";"2100";"";"";"";"67,0";"67,0";"62,0";"";"";"";"1012,3";"1012,4";"1011,9";"2,1";"83,0";"6,4";"233,20";"0,0"
"16/02/2025";"2200";"";"";"";"68,0";"69,0";"67,0";"";"";"";"1012,8";"1012,8";"1012,3";"2,1";"80,0";"5,7";"";"0,0"
"16/02/2025";"2300";"";"";"";"68,0";"69,0";"67,0";"";"";"";"1013,1";"1013,1";"1012,8";"1,6";"74,0";"6,8";"";"0,0"
"17/02/2025";"0000";"";"";"";"71,0";"71,0";"68,0";"";"";"";"1013,4";"1013,5";"1013,0";"0,7";"5,0";"4,6";"";"0,0"
"17/02/2025";"0100";"";"";"";"71,0";"73,0";"71,0";"";"";"";"1013,6";"1013,6";"1013,4";"1,0";"7,0";"3,2";"";"0,0"
"17/02/2025";"0200";"";"";"";"71,0";"73,0";"71,0";"";"";"";"1013,2";"1013,6";"1013,2";"1,3";"52,0";"5,1";"";"0,0"
"17/02/2025";"0300";"";"";"";"71,0";"72,0";"70,0";"";"";"";"1012,7";"1013,2";"1012,7";"1,1";"34,0";"5,1";"";"0,0"
"17/02/2025";"0400";"";"";"";"70,0";"71,0";"69,0";"";"";"";"1012,1";"1012,7";"1012,1";"2,5";"86,0";"5,8";"";"0,0"
"17/02/2025";"0500";"";"";"";"72,0";"73,0";"70,0";"";"";"";"1011,5";"1012,1";"1011,5";"1,4";"80,0";"4,9";"";"0,0"
"17/02/2025";"0600";"";"";"";"83,0";"83,0";"72,0";"";"";"";"1011,2";"1011,5";"1011,2";"0,9";"23,0";"5,7";"";"0,0"
"17/02/2025";"0700";"";"";"";"79,0";"84,0";"79,0";"";"";"";"1011,1";"1011,2";"1011,1";"1,1";"346,0";"4,2";"";"0,2"
"17/02/2025";"0800";"";"";"";"70,0";"80,0";"69,0";"";"";"";"1011,8";"1011,8";"1011,1";"2,5";"79,0";"6,5";"";"0,0"
"17/02/2025";"0900";"";"";"";"68,0";"71,0";"67,0";"";"";"";"1012,3";"1012,3";"1011,8";"1,2";"54,0";"6,5";"27,40";"0,0"
"17/02/2025";"1000";"";"";"";"66,0";"68,0";"63,0";"";"";"";"1013,1";"1013,1";"1012,3";"2,8";"80,0";"6,3";"430,90";"0,0"
"17/02/2025";"1100";"";"";"";"63,0";"67,0";"61,0";"";"";"";"1013,8";"1013,8";"1013,1";"2,6";"85,0";"7,3";"920,10";"0,0"
"17/02/2025";"1200";"";"";"";"59,0";"64,0";"58,0";"";"";"";"1013,9";"1014,0";"1013,8";"2,6";"82,0";"6,0";"1933,10";"0,0"
"17/02/2025";"1300";"";"";"";"58,0";"62,0";"57,0";"";"";"";"1013,9";"1014,1";"1013,8";"2,8";"88,0";"7,0";"2454,10";"0,0"
"17/02/2025";"1400";"";"";"";"54,0";"65,0";"54,0";"";"";"";"1013,9";"1014,1";"1013,7";"3,2";"81,0";"7,2";"2606,10";"0,0"
"17/02/2025";"1500";"";"";"";"52,0";"58,0";"51,0";"";"";"";"1013,4";"1014,0";"1013,4";"2,3";"80,0";"6,3";"2915,70";"0,0"
"17/02/2025";"1600";"";"";"";"56,0";"57,0";"52,0";"";"";"";"1012,8";"1013,4";"1012,8";"3,2";"82,0";"6,9";"3000,30";"0,0"
"17/02/2025";"1700";"";"";"";"55,0";"58,0";"52,0";"";"";"";"1012,5";"1012,8";"1012,4";"2,2";"108,0";"6,9";"2885,60";"0,0"
"17/02/2025";"1800";"";"";"";"57,0";"58,0";"52,0";"";"";"";"1012,2";"1012,5";"1012,2";"3,0";"82,0";"6,5";"2400,70";"0,0"
"17/02/2025";"1900";"";"";"";"60,0";"61,0";"55,0";"";"";"";"1012,0";"1012,2";"1011,9";"1,7";"185,0";"6,0";"1440,80";"0,0"
"17/02/2025";"2000";"";"";"";"62,0";"62,0";"57,0";"";"";"";"1011,9";"1012,0";"1011,8";"1,3";"44,0";"6,0";"732,00";"0,0"
"17/02/2025";"2100";"";"";"";"62,0";"63,0";"60,0";"";"";"";"1012,2";"1012,3";"1011,9";"1,0";"270,0";"3,5";"89,30";"0,0"
"17/02/2025";"2200";"";"";"";"64,0";"64,0";"62,0";"";"";"";"1012,4";"1012,4";"1012,2";"0,8";"270,0";"3,9";"";"0,0"
"17/02/2025";"2300";"";"";"";"64,0";"67,0";"63,0";"";"";"";"1012,8";"1012,8";"1012,4";"0,9";"45,0";"4,1";"";"0,0"
"18/02/2025";"0000";"";"";"";"65,0";"65,0";"63,0";"";"";"";"1012,9";"1013,0";"1012,8";"1,2";"76,0";"5,0";"";"0,0"
"18/02/2025";"0100";"";"";"";"67,0";"67,0";"63,0";"";"";"";"1013,1";"1013,1";"1012,9";"1,4";"75,0";"4,7";"";"0,0"
"18/02/2025";"0200";"";"";"";"67,0";"67,0";"65,0";"";"";"";"1012,8";"1013,1";"1012,8";"1,1";"60,0";"4,6";"";"0,0"
"18/02/2025";"0300";"";"";"";"67,0";"67,0";"64,0";"";"";"";"1012,3";"1012,8";"1012,3";"0,7";"282,0";"4,2";"";"0,0"
"18/02/2025";"0400";"";"";"";"65,0";"67,0";"65,0";"";"";"";"1011,8";"1012,3";"1011,8";"0,8";"219,0";"3,4";"";"0,0"
"18/02/2025";"0500";"";"";"";"69,0";"72,0";"65,0";"";"";"";"1011,3";"1011,8";"1011,3";"0,7";"332,0";"6,0";"";"0,0"
"18/02/2025";"0600";"";"";"";"69,0";"70,0";"66,0";"";"";"";"1010,9";"1011,3";"1010,9";"0,7";"2,0";"2,2";"";"0,0"
"18/02/2025";"0700";"";"";"";"68,0";"69,0";"67,0";"";"";"";"1010,9";"1010,9";"1010,7";"0,7";"44,0";"3,8";"";"0,0"
"18/02/2025";"0800";"";"";"";"70,0";"70,0";"68,0";"";"";"";"1011,3";"1011,3";"1010,8";"0,6";"287,0";"2,1";"";"0,0"
"18/02/2025";"0900";"";"";"";"76,0";"76,0";"68,0";"";"";"";"1012,0";"1012,0";"1011,3";"1,8";"250,0";"2,5";"26,00";"0,0"
"18/02/2025";"1000";"";"";"";"72,0";"77,0";"72,0";"";"";"";"1012,3";"1012,4";"1012,0";"1,4";"257,0";"2,7";"521,80";"0,0"
"18/02/2025";"1100";"";"";"";"53,0";"72,0";"52,0";"";"";"";"1012,6";"1012,6";"1012,3";"1,9";"80,0";"3,5";"1236,80";"0,0"
"18/02/2025";"1200";"";"";"";"54,0";"57,0";"51,0";"";"";"";"1013,0";"1013,1";"1012,6";"1,5";"97,0";"3,8";"1819,40";"0,0"
"18/02/2025";"1300";"";"";"";"54,0";"57,0";"51,0";"";"";"";"1013,2";"1013,2";"1013,0";"1,8";"105,0";"5,1";"2664,00";"0,0"
"18/02/2025";"1400";"";"";"";"50,0";"56,0";"48,0";"";"";"";"1012,9";"1013,2";"1012,9";"1,6";"92,0";"5,5";"2844,60";"0,0"
"18/02/2025";"1500";"";"";"";"48,0";"56,0";"47,0";"";"";"";"1012,6";"1013,0";"1012,6";"1,8";"133,0";"6,0";"2879,50";"0,0"
"18/02/2025";"1600";"";"";"";"49,0";"55,0";"49,0";"";"";"";"1011,8";"1012,6";"1011,8";"1,8";"114,0";"5,9";"2964,10";"0,0"
"18/02/2025";"1700";"";"";"";"59,0";"60,0";"49,0";"";"";"";"1011,3";"1011,8";"1011,3";"3,2";"85,0";"7,7";"2757,40";"0,0"
"18/02/2025";"1800";"";"";"";"57,0";"59,0";"54,0";"";"";"";"1010,9";"1011,3";"1010,8";"2,5";"80,0";"8,5";"2388,40";"0,0"
"18/02/2025";"1900";"";"";"";"55,0";"58,0";"53,0";"";"";"";"1010,5";"1010,9";"1010,4";"1,7";"85,0";"5,5";"1728,50";"0,0"
"18/02/2025";"2000";"";"";"";"56,0";"58,0";"52,0";"";"";"";"1010,7";"1010,7";"1010,5";"1,1";"25,0";"5,8";"978,40";"0,0"
"18/02/2025";"2100";"";"";"";"63,0";"63,0";"56,0";"";"";"";"1010,9";"1011,0";"1010,6";"1,1";"75,0";"4,9";"232,60";"0,0"
"18/02/2025";"2200";"";"";"";"64,0";"65,0";"63,0";"";"";"";"1011,3";"1011,3";"1010,9";"1,4";"20,0";"4,8";"";"0,0"
"18/02/2025";"2300";"";"";"";"";"";"";"";"";"";"";"";"";"";"";"";"";""
"19/02/2025";"0000";"";"";"";"66,0";"66,0";"64,0";"";"";"";"1012,0";"1012,0";"1011,6";"2,6";"85,0";"5,3";"";"0,0"
"19/02/2025";"0100";"";"";"";"66,0";"67,0";"66,0";"";"";"";"1012,4";"1012,5";"1012,0";"2,6";"90,0";"5,4";"";"0,0"
"19/02/2025";"0200";"";"";"";"67,0";"68,0";"66,0";"";"";"";"1012,3";"1012,5";"1012,3";"2,3";"85,0";"5,2";"";"0,0"
"19/02/2025";"0300";"";"";"";"67,0";"69,0";"66,0";"";"";"";"1011,8";"1012,4";"1011,8";"1,7";"81,0";"5,2";"";"0,0"
"19/02/2025";"0400";"";"";"";"67,0";"68,0";"65,0";"";"";"";"1011,0";"1011,8";"1011,0";"2,4";"88,0";"5,0";"";"0,0"
"19/02/2025";"0500";"";"";"";"68,0";"69,0";"66,0";"";"";"";"1010,6";"1011,0";"1010,6";"2,4";"90,0";"5,1";"";"0,0"
"19/02/2025";"0600";"";"";"";"69,0";"70,0";"68,0";"";"";"";"1010,5";"1010,7";"1010,4";"2,1";"89,0";"4,1";"";"0,0"
"19/02/2025";"0700";"";"";"";"70,0";"72,0";"69,0";"";"";"";"1010,7";"1010,8";"1010,5";"2,7";"90,0";"5,2";"";"0,0"
"19/02/2025";"0800";"";"";"";"71,0";"71,0";"67,0";"";"";"";"1011,1";"1011,1";"1010,7";"2,1";"90,0";"4,9";"";"0,0"
"19/02/2025";"0900";"";"";"";"68,0";"71,0";"67,0";"";"";"";"1011,7";"1011,7";"1011,1";"1,9";"85,0";"4,5";"22,20";"0,0"
"19/02/2025";"1000";"";"";"";"67,0";"72,0";"66,0";"";"";"";"1012,6";"1012,6";"1011,7";"2,7";"86,0";"5,3";"566,50";"0,0"
"19/02/2025";"1100";"";"";"";"61,0";"68,0";"61,0";"";"";"";"1013,6";"1013,6";"1012,6";"2,7";"65,0";"5,5";"1055,30";"0,0"
"19/02/2025";"1200";"";"";"";"63,0";"69,0";"61,0";"";"";"";"1014,0";"1014,1";"1013,6";"3,2";"84,0";"6,5";"1266,60";"0,0"
"19/02/2025";"1300";"";"";"";"59,0";"64,0";"54,0";"";"";"";"1013,8";"1014,1";"1013,7";"3,2";"76,0";"7,6";"2669,80";"0,0"
"19/02/2025";"1400";"";"";"";"56,0";"61,0";"53,0";"";"";"";"1013,6";"1013,8";"1013,6";"3,6";"78,0";"7,3";"2520,30";"0,0"
"19/02/2025";"1500";"";"";"";"60,0";"62,0";"55,0";"";"";"";"1013,1";"1013,6";"1013,1";"3,9";"89,0";"7,2";"2998,20";"0,0"
"19/02/2025";"1600";"";"";"";"57,0";"62,0";"53,0";"";"";"";"1012,5";"1013,2";"1012,4";"4,3";"88,0";"7,6";"2974,40";"0,0"
"19/02/2025";"1700";"";"";"";"59,0";"62,0";"56,0";"";"";"";"1011,9";"1012,5";"1011,8";"4,1";"87,0";"7,2";"2772,20";"0,0"
"19/02/2025";"1800";"";"";"";"60,0";"63,0";"57,0";"";"";"";"1011,4";"1011,9";"1011,4";"3,7";"89,0";"7,6";"2361,10";"0,0"
"19/02/2025";"1900";"";"";"";"63,0";"64,0";"57,0";"";"";"";"1011,6";"1011,6";"1011,4";"3,5";"84,0";"7,6";"1712,10";"0,0"
"19/02/2025";"2000";"";"";"";"63,0";"66,0";"62,0";"";"";"";"1012,0";"1012,0";"1011,5";"2,9";"82,0";"7,3";"844,00";"0,0"
"19/02/2025";"2100";"";"";"";"67,0";"67,0";"63,0";"";"";"";"1012,2";"1012,3";"1012,0";"2,6";"82,0";"7,0";"177,40";"0,0"
"19/02/2025";"2200";"";"";"";"67,0";"69,0";"67,0";"";"";"";"1012,7";"1012,7";"1012,2";"3,0";"82,0";"6,9";"";"0,0"
"19/02/2025";"2300";"";"";"";"70,0";"71,0";"67,0";"";"";"";"1013,2";"1013,2";"1012,6";"2,1";"81,0";"6,6";"";"0,0"
"20/02/2025";"0000";"";"";"";"71,0";"72,0";"70,0";"";"";"";"1013,6";"1013,6";"1013,2";"3,4";"85,0";"6,8";"";"0,0"
"20/02/2025";"0100";"";"";"";"70,0";"72,0";"69,0";"";"";"";"1013,6";"1013,7";"1013,5";"3,2";"91,0";"6,8";"";"0,0"
"20/02/2025";"0200";"";"";"";"69,0";"71,0";"68,0";"";"";"";"1013,3";"1013,7";"1013,3";"3,0";"87,0";"6,8";"";"0,0"
"20/02/2025";"0300";"";"";"";"70,0";"70,0";"68,0";"";"";"";"1012,9";"1013,3";"1012,8";"2,5";"79,0";"6,5";"";"0,0"
"20/02/2025";"0400";"";"";"";"70,0";"71,0";"69,0";"";"";"";"1012,2";"1012,9";"1012,2";"2,5";"88,0";"5,0";"";"0,0"
"20/02/2025";"0500";"";"";"";"71,0";"72,0";"70,0";"";"";"";"1011,5";"1012,2";"1011,5";"2,8";"87,0";"5,3";"";"0,0"
"20/02/2025";"0600";"";"";"";"72,0";"73,0";"71,0";"";"";"";"1011,7";"1011,7";"1011,5";"2,5";"77,0";"6,3";"";"0,0"
"20/02/2025";"0700";"";"";"";"72,0";"73,0";"71,0";"";"";"";"1011,6";"1011,7";"1011,4";"2,9";"86,0";"6,3";"";"0,0"
"20/02/2025";"0800";"";"";"";"72,0";"73,0";"72,0";"";"";"";"1012,1";"1012,1";"1011,6";"2,4";"83,0";"5,0";"";"0,0"
"20/02/2025";"0900";"";"";"";"72,0";"74,0";"71,0";"";"";"";"1012,5";"1012,5";"1012,1";"2,6";"89,0";"4,9";"21,60";"0,0"
"20/02/2025";"1000";"";"";"";"67,0";"72,0";"67,0";"";"";"";"1013,2";"1013,2";"1012,5";"1,9";"83,0";"4,6";"469,00";"0,0"
"20/02/2025";"1100";"";"";"";"65,0";"70,0";"64,0";"";"";"";"1013,9";"1013,9";"1013,2";"3,0";"87,0";"5,3";"1174,10";"0,0"
"20/02/2025";"1200";"";"";"";"65,0";"67,0";"62,0";"";"";"";"1014,3";"1014,3";"1013,8";"3,4";"91,0";"6,2";"1884,20";"0,0"
"20/02/2025";"1300";"";"";"";"65,0";"67,0";"58,0";"";"";"";"1014,5";"1014,5";"1014,3";"3,6";"92,0";"6,8";"2052,50";"0,0"
"20/02/2025";"1400";"";"";"";"63,0";"65,0";"59,0";"";"";"";"1014,2";"1014,6";"1014,2";"3,9";"90,0";"6,8";"2891,70";"0,0"
"20/02/2025";"1500";"";"";"";"68,0";"80,0";"60,0";"";"";"";"1013,7";"1014,2";"1013,7";"3,9";"87,0";"7,7";"2440,90";"0,2"
"20/02/2025";"1600";"";"";"";"66,0";"72,0";"62,0";"";"";"";"1013,0";"1013,7";"1013,0";"4,8";"88,0";"9,5";"2732,00";"0,2"
"20/02/2025";"1700";"";"";"";"64,0";"67,0";"62,0";"";"";"";"1012,7";"1013,0";"1012,7";"4,5";"88,0";"8,2";"2806,50";"0,0"
"20/02/2025";"1800";"";"";"";"59,0";"64,0";"57,0";"";"";"";"1012,3";"1012,7";"1012,3";"4,3";"90,0";"7,6";"2364,70";"0,0"
"20/02/2025";"1900";"";"";"";"67,0";"67,0";"59,0";"";"";"";"1012,3";"1012,4";"1012,2";"4,8";"90,0";"8,5";"1680,60";"0,0"
"20/02/2025";"2000";"";"";"";"66,0";"69,0";"65,0";"";"";"";"1012,7";"1012,7";"1012,2";"4,4";"89,0";"8,5";"895,50";"0,0"
"20/02/2025";"2100";"";"";"";"65,0";"66,0";"60,0";"";"";"";"1013,2";"1013,2";"1012,7";"4,1";"90,0";"8,0";"127,00";"0,0"
"20/02/2025";"2200";"";"";"";"67,0";"68,0";"65,0";"";"";"";"1013,6";"1013,6";"1013,1";"4,0";"89,0";"8,0";"";"0,0"
"20/02/2025";"2300";"";"";"";"69,0";"70,0";"67,0";"";"";"";"1014,3";"1014,3";"1013,6";"3,7";"91,0";"8,0";"";"0,0"
"21/02/2025";"0000";"";"";"";"71,0";"71,0";"68,0";"";"";"";"1014,8";"1014,8";"1014,3";"2,2";"77,0";"8,1";"";"0,0"
"21/02/2025";"0100";"";"";"";"72,0";"73,0";"67,0";"";"";"";"1015,1";"1015,3";"1014,8";"4,6";"90,0";"8,2";"";"0,0"
"21/02/2025";"0200";"";"";"";"76,0";"79,0";"72,0";"";"";"";"1014,7";"1015,1";"1014,7";"3,9";"83,0";"8,0";"";"0,0"
"21/02/2025";"0300";"";"";"";"71,0";"78,0";"71,0";"";"";"";"1014,0";"1014,7";"1014,0";"3,7";"73,0";"8,1";"";"0,0"
"21/02/2025";"0400";"";"";"";"77,0";"77,0";"71,0";"";"";"";"1013,2";"1014,0";"1013,1";"2,8";"73,0";"7,8";"";"0,0"
"21/02/2025";"0500";"";"";"";"77,0";"78,0";"76,0";"";"";"";"1012,5";"1013,2";"1012,5";"2,4";"81,0";"5,4";"";"0,0"
"21/02/2025";"0600";"";"";"";"67,0";"77,0";"67,0";"";"";"";"1012,3";"1012,5";"1012,2";"3,8";"89,0";"6,6";"";"0,0"
"21/02/2025";"0700";"";"";"";"70,0";"70,0";"64,0";"";"";"";"1012,3";"1012,4";"1012,2";"2,9";"87,0";"7,0";"";"0,0"
"21/02/2025";"0800";"";"";"";"68,0";"72,0";"67,0";"";"";"";"1012,5";"1012,6";"1012,2";"3,4";"89,0";"7,1";"";"0,0"
"21/02/2025";"0900";"";"";"";"69,0";"69,0";"65,0";"";"";"";"1012,9";"1012,9";"1012,5";"3,0";"87,0";"6,4";"9,30";"0,0"
"21/02/2025";"1000";"";"";"";"78,0";"78,0";"67,0";"";"";"";"1013,7";"1013,7";"1012,8";"1,7";"344,0";"9,2";"131,60";"0,0"
"21/02/2025";"1100";"";"";"";"78,0";"81,0";"71,0";"";"";"";"1014,5";"1014,5";"1013,6";"4,6";"85,0";"7,2";"500,40";"0,0"
"21/02/2025";"1200";"";"";"";"75,0";"84,0";"74,0";"";"";"";"1014,4";"1014,6";"1014,4";"2,5";"55,0";"7,2";"876,10";"0,0"
"21/02/2025";"1300";"";"";"";"66,0";"76,0";"65,0";"";"";"";"1014,2";"1014,6";"1014,2";"2,8";"65,0";"5,8";"1824,90";"0,0"
"21/02/2025";"1400";"";"";"";"62,0";"68,0";"62,0";"";"";"";"1013,9";"1014,2";"1013,9";"2,6";"64,0";"5,4";"2217,00";"0,0"
"21/02/2025";"1500";"";"";"";"64,0";"64,0";"58,0";"";"";"";"1013,3";"1013,9";"1013,3";"3,1";"87,0";"5,6";"3011,90";"0,0"
"21/02/2025";"1600";"";"";"";"53,0";"64,0";"53,0";"";"";"";"1012,6";"1013,3";"1012,6";"3,4";"84,0";"7,5";"2962,10";"0,0"
"21/02/2025";"1700";"";"";"";"54,0";"58,0";"52,0";"";"";"";"1012,2";"1012,6";"1012,1";"3,1";"82,0";"7,3";"2812,50";"0,0"
"21/02/2025";"1800";"";"";"";"55,0";"57,0";"53,0";"";"";"";"1012,0";"1012,2";"1012,0";"2,9";"79,0";"6,3";"2365,70";"0,0"
"21/02/2025";"1900";"";"";"";"55,0";"57,0";"52,0";"";"";"";"1012,1";"1012,1";"1012,0";"2,9";"79,0";"6,2";"1685,20";"0,0"
"21/02/2025";"2000";"";"";"";"58,0";"59,0";"55,0";"";"";"";"1012,3";"1012,3";"1012,0";"2,1";"74,0";"5,8";"870,60";"0,0"
"21/02/2025";"2100";"";"";"";"61,0";"62,0";"58,0";"";"";"";"1012,5";"1012,6";"1012,2";"2,6";"86,0";"6,2";"205,60";"0,0"
"21/02/2025";"2200";"";"";"";"64,0";"64,0";"60,0";"";"";"";"1012,9";"1012,9";"1012,5";"2,3";"81,0";"5,8";"";"0,0"
"21/02/2025";"2300";"";"";"";"64,0";"65,0";"64,0";"";"";"";"1013,8";"1013,8";"1012,9";"1,9";"81,0";"5,8";"";"0,0"
"22/02/2025";"0000";"";"";"";"62,0";"65,0";"62,0";"";"";"";"1014,2";"1014,2";"1013,8";"1,6";"84,0";"5,0";"";"0,0"
"22/02/2025";"0100";"";"";"";"66,0";"66,0";"63,0";"";"";"";"1014,7";"1014,7";"1014,2";"1,1";"70,0";"4,4";"";"0,0"
"22/02/2025";"0200";"";"";"";"65,0";"68,0";"63,0";"";"";"";"1014,5";"1014,7";"1014,5";"1,6";"77,0";"5,3";"";"0,0"
"22/02/2025";"0300";"";"";"";"66,0";"67,0";"65,0";"";"";"";"1013,7";"1014,5";"1013,7";"1,1";"63,0";"4,3";"";"0,0"
"22/02/2025";"0400";"";"";"";"71,0";"71,0";"66,0";"";"";"";"1013,1";"1013,7";"1013,1";"1,4";"200,0";"3,4";"";"0,0"
"22/02/2025";"0500";"";"";"";"71,0";"72,0";"71,0";"";"";"";"1012,6";"1013,2";"1012,5";"0,6";"222,0";"3,4";"";"0,0"
"22/02/2025";"0600";"";"";"";"80,0";"80,0";"69,0";"";"";"";"1012,6";"1012,7";"1012,5";"0,7";"270,0";"5,0";"";"0,0"
"22/02/2025";"0700";"";"";"";"81,0";"81,0";"77,0";"";"";"";"1012,7";"1012,7";"1012,5";"1,2";"244,0";"2,1";"";"0,0"
"22/02/2025";"0800";"";"";"";"81,0";"82,0";"81,0";"";"";"";"1013,0";"1013,0";"1012,7";"1,1";"244,0";"2,6";"";"0,0"
"22/02/2025";"0900";"";"";"";"81,0";"81,0";"81,0";"";"";"";"1013,2";"1013,2";"1013,0";"1,0";"227,0";"2,0";"26,80";"0,0"
"22/02/2025";"1000";"";"";"";"63,0";"81,0";"61,0";"";"";"";"1013,6";"1013,6";"1013,2";"0,8";"332,0";"2,5";"574,70";"0,0"
"22/02/2025";"1100";"";"";"";"59,0";"63,0";"58,0";"";"";"";"1014,1";"1014,1";"1013,6";"1,8";"65,0";"5,8";"1316,50";"0,0"
"22/02/2025";"1200";"";"";"";"54,0";"61,0";"53,0";"";"";"";"1014,4";"1014,4";"1014,1";"2,4";"79,0";"6,2";"2028,10";"0,0"
"22/02/2025";"1300";"";"";"";"53,0";"61,0";"52,0";"";"";"";"1014,5";"1014,5";"1014,4";"1,9";"88,0";"6,1";"2558,90";"0,0"
"22/02/2025";"1400";"";"";"";"50,0";"59,0";"48,0";"";"";"";"1014,1";"1014,5";"1014,0";"2,2";"91,0";"5,9";"2555,20";"0,0"
"22/02/2025";"1500";"";"";"";"53,0";"54,0";"45,0";"";"";"";"1013,4";"1014,1";"1013,4";"2,4";"97,0";"6,3";"2965,70";"0,0"
"22/02/2025";"1600";"";"";"";"53,0";"62,0";"48,0";"";"";"";"1012,6";"1013,4";"1012,6";"2,3";"175,0";"6,6";"2530,70";"0,0"
"22/02/2025";"1700";"";"";"";"56,0";"58,0";"52,0";"";"";"";"1012,3";"1012,6";"1012,3";"1,7";"166,0";"6,4";"2629,20";"0,0"
"22/02/2025";"1800";"";"";"";"56,0";"57,0";"51,0";"";"";"";"1012,0";"1012,3";"1011,9";"2,2";"194,0";"8,0";"2382,10";"0,0"
"22/02/2025";"1900";"";"";"";"58,0";"59,0";"53,0";"";"";"";"1011,7";"1012,0";"1011,6";"2,5";"183,0";"8,0";"1725,20";"0,0"
"22/02/2025";"2000";"";"";"";"63,0";"64,0";"58,0";"";"";"";"1011,9";"1011,9";"1011,7";"2,0";"191,0";"7,0";"829,50";"0,0"
"22/02/2025";"2100";"";"";"";"67,0";"67,0";"63,0";"";"";"";"1012,1";"1012,1";"1011,9";"1,3";"231,0";"5,0";"128,20";"0,0"
"22/02/2025";"2200";"";"";"";"71,0";"71,0";"67,0";"";"";"";"1012,6";"1012,6";"1012,1";"0,6";"348,0";"3,5";"";"0,0"
"22/02/2025";"2300";"";"";"";"73,0";"73,0";"70,0";"";"";"";"1013,0";"1013,0";"1012,6";"0,6";"339,0";"3,3";"";"0,0"
"23/02/2025";"0000";"";"";"";"73,0";"76,0";"73,0";"";"";"";"1013,4";"1013,4";"1013,0";"0,8";"325,0";"4,0";"";"0,0"
"23/02/2025";"0100";"";"";"";"70,0";"73,0";"70,0";"";"";"";"1013,9";"1013,9";"1013,4";"1,7";"82,0";"5,0";"";"0,0"
"23/02/2025";"0200";"";"";"";"70,0";"71,0";"69,0";"";"";"";"1013,9";"1014,0";"1013,7";"2,2";"85,0";"5,1";"";"0,0"
"23/02/2025";"0300";"";"";"";"72,0";"73,0";"70,0";"";"";"";"1013,2";"1013,9";"1013,2";"2,7";"85,0";"6,3";"";"0,0"
"23/02/2025";"0400";"";"";"";"76,0";"76,0";"71,0";"";"";"";"1012,5";"1013,3";"1012,4";"3,3";"88,0";"6,4";"";"0,0"
"23/02/2025";"0500";"";"";"";"69,0";"76,0";"69,0";"";"";"";"1012,2";"1012,5";"1012,2";"2,1";"64,0";"6,4";"";"0,0"
"23/02/2025";"0600";"";"";"";"72,0";"76,0";"69,0";"";"";"";"1012,1";"1012,2";"1012,1";"3,3";"90,0";"9,1";"";"0,0"
"23/02/2025";"0700";"";"";"";"69,0";"72,0";"69,0";"";"";"";"1011,8";"1012,1";"1011,8";"3,1";"89,0";"6,4";"";"0,0"
"23/02/2025";"0800";"";"";"";"65,0";"71,0";"64,0";"";"";"";"1011,9";"1012,0";"1011,8";"2,7";"86,0";"5,4";"";"0,0"
"23/02/2025";"0900";"";"";"";"64,0";"66,0";"62,0";"";"";"";"1012,3";"1012,3";"1011,9";"2,4";"87,0";"5,8";"26,00";"0,0"
"23/02/2025";"1000";"";"";"";"63,0";"64,0";"60,0";"";"";"";"1013,0";"1013,0";"1012,3";"2,2";"86,0";"7,1";"460,20";"0,0"
"23/02/2025";"1100";"";"";"";"59,0";"63,0";"57,0";"";"";"";"1013,8";"1013,8";"1013,0";"3,1";"83,0";"6,1";"1340,40";"0,0"
"23/02/2025";"1200";"";"";"";"52,0";"61,0";"52,0";"";"";"";"1014,2";"1014,3";"1013,7";"3,5";"86,0";"6,9";"1993,00";"0,0"
"23/02/2025";"1300";"";"";"";"55,0";"59,0";"50,0";"";"";"";"1014,2";"1014,4";"1014,2";"3,4";"83,0";"6,6";"2550,10";"0,0"
"23/02/2025";"1400";"";"";"";"52,0";"60,0";"52,0";"";"";"";"1014,1";"1014,3";"1014,1";"2,9";"79,0";"6,7";"2485,90";"0,0"
"23/02/2025";"1500";"";"";"";"53,0";"56,0";"51,0";"";"";"";"1013,2";"1014,1";"1013,2";"2,1";"95,0";"6,5";"3026,00";"0,0"
"23/02/2025";"1600";"";"";"";"51,0";"55,0";"48,0";"";"";"";"1012,5";"1013,2";"1012,4";"2,4";"98,0";"6,5";"3038,00";"0,0"
"23/02/2025";"1700";"";"";"";"50,0";"54,0";"49,0";"";"";"";"1012,0";"1012,5";"1012,0";"2,3";"86,0";"6,3";"2814,60";"0,0"
"23/02/2025";"1800";"";"";"";"50,0";"55,0";"47,0";"";"";"";"1011,4";"1012,0";"1011,4";"1,6";"160,0";"6,5";"2258,40";"0,0"
"23/02/2025";"1900";"";"";"";"53,0";"55,0";"48,0";"";"";"";"1011,1";"1011,4";"1011,1";"1,3";"150,0";"5,7";"1668,50";"0,0"
"23/02/2025";"2000";"";"";"";"58,0";"58,0";"51,0";"";"";"";"1011,4";"1011,4";"1011,0";"1,1";"203,0";"5,7";"925,20";"0,0"
"23/02/2025";"2100";"";"";"";"62,0";"62,0";"56,0";"";"";"";"1011,8";"1011,8";"1011,4";"1,3";"194,0";"4,8";"179,50";"0,0"
"23/02/2025";"2200";"";"";"";"65,0";"65,0";"62,0";"";"";"";"1012,0";"1012,0";"1011,7";"1,2";"182,0";"4,8";"";"0,0"
"23/02/2025";"2300";"";"";"";"65,0";"66,0";"65,0";"";"";"";"1012,5";"1012,5";"1011,9";"1,1";"200,0";"5,1";"";"0,0"
"24/02/2025";"0000";"";"";"";"66,0";"66,0";"65,0";"";"";"";"1013,3";"1013,3";"1012,5";"1,0";"216,0";"3,7";"";"0,0"
"24/02/2025";"0100";"";"";"";"81,0";"81,0";"66,0";"";"";"";"1013,5";"1013,8";"1013,3";"0,8";"278,0";"4,5";"";"0,2"
"24/02/2025";"0200";"";"";"";"80,0";"81,0";"79,0";"";"";"";"1013,1";"1013,5";"1013,1";"0,9";"335,0";"2,8";"";"0,0"
"24/02/2025";"0300";"";"";"";"74,0";"80,0";"74,0";"";"";"";"1012,6";"1013,1";"1012,6";"1,1";"61,0";"3,5";"";"0,0"
"24/02/2025";"0400";"";"";"";"76,0";"81,0";"74,0";"";"";"";"1012,1";"1012,6";"1012,1";"3,4";"89,0";"10,2";"";"0,0"
"24/02/2025";"0500";"";"";"";"74,0";"77,0";"74,0";"";"";"";"1011,7";"1012,1";"1011,6";"1,8";"80,0";"6,0";"";"0,0"
"24/02/2025";"0600";"";"";"";"72,0";"74,0";"72,0";"";"";"";"1011,1";"1011,7";"1011,1";"1,8";"80,0";"4,0";"";"0,0"
"24/02/2025";"0700";"";"";"";"72,0";"72,0";"71,0";"";"";"";"1011,4";"1011,4";"1011,0";"2,3";"89,0";"4,8";"";"0,0"
"24/02/2025";"0800";"";"";"";"69,0";"72,0";"69,0";"";"";"";"1011,9";"1011,9";"1011,3";"2,3";"91,0";"4,5";"";"0,0"
"24/02/2025";"0900";"";"";"";"80,0";"80,0";"69,0";"";"";"";"1012,2";"1012,2";"1011,8";"0,4";"339,0";"4,0";"16,40";"0,0"
"24/02/2025";"1000";"";"";"";"77,0";"81,0";"77,0";"";"";"";"1012,9";"1012,9";"1012,2";"0,8";"273,0";"2,5";"406,90";"0,0"
"24/02/2025";"1100";"";"";"";"66,0";"77,0";"65,0";"";"";"";"1013,5";"1013,5";"1012,9";"1,8";"74,0";"4,1";"976,80";"0,0"
"24/02/2025";"1200";"";"";"";"61,0";"66,0";"58,0";"";"";"";"1013,8";"1013,9";"1013,5";"3,0";"96,0";"5,3";"1865,20";"0,0"
"24/02/2025";"1300";"";"";"";"57,0";"62,0";"56,0";"";"";"";"1013,9";"1013,9";"1013,8";"3,2";"92,0";"5,6";"2530,00";"0,0"
"24/02/2025";"1400";"";"";"";"54,0";"57,0";"51,0";"";"";"";"1013,7";"1013,9";"1013,7";"3,0";"93,0";"5,8";"2834,80";"0,0"
"24/02/2025";"1500";"";"";"";"53,0";"57,0";"51,0";"";"";"";"1013,0";"1013,7";"1013,0";"3,0";"86,0";"6,2";"2933,70";"0,0"
"24/02/2025";"1600";"";"";"";"57,0";"57,0";"52,0";"";"";"";"1011,9";"1013,0";"1011,8";"3,9";"87,0";"7,0";"2947,90";"0,0"
"24/02/2025";"1700";"";"";"";"54,0";"57,0";"52,0";"";"";"";"1011,4";"1011,9";"1011,4";"3,5";"85,0";"7,0";"2814,70";"0,0"
"24/02/2025";"1800";"";"";"";"59,0";"61,0";"53,0";"";"";"";"1011,3";"1011,5";"1011,3";"1,8";"82,0";"6,8";"2225,80";"0,0"
"24/02/2025";"1900";"";"";"";"64,0";"64,0";"50,0";"";"";"";"1011,5";"1011,5";"1011,3";"1,8";"77,0";"7,4";"1483,20";"0,0"
"24/02/2025";"2000";"";"";"";"62,0";"65,0";"62,0";"";"";"";"1011,9";"1012,0";"1011,5";"1,3";"24,0";"6,3";"465,30";"0,0"
"24/02/2025";"2100";"";"";"";"64,0";"64,0";"60,0";"";"";"";"1012,4";"1012,4";"1011,9";"1,0";"140,0";"4,7";"141,60";"0,0"
"24/02/2025";"2200";"";"";"";"67,0";"67,0";"63,0";"";"";"";"1012,7";"1012,8";"1012,3";"0,9";"34,0";"3,7";"";"0,0"
"24/02/2025";"2300";"";"";"";"68,0";"68,0";"67,0";"";"";"";"1013,6";"1013,6";"1012,7";"0,9";"163,0";"3,3";"";"0,0"
"25/02/2025";"0000";"";"";"";"67,0";"70,0";"66,0";"";"";"";"1014,0";"1014,0";"1013,6";"2,0";"78,0";"5,0";"";"0,0"
"25/02/2025";"0100";"";"";"";"68,0";"69,0";"67,0";"";"";"";"1014,6";"1014,7";"1014,0";"1,7";"82,0";"5,5";"";"0,0"
"25/02/2025";"0200";"";"";"";"67,0";"69,0";"67,0";"";"";"";"1014,5";"1014,7";"1014,4";"1,7";"75,0";"4,5";"";"0,0"
"25/02/2025";"0300";"";"";"";"68,0";"69,0";"67,0";"";"";"";"1013,8";"1014,5";"1013,8";"1,7";"86,0";"5,4";"";"0,0"
"25/02/2025";"0400";"";"";"";"70,0";"71,0";"68,0";"";"";"";"1013,2";"1013,8";"1013,2";"1,0";"52,0";"4,3";"";"0,0"
"25/02/2025";"0500";"";"";"";"81,0";"81,0";"69,0";"";"";"";"1012,6";"1013,2";"1012,6";"0,6";"261,0";"8,7";"";"0,2"
"25/02/2025";"0600";"";"";"";"79,0";"83,0";"79,0";"";"";"";"1012,2";"1012,6";"1012,2";"0,8";"57,0";"3,2";"";"0,0"
"25/02/2025";"0700";"";"";"";"85,0";"85,0";"77,0";"";"";"";"1012,6";"1012,7";"1012,2";"1,6";"61,0";"5,7";"";"3,6"
"25/02/2025";"0800";"";"";"";"87,0";"87,0";"85,0";"";"";"";"1012,9";"1012,9";"1012,6";"1,1";"236,0";"3,7";"";"0,0"
"25/02/2025";"0900";"";"";"";"87,0";"88,0";"87,0";"";"";"";"1013,5";"1013,5";"1012,9";"2,1";"31,0";"5,7";"11,40";"0,2"
"25/02/2025";"1000";"";"";"";"82,0";"87,0";"82,0";"";"";"";"1014,5";"1014,5";"1013,5";"2,0";"24,0";"5,7";"194,60";"0,0"
"25/02/2025";"1100";"";"";"";"85,0";"86,0";"81,0";"";"";"";"1015,2";"1015,2";"1014,5";"0,8";"327,0";"6,4";"692,60";"1,4"
"25/02/2025";"1200";"";"";"";"75,0";"84,0";"71,0";"";"";"";"1015,3";"1015,4";"1015,1";"1,9";"40,0";"8,5";"1529,90";"0,6"
"25/02/2025";"1300";"";"";"";"69,0";"76,0";"66,0";"";"";"";"1015,4";"1015,5";"1015,3";"3,1";"79,0";"5,2";"2521,20";"0,0"
"25/02/2025";"1400";"";"";"";"65,0";"70,0";"64,0";"";"";"";"1015,0";"1015,5";"1015,0";"3,1";"86,0";"5,9";"2703,80";"0,0"
"25/02/2025";"1500";"";"";"";"60,0";"65,0";"58,0";"";"";"";"1014,2";"1015,1";"1014,2";"4,1";"90,0";"7,1";"2966,40";"0,0"
"25/02/2025";"1600";"";"";"";"59,0";"62,0";"57,0";"";"";"";"1013,4";"1014,3";"1013,3";"3,6";"84,0";"7,5";"3087,80";"0,0"
"25/02/2025";"1700";"";"";"";"54,0";"62,0";"54,0";"";"";"";"1012,8";"1013,4";"1012,8";"2,6";"81,0";"7,0";"2804,10";"0,0"
"25/02/2025";"1800";"";"";"";"58,0";"59,0";"53,0";"";"";"";"1012,5";"1012,8";"1012,4";"3,3";"84,0";"7,0";"2374,20";"0,0"
"25/02/2025";"1900";"";"";"";"61,0";"62,0";"56,0";"";"";"";"1012,6";"1012,6";"1012,4";"2,1";"83,0";"7,2";"1673,40";"0,0"
"25/02/2025";"2000";"";"";"";"63,0";"63,0";"59,0";"";"";"";"1012,7";"1012,7";"1012,5";"2,7";"83,0";"6,7";"985,50";"0,0"
"25/02/2025";"2100";"";"";"";"71,0";"71,0";"62,0";"";"";"";"1013,4";"1013,4";"1012,7";"1,1";"14,0";"8,6";"153,60";"0,0"
"25/02/2025";"2200";"";"";"";"69,0";"71,0";"67,0";"";"";"";"1013,8";"1013,8";"1013,4";"2,2";"82,0";"5,5";"";"0,0"
"25/02/2025";"2300";"";"";"";"71,0";"73,0";"69,0";"";"";"";"1014,4";"1014,4";"1013,7";"2,6";"85,0";"5,0";"";"0,0"
"26/02/2025";"0000";"";"";"";"72,0";"73,0";"65,0";"";"";"";"1014,8";"1014,8";"1014,4";"2,2";"83,0";"7,0";"";"0,0"
"26/02/2025";"0100";"";"";"";"66,0";"73,0";"66,0";"";"";"";"1014,9";"1015,0";"1014,8";"3,4";"87,0";"6,1";"";"0,0"
"26/02/2025";"0200";"";"";"";"68,0";"68,0";"65,0";"";"";"";"1014,5";"1015,0";"1014,5";"3,2";"89,0";"6,6";"";"0,0"
"26/02/2025";"0300";"";"";"";"69,0";"70,0";"66,0";"";"";"";"1014,0";"1014,5";"1014,0";"2,3";"87,0";"6,6";"";"0,0"
"26/02/2025";"0400";"";"";"";"72,0";"72,0";"67,0";"";"";"";"1013,4";"1014,0";"1013,4";"1,0";"56,0";"5,7";"";"0,0"
"26/02/2025";"0500";"";"";"";"75,0";"76,0";"70,0";"";"";"";"1012,6";"1013,4";"1012,6";"0,8";"353,0";"4,5";"";"0,0"
"26/02/2025";"0600";"";"";"";"70,0";"75,0";"69,0";"";"";"";"1012,1";"1012,6";"1012,1";"2,3";"85,0";"5,0";"";"0,0"
"26/02/2025";"0700";"";"";"";"69,0";"71,0";"69,0";"";"";"";"1012,2";"1012,3";"1012,0";"1,5";"83,0";"5,0";"";"0,0"
"26/02/2025";"0800";"";"";"";"73,0";"73,0";"68,0";"";"";"";"1012,6";"1012,7";"1012,2";"0,6";"268,0";"4,1";"";"0,0"
"26/02/2025";"0900";"";"";"";"80,0";"80,0";"73,0";"";"";"";"1013,0";"1013,0";"1012,6";"0,7";"285,0";"1,8";"43,10";"0,0"
"26/02/2025";"1000";"";"";"";"66,0";"80,0";"64,0";"";"";"";"1013,7";"1013,7";"1013,0";"1,0";"90,0";"3,6";"504,30";"0,0"
"26/02/2025";"1100";"";"";"";"58,0";"68,0";"57,0";"";"";"";"1014,4";"1014,4";"1013,7";"1,8";"86,0";"4,8";"1289,30";"0,0"
"26/02/2025";"1200";"";"";"";"61,0";"66,0";"56,0";"";"";"";"1014,9";"1014,9";"1014,3";"1,5";"70,0";"6,4";"1739,70";"0,0"
"26/02/2025";"1300";"";"";"";"54,0";"61,0";"53,0";"";"";"";"1015,0";"1015,1";"1014,9";"1,3";"234,0";"5,6";"2549,70";"0,0"
"26/02/2025";"1400";"";"";"";"53,0";"58,0";"49,0";"";"";"";"1015,1";"1015,1";"1014,9";"2,3";"85,0";"5,4";"2915,10";"0,0"
"26/02/2025";"1500";"";"";"";"55,0";"60,0";"50,0";"";"";"";"1014,3";"1015,1";"1014,3";"1,7";"156,0";"5,9";"2604,50";"0,0"
"26/02/2025";"1600";"";"";"";"54,0";"57,0";"52,0";"";"";"";"1013,5";"1014,4";"1013,5";"2,3";"79,0";"5,9";"2732,40";"0,0"
"26/02/2025";"1700";"";"";"";"54,0";"56,0";"50,0";"";"";"";"1013,0";"1013,6";"1013,0";"1,8";"126,0";"5,7";"2750,40";"0,0"
"26/02/2025";"1800";"";"";"";"56,0";"62,0";"51,0";"";"";"";"1012,5";"1013,0";"1012,5";"1,6";"89,0";"7,1";"2253,80";"0,0"
"26/02/2025";"1900";"";"";"";"61,0";"63,0";"55,0";"";"";"";"1012,5";"1012,7";"1012,5";"1,3";"336,0";"6,2";"1312,70";"0,0"
"26/02/2025";"2000";"";"";"";"64,0";"67,0";"56,0";"";"";"";"1012,8";"1012,8";"1012,4";"1,3";"280,0";"5,3";"710,20";"0,0"
"26/02/2025";"2100";"";"";"";"67,0";"69,0";"63,0";"";"";"";"1013,1";"1013,1";"1012,8";"1,3";"226,0";"4,9";"98,80";"0,0"
"26/02/2025";"2200";"";"";"";"71,0";"72,0";"66,0";"";"";"";"1013,5";"1013,5";"1013,1";"0,8";"233,0";"3,9";"";"0,0"
"26/02/2025";"2300";"";"";"";"70,0";"71,0";"67,0";"";"";"";"1013,7";"1013,8";"1013,4";"1,3";"281,0";"3,5";"";"0,0"
"27/02/2025";"0000";"";"";"";"67,0";"71,0";"67,0";"";"";"";"1014,2";"1014,2";"1013,7";"1,2";"282,0";"3,4";"";"0,0"
"27/02/2025";"0100";"";"";"";"70,0";"71,0";"67,0";"";"";"";"1014,3";"1014,3";"1014,1";"1,2";"280,0";"3,5";"";"0,0"
"27/02/2025";"0200";"";"";"";"69,0";"70,0";"68,0";"";"";"";"1013,8";"1014,3";"1013,8";"1,3";"72,0";"3,9";"";"0,0"
"27/02/2025";"0300";"";"";"";"68,0";"70,0";"68,0";"";"";"";"1013,2";"1013,8";"1013,2";"1,8";"77,0";"5,3";"";"0,0"
"27/02/2025";"0400";"";"";"";"84,0";"84,0";"68,0";"";"";"";"1012,7";"1013,2";"1012,7";"2,0";"74,0";"7,4";"";"0,4"
"27/02/2025";"0500";"";"";"";"84,0";"86,0";"81,0";"";"";"";"1011,9";"1012,7";"1011,9";"2,1";"77,0";"9,8";"";"3,4"
"27/02/2025";"0600";"";"";"";"77,0";"87,0";"77,0";"";"";"";"1011,3";"1011,9";"1011,3";"2,8";"83,0";"5,3";"";"0,6"
"27/02/2025";"0700";"";"";"";"73,0";"77,0";"71,0";"";"";"";"1011,3";"1011,5";"1011,3";"1,4";"75,0";"5,8";"";"0,0"
"27/02/2025";"0800";"";"";"";"71,0";"75,0";"70,0";"";"";"";"1011,5";"1011,5";"1011,3";"1,7";"80,0";"4,9";"";"0,0"
"27/02/2025";"0900";"";"";"";"71,0";"72,0";"69,0";"";"";"";"1011,9";"1011,9";"1011,5";"1,3";"66,0";"5,1";"12,90";"0,0"
"27/02/2025";"1000";"";"";"";"71,0";"72,0";"70,0";"";"";"";"1012,4";"1012,4";"1011,9";"3,1";"82,0";"6,2";"260,30";"0,0"
"27/02/2025";"1100";"";"";"";"63,0";"71,0";"63,0";"";"";"";"1013,0";"1013,1";"1012,4";"1,6";"75,0";"6,4";"1372,40";"0,0"
"27/02/2025";"1200";"";"";"";"59,0";"68,0";"58,0";"";"";"";"1013,4";"1013,4";"1013,0";"2,0";"83,0";"5,4";"1432,70";"0,0"
"27/02/2025";"1300";"";"";"";"60,0";"64,0";"59,0";"";"";"";"1013,4";"1013,4";"1013,3";"2,8";"79,0";"7,8";"2194,80";"0,0"
"27/02/2025";"1400";"";"";"";"59,0";"64,0";"55,0";"";"";"";"1013,5";"1013,6";"1013,4";"1,6";"72,0";"7,8";"2463,90";"0,0"
"27/02/2025";"1500";"";"";"";"59,0";"61,0";"56,0";"";"";"";"1012,8";"1013,5";"1012,8";"2,4";"80,0";"6,6";"3018,30";"0,0"
"27/02/2025";"1600";"";"";"";"54,0";"63,0";"54,0";"";"";"";"1012,2";"1012,8";"1012,2";"2,0";"97,0";"6,4";"2339,40";"0,0"
"27/02/2025";"1700";"";"";"";"55,0";"59,0";"52,0";"";"";"";"1011,7";"1012,2";"1011,6";"3,3";"84,0";"7,6";"2753,00";"0,0"
"27/02/2025";"1800";"";"";"";"56,0";"60,0";"52,0";"";"";"";"1011,4";"1011,7";"1011,3";"1,6";"96,0";"7,6";"2257,40";"0,0"
"27/02/2025";"1900";"";"";"";"71,0";"80,0";"56,0";"";"";"";"1011,3";"1011,5";"1011,2";"0,7";"359,0";"9,4";"1210,30";"2,0"
"27/02/2025";"2000";"";"";"";"65,0";"73,0";"64,0";"";"";"";"1011,3";"1011,4";"1011,2";"1,3";"77,0";"4,8";"557,00";"0,0"
"27/02/2025";"2100";"";"";"";"71,0";"72,0";"64,0";"";"";"";"1011,6";"1011,6";"1011,3";"1,0";"343,0";"4,8";"155,80";"0,0"
"27/02/2025";"2200";"";"";"";"72,0";"73,0";"69,0";"";"";"";"1011,8";"1011,8";"1011,6";"1,1";"340,0";"3,2";"";"0,0"
"27/02/2025";"2300";"";"";"";"71,0";"72,0";"69,0";"";"";"";"1012,3";"1012,3";"1011,8";"0,9";"338,0";"3,5";"";"0,0"
"28/02/2025";"0000";"";"";"";"72,0";"72,0";"68,0";"";"";"";"1012,6";"1012,6";"1012,2";"1,3";"333,0";"5,0";"";"0,0"
"28/02/2025";"0100";"";"";"";"69,0";"73,0";"69,0";"";"";"";"1013,2";"1013,3";"1012,6";"1,2";"48,0";"4,3";"";"0,0"
"28/02/2025";"0200";"";"";"";"69,0";"69,0";"67,0";"";"";"";"1012,7";"1013,3";"1012,6";"2,0";"76,0";"6,2";"";"0,0"
"28/02/2025";"0300";"";"";"";"70,0";"72,0";"65,0";"";"";"";"1012,4";"1012,7";"1012,4";"2,5";"84,0";"7,3";"";"0,0"
"28/02/2025";"0400";"";"";"";"69,0";"71,0";"67,0";"";"";"";"1011,7";"1012,4";"1011,6";"2,3";"74,0";"6,2";"";"0,0"
"28/02/2025";"0500";"";"";"";"67,0";"71,0";"66,0";"";"";"";"1011,2";"1011,7";"1011,1";"3,5";"85,0";"6,9";"";"0,0"
"28/02/2025";"0600";"";"";"";"67,0";"73,0";"67,0";"";"";"";"1011,0";"1011,3";"1011,0";"3,1";"87,0";"8,2";"";"0,0"
"28/02/2025";"0700";"";"";"";"68,0";"69,0";"65,0";"";"";"";"1010,8";"1011,0";"1010,8";"3,1";"88,0";"7,0";"";"0,0"
"28/02/2025";"0800";"";"";"";"70,0";"74,0";"67,0";"";"";"";"1011,2";"1011,3";"1010,8";"2,3";"83,0";"6,7";"";"0,0"
"28/02/2025";"0900";"";"";"";"66,0";"70,0";"62,0";"";"";"";"1011,4";"1011,4";"1011,1";"2,7";"87,0";"7,2";"8,60";"0,0"
"28/02/2025";"1000";"";"";"";"73,0";"80,0";"65,0";"";"";"";"1012,2";"1012,2";"1011,4";"4,6";"89,0";"8,5";"237,30";"1,2"
"28/02/2025";"1100";"";"";"";"65,0";"73,0";"57,0";"";"";"";"1013,2";"1013,2";"1012,2";"2,0";"89,0";"8,5";"580,40";"0,0"
"28/02/2025";"1200";"";"";"";"65,0";"66,0";"53,0";"";"";"";"1013,5";"1013,6";"1013,2";"1,7";"25,0";"6,5";"1459,30";"0,0"
"28/02/2025";"1300";"";"";"";"54,0";"66,0";"50,0";"";"";"";"1013,5";"1013,5";"1013,4";"2,1";"78,0";"5,5";"2395,10";"0,0"
"28/02/2025";"1400";"";"";"";"60,0";"66,0";"54,0";"";"";"";"1013,8";"1013,9";"1013,4";"3,0";"75,0";"10,2";"2157,10";"0,0"
"28/02/2025";"1500";"";"";"";"57,0";"60,0";"52,0";"";"";"";"1012,9";"1013,8";"1012,9";"2,2";"88,0";"5,0";"2905,50";"0,0"
"28/02/2025";"1600";"";"";"";"55,0";"61,0";"54,0";"";"";"";"1012,0";"1012,9";"1012,0";"2,8";"84,0";"7,0";"2862,20";"0,0"
"28/02/2025";"1700";"";"";"";"53,0";"60,0";"51,0";"";"";"";"1011,5";"1012,0";"1011,5";"3,4";"82,0";"7,3";"2696,40";"0,0"
"28/02/2025";"1800";"";"";"";"58,0";"59,0";"53,0";"";"";"";"1011,0";"1011,5";"1011,0";"2,7";"82,0";"6,5";"2344,60";"0,0"
"28/02/2025";"1900";"";"";"";"58,0";"58,0";"54,0";"";"";"";"1010,9";"1011,0";"1010,8";"1,8";"75,0";"6,6";"1616,70";"0,0"
"28/02/2025";"2000";"";"";"";"66,0";"66,0";"55,0";"";"";"";"1011,1";"1011,1";"1010,8";"1,6";"68,0";"5,3";"600,30";"0,0"
"28/02/2025";"2100";"";"";"";"62,0";"67,0";"62,0";"";"";"";"1011,4";"1011,4";"1011,1";"1,9";"83,0";"5,0";"124,80";"0,0"
"28/02/2025";"2200";"";"";"";"61,0";"66,0";"61,0";"";"";"";"1011,8";"1011,8";"1011,4";"2,3";"74,0";"8,2";"";"0,0"
"28/02/2025";"2300";"";"";"";"57,0";"61,0";"56,0";"";"";"";"1012,5";"1012,5";"1011,8";"1,4";"48,0";"7,0";"";"0,0"
"01/03/2025";"0000";"";"";"";"59,0";"63,0";"56,0";"";"";"";"1013,3";"1013,3";"1012,5";"1,2";"9,0";"6,0";"";"0,0"
"01/03/2025";"0100";"";"";"";"61,0";"62,0";"58,0";"";"";"";"1013,8";"1013,9";"1013,3";"1,2";"64,0";"5,0";"";"0,0"
"01/03/2025";"0200";"";"";"";"63,0";"64,0";"58,0";"";"";"";"1013,6";"1013,9";"1013,6";"1,3";"14,0";"5,5";"";"0,0"
"01/03/2025";"0300";"";"";"";"61,0";"64,0";"59,0";"";"";"";"1013,1";"1013,6";"1013,0";"2,9";"88,0";"6,4";"";"0,0"
"01/03/2025";"0400";"";"";"";"67,0";"67,0";"56,0";"";"";"";"1012,6";"1013,1";"1012,6";"2,1";"154,0";"6,4";"";"0,0"
"01/03/2025";"0500";"";"";"";"83,0";"83,0";"67,0";"";"";"";"1012,2";"1012,6";"1012,2";"1,5";"213,0";"5,5";"";"1,0"
"01/03/2025";"0600";"";"";"";"85,0";"85,0";"81,0";"";"";"";"1011,5";"1012,3";"1011,5";"0,6";"6,0";"5,1";"";"0,0"
"01/03/2025";"0700";"";"";"";"87,0";"87,0";"85,0";"";"";"";"1011,4";"1011,5";"1011,3";"1,2";"24,0";"2,9";"";"0,6"
"01/03/2025";"0800";"";"";"";"85,0";"87,0";"83,0";"";"";"";"1011,9";"1011,9";"1011,3";"1,2";"318,0";"4,9";"";"2,4"
"01/03/2025";"0900";"";"";"";"77,0";"87,0";"77,0";"";"";"";"1011,6";"1011,9";"1011,4";"1,9";"67,0";"5,3";"30,30";"0,0"
"01/03/2025";"1000";"";"";"";"83,0";"83,0";"76,0";"";"";"";"1012,4";"1012,4";"1011,6";"1,3";"262,0";"3,6";"231,60";"2,6"
"01/03/2025";"1100";"";"";"";"87,0";"88,0";"83,0";"";"";"";"1013,1";"1013,1";"1012,4";"1,3";"343,0";"3,6";"384,90";"0,4"
"01/03/2025";"1200";"";"";"";"84,0";"87,0";"82,0";"";"";"";"1013,4";"1013,4";"1013,1";"1,7";"232,0";"2,8";"1045,90";"1,0"
"01/03/2025";"1300";"";"";"";"69,0";"86,0";"69,0";"";"";"";"1013,4";"1013,4";"1013,3";"2,4";"57,0";"5,0";"1842,90";"0,0"
"01/03/2025";"1400";"";"";"";"69,0";"74,0";"65,0";"";"";"";"1013,3";"1013,5";"1013,2";"3,2";"87,0";"5,7";"2551,20";"0,0"
"01/03/2025";"1500";"";"";"";"61,0";"69,0";"61,0";"";"";"";"1012,5";"1013,3";"1012,5";"4,2";"85,0";"6,9";"2721,70";"0,0"
"01/03/2025";"1600";"";"";"";"64,0";"66,0";"61,0";"";"";"";"1011,8";"1012,5";"1011,8";"3,5";"83,0";"8,0";"2678,40";"0,0"
"01/03/2025";"1700";"";"";"";"63,0";"66,0";"60,0";"";"";"";"1011,5";"1011,8";"1011,5";"4,0";"86,0";"8,0";"2489,50";"0,0"
"01/03/2025";"1800";"";"";"";"65,0";"66,0";"61,0";"";"";"";"1011,4";"1011,6";"1011,4";"3,3";"85,0";"8,2";"2061,80";"0,0"
"01/03/2025";"1900";"";"";"";"63,0";"65,0";"62,0";"";"";"";"1011,4";"1011,4";"1011,3";"1,4";"352,0";"7,1";"1511,00";"0,0"
"01/03/2025";"2000";"";"";"";"69,0";"69,0";"63,0";"";"";"";"1011,4";"1011,4";"1011,3";"2,1";"61,0";"6,4";"702,90";"0,0"
"01/03/2025";"2100";"";"";"";"67,0";"70,0";"66,0";"";"";"";"1011,7";"1011,8";"1011,4";"1,5";"51,0";"5,9";"57,30";"0,0"
"01/03/2025";"2200";"";"";"";"72,0";"75,0";"67,0";"";"";"";"1012,2";"1012,2";"1011,7";"3,1";"86,0";"6,4";"";"0,0"
"01/03/2025";"2300";"";"";"";"70,0";"72,0";"65,0";"";"";"";"1012,6";"1012,6";"1012,1";"3,5";"85,0";"7,3";"";"0,0"
"02/03/2025";"0000";"";"";"";"69,0";"71,0";"67,0";"";"";"";"1013,2";"1013,3";"1012,6";"4,0";"89,0";"8,2";"";"0,0"
"02/03/2025";"0100";"";"";"";"68,0";"71,0";"67,0";"";"";"";"1013,5";"1013,5";"1013,2";"4,0";"89,0";"8,5";"";"0,0"
"02/03/2025";"0200";"";"";"";"69,0";"71,0";"67,0";"";"";"";"1013,2";"1013,5";"1013,2";"4,3";"90,0";"8,6";"";"0,0"
"02/03/2025";"0300";"";"";"";"71,0";"71,0";"66,0";"";"";"";"1012,8";"1013,3";"1012,7";"1,7";"76,0";"8,6";"";"0,0"
"02/03/2025";"0400";"";"";"";"78,0";"78,0";"69,0";"";"";"";"1012,3";"1012,8";"1012,2";"2,8";"88,0";"6,8";"";"0,0"
"02/03/2025";"0500";"";"";"";"83,0";"84,0";"72,0";"";"";"";"1011,6";"1012,4";"1011,6";"1,8";"70,0";"8,2";"";"0,4"
"02/03/2025";"0600";"";"";"";"88,0";"88,0";"82,0";"";"";"";"1011,5";"1011,7";"1011,2";"1,1";"45,0";"10,9";"";"5,6"
"02/03/2025";"0700";"";"";"";"86,0";"89,0";"85,0";"";"";"";"1011,7";"1011,7";"1011,5";"0,6";"50,0";"6,8";"";"1,0"
"02/03/2025";"0800";"";"";"";"87,0";"88,0";"86,0";"";"";"";"1011,8";"1011,9";"1011,5";"1,5";"177,0";"4,4";"";"1,0"
"02/03/2025";"0900";"";"";"";"78,0";"88,0";"76,0";"";"";"";"1012,3";"1012,3";"1011,8";"3,0";"86,0";"6,5";"16,60";"0,0"
"02/03/2025";"1000";"";"";"";"74,0";"79,0";"74,0";"";"";"";"1013,1";"1013,1";"1012,3";"1,1";"28,0";"7,2";"267,60";"0,0"
"02/03/2025";"1100";"";"";"";"64,0";"79,0";"64,0";"";"";"";"1013,6";"1013,6";"1013,1";"3,2";"91,0";"6,6";"772,50";"0,2"
"02/03/2025";"1200";"";"";"";"69,0";"73,0";"64,0";"";"";"";"1013,9";"1013,9";"1013,6";"2,9";"81,0";"6,6";"1572,40";"0,0"
"02/03/2025";"1300";"";"";"";"75,0";"75,0";"62,0";"";"";"";"1014,0";"1014,0";"1013,8";"3,6";"92,0";"6,2";"1750,40";"0,0"
"02/03/2025";"1400";"";"";"";"78,0";"79,0";"68,0";"";"";"";"1014,0";"1014,2";"1013,9";"1,9";"11,0";"9,3";"1532,20";"1,2"
"02/03/2025";"1500";"";"";"";"67,0";"80,0";"66,0";"";"";"";"1013,4";"1014,0";"1013,4";"3,8";"89,0";"6,9";"1965,80";"0,2"
"02/03/2025";"1600";"";"";"";"64,0";"67,0";"60,0";"";"";"";"1012,8";"1013,4";"1012,8";"3,1";"86,0";"6,8";"2189,40";"0,0"
"02/03/2025";"1700";"";"";"";"65,0";"65,0";"55,0";"";"";"";"1012,2";"1012,8";"1012,2";"2,5";"86,0";"6,2";"2233,00";"0,0"
"02/03/2025";"1800";"";"";"";"62,0";"68,0";"60,0";"";"";"";"1012,0";"1012,2";"1011,9";"1,8";"83,0";"8,6";"1894,40";"0,0"
"02/03/2025";"1900";"";"";"";"68,0";"68,0";"61,0";"";"";"";"1011,8";"1012,0";"1011,8";"1,8";"74,0";"6,2";"923,90";"0,0"
"02/03/2025";"2000";"";"";"";"68,0";"69,0";"61,0";"";"";"";"1011,9";"1012,0";"1011,8";"2,3";"82,0";"6,2";"739,40";"0,0"
"02/03/2025";"2100";"";"";"";"66,0";"69,0";"66,0";"";"";"";"1012,3";"1012,3";"1011,9";"1,1";"32,0";"5,5";"107,30";"0,0"
"02/03/2025";"2200";"";"";"";"65,0";"67,0";"62,0";"";"";"";"1012,8";"1012,8";"1012,3";"1,1";"6,0";"4,7";"";"0,0"
"02/03/2025";"2300";"";"";"";"63,0";"65,0";"61,0";"";"";"";"1013,4";"1013,4";"1012,8";"1,7";"85,0";"4,7";"";"0,0"
"03/03/2025";"0000";"";"";"";"66,0";"66,0";"62,0";"";"";"";"1013,8";"1013,8";"1013,4";"1,3";"43,0";"5,9";"";"0,0"
"03/03/2025";"0100";"";"";"";"65,0";"67,0";"63,0";"";"";"";"1014,1";"1014,2";"1013,8";"2,0";"79,0";"6,1";"";"0,0"
"03/03/2025";"0200";"";"";"";"66,0";"66,0";"64,0";"";"";"";"1013,9";"1014,2";"1013,9";"1,3";"66,0";"4,7";"";"0,0"
"03/03/2025";"0300";"";"";"";"66,0";"67,0";"64,0";"";"";"";"1013,2";"1013,9";"1013,2";"1,8";"84,0";"5,5";"";"0,0"
"03/03/2025";"0400";"";"";"";"67,0";"69,0";"66,0";"";"";"";"1012,9";"1013,2";"1012,8";"1,0";"58,0";"4,3";"";"0,0"
"03/03/2025";"0500";"";"";"";"74,0";"75,0";"67,0";"";"";"";"1012,1";"1012,9";"1012,1";"0,8";"8,0";"4,6";"";"0,0"
"03/03/2025";"0600";"";"";"";"82,0";"84,0";"72,0";"";"";"";"1011,7";"1012,2";"1011,7";"3,4";"87,0";"7,8";"";"5,0"
"03/03/2025";"0700";"";"";"";"83,0";"84,0";"82,0";"";"";"";"1011,6";"1011,8";"1011,6";"1,1";"212,0";"6,3";"";"0,0"
"03/03/2025";"0800";"";"";"";"84,0";"84,0";"82,0";"";"";"";"1012,1";"1012,1";"1011,6";"1,1";"84,0";"7,8";"";"0,0"
"03/03/2025";"0900";"";"";"";"87,0";"87,0";"84,0";"";"";"";"1012,7";"1012,7";"1012,1";"1,6";"193,0";"6,8";"2,30";"0,6"
"03/03/2025";"1000";"";"";"";"87,0";"89,0";"87,0";"";"";"";"1013,0";"1013,1";"1012,7";"0,9";"37,0";"7,0";"68,60";"0,2"
"03/03/2025";"1100";"";"";"";"84,0";"87,0";"84,0";"";"";"";"1013,6";"1013,6";"1013,0";"0,4";"341,0";"1,8";"553,10";"0,2"
"03/03/2025";"1200";"";"";"";"62,0";"84,0";"61,0";"";"";"";"1013,8";"1014,0";"1013,6";"1,1";"26,0";"2,7";"1479,60";"0,0"
"03/03/2025";"1300";"";"";"";"55,0";"64,0";"53,0";"";"";"";"1013,8";"1013,8";"1013,7";"1,4";"173,0";"4,6";"2642,40";"0,0"
"03/03/2025";"1400";"";"";"";"59,0";"61,0";"54,0";"";"";"";"1013,7";"1013,9";"1013,7";"1,2";"10,0";"4,8";"2316,60";"0,0"
"03/03/2025";"1500";"";"";"";"53,0";"62,0";"48,0";"";"";"";"1013,2";"1013,8";"1013,1";"1,4";"69,0";"4,8";"2646,00";"0,0"
"03/03/2025";"1600";"";"";"";"56,0";"57,0";"50,0";"";"";"";"1012,4";"1013,2";"1012,4";"1,8";"126,0";"5,0";"2503,10";"0,0"
"03/03/2025";"1700";"";"";"";"53,0";"60,0";"52,0";"";"";"";"1012,0";"1012,4";"1011,9";"1,9";"81,0";"7,0";"2541,10";"0,0"
"03/03/2025";"1800";"";"";"";"54,0";"61,0";"52,0";"";"";"";"1011,6";"1012,0";"1011,6";"1,5";"120,0";"4,3";"2130,60";"0,0"
"03/03/2025";"1900";"";"";"";"59,0";"59,0";"51,0";"";"";"";"1011,6";"1011,8";"1011,5";"1,4";"55,0";"5,0";"1594,20";"0,0"
"03/03/2025";"2000";"";"";"";"62,0";"62,0";"55,0";"";"";"";"1011,7";"1011,7";"1011,5";"0,7";"314,0";"5,0";"556,80";"0,0"
"03/03/2025";"2100";"";"";"";"65,0";"65,0";"62,0";"";"";"";"1012,0";"1012,1";"1011,7";"0,8";"276,0";"3,6";"135,10";"0,0"
"03/03/2025";"2200";"";"";"";"68,0";"71,0";"64,0";"";"";"";"1012,3";"1012,4";"1012,0";"0,8";"250,0";"6,0";"";"0,0"
"03/03/2025";"2300";"";"";"";"68,0";"69,0";"66,0";"";"";"";"1012,9";"1012,9";"1012,3";"0,9";"323,0";"2,8";"";"0,0"
"04/03/2025";"0000";"";"";"";"73,0";"76,0";"68,0";"";"";"";"1013,5";"1013,6";"1012,9";"3,1";"86,0";"7,1";"";"0,0"
"04/03/2025";"0100";"";"";"";"71,0";"74,0";"71,0";"";"";"";"1013,6";"1013,7";"1013,5";"2,2";"91,0";"6,5";"";"0,0"
"04/03/2025";"0200";"";"";"";"69,0";"76,0";"65,0";"";"";"";"1013,3";"1013,8";"1013,3";"1,5";"75,0";"8,5";"";"0,0"
"04/03/2025";"0300";"";"";"";"67,0";"70,0";"66,0";"";"";"";"1012,5";"1013,3";"1012,5";"0,9";"310,0";"4,2";"";"0,0"
"04/03/2025";"0400";"";"";"";"71,0";"72,0";"66,0";"";"";"";"1011,9";"1012,5";"1011,9";"0,8";"273,0";"3,5";"";"0,0"
"04/03/2025";"0500";"";"";"";"72,0";"72,0";"70,0";"";"";"";"1011,7";"1011,9";"1011,7";"0,9";"281,0";"2,9";"";"0,0"
"04/03/2025";"0600";"";"";"";"71,0";"72,0";"67,0";"";"";"";"1011,3";"1011,7";"1011,2";"1,2";"59,0";"2,7";"";"0,0"
"04/03/2025";"0700";"";"";"";"84,0";"84,0";"71,0";"";"";"";"1011,4";"1011,5";"1011,2";"1,2";"43,0";"4,9";"";"0,8"
"04/03/2025";"0800";"";"";"";"86,0";"86,0";"84,0";"";"";"";"1011,7";"1011,7";"1011,3";"2,0";"256,0";"3,3";"";"0,0"
"04/03/2025";"0900";"";"";"";"87,0";"87,0";"86,0";"";"";"";"1011,9";"1011,9";"1011,6";"1,0";"244,0";"3,3";"13,60";"0,0"
"04/03/2025";"1000";"";"";"";"74,0";"87,0";"69,0";"";"";"";"1012,4";"1012,4";"1011,9";"1,6";"98,0";"8,1";"157,00";"0,6"
"04/03/2025";"1100";"";"";"";"70,0";"80,0";"70,0";"";"";"";"1012,6";"1012,6";"1012,4";"0,8";"319,0";"6,6";"840,80";"0,0"
"04/03/2025";"1200";"";"";"";"61,0";"71,0";"59,0";"";"";"";"1013,0";"1013,0";"1012,6";"1,6";"61,0";"4,9";"1733,00";"0,0"
"04/03/2025";"1300";"";"";"";"72,0";"72,0";"54,0";"";"";"";"1013,2";"1013,3";"1012,9";"3,0";"76,0";"6,8";"2048,90";"3,8"
"04/03/2025";"1400";"";"";"";"66,0";"80,0";"62,0";"";"";"";"1013,0";"1013,2";"1012,9";"1,4";"2,0";"6,8";"2042,40";"0,6"
"04/03/2025";"1500";"";"";"";"67,0";"78,0";"63,0";"";"";"";"1012,3";"1013,0";"1012,3";"1,0";"25,0";"3,8";"1846,70";"1,0"
"04/03/2025";"1600";"";"";"";"62,0";"68,0";"58,0";"";"";"";"1011,6";"1012,3";"1011,6";"1,2";"350,0";"5,6";"2182,20";"0,2"
"04/03/2025";"1700";"";"";"";"61,0";"65,0";"57,0";"";"";"";"1011,2";"1011,6";"1011,2";"1,6";"62,0";"6,5";"2173,90";"0,0"
"04/03/2025";"1800";"";"";"";"56,0";"62,0";"54,0";"";"";"";"1010,9";"1011,2";"1010,9";"1,6";"47,0";"7,5";"2204,30";"0,0"
"04/03/2025";"1900";"";"";"";"60,0";"61,0";"53,0";"";"";"";"1011,0";"1011,0";"1010,8";"2,1";"77,0";"6,7";"1684,30";"0,0"
"04/03/2025";"2000";"";"";"";"62,0";"67,0";"59,0";"";"";"";"1011,0";"1011,1";"1010,9";"0,9";"335,0";"5,1";"559,10";"0,0"
"04/03/2025";"2100";"";"";"";"66,0";"67,0";"61,0";"";"";"";"1011,3";"1011,3";"1011,0";"1,2";"315,0";"4,1";"154,80";"0,0"
"04/03/2025";"2200";"";"";"";"67,0";"68,0";"66,0";"";"";"";"1011,8";"1011,8";"1011,3";"1,2";"70,0";"3,8";"";"0,0"
"04/03/2025";"2300";"";"";"";"65,0";"68,0";"64,0";"";"";"";"1012,0";"1012,0";"1011,8";"2,9";"82,0";"6,1";"";"0,0"
"05/03/2025";"0000";"";"";"";"65,0";"67,0";"64,0";"";"";"";"1012,4";"1012,4";"1011,9";"2,7";"82,0";"6,9";"";"0,0"
"05/03/2025";"0100";"";"";"";"66,0";"67,0";"65,0";"";"";"";"1012,8";"1012,8";"1012,4";"2,1";"80,0";"5,6";"";"0,0"
"05/03/2025";"0200";"";"";"";"72,0";"73,0";"65,0";"";"";"";"1012,4";"1012,9";"1012,4";"2,6";"83,0";"8,0";"";"0,0"
"05/03/2025";"0300";"";"";"";"69,0";"72,0";"67,0";"";"";"";"1012,0";"1012,5";"1012,0";"1,2";"19,0";"8,0";"";"0,0"
"05/03/2025";"0400";"";"";"";"70,0";"70,0";"66,0";"";"";"";"1011,6";"1012,0";"1011,6";"3,1";"79,0";"6,4";"";"0,0"
"05/03/2025";"0500";"";"";"";"67,0";"76,0";"65,0";"";"";"";"1011,2";"1011,6";"1011,2";"3,2";"87,0";"8,4";"";"0,0"
"05/03/2025";"0600";"";"";"";"68,0";"70,0";"62,0";"";"";"";"1011,1";"1011,2";"1011,0";"2,9";"86,0";"7,1";"";"0,0"
"05/03/2025";"0700";"";"";"";"69,0";"72,0";"63,0";"";"";"";"1011,1";"1011,2";"1011,0";"2,7";"87,0";"6,0";"";"0,0"
"05/03/2025";"0800";"";"";"";"73,0";"79,0";"68,0";"";"";"";"1011,3";"1011,3";"1011,0";"2,3";"61,0";"8,1";"";"0,0"
"05/03/2025";"0900";"";"";"";"82,0";"82,0";"71,0";"";"";"";"1011,6";"1011,6";"1011,3";"0,8";"298,0";"8,1";"19,40";"0,4"
"05/03/2025";"1000";"";"";"";"70,0";"82,0";"69,0";"";"";"";"1012,1";"1012,1";"1011,6";"0,6";"313,0";"3,4";"310,10";"0,0"
"05/03/2025";"1100";"";"";"";"61,0";"71,0";"60,0";"";"";"";"1012,8";"1012,8";"1012,1";"2,4";"85,0";"6,8";"1143,80";"0,0"
"05/03/2025";"1200";"";"";"";"59,0";"63,0";"56,0";"";"";"";"1013,1";"1013,2";"1012,8";"1,1";"329,0";"5,4";"1870,80";"0,0"
"05/03/2025";"1300";"";"";"";"59,0";"65,0";"57,0";"";"";"";"1013,3";"1013,3";"1013,1";"1,9";"78,0";"5,2";"2130,90";"0,0"
"05/03/2025";"1400";"";"";"";"58,0";"63,0";"56,0";"";"";"";"1013,0";"1013,3";"1013,0";"2,0";"57,0";"5,5";"2633,00";"0,0"
"05/03/2025";"1500";"";"";"";"59,0";"62,0";"56,0";"";"";"";"1012,6";"1013,0";"1012,6";"1,4";"271,0";"7,0";"2686,50";"0,0"
"05/03/2025";"1600";"";"";"";"60,0";"64,0";"54,0";"";"";"";"1011,9";"1012,6";"1011,9";"2,5";"81,0";"6,9";"2752,80";"0,0"
"05/03/2025";"1700";"";"";"";"56,0";"63,0";"54,0";"";"";"";"1011,5";"1011,9";"1011,5";"2,0";"69,0";"6,2";"2666,30";"0,0"
"05/03/2025";"1800";"";"";"";"55,0";"62,0";"54,0";"";"";"";"1011,5";"1011,6";"1011,3";"1,3";"233,0";"6,2";"1886,50";"0,0"
"05/03/2025";"1900";"";"";"";"64,0";"64,0";"54,0";"";"";"";"1011,7";"1011,7";"1011,5";"3,1";"75,0";"7,1";"1448,00";"0,0"
"05/03/2025";"2000";"";"";"";"64,0";"68,0";"61,0";"";"";"";"1012,0";"1012,0";"1011,6";"1,2";"28,0";"8,2";"705,10";"0,0"
"05/03/2025";"2100";"";"";"";"64,0";"65,0";"60,0";"";"";"";"1012,2";"1012,3";"1012,0";"1,0";"320,0";"3,9";"129,80";"0,0"
"05/03/2025";"2200";"";"";"";"68,0";"68,0";"64,0";"";"";"";"1012,5";"1012,5";"1012,2";"1,0";"306,0";"3,1";"";"0,0"
"05/03/2025";"2300";"";"";"";"67,0";"70,0";"67,0";"";"";"";"1013,0";"1013,0";"1012,5";"1,2";"323,0";"4,6";"";"0,0"
"06/03/2025";"0000";"";"";"";"71,0";"72,0";"66,0";"";"";"";"1013,2";"1013,3";"1013,0";"3,1";"89,0";"6,7";"";"0,0"
"06/03/2025";"0100";"";"";"";"68,0";"72,0";"67,0";"";"";"";"1013,6";"1013,6";"1013,3";"1,1";"308,0";"3,6";"";"0,0"
"06/03/2025";"0200";"";"";"";"67,0";"69,0";"66,0";"";"";"";"1013,2";"1013,6";"1013,2";"1,1";"314,0";"3,4";"";"0,0"
"06/03/2025";"0300";"";"";"";"67,0";"69,0";"66,0";"";"";"";"1012,8";"1013,2";"1012,7";"1,1";"321,0";"3,7";"";"0,0"
"06/03/2025";"0400";"";"";"";"67,0";"70,0";"66,0";"";"";"";"1012,1";"1012,8";"1012,1";"1,2";"341,0";"3,5";"";"0,0"
"06/03/2025";"0500";"";"";"";"69,0";"69,0";"65,0";"";"";"";"1012,0";"1012,2";"1012,0";"0,9";"265,0";"3,8";"";"0,0"
"06/03/2025";"0600";"";"";"";"68,0";"69,0";"67,0";"";"";"";"1011,6";"1012,1";"1011,6";"0,9";"310,0";"5,1";"";"0,0"
"06/03/2025";"0700";"";"";"";"68,0";"70,0";"67,0";"";"";"";"1011,6";"1011,6";"1011,5";"1,0";"251,0";"4,3";"";"0,0"
"06/03/2025";"0800";"";"";"";"68,0";"69,0";"66,0";"";"";"";"1012,0";"1012,0";"1011,6";"0,9";"312,0";"3,9";"";"0,0"
"06/03/2025";"0900";"";"";"";"69,0";"70,0";"67,0";"";"";"";"1012,4";"1012,4";"1011,9";"1,0";"282,0";"3,5";"16,50";"0,0"
"06/03/2025";"1000";"";"";"";"66,0";"70,0";"65,0";"";"";"";"1013,0";"1013,0";"1012,4";"1,4";"233,0";"3,6";"340,40";"0,0"
"06/03/2025";"1100";"";"";"";"61,0";"67,0";"61,0";"";"";"";"1013,7";"1013,7";"1013,0";"0,9";"338,0";"4,1";"1004,50";"0,0"
"06/03/2025";"1200";"";"";"";"57,0";"62,0";"55,0";"";"";"";"1014,0";"1014,1";"1013,7";"1,4";"2,0";"5,6";"1938,40";"0,0"
"06/03/2025";"1300";"";"";"";"56,0";"60,0";"54,0";"";"";"";"1014,0";"1014,1";"1013,9";"1,4";"217,0";"5,6";"2488,20";"0,0"
"06/03/2025";"1400";"";"";"";"61,0";"64,0";"53,0";"";"";"";"1014,0";"1014,1";"1013,9";"2,7";"183,0";"7,6";"2531,30";"0,0"
"06/03/2025";"1500";"";"";"";"67,0";"67,0";"57,0";"";"";"";"1013,8";"1014,0";"1013,8";"4,7";"88,0";"9,2";"2674,40";"0,0"
"06/03/2025";"1600";"";"";"";"55,0";"67,0";"53,0";"";"";"";"1013,2";"1013,8";"1013,2";"2,0";"193,0";"9,2";"2222,00";"0,0"
"06/03/2025";"1700";"";"";"";"56,0";"58,0";"51,0";"";"";"";"1012,9";"1013,2";"1012,9";"1,8";"211,0";"6,3";"2740,70";"0,0"
"06/03/2025";"1800";"";"";"";"59,0";"59,0";"51,0";"";"";"";"1012,8";"1013,0";"1012,7";"1,8";"188,0";"6,0";"2161,20";"0,0"
"06/03/2025";"1900";"";"";"";"64,0";"64,0";"52,0";"";"";"";"1013,0";"1013,1";"1012,8";"1,9";"124,0";"6,8";"1510,40";"0,0"
"06/03/2025";"2000";"";"";"";"64,0";"71,0";"64,0";"";"";"";"1013,3";"1013,3";"1013,0";"1,7";"198,0";"7,7";"442,30";"0,0"
"06/03/2025";"2100";"";"";"";"80,0";"81,0";"62,0";"";"";"";"1014,1";"1014,2";"1013,3";"3,0";"196,0";"7,8";"60,40";"0,0"
"06/03/2025";"2200";"";"";"";"79,0";"81,0";"79,0";"";"";"";"1014,6";"1014,6";"1014,1";"1,6";"207,0";"8,1";"";"0,0"
"06/03/2025";"2300";"";"";"";"58,0";"79,0";"57,0";"";"";"";"1014,6";"1014,8";"1014,5";"3,4";"88,0";"6,4";"";"0,0"
"07/03/2025";"0000";"";"";"";"64,0";"67,0";"56,0";"";"";"";"1015,2";"1015,2";"1014,6";"1,4";"205,0";"6,4";"";"0,0"
"07/03/2025";"0100";"";"";"";"66,0";"66,0";"55,0";"";"";"";"1015,7";"1015,8";"1015,2";"2,8";"199,0";"8,7";"";"0,2"
"07/03/2025";"0200";"";"";"";"76,0";"77,0";"66,0";"";"";"";"1015,3";"1015,8";"1015,3";"1,5";"255,0";"8,7";"";"0,0"
"07/03/2025";"0300";"";"";"";"78,0";"78,0";"75,0";"";"";"";"1014,4";"1015,3";"1014,4";"1,3";"254,0";"2,5";"";"0,0"
"07/03/2025";"0400";"";"";"";"68,0";"79,0";"67,0";"";"";"";"1013,8";"1014,4";"1013,8";"1,0";"231,0";"3,6";"";"0,0"
"07/03/2025";"0500";"";"";"";"67,0";"68,0";"66,0";"";"";"";"1013,4";"1013,8";"1013,3";"1,1";"214,0";"4,6";"";"0,0"
"07/03/2025";"0600";"";"";"";"68,0";"68,0";"66,0";"";"";"";"1013,0";"1013,3";"1012,9";"0,8";"249,0";"3,6";"";"0,0"
"07/03/2025";"0700";"";"";"";"69,0";"71,0";"67,0";"";"";"";"1013,0";"1013,1";"1012,9";"0,9";"293,0";"3,6";"";"0,0"
"07/03/2025";"0800";"";"";"";"69,0";"70,0";"68,0";"";"";"";"1013,2";"1013,2";"1013,0";"1,1";"317,0";"3,1";"";"0,0"
"07/03/2025";"0900";"";"";"";"67,0";"70,0";"67,0";"";"";"";"1013,7";"1013,7";"1013,1";"1,1";"327,0";"3,1";"12,50";"0,0"
"07/03/2025";"1000";"";"";"";"63,0";"68,0";"63,0";"";"";"";"1014,3";"1014,3";"1013,7";"1,1";"23,0";"4,6";"327,60";"0,0"
"07/03/2025";"1100";"";"";"";"59,0";"65,0";"59,0";"";"";"";"1014,9";"1014,9";"1014,3";"1,0";"42,0";"3,6";"1010,30";"0,0"
"07/03/2025";"1200";"";"";"";"57,0";"61,0";"55,0";"";"";"";"1015,1";"1015,2";"1014,9";"1,4";"117,0";"5,4";"2010,20";"0,0"
"07/03/2025";"1300";"";"";"";"56,0";"60,0";"54,0";"";"";"";"1015,1";"1015,2";"1015,1";"1,8";"76,0";"6,4";"2533,70";"0,0"
"07/03/2025";"1400";"";"";"";"56,0";"60,0";"53,0";"";"";"";"1014,9";"1015,1";"1014,9";"1,9";"85,0";"6,0";"2858,80";"0,0"
"07/03/2025";"1500";"";"";"";"53,0";"59,0";"51,0";"";"";"";"1014,4";"1015,0";"1014,3";"1,8";"107,0";"5,5";"2962,40";"0,0"
"07/03/2025";"1600";"";"";"";"55,0";"59,0";"52,0";"";"";"";"1013,6";"1014,4";"1013,6";"2,0";"186,0";"6,6";"2597,60";"0,0"
"07/03/2025";"1700";"";"";"";"57,0";"62,0";"53,0";"";"";"";"1013,0";"1013,6";"1013,0";"1,5";"297,0";"7,2";"2460,30";"0,0"
"07/03/2025";"1800";"";"";"";"61,0";"62,0";"55,0";"";"";"";"1013,0";"1013,1";"1012,9";"1,0";"44,0";"5,5";"1813,80";"0,0"
"07/03/2025";"1900";"";"";"";"60,0";"62,0";"57,0";"";"";"";"1013,1";"1013,1";"1013,0";"1,6";"72,0";"4,1";"950,70";"0,0"
"07/03/2025";"2000";"";"";"";"63,0";"64,0";"59,0";"";"";"";"1013,3";"1013,3";"1013,0";"1,2";"194,0";"3,8";"462,20";"0,0"
"07/03/2025";"2100";"";"";"";"66,0";"66,0";"63,0";"";"";"";"1013,7";"1013,7";"1013,3";"0,9";"2,0";"4,1";"114,50";"0,0"
"07/03/2025";"2200";"";"";"";"69,0";"69,0";"65,0";"";"";"";"1014,1";"1014,1";"1013,7";"0,6";"292,0";"2,7";"";"0,0"
"07/03/2025";"2300";"";"";"";"67,0";"71,0";"66,0";"";"";"";"1014,6";"1014,6";"1014,1";"1,3";"231,0";"3,3";"";"0,0"
"08/03/2025";"0000";"";"";"";"67,0";"68,0";"66,0";"";"";"";"1015,0";"1015,0";"1014,6";"1,0";"212,0";"3,3";"";"0,0"
"08/03/2025";"0100";"";"";"";"68,0";"68,0";"66,0";"";"";"";"1015,5";"1015,5";"1015,0";"1,0";"301,0";"3,1";"";"0,0"
"08/03/2025";"0200";"";"";"";"65,0";"68,0";"63,0";"";"";"";"1014,8";"1015,5";"1014,8";"0,8";"250,0";"2,6";"";"0,0"
"08/03/2025";"0300";"";"";"";"71,0";"71,0";"61,0";"";"";"";"1014,3";"1014,9";"1014,3";"1,3";"15,0";"4,5";"";"0,2"
"08/03/2025";"0400";"";"";"";"77,0";"80,0";"71,0";"";"";"";"1013,2";"1014,3";"1013,2";"1,3";"299,0";"4,5";"";"0,0"
"08/03/2025";"0500";"";"";"";"73,0";"77,0";"73,0";"";"";"";"1012,5";"1013,2";"1012,5";"1,1";"253,0";"2,9";"";"0,0"
"08/03/2025";"0600";"";"";"";"68,0";"73,0";"68,0";"";"";"";"1012,2";"1012,5";"1012,2";"0,7";"255,0";"2,9";"";"0,0"
"08/03/2025";"0700";"";"";"";"63,0";"68,0";"63,0";"";"";"";"1012,4";"1012,4";"1012,1";"0,9";"285,0";"2,9";"";"0,0"
"08/03/2025";"0800";"";"";"";"66,0";"66,0";"61,0";"";"";"";"1012,8";"1012,8";"1012,4";"0,5";"243,0";"3,0";"";"0,0"
"08/03/2025";"0900";"";"";"";"68,0";"69,0";"66,0";"";"";"";"1013,0";"1013,0";"1012,8";"1,3";"208,0";"4,0";"9,30";"0,0"
"08/03/2025";"1000";"";"";"";"62,0";"69,0";"62,0";"";"";"";"1013,8";"1013,8";"1013,0";"0,8";"212,0";"4,1";"495,50";"0,0"
"08/03/2025";"1100";"";"";"";"57,0";"64,0";"55,0";"";"";"";"1014,4";"1014,4";"1013,8";"1,4";"100,0";"3,7";"1382,80";"0,0"
"08/03/2025";"1200";"";"";"";"54,0";"61,0";"53,0";"";"";"";"1014,7";"1014,8";"1014,4";"1,3";"54,0";"5,3";"1897,10";"0,0"
"08/03/2025";"1300";"";"";"";"53,0";"56,0";"52,0";"";"";"";"1014,7";"1014,7";"1014,6";"1,6";"60,0";"5,8";"2375,10";"0,0"
"08/03/2025";"1400";"";"";"";"55,0";"59,0";"51,0";"";"";"";"1014,4";"1014,7";"1014,4";"1,5";"72,0";"6,2";"2750,40";"0,0"
"08/03/2025";"1500";"";"";"";"53,0";"57,0";"49,0";"";"";"";"1013,6";"1014,4";"1013,6";"1,8";"113,0";"5,0";"2868,90";"0,0"
"08/03/2025";"1600";"";"";"";"51,0";"55,0";"48,0";"";"";"";"1013,0";"1013,6";"1013,0";"2,0";"83,0";"6,5";"2911,40";"0,0"
"08/03/2025";"1700";"";"";"";"50,0";"55,0";"49,0";"";"";"";"1012,5";"1013,0";"1012,5";"1,4";"80,0";"6,7";"2751,70";"0,0"
"08/03/2025";"1800";"";"";"";"53,0";"54,0";"46,0";"";"";"";"1012,3";"1012,5";"1012,2";"1,5";"118,0";"6,3";"2311,80";"0,0"
"08/03/2025";"1900";"";"";"";"51,0";"57,0";"50,0";"";"";"";"1012,3";"1012,3";"1012,2";"1,6";"195,0";"6,5";"1416,20";"0,0"
"08/03/2025";"2000";"";"";"";"59,0";"59,0";"51,0";"";"";"";"1012,6";"1012,6";"1012,3";"1,7";"192,0";"5,5";"588,40";"0,0"
"08/03/2025";"2100";"";"";"";"62,0";"62,0";"59,0";"";"";"";"1013,2";"1013,2";"1012,6";"2,1";"191,0";"5,2";"82,20";"0,0"
"08/03/2025";"2200";"";"";"";"61,0";"66,0";"61,0";"";"";"";"1013,5";"1013,5";"1013,1";"1,4";"202,0";"4,8";"";"0,0"
"08/03/2025";"2300";"";"";"";"60,0";"62,0";"59,0";"";"";"";"1014,2";"1014,2";"1013,5";"1,1";"212,0";"4,3";"";"0,0"
"09/03/2025";"0000";"";"";"";"63,0";"63,0";"60,0";"";"";"";"1014,7";"1014,7";"1014,2";"0,9";"283,0";"3,5";"";"0,0"
"09/03/2025";"0100";"";"";"";"66,0";"66,0";"63,0";"";"";"";"1014,8";"1014,8";"1014,7";"0,8";"303,0";"3,5";"";"0,0"
"09/03/2025";"0200";"";"";"";"66,0";"67,0";"64,0";"";"";"";"1014,2";"1014,9";"1014,2";"1,1";"213,0";"3,1";"";"0,0"
"09/03/2025";"0300";"";"";"";"65,0";"67,0";"64,0";"";"";"";"1013,7";"1014,2";"1013,7";"1,2";"221,0";"3,8";"";"0,0"
"09/03/2025";"0400";"";"";"";"66,0";"66,0";"65,0";"";"";"";"1013,0";"1013,7";"1013,0";"0,7";"248,0";"3,8";"";"0,0"
"09/03/2025";"0500";"";"";"";"67,0";"67,0";"66,0";"";"";"";"1012,7";"1013,0";"1012,7";"0,9";"216,0";"3,0";"";"0,0"
"09/03/2025";"0600";"";"";"";"66,0";"67,0";"65,0";"";"";"";"1012,3";"1012,7";"1012,3";"1,0";"212,0";"3,2";"";"0,0"
"09/03/2025";"0700";"";"";"";"67,0";"67,0";"66,0";"";"";"";"1012,4";"1012,4";"1012,3";"1,1";"202,0";"2,5";"";"0,0"
"09/03/2025";"0800";"";"";"";"68,0";"69,0";"66,0";"";"";"";"1012,4";"1012,5";"1012,4";"1,3";"204,0";"3,5";"";"0,0"
"09/03/2025";"0900";"";"";"";"68,0";"70,0";"67,0";"";"";"";"1012,7";"1012,7";"1012,4";"1,1";"207,0";"3,5";"21,60";"0,0"
"09/03/2025";"1000";"";"";"";"62,0";"68,0";"61,0";"";"";"";"1013,0";"1013,0";"1012,6";"1,4";"198,0";"3,5";"488,90";"0,0"
"09/03/2025";"1100";"";"";"";"59,0";"62,0";"57,0";"";"";"";"1013,8";"1013,8";"1013,0";"1,2";"48,0";"4,3";"1303,70";"0,0"
"09/03/2025";"1200";"";"";"";"53,0";"63,0";"53,0";"";"";"";"1014,4";"1014,4";"1013,8";"1,5";"94,0";"4,8";"1910,80";"0,0"
"09/03/2025";"1300";"";"";"";"56,0";"56,0";"51,0";"";"";"";"1014,6";"1014,7";"1014,4";"1,6";"141,0";"5,7";"2276,90";"0,0"
"09/03/2025";"1400";"";"";"";"54,0";"58,0";"51,0";"";"";"";"1014,3";"1014,7";"1014,3";"2,0";"79,0";"6,7";"2512,00";"0,0"
"09/03/2025";"1500";"";"";"";"52,0";"55,0";"50,0";"";"";"";"1013,7";"1014,3";"1013,7";"1,4";"163,0";"5,4";"2631,60";"0,0"
"09/03/2025";"1600";"";"";"";"49,0";"55,0";"47,0";"";"";"";"1012,9";"1013,7";"1012,9";"2,0";"178,0";"6,6";"2421,40";"0,0"
"09/03/2025";"1700";"";"";"";"51,0";"55,0";"45,0";"";"";"";"1012,2";"1012,9";"1012,2";"1,9";"133,0";"6,6";"2318,70";"0,0"
"09/03/2025";"1800";"";"";"";"50,0";"52,0";"46,0";"";"";"";"1011,6";"1012,2";"1011,6";"1,6";"146,0";"6,3";"2117,80";"0,0"
"09/03/2025";"1900";"";"";"";"51,0";"57,0";"50,0";"";"";"";"1011,4";"1011,6";"1011,4";"1,6";"187,0";"5,4";"1341,60";"0,0"
"09/03/2025";"2000";"";"";"";"62,0";"62,0";"51,0";"";"";"";"1011,6";"1011,6";"1011,3";"1,1";"61,0";"5,4";"908,60";"0,0"
"09/03/2025";"2100";"";"";"";"66,0";"71,0";"62,0";"";"";"";"1012,1";"1012,1";"1011,5";"1,2";"35,0";"4,4";"136,80";"0,0"
"09/03/2025";"2200";"";"";"";"69,0";"69,0";"64,0";"";"";"";"1012,4";"1012,5";"1012,1";"2,0";"78,0";"4,9";"";"0,0"
"09/03/2025";"2300";"";"";"";"68,0";"69,0";"66,0";"";"";"";"1013,0";"1013,0";"1012,4";"0,9";"30,0";"5,2";"";"0,0"
"10/03/2025";"0000";"";"";"";"66,0";"69,0";"65,0";"";"";"";"1013,7";"1013,8";"1013,0";"3,3";"84,0";"6,7";"";"0,0"
"10/03/2025";"0100";"";"";"";"70,0";"70,0";"67,0";"";"";"";"1014,1";"1014,1";"1013,8";"3,1";"86,0";"6,4";"";"0,0"
"10/03/2025";"0200";"";"";"";"72,0";"73,0";"68,0";"";"";"";"1014,0";"1014,2";"1014,0";"2,9";"88,0";"6,4";"";"0,0"
"10/03/2025";"0300";"";"";"";"73,0";"75,0";"67,0";"";"";"";"1013,6";"1014,1";"1013,6";"2,3";"83,0";"7,5";"";"0,0"
"10/03/2025";"0400";"";"";"";"72,0";"74,0";"70,0";"";"";"";"1012,9";"1013,7";"1012,9";"3,2";"89,0";"6,5";"";"0,0"
"10/03/2025";"0500";"";"";"";"79,0";"79,0";"72,0";"";"";"";"1012,6";"1012,9";"1012,6";"2,0";"77,0";"6,8";"";"0,0"
"10/03/2025";"0600";"";"";"";"71,0";"79,0";"70,0";"";"";"";"1012,4";"1012,6";"1012,3";"1,7";"66,0";"5,1";"";"0,0"
"10/03/2025";"0700";"";"";"";"73,0";"75,0";"71,0";"";"";"";"1012,5";"1012,5";"1012,4";"0,4";"200,0";"3,4";"";"0,0"
"10/03/2025";"0800";"";"";"";"76,0";"77,0";"72,0";"";"";"";"1012,7";"1012,7";"1012,4";"1,2";"243,0";"3,1";"";"0,0"
"10/03/2025";"0900";"";"";"";"80,0";"80,0";"75,0";"";"";"";"1013,0";"1013,0";"1012,7";"1,1";"271,0";"4,0";"3,10";"0,0"
"10/03/2025";"1000";"";"";"";"81,0";"82,0";"80,0";"";"";"";"1013,6";"1013,6";"1013,0";"1,3";"188,0";"3,9";"87,80";"0,0"
"10/03/2025";"1100";"";"";"";"84,0";"84,0";"80,0";"";"";"";"1014,4";"1014,4";"1013,6";"1,1";"226,0";"4,8";"345,50";"0,2"
"10/03/2025";"1200";"";"";"";"76,0";"85,0";"76,0";"";"";"";"1014,7";"1014,7";"1014,4";"1,4";"42,0";"3,6";"1022,00";"0,0"
"10/03/2025";"1300";"";"";"";"82,0";"83,0";"74,0";"";"";"";"1014,7";"1014,8";"1014,6";"0,9";"245,0";"4,0";"632,00";"0,4"
"10/03/2025";"1400";"";"";"";"68,0";"83,0";"68,0";"";"";"";"1014,1";"1014,7";"1014,0";"1,0";"163,0";"2,9";"1631,80";"0,0"
"10/03/2025";"1500";"";"";"";"62,0";"69,0";"61,0";"";"";"";"1013,5";"1014,1";"1013,5";"1,7";"205,0";"4,9";"2712,40";"0,0"
"10/03/2025";"1600";"";"";"";"64,0";"66,0";"60,0";"";"";"";"1012,8";"1013,5";"1012,8";"1,5";"157,0";"4,9";"2157,90";"0,0"
"10/03/2025";"1700";"";"";"";"68,0";"68,0";"62,0";"";"";"";"1012,3";"1012,9";"1012,3";"1,6";"151,0";"4,8";"1551,90";"0,0"
"10/03/2025";"1800";"";"";"";"55,0";"69,0";"55,0";"";"";"";"1011,8";"1012,3";"1011,8";"2,0";"71,0";"5,8";"1411,10";"0,0"
"10/03/2025";"1900";"";"";"";"65,0";"66,0";"55,0";"";"";"";"1011,6";"1011,8";"1011,5";"3,5";"85,0";"7,4";"1579,90";"0,0"
"10/03/2025";"2000";"";"";"";"65,0";"67,0";"62,0";"";"";"";"1011,7";"1011,8";"1011,5";"2,6";"84,0";"6,8";"684,30";"0,0"
"10/03/2025";"2100";"";"";"";"68,0";"68,0";"65,0";"";"";"";"1012,1";"1012,1";"1011,7";"2,1";"83,0";"6,9";"99,00";"0,0"
"10/03/2025";"2200";"";"";"";"70,0";"70,0";"68,0";"";"";"";"1012,8";"1012,8";"1012,1";"1,9";"91,0";"7,1";"";"0,0"
"10/03/2025";"2300";"";"";"";"70,0";"72,0";"69,0";"";"";"";"1013,6";"1013,6";"1012,8";"3,9";"87,0";"7,2";"";"0,0"
"11/03/2025";"0000";"";"";"";"68,0";"70,0";"66,0";"";"";"";"1014,0";"1014,0";"1013,6";"3,2";"87,0";"7,2";"";"0,0"
"11/03/2025";"0100";"";"";"";"71,0";"71,0";"67,0";"";"";"";"1014,3";"1014,3";"1014,0";"3,6";"92,0";"7,2";"";"0,0"
"11/03/2025";"0200";"";"";"";"71,0";"72,0";"69,0";"";"";"";"1014,0";"1014,3";"1014,0";"3,3";"88,0";"6,8";"";"0,0"
"11/03/2025";"0300";"";"";"";"71,0";"72,0";"70,0";"";"";"";"1013,4";"1014,0";"1013,4";"3,5";"89,0";"6,7";"";"0,0"
"11/03/2025";"0400";"";"";"";"70,0";"72,0";"69,0";"";"";"";"1013,0";"1013,4";"1012,9";"2,9";"87,0";"6,8";"";"0,0"
"11/03/2025";"0500";"";"";"";"68,0";"72,0";"68,0";"";"";"";"1013,0";"1013,1";"1012,9";"3,1";"88,0";"6,4";"";"0,0"
"11/03/2025";"0600";"";"";"";"68,0";"70,0";"67,0";"";"";"";"1012,8";"1013,1";"1012,8";"2,5";"86,0";"5,4";"";"0,0"
"11/03/2025";"0700";"";"";"";"69,0";"71,0";"68,0";"";"";"";"1013,0";"1013,0";"1012,8";"2,2";"76,0";"4,8";"";"0,0"
"11/03/2025";"0800";"";"";"";"71,0";"72,0";"68,0";"";"";"";"1013,6";"1013,6";"1012,9";"1,6";"69,0";"4,3";"";"0,0"
"11/03/2025";"0900";"";"";"";"77,0";"77,0";"70,0";"";"";"";"1013,9";"1013,9";"1013,6";"0,3";"265,0";"3,5";"10,10";"0,0"
"11/03/2025";"1000";"";"";"";"72,0";"79,0";"72,0";"";"";"";"1014,5";"1014,5";"1013,9";"0,7";"318,0";"1,7";"383,10";"0,0"
"11/03/2025";"1100";"";"";"";"63,0";"74,0";"61,0";"";"";"";"1015,4";"1015,4";"1014,5";"2,7";"75,0";"5,0";"963,80";"0,0"
"11/03/2025";"1200";"";"";"";"63,0";"65,0";"58,0";"";"";"";"1015,9";"1015,9";"1015,4";"3,5";"94,0";"6,5";"1607,90";"0,0"
"11/03/2025";"1300";"";"";"";"57,0";"63,0";"55,0";"";"";"";"1016,1";"1016,1";"1015,9";"3,8";"86,0";"7,3";"2472,00";"0,0"
"11/03/2025";"1400";"";"";"";"55,0";"61,0";"54,0";"";"";"";"1016,0";"1016,1";"1015,9";"2,8";"84,0";"7,0";"2824,70";"0,0"
"11/03/2025";"1500";"";"";"";"53,0";"58,0";"50,0";"";"";"";"1015,5";"1016,0";"1015,5";"2,3";"85,0";"5,8";"2887,80";"0,0"
"11/03/2025";"1600";"";"";"";"54,0";"56,0";"50,0";"";"";"";"1014,9";"1015,5";"1014,9";"2,4";"81,0";"6,1";"2925,30";"0,0"
"11/03/2025";"1700";"";"";"";"53,0";"58,0";"51,0";"";"";"";"1014,1";"1014,9";"1014,1";"2,5";"83,0";"6,5";"2755,80";"0,0"
"11/03/2025";"1800";"";"";"";"58,0";"59,0";"51,0";"";"";"";"1013,9";"1014,1";"1013,8";"2,9";"84,0";"7,1";"2289,00";"0,0"
"11/03/2025";"1900";"";"";"";"59,0";"61,0";"57,0";"";"";"";"1013,9";"1014,0";"1013,8";"2,5";"79,0";"7,2";"1530,70";"0,0"
"11/03/2025";"2000";"";"";"";"62,0";"62,0";"58,0";"";"";"";"1014,1";"1014,2";"1013,8";"2,2";"81,0";"7,2";"777,60";"0,0"
"11/03/2025";"2100";"";"";"";"65,0";"65,0";"61,0";"";"";"";"1014,3";"1014,4";"1014,1";"1,5";"67,0";"5,3";"117,10";"0,0"
"11/03/2025";"2200";"";"";"";"64,0";"65,0";"62,0";"";"";"";"1014,6";"1014,6";"1014,3";"1,1";"78,0";"4,6";"";"0,0"
"11/03/2025";"2300";"";"";"";"65,0";"66,0";"63,0";"";"";"";"1015,0";"1015,1";"1014,6";"2,1";"82,0";"5,0";"";"0,0"
"12/03/2025";"0000";"";"";"";"66,0";"66,0";"64,0";"";"";"";"1015,5";"1015,5";"1015,0";"3,0";"86,0";"6,3";"";"0,0"
"12/03/2025";"0100";"";"";"";"67,0";"67,0";"64,0";"";"";"";"1015,8";"1016,0";"1015,5";"2,6";"86,0";"5,4";"";"0,0"
"12/03/2025";"0200";"";"";"";"66,0";"68,0";"65,0";"";"";"";"1015,2";"1015,8";"1015,1";"2,8";"89,0";"6,0";"";"0,0"
"12/03/2025";"0300";"";"";"";"66,0";"67,0";"65,0";"";"";"";"1014,6";"1015,2";"1014,5";"2,8";"84,0";"6,3";"";"0,0"
"12/03/2025";"0400";"";"";"";"";"";"";"";"";"";"";"";"";"";"";"";"";""
"12/03/2025";"0500";"";"";"";"67,0";"67,0";"65,0";"";"";"";"1014,0";"1014,1";"1013,9";"2,1";"83,0";"5,1";"";"0,0"
"12/03/2025";"0600";"";"";"";"67,0";"67,0";"66,0";"";"";"";"1013,9";"1014,0";"1013,8";"2,4";"85,0";"6,1";"";"0,0"
"12/03/2025";"0700";"";"";"";"68,0";"68,0";"66,0";"";"";"";"1013,9";"1013,9";"1013,7";"0,9";"67,0";"5,2";"";"0,0"
"12/03/2025";"0800";"";"";"";"71,0";"71,0";"68,0";"";"";"";"1014,0";"1014,0";"1013,8";"0,9";"330,0";"3,7";"";"0,0"
"12/03/2025";"0900";"";"";"";"69,0";"72,0";"68,0";"";"";"";"1014,6";"1014,6";"1014,0";"0,9";"240,0";"3,2";"15,70";"0,0"
"12/03/2025";"1000";"";"";"";"65,0";"70,0";"64,0";"";"";"";"1015,3";"1015,3";"1014,6";"1,1";"334,0";"3,3";"395,30";"0,0"
"12/03/2025";"1100";"";"";"";"65,0";"66,0";"59,0";"";"";"";"1016,1";"1016,1";"1015,3";"1,2";"44,0";"3,6";"1092,30";"0,0"
"12/03/2025";"1200";"";"";"";"57,0";"65,0";"56,0";"";"";"";"1016,3";"1016,4";"1016,1";"1,5";"250,0";"6,0";"1899,60";"0,0"
"12/03/2025";"1300";"";"";"";"55,0";"61,0";"53,0";"";"";"";"1016,5";"1016,6";"1016,3";"1,5";"74,0";"5,4";"2452,50";"0,0"
"12/03/2025";"1400";"";"";"";"55,0";"58,0";"52,0";"";"";"";"1016,1";"1016,6";"1016,1";"1,4";"62,0";"6,8";"2707,30";"0,0"
"12/03/2025";"1500";"";"";"";"53,0";"58,0";"52,0";"";"";"";"1015,6";"1016,2";"1015,6";"2,2";"172,0";"5,1";"2928,20";"0,0"
"12/03/2025";"1600";"";"";"";"69,0";"69,0";"51,0";"";"";"";"1015,1";"1015,6";"1015,0";"2,5";"216,0";"6,2";"2372,20";"0,8"
"12/03/2025";"1700";"";"";"";"58,0";"74,0";"56,0";"";"";"";"1014,1";"1015,1";"1014,1";"1,4";"154,0";"5,0";"2018,20";"0,0"
"12/03/2025";"1800";"";"";"";"57,0";"62,0";"55,0";"";"";"";"1013,6";"1014,1";"1013,6";"1,8";"75,0";"6,0";"1838,30";"0,0"
"12/03/2025";"1900";"";"";"";"59,0";"60,0";"54,0";"";"";"";"1013,4";"1013,7";"1013,4";"1,3";"70,0";"5,0";"1557,40";"0,0"
"12/03/2025";"2000";"";"";"";"59,0";"63,0";"57,0";"";"";"";"1013,5";"1013,5";"1013,3";"0,8";"279,0";"3,8";"612,80";"0,0"
"12/03/2025";"2100";"";"";"";"62,0";"63,0";"59,0";"";"";"";"1013,6";"1013,6";"1013,4";"1,1";"259,0";"4,1";"175,00";"0,0"
"12/03/2025";"2200";"";"";"";"65,0";"66,0";"62,0";"";"";"";"1014,0";"1014,0";"1013,6";"0,8";"217,0";"4,1";"";"0,0"
"12/03/2025";"2300";"";"";"";"66,0";"66,0";"65,0";"";"";"";"1014,5";"1014,5";"1014,0";"1,0";"261,0";"3,8";"";"0,0"
"13/03/2025";"0000";"";"";"";"67,0";"67,0";"65,0";"";"";"";"1014,7";"1014,8";"1014,5";"1,3";"198,0";"3,9";"";"0,0"
"13/03/2025";"0100";"";"";"";"72,0";"72,0";"66,0";"";"";"";"1014,9";"1015,0";"1014,8";"0,7";"333,0";"4,3";"";"0,0"
"13/03/2025";"0200";"";"";"";"68,0";"72,0";"67,0";"";"";"";"1014,3";"1014,9";"1014,3";"1,0";"241,0";"3,0";"";"0,0"
"13/03/2025";"0300";"";"";"";"67,0";"68,0";"65,0";"";"";"";"1013,6";"1014,3";"1013,6";"1,0";"238,0";"3,6";"";"0,0"
"13/03/2025";"0400";"";"";"";"64,0";"67,0";"64,0";"";"";"";"1013,1";"1013,6";"1013,1";"1,3";"213,0";"3,7";"";"0,0"
"13/03/2025";"0500";"";"";"";"66,0";"67,0";"64,0";"";"";"";"1012,5";"1013,1";"1012,5";"1,2";"194,0";"3,7";"";"0,0"
"13/03/2025";"0600";"";"";"";"67,0";"68,0";"65,0";"";"";"";"1012,0";"1012,5";"1012,0";"1,3";"209,0";"3,6";"";"0,0"
"13/03/2025";"0700";"";"";"";"66,0";"68,0";"66,0";"";"";"";"1012,0";"1012,0";"1011,9";"1,5";"200,0";"4,5";"";"0,0"
"13/03/2025";"0800";"";"";"";"65,0";"67,0";"64,0";"";"";"";"1012,6";"1012,6";"1012,0";"1,3";"190,0";"4,6";"";"0,0"
"13/03/2025";"0900";"";"";"";"75,0";"75,0";"65,0";"";"";"";"1012,9";"1013,0";"1012,6";"1,2";"213,0";"5,4";"13,50";"0,0"
"13/03/2025";"1000";"";"";"";"62,0";"76,0";"61,0";"";"";"";"1013,3";"1013,3";"1012,9";"1,5";"191,0";"4,2";"514,00";"0,0"
"13/03/2025";"1100";"";"";"";"61,0";"64,0";"61,0";"";"";"";"1013,8";"1013,9";"1013,3";"2,0";"194,0";"4,9";"1171,50";"0,0"
"13/03/2025";"1200";"";"";"";"55,0";"62,0";"55,0";"";"";"";"1014,0";"1014,1";"1013,8";"1,7";"176,0";"5,9";"2056,40";"0,0"
"13/03/2025";"1300";"";"";"";"60,0";"61,0";"53,0";"";"";"";"1014,4";"1014,5";"1014,0";"1,0";"35,0";"4,9";"1659,70";"0,0"
"13/03/2025";"1400";"";"";"";"57,0";"65,0";"49,0";"";"";"";"1013,8";"1014,4";"1013,8";"3,4";"75,0";"6,4";"2695,20";"0,0"
"13/03/2025";"1500";"";"";"";"75,0";"77,0";"54,0";"";"";"";"1013,2";"1013,8";"1013,2";"1,0";"21,0";"6,9";"2222,70";"1,8"
"13/03/2025";"1600";"";"";"";"61,0";"77,0";"60,0";"";"";"";"1012,3";"1013,2";"1012,3";"1,5";"159,0";"4,7";"2235,40";"0,0"
"13/03/2025";"1700";"";"";"";"57,0";"63,0";"55,0";"";"";"";"1011,9";"1012,3";"1011,9";"1,9";"165,0";"6,5";"2292,90";"0,0"
"13/03/2025";"1800";"";"";"";"54,0";"58,0";"50,0";"";"";"";"1011,8";"1012,0";"1011,7";"1,9";"188,0";"6,6";"2231,00";"0,0"
"13/03/2025";"1900";"";"";"";"53,0";"55,0";"52,0";"";"";"";"1011,8";"1011,9";"1011,7";"1,3";"160,0";"6,3";"1629,50";"0,0"
"13/03/2025";"2000";"";"";"";"61,0";"61,0";"53,0";"";"";"";"1012,0";"1012,0";"1011,8";"1,5";"201,0";"5,7";"773,20";"0,0"
"13/03/2025";"2100";"";"";"";"77,0";"78,0";"60,0";"";"";"";"1012,3";"1012,3";"1011,9";"1,3";"200,0";"5,7";"139,20";"0,2"
"13/03/2025";"2200";"";"";"";"70,0";"77,0";"70,0";"";"";"";"1012,8";"1012,8";"1012,3";"1,0";"205,0";"3,1";"";"0,0"
"13/03/2025";"2300";"";"";"";"72,0";"73,0";"68,0";"";"";"";"1013,3";"1013,3";"1012,8";"1,0";"202,0";"3,0";"";"0,0"
"14/03/2025";"0000";"";"";"";"73,0";"73,0";"71,0";"";"";"";"1013,6";"1013,6";"1013,3";"1,3";"213,0";"4,7";"";"0,0"
"14/03/2025";"0100";"";"";"";"75,0";"76,0";"73,0";"";"";"";"1013,6";"1013,8";"1013,6";"0,9";"253,0";"3,7";"";"0,0"
"14/03/2025";"0200";"";"";"";"76,0";"78,0";"75,0";"";"";"";"1013,2";"1013,6";"1013,2";"0,9";"324,0";"3,7";"";"0,0"
"14/03/2025";"0300";"";"";"";"73,0";"78,0";"72,0";"";"";"";"1012,6";"1013,2";"1012,6";"1,3";"45,0";"4,1";"";"0,0"
"14/03/2025";"0400";"";"";"";"78,0";"78,0";"73,0";"";"";"";"1012,1";"1012,6";"1012,0";"0,8";"318,0";"4,1";"";"0,0"
"14/03/2025";"0500";"";"";"";"74,0";"78,0";"74,0";"";"";"";"1011,8";"1012,1";"1011,7";"1,0";"53,0";"2,6";"";"0,0"
"14/03/2025";"0600";"";"";"";"72,0";"74,0";"72,0";"";"";"";"1011,6";"1011,8";"1011,6";"0,7";"296,0";"3,8";"";"0,0"
"14/03/2025";"0700";"";"";"";"76,0";"76,0";"72,0";"";"";"";"1011,7";"1011,7";"1011,6";"1,0";"209,0";"3,4";"";"0,0"
"14/03/2025";"0800";"";"";"";"77,0";"78,0";"76,0";"";"";"";"1012,0";"1012,0";"1011,7";"1,1";"221,0";"3,0";"";"0,0"
"14/03/2025";"0900";"";"";"";"81,0";"81,0";"77,0";"";"";"";"1012,5";"1012,5";"1012,0";"2,5";"29,0";"5,2";"2,60";"0,0"
"14/03/2025";"1000";"";"";"";"88,0";"88,0";"81,0";"";"";"";"1013,1";"1013,1";"1012,5";"1,3";"58,0";"5,2";"73,60";"6,2"
"14/03/2025";"1100";"";"";"";"88,0";"88,0";"87,0";"";"";"";"1013,7";"1013,8";"1013,1";"1,3";"37,0";"3,0";"374,10";"2,8"
"14/03/2025";"1200";"";"";"";"78,0";"88,0";"78,0";"";"";"";"1013,5";"1013,7";"1013,5";"0,8";"135,0";"2,9";"1082,40";"0,2"
"14/03/2025";"1300";"";"";"";"65,0";"78,0";"65,0";"";"";"";"1013,6";"1013,6";"1013,5";"1,4";"182,0";"3,4";"2080,40";"0,0"
"14/03/2025";"1400";"";"";"";"59,0";"68,0";"59,0";"";"";"";"1013,0";"1013,6";"1012,9";"1,7";"99,0";"4,4";"2594,10";"0,0"
"14/03/2025";"1500";"";"";"";"62,0";"66,0";"59,0";"";"";"";"1012,1";"1013,0";"1012,1";"2,0";"179,0";"4,9";"2865,90";"0,0"
"14/03/2025";"1600";"";"";"";"62,0";"66,0";"56,0";"";"";"";"1011,2";"1012,2";"1011,2";"1,4";"96,0";"5,2";"2819,60";"0,0"
"14/03/2025";"1700";"";"";"";"65,0";"66,0";"56,0";"";"";"";"1010,2";"1011,2";"1010,2";"1,7";"114,0";"6,1";"2605,30";"0,0"
"14/03/2025";"1800";"";"";"";"61,0";"66,0";"59,0";"";"";"";"1009,7";"1010,2";"1009,7";"1,5";"123,0";"6,2";"2199,60";"0,0"
"14/03/2025";"1900";"";"";"";"62,0";"63,0";"58,0";"";"";"";"1009,9";"1009,9";"1009,6";"1,3";"73,0";"5,1";"1532,20";"0,0"
"14/03/2025";"2000";"";"";"";"62,0";"64,0";"61,0";"";"";"";"1010,2";"1010,2";"1009,9";"1,0";"2,0";"4,2";"742,40";"0,0"
"14/03/2025";"2100";"";"";"";"66,0";"67,0";"60,0";"";"";"";"1010,6";"1010,6";"1010,0";"1,3";"68,0";"5,7";"121,30";"0,0"
"14/03/2025";"2200";"";"";"";"65,0";"66,0";"64,0";"";"";"";"1011,2";"1011,2";"1010,6";"2,7";"82,0";"6,8";"";"0,0"
"14/03/2025";"2300";"";"";"";"64,0";"68,0";"63,0";"";"";"";"1012,1";"1012,1";"1011,2";"2,4";"85,0";"6,9";"";"0,0"
"15/03/2025";"0000";"";"";"";"70,0";"70,0";"64,0";"";"";"";"1012,7";"1012,8";"1012,1";"2,5";"79,0";"6,7";"";"0,0"
"15/03/2025";"0100";"";"";"";"66,0";"70,0";"62,0";"";"";"";"1013,0";"1013,1";"1012,7";"3,3";"88,0";"7,3";"";"0,0"
"15/03/2025";"0200";"";"";"";"67,0";"71,0";"66,0";"";"";"";"1012,8";"1013,2";"1012,8";"3,6";"90,0";"7,6";"";"0,0"
"15/03/2025";"0300";"";"";"";"69,0";"70,0";"67,0";"";"";"";"1012,3";"1012,8";"1012,3";"3,4";"88,0";"6,5";"";"0,0"
"15/03/2025";"0400";"";"";"";"68,0";"70,0";"67,0";"";"";"";"1011,8";"1012,3";"1011,8";"2,7";"88,0";"6,3";"";"0,0"
"15/03/2025";"0500";"";"";"";"69,0";"71,0";"68,0";"";"";"";"1011,4";"1011,8";"1011,4";"2,4";"88,0";"5,7";"";"0,0"
"15/03/2025";"0600";"";"";"";"72,0";"72,0";"68,0";"";"";"";"1011,2";"1011,5";"1011,1";"2,1";"86,0";"5,2";"";"0,0"
"15/03/2025";"0700";"";"";"";"71,0";"73,0";"69,0";"";"";"";"1011,3";"1011,4";"1011,1";"3,0";"90,0";"5,3";"";"0,0"
"15/03/2025";"0800";"";"";"";"71,0";"73,0";"69,0";"";"";"";"1011,4";"1011,5";"1011,2";"3,1";"87,0";"6,0";"";"0,0"
"15/03/2025";"0900";"";"";"";"71,0";"73,0";"69,0";"";"";"";"1011,9";"1011,9";"1011,4";"2,6";"89,0";"5,9";"34,40";"0,0"
"15/03/2025";"1000";"";"";"";"67,0";"71,0";"66,0";"";"";"";"1012,2";"1012,2";"1011,9";"2,7";"87,0";"5,0";"490,00";"0,0"
"15/03/2025";"1100";"";"";"";"70,0";"72,0";"67,0";"";"";"";"1013,0";"1013,0";"1012,2";"2,1";"36,0";"4,8";"796,80";"0,0"
"15/03/2025";"1200";"";"";"";"65,0";"74,0";"63,0";"";"";"";"1013,2";"1013,2";"1013,0";"2,6";"73,0";"5,0";"1832,40";"0,0"
"15/03/2025";"1300";"";"";"";"63,0";"68,0";"62,0";"";"";"";"1013,3";"1013,4";"1013,2";"3,2";"90,0";"6,0";"2531,20";"0,0"
"15/03/2025";"1400";"";"";"";"64,0";"66,0";"62,0";"";"";"";"1012,9";"1013,3";"1012,9";"3,3";"81,0";"7,4";"2789,00";"0,0"
"15/03/2025";"1500";"";"";"";"64,0";"66,0";"62,0";"";"";"";"1012,1";"1012,9";"1012,0";"4,0";"91,0";"7,4";"2914,10";"0,0"
"15/03/2025";"1600";"";"";"";"61,0";"66,0";"61,0";"";"";"";"1011,1";"1012,1";"1011,1";"3,9";"85,0";"8,6";"2921,40";"0,0"
"15/03/2025";"1700";"";"";"";"60,0";"63,0";"58,0";"";"";"";"1010,4";"1011,1";"1010,4";"4,5";"87,0";"8,6";"2727,10";"0,0"
"15/03/2025";"1800";"";"";"";"63,0";"64,0";"59,0";"";"";"";"1010,1";"1010,5";"1010,0";"3,9";"89,0";"7,9";"2241,50";"0,0"
"15/03/2025";"1900";"";"";"";"67,0";"67,0";"60,0";"";"";"";"1010,0";"1010,2";"1009,9";"3,8";"85,0";"8,0";"1603,30";"0,0"
"15/03/2025";"2000";"";"";"";"67,0";"68,0";"63,0";"";"";"";"1010,4";"1010,4";"1009,9";"3,6";"86,0";"7,7";"859,00";"0,0"
"15/03/2025";"2100";"";"";"";"68,0";"69,0";"65,0";"";"";"";"1010,9";"1010,9";"1010,3";"3,2";"86,0";"7,6";"111,80";"0,0"
"15/03/2025";"2200";"";"";"";"70,0";"71,0";"67,0";"";"";"";"1011,2";"1011,3";"1010,8";"3,2";"86,0";"7,3";"";"0,0"
"15/03/2025";"2300";"";"";"";"70,0";"72,0";"69,0";"";"";"";"1012,0";"1012,0";"1011,2";"4,2";"93,0";"7,4";"";"0,0"
"16/03/2025";"0000";"";"";"";"70,0";"71,0";"68,0";"";"";"";"1012,9";"1012,9";"1012,0";"3,1";"84,0";"7,5";"";"0,0"
"16/03/2025";"0100";"";"";"";"71,0";"71,0";"69,0";"";"";"";"1013,4";"1013,4";"1013,0";"3,4";"87,0";"7,0";"";"0,0"
"16/03/2025";"0200";"";"";"";"71,0";"72,0";"70,0";"";"";"";"1013,6";"1013,6";"1013,4";"3,4";"86,0";"8,2";"";"0,0"
"16/03/2025";"0300";"";"";"";"72,0";"73,0";"70,0";"";"";"";"1013,2";"1013,6";"1013,2";"3,6";"86,0";"8,2";"";"0,0"
"16/03/2025";"0400";"";"";"";"71,0";"73,0";"70,0";"";"";"";"1012,8";"1013,2";"1012,8";"2,8";"80,0";"7,0";"";"0,0"
"16/03/2025";"0500";"";"";"";"72,0";"76,0";"69,0";"";"";"";"1012,5";"1012,8";"1012,4";"3,4";"86,0";"7,4";"";"0,0"
"16/03/2025";"0600";"";"";"";"72,0";"73,0";"69,0";"";"";"";"1012,4";"1012,5";"1012,3";"3,0";"85,0";"6,3";"";"0,0"
"16/03/2025";"0700";"";"";"";"69,0";"72,0";"69,0";"";"";"";"1012,2";"1012,4";"1012,1";"3,0";"83,0";"6,5";"";"0,0"
"16/03/2025";"0800";"";"";"";"71,0";"71,0";"68,0";"";"";"";"1012,7";"1012,7";"1012,2";"2,8";"80,0";"6,5";"";"0,0"
"16/03/2025";"0900";"";"";"";"72,0";"72,0";"71,0";"";"";"";"1013,2";"1013,2";"1012,7";"2,0";"69,0";"5,5";"17,00";"0,0"
"16/03/2025";"1000";"";"";"";"67,0";"72,0";"65,0";"";"";"";"1013,7";"1013,7";"1013,2";"2,4";"84,0";"5,9";"427,30";"0,0"
"16/03/2025";"1100";"";"";"";"63,0";"68,0";"61,0";"";"";"";"1014,3";"1014,3";"1013,7";"3,0";"85,0";"6,0";"1289,20";"0,0"
"16/03/2025";"1200";"";"";"";"60,0";"67,0";"59,0";"";"";"";"1014,6";"1014,7";"1014,3";"3,2";"87,0";"5,5";"1689,30";"0,0"
"16/03/2025";"1300";"";"";"";"59,0";"61,0";"56,0";"";"";"";"1014,5";"1014,7";"1014,5";"3,4";"91,0";"6,3";"2536,10";"0,0"
"16/03/2025";"1400";"";"";"";"60,0";"60,0";"56,0";"";"";"";"1014,2";"1014,5";"1014,2";"3,6";"81,0";"6,6";"2829,10";"0,0"
"16/03/2025";"1500";"";"";"";"60,0";"62,0";"57,0";"";"";"";"1013,3";"1014,2";"1013,3";"3,3";"87,0";"6,4";"2936,50";"0,0"
"16/03/2025";"1600";"";"";"";"58,0";"62,0";"56,0";"";"";"";"1012,7";"1013,3";"1012,7";"2,4";"80,0";"6,2";"2941,70";"0,0"
"16/03/2025";"1700";"";"";"";"60,0";"61,0";"56,0";"";"";"";"1012,0";"1012,8";"1012,0";"2,9";"81,0";"6,5";"2732,40";"0,0"
"16/03/2025";"1800";"";"";"";"60,0";"63,0";"56,0";"";"";"";"1011,7";"1012,0";"1011,7";"2,7";"87,0";"7,0";"2227,80";"0,0"
"16/03/2025";"1900";"";"";"";"62,0";"64,0";"59,0";"";"";"";"1011,7";"1011,8";"1011,6";"2,6";"78,0";"7,5";"1606,40";"0,0"
"16/03/2025";"2000";"";"";"";"65,0";"66,0";"62,0";"";"";"";"1012,1";"1012,1";"1011,7";"2,6";"79,0";"7,9";"814,20";"0,0"
"16/03/2025";"2100";"";"";"";"69,0";"70,0";"65,0";"";"";"";"1012,6";"1012,6";"1012,1";"3,7";"89,0";"7,8";"74,60";"0,0"
"16/03/2025";"2200";"";"";"";"70,0";"71,0";"69,0";"";"";"";"1013,1";"1013,1";"1012,5";"4,2";"89,0";"7,7";"";"0,0"
"16/03/2025";"2300";"";"";"";"72,0";"72,0";"68,0";"";"";"";"1013,8";"1013,8";"1013,1";"3,4";"88,0";"8,3";"";"0,0"
"17/03/2025";"0000";"";"";"";"70,0";"72,0";"66,0";"";"";"";"1014,3";"1014,3";"1013,8";"3,8";"88,0";"8,3";"";"0,0"
"17/03/2025";"0100";"";"";"";"70,0";"72,0";"69,0";"";"";"";"1014,7";"1014,7";"1014,3";"3,7";"89,0";"7,8";"";"0,0"
"17/03/2025";"0200";"";"";"";"70,0";"73,0";"69,0";"";"";"";"1015,1";"1015,1";"1014,6";"3,7";"88,0";"7,2";"";"0,0"
"17/03/2025";"0300";"";"";"";"69,0";"71,0";"68,0";"";"";"";"1014,5";"1015,1";"1014,5";"3,2";"88,0";"7,2";"";"0,0"
"17/03/2025";"0400";"";"";"";"72,0";"73,0";"68,0";"";"";"";"1013,7";"1014,5";"1013,7";"3,4";"91,0";"6,7";"";"0,0"
"17/03/2025";"0500";"";"";"";"73,0";"73,0";"70,0";"";"";"";"1013,4";"1013,7";"1013,4";"3,0";"81,0";"6,6";"";"0,0"
"17/03/2025";"0600";"";"";"";"70,0";"73,0";"68,0";"";"";"";"1013,2";"1013,4";"1013,1";"3,2";"88,0";"6,1";"";"0,0"
"17/03/2025";"0700";"";"";"";"70,0";"72,0";"69,0";"";"";"";"1013,7";"1013,7";"1013,1";"2,5";"80,0";"5,9";"";"0,0"
"17/03/2025";"0800";"";"";"";"70,0";"71,0";"68,0";"";"";"";"1013,9";"1014,0";"1013,6";"2,2";"77,0";"5,4";"";"0,0"
"17/03/2025";"0900";"";"";"";"70,0";"72,0";"70,0";"";"";"";"1014,3";"1014,3";"1013,9";"1,9";"72,0";"4,6";"21,60";"0,0"
"17/03/2025";"1000";"";"";"";"66,0";"69,0";"66,0";"";"";"";"1014,7";"1014,7";"1014,3";"2,7";"86,0";"4,6";"313,50";"0,0"
"17/03/2025";"1100";"";"";"";"65,0";"66,0";"62,0";"";"";"";"1015,2";"1015,2";"1014,7";"3,3";"88,0";"6,5";"1063,20";"0,0"
"17/03/2025";"1200";"";"";"";"59,0";"67,0";"59,0";"";"";"";"1015,6";"1015,6";"1015,2";"3,4";"88,0";"6,5";"1877,20";"0,0"
"17/03/2025";"1300";"";"";"";"59,0";"62,0";"56,0";"";"";"";"1015,6";"1015,7";"1015,5";"3,4";"94,0";"6,1";"2476,50";"0,0"
"17/03/2025";"1400";"";"";"";"56,0";"62,0";"55,0";"";"";"";"1015,2";"1015,6";"1015,2";"2,5";"78,0";"5,9";"2833,50";"0,0"
"17/03/2025";"1500";"";"";"";"58,0";"60,0";"55,0";"";"";"";"1014,4";"1015,3";"1014,4";"2,8";"81,0";"6,6";"2960,90";"0,0"
"17/03/2025";"1600";"";"";"";"57,0";"59,0";"52,0";"";"";"";"1013,6";"1014,4";"1013,6";"3,0";"83,0";"6,8";"2936,80";"0,0"
"17/03/2025";"1700";"";"";"";"54,0";"59,0";"54,0";"";"";"";"1012,8";"1013,7";"1012,8";"1,9";"68,0";"6,2";"2670,60";"0,0"
"17/03/2025";"1800";"";"";"";"57,0";"58,0";"52,0";"";"";"";"1012,4";"1012,8";"1012,4";"1,7";"93,0";"5,5";"2238,30";"0,0"
"17/03/2025";"1900";"";"";"";"58,0";"59,0";"53,0";"";"";"";"1011,9";"1012,4";"1011,9";"1,7";"66,0";"5,5";"1559,50";"0,0"
"17/03/2025";"2000";"";"";"";"61,0";"61,0";"56,0";"";"";"";"1012,0";"1012,0";"1011,9";"1,4";"86,0";"4,9";"842,70";"0,0"
"17/03/2025";"2100";"";"";"";"65,0";"67,0";"61,0";"";"";"";"1012,5";"1012,5";"1012,0";"1,2";"298,0";"4,4";"81,20";"0,0"
"17/03/2025";"2200";"";"";"";"68,0";"68,0";"65,0";"";"";"";"1013,1";"1013,1";"1012,5";"1,2";"346,0";"4,1";"";"0,0"
"17/03/2025";"2300";"";"";"";"68,0";"68,0";"66,0";"";"";"";"1013,9";"1013,9";"1013,1";"1,4";"74,0";"4,6";"";"0,0"
"18/03/2025";"0000";"";"";"";"65,0";"68,0";"64,0";"";"";"";"1014,7";"1014,7";"1013,8";"2,8";"83,0";"6,8";"";"0,0"
"18/03/2025";"0100";"";"";"";"68,0";"68,0";"64,0";"";"";"";"1015,0";"1015,1";"1014,7";"1,9";"69,0";"6,8";"";"0,0"
"18/03/2025";"0200";"";"";"";"66,0";"68,0";"64,0";"";"";"";"1014,4";"1015,0";"1014,4";"3,2";"87,0";"6,5";"";"0,0"
"18/03/2025";"0300";"";"";"";"66,0";"68,0";"65,0";"";"";"";"1014,0";"1014,4";"1014,0";"2,9";"90,0";"6,5";"";"0,0"
"18/03/2025";"0400";"";"";"";"66,0";"68,0";"63,0";"";"";"";"1013,6";"1014,0";"1013,5";"2,9";"89,0";"5,9";"";"0,0"
"18/03/2025";"0500";"";"";"";"67,0";"68,0";"65,0";"";"";"";"1013,1";"1013,6";"1013,1";"2,5";"87,0";"5,9";"";"0,0"
"18/03/2025";"0600";"";"";"";"68,0";"69,0";"65,0";"";"";"";"1012,7";"1013,1";"1012,7";"2,0";"84,0";"5,4";"";"0,0"
"18/03/2025";"0700";"";"";"";"68,0";"69,0";"66,0";"";"";"";"1012,7";"1012,8";"1012,6";"2,1";"63,0";"4,6";"";"0,0"
"18/03/2025";"0800";"";"";"";"76,0";"76,0";"68,0";"";"";"";"1012,8";"1012,8";"1012,7";"1,0";"45,0";"3,7";"";"0,0"
"18/03/2025";"0900";"";"";"";"76,0";"77,0";"76,0";"";"";"";"1013,3";"1013,3";"1012,7";"1,3";"13,0";"3,3";"13,10";"0,0"
"18/03/2025";"1000";"";"";"";"72,0";"76,0";"72,0";"";"";"";"1013,8";"1013,8";"1013,3";"1,7";"358,0";"3,5";"367,30";"0,0"
"18/03/2025";"1100";"";"";"";"64,0";"72,0";"63,0";"";"";"";"1014,4";"1014,4";"1013,8";"2,9";"50,0";"4,5";"1214,00";"0,0"
"18/03/2025";"1200";"";"";"";"66,0";"76,0";"60,0";"";"";"";"1014,7";"1014,8";"1014,4";"2,4";"75,0";"5,7";"1494,60";"0,2"
"18/03/2025";"1300";"";"";"";"67,0";"71,0";"58,0";"";"";"";"1014,7";"1014,8";"1014,6";"4,9";"95,0";"8,6";"2448,40";"0,0"
"18/03/2025";"1400";"";"";"";"53,0";"67,0";"53,0";"";"";"";"1014,1";"1014,8";"1014,1";"2,7";"92,0";"8,1";"2728,20";"0,0"
"18/03/2025";"1500";"";"";"";"58,0";"59,0";"50,0";"";"";"";"1013,1";"1014,1";"1013,1";"2,9";"89,0";"5,6";"2887,80";"0,0"
"18/03/2025";"1600";"";"";"";"61,0";"61,0";"56,0";"";"";"";"1012,2";"1013,1";"1012,2";"3,7";"85,0";"7,3";"2892,20";"0,0"
"18/03/2025";"1700";"";"";"";"54,0";"61,0";"53,0";"";"";"";"1011,5";"1012,2";"1011,5";"2,7";"86,0";"7,3";"2686,30";"0,0"
"18/03/2025";"1800";"";"";"";"54,0";"57,0";"49,0";"";"";"";"1011,0";"1011,5";"1011,0";"3,8";"86,0";"6,6";"2235,40";"0,0"
"18/03/2025";"1900";"";"";"";"57,0";"59,0";"54,0";"";"";"";"1011,0";"1011,2";"1010,9";"3,7";"85,0";"6,9";"1582,10";"0,0"
"18/03/2025";"2000";"";"";"";"61,0";"63,0";"56,0";"";"";"";"1011,2";"1011,2";"1010,9";"2,5";"84,0";"6,6";"839,10";"0,0"
"18/03/2025";"2100";"";"";"";"64,0";"65,0";"60,0";"";"";"";"1011,4";"1011,4";"1011,1";"3,7";"91,0";"7,1";"68,20";"0,0"
"18/03/2025";"2200";"";"";"";"68,0";"69,0";"64,0";"";"";"";"1011,7";"1011,7";"1011,3";"3,8";"88,0";"7,5";"";"0,0"
"18/03/2025";"2300";"";"";"";"64,0";"68,0";"63,0";"";"";"";"1012,1";"1012,1";"1011,7";"3,5";"83,0";"7,3";"";"0,0"
"19/03/2025";"0000";"";"";"";"67,0";"67,0";"64,0";"";"";"";"1012,5";"1012,5";"1012,1";"3,3";"85,0";"7,3";"";"0,0"
"19/03/2025";"0100";"";"";"";"68,0";"69,0";"63,0";"";"";"";"1012,9";"1012,9";"1012,5";"3,3";"87,0";"6,9";"";"0,0"
"19/03/2025";"0200";"";"";"";"68,0";"69,0";"65,0";"";"";"";"1012,7";"1013,1";"1012,7";"2,8";"86,0";"6,1";"";"0,0"
"19/03/2025";"0300";"";"";"";"69,0";"70,0";"67,0";"";"";"";"1012,1";"1012,7";"1012,1";"3,3";"93,0";"5,3";"";"0,0"
"19/03/2025";"0400";"";"";"";"69,0";"70,0";"68,0";"";"";"";"1011,6";"1012,1";"1011,6";"2,5";"87,0";"6,1";"";"0,0"
"19/03/2025";"0500";"";"";"";"69,0";"69,0";"67,0";"";"";"";"1011,2";"1011,6";"1011,2";"2,9";"88,0";"5,9";"";"0,0"
"19/03/2025";"0600";"";"";"";"69,0";"71,0";"68,0";"";"";"";"1011,0";"1011,2";"1011,0";"3,1";"76,0";"5,6";"";"0,0"
"19/03/2025";"0700";"";"";"";"68,0";"71,0";"67,0";"";"";"";"1011,3";"1011,3";"1011,0";"2,2";"78,0";"5,3";"";"0,0"
"19/03/2025";"0800";"";"";"";"74,0";"75,0";"68,0";"";"";"";"1011,6";"1011,7";"1011,2";"1,5";"5,0";"4,7";"";"0,0"
"19/03/2025";"0900";"";"";"";"77,0";"77,0";"73,0";"";"";"";"1012,3";"1012,3";"1011,6";"1,4";"267,0";"3,4";"25,20";"0,0"
"19/03/2025";"1000";"";"";"";"69,0";"77,0";"69,0";"";"";"";"1013,0";"1013,0";"1012,3";"0,7";"357,0";"2,4";"403,10";"0,0"
"19/03/2025";"1100";"";"";"";"65,0";"71,0";"65,0";"";"";"";"1013,3";"1013,4";"1013,0";"1,9";"43,0";"3,5";"1088,30";"0,0"
"19/03/2025";"1200";"";"";"";"58,0";"67,0";"57,0";"";"";"";"1013,6";"1013,7";"1013,3";"3,7";"82,0";"6,4";"1665,70";"0,0"
"19/03/2025";"1300";"";"";"";"62,0";"62,0";"56,0";"";"";"";"1013,8";"1013,8";"1013,6";"3,9";"90,0";"6,7";"2475,80";"0,0"
"19/03/2025";"1400";"";"";"";"61,0";"62,0";"55,0";"";"";"";"1013,4";"1013,8";"1013,4";"4,1";"84,0";"7,2";"2787,10";"0,0"
"19/03/2025";"1500";"";"";"";"57,0";"62,0";"54,0";"";"";"";"1012,6";"1013,5";"1012,6";"3,9";"87,0";"8,0";"2895,40";"0,0"
"19/03/2025";"1600";"";"";"";"57,0";"60,0";"55,0";"";"";"";"1011,9";"1012,7";"1011,9";"4,6";"85,0";"8,8";"2895,10";"0,0"
"19/03/2025";"1700";"";"";"";"55,0";"59,0";"54,0";"";"";"";"1011,5";"1012,0";"1011,4";"3,8";"86,0";"8,8";"2671,00";"0,0"
"19/03/2025";"1800";"";"";"";"57,0";"60,0";"54,0";"";"";"";"1010,9";"1011,6";"1010,9";"4,5";"87,0";"7,8";"2217,60";"0,0"
"19/03/2025";"1900";"";"";"";"61,0";"61,0";"55,0";"";"";"";"1010,9";"1011,0";"1010,8";"3,9";"90,0";"7,5";"1568,00";"0,0"
"19/03/2025";"2000";"";"";"";"63,0";"63,0";"60,0";"";"";"";"1010,9";"1011,0";"1010,8";"4,2";"90,0";"8,0";"819,00";"0,0"
"19/03/2025";"2100";"";"";"";"64,0";"67,0";"62,0";"";"";"";"1011,0";"1011,0";"1010,6";"4,2";"90,0";"8,2";"76,00";"0,0"
"19/03/2025";"2200";"";"";"";"66,0";"67,0";"64,0";"";"";"";"1011,3";"1011,4";"1010,9";"4,3";"90,0";"8,9";"";"0,0"
"19/03/2025";"2300";"";"";"";"68,0";"69,0";"65,0";"";"";"";"1012,1";"1012,1";"1011,3";"3,7";"88,0";"7,3";"";"0,0"
"20/03/2025";"0000";"";"";"";"65,0";"69,0";"65,0";"";"";"";"1012,8";"1012,8";"1012,1";"3,3";"84,0";"6,5";"";"0,0"
"20/03/2025";"0100";"";"";"";"69,0";"69,0";"65,0";"";"";"";"1013,1";"1013,2";"1012,8";"3,2";"84,0";"7,0";"";"0,0"
"20/03/2025";"0200";"";"";"";"71,0";"71,0";"68,0";"";"";"";"1013,2";"1013,3";"1013,1";"2,9";"74,0";"8,1";"";"0,0"
"20/03/2025";"0300";"";"";"";"70,0";"72,0";"68,0";"";"";"";"1012,8";"1013,2";"1012,7";"3,5";"65,0";"7,0";"";"0,0"
"20/03/2025";"0400";"";"";"";"68,0";"70,0";"68,0";"";"";"";"1012,1";"1012,8";"1012,1";"3,4";"61,0";"6,7";"";"0,0"
"20/03/2025";"0500";"";"";"";"75,0";"75,0";"68,0";"";"";"";"1011,6";"1012,1";"1011,6";"1,9";"30,0";"6,7";"";"0,0"
"20/03/2025";"0600";"";"";"";"75,0";"76,0";"75,0";"";"";"";"1011,6";"1011,7";"1011,4";"2,0";"39,0";"4,0";"";"0,0"
"20/03/2025";"0700";"";"";"";"75,0";"75,0";"73,0";"";"";"";"1011,9";"1011,9";"1011,6";"1,9";"41,0";"4,6";"";"0,0"
"20/03/2025";"0800";"";"";"";"74,0";"77,0";"74,0";"";"";"";"1012,6";"1012,6";"1011,9";"1,3";"36,0";"3,9";"";"0,0"
"20/03/2025";"0900";"";"";"";"78,0";"78,0";"74,0";"";"";"";"1013,0";"1013,0";"1012,6";"1,5";"329,0";"3,4";"10,30";"0,0"
"20/03/2025";"1000";"";"";"";"72,0";"78,0";"72,0";"";"";"";"1013,7";"1013,7";"1013,0";"1,1";"346,0";"2,3";"532,70";"0,0"
"20/03/2025";"1100";"";"";"";"66,0";"72,0";"65,0";"";"";"";"1014,2";"1014,2";"1013,6";"2,3";"48,0";"4,5";"1249,70";"0,0"
"20/03/2025";"1200";"";"";"";"59,0";"69,0";"57,0";"";"";"";"1014,4";"1014,4";"1014,2";"3,2";"63,0";"6,0";"1685,70";"0,0"
"20/03/2025";"1300";"";"";"";"61,0";"63,0";"58,0";"";"";"";"1014,6";"1014,6";"1014,4";"3,4";"92,0";"6,8";"2509,40";"0,0"
"20/03/2025";"1400";"";"";"";"61,0";"63,0";"57,0";"";"";"";"1014,0";"1014,6";"1014,0";"3,8";"91,0";"6,9";"2781,30";"0,0"
"20/03/2025";"1500";"";"";"";"58,0";"63,0";"55,0";"";"";"";"1013,2";"1014,0";"1013,2";"2,9";"80,0";"6,5";"2887,30";"0,0"
"20/03/2025";"1600";"";"";"";"59,0";"59,0";"53,0";"";"";"";"1012,2";"1013,2";"1012,2";"3,2";"80,0";"5,9";"2881,90";"0,0"
"20/03/2025";"1700";"";"";"";"58,0";"60,0";"55,0";"";"";"";"1011,7";"1012,2";"1011,7";"3,0";"83,0";"7,5";"2665,90";"0,0"
"20/03/2025";"1800";"";"";"";"61,0";"62,0";"56,0";"";"";"";"1011,3";"1011,7";"1011,3";"2,5";"76,0";"7,5";"2207,50";"0,0"
"20/03/2025";"1900";"";"";"";"61,0";"62,0";"60,0";"";"";"";"1011,3";"1011,4";"1011,1";"2,3";"81,0";"6,4";"1563,00";"0,0"
"20/03/2025";"2000";"";"";"";"66,0";"67,0";"60,0";"";"";"";"1011,7";"1011,7";"1011,3";"2,3";"83,0";"6,5";"795,80";"0,0"
"20/03/2025";"2100";"";"";"";"71,0";"71,0";"66,0";"";"";"";"1011,9";"1011,9";"1011,6";"2,9";"84,0";"7,0";"78,80";"0,0"
"20/03/2025";"2200";"";"";"";"72,0";"73,0";"70,0";"";"";"";"1012,3";"1012,4";"1011,9";"3,3";"86,0";"8,0";"";"0,0"
"20/03/2025";"2300";"";"";"";"72,0";"74,0";"71,0";"";"";"";"1013,1";"1013,1";"1012,3";"4,1";"90,0";"8,0";"";"0,0"
"21/03/2025";"0000";"";"";"";"72,0";"74,0";"71,0";"";"";"";"1013,9";"1014,0";"1013,1";"3,8";"90,0";"7,2";"";"0,0"
"21/03/2025";"0100";"";"";"";"73,0";"73,0";"71,0";"";"";"";"1014,2";"1014,2";"1013,9";"3,2";"88,0";"7,0";"";"0,0"
"21/03/2025";"0200";"";"";"";"72,0";"73,0";"72,0";"";"";"";"1014,1";"1014,2";"1014,0";"3,5";"87,0";"7,8";"";"0,0"
"21/03/2025";"0300";"";"";"";"70,0";"74,0";"69,0";"";"";"";"1013,6";"1014,1";"1013,6";"2,9";"85,0";"6,1";"";"0,0"
"21/03/2025";"0400";"";"";"";"75,0";"75,0";"70,0";"";"";"";"1013,0";"1013,6";"1013,0";"1,3";"77,0";"5,4";"";"0,0"
"21/03/2025";"0500";"";"";"";"73,0";"75,0";"71,0";"";"";"";"1012,5";"1013,0";"1012,5";"2,6";"87,0";"5,6";"";"0,0"
"21/03/2025";"0600";"";"";"";"70,0";"73,0";"69,0";"";"";"";"1012,5";"1012,6";"1012,5";"1,9";"86,0";"6,5";"";"0,0"
"21/03/2025";"0700";"";"";"";"69,0";"71,0";"68,0";"";"";"";"1012,6";"1012,6";"1012,4";"2,4";"77,0";"6,5";"";"0,0"
"21/03/2025";"0800";"";"";"";"73,0";"73,0";"69,0";"";"";"";"1012,8";"1012,9";"1012,6";"1,7";"66,0";"4,6";"";"0,0"
"21/03/2025";"0900";"";"";"";"82,0";"82,0";"70,0";"";"";"";"1013,2";"1013,2";"1012,8";"0,8";"340,0";"6,6";"8,60";"0,6"
"21/03/2025";"1000";"";"";"";"89,0";"89,0";"82,0";"";"";"";"1014,0";"1014,0";"1013,2";"2,0";"73,0";"5,8";"85,00";"9,8"
"21/03/2025";"1100";"";"";"";"81,0";"89,0";"79,0";"";"";"";"1015,0";"1015,0";"1014,0";"2,6";"64,0";"5,3";"658,20";"0,0"
"21/03/2025";"1200";"";"";"";"83,0";"83,0";"79,0";"";"";"";"1015,7";"1015,8";"1015,0";"3,2";"38,0";"6,0";"783,30";"0,0"
"21/03/2025";"1300";"";"";"";"69,0";"83,0";"66,0";"";"";"";"1015,4";"1015,7";"1015,4";"2,1";"64,0";"5,9";"1573,30";"0,0"
"21/03/2025";"1400";"";"";"";"65,0";"70,0";"63,0";"";"";"";"1014,9";"1015,4";"1014,9";"2,1";"82,0";"4,2";"1704,90";"0,0"
"21/03/2025";"1500";"";"";"";"64,0";"69,0";"64,0";"";"";"";"1014,3";"1015,0";"1014,3";"2,2";"79,0";"7,9";"2131,00";"0,0"
"21/03/2025";"1600";"";"";"";"69,0";"69,0";"63,0";"";"";"";"1013,7";"1014,3";"1013,7";"1,2";"72,0";"5,2";"1269,70";"0,0"
"21/03/2025";"1700";"";"";"";"61,0";"69,0";"59,0";"";"";"";"1012,8";"1013,7";"1012,8";"1,7";"66,0";"5,6";"1772,20";"0,0"
"21/03/2025";"1800";"";"";"";"66,0";"69,0";"59,0";"";"";"";"1012,5";"1012,8";"1012,5";"1,2";"336,0";"4,6";"1454,00";"0,0"
"21/03/2025";"1900";"";"";"";"66,0";"66,0";"58,0";"";"";"";"1012,4";"1012,5";"1012,3";"1,7";"186,0";"5,4";"1259,30";"0,0"
"21/03/2025";"2000";"";"";"";"65,0";"69,0";"65,0";"";"";"";"1012,4";"1012,4";"1012,3";"1,0";"198,0";"5,4";"339,90";"0,0"
"21/03/2025";"2100";"";"";"";"69,0";"69,0";"65,0";"";"";"";"1012,8";"1012,8";"1012,4";"0,8";"237,0";"3,5";"59,80";"0,0"
"21/03/2025";"2200";"";"";"";"71,0";"71,0";"69,0";"";"";"";"1013,3";"1013,3";"1012,8";"0,9";"244,0";"3,6";"";"0,0"
"21/03/2025";"2300";"";"";"";"75,0";"75,0";"71,0";"";"";"";"1014,0";"1014,0";"1013,3";"0,6";"320,0";"2,7";"";"0,0"
"22/03/2025";"0000";"";"";"";"73,0";"76,0";"73,0";"";"";"";"1014,5";"1014,5";"1014,0";"0,7";"290,0";"2,9";"";"0,0"
"22/03/2025";"0100";"";"";"";"75,0";"75,0";"73,0";"";"";"";"1014,7";"1014,8";"1014,5";"1,0";"336,0";"3,3";"";"0,0"
"22/03/2025";"0200";"";"";"";"74,0";"75,0";"73,0";"";"";"";"1014,9";"1014,9";"1014,6";"0,7";"231,0";"3,0";"";"0,0"
"22/03/2025";"0300";"";"";"";"75,0";"75,0";"74,0";"";"";"";"1014,3";"1014,9";"1014,3";"0,7";"252,0";"3,4";"";"0,0"
"22/03/2025";"0400";"";"";"";"74,0";"75,0";"74,0";"";"";"";"1013,7";"1014,3";"1013,7";"1,2";"201,0";"4,5";"";"0,0"
"22/03/2025";"0500";"";"";"";"76,0";"76,0";"74,0";"";"";"";"1013,4";"1013,7";"1013,4";"0,5";"280,0";"4,5";"";"0,0"
"22/03/2025";"0600";"";"";"";"75,0";"76,0";"75,0";"";"";"";"1013,2";"1013,4";"1013,2";"1,3";"200,0";"4,4";"";"0,0"
"22/03/2025";"0700";"";"";"";"82,0";"82,0";"75,0";"";"";"";"1013,4";"1013,4";"1013,1";"0,7";"281,0";"2,8";"";"0,6"
"22/03/2025";"0800";"";"";"";"83,0";"83,0";"80,0";"";"";"";"1013,7";"1013,7";"1013,4";"2,2";"266,0";"4,2";"1,20";"0,0"
"22/03/2025";"0900";"";"";"";"85,0";"86,0";"83,0";"";"";"";"1014,2";"1014,2";"1013,7";"1,1";"271,0";"4,2";"15,20";"0,0"
"22/03/2025";"1000";"";"";"";"85,0";"86,0";"85,0";"";"";"";"1014,8";"1014,8";"1014,2";"1,9";"342,0";"4,6";"322,20";"0,0"
"22/03/2025";"1100";"";"";"";"81,0";"86,0";"80,0";"";"";"";"1015,3";"1015,4";"1014,8";"1,3";"339,0";"4,7";"570,60";"0,0"
"22/03/2025";"1200";"";"";"";"68,0";"81,0";"68,0";"";"";"";"1015,3";"1015,4";"1015,3";"1,5";"345,0";"3,8";"1247,60";"0,0"
"22/03/2025";"1300";"";"";"";"69,0";"70,0";"65,0";"";"";"";"1015,1";"1015,3";"1015,1";"1,8";"43,0";"4,8";"752,10";"0,0"
"22/03/2025";"1400";"";"";"";"71,0";"79,0";"69,0";"";"";"";"1014,5";"1015,1";"1014,4";"2,2";"90,0";"4,3";"1307,90";"0,0"
"22/03/2025";"1500";"";"";"";"67,0";"73,0";"64,0";"";"";"";"1013,7";"1014,5";"1013,7";"3,0";"91,0";"6,2";"2072,60";"0,0"
"22/03/2025";"1600";"";"";"";"66,0";"81,0";"65,0";"";"";"";"1012,6";"1013,7";"1012,6";"3,4";"90,0";"6,2";"2004,30";"0,2"
"22/03/2025";"1700";"";"";"";"63,0";"69,0";"61,0";"";"";"";"1012,1";"1012,6";"1012,1";"3,3";"89,0";"5,9";"2653,70";"0,0"
"22/03/2025";"1800";"";"";"";"65,0";"66,0";"61,0";"";"";"";"1011,6";"1012,1";"1011,6";"3,0";"86,0";"5,9";"2306,90";"0,0"
"22/03/2025";"1900";"";"";"";"61,0";"68,0";"61,0";"";"";"";"1011,6";"1011,6";"1011,4";"3,1";"88,0";"6,1";"884,50";"0,0"
"22/03/2025";"2000";"";"";"";"65,0";"67,0";"61,0";"";"";"";"1011,7";"1011,7";"1011,5";"2,7";"87,0";"6,4";"467,30";"0,0"
"22/03/2025";"2100";"";"";"";"67,0";"68,0";"63,0";"";"";"";"1012,1";"1012,2";"1011,7";"2,4";"87,0";"5,4";"55,10";"0,0"
"22/03/2025";"2200";"";"";"";"69,0";"71,0";"66,0";"";"";"";"1012,8";"1012,8";"1012,1";"3,3";"88,0";"6,3";"";"0,0"
"22/03/2025";"2300";"";"";"";"69,0";"69,0";"65,0";"";"";"";"1013,1";"1013,1";"1012,8";"3,9";"90,0";"6,5";"";"0,0"
"23/03/2025";"0000";"";"";"";"68,0";"71,0";"67,0";"";"";"";"1013,7";"1013,7";"1013,1";"3,7";"88,0";"7,0";"";"0,0"
"23/03/2025";"0100";"";"";"";"69,0";"75,0";"68,0";"";"";"";"1014,1";"1014,1";"1013,7";"2,7";"89,0";"7,0";"";"0,0"
"23/03/2025";"0200";"";"";"";"68,0";"70,0";"66,0";"";"";"";"1013,8";"1014,2";"1013,8";"3,3";"88,0";"6,6";"";"0,0"
"23/03/2025";"0300";"";"";"";"79,0";"80,0";"68,0";"";"";"";"1013,2";"1013,8";"1013,2";"1,0";"261,0";"6,5";"";"0,0"
"23/03/2025";"0400";"";"";"";"80,0";"80,0";"78,0";"";"";"";"1012,6";"1013,2";"1012,6";"1,0";"243,0";"3,8";"";"0,0"
"23/03/2025";"0500";"";"";"";"79,0";"81,0";"79,0";"";"";"";"1012,2";"1012,6";"1012,2";"0,8";"321,0";"3,7";"";"0,0"
"23/03/2025";"0600";"";"";"";"80,0";"81,0";"79,0";"";"";"";"1011,9";"1012,3";"1011,9";"3,0";"87,0";"6,6";"";"0,0"
"23/03/2025";"0700";"";"";"";"77,0";"80,0";"72,0";"";"";"";"1012,3";"1012,3";"1011,9";"2,1";"32,0";"7,1";"";"0,0"
"23/03/2025";"0800";"";"";"";"81,0";"81,0";"77,0";"";"";"";"1012,9";"1012,9";"1012,2";"1,8";"261,0";"5,0";"";"0,0"
"23/03/2025";"0900";"";"";"";"86,0";"86,0";"81,0";"";"";"";"1013,5";"1013,5";"1012,9";"2,2";"256,0";"3,6";"22,20";"2,0"
"23/03/2025";"1000";"";"";"";"87,0";"88,0";"86,0";"";"";"";"1014,4";"1014,4";"1013,5";"1,0";"357,0";"4,3";"234,20";"4,0"
"23/03/2025";"1100";"";"";"";"89,0";"89,0";"86,0";"";"";"";"1014,8";"1014,8";"1014,2";"1,9";"217,0";"4,5";"212,80";"10,0"
"23/03/2025";"1200";"";"";"";"88,0";"90,0";"88,0";"";"";"";"1014,9";"1015,1";"1014,6";"0,6";"67,0";"2,9";"972,60";"0,2"
"23/03/2025";"1300";"";"";"";"74,0";"88,0";"73,0";"";"";"";"1014,7";"1015,0";"1014,6";"2,0";"84,0";"4,9";"1886,20";"0,0"
"23/03/2025";"1400";"";"";"";"67,0";"78,0";"59,0";"";"";"";"1014,2";"1014,7";"1014,2";"3,4";"94,0";"6,4";"2737,30";"0,0"
"23/03/2025";"1500";"";"";"";"67,0";"70,0";"63,0";"";"";"";"1013,3";"1014,2";"1013,3";"2,3";"83,0";"6,1";"2482,80";"0,0"
"23/03/2025";"1600";"";"";"";"63,0";"69,0";"63,0";"";"";"";"1012,4";"1013,3";"1012,4";"4,0";"87,0";"7,1";"2845,10";"0,0"
"23/03/2025";"1700";"";"";"";"64,0";"66,0";"60,0";"";"";"";"1011,6";"1012,4";"1011,6";"4,1";"87,0";"7,9";"2630,50";"0,0"
"23/03/2025";"1800";"";"";"";"64,0";"66,0";"62,0";"";"";"";"1011,2";"1011,7";"1011,2";"3,4";"83,0";"7,4";"2175,20";"0,0"
"23/03/2025";"1900";"";"";"";"66,0";"67,0";"63,0";"";"";"";"1011,4";"1011,4";"1011,1";"3,6";"84,0";"7,8";"1540,40";"0,0"
"23/03/2025";"2000";"";"";"";"64,0";"68,0";"62,0";"";"";"";"1011,8";"1011,9";"1011,4";"1,7";"73,0";"6,4";"666,30";"0,0"
"23/03/2025";"2100";"";"";"";"67,0";"67,0";"63,0";"";"";"";"1011,9";"1012,0";"1011,7";"0,8";"329,0";"6,1";"40,20";"0,0"
"23/03/2025";"2200";"";"";"";"66,0";"68,0";"64,0";"";"";"";"1012,1";"1012,1";"1011,8";"2,5";"78,0";"6,3";"";"0,0"
"23/03/2025";"2300";"";"";"";"68,0";"69,0";"65,0";"";"";"";"1012,3";"1012,4";"1012,1";"3,5";"88,0";"7,0";"";"0,0"
"24/03/2025";"0000";"";"";"";"68,0";"69,0";"67,0";"";"";"";"1012,8";"1012,8";"1012,3";"3,6";"85,0";"7,0";"";"0,0"
"24/03/2025";"0100";"";"";"";"69,0";"70,0";"67,0";"";"";"";"1012,9";"1012,9";"1012,7";"3,8";"89,0";"8,5";"";"0,0"
"24/03/2025";"0200";"";"";"";"67,0";"69,0";"66,0";"";"";"";"1012,7";"1012,9";"1012,6";"3,6";"88,0";"6,8";"";"0,0"
"24/03/2025";"0300";"";"";"";"66,0";"68,0";"66,0";"";"";"";"1012,2";"1012,7";"1012,2";"3,3";"79,0";"7,3";"";"0,0"
"24/03/2025";"0400";"";"";"";"68,0";"69,0";"66,0";"";"";"";"1011,8";"1012,2";"1011,8";"2,9";"83,0";"6,6";"";"0,0"
"24/03/2025";"0500";"";"";"";"67,0";"68,0";"65,0";"";"";"";"1012,1";"1012,3";"1011,8";"2,7";"81,0";"6,5";"";"0,0"
"24/03/2025";"0600";"";"";"";"65,0";"68,0";"64,0";"";"";"";"1011,7";"1012,2";"1011,7";"2,6";"72,0";"5,6";"";"0,0"
"24/03/2025";"0700";"";"";"";"68,0";"69,0";"65,0";"";"";"";"1011,8";"1011,8";"1011,6";"2,2";"85,0";"5,2";"";"0,0"
"24/03/2025";"0800";"";"";"";"69,0";"70,0";"66,0";"";"";"";"1012,4";"1012,4";"1011,8";"1,3";"76,0";"4,4";"";"0,0"
"24/03/2025";"0900";"";"";"";"78,0";"79,0";"69,0";"";"";"";"1012,9";"1012,9";"1012,4";"1,1";"259,0";"2,5";"20,60";"0,0"
"24/03/2025";"1000";"";"";"";"76,0";"79,0";"75,0";"";"";"";"1013,6";"1013,6";"1012,9";"0,7";"281,0";"2,5";"324,30";"0,0"
"24/03/2025";"1100";"";"";"";"65,0";"76,0";"63,0";"";"";"";"1014,0";"1014,0";"1013,6";"1,0";"82,0";"3,3";"1159,10";"0,0"
"24/03/2025";"1200";"";"";"";"60,0";"65,0";"59,0";"";"";"";"1014,5";"1014,5";"1014,0";"2,9";"85,0";"5,0";"1932,50";"0,0"
"24/03/2025";"1300";"";"";"";"62,0";"64,0";"59,0";"";"";"";"1014,3";"1014,5";"1014,2";"2,5";"78,0";"5,7";"2506,50";"0,0"
"24/03/2025";"1400";"";"";"";"65,0";"66,0";"60,0";"";"";"";"1014,0";"1014,3";"1014,0";"3,3";"78,0";"5,1";"2792,10";"0,0"
"24/03/2025";"1500";"";"";"";"61,0";"66,0";"61,0";"";"";"";"1013,1";"1014,0";"1013,1";"2,7";"83,0";"5,6";"2877,70";"0,0"
"24/03/2025";"1600";"";"";"";"63,0";"66,0";"61,0";"";"";"";"1012,1";"1013,1";"1012,1";"2,9";"82,0";"6,3";"2867,60";"0,0"
"24/03/2025";"1700";"";"";"";"64,0";"67,0";"60,0";"";"";"";"1011,5";"1012,1";"1011,5";"2,8";"81,0";"5,8";"2677,40";"0,0"
"24/03/2025";"1800";"";"";"";"61,0";"65,0";"60,0";"";"";"";"1011,2";"1011,5";"1011,1";"2,4";"86,0";"6,3";"2186,50";"0,0"
"24/03/2025";"1900";"";"";"";"64,0";"65,0";"60,0";"";"";"";"1011,2";"1011,2";"1011,1";"1,7";"74,0";"5,3";"1524,20";"0,0"
"24/03/2025";"2000";"";"";"";"66,0";"67,0";"62,0";"";"";"";"1011,5";"1011,5";"1011,1";"1,5";"75,0";"6,1";"760,00";"0,0"
"24/03/2025";"2100";"";"";"";"69,0";"69,0";"66,0";"";"";"";"1012,1";"1012,1";"1011,5";"2,9";"84,0";"6,4";"57,40";"0,0"
"24/03/2025";"2200";"";"";"";"72,0";"72,0";"67,0";"";"";"";"1012,4";"1012,4";"1012,1";"3,1";"84,0";"6,8";"";"0,0"
"24/03/2025";"2300";"";"";"";"71,0";"73,0";"70,0";"";"";"";"1012,9";"1012,9";"1012,4";"3,8";"88,0";"6,8";"";"0,0"
"25/03/2025";"0000";"";"";"";"70,0";"71,0";"68,0";"";"";"";"1013,4";"1013,5";"1012,8";"3,8";"90,0";"7,3";"";"0,0"
"25/03/2025";"0100";"";"";"";"74,0";"74,0";"69,0";"";"";"";"1013,7";"1013,7";"1013,3";"3,3";"88,0";"6,9";"";"0,0"
"25/03/2025";"0200";"";"";"";"74,0";"74,0";"72,0";"";"";"";"1013,7";"1013,8";"1013,6";"3,4";"89,0";"6,9";"";"0,0"
"25/03/2025";"0300";"";"";"";"72,0";"74,0";"72,0";"";"";"";"1013,5";"1013,8";"1013,5";"3,2";"82,0";"7,3";"";"0,0"
"25/03/2025";"0400";"";"";"";"77,0";"77,0";"71,0";"";"";"";"1013,2";"1013,6";"1013,1";"3,1";"72,0";"7,4";"";"2,2"
"25/03/2025";"0500";"";"";"";"74,0";"84,0";"74,0";"";"";"";"1012,9";"1013,2";"1012,8";"2,5";"78,0";"11,6";"1,10";"1,8"
"25/03/2025";"0600";"";"";"";"72,0";"74,0";"71,0";"";"";"";"1012,7";"1012,9";"1012,7";"2,7";"70,0";"6,8";"";"0,0"
"25/03/2025";"0700";"";"";"";"72,0";"73,0";"71,0";"";"";"";"1013,0";"1013,0";"1012,7";"2,8";"67,0";"6,0";"";"0,0"
"25/03/2025";"0800";"";"";"";"70,0";"72,0";"70,0";"";"";"";"1013,3";"1013,3";"1013,0";"2,9";"71,0";"6,3";"";"0,0"
"25/03/2025";"0900";"";"";"";"74,0";"75,0";"69,0";"";"";"";"1013,9";"1013,9";"1013,3";"1,9";"37,0";"6,1";"10,20";"0,0"
"25/03/2025";"1000";"";"";"";"73,0";"74,0";"73,0";"";"";"";"1014,5";"1014,5";"1013,9";"2,2";"34,0";"4,4";"200,70";"0,0"
"25/03/2025";"1100";"";"";"";"69,0";"73,0";"68,0";"";"";"";"1014,9";"1014,9";"1014,5";"2,4";"40,0";"5,2";"727,70";"0,0"
"25/03/2025";"1200";"";"";"";"66,0";"71,0";"62,0";"";"";"";"1015,2";"1015,2";"1014,9";"3,9";"69,0";"6,8";"2023,10";"0,0"
"25/03/2025";"1300";"";"";"";"60,0";"66,0";"58,0";"";"";"";"1015,1";"1015,3";"1015,1";"3,5";"84,0";"7,3";"2507,80";"0,0"
"25/03/2025";"1400";"";"";"";"61,0";"63,0";"58,0";"";"";"";"1014,5";"1015,1";"1014,5";"3,7";"84,0";"6,9";"2772,10";"0,0"
"25/03/2025";"1500";"";"";"";"59,0";"64,0";"59,0";"";"";"";"1013,8";"1014,5";"1013,7";"3,7";"88,0";"6,7";"2908,30";"0,0"
"25/03/2025";"1600";"";"";"";"60,0";"63,0";"57,0";"";"";"";"1012,8";"1013,8";"1012,7";"3,5";"86,0";"6,8";"2881,10";"0,0"
"25/03/2025";"1700";"";"";"";"60,0";"62,0";"58,0";"";"";"";"1012,1";"1012,8";"1012,1";"3,6";"85,0";"7,1";"2659,80";"0,0"
"25/03/2025";"1800";"";"";"";"61,0";"63,0";"58,0";"";"";"";"1011,7";"1012,2";"1011,7";"3,2";"81,0";"7,4";"2197,00";"0,0"
"25/03/2025";"1900";"";"";"";"60,0";"62,0";"58,0";"";"";"";"1011,5";"1011,8";"1011,5";"2,3";"73,0";"7,4";"1545,10";"0,0"
"25/03/2025";"2000";"";"";"";"62,0";"63,0";"58,0";"";"";"";"1011,8";"1011,8";"1011,4";"3,6";"87,0";"7,5";"768,40";"0,0"
"25/03/2025";"2100";"";"";"";"64,0";"65,0";"61,0";"";"";"";"1012,2";"1012,2";"1011,8";"3,1";"86,0";"7,5";"56,40";"0,0"
"25/03/2025";"2200";"";"";"";"68,0";"68,0";"63,0";"";"";"";"1012,6";"1012,6";"1012,1";"3,4";"85,0";"6,9";"";"0,0"
"25/03/2025";"2300";"";"";"";"66,0";"69,0";"64,0";"";"";"";"1012,8";"1012,8";"1012,5";"3,5";"86,0";"6,9";"";"0,0"
"26/03/2025";"0000";"";"";"";"67,0";"68,0";"64,0";"";"";"";"1013,1";"1013,1";"1012,7";"3,6";"88,0";"7,3";"";"0,0"
"26/03/2025";"0100";"";"";"";"67,0";"69,0";"66,0";"";"";"";"1013,5";"1013,5";"1013,1";"3,6";"86,0";"6,7";"";"0,0"
"26/03/2025";"0200";"";"";"";"68,0";"69,0";"67,0";"";"";"";"1013,6";"1013,6";"1013,4";"3,0";"81,0";"7,2";"";"0,0"
"26/03/2025";"0300";"";"";"";"67,0";"69,0";"67,0";"";"";"";"1013,2";"1013,6";"1013,2";"3,1";"85,0";"6,5";"";"0,0"
"26/03/2025";"0400";"";"";"";"70,0";"70,0";"67,0";"";"";"";"1012,7";"1013,3";"1012,7";"2,9";"81,0";"6,1";"";"0,0"
"26/03/2025";"0500";"";"";"";"68,0";"71,0";"67,0";"";"";"";"1012,3";"1012,7";"1012,2";"2,8";"67,0";"5,9";"";"0,0"
"26/03/2025";"0600";"";"";"";"68,0";"68,0";"66,0";"";"";"";"1012,2";"1012,3";"1012,1";"2,4";"60,0";"6,2";"";"0,0"
"26/03/2025";"0700";"";"";"";"80,0";"80,0";"68,0";"";"";"";"1012,1";"1012,2";"1012,1";"1,2";"314,0";"4,6";"";"0,0"
"26/03/2025";"0800";"";"";"";"82,0";"82,0";"80,0";"";"";"";"1012,4";"1012,4";"1012,1";"0,7";"319,0";"2,4";"";"0,0"
"26/03/2025";"0900";"";"";"";"82,0";"83,0";"82,0";"";"";"";"1013,0";"1013,0";"1012,4";"2,0";"248,0";"3,0";"11,60";"0,0"
"26/03/2025";"1000";"";"";"";"76,0";"83,0";"76,0";"";"";"";"1013,5";"1013,5";"1013,0";"1,2";"338,0";"3,0";"408,10";"0,0"
"26/03/2025";"1100";"";"";"";"64,0";"76,0";"63,0";"";"";"";"1014,3";"1014,3";"1013,5";"1,4";"80,0";"2,6";"1235,70";"0,0"
"26/03/2025";"1200";"";"";"";"61,0";"66,0";"61,0";"";"";"";"1014,5";"1014,6";"1014,3";"2,2";"99,0";"4,9";"1983,10";"0,0"
"26/03/2025";"1300";"";"";"";"59,0";"62,0";"57,0";"";"";"";"1014,4";"1014,7";"1014,4";"2,4";"80,0";"5,6";"2510,30";"0,0"
"26/03/2025";"1400";"";"";"";"62,0";"62,0";"57,0";"";"";"";"1014,0";"1014,8";"1013,9";"2,7";"94,0";"5,6";"2804,90";"0,0"
"26/03/2025";"1500";"";"";"";"61,0";"65,0";"60,0";"";"";"";"1013,1";"1014,0";"1013,1";"2,5";"91,0";"5,2";"2900,60";"0,0"
"26/03/2025";"1600";"";"";"";"60,0";"63,0";"58,0";"";"";"";"1012,0";"1013,1";"1012,0";"3,1";"87,0";"5,7";"2888,60";"0,0"
"26/03/2025";"1700";"";"";"";"58,0";"63,0";"58,0";"";"";"";"1011,1";"1012,0";"1011,1";"1,9";"77,0";"5,7";"2666,10";"0,0"
"26/03/2025";"1800";"";"";"";"63,0";"64,0";"58,0";"";"";"";"1010,7";"1011,2";"1010,7";"3,0";"78,0";"6,2";"2206,00";"0,0"
"26/03/2025";"1900";"";"";"";"63,0";"64,0";"59,0";"";"";"";"1010,5";"1013,4";"1010,4";"3,5";"87,0";"6,2";"1485,20";"0,0"
"26/03/2025";"2000";"";"";"";"65,0";"66,0";"62,0";"";"";"";"1010,9";"1013,9";"1010,4";"2,7";"84,0";"6,4";"763,90";"0,0"
"26/03/2025";"2100";"";"";"";"65,0";"68,0";"63,0";"";"";"";"1011,4";"1011,4";"1010,7";"3,3";"85,0";"6,7";"48,70";"0,0"
"26/03/2025";"2200";"";"";"";"67,0";"68,0";"65,0";"";"";"";"1011,7";"1014,9";"1011,3";"1,8";"80,0";"6,7";"";"0,0"
"26/03/2025";"2300";"";"";"";"69,0";"69,0";"66,0";"";"";"";"1012,2";"1012,2";"1011,7";"1,9";"89,0";"5,4";"";"0,0"
"27/03/2025";"0000";"";"";"";"69,0";"70,0";"68,0";"";"";"";"1012,8";"1012,9";"1012,2";"3,0";"88,0";"6,9";"";"0,0"
"27/03/2025";"0100";"";"";"";"69,0";"70,0";"67,0";"";"";"";"1012,8";"1013,4";"1012,7";"1,6";"79,0";"7,9";"";"0,0"
"27/03/2025";"0200";"";"";"";"70,0";"71,0";"67,0";"";"";"";"1013,0";"1013,0";"1012,7";"3,2";"87,0";"6,6";"";"0,0"
"27/03/2025";"0300";"";"";"";"67,0";"70,0";"67,0";"";"";"";"1012,5";"1013,0";"1012,5";"3,8";"88,0";"7,3";"";"0,0"
"27/03/2025";"0400";"";"";"";"68,0";"70,0";"67,0";"";"";"";"1012,0";"1012,5";"1012,0";"3,6";"90,0";"6,4";"";"0,0"
"27/03/2025";"0500";"";"";"";"68,0";"70,0";"66,0";"";"";"";"1011,5";"1012,1";"1011,4";"3,0";"87,0";"6,3";"";"0,0"
"27/03/2025";"0600";"";"";"";"65,0";"68,0";"65,0";"";"";"";"1011,1";"1011,5";"1011,1";"3,1";"88,0";"6,0";"";"0,0"
"27/03/2025";"0700";"";"";"";"69,0";"69,0";"64,0";"";"";"";"1011,1";"1011,1";"1010,7";"2,7";"90,0";"6,3";"";"0,0"
"27/03/2025";"0800";"";"";"";"67,0";"69,0";"66,0";"";"";"";"1011,5";"1011,5";"1011,0";"2,7";"88,0";"6,1";"";"0,0"
"27/03/2025";"0900";"";"";"";"67,0";"69,0";"65,0";"";"";"";"1012,0";"1012,2";"1011,4";"2,3";"89,0";"6,3";"21,50";"0,0"
"27/03/2025";"1000";"";"";"";"62,0";"67,0";"62,0";"";"";"";"1012,9";"1012,9";"1012,0";"3,2";"91,0";"6,5";"586,60";"0,0"
"27/03/2025";"1100";"";"";"";"60,0";"63,0";"58,0";"";"";"";"1015,8";"1017,6";"1012,7";"3,0";"88,0";"5,6";"1295,20";"0,0"
"27/03/2025";"1200";"";"";"";"58,0";"61,0";"54,0";"";"";"";"1013,6";"1016,6";"1013,0";"2,4";"82,0";"5,5";"1932,10";"0,0"
"27/03/2025";"1300";"";"";"";"57,0";"60,0";"55,0";"";"";"";"1013,9";"1014,1";"1013,2";"2,8";"91,0";"5,8";"2514,80";"0,0"
"27/03/2025";"1400";"";"";"";"56,0";"59,0";"54,0";"";"";"";"1013,3";"1015,3";"1013,3";"3,3";"84,0";"6,1";"2643,80";"0,0"
"27/03/2025";"1500";"";"";"";"54,0";"58,0";"53,0";"";"";"";"1012,5";"1013,3";"1012,4";"2,4";"85,0";"6,4";"2828,40";"0,0"
"27/03/2025";"1600";"";"";"";"54,0";"58,0";"51,0";"";"";"";"1011,6";"1012,5";"1011,6";"2,9";"82,0";"6,6";"2955,40";"0,0"
"27/03/2025";"1700";"";"";"";"58,0";"58,0";"52,0";"";"";"";"1011,0";"1013,2";"1010,6";"2,1";"78,0";"7,1";"2722,00";"0,0"
"27/03/2025";"1800";"";"";"";"59,0";"59,0";"53,0";"";"";"";"1010,6";"1018,0";"1010,4";"1,7";"93,0";"5,4";"1668,60";"0,0"
"27/03/2025";"1900";"";"";"";"60,0";"63,0";"56,0";"";"";"";"1010,3";"1013,9";"1010,0";"1,3";"318,0";"5,1";"977,30";"0,0"
"27/03/2025";"2000";"";"";"";"62,0";"62,0";"58,0";"";"";"";"1010,2";"1010,4";"1010,0";"1,5";"204,0";"4,9";"526,60";"0,0"
"27/03/2025";"2100";"";"";"";"65,0";"66,0";"60,0";"";"";"";"1010,4";"1016,4";"1009,8";"0,9";"259,0";"4,4";"65,30";"0,0"
"27/03/2025";"2200";"";"";"";"66,0";"67,0";"64,0";"";"";"";"1010,5";"1010,5";"1010,2";"0,9";"273,0";"3,7";"";"0,0"
"27/03/2025";"2300";"";"";"";"66,0";"68,0";"65,0";"";"";"";"1011,0";"1012,5";"1010,4";"0,9";"299,0";"3,1";"";"0,0"
"28/03/2025";"0000";"";"";"";"68,0";"69,0";"66,0";"";"";"";"1011,9";"1017,3";"1011,0";"0,9";"323,0";"3,5";"";"0,0"
"28/03/2025";"0100";"";"";"";"68,0";"70,0";"67,0";"";"";"";"1011,9";"1012,0";"1011,8";"1,5";"71,0";"5,2";"";"0,0"
"28/03/2025";"0200";"";"";"";"67,0";"68,0";"66,0";"";"";"";"1012,0";"1015,5";"1011,7";"1,7";"82,0";"5,8";"";"0,0"
"28/03/2025";"0300";"";"";"";"66,0";"68,0";"64,0";"";"";"";"1011,4";"1012,1";"1011,4";"1,7";"84,0";"5,5";"";"0,0"
"28/03/2025";"0400";"";"";"";"67,0";"68,0";"66,0";"";"";"";"1010,6";"1012,6";"1010,6";"1,7";"84,0";"4,7";"";"0,0"
"28/03/2025";"0500";"";"";"";"68,0";"68,0";"64,0";"";"";"";"1010,3";"1011,0";"1010,2";"0,7";"9,0";"4,1";"";"0,0"
"28/03/2025";"0600";"";"";"";"68,0";"68,0";"65,0";"";"";"";"1010,4";"1010,7";"1010,3";"1,7";"88,0";"3,5";"";"0,0"
"28/03/2025";"0700";"";"";"";"71,0";"71,0";"67,0";"";"";"";"1010,3";"1010,4";"1009,7";"1,6";"42,0";"3,9";"";"0,0"
"28/03/2025";"0800";"";"";"";"78,0";"78,0";"71,0";"";"";"";"1010,3";"1012,1";"1009,8";"0,9";"249,0";"2,7";"";"0,0"
"28/03/2025";"0900";"";"";"";"79,0";"80,0";"78,0";"";"";"";"1010,9";"1011,1";"1010,1";"0,4";"319,0";"2,4";"17,60";"0,0"
"28/03/2025";"1000";"";"";"";"76,0";"80,0";"75,0";"";"";"";"1011,8";"1011,8";"1010,8";"1,0";"261,0";"2,7";"448,70";"0,0"
"28/03/2025";"1100";"";"";"";"59,0";"76,0";"58,0";"";"";"";"1012,5";"1013,3";"1011,6";"2,0";"73,0";"4,6";"952,60";"0,0"
"28/03/2025";"1200";"";"";"";"56,0";"60,0";"54,0";"";"";"";"1012,7";"1012,9";"1012,5";"2,2";"91,0";"4,9";"2021,90";"0,0"
"28/03/2025";"1300";"";"";"";"57,0";"59,0";"53,0";"";"";"";"1012,7";"1013,5";"1012,7";"2,6";"82,0";"5,6";"2577,10";"0,0"
"28/03/2025";"1400";"";"";"";"56,0";"58,0";"52,0";"";"";"";"1012,3";"1012,8";"1012,3";"3,0";"89,0";"5,6";"2801,60";"0,0"
"28/03/2025";"1500";"";"";"";"54,0";"58,0";"50,0";"";"";"";"1011,5";"1013,2";"1011,3";"2,5";"78,0";"6,0";"2908,50";"0,0"
"28/03/2025";"1600";"";"";"";"55,0";"56,0";"50,0";"";"";"";"1010,9";"1011,8";"1010,9";"2,1";"103,0";"6,0";"2873,60";"0,0"
"28/03/2025";"1700";"";"";"";"56,0";"58,0";"52,0";"";"";"";"1010,0";"1011,9";"1009,9";"2,7";"77,0";"5,8";"2650,60";"0,0"
"28/03/2025";"1800";"";"";"";"57,0";"59,0";"54,0";"";"";"";"1014,6";"1016,5";"1009,3";"2,1";"87,0";"6,1";"2171,50";"0,0"
"28/03/2025";"1900";"";"";"";"59,0";"60,0";"55,0";"";"";"";"1013,9";"1016,3";"1009,1";"1,5";"67,0";"5,9";"1501,20";"0,0"
"28/03/2025";"2000";"";"";"";"62,0";"63,0";"58,0";"";"";"";"1009,3";"1014,5";"1008,9";"1,1";"210,0";"5,1";"649,70";"0,0"
"28/03/2025";"2100";"";"";"";"68,0";"68,0";"62,0";"";"";"";"1009,8";"1010,5";"1009,2";"1,1";"53,0";"4,0";"63,00";"0,0"
"28/03/2025";"2200";"";"";"";"68,0";"68,0";"66,0";"";"";"";"1011,7";"1014,2";"1009,8";"1,6";"78,0";"4,7";"";"0,0"
"28/03/2025";"2300";"";"";"";"66,0";"69,0";"65,0";"";"";"";"1011,0";"1013,1";"1010,4";"3,6";"86,0";"7,1";"";"0,0"
"29/03/2025";"0000";"";"";"";"68,0";"69,0";"66,0";"";"";"";"1013,6";"1018,3";"1010,7";"2,6";"84,0";"7,3";"";"0,0"
"29/03/2025";"0100";"";"";"";"68,0";"69,0";"66,0";"";"";"";"1011,3";"1013,3";"1010,7";"2,1";"81,0";"6,6";"";"0,0"
"29/03/2025";"0200";"";"";"";"69,0";"69,0";"66,0";"";"";"";"1015,5";"1020,6";"1011,2";"2,7";"84,0";"6,6";"";"0,0"
"29/03/2025";"0300";"";"";"";"69,0";"70,0";"67,0";"";"";"";"1013,3";"1017,9";"1012,3";"2,9";"86,0";"6,2";"";"0,0"
"29/03/2025";"0400";"";"";"";"69,0";"70,0";"68,0";"";"";"";"1014,1";"1016,4";"1011,3";"3,1";"89,0";"6,4";"";"0,0"
"29/03/2025";"0500";"";"";"";"72,0";"73,0";"69,0";"";"";"";"1010,9";"1018,2";"1010,8";"3,0";"86,0";"6,3";"";"0,0"
"29/03/2025";"0600";"";"";"";"70,0";"72,0";"68,0";"";"";"";"1011,7";"1015,6";"1010,9";"2,4";"85,0";"6,2";"";"0,0"
"29/03/2025";"0700";"";"";"";"70,0";"71,0";"69,0";"";"";"";"1018,2";"1018,2";"1011,6";"2,5";"88,0";"5,1";"";"0,0"
"29/03/2025";"0800";"";"";"";"70,0";"70,0";"68,0";"";"";"";"1010,1";"1018,2";"1009,8";"2,8";"87,0";"5,2";"";"0,0"
"29/03/2025";"0900";"";"";"";"70,0";"71,0";"69,0";"";"";"";"1011,3";"1015,0";"1010,1";"2,6";"87,0";"5,0";"10,80";"0,0"
"29/03/2025";"1000";"";"";"";"64,0";"70,0";"64,0";"";"";"";"1011,7";"1016,3";"1011,2";"2,5";"80,0";"5,6";"557,50";"0,0"
"29/03/2025";"1100";"";"";"";"64,0";"66,0";"62,0";"";"";"";"1012,5";"1012,5";"1011,7";"2,7";"85,0";"5,7";"1130,80";"0,0"
"29/03/2025";"1200";"";"";"";"61,0";"66,0";"59,0";"";"";"";"1012,8";"1012,9";"1012,4";"3,7";"88,0";"6,7";"1694,50";"0,0"
"29/03/2025";"1300";"";"";"";"58,0";"63,0";"56,0";"";"";"";"1013,0";"1013,4";"1012,8";"4,1";"92,0";"7,0";"2224,30";"0,0"
"29/03/2025";"1400";"";"";"";"59,0";"60,0";"55,0";"";"";"";"1012,5";"1013,0";"1012,4";"4,1";"91,0";"7,0";"2757,20";"0,0"
"29/03/2025";"1500";"";"";"";"58,0";"62,0";"57,0";"";"";"";"1011,6";"1012,5";"1011,6";"4,0";"86,0";"7,8";"2811,80";"0,0"
"29/03/2025";"1600";"";"";"";"57,0";"61,0";"56,0";"";"";"";"1010,6";"1011,6";"1010,6";"4,5";"90,0";"8,1";"2902,00";"0,0"
"29/03/2025";"1700";"";"";"";"55,0";"61,0";"54,0";"";"";"";"1009,9";"1010,6";"1009,9";"4,2";"92,0";"8,3";"2626,90";"0,0"
"29/03/2025";"1800";"";"";"";"59,0";"61,0";"55,0";"";"";"";"1009,6";"1009,9";"1009,5";"4,2";"89,0";"8,3";"2151,60";"0,0"
"29/03/2025";"1900";"";"";"";"59,0";"61,0";"57,0";"";"";"";"1009,6";"1009,7";"1009,5";"4,0";"87,0";"7,1";"1503,60";"0,0"
"29/03/2025";"2000";"";"";"";"61,0";"63,0";"59,0";"";"";"";"1009,6";"1009,7";"1009,5";"3,9";"89,0";"7,3";"685,40";"0,0"
"29/03/2025";"2100";"";"";"";"65,0";"65,0";"60,0";"";"";"";"1009,9";"1009,9";"1009,6";"3,9";"88,0";"7,3";"63,00";"0,0"
"29/03/2025";"2200";"";"";"";"64,0";"66,0";"62,0";"";"";"";"1010,4";"1010,4";"1009,9";"4,2";"90,0";"7,6";"";"0,0"
"29/03/2025";"2300";"";"";"";"66,0";"66,0";"63,0";"";"";"";"1011,4";"1011,4";"1010,3";"3,8";"90,0";"7,4";"";"0,0"
"30/03/2025";"0000";"";"";"";"66,0";"66,0";"64,0";"";"";"";"1011,9";"1012,0";"1011,4";"3,4";"87,0";"6,9";"";"0,0"
"30/03/2025";"0100";"";"";"";"67,0";"67,0";"64,0";"";"";"";"1012,0";"1012,0";"1011,9";"3,6";"87,0";"7,1";"";"0,0"
"30/03/2025";"0200";"";"";"";"66,0";"68,0";"64,0";"";"";"";"1012,1";"1012,2";"1012,0";"3,0";"81,0";"7,5";"";"0,0"
"30/03/2025";"0300";"";"";"";"66,0";"68,0";"64,0";"";"";"";"1011,8";"1012,1";"1011,8";"2,9";"80,0";"6,6";"";"0,0"
"30/03/2025";"0400";"";"";"";"66,0";"67,0";"65,0";"";"";"";"1011,6";"1011,9";"1011,5";"3,3";"88,0";"8,1";"";"0,0"
"30/03/2025";"0500";"";"";"";"65,0";"68,0";"64,0";"";"";"";"1011,1";"1011,6";"1011,1";"3,0";"86,0";"6,5";"";"0,0"
"30/03/2025";"0600";"";"";"";"66,0";"67,0";"64,0";"";"";"";"1010,9";"1011,1";"1010,8";"2,5";"89,0";"6,8";"";"0,0"
"30/03/2025";"0700";"";"";"";"65,0";"66,0";"65,0";"";"";"";"1010,8";"1010,9";"1010,7";"3,0";"90,0";"6,8";"";"0,0"
"30/03/2025";"0800";"";"";"";"65,0";"66,0";"64,0";"";"";"";"1011,0";"1011,0";"1010,7";"2,5";"88,0";"5,7";"";"0,0"
"30/03/2025";"0900";"";"";"";"66,0";"67,0";"64,0";"";"";"";"1011,5";"1011,5";"1011,0";"1,2";"85,0";"5,2";"20,40";"0,0"
"30/03/2025";"1000";"";"";"";"62,0";"67,0";"62,0";"";"";"";"1012,0";"1013,0";"1011,5";"2,5";"85,0";"5,4";"492,70";"0,0"
"30/03/2025";"1100";"";"";"";"59,0";"62,0";"58,0";"";"";"";"1012,7";"1012,7";"1012,0";"3,0";"86,0";"5,5";"1285,60";"0,0"
"30/03/2025";"1200";"";"";"";"57,0";"61,0";"55,0";"";"";"";"1013,3";"1013,3";"1012,7";"2,8";"79,0";"5,2";"1897,70";"0,0"
"30/03/2025";"1300";"";"";"";"57,0";"58,0";"53,0";"";"";"";"1013,2";"1013,4";"1013,2";"2,3";"82,0";"5,9";"2485,30";"0,0"
"30/03/2025";"1400";"";"";"";"58,0";"58,0";"54,0";"";"";"";"1012,5";"1013,3";"1012,5";"2,7";"82,0";"6,1";"2725,90";"0,0"
"30/03/2025";"1500";"";"";"";"57,0";"61,0";"54,0";"";"";"";"1012,0";"1012,6";"1012,0";"2,7";"82,0";"6,2";"2726,70";"0,0"
"30/03/2025";"1600";"";"";"";"56,0";"57,0";"53,0";"";"";"";"1011,2";"1012,0";"1011,2";"2,9";"82,0";"6,4";"2862,80";"0,0"
"30/03/2025";"1700";"";"";"";"55,0";"61,0";"54,0";"";"";"";"1010,3";"1011,2";"1010,3";"2,7";"84,0";"5,6";"2490,70";"0,0"
"30/03/2025";"1800";"";"";"";"56,0";"62,0";"54,0";"";"";"";"1010,0";"1010,3";"1010,0";"1,3";"76,0";"6,1";"2106,40";"0,0"
"30/03/2025";"1900";"";"";"";"62,0";"64,0";"56,0";"";"";"";"1010,1";"1010,1";"1009,9";"2,7";"78,0";"6,2";"1479,90";"0,0"
"30/03/2025";"2000";"";"";"";"64,0";"65,0";"60,0";"";"";"";"1010,4";"1010,4";"1010,0";"3,1";"86,0";"6,2";"450,80";"0,0"
"30/03/2025";"2100";"";"";"";"66,0";"67,0";"64,0";"";"";"";"1010,6";"1010,6";"1010,4";"2,6";"82,0";"6,3";"34,70";"0,0"
"30/03/2025";"2200";"";"";"";"63,0";"68,0";"63,0";"";"";"";"1011,0";"1011,0";"1010,5";"3,5";"89,0";"6,9";"";"0,0"
"30/03/2025";"2300";"";"";"";"66,0";"67,0";"63,0";"";"";"";"1011,7";"1011,7";"1011,0";"2,4";"83,0";"6,5";"";"0,0"
"31/03/2025";"0000";"";"";"";"66,0";"66,0";"62,0";"";"";"";"1012,2";"1012,2";"1011,7";"3,5";"88,0";"6,5";"";"0,0"
"31/03/2025";"0100";"";"";"";"64,0";"67,0";"63,0";"";"";"";"1012,4";"1012,4";"1012,2";"3,5";"89,0";"6,8";"";"0,0"
"31/03/2025";"0200";"";"";"";"64,0";"66,0";"64,0";"";"";"";"1012,3";"1012,6";"1012,3";"3,6";"87,0";"6,2";"";"0,0"
"31/03/2025";"0300";"";"";"";"64,0";"66,0";"64,0";"";"";"";"1011,6";"1012,3";"1011,6";"3,8";"88,0";"6,9";"";"0,0"
"31/03/2025";"0400";"";"";"";"67,0";"67,0";"64,0";"";"";"";"1011,1";"1011,6";"1011,1";"2,6";"83,0";"6,9";"";"0,0"
"31/03/2025";"0500";"";"";"";"69,0";"69,0";"66,0";"";"";"";"1010,7";"1011,1";"1010,6";"1,1";"36,0";"5,6";"";"0,0"
"31/03/2025";"0600";"";"";"";"70,0";"71,0";"68,0";"";"";"";"1010,6";"1010,7";"1010,5";"0,7";"301,0";"3,5";"";"0,0"
"31/03/2025";"0700";"";"";"";"79,0";"79,0";"70,0";"";"";"";"1010,9";"1011,0";"1010,5";"1,2";"209,0";"4,7";"";"0,0"
"31/03/2025";"0800";"";"";"";"82,0";"82,0";"79,0";"";"";"";"1011,5";"1011,5";"1010,8";"2,4";"76,0";"5,5";"";"0,0"
"31/03/2025";"0900";"";"";"";"86,0";"86,0";"82,0";"";"";"";"1012,1";"1012,1";"1011,5";"0,8";"252,0";"5,5";"16,50";"0,8"
"31/03/2025";"1000";"";"";"";"85,0";"87,0";"85,0";"";"";"";"1012,7";"1012,7";"1012,1";"0,4";"300,0";"1,4";"270,00";"0,0"
"31/03/2025";"1100";"";"";"";"79,0";"85,0";"79,0";"";"";"";"1013,4";"1013,4";"1012,7";"1,2";"185,0";"3,4";"656,50";"1,4"
"31/03/2025";"1200";"";"";"";"69,0";"81,0";"69,0";"";"";"";"1013,8";"1013,9";"1013,4";"2,0";"176,0";"5,1";"1956,20";"0,0"
"31/03/2025";"1300";"";"";"";"66,0";"70,0";"63,0";"";"";"";"1013,8";"1014,0";"1013,8";"2,0";"176,0";"4,6";"2467,60";"0,0"
"31/03/2025";"1400";"";"";"";"64,0";"68,0";"58,0";"";"";"";"1013,4";"1013,8";"1013,4";"1,6";"170,0";"5,6";"2635,00";"0,0"
"31/03/2025";"1500";"";"";"";"58,0";"65,0";"57,0";"";"";"";"1012,8";"1013,4";"1012,8";"1,4";"116,0";"6,0";"2689,70";"0,0"
"31/03/2025";"1600";"";"";"";"71,0";"71,0";"56,0";"";"";"";"1012,3";"1012,8";"1012,3";"4,3";"88,0";"8,2";"1694,80";"0,0"
"31/03/2025";"1700";"";"";"";"67,0";"86,0";"65,0";"";"";"";"1011,5";"1012,5";"1011,5";"1,0";"57,0";"8,2";"1838,40";"0,2"
"31/03/2025";"1800";"";"";"";"67,0";"71,0";"64,0";"";"";"";"1011,6";"1012,0";"1011,2";"2,1";"81,0";"4,7";"1798,20";"0,0"
"31/03/2025";"1900";"";"";"";"71,0";"71,0";"64,0";"";"";"";"1011,6";"1011,6";"1011,3";"2,0";"75,0";"4,9";"1294,40";"0,0"
"31/03/2025";"2000";"";"";"";"81,0";"82,0";"70,0";"";"";"";"1011,8";"1012,3";"1011,5";"1,3";"200,0";"4,4";"212,30";"0,4"
"31/03/2025";"2100";"";"";"";"78,0";"81,0";"78,0";"";"";"";"1012,6";"1012,6";"1011,8";"0,8";"210,0";"4,1";"36,90";"0,0"
"31/03/2025";"2200";"";"";"";"83,0";"83,0";"76,0";"";"";"";"1013,5";"1013,5";"1012,6";"0,9";"63,0";"5,1";"";"0,0"
"31/03/2025";"2300";"";"";"";"80,0";"83,0";"80,0";"";"";"";"1014,1";"1014,1";"1013,5";"1,4";"192,0";"4,6";"";"0,2"
"01/04/2025";"0000";"";"";"";"70,0";"84,0";"70,0";"";"";"";"1014,7";"1014,7";"1014,1";"3,2";"87,0";"7,1";"";"1,0"
"01/04/2025";"0100";"";"";"";"68,0";"70,0";"66,0";"";"";"";"1014,9";"1014,9";"1014,7";"2,3";"83,0";"8,3";"";"0,0"
"01/04/2025";"0200";"";"";"";"67,0";"69,0";"65,0";"";"";"";"1014,7";"1015,0";"1014,6";"4,2";"90,0";"8,4";"";"0,0"
"01/04/2025";"0300";"";"";"";"68,0";"69,0";"66,0";"";"";"";"1014,0";"1014,7";"1013,9";"2,5";"92,0";"7,0";"";"0,0"
"01/04/2025";"0400";"";"";"";"69,0";"70,0";"68,0";"";"";"";"1013,2";"1014,0";"1013,2";"1,7";"87,0";"6,3";"";"0,0"
"01/04/2025";"0500";"";"";"";"71,0";"71,0";"69,0";"";"";"";"1012,6";"1013,2";"1012,5";"0,8";"329,0";"5,0";"";"0,0"
"01/04/2025";"0600";"";"";"";"84,0";"84,0";"71,0";"";"";"";"1012,3";"1012,6";"1012,3";"2,0";"77,0";"5,4";"";"0,4"
"01/04/2025";"0700";"";"";"";"78,0";"84,0";"78,0";"";"";"";"1012,3";"1012,3";"1012,2";"2,9";"88,0";"5,9";"";"0,0"
"01/04/2025";"0800";"";"";"";"85,0";"85,0";"77,0";"";"";"";"1012,6";"1012,7";"1012,3";"1,4";"226,0";"5,4";"";"1,8"
"01/04/2025";"0900";"";"";"";"69,0";"85,0";"67,0";"";"";"";"1013,1";"1013,1";"1012,4";"2,1";"86,0";"6,3";"18,20";"0,0"
"01/04/2025";"1000";"";"";"";"65,0";"70,0";"64,0";"";"";"";"1013,8";"1013,8";"1013,1";"1,9";"83,0";"6,7";"451,60";"0,0"
"01/04/2025";"1100";"";"";"";"62,0";"66,0";"62,0";"";"";"";"1014,3";"1014,3";"1013,3";"1,8";"82,0";"6,5";"1059,30";"0,0"
"01/04/2025";"1200";"";"";"";"63,0";"65,0";"60,0";"";"";"";"1014,5";"1014,5";"1014,1";"1,7";"61,0";"5,2";"1452,40";"0,0"
"01/04/2025";"1300";"";"";"";"61,0";"64,0";"57,0";"";"";"";"1014,5";"1015,1";"1014,3";"1,0";"37,0";"5,5";"1743,00";"0,0"
"01/04/2025";"1400";"";"";"";"55,0";"63,0";"53,0";"";"";"";"1013,8";"1015,0";"1013,8";"1,3";"99,0";"4,3";"2248,90";"0,0"
"01/04/2025";"1500";"";"";"";"55,0";"60,0";"53,0";"";"";"";"1013,2";"1014,2";"1013,2";"1,6";"196,0";"5,7";"2299,70";"0,0"
"01/04/2025";"1600";"";"";"";"58,0";"59,0";"54,0";"";"";"";"1012,4";"1013,2";"1012,2";"1,5";"188,0";"6,0";"1972,80";"0,0"
"01/04/2025";"1700";"";"";"";"66,0";"75,0";"58,0";"";"";"";"1011,6";"1012,4";"1011,6";"0,7";"44,0";"5,9";"1172,70";"0,0"
"01/04/2025";"1800";"";"";"";"63,0";"66,0";"58,0";"";"";"";"1011,1";"1011,6";"1011,1";"2,2";"191,0";"5,1";"1088,80";"0,0"
"01/04/2025";"1900";"";"";"";"65,0";"67,0";"63,0";"";"";"";"1011,2";"1011,8";"1010,9";"1,4";"201,0";"5,3";"721,60";"0,0"
"01/04/2025";"2000";"";"";"";"65,0";"65,0";"60,0";"";"";"";"1011,3";"1011,3";"1010,8";"1,9";"190,0";"5,5";"536,50";"0,0"
"01/04/2025";"2100";"";"";"";"65,0";"65,0";"64,0";"";"";"";"1011,6";"1011,7";"1011,3";"1,4";"200,0";"4,9";"53,90";"0,0"
"01/04/2025";"2200";"";"";"";"68,0";"69,0";"65,0";"";"";"";"1012,0";"1015,0";"1011,5";"1,8";"191,0";"6,2";"";"0,0"
"01/04/2025";"2300";"";"";"";"80,0";"80,0";"68,0";"";"";"";"1012,7";"1012,7";"1012,0";"1,5";"219,0";"6,5";"";"0,4"
"02/04/2025";"0000";"";"";"";"81,0";"81,0";"80,0";"";"";"";"1013,0";"1013,2";"1012,7";"1,3";"219,0";"3,9";"";"0,0"
"02/04/2025";"0100";"";"";"";"71,0";"81,0";"71,0";"";"";"";"1013,2";"1013,2";"1013,0";"0,6";"235,0";"4,2";"";"0,0"
"02/04/2025";"0200";"";"";"";"72,0";"73,0";"71,0";"";"";"";"1013,0";"1013,3";"1012,7";"0,9";"314,0";"3,2";"";"0,0"
"02/04/2025";"0300";"";"";"";"73,0";"73,0";"71,0";"";"";"";"1012,7";"1013,0";"1012,7";"0,8";"283,0";"2,8";"";"0,0"
"02/04/2025";"0400";"";"";"";"75,0";"75,0";"70,0";"";"";"";"1012,1";"1012,7";"1011,9";"1,7";"34,0";"4,9";"";"0,6"
"02/04/2025";"0500";"";"";"";"80,0";"81,0";"76,0";"";"";"";"1011,4";"1012,1";"1011,4";"0,8";"33,0";"5,4";"";"0,0"
"02/04/2025";"0600";"";"";"";"73,0";"80,0";"71,0";"";"";"";"1011,4";"1011,4";"1011,3";"1,1";"64,0";"4,8";"";"0,0"
"02/04/2025";"0700";"";"";"";"69,0";"73,0";"67,0";"";"";"";"1011,2";"1011,5";"1011,0";"1,8";"82,0";"5,9";"";"0,0"
"02/04/2025";"0800";"";"";"";"69,0";"71,0";"67,0";"";"";"";"1011,6";"1011,6";"1011,2";"2,7";"88,0";"5,5";"";"0,0"
"02/04/2025";"0900";"";"";"";"70,0";"70,0";"67,0";"";"";"";"1012,2";"1012,2";"1011,6";"1,2";"35,0";"6,3";"27,40";"0,0"
"02/04/2025";"1000";"";"";"";"68,0";"70,0";"65,0";"";"";"";"1012,6";"1012,8";"1012,1";"1,0";"38,0";"4,3";"393,80";"0,0"
"02/04/2025";"1100";"";"";"";"63,0";"68,0";"61,0";"";"";"";"1013,4";"1013,4";"1012,3";"0,9";"40,0";"3,5";"943,40";"0,0"
"02/04/2025";"1200";"";"";"";"59,0";"63,0";"57,0";"";"";"";"1013,8";"1013,8";"1013,3";"1,6";"67,0";"5,2";"1912,80";"0,0"
"02/04/2025";"1300";"";"";"";"58,0";"61,0";"54,0";"";"";"";"1013,9";"1014,1";"1013,8";"2,6";"78,0";"7,4";"2453,70";"0,0"
"02/04/2025";"1400";"";"";"";"55,0";"61,0";"54,0";"";"";"";"1013,5";"1015,0";"1013,5";"2,4";"78,0";"7,5";"2724,50";"0,0"
"02/04/2025";"1500";"";"";"";"51,0";"58,0";"51,0";"";"";"";"1012,7";"1014,0";"1012,6";"2,3";"81,0";"7,1";"2785,70";"0,0"
"02/04/2025";"1600";"";"";"";"54,0";"54,0";"49,0";"";"";"";"1011,9";"1012,7";"1011,8";"2,8";"79,0";"6,5";"2768,10";"0,0"
"02/04/2025";"1700";"";"";"";"53,0";"55,0";"49,0";"";"";"";"1011,3";"1011,9";"1011,3";"1,5";"63,0";"6,2";"2498,20";"0,0"
"02/04/2025";"1800";"";"";"";"53,0";"55,0";"48,0";"";"";"";"1010,8";"1012,0";"1010,6";"2,4";"74,0";"6,9";"2112,80";"0,0"
"02/04/2025";"1900";"";"";"";"53,0";"56,0";"49,0";"";"";"";"1010,7";"1010,8";"1010,5";"1,4";"30,0";"5,7";"1442,90";"0,0"
"02/04/2025";"2000";"";"";"";"60,0";"60,0";"52,0";"";"";"";"1011,0";"1011,0";"1010,7";"0,9";"33,0";"5,1";"574,20";"0,0"
"02/04/2025";"2100";"";"";"";"64,0";"64,0";"60,0";"";"";"";"1011,4";"1011,9";"1010,9";"0,9";"331,0";"3,0";"37,30";"0,0"
"02/04/2025";"2200";"";"";"";"67,0";"67,0";"64,0";"";"";"";"1011,7";"1011,7";"1011,3";"0,7";"305,0";"2,7";"";"0,0"
"02/04/2025";"2300";"";"";"";"67,0";"68,0";"67,0";"";"";"";"1012,2";"1012,3";"1011,7";"0,8";"335,0";"2,8";"";"0,0"
"03/04/2025";"0000";"";"";"";"65,0";"68,0";"65,0";"";"";"";"1012,6";"1012,7";"1012,2";"0,9";"345,0";"3,4";"";"0,0"
"03/04/2025";"0100";"";"";"";"66,0";"67,0";"64,0";"";"";"";"1012,9";"1012,9";"1012,6";"0,5";"343,0";"4,0";"";"0,0"
"03/04/2025";"0200";"";"";"";"66,0";"69,0";"66,0";"";"";"";"1012,9";"1012,9";"1012,8";"1,4";"77,0";"4,6";"";"0,0"
"03/04/2025";"0300";"";"";"";"68,0";"69,0";"65,0";"";"";"";"1012,3";"1012,9";"1012,3";"1,2";"66,0";"4,6";"";"0,0"
"03/04/2025";"0400";"";"";"";"66,0";"69,0";"65,0";"";"";"";"1011,8";"1012,4";"1011,8";"0,8";"5,0";"3,6";"";"0,0"
"03/04/2025";"0500";"";"";"";"70,0";"70,0";"66,0";"";"";"";"1011,9";"1012,1";"1011,0";"0,7";"283,0";"3,3";"";"0,0"
"03/04/2025";"0600";"";"";"";"85,0";"85,0";"70,0";"";"";"";"1011,1";"1011,8";"1010,9";"1,1";"22,0";"6,6";"";"5,4"
"03/04/2025";"0700";"";"";"";"84,0";"86,0";"83,0";"";"";"";"1011,1";"1011,8";"1010,8";"0,7";"34,0";"2,6";"";"0,0"
"03/04/2025";"0800";"";"";"";"81,0";"84,0";"81,0";"";"";"";"1011,4";"1011,5";"1011,0";"0,6";"234,0";"2,6";"";"0,0"
"03/04/2025";"0900";"";"";"";"86,0";"86,0";"81,0";"";"";"";"1012,1";"1012,1";"1011,1";"0,6";"232,0";"2,6";"18,70";"0,0"
"03/04/2025";"1000";"";"";"";"82,0";"86,0";"82,0";"";"";"";"1012,5";"1015,1";"1011,8";"1,1";"274,0";"2,3";"284,30";"0,0"
"03/04/2025";"1100";"";"";"";"73,0";"83,0";"72,0";"";"";"";"1012,9";"1013,2";"1012,5";"0,9";"60,0";"3,0";"1197,20";"0,0"
"03/04/2025";"1200";"";"";"";"64,0";"72,0";"58,0";"";"";"";"1013,1";"1020,6";"1012,3";"0,9";"90,0";"4,5";"1457,70";"0,0"
"03/04/2025";"1300";"";"";"";"58,0";"66,0";"57,0";"";"";"";"1013,2";"1014,0";"1013,1";"2,5";"80,0";"5,6";"2483,00";"0,0"
"03/04/2025";"1400";"";"";"";"58,0";"62,0";"55,0";"";"";"";"1012,7";"1014,0";"1012,6";"1,6";"74,0";"6,0";"2745,10";"0,0"
"03/04/2025";"1500";"";"";"";"58,0";"63,0";"55,0";"";"";"";"1011,9";"1012,7";"1011,9";"2,3";"86,0";"5,7";"2906,60";"0,0"
"03/04/2025";"1600";"";"";"";"59,0";"60,0";"54,0";"";"";"";"1011,2";"1014,1";"1011,2";"3,0";"85,0";"5,7";"2841,90";"0,0"
"03/04/2025";"1700";"";"";"";"56,0";"60,0";"52,0";"";"";"";"1010,8";"1011,3";"1010,5";"1,5";"96,0";"5,7";"2587,40";"0,0"
"03/04/2025";"1800";"";"";"";"55,0";"60,0";"51,0";"";"";"";"1010,6";"1013,6";"1010,4";"2,1";"123,0";"5,9";"1961,20";"0,0"
"03/04/2025";"1900";"";"";"";"57,0";"59,0";"53,0";"";"";"";"1010,5";"1015,4";"1009,8";"1,2";"22,0";"5,9";"1433,10";"0,0"
"03/04/2025";"2000";"";"";"";"59,0";"59,0";"55,0";"";"";"";"1011,1";"1011,5";"1010,4";"1,3";"206,0";"5,3";"591,80";"0,0"
"03/04/2025";"2100";"";"";"";"67,0";"67,0";"59,0";"";"";"";"1010,6";"1015,9";"1010,2";"0,8";"267,0";"4,8";"48,00";"0,0"
"03/04/2025";"2200";"";"";"";"65,0";"67,0";"65,0";"";"";"";"1011,5";"1018,3";"1010,3";"0,6";"261,0";"3,4";"";"0,0"
"03/04/2025";"2300";"";"";"";"67,0";"67,0";"64,0";"";"";"";"1011,7";"1013,3";"1010,9";"1,1";"10,0";"3,3";"";"0,0"
"04/04/2025";"0000";"";"";"";"65,0";"67,0";"63,0";"";"";"";"1012,3";"1012,3";"1011,6";"1,3";"66,0";"4,3";"";"0,0"
"04/04/2025";"0100";"";"";"";"63,0";"67,0";"62,0";"";"";"";"1012,7";"1013,6";"1012,0";"2,9";"84,0";"5,8";"";"0,0"
"04/04/2025";"0200";"";"";"";"66,0";"67,0";"63,0";"";"";"";"1013,4";"1013,4";"1012,6";"3,1";"90,0";"6,4";"";"0,0"
"04/04/2025";"0300";"";"";"";"69,0";"69,0";"64,0";"";"";"";"1012,3";"1023,0";"1012,1";"0,8";"39,0";"5,7";"";"0,0"
"04/04/2025";"0400";"";"";"";"69,0";"70,0";"66,0";"";"";"";"1012,7";"1020,3";"1011,8";"2,3";"89,0";"5,2";"";"0,0"
"04/04/2025";"0500";"";"";"";"68,0";"70,0";"67,0";"";"";"";"1011,8";"1013,5";"1011,7";"2,6";"86,0";"5,9";"";"0,0"
"04/04/2025";"0600";"";"";"";"70,0";"71,0";"67,0";"";"";"";"1012,1";"1014,8";"1011,0";"2,9";"85,0";"5,5";"";"0,0"
"04/04/2025";"0700";"";"";"";"73,0";"73,0";"65,0";"";"";"";"1011,5";"1018,3";"1010,7";"1,3";"64,0";"5,9";"";"0,0"
"04/04/2025";"0800";"";"";"";"80,0";"80,0";"69,0";"";"";"";"1010,9";"1019,1";"1010,5";"0,7";"247,0";"8,0";"";"0,0"
"04/04/2025";"0900";"";"";"";"82,0";"82,0";"80,0";"";"";"";"1011,9";"1012,1";"1010,9";"1,9";"333,0";"3,9";"15,50";"0,0"
"04/04/2025";"1000";"";"";"";"74,0";"82,0";"74,0";"";"";"";"1013,0";"1013,0";"1011,9";"1,8";"16,0";"4,5";"396,10";"0,0"
"04/04/2025";"1100";"";"";"";"69,0";"75,0";"67,0";"";"";"";"1013,7";"1013,7";"1013,0";"3,1";"45,0";"5,2";"1035,40";"0,0"
"04/04/2025";"1200";"";"";"";"64,0";"70,0";"62,0";"";"";"";"1014,0";"1014,2";"1013,2";"2,1";"39,0";"5,2";"1629,30";"0,0"
"04/04/2025";"1300";"";"";"";"61,0";"64,0";"56,0";"";"";"";"1013,9";"1014,1";"1013,6";"3,5";"67,0";"6,0";"2495,00";"0,0"
"04/04/2025";"1400";"";"";"";"62,0";"64,0";"57,0";"";"";"";"1013,5";"1014,2";"1013,3";"3,2";"65,0";"6,5";"2694,70";"0,0"
"04/04/2025";"1500";"";"";"";"55,0";"62,0";"53,0";"";"";"";"1013,2";"1014,1";"1013,2";"3,9";"78,0";"7,6";"2809,60";"0,0"
"04/04/2025";"1600";"";"";"";"56,0";"58,0";"53,0";"";"";"";"1012,1";"1015,4";"1012,0";"4,2";"92,0";"7,2";"2812,30";"0,0"
"04/04/2025";"1700";"";"";"";"60,0";"61,0";"56,0";"";"";"";"1011,5";"1012,3";"1011,0";"3,9";"88,0";"6,8";"2575,70";"0,0"
"04/04/2025";"1800";"";"";"";"59,0";"61,0";"56,0";"";"";"";"1011,5";"1021,4";"1010,7";"3,9";"91,0";"7,7";"2094,40";"0,0"
"04/04/2025";"1900";"";"";"";"59,0";"61,0";"53,0";"";"";"";"1011,5";"1013,3";"1011,3";"4,4";"93,0";"7,6";"1592,70";"0,0"
"04/04/2025";"2000";"";"";"";"61,0";"63,0";"58,0";"";"";"";"1010,8";"1013,1";"1010,6";"3,9";"89,0";"7,9";"695,50";"0,0"
"04/04/2025";"2100";"";"";"";"64,0";"65,0";"61,0";"";"";"";"1011,5";"1016,3";"1010,6";"3,5";"89,0";"6,6";"44,40";"0,0"
"04/04/2025";"2200";"";"";"";"66,0";"68,0";"64,0";"";"";"";"";"1015,5";"1011,4";"3,7";"88,0";"7,2";"";"0,0"
"04/04/2025";"2300";"";"";"";"69,0";"70,0";"66,0";"";"";"";"1013,3";"1019,0";"1012,3";"4,0";"71,0";"7,5";"";"0,0"
"05/04/2025";"0000";"";"";"";"68,0";"69,0";"66,0";"";"";"";"1013,1";"1017,9";"1012,8";"3,8";"69,0";"8,6";"";"0,0"
"05/04/2025";"0100";"";"";"";"67,0";"69,0";"66,0";"";"";"";"1013,7";"1014,3";"1013,1";"3,6";"78,0";"8,3";"";"0,0"
"05/04/2025";"0200";"";"";"";"67,0";"68,0";"67,0";"";"";"";"1014,4";"1021,4";"1013,3";"3,1";"80,0";"7,7";"";"0,0"
"05/04/2025";"0300";"";"";"";"67,0";"68,0";"65,0";"";"";"";"1013,4";"1016,2";"1013,0";"2,6";"75,0";"7,5";"";"0,0"
"05/04/2025";"0400";"";"";"";"68,0";"68,0";"66,0";"";"";"";"1016,3";"1016,8";"1012,3";"3,1";"85,0";"6,5";"";"0,0"
"05/04/2025";"0500";"";"";"";"66,0";"68,0";"64,0";"";"";"";"1012,5";"1017,1";"1012,3";"2,9";"86,0";"6,7";"";"0,0"
"05/04/2025";"0600";"";"";"";"66,0";"67,0";"65,0";"";"";"";"1012,2";"1012,7";"1012,1";"2,3";"79,0";"6,4";"";"0,0"
"05/04/2025";"0700";"";"";"";"67,0";"68,0";"65,0";"";"";"";"1012,3";"1012,9";"1012,0";"2,2";"80,0";"5,4";"";"0,0"
"05/04/2025";"0800";"";"";"";"67,0";"67,0";"65,0";"";"";"";"1013,0";"1013,0";"1012,3";"2,0";"81,0";"4,9";"";"0,0"
"05/04/2025";"0900";"";"";"";"79,0";"79,0";"67,0";"";"";"";"1014,0";"1017,0";"1013,0";"0,8";"13,0";"3,7";"15,80";"0,0"
"05/04/2025";"1000";"";"";"";"68,0";"79,0";"67,0";"";"";"";"1015,9";"1017,1";"1013,8";"1,6";"59,0";"3,3";"495,90";"0,0"
"05/04/2025";"1100";"";"";"";"59,0";"69,0";"58,0";"";"";"";"1014,4";"1025,3";"1014,0";"3,0";"85,0";"6,3";"1091,50";"0,0"
"05/04/2025";"1200";"";"";"";"57,0";"64,0";"57,0";"";"";"";"1014,9";"1017,3";"1014,4";"3,7";"89,0";"6,9";"1682,10";"0,0"
"05/04/2025";"1300";"";"";"";"56,0";"60,0";"55,0";"";"";"";"1015,2";"1015,5";"1014,6";"4,2";"89,0";"7,5";"2462,20";"0,0"
"05/04/2025";"1400";"";"";"";"56,0";"59,0";"54,0";"";"";"";"1015,1";"1016,0";"1014,8";"4,4";"85,0";"7,4";"2659,50";"0,0"
"05/04/2025";"1500";"";"";"";"56,0";"57,0";"51,0";"";"";"";"1014,7";"1021,9";"1013,7";"4,4";"92,0";"7,9";"2767,60";"0,0"
"05/04/2025";"1600";"";"";"";"56,0";"57,0";"54,0";"";"";"";"1020,1";"1020,7";"1013,1";"3,9";"90,0";"7,6";"2655,60";"0,0"
"05/04/2025";"1700";"";"";"";"55,0";"57,0";"53,0";"";"";"";"1014,6";"1020,1";"1011,5";"3,6";"85,0";"7,2";"2227,50";"0,0"
"05/04/2025";"1800";"";"";"";"56,0";"57,0";"52,0";"";"";"";"1011,6";"1016,3";"1011,2";"3,1";"85,0";"6,8";"1831,10";"0,0"
"05/04/2025";"1900";"";"";"";"57,0";"58,0";"55,0";"";"";"";"1016,6";"1020,1";"1010,9";"2,2";"73,0";"6,5";"1244,90";"0,0"
"05/04/2025";"2000";"";"";"";"";"";"";"";"";"";"";"";"";"";"";"";"";""
"05/04/2025";"2100";"";"";"";"62,0";"64,0";"60,0";"";"";"";"1013,4";"1014,2";"1011,2";"1,4";"39,0";"4,7";"44,00";"0,0"
"05/04/2025";"2200";"";"";"";"62,0";"64,0";"60,0";"";"";"";"1012,1";"1021,9";"1012,0";"1,2";"67,0";"4,4";"";"0,0"
"05/04/2025";"2300";"";"";"";"63,0";"64,0";"61,0";"";"";"";"1012,9";"1013,3";"1012,1";"2,2";"87,0";"5,1";"";"0,0"
"06/04/2025";"0000";"";"";"";"61,0";"64,0";"59,0";"";"";"";"1015,7";"1017,1";"1012,6";"3,5";"85,0";"7,2";"";"0,0"
"06/04/2025";"0100";"";"";"";"62,0";"63,0";"59,0";"";"";"";"1013,0";"1015,7";"1012,9";"3,3";"88,0";"6,7";"";"0,0"
"06/04/2025";"0200";"";"";"";"67,0";"67,0";"62,0";"";"";"";"1019,6";"1020,5";"1012,7";"3,0";"88,0";"7,6";"";"0,0"
"06/04/2025";"0300";"";"";"";"65,0";"67,0";"63,0";"";"";"";"1012,7";"1019,7";"1012,6";"0,7";"15,0";"5,3";"";"0,0"
"06/04/2025";"0400";"";"";"";"66,0";"66,0";"64,0";"";"";"";"1012,3";"1012,7";"1012,1";"0,7";"39,0";"4,7";"";"0,0"
"06/04/2025";"0500";"";"";"";"63,0";"68,0";"62,0";"";"";"";"1011,5";"1013,8";"1011,1";"1,4";"93,0";"5,2";"";"0,0"
"06/04/2025";"0600";"";"";"";"66,0";"67,0";"63,0";"";"";"";"1011,2";"1019,6";"1011,0";"1,1";"29,0";"5,6";"";"0,0"
"06/04/2025";"0700";"";"";"";"67,0";"68,0";"63,0";"";"";"";"1015,3";"1016,1";"1010,7";"0,8";"342,0";"4,8";"";"0,0"
"06/04/2025";"0800";"";"";"";"68,0";"69,0";"67,0";"";"";"";"1015,1";"1015,5";"1011,0";"0,9";"309,0";"2,7";"";"0,0"
"06/04/2025";"0900";"";"";"";"64,0";"68,0";"64,0";"";"";"";"1011,9";"1021,9";"1011,7";"0,8";"219,0";"2,4";"11,10";"0,0"
"06/04/2025";"1000";"";"";"";"57,0";"65,0";"57,0";"";"";"";"1012,7";"1016,5";"1011,7";"0,9";"204,0";"2,5";"455,30";"0,0"
"06/04/2025";"1100";"";"";"";"54,0";"61,0";"54,0";"";"";"";"1013,3";"1019,4";"1012,4";"1,6";"199,0";"5,0";"1146,80";"0,0"
"06/04/2025";"1200";"";"";"";"53,0";"56,0";"51,0";"";"";"";"1013,7";"1014,9";"1013,2";"1,4";"23,0";"5,0";"1911,20";"0,0"
"06/04/2025";"1300";"";"";"";"58,0";"59,0";"52,0";"";"";"";"1014,1";"1022,2";"1013,1";"3,1";"87,0";"6,3";"2273,20";"0,0"
"06/04/2025";"1400";"";"";"";"49,0";"58,0";"46,0";"";"";"";"1023,2";"1025,3";"1013,1";"1,8";"85,0";"6,3";"2713,90";"0,0"
"06/04/2025";"1500";"";"";"";"48,0";"51,0";"45,0";"";"";"";"1013,4";"1023,1";"1012,4";"1,8";"109,0";"5,8";"2789,70";"0,0"
"06/04/2025";"1600";"";"";"";"47,0";"52,0";"45,0";"";"";"";"1013,0";"1017,8";"1011,5";"1,7";"143,0";"6,4";"2734,50";"0,0"
"06/04/2025";"1700";"";"";"";"52,0";"53,0";"45,0";"";"";"";"1013,6";"1021,7";"1011,5";"1,7";"112,0";"6,4";"2436,00";"0,0"
"06/04/2025";"1800";"";"";"";"48,0";"54,0";"48,0";"";"";"";"";"1014,6";"1009,6";"1,5";"166,0";"5,8";"1911,80";"0,0"
"06/04/2025";"1900";"";"";"";"55,0";"57,0";"46,0";"";"";"";"1011,1";"1015,9";"1010,8";"1,6";"203,0";"5,3";"1344,90";"0,0"
"06/04/2025";"2000";"";"";"";"60,0";"62,0";"54,0";"";"";"";"1010,1";"1020,6";"1009,9";"1,6";"209,0";"6,0";"496,00";"0,0"
"06/04/2025";"2100";"";"";"";"62,0";"63,0";"60,0";"";"";"";"1010,7";"1015,2";"1009,9";"1,2";"211,0";"5,0";"36,10";"0,0"
"06/04/2025";"2200";"";"";"";"61,0";"64,0";"60,0";"";"";"";"1011,3";"1011,3";"1010,5";"1,1";"222,0";"3,8";"";"0,0"
"06/04/2025";"2300";"";"";"";"61,0";"63,0";"60,0";"";"";"";"1012,2";"1012,2";"1011,2";"1,0";"215,0";"4,1";"";"0,0"
"07/04/2025";"0000";"";"";"";"61,0";"64,0";"61,0";"";"";"";"1018,3";"1024,4";"1011,8";"1,1";"210,0";"3,4";"";"0,0"
"07/04/2025";"0100";"";"";"";"64,0";"65,0";"61,0";"";"";"";"1012,0";"1021,8";"1011,9";"0,9";"22,0";"3,4";"";"0,0"
"07/04/2025";"0200";"";"";"";"64,0";"64,0";"62,0";"";"";"";"1012,9";"1013,4";"1012,0";"0,9";"347,0";"3,6";"";"0,0"
"07/04/2025";"0300";"";"";"";"64,0";"65,0";"64,0";"";"";"";"1012,9";"1020,7";"1012,5";"0,9";"314,0";"3,9";"";"0,0"
"07/04/2025";"0400";"";"";"";"66,0";"67,0";"63,0";"";"";"";"1017,3";"1017,3";"1010,6";"0,8";"359,0";"2,9";"";"0,0"
"07/04/2025";"0500";"";"";"";"63,0";"67,0";"60,0";"";"";"";"1010,7";"1018,0";"1010,5";"1,4";"63,0";"4,6";"";"0,0"
"07/04/2025";"0600";"";"";"";"61,0";"63,0";"59,0";"";"";"";"1010,6";"1010,7";"1010,2";"1,0";"63,0";"4,6";"";"0,0"
"07/04/2025";"0700";"";"";"";"64,0";"66,0";"61,0";"";"";"";"1010,4";"1010,7";"1010,3";"0,8";"56,0";"3,2";"";"0,0"
"07/04/2025";"0800";"";"";"";"66,0";"66,0";"62,0";"";"";"";"1010,2";"1010,4";"1009,7";"0,7";"317,0";"4,1";"";"0,0"
"07/04/2025";"0900";"";"";"";"66,0";"67,0";"65,0";"";"";"";"1010,4";"1011,0";"1009,9";"0,6";"212,0";"2,8";"13,90";"0,0"
"07/04/2025";"1000";"";"";"";"63,0";"66,0";"63,0";"";"";"";"1012,8";"1018,9";"1010,4";"0,7";"12,0";"3,3";"372,70";"0,0"
"07/04/2025";"1100";"";"";"";"55,0";"63,0";"53,0";"";"";"";"1015,7";"1015,7";"1011,1";"1,9";"80,0";"4,5";"1171,30";"0,0"
"07/04/2025";"1200";"";"";"";"63,0";"63,0";"52,0";"";"";"";"1011,6";"1016,8";"1011,1";"3,0";"81,0";"6,1";"1210,60";"0,0"
"07/04/2025";"1300";"";"";"";"61,0";"65,0";"59,0";"";"";"";"1011,2";"1013,5";"1010,8";"2,6";"82,0";"6,1";"2441,50";"0,0"
"07/04/2025";"1400";"";"";"";"55,0";"65,0";"55,0";"";"";"";"1018,1";"1018,1";"1010,5";"2,9";"86,0";"5,8";"2584,40";"0,0"
"07/04/2025";"1500";"";"";"";"55,0";"57,0";"53,0";"";"";"";"1010,3";"1018,2";"1010,3";"2,6";"87,0";"6,1";"2847,90";"0,0"
"07/04/2025";"1600";"";"";"";"56,0";"57,0";"49,0";"";"";"";"1010,2";"1010,8";"1010,0";"3,1";"79,0";"5,6";"2808,60";"0,0"
"07/04/2025";"1700";"";"";"";"55,0";"57,0";"49,0";"";"";"";"1009,7";"1017,8";"1009,7";"2,4";"80,0";"5,3";"2482,80";"0,0"
"07/04/2025";"1800";"";"";"";"56,0";"60,0";"51,0";"";"";"";"1010,3";"1022,4";"1008,4";"1,7";"78,0";"5,4";"1905,00";"0,0"
"07/04/2025";"1900";"";"";"";"59,0";"60,0";"52,0";"";"";"";"1008,9";"1011,1";"1008,2";"1,4";"79,0";"5,2";"1166,20";"0,0"
"07/04/2025";"2000";"";"";"";"62,0";"63,0";"58,0";"";"";"";"1009,8";"1009,8";"1008,9";"1,2";"203,0";"4,1";"463,10";"0,0"
"07/04/2025";"2100";"";"";"";"80,0";"80,0";"62,0";"";"";"";"1009,3";"1018,1";"1009,2";"2,8";"211,0";"6,8";"48,60";"0,8"
"07/04/2025";"2200";"";"";"";"82,0";"84,0";"80,0";"";"";"";"1010,5";"1011,1";"1009,1";"0,4";"254,0";"5,2";"";"1,2"
"07/04/2025";"2300";"";"";"";"75,0";"82,0";"75,0";"";"";"";"1010,9";"1011,1";"1010,4";"0,6";"206,0";"2,5";"";"0,0"
"08/04/2025";"0000";"";"";"";"75,0";"77,0";"74,0";"";"";"";"1011,6";"1015,5";"1010,7";"1,9";"76,0";"6,5";"";"0,0"
"08/04/2025";"0100";"";"";"";"69,0";"75,0";"68,0";"";"";"";"1011,8";"1024,4";"1011,4";"0,5";"308,0";"5,4";"";"0,0"
"08/04/2025";"0200";"";"";"";"70,0";"72,0";"68,0";"";"";"";"1011,8";"1012,0";"1011,5";"0,7";"296,0";"2,7";"";"0,0"
"08/04/2025";"0300";"";"";"";"71,0";"71,0";"67,0";"";"";"";"1011,2";"1011,9";"1011,0";"0,6";"306,0";"2,8";"";"0,0"
"08/04/2025";"0400";"";"";"";"68,0";"71,0";"68,0";"";"";"";"";"1012,3";"1010,7";"0,5";"39,0";"4,6";"";"0,0"
"08/04/2025";"0500";"";"";"";"68,0";"70,0";"67,0";"";"";"";"1010,6";"1016,5";"1010,5";"0,7";"51,0";"2,9";"";"0,0"
"08/04/2025";"0600";"";"";"";"65,0";"69,0";"64,0";"";"";"";"1010,5";"1014,7";"1009,9";"0,8";"54,0";"3,8";"";"0,0"
"08/04/2025";"0700";"";"";"";"67,0";"68,0";"64,0";"";"";"";"1011,3";"1016,8";"1010,1";"0,8";"63,0";"3,9";"";"0,0"
"08/04/2025";"0800";"";"";"";"71,0";"71,0";"67,0";"";"";"";"1010,7";"1013,5";"1010,3";"0,6";"280,0";"2,9";"";"0,0"
"08/04/2025";"0900";"";"";"";"73,0";"76,0";"71,0";"";"";"";"1011,3";"1015,5";"1010,6";"2,4";"87,0";"7,1";"13,60";"0,0"
"08/04/2025";"1000";"";"";"";"66,0";"73,0";"65,0";"";"";"";"1011,7";"1012,0";"1011,2";"2,4";"84,0";"4,7";"439,90";"0,0"
"08/04/2025";"1100";"";"";"";"62,0";"66,0";"62,0";"";"";"";"1015,6";"1018,6";"1011,7";"2,5";"83,0";"5,5";"1111,50";"0,0"
"08/04/2025";"1200";"";"";"";"60,0";"66,0";"56,0";"";"";"";"1014,7";"1018,8";"1013,1";"2,3";"82,0";"5,9";"1932,20";"0,0"
"08/04/2025";"1300";"";"";"";"61,0";"69,0";"58,0";"";"";"";"1013,8";"1017,2";"1013,0";"2,2";"100,0";"5,4";"1937,30";"0,2"
"08/04/2025";"1400";"";"";"";"57,0";"63,0";"52,0";"";"";"";"1013,7";"1013,8";"1013,1";"1,7";"76,0";"6,0";"2433,80";"0,0"
"08/04/2025";"1500";"";"";"";"49,0";"60,0";"49,0";"";"";"";"";"1013,7";"1012,8";"2,4";"90,0";"6,0";"2498,20";"0,0"
"08/04/2025";"1600";"";"";"";"57,0";"60,0";"49,0";"";"";"";"1011,1";"1014,8";"1011,1";"2,0";"71,0";"6,0";"2791,70";"0,0"
"08/04/2025";"1700";"";"";"";"52,0";"58,0";"50,0";"";"";"";"1011,2";"1012,5";"1011,1";"1,9";"88,0";"5,5";"2371,00";"0,0"
"08/04/2025";"1800";"";"";"";"56,0";"59,0";"49,0";"";"";"";"1011,7";"1011,8";"1011,1";"1,3";"152,0";"5,1";"1807,40";"0,0"
"08/04/2025";"1900";"";"";"";"61,0";"61,0";"52,0";"";"";"";"1011,9";"1013,6";"1011,2";"1,6";"87,0";"6,0";"1233,90";"0,0"
"08/04/2025";"2000";"";"";"";"60,0";"62,0";"59,0";"";"";"";"1013,1";"1015,0";"1011,1";"1,0";"35,0";"4,4";"304,50";"0,0"
"08/04/2025";"2100";"";"";"";"67,0";"67,0";"60,0";"";"";"";"1011,8";"1013,5";"1010,8";"0,8";"311,0";"3,5";"37,70";"0,0"
"08/04/2025";"2200";"";"";"";"69,0";"69,0";"66,0";"";"";"";"";"1017,4";"1011,8";"1,0";"346,0";"4,0";"";"0,0"
"08/04/2025";"2300";"";"";"";"67,0";"69,0";"65,0";"";"";"";"1016,5";"1020,0";"1013,9";"1,0";"327,0";"4,0";"";"0,0"
"09/04/2025";"0000";"";"";"";"67,0";"69,0";"66,0";"";"";"";"1013,8";"1017,4";"1013,3";"0,9";"45,0";"4,0";"";"0,0"
"09/04/2025";"0100";"";"";"";"68,0";"71,0";"67,0";"";"";"";"1013,9";"1013,9";"1012,6";"1,8";"80,0";"4,5";"";"0,0"
"09/04/2025";"0200";"";"";"";"66,0";"68,0";"66,0";"";"";"";"1014,1";"1014,1";"1013,6";"1,8";"78,0";"5,9";"";"0,0"
"09/04/2025";"0300";"";"";"";"66,0";"67,0";"64,0";"";"";"";"1013,5";"1014,1";"1013,2";"1,0";"85,0";"4,9";"";"0,0"
"09/04/2025";"0400";"";"";"";"72,0";"72,0";"66,0";"";"";"";"1013,0";"1013,6";"1012,9";"1,4";"70,0";"4,0";"";"0,0"
"09/04/2025";"0500";"";"";"";"65,0";"73,0";"65,0";"";"";"";"1012,1";"1019,7";"1012,1";"1,6";"85,0";"4,1";"";"0,0"
"09/04/2025";"0600";"";"";"";"71,0";"71,0";"65,0";"";"";"";"1014,3";"1017,3";"1011,9";"0,7";"354,0";"4,1";"";"0,0"
"09/04/2025";"0700";"";"";"";"81,0";"81,0";"70,0";"";"";"";"1012,4";"1020,5";"1012,3";"1,6";"221,0";"5,3";"";"0,0"
"09/04/2025";"0800";"";"";"";"76,0";"83,0";"75,0";"";"";"";"1012,3";"1012,3";"1011,6";"0,5";"338,0";"3,6";"";"0,0"
"09/04/2025";"0900";"";"";"";"75,0";"81,0";"75,0";"";"";"";"1012,3";"1012,6";"1011,8";"0,7";"245,0";"2,1";"7,70";"0,0"
"09/04/2025";"1000";"";"";"";"64,0";"76,0";"63,0";"";"";"";"1012,8";"1013,6";"1012,2";"1,1";"216,0";"3,0";"615,20";"0,0"
"09/04/2025";"1100";"";"";"";"67,0";"81,0";"63,0";"";"";"";"1013,7";"1013,9";"1012,7";"0,8";"281,0";"6,2";"1129,40";"4,2"
"09/04/2025";"1200";"";"";"";"63,0";"69,0";"59,0";"";"";"";"1014,2";"1014,4";"1013,7";"1,8";"86,0";"5,0";"1905,40";"0,0"
"09/04/2025";"1300";"";"";"";"59,0";"64,0";"57,0";"";"";"";"";"1015,0";"1013,6";"1,2";"131,0";"5,0";"2285,10";"0,0"
"09/04/2025";"1400";"";"";"";"60,0";"63,0";"56,0";"";"";"";"1013,5";"1019,4";"1013,5";"2,2";"58,0";"5,0";"2772,00";"0,0"
"09/04/2025";"1500";"";"";"";"61,0";"64,0";"57,0";"";"";"";"1013,0";"1013,6";"1012,5";"2,6";"82,0";"5,5";"2366,80";"0,0"
"09/04/2025";"1600";"";"";"";"56,0";"61,0";"56,0";"";"";"";"1011,6";"1021,7";"1011,5";"2,4";"75,0";"5,6";"2802,40";"0,0"
"09/04/2025";"1700";"";"";"";"63,0";"63,0";"54,0";"";"";"";"1015,0";"1015,0";"1011,0";"2,5";"78,0";"7,3";"2572,10";"0,0"
"09/04/2025";"1800";"";"";"";"60,0";"62,0";"57,0";"";"";"";"1011,1";"1019,5";"1010,9";"1,1";"6,0";"6,4";"1205,00";"0,0"
"09/04/2025";"1900";"";"";"";"65,0";"66,0";"60,0";"";"";"";"1010,8";"1012,7";"1010,6";"1,9";"187,0";"5,6";"577,10";"0,0"
"09/04/2025";"2000";"";"";"";"64,0";"66,0";"62,0";"";"";"";"1016,7";"1017,8";"1010,7";"1,5";"214,0";"5,6";"211,90";"0,0"
"09/04/2025";"2100";"";"";"";"69,0";"69,0";"64,0";"";"";"";"1010,5";"1016,8";"1010,2";"1,0";"85,0";"4,9";"29,40";"0,0"
"09/04/2025";"2200";"";"";"";"70,0";"71,0";"68,0";"";"";"";"1011,0";"1021,2";"1010,5";"0,9";"347,0";"3,2";"";"0,0"
"09/04/2025";"2300";"";"";"";"70,0";"72,0";"70,0";"";"";"";"1013,5";"1021,5";"1011,0";"1,1";"57,0";"4,1";"";"0,0"
"10/04/2025";"0000";"";"";"";"69,0";"72,0";"69,0";"";"";"";"1021,5";"1021,5";"1011,8";"1,7";"74,0";"4,8";"";"0,0"
"10/04/2025";"0100";"";"";"";"69,0";"70,0";"68,0";"";"";"";"1012,5";"1022,3";"1012,0";"3,0";"88,0";"6,1";"";"0,0"
"10/04/2025";"0200";"";"";"";"71,0";"72,0";"69,0";"";"";"";"";"1015,9";"1011,4";"2,6";"86,0";"6,0";"";"0,0"
"10/04/2025";"0300";"";"";"";"68,0";"72,0";"68,0";"";"";"";"1015,3";"1019,3";"1011,6";"1,4";"84,0";"5,5";"";"0,0"
"10/04/2025";"0400";"";"";"";"69,0";"69,0";"68,0";"";"";"";"1011,3";"1019,2";"1011,1";"1,8";"83,0";"4,1";"";"0,0"
"10/04/2025";"0500";"";"";"";"69,0";"72,0";"69,0";"";"";"";"1009,8";"1017,8";"1009,7";"2,3";"90,0";"4,2";"";"0,0"
"10/04/2025";"0600";"";"";"";"70,0";"70,0";"68,0";"";"";"";"1017,8";"1020,7";"1009,6";"1,4";"73,0";"4,6";"";"0,0"
"10/04/2025";"0700";"";"";"";"69,0";"70,0";"68,0";"";"";"";"1017,9";"1020,2";"1009,4";"1,2";"83,0";"3,6";"";"0,0"
"10/04/2025";"0800";"";"";"";"71,0";"73,0";"69,0";"";"";"";"1018,6";"1019,9";"1011,6";"1,5";"76,0";"3,0";"";"0,0"
"10/04/2025";"0900";"";"";"";"79,0";"79,0";"70,0";"";"";"";"1010,7";"1019,8";"1010,6";"0,3";"296,0";"2,9";"12,90";"0,0"
"10/04/2025";"1000";"";"";"";"75,0";"79,0";"74,0";"";"";"";"1011,2";"1011,3";"1010,5";"1,1";"341,0";"2,4";"447,70";"0,0"
"10/04/2025";"1100";"";"";"";"64,0";"75,0";"63,0";"";"";"";"1011,8";"1016,2";"1011,1";"1,2";"78,0";"2,4";"1203,10";"0,0"
"10/04/2025";"1200";"";"";"";"64,0";"65,0";"60,0";"";"";"";"1012,6";"1014,2";"1011,7";"2,2";"78,0";"4,5";"1936,70";"0,0"
"10/04/2025";"1300";"";"";"";"59,0";"64,0";"58,0";"";"";"";"1012,2";"1013,3";"1012,2";"2,4";"76,0";"5,1";"2419,50";"0,0"
"10/04/2025";"1400";"";"";"";"59,0";"62,0";"57,0";"";"";"";"";"1020,7";"1012,1";"3,4";"85,0";"6,0";"2703,20";"0,0"
"10/04/2025";"1500";"";"";"";"61,0";"62,0";"57,0";"";"";"";"1009,9";"1022,0";"1009,8";"3,5";"84,0";"6,3";"2804,30";"0,0"
"10/04/2025";"1600";"";"";"";"62,0";"62,0";"57,0";"";"";"";"1009,5";"1010,0";"1009,3";"3,6";"78,0";"6,9";"2756,60";"0,0"
"10/04/2025";"1700";"";"";"";"61,0";"62,0";"57,0";"";"";"";"1008,4";"1009,9";"1008,0";"2,1";"89,0";"6,4";"2497,70";"0,0"
"10/04/2025";"1800";"";"";"";"61,0";"63,0";"56,0";"";"";"";"1008,6";"1011,4";"1007,2";"1,7";"73,0";"7,0";"2016,10";"0,0"
"10/04/2025";"1900";"";"";"";"63,0";"65,0";"59,0";"";"";"";"1011,8";"1012,4";"995,7";"1,2";"38,0";"7,6";"1362,40";"0,0"
"10/04/2025";"2000";"";"";"";"66,0";"66,0";"62,0";"";"";"";"1008,8";"1013,2";"1000,3";"1,2";"348,0";"5,0";"503,40";"0,0"
"10/04/2025";"2100";"";"";"";"72,0";"72,0";"66,0";"";"";"";"1002,8";"1014,8";"1002,2";"1,2";"327,0";"3,7";"26,50";"0,0"
"10/04/2025";"2200";"";"";"";"72,0";"73,0";"71,0";"";"";"";"1010,6";"1017,5";"1002,8";"1,1";"30,0";"3,9";"";"0,0"
"10/04/2025";"2300";"";"";"";"72,0";"73,0";"71,0";"";"";"";"1009,0";"1011,1";"1004,7";"3,4";"87,0";"6,7";"";"0,0"
"11/04/2025";"0000";"";"";"";"72,0";"73,0";"70,0";"";"";"";"1018,8";"1019,4";"1007,2";"3,5";"86,0";"7,3";"";"0,0"
"11/04/2025";"0100";"";"";"";"72,0";"73,0";"71,0";"";"";"";"1016,2";"1018,9";"1013,1";"3,1";"84,0";"7,3";"";"0,0"
"11/04/2025";"0200";"";"";"";"70,0";"73,0";"70,0";"";"";"";"1020,2";"1020,4";"1011,2";"3,5";"77,0";"7,4";"";"0,0"
"11/04/2025";"0300";"";"";"";"72,0";"72,0";"70,0";"";"";"";"1011,9";"1020,1";"1008,6";"2,4";"74,0";"7,4";"";"0,0"
"11/04/2025";"0400";"";"";"";"72,0";"72,0";"70,0";"";"";"";"1008,3";"1020,0";"1008,0";"2,7";"69,0";"6,3";"";"0,0"
"11/04/2025";"0500";"";"";"";"74,0";"74,0";"71,0";"";"";"";"1018,2";"1018,9";"1007,3";"2,4";"63,0";"5,8";"";"0,0"
"11/04/2025";"0600";"";"";"";"76,0";"76,0";"73,0";"";"";"";"1014,8";"1018,9";"1009,4";"2,1";"37,0";"4,8";"";"0,0"
"11/04/2025";"0700";"";"";"";"77,0";"77,0";"76,0";"";"";"";"1009,9";"1016,9";"1009,6";"2,0";"16,0";"5,3";"";"0,0"
"11/04/2025";"0800";"";"";"";"80,0";"81,0";"77,0";"";"";"";"1016,4";"1018,4";"1006,8";"1,5";"335,0";"4,1";"";"0,0"
"11/04/2025";"0900";"";"";"";"81,0";"81,0";"80,0";"";"";"";"1009,4";"1016,5";"1008,8";"1,0";"329,0";"3,5";"10,40";"0,0"
"11/04/2025";"1000";"";"";"";"73,0";"81,0";"72,0";"";"";"";"1013,0";"1018,2";"1008,0";"2,0";"16,0";"4,1";"434,70";"0,0"
"11/04/2025";"1100";"";"";"";"67,0";"73,0";"67,0";"";"";"";"1013,4";"1019,3";"1011,2";"2,5";"63,0";"5,4";"1191,40";"0,0"
"11/04/2025";"1200";"";"";"";"60,0";"68,0";"60,0";"";"";"";"";"1020,9";"1011,2";"2,3";"70,0";"5,8";"1776,90";"0,0"
"11/04/2025";"1300";"";"";"";"62,0";"65,0";"58,0";"";"";"";"1012,2";"1017,3";"1009,2";"2,7";"90,0";"5,0";"2212,20";"0,0"
"11/04/2025";"1400";"";"";"";"58,0";"64,0";"58,0";"";"";"";"1015,6";"1017,1";"1008,6";"2,0";"78,0";"5,6";"2701,40";"0,0"
"11/04/2025";"1500";"";"";"";"60,0";"62,0";"57,0";"";"";"";"1009,6";"1016,4";"1009,1";"2,2";"86,0";"6,4";"2738,90";"0,0"
"11/04/2025";"1600";"";"";"";"60,0";"63,0";"57,0";"";"";"";"1007,5";"1012,6";"1006,8";"2,9";"81,0";"7,4";"2680,10";"0,0"
"11/04/2025";"1700";"";"";"";"62,0";"63,0";"58,0";"";"";"";"1005,3";"1017,2";"1005,3";"2,6";"78,0";"6,0";"2426,80";"0,0"
"11/04/2025";"1800";"";"";"";"63,0";"64,0";"61,0";"";"";"";"1010,0";"1017,3";"1005,2";"2,6";"80,0";"7,4";"1953,00";"0,0"
"11/04/2025";"1900";"";"";"";"64,0";"66,0";"62,0";"";"";"";"1013,0";"1019,1";"1005,3";"3,4";"87,0";"7,3";"1313,70";"0,0"
"11/04/2025";"2000";"";"";"";"70,0";"71,0";"64,0";"";"";"";"";"1019,7";"1011,8";"3,5";"83,0";"7,0";"499,80";"0,0"
"11/04/2025";"2100";"";"";"";"74,0";"75,0";"70,0";"";"";"";"1009,2";"1020,4";"1008,1";"3,8";"85,0";"7,6";"34,60";"0,0"
"11/04/2025";"2200";"";"";"";"73,0";"76,0";"73,0";"";"";"";"1007,1";"1020,6";"1007,1";"3,5";"87,0";"7,0";"";"0,0"
"11/04/2025";"2300";"";"";"";"72,0";"75,0";"72,0";"";"";"";"1009,2";"1010,6";"1006,9";"3,0";"86,0";"6,6";"";"0,0"
"12/04/2025";"0000";"";"";"";"73,0";"74,0";"72,0";"";"";"";"1017,3";"1019,2";"1009,2";"3,4";"87,0";"6,5";"";"0,0"
"12/04/2025";"0100";"";"";"";"74,0";"74,0";"71,0";"";"";"";"1012,9";"1014,8";"1008,5";"3,2";"88,0";"6,2";"";"0,0"
"12/04/2025";"0200";"";"";"";"75,0";"75,0";"73,0";"";"";"";"1009,0";"1016,4";"1009,0";"3,3";"85,0";"6,6";"";"0,0"
"12/04/2025";"0300";"";"";"";"75,0";"76,0";"74,0";"";"";"";"1010,2";"1019,1";"1008,9";"3,1";"67,0";"7,0";"";"0,0"
"12/04/2025";"0400";"";"";"";"76,0";"76,0";"74,0";"";"";"";"1016,5";"1019,8";"1010,0";"3,4";"71,0";"6,7";"";"0,0"
"12/04/2025";"0500";"";"";"";"78,0";"79,0";"74,0";"";"";"";"1014,9";"1020,6";"1008,7";"2,8";"68,0";"7,6";"";"0,0"
"12/04/2025";"0600";"";"";"";"81,0";"82,0";"78,0";"";"";"";"1007,2";"1016,9";"1006,9";"2,6";"52,0";"6,8";"";"0,4"
"12/04/2025";"0700";"";"";"";"85,0";"85,0";"81,0";"";"";"";"1007,2";"1007,5";"1007,0";"1,9";"32,0";"5,6";"";"0,4"
"12/04/2025";"0800";"";"";"";"91,0";"91,0";"84,0";"";"";"";"1011,3";"1017,3";"1007,2";"3,3";"301,0";"13,6";"1,90";"48,6"
"12/04/2025";"0900";"";"";"";"92,0";"92,0";"91,0";"";"";"";"1013,1";"1015,5";"1010,5";"2,1";"33,0";"9,8";"";"30,0"
"12/04/2025";"1000";"";"";"";"92,0";"92,0";"92,0";"";"";"";"1010,6";"1019,2";"1009,7";"1,2";"295,0";"4,5";"11,20";"1,4"
"12/04/2025";"1100";"";"";"";"91,0";"92,0";"91,0";"";"";"";"1011,5";"1011,6";"1009,9";"1,5";"23,0";"3,9";"188,80";"0,4"
"12/04/2025";"1200";"";"";"";"88,0";"91,0";"88,0";"";"";"";"1013,4";"1019,7";"1011,8";"1,7";"271,0";"6,1";"341,20";"0,0"
"12/04/2025";"1300";"";"";"";"86,0";"88,0";"85,0";"";"";"";"1011,3";"1015,0";"1011,2";"2,3";"233,0";"5,0";"567,40";"0,2"
"12/04/2025";"1400";"";"";"";"82,0";"86,0";"80,0";"";"";"";"1014,8";"1020,4";"1010,6";"1,4";"319,0";"3,9";"1020,70";"0,0"
"12/04/2025";"1500";"";"";"";"76,0";"82,0";"75,0";"";"";"";"1012,4";"1019,4";"1011,1";"2,3";"230,0";"4,8";"1285,70";"0,0"
"12/04/2025";"1600";"";"";"";"70,0";"76,0";"68,0";"";"";"";"1015,6";"1021,0";"1009,7";"2,3";"227,0";"5,6";"1442,80";"0,0"
"12/04/2025";"1700";"";"";"";"68,0";"71,0";"66,0";"";"";"";"1008,5";"1018,2";"1008,4";"2,6";"228,0";"5,7";"1323,00";"0,0"
"12/04/2025";"1800";"";"";"";"71,0";"71,0";"68,0";"";"";"";"1008,2";"1009,2";"1008,2";"2,4";"239,0";"4,9";"498,90";"0,0"
"12/04/2025";"1900";"";"";"";"73,0";"74,0";"70,0";"";"";"";"1008,8";"1015,5";"1007,4";"2,8";"226,0";"6,1";"368,60";"0,0"
"12/04/2025";"2000";"";"";"";"73,0";"74,0";"72,0";"";"";"";"1009,6";"1018,7";"1008,8";"2,2";"234,0";"5,4";"225,70";"0,0"
"12/04/2025";"2100";"";"";"";"75,0";"75,0";"72,0";"";"";"";"1013,6";"1015,1";"1008,1";"1,7";"241,0";"3,7";"18,90";"0,0"
"12/04/2025";"2200";"";"";"";"78,0";"78,0";"75,0";"";"";"";"1013,7";"1019,0";"1009,9";"1,1";"210,0";"3,1";"";"0,0"
"12/04/2025";"2300";"";"";"";"81,0";"81,0";"77,0";"";"";"";"1012,9";"1026,3";"1010,9";"1,3";"250,0";"3,4";"";"0,0"
"13/04/2025";"0000";"";"";"";"80,0";"81,0";"79,0";"";"";"";"1010,3";"1015,0";"1009,4";"1,7";"243,0";"2,9";"";"0,0"
"13/04/2025";"0100";"";"";"";"83,0";"83,0";"80,0";"";"";"";"1021,1";"1021,1";"1009,8";"1,2";"239,0";"2,8";"";"0,0"
"13/04/2025";"0200";"";"";"";"84,0";"84,0";"83,0";"";"";"";"1017,2";"1021,3";"1012,2";"1,6";"262,0";"2,6";"";"0,0"
"13/04/2025";"0300";"";"";"";"86,0";"86,0";"84,0";"";"";"";"";"1020,3";"1011,1";"2,0";"229,0";"3,0";"";"0,0"
"13/04/2025";"0400";"";"";"";"86,0";"86,0";"85,0";"";"";"";"1015,8";"1019,4";"1010,3";"1,7";"226,0";"3,3";"";"0,0"
"13/04/2025";"0500";"";"";"";"84,0";"86,0";"84,0";"";"";"";"1009,5";"1017,4";"1009,3";"2,3";"228,0";"3,9";"";"0,0"
"13/04/2025";"0600";"";"";"";"86,0";"86,0";"84,0";"";"";"";"1009,0";"1010,5";"1008,9";"1,7";"234,0";"3,5";"";"0,0"
"13/04/2025";"0700";"";"";"";"85,0";"86,0";"85,0";"";"";"";"1008,9";"1011,5";"1008,2";"1,5";"264,0";"2,8";"";"0,0"
"13/04/2025";"0800";"";"";"";"86,0";"86,0";"85,0";"";"";"";"";"1020,1";"1008,7";"1,3";"246,0";"3,0";"";"0,0"
"13/04/2025";"0900";"";"";"";"87,0";"87,0";"86,0";"";"";"";"1013,0";"1022,1";"1010,2";"1,7";"236,0";"3,6";"5,60";"0,0"
"13/04/2025";"1000";"";"";"";"82,0";"87,0";"81,0";"";"";"";"1013,3";"1016,3";"1010,1";"2,7";"229,0";"4,5";"390,30";"0,0"
"13/04/2025";"1100";"";"";"";"81,0";"83,0";"81,0";"";"";"";"1011,6";"1018,2";"1011,5";"2,5";"221,0";"4,5";"699,40";"0,0"
"13/04/2025";"1200";"";"";"";"72,0";"81,0";"72,0";"";"";"";"1019,4";"1019,4";"1011,6";"3,0";"222,0";"4,9";"1484,60";"0,0"
"13/04/2025";"1300";"";"";"";"67,0";"75,0";"66,0";"";"";"";"1013,2";"1020,7";"1013,1";"2,0";"215,0";"5,1";"1752,40";"0,0"
"13/04/2025";"1400";"";"";"";"76,0";"79,0";"62,0";"";"";"";"1013,0";"1022,7";"1012,9";"2,2";"192,0";"6,3";"1485,10";"0,0"
"13/04/2025";"1500";"";"";"";"63,0";"76,0";"62,0";"";"";"";"1012,2";"1022,6";"1012,1";"1,4";"187,0";"6,0";"1489,70";"0,0"
"13/04/2025";"1600";"";"";"";"62,0";"67,0";"59,0";"";"";"";"1013,1";"1023,7";"1011,1";"1,5";"136,0";"5,5";"2602,80";"0,0"
"13/04/2025";"1700";"";"";"";"58,0";"63,0";"58,0";"";"";"";"1010,4";"1013,4";"1010,0";"2,1";"194,0";"5,7";"2212,60";"0,0"
"13/04/2025";"1800";"";"";"";"62,0";"63,0";"58,0";"";"";"";"1009,8";"1024,8";"1009,5";"2,0";"187,0";"6,0";"1927,80";"0,0"
"13/04/2025";"1900";"";"";"";"63,0";"65,0";"60,0";"";"";"";"1009,4";"1020,0";"1009,3";"1,4";"190,0";"5,6";"1174,50";"0,0"
"13/04/2025";"2000";"";"";"";"69,0";"69,0";"61,0";"";"";"";"1009,8";"1010,0";"1009,3";"1,1";"196,0";"4,2";"354,30";"0,0"
"13/04/2025";"2100";"";"";"";"72,0";"72,0";"68,0";"";"";"";"1013,8";"1020,7";"1009,7";"1,4";"193,0";"4,0";"23,00";"0,0"
"13/04/2025";"2200";"";"";"";"72,0";"74,0";"72,0";"";"";"";"1012,4";"1018,5";"1011,6";"1,0";"194,0";"3,7";"";"0,0"
"13/04/2025";"2300";"";"";"";"68,0";"72,0";"68,0";"";"";"";"1010,8";"1012,9";"1010,4";"1,0";"198,0";"2,9";"";"0,0"
"14/04/2025";"0000";"";"";"";"75,0";"75,0";"68,0";"";"";"";"1010,8";"1010,9";"1010,2";"0,5";"277,0";"3,0";"";"0,0"
"14/04/2025";"0100";"";"";"";"73,0";"76,0";"70,0";"";"";"";"1012,7";"1018,4";"1010,6";"0,6";"191,0";"2,3";"";"0,0"
"14/04/2025";"0200";"";"";"";"76,0";"76,0";"73,0";"";"";"";"";"1026,7";"1012,4";"0,7";"212,0";"3,0";"";"0,0"
"14/04/2025";"0300";"";"";"";"78,0";"79,0";"76,0";"";"";"";"1017,6";"1025,4";"1016,6";"0,7";"242,0";"1,8";"";"0,0"
"14/04/2025";"0400";"";"";"";"77,0";"78,0";"75,0";"";"";"";"1013,2";"1020,6";"1013,2";"0,5";"286,0";"1,8";"";"0,0"
"14/04/2025";"0500";"";"";"";"81,0";"81,0";"77,0";"";"";"";"1014,4";"1017,9";"1012,5";"0,6";"283,0";"2,5";"";"0,0"
"14/04/2025";"0600";"";"";"";"86,0";"86,0";"81,0";"";"";"";"1017,3";"1021,5";"1014,4";"0,7";"264,0";"2,2";"";"0,0"
"14/04/2025";"0700";"";"";"";"87,0";"87,0";"85,0";"";"";"";"1011,2";"1019,9";"1011,1";"1,4";"260,0";"3,5";"";"3,6"
"14/04/2025";"0800";"";"";"";"89,0";"89,0";"86,0";"";"";"";"1013,0";"1018,9";"1011,1";"1,2";"350,0";"4,3";"";"4,0"
"14/04/2025";"0900";"";"";"";"90,0";"90,0";"89,0";"";"";"";"1011,4";"1021,6";"1011,0";"1,5";"250,0";"2,9";"9,30";"0,0"
"14/04/2025";"1000";"";"";"";"90,0";"90,0";"89,0";"";"";"";"1014,2";"1022,7";"1010,3";"1,9";"234,0";"3,7";"101,50";"4,0"
"14/04/2025";"1100";"";"";"";"89,0";"91,0";"89,0";"";"";"";"1012,0";"1014,9";"1011,1";"0,8";"275,0";"3,3";"477,60";"0,2"
"14/04/2025";"1200";"";"";"";"78,0";"90,0";"77,0";"";"";"";"1015,9";"1017,9";"1011,7";"0,3";"59,0";"1,6";"721,90";"0,0"
"14/04/2025";"1300";"";"";"";"66,0";"78,0";"65,0";"";"";"";"1018,0";"1025,8";"1013,3";"1,6";"73,0";"3,5";"2204,40";"0,0"
"14/04/2025";"1400";"";"";"";"63,0";"69,0";"60,0";"";"";"";"1011,8";"1018,0";"1011,6";"1,4";"73,0";"5,2";"2752,30";"0,0"
"14/04/2025";"1500";"";"";"";"62,0";"66,0";"55,0";"";"";"";"1010,9";"1012,5";"1010,9";"2,1";"182,0";"5,0";"2607,70";"0,0"
"14/04/2025";"1600";"";"";"";"65,0";"67,0";"59,0";"";"";"";"1019,2";"1019,3";"1009,8";"2,1";"78,0";"4,9";"2706,90";"0,0"
"14/04/2025";"1700";"";"";"";"57,0";"67,0";"56,0";"";"";"";"1020,8";"1023,4";"1011,1";"1,5";"193,0";"5,6";"2428,20";"0,0"
"14/04/2025";"1800";"";"";"";"57,0";"63,0";"54,0";"";"";"";"1009,0";"1021,9";"1008,8";"1,4";"131,0";"6,2";"1943,60";"0,0"
"14/04/2025";"1900";"";"";"";"61,0";"63,0";"53,0";"";"";"";"1008,9";"1012,5";"1008,6";"0,9";"355,0";"4,6";"1309,00";"0,0"
"14/04/2025";"2000";"";"";"";"65,0";"65,0";"61,0";"";"";"";"1013,6";"1017,6";"1008,1";"1,0";"214,0";"4,3";"468,50";"0,0"
"14/04/2025";"2100";"";"";"";"70,0";"70,0";"65,0";"";"";"";"1012,5";"1030,1";"1009,1";"1,0";"217,0";"3,2";"22,10";"0,0"
"14/04/2025";"2200";"";"";"";"71,0";"72,0";"69,0";"";"";"";"1020,6";"1025,0";"1009,9";"0,9";"234,0";"2,5";"";"0,0"
"14/04/2025";"2300";"";"";"";"73,0";"75,0";"71,0";"";"";"";"1010,7";"1029,9";"1010,7";"0,9";"308,0";"3,0";"";"0,0"
"15/04/2025";"0000";"";"";"";"74,0";"74,0";"71,0";"";"";"";"1010,5";"1010,6";"1009,6";"1,1";"46,0";"2,8";"";"0,0"
"15/04/2025";"0100";"";"";"";"74,0";"75,0";"73,0";"";"";"";"1011,3";"1011,4";"1010,5";"0,9";"302,0";"2,3";"";"0,0"
"15/04/2025";"0200";"";"";"";"72,0";"74,0";"71,0";"";"";"";"";"1016,0";"1010,9";"1,1";"76,0";"4,1";"";"0,0"
"15/04/2025";"0300";"";"";"";"71,0";"73,0";"70,0";"";"";"";"";"1029,6";"1011,4";"2,4";"86,0";"5,4";"";"0,0"
"15/04/2025";"0400";"";"";"";"73,0";"73,0";"69,0";"";"";"";"1010,6";"1022,3";"1010,3";"1,3";"83,0";"4,8";"";"0,0"
"15/04/2025";"0500";"";"";"";"73,0";"75,0";"71,0";"";"";"";"1012,4";"1014,7";"1009,5";"1,8";"83,0";"4,7";"";"0,0"
"15/04/2025";"0600";"";"";"";"73,0";"75,0";"73,0";"";"";"";"1011,6";"1020,2";"1010,4";"1,8";"86,0";"4,3";"";"0,0"
"15/04/2025";"0700";"";"";"";"74,0";"74,0";"72,0";"";"";"";"1012,2";"1017,9";"1010,5";"1,7";"89,0";"4,1";"";"0,0"
"15/04/2025";"0800";"";"";"";"78,0";"78,0";"74,0";"";"";"";"1011,0";"1012,7";"1010,3";"0,7";"6,0";"3,1";"";"0,0"
"15/04/2025";"0900";"";"";"";"83,0";"83,0";"78,0";"";"";"";"1012,6";"1017,4";"1010,4";"1,3";"359,0";"3,0";"10,60";"0,0"
"15/04/2025";"1000";"";"";"";"79,0";"83,0";"79,0";"";"";"";"1015,5";"1016,1";"1010,8";"1,2";"341,0";"3,4";"257,40";"0,0"
"15/04/2025";"1100";"";"";"";"69,0";"79,0";"68,0";"";"";"";"1019,3";"1022,8";"1012,0";"1,7";"55,0";"5,1";"1186,70";"0,0"
"15/04/2025";"1200";"";"";"";"68,0";"72,0";"67,0";"";"";"";"1011,5";"1022,7";"1010,8";"1,6";"88,0";"5,1";"1111,20";"0,0"
"15/04/2025";"1300";"";"";"";"64,0";"70,0";"63,0";"";"";"";"1011,5";"1011,9";"1011,1";"2,8";"81,0";"5,0";"2022,30";"0,0"
"15/04/2025";"1400";"";"";"";"63,0";"66,0";"60,0";"";"";"";"1010,8";"1011,6";"1010,8";"2,9";"87,0";"5,7";"2656,00";"0,0"
"15/04/2025";"1500";"";"";"";"61,0";"64,0";"59,0";"";"";"";"1018,1";"1023,8";"1010,7";"2,4";"81,0";"5,5";"2760,70";"0,0"
"15/04/2025";"1600";"";"";"";"62,0";"63,0";"59,0";"";"";"";"1008,4";"1022,5";"1008,3";"2,5";"78,0";"5,6";"2703,50";"0,0"
"15/04/2025";"1700";"";"";"";"61,0";"64,0";"60,0";"";"";"";"1008,3";"1009,1";"1008,2";"2,6";"81,0";"6,0";"2446,90";"0,0"
"15/04/2025";"1800";"";"";"";"62,0";"62,0";"58,0";"";"";"";"1008,5";"1017,0";"1007,8";"1,6";"76,0";"5,7";"1960,40";"0,0"
"15/04/2025";"1900";"";"";"";"65,0";"66,0";"62,0";"";"";"";"1008,9";"1008,9";"1008,0";"1,7";"76,0";"5,5";"1318,90";"0,0"
"15/04/2025";"2000";"";"";"";"71,0";"72,0";"65,0";"";"";"";"1008,8";"1010,0";"1008,1";"1,5";"64,0";"5,3";"514,50";"0,0"
"15/04/2025";"2100";"";"";"";"69,0";"73,0";"69,0";"";"";"";"1008,5";"1017,8";"1008,2";"2,9";"84,0";"6,0";"24,80";"0,0"
"15/04/2025";"2200";"";"";"";"73,0";"74,0";"68,0";"";"";"";"1009,4";"1016,5";"1008,5";"2,5";"84,0";"6,0";"";"0,0"
"15/04/2025";"2300";"";"";"";"76,0";"76,0";"73,0";"";"";"";"1012,2";"1017,7";"1009,2";"3,3";"89,0";"5,9";"";"0,0"
"16/04/2025";"0000";"";"";"";"74,0";"76,0";"74,0";"";"";"";"1009,8";"1017,0";"1009,6";"3,0";"85,0";"6,0";"";"0,0"
"16/04/2025";"0100";"";"";"";"74,0";"75,0";"73,0";"";"";"";"1010,6";"1011,3";"1009,6";"2,5";"76,0";"6,0";"";"0,0"
"16/04/2025";"0200";"";"";"";"73,0";"76,0";"73,0";"";"";"";"1012,9";"1014,5";"1010,1";"3,3";"78,0";"6,2";"";"0,0"
"16/04/2025";"0300";"";"";"";"76,0";"78,0";"73,0";"";"";"";"1010,3";"1017,9";"1010,0";"2,3";"80,0";"6,0";"";"0,0"
"16/04/2025";"0400";"";"";"";"75,0";"76,0";"73,0";"";"";"";"1013,3";"1016,9";"1009,7";"2,4";"62,0";"6,6";"";"0,0"
"16/04/2025";"0500";"";"";"";"75,0";"76,0";"75,0";"";"";"";"1019,8";"1024,5";"1013,1";"2,6";"60,0";"4,6";"";"0,0"
"16/04/2025";"0600";"";"";"";"77,0";"78,0";"73,0";"";"";"";"1011,1";"1023,4";"1011,1";"1,3";"28,0";"5,3";"";"0,0"
"16/04/2025";"0700";"";"";"";"79,0";"80,0";"77,0";"";"";"";"1009,1";"1017,2";"1009,1";"1,7";"26,0";"3,6";"";"0,0"
"16/04/2025";"0800";"";"";"";"80,0";"80,0";"78,0";"";"";"";"1009,7";"1014,2";"1008,7";"1,6";"32,0";"3,8";"";"0,0"
"16/04/2025";"0900";"";"";"";"77,0";"81,0";"77,0";"";"";"";"1012,9";"1013,1";"1009,7";"1,9";"41,0";"3,3";"15,50";"0,0"
"16/04/2025";"1000";"";"";"";"71,0";"77,0";"71,0";"";"";"";"1023,8";"1024,0";"1012,0";"2,5";"45,0";"5,2";"337,30";"0,0"
"16/04/2025";"1100";"";"";"";"69,0";"72,0";"68,0";"";"";"";"1011,5";"1023,8";"1011,0";"2,2";"26,0";"5,1";"1197,10";"0,0"
"16/04/2025";"1200";"";"";"";"62,0";"71,0";"61,0";"";"";"";"1013,8";"1020,4";"1011,2";"3,3";"79,0";"6,3";"1838,90";"0,0"
"16/04/2025";"1300";"";"";"";"61,0";"65,0";"59,0";"";"";"";"1020,4";"1021,8";"1012,7";"3,2";"75,0";"6,6";"2322,50";"0,0"
"16/04/2025";"1400";"";"";"";"63,0";"65,0";"60,0";"";"";"";"1014,4";"1025,9";"1012,7";"3,6";"83,0";"6,1";"2625,90";"0,0"
"16/04/2025";"1500";"";"";"";"66,0";"67,0";"61,0";"";"";"";"1023,4";"1026,1";"1012,1";"3,5";"89,0";"6,6";"2737,70";"0,0"
"16/04/2025";"1600";"";"";"";"65,0";"68,0";"63,0";"";"";"";"1009,9";"1024,3";"1009,6";"3,9";"89,0";"6,7";"2695,20";"0,0"
"16/04/2025";"1700";"";"";"";"67,0";"68,0";"64,0";"";"";"";"1009,5";"1015,5";"1008,1";"3,9";"88,0";"7,3";"2437,20";"0,0"
"16/04/2025";"1800";"";"";"";"63,0";"68,0";"61,0";"";"";"";"1008,6";"1009,6";"1008,0";"3,8";"92,0";"7,3";"1962,20";"0,0"
"16/04/2025";"1900";"";"";"";"62,0";"64,0";"60,0";"";"";"";"1010,5";"1022,9";"1008,2";"3,6";"87,0";"6,8";"1318,90";"0,0"
"16/04/2025";"2000";"";"";"";"62,0";"64,0";"60,0";"";"";"";"1011,4";"1023,4";"1010,4";"3,3";"91,0";"6,4";"482,60";"0,0"
"16/04/2025";"2100";"";"";"";"66,0";"66,0";"61,0";"";"";"";"1009,5";"1022,1";"1008,9";"1,9";"80,0";"5,7";"21,40";"0,0"
"16/04/2025";"2200";"";"";"";"69,0";"69,0";"66,0";"";"";"";"1009,8";"1020,6";"1009,3";"3,3";"91,0";"5,8";"";"0,0"
"16/04/2025";"2300";"";"";"";"68,0";"69,0";"66,0";"";"";"";"1012,6";"1012,9";"1009,6";"3,2";"85,0";"6,3";"";"0,0"
"17/04/2025";"0000";"";"";"";"70,0";"71,0";"68,0";"";"";"";"1010,7";"1022,1";"1010,3";"3,1";"85,0";"6,5";"";"0,0"
"17/04/2025";"0100";"";"";"";"70,0";"71,0";"67,0";"";"";"";"1011,0";"1011,9";"1010,5";"3,1";"85,0";"6,2";"";"0,0"
"17/04/2025";"0200";"";"";"";"72,0";"72,0";"68,0";"";"";"";"1010,7";"1011,1";"1010,6";"2,9";"82,0";"6,3";"";"0,0"
"17/04/2025";"0300";"";"";"";"72,0";"73,0";"69,0";"";"";"";"1010,6";"1021,1";"1010,6";"2,7";"74,0";"5,9";"";"0,0"
"17/04/2025";"0400";"";"";"";"70,0";"73,0";"69,0";"";"";"";"1018,2";"1020,4";"1010,4";"2,6";"82,0";"6,1";"";"0,0"
"17/04/2025";"0500";"";"";"";"73,0";"73,0";"70,0";"";"";"";"1015,9";"1018,6";"1009,9";"2,3";"75,0";"4,6";"";"0,0"
"17/04/2025";"0600";"";"";"";"72,0";"74,0";"72,0";"";"";"";"1016,9";"1021,7";"1014,3";"1,9";"60,0";"5,0";"";"0,0"
"17/04/2025";"0700";"";"";"";"81,0";"81,0";"72,0";"";"";"";"1017,9";"1019,0";"1011,4";"0,2";"256,0";"4,0";"";"0,0"
"17/04/2025";"0800";"";"";"";"82,0";"82,0";"80,0";"";"";"";"1016,0";"1019,9";"1013,8";"1,3";"254,0";"2,1";"";"0,0"
"17/04/2025";"0900";"";"";"";"83,0";"84,0";"82,0";"";"";"";"1011,1";"1018,2";"1011,1";"1,3";"247,0";"2,4";"8,30";"0,0"
"17/04/2025";"1000";"";"";"";"81,0";"84,0";"80,0";"";"";"";"1012,3";"1012,5";"1011,1";"0,9";"275,0";"2,3";"231,90";"0,0"
"17/04/2025";"1100";"";"";"";"70,0";"81,0";"69,0";"";"";"";"1015,3";"1020,6";"1012,1";"0,9";"38,0";"3,0";"1009,00";"0,0"
"17/04/2025";"1200";"";"";"";"66,0";"71,0";"64,0";"";"";"";"1024,2";"1024,2";"1012,7";"2,0";"75,0";"3,9";"1886,30";"0,0"
"17/04/2025";"1300";"";"";"";"64,0";"70,0";"62,0";"";"";"";"1020,6";"1026,4";"1015,0";"2,7";"88,0";"5,2";"2193,50";"0,0"
"17/04/2025";"1400";"";"";"";"61,0";"67,0";"59,0";"";"";"";"1017,3";"1024,7";"1015,9";"3,2";"84,0";"5,0";"2575,20";"0,0"
"17/04/2025";"1500";"";"";"";"58,0";"63,0";"55,0";"";"";"";"1013,4";"1023,1";"1012,9";"3,4";"83,0";"7,7";"2785,20";"0,0"
"17/04/2025";"1600";"";"";"";"58,0";"60,0";"52,0";"";"";"";"1011,0";"1021,0";"1010,8";"3,1";"87,0";"6,5";"2737,10";"0,0"
"17/04/2025";"1700";"";"";"";"56,0";"60,0";"53,0";"";"";"";"1017,2";"1021,2";"1009,7";"2,2";"85,0";"6,1";"2469,90";"0,0"
"17/04/2025";"1800";"";"";"";"56,0";"59,0";"52,0";"";"";"";"1011,2";"1022,6";"1009,6";"1,8";"72,0";"5,2";"1980,50";"0,0"
"17/04/2025";"1900";"";"";"";"56,0";"59,0";"54,0";"";"";"";"1022,8";"1022,8";"1009,0";"1,3";"67,0";"4,8";"1333,70";"0,0"
"17/04/2025";"2000";"";"";"";"65,0";"65,0";"56,0";"";"";"";"1017,8";"1023,4";"1009,2";"2,0";"80,0";"4,9";"485,40";"0,0"
"17/04/2025";"2100";"";"";"";"68,0";"68,0";"64,0";"";"";"";"1017,3";"1018,8";"1009,5";"1,2";"72,0";"4,0";"19,30";"0,0"
"17/04/2025";"2200";"";"";"";"69,0";"70,0";"68,0";"";"";"";"1010,7";"1022,2";"1010,0";"2,3";"83,0";"5,4";"";"0,0"
"17/04/2025";"2300";"";"";"";"69,0";"69,0";"68,0";"";"";"";"1011,6";"1011,6";"1010,5";"2,6";"88,0";"5,4";"";"0,0"
"18/04/2025";"0000";"";"";"";"70,0";"70,0";"68,0";"";"";"";"1011,7";"1012,7";"1010,7";"2,5";"89,0";"5,1";"";"0,0"
"18/04/2025";"0100";"";"";"";"70,0";"70,0";"68,0";"";"";"";"1011,8";"1014,6";"1011,6";"2,7";"84,0";"5,7";"";"0,0"
"18/04/2025";"0200";"";"";"";"70,0";"71,0";"68,0";"";"";"";"1015,6";"1022,6";"1011,5";"2,9";"83,0";"6,2";"";"0,0"
"18/04/2025";"0300";"";"";"";"71,0";"72,0";"68,0";"";"";"";"1018,8";"1024,1";"1012,1";"2,8";"81,0";"6,0";"";"0,0"
"18/04/2025";"0400";"";"";"";"72,0";"72,0";"70,0";"";"";"";"1020,6";"1021,1";"1013,6";"2,5";"80,0";"5,5";"";"0,0"
"18/04/2025";"0500";"";"";"";"73,0";"73,0";"71,0";"";"";"";"1013,4";"1023,1";"1013,3";"2,5";"84,0";"5,7";"";"0,0"
"18/04/2025";"0600";"";"";"";"73,0";"74,0";"72,0";"";"";"";"1020,4";"1023,5";"1012,5";"2,5";"81,0";"5,0";"";"0,0"
"18/04/2025";"0700";"";"";"";"78,0";"78,0";"73,0";"";"";"";"1009,8";"1021,2";"1009,3";"0,6";"15,0";"4,6";"";"0,0"
"18/04/2025";"0800";"";"";"";"79,0";"79,0";"77,0";"";"";"";"1013,2";"1013,2";"1009,8";"0,8";"14,0";"2,9";"";"0,0"
"18/04/2025";"0900";"";"";"";"81,0";"81,0";"79,0";"";"";"";"1010,5";"1017,2";"1010,1";"1,3";"256,0";"2,7";"9,10";"0,0"
"18/04/2025";"1000";"";"";"";"79,0";"81,0";"79,0";"";"";"";"1013,4";"1016,6";"1010,5";"1,1";"244,0";"2,2";"239,30";"0,0"
"18/04/2025";"1100";"";"";"";"70,0";"79,0";"70,0";"";"";"";"1021,0";"1021,0";"1013,4";"1,3";"33,0";"2,6";"868,70";"0,0"
"18/04/2025";"1200";"";"";"";"61,0";"71,0";"60,0";"";"";"";"1020,5";"1021,9";"1012,8";"3,3";"90,0";"6,5";"1515,60";"0,0"
"18/04/2025";"1300";"";"";"";"63,0";"64,0";"58,0";"";"";"";"1019,3";"1023,1";"1016,2";"3,4";"80,0";"6,5";"2386,70";"0,0"
"18/04/2025";"1400";"";"";"";"63,0";"66,0";"58,0";"";"";"";"";"1023,3";"1010,9";"3,9";"76,0";"7,5";"2512,00";"0,0"
"18/04/2025";"1500";"";"";"";"59,0";"63,0";"57,0";"";"";"";"1010,3";"1011,4";"1010,1";"4,0";"86,0";"7,3";"2819,00";"0,0"
"18/04/2025";"1600";"";"";"";"59,0";"61,0";"57,0";"";"";"";"1015,8";"1022,1";"1010,2";"3,2";"88,0";"6,6";"2745,00";"0,0"
"18/04/2025";"1700";"";"";"";"60,0";"64,0";"57,0";"";"";"";"1017,3";"1023,2";"1009,1";"3,0";"83,0";"6,2";"2391,10";"0,0"
"18/04/2025";"1800";"";"";"";"62,0";"62,0";"57,0";"";"";"";"";"1023,9";"1008,6";"3,0";"84,0";"6,1";"1999,10";"0,0"
"18/04/2025";"1900";"";"";"";"60,0";"64,0";"58,0";"";"";"";"1018,3";"1022,3";"1008,3";"1,9";"56,0";"6,3";"1210,30";"0,0"
"18/04/2025";"2000";"";"";"";"62,0";"63,0";"60,0";"";"";"";"1018,1";"1022,5";"1015,6";"2,1";"82,0";"6,6";"471,60";"0,0"
"18/04/2025";"2100";"";"";"";"63,0";"64,0";"60,0";"";"";"";"";"1017,4";"1008,8";"2,1";"85,0";"5,8";"19,20";"0,0"
"18/04/2025";"2200";"";"";"";"64,0";"65,0";"62,0";"";"";"";"";"1016,5";"1010,2";"3,1";"88,0";"5,5";"";"0,0"
"18/04/2025";"2300";"";"";"";"64,0";"66,0";"63,0";"";"";"";"1011,1";"1020,2";"1010,6";"2,9";"89,0";"5,5";"";"0,0"
"19/04/2025";"0000";"";"";"";"68,0";"68,0";"63,0";"";"";"";"1013,7";"1026,3";"1011,0";"2,5";"85,0";"5,5";"";"0,0"
"19/04/2025";"0100";"";"";"";"68,0";"68,0";"66,0";"";"";"";"1021,4";"1023,4";"1013,7";"1,9";"81,0";"6,2";"";"0,0"
"19/04/2025";"0200";"";"";"";"69,0";"70,0";"67,0";"";"";"";"1021,2";"1022,1";"1016,4";"2,2";"69,0";"4,6";"";"0,0"
"19/04/2025";"0300";"";"";"";"69,0";"69,0";"67,0";"";"";"";"1021,6";"1022,6";"1012,1";"1,8";"82,0";"4,6";"";"0,0"
"19/04/2025";"0400";"";"";"";"69,0";"70,0";"68,0";"";"";"";"1022,1";"1023,1";"1015,9";"1,5";"85,0";"3,8";"";"0,0"
"19/04/2025";"0500";"";"";"";"73,0";"73,0";"69,0";"";"";"";"1017,6";"1022,9";"1013,4";"1,6";"6,0";"4,0";"";"0,0"
"19/04/2025";"0600";"";"";"";"79,0";"79,0";"73,0";"";"";"";"1017,8";"1025,9";"1015,1";"1,6";"244,0";"4,0";"";"0,0"
"19/04/2025";"0700";"";"";"";"81,0";"81,0";"79,0";"";"";"";"1014,5";"1018,3";"1009,7";"0,4";"284,0";"2,3";"";"0,0"
"19/04/2025";"0800";"";"";"";"81,0";"81,0";"79,0";"";"";"";"1014,3";"1020,1";"1013,0";"1,7";"249,0";"2,5";"";"0,0"
"19/04/2025";"0900";"";"";"";"82,0";"82,0";"81,0";"";"";"";"1017,7";"1017,7";"1010,7";"0,6";"326,0";"2,5";"7,50";"0,0"
"19/04/2025";"1000";"";"";"";"74,0";"82,0";"74,0";"";"";"";"";"1019,7";"1011,8";"1,3";"323,0";"3,2";"360,20";"0,0"
"19/04/2025";"1100";"";"";"";"67,0";"76,0";"66,0";"";"";"";"1012,1";"1022,7";"1011,1";"1,1";"22,0";"3,1";"1185,40";"0,0"
"19/04/2025";"1200";"";"";"";"67,0";"69,0";"63,0";"";"";"";"1018,5";"1018,5";"1011,0";"1,9";"37,0";"5,0";"1715,70";"0,0"
"19/04/2025";"1300";"";"";"";"58,0";"68,0";"55,0";"";"";"";"";"1022,3";"1011,6";"3,3";"65,0";"6,4";"2339,40";"0,0"
"19/04/2025";"1400";"";"";"";"54,0";"59,0";"52,0";"";"";"";"1010,9";"1013,5";"1010,6";"3,6";"78,0";"6,9";"2661,70";"0,0"
"19/04/2025";"1500";"";"";"";"53,0";"58,0";"51,0";"";"";"";"1010,4";"1022,5";"1010,0";"3,8";"97,0";"6,9";"2780,20";"0,0"
"19/04/2025";"1600";"";"";"";"55,0";"58,0";"51,0";"";"";"";"1022,0";"1022,0";"1009,6";"3,6";"79,0";"6,1";"2669,80";"0,0"
"19/04/2025";"1700";"";"";"";"59,0";"59,0";"51,0";"";"";"";"1018,9";"1022,3";"1008,7";"3,4";"86,0";"6,3";"2378,90";"0,0"
"19/04/2025";"1800";"";"";"";"61,0";"63,0";"58,0";"";"";"";"1018,6";"1021,6";"1015,2";"2,6";"85,0";"5,8";"1566,60";"0,0"
"19/04/2025";"1900";"";"";"";"64,0";"65,0";"58,0";"";"";"";"1017,0";"1022,1";"1008,4";"1,6";"77,0";"5,8";"1234,30";"0,0"
"19/04/2025";"2000";"";"";"";"62,0";"67,0";"62,0";"";"";"";"1009,0";"1021,5";"1007,9";"2,3";"86,0";"5,9";"382,00";"0,0"
"19/04/2025";"2100";"";"";"";"67,0";"68,0";"62,0";"";"";"";"1009,6";"1023,5";"1007,8";"3,3";"88,0";"6,3";"36,10";"0,0"
"19/04/2025";"2200";"";"";"";"69,0";"69,0";"67,0";"";"";"";"1014,8";"1020,1";"1009,3";"3,1";"88,0";"7,2";"";"0,0"
"19/04/2025";"2300";"";"";"";"71,0";"71,0";"67,0";"";"";"";"1015,9";"1019,7";"1011,7";"3,2";"87,0";"7,0";"";"0,0"
"20/04/2025";"0000";"";"";"";"71,0";"72,0";"70,0";"";"";"";"1020,4";"1024,2";"1011,8";"3,6";"84,0";"7,6";"";"0,0"
"20/04/2025";"0100";"";"";"";"69,0";"72,0";"69,0";"";"";"";"1017,0";"1021,4";"1009,5";"3,3";"78,0";"7,2";"";"0,0"
"20/04/2025";"0200";"";"";"";"74,0";"74,0";"69,0";"";"";"";"1013,7";"1021,3";"1012,0";"2,8";"66,0";"7,2";"";"0,0"
"20/04/2025";"0300";"";"";"";"73,0";"74,0";"72,0";"";"";"";"1016,9";"1019,8";"1013,3";"2,8";"66,0";"6,7";"";"0,0"
"20/04/2025";"0400";"";"";"";"72,0";"73,0";"70,0";"";"";"";"1014,9";"1018,1";"1008,6";"2,8";"60,0";"6,9";"";"0,0"
"20/04/2025";"0500";"";"";"";"77,0";"77,0";"72,0";"";"";"";"1012,8";"1020,0";"1008,0";"1,0";"337,0";"5,3";"";"0,0"
"20/04/2025";"0600";"";"";"";"80,0";"80,0";"77,0";"";"";"";"1010,2";"1019,8";"1008,1";"1,6";"257,0";"2,6";"";"0,0"
"20/04/2025";"0700";"";"";"";"82,0";"82,0";"80,0";"";"";"";"1012,8";"1012,8";"1008,2";"1,3";"260,0";"2,5";"";"0,0"
"20/04/2025";"0800";"";"";"";"83,0";"83,0";"82,0";"";"";"";"1017,4";"1017,4";"1011,7";"0,7";"335,0";"1,8";"";"0,0"
"20/04/2025";"0900";"";"";"";"84,0";"84,0";"82,0";"";"";"";"1009,8";"1018,3";"1009,4";"1,0";"53,0";"2,1";"3,70";"0,0"
"20/04/2025";"1000";"";"";"";"78,0";"86,0";"78,0";"";"";"";"1012,7";"1020,1";"1008,4";"2,0";"33,0";"4,3";"315,00";"0,0"
"20/04/2025";"1100";"";"";"";"73,0";"78,0";"70,0";"";"";"";"1009,7";"1015,6";"1008,4";"2,4";"37,0";"5,1";"1035,60";"0,0"
"20/04/2025";"1200";"";"";"";"64,0";"75,0";"62,0";"";"";"";"1014,5";"1018,9";"1009,6";"3,4";"77,0";"6,9";"1752,20";"0,0"
"20/04/2025";"1300";"";"";"";"64,0";"66,0";"59,0";"";"";"";"1018,4";"1018,4";"1011,2";"3,2";"75,0";"6,7";"2287,10";"0,0"
"20/04/2025";"1400";"";"";"";"64,0";"67,0";"60,0";"";"";"";"1018,8";"1022,0";"1011,3";"2,6";"89,0";"6,4";"2704,10";"0,0"
"20/04/2025";"1500";"";"";"";"60,0";"70,0";"60,0";"";"";"";"1016,8";"1021,4";"1008,6";"3,7";"93,0";"6,6";"2763,40";"0,0"
"20/04/2025";"1600";"";"";"";"69,0";"72,0";"60,0";"";"";"";"1017,4";"1017,9";"1007,0";"4,2";"89,0";"8,1";"2637,80";"0,0"
"20/04/2025";"1700";"";"";"";"66,0";"71,0";"63,0";"";"";"";"1015,2";"1017,4";"1006,8";"3,7";"86,0";"7,5";"2440,50";"0,0"
"20/04/2025";"1800";"";"";"";"64,0";"66,0";"62,0";"";"";"";"1006,6";"1018,6";"1006,3";"4,0";"87,0";"7,4";"1919,20";"0,0"
"20/04/2025";"1900";"";"";"";"67,0";"69,0";"64,0";"";"";"";"1009,2";"1012,2";"1006,4";"3,4";"86,0";"7,4";"581,80";"0,0"
"20/04/2025";"2000";"";"";"";"67,0";"68,0";"64,0";"";"";"";"1006,5";"1017,4";"1005,9";"3,8";"89,0";"7,4";"443,20";"0,0"
"20/04/2025";"2100";"";"";"";"69,0";"69,0";"66,0";"";"";"";"1016,2";"1016,2";"1006,2";"3,1";"84,0";"7,1";"39,20";"0,0"
"20/04/2025";"2200";"";"";"";"69,0";"70,0";"68,0";"";"";"";"1015,5";"1018,7";"1006,9";"3,5";"88,0";"7,5";"";"0,0"
"20/04/2025";"2300";"";"";"";"70,0";"70,0";"67,0";"";"";"";"";"1018,3";"1012,9";"3,3";"85,0";"6,9";"";"0,0"
"21/04/2025";"0000";"";"";"";"70,0";"71,0";"68,0";"";"";"";"1018,8";"1020,4";"1012,7";"3,3";"79,0";"7,1";"";"0,0"
"21/04/2025";"0100";"";"";"";"71,0";"71,0";"70,0";"";"";"";"1014,9";"1018,0";"1012,6";"3,1";"74,0";"6,8";"";"0,0"
"21/04/2025";"0200";"";"";"";"71,0";"72,0";"70,0";"";"";"";"";"1023,2";"1009,1";"3,2";"68,0";"7,3";"";"0,0"
"21/04/2025";"0300";"";"";"";"69,0";"72,0";"69,0";"";"";"";"1014,7";"1018,0";"1012,8";"3,4";"65,0";"7,0";"";"0,0"
"21/04/2025";"0400";"";"";"";"71,0";"71,0";"68,0";"";"";"";"1013,3";"1019,5";"1007,5";"2,5";"37,0";"6,8";"";"0,0"
"21/04/2025";"0500";"";"";"";"76,0";"76,0";"71,0";"";"";"";"1013,9";"1018,5";"1006,5";"2,5";"35,0";"5,2";"";"0,0"
"21/04/2025";"0600";"";"";"";"77,0";"77,0";"75,0";"";"";"";"1012,3";"1014,3";"1006,2";"2,2";"41,0";"4,7";"";"0,0"
"21/04/2025";"0700";"";"";"";"78,0";"78,0";"76,0";"";"";"";"1008,5";"1014,4";"1006,3";"1,9";"38,0";"4,2";"";"0,0"
"21/04/2025";"0800";"";"";"";"79,0";"79,0";"77,0";"";"";"";"1010,6";"1016,4";"1008,3";"1,3";"354,0";"3,3";"";"0,0"
"21/04/2025";"0900";"";"";"";"82,0";"83,0";"79,0";"";"";"";"1006,9";"1013,7";"1006,4";"1,4";"349,0";"2,4";"9,30";"0,0"
"21/04/2025";"1000";"";"";"";"75,0";"82,0";"75,0";"";"";"";"1010,8";"1012,8";"1006,6";"1,6";"330,0";"2,5";"431,00";"0,0"
"21/04/2025";"1100";"";"";"";"67,0";"75,0";"66,0";"";"";"";"";"1018,5";"1008,0";"1,8";"45,0";"4,2";"1197,90";"0,0"
"21/04/2025";"1200";"";"";"";"63,0";"68,0";"62,0";"";"";"";"1017,0";"1017,5";"1008,8";"2,9";"83,0";"5,0";"1385,90";"0,0"
"21/04/2025";"1300";"";"";"";"65,0";"66,0";"60,0";"";"";"";"1008,6";"1017,7";"1008,4";"3,4";"90,0";"5,4";"2407,10";"0,0"
"21/04/2025";"1400";"";"";"";"63,0";"66,0";"61,0";"";"";"";"1007,8";"1009,0";"1007,5";"2,5";"77,0";"5,9";"2625,70";"0,0"
"21/04/2025";"1500";"";"";"";"63,0";"65,0";"56,0";"";"";"";"1009,3";"1019,4";"1007,9";"2,1";"78,0";"5,9";"2733,10";"0,0"
"21/04/2025";"1600";"";"";"";"60,0";"63,0";"57,0";"";"";"";"";"1020,1";"1005,7";"2,7";"81,0";"5,8";"2683,50";"0,0"
"21/04/2025";"1700";"";"";"";"60,0";"63,0";"57,0";"";"";"";"1005,4";"1016,9";"1005,2";"2,7";"78,0";"6,1";"2436,20";"0,0"
"21/04/2025";"1800";"";"";"";"61,0";"63,0";"59,0";"";"";"";"1010,9";"1018,7";"1005,2";"2,4";"78,0";"6,4";"1875,90";"0,0"
"21/04/2025";"1900";"";"";"";"63,0";"64,0";"60,0";"";"";"";"1012,8";"1015,9";"1004,9";"2,2";"82,0";"6,3";"1302,70";"0,0"
"21/04/2025";"2000";"";"";"";"67,0";"67,0";"62,0";"";"";"";"1008,2";"1017,9";"1006,7";"2,1";"80,0";"5,7";"371,70";"0,0"
"21/04/2025";"2100";"";"";"";"70,0";"70,0";"67,0";"";"";"";"1013,9";"1018,5";"1006,0";"0,9";"5,0";"5,2";"24,40";"0,0"
"21/04/2025";"2200";"";"";"";"71,0";"72,0";"69,0";"";"";"";"1013,9";"1018,1";"1011,1";"0,9";"314,0";"5,0";"";"0,0"
"21/04/2025";"2300";"";"";"";"70,0";"71,0";"69,0";"";"";"";"1015,8";"1017,1";"1010,0";"1,1";"349,0";"3,1";"";"0,0"
"22/04/2025";"0000";"";"";"";"68,0";"71,0";"68,0";"";"";"";"1008,3";"1016,3";"1007,2";"1,2";"29,0";"4,0";"";"0,0"
"22/04/2025";"0100";"";"";"";"66,0";"68,0";"64,0";"";"";"";"1008,5";"1009,7";"1007,6";"2,8";"87,0";"6,3";"";"0,0"
"22/04/2025";"0200";"";"";"";"64,0";"66,0";"64,0";"";"";"";"1008,8";"1009,3";"1008,2";"1,8";"86,0";"6,3";"";"0,0"
"22/04/2025";"0300";"";"";"";"65,0";"67,0";"64,0";"";"";"";"1009,8";"1012,5";"1008,4";"2,8";"89,0";"5,8";"";"0,0"
"22/04/2025";"0400";"";"";"";"66,0";"67,0";"64,0";"";"";"";"1008,0";"1016,4";"1007,4";"2,2";"88,0";"5,9";"";"0,0"
"22/04/2025";"0500";"";"";"";"65,0";"66,0";"65,0";"";"";"";"1013,0";"1017,0";"1007,7";"1,8";"82,0";"4,7";"";"0,0"
"22/04/2025";"0600";"";"";"";"68,0";"69,0";"64,0";"";"";"";"1015,1";"1018,1";"1012,0";"1,6";"76,0";"4,7";"";"0,0"
"22/04/2025";"0700";"";"";"";"66,0";"68,0";"65,0";"";"";"";"1015,3";"1017,1";"1009,8";"1,8";"82,0";"4,7";"";"0,0"
"22/04/2025";"0800";"";"";"";"65,0";"68,0";"65,0";"";"";"";"";"1016,3";"1007,3";"2,4";"84,0";"4,4";"";"0,0"
"22/04/2025";"0900";"";"";"";"69,0";"69,0";"62,0";"";"";"";"";"1018,2";"1007,8";"1,6";"71,0";"6,4";"14,90";"0,0"
"22/04/2025";"1000";"";"";"";"69,0";"70,0";"66,0";"";"";"";"1018,8";"1019,7";"1007,7";"1,7";"333,0";"4,1";"503,80";"0,0"
"22/04/2025";"1100";"";"";"";"65,0";"71,0";"64,0";"";"";"";"1013,5";"1021,1";"1011,9";"1,0";"46,0";"2,9";"951,50";"0,0"
"22/04/2025";"1200";"";"";"";"57,0";"66,0";"56,0";"";"";"";"1017,8";"1019,7";"1010,8";"3,0";"90,0";"5,7";"1893,50";"0,0"
"22/04/2025";"1300";"";"";"";"57,0";"60,0";"56,0";"";"";"";"1015,3";"1019,4";"1011,7";"2,7";"87,0";"5,7";"2373,80";"0,0"
"22/04/2025";"1400";"";"";"";"59,0";"60,0";"53,0";"";"";"";"1011,6";"1020,7";"1010,9";"3,4";"93,0";"5,7";"2611,50";"0,0"
"22/04/2025";"1500";"";"";"";"56,0";"60,0";"54,0";"";"";"";"1017,0";"1019,8";"1008,4";"3,6";"92,0";"6,5";"2731,30";"0,0"
"22/04/2025";"1600";"";"";"";"53,0";"59,0";"53,0";"";"";"";"1010,4";"1021,8";"1009,1";"2,4";"88,0";"6,3";"2653,40";"0,0"
"22/04/2025";"1700";"";"";"";"57,0";"58,0";"53,0";"";"";"";"1018,3";"1021,8";"1010,3";"2,3";"72,0";"6,5";"2399,30";"0,0"
"22/04/2025";"1800";"";"";"";"56,0";"60,0";"55,0";"";"";"";"1007,3";"1021,2";"1006,9";"1,8";"68,0";"6,5";"1916,10";"0,0"
"22/04/2025";"1900";"";"";"";"57,0";"59,0";"55,0";"";"";"";"1007,5";"1007,9";"1007,2";"2,4";"82,0";"5,5";"1265,40";"0,0"
"22/04/2025";"2000";"";"";"";"63,0";"63,0";"56,0";"";"";"";"1007,7";"1008,5";"1006,7";"1,9";"80,0";"5,3";"460,10";"0,0"
"22/04/2025";"2100";"";"";"";"67,0";"68,0";"63,0";"";"";"";"1019,2";"1019,2";"1007,2";"0,6";"38,0";"5,1";"17,70";"0,0"
"22/04/2025";"2200";"";"";"";"66,0";"70,0";"66,0";"";"";"";"1008,6";"1019,4";"1007,9";"0,9";"353,0";"4,1";"";"0,0"
"22/04/2025";"2300";"";"";"";"67,0";"71,0";"66,0";"";"";"";"1009,1";"1009,6";"1007,9";"1,5";"86,0";"3,6";"";"0,0"
"23/04/2025";"0000";"";"";"";"69,0";"70,0";"66,0";"";"";"";"1009,9";"1009,9";"1009,0";"0,8";"135,0";"4,4";"";"0,0"
"23/04/2025";"0100";"";"";"";"67,0";"70,0";"67,0";"";"";"";"1010,0";"1015,7";"1009,5";"1,3";"77,0";"3,2";"";"0,0"
"23/04/2025";"0200";"";"";"";"66,0";"68,0";"65,0";"";"";"";"1010,0";"1011,6";"1009,8";"1,9";"84,0";"4,1";"";"0,0"
"23/04/2025";"0300";"";"";"";"68,0";"68,0";"66,0";"";"";"";"1009,9";"1010,5";"1009,8";"1,7";"87,0";"4,1";"";"0,0"
"23/04/2025";"0400";"";"";"";"70,0";"71,0";"68,0";"";"";"";"1009,3";"1010,3";"1008,5";"1,8";"89,0";"4,1";"";"0,0"
"23/04/2025";"0500";"";"";"";"69,0";"71,0";"69,0";"";"";"";"1008,8";"1009,3";"1008,6";"2,2";"85,0";"4,4";"";"0,0"
"23/04/2025";"0600";"";"";"";"69,0";"70,0";"68,0";"";"";"";"1008,2";"1008,8";"1008,0";"2,1";"88,0";"4,4";"";"0,0"
"23/04/2025";"0700";"";"";"";"74,0";"74,0";"68,0";"";"";"";"1009,0";"1009,0";"1008,3";"2,0";"79,0";"5,8";"";"0,0"
"23/04/2025";"0800";"";"";"";"72,0";"79,0";"72,0";"";"";"";"1009,1";"1009,2";"1008,7";"2,0";"89,0";"5,8";"";"0,0"
"23/04/2025";"0900";"";"";"";"77,0";"77,0";"69,0";"";"";"";"1009,4";"1012,0";"1008,6";"0,9";"37,0";"3,5";"10,20";"0,0"
"23/04/2025";"1000";"";"";"";"77,0";"80,0";"76,0";"";"";"";"1010,8";"1010,9";"1009,2";"1,3";"256,0";"2,0";"361,90";"0,0"
"23/04/2025";"1100";"";"";"";"66,0";"78,0";"66,0";"";"";"";"";"1012,7";"1010,5";"1,0";"11,0";"3,1";"1094,40";"0,0"
"23/04/2025";"1200";"";"";"";"61,0";"67,0";"60,0";"";"";"";"1012,2";"1013,6";"1011,0";"1,9";"67,0";"4,4";"1768,90";"0,0"
"23/04/2025";"1300";"";"";"";"61,0";"64,0";"58,0";"";"";"";"1012,1";"1012,3";"1011,6";"2,4";"86,0";"4,6";"2354,20";"0,0"
"23/04/2025";"1400";"";"";"";"62,0";"63,0";"58,0";"";"";"";"1011,3";"1012,3";"1010,9";"3,4";"78,0";"6,4";"2602,10";"0,0"
"23/04/2025";"1500";"";"";"";"64,0";"65,0";"61,0";"";"";"";"1010,0";"1016,2";"1010,0";"3,4";"85,0";"6,2";"2696,60";"0,0"
"23/04/2025";"1600";"";"";"";"59,0";"65,0";"57,0";"";"";"";"1019,4";"1020,8";"1009,7";"3,9";"85,0";"7,2";"2565,10";"0,0"
"23/04/2025";"1700";"";"";"";"58,0";"60,0";"55,0";"";"";"";"1009,1";"1020,0";"1008,6";"4,2";"86,0";"7,3";"2403,00";"0,0"
"23/04/2025";"1800";"";"";"";"59,0";"61,0";"55,0";"";"";"";"1008,6";"1009,0";"1008,5";"3,2";"83,0";"7,8";"1940,50";"0,0"
"23/04/2025";"1900";"";"";"";"61,0";"61,0";"57,0";"";"";"";"1009,2";"1009,2";"1008,5";"1,9";"84,0";"7,6";"1292,70";"0,0"
"23/04/2025";"2000";"";"";"";"63,0";"63,0";"59,0";"";"";"";"1009,8";"1013,8";"1008,8";"1,3";"72,0";"5,6";"463,30";"0,0"
"23/04/2025";"2100";"";"";"";"66,0";"67,0";"62,0";"";"";"";"1009,8";"1010,3";"1009,3";"1,6";"86,0";"5,0";"15,70";"0,0"
"23/04/2025";"2200";"";"";"";"66,0";"67,0";"65,0";"";"";"";"1010,4";"1010,5";"1009,8";"2,8";"85,0";"6,1";"";"0,0"
"23/04/2025";"2300";"";"";"";"64,0";"66,0";"63,0";"";"";"";"1011,1";"1011,2";"1010,3";"1,4";"70,0";"5,3";"";"0,0"
"24/04/2025";"0000";"";"";"";"66,0";"67,0";"62,0";"";"";"";"1011,4";"1011,6";"1011,1";"1,2";"83,0";"4,7";"";"0,0"
"24/04/2025";"0100";"";"";"";"65,0";"68,0";"65,0";"";"";"";"1010,9";"1012,8";"1010,9";"2,5";"84,0";"6,3";"";"0,0"
"24/04/2025";"0200";"";"";"";"65,0";"67,0";"65,0";"";"";"";"1011,3";"1013,8";"1010,7";"1,4";"81,0";"6,3";"";"0,0"
"24/04/2025";"0300";"";"";"";"64,0";"66,0";"63,0";"";"";"";"1010,8";"1011,3";"1010,7";"1,6";"75,0";"4,9";"";"0,0"
"24/04/2025";"0400";"";"";"";"64,0";"67,0";"64,0";"";"";"";"1010,1";"1012,6";"1010,1";"1,8";"97,0";"5,2";"";"0,0"
"24/04/2025";"0500";"";"";"";"64,0";"66,0";"63,0";"";"";"";"1010,1";"1012,7";"1010,0";"2,1";"88,0";"5,3";"";"0,0"
"24/04/2025";"0600";"";"";"";"67,0";"67,0";"62,0";"";"";"";"1010,1";"1010,2";"1009,9";"1,1";"83,0";"4,4";"";"0,0"
"24/04/2025";"0700";"";"";"";"66,0";"68,0";"63,0";"";"";"";"1009,5";"1010,1";"1009,3";"0,7";"175,0";"3,6";"";"0,0"
"24/04/2025";"0800";"";"";"";"67,0";"68,0";"65,0";"";"";"";"1009,6";"1009,8";"1009,0";"1,7";"79,0";"4,1";"";"0,0"
"24/04/2025";"0900";"";"";"";"77,0";"77,0";"66,0";"";"";"";"1010,0";"1010,2";"1009,6";"1,2";"251,0";"3,7";"13,10";"0,0"
"24/04/2025";"1000";"";"";"";"69,0";"77,0";"69,0";"";"";"";"1010,8";"1012,2";"1010,0";"1,7";"236,0";"3,2";"453,60";"0,0"
"24/04/2025";"1100";"";"";"";"57,0";"70,0";"55,0";"";"";"";"1012,4";"1012,7";"1010,8";"1,1";"89,0";"3,4";"1104,40";"0,0"
"24/04/2025";"1200";"";"";"";"56,0";"60,0";"53,0";"";"";"";"1016,3";"1022,7";"1012,4";"1,5";"101,0";"5,5";"1638,30";"0,0"
"24/04/2025";"1300";"";"";"";"55,0";"58,0";"52,0";"";"";"";"1014,3";"1021,7";"1012,6";"2,6";"73,0";"5,4";"2329,50";"0,0"
"24/04/2025";"1400";"";"";"";"53,0";"58,0";"51,0";"";"";"";"1018,3";"1025,3";"1012,9";"1,8";"132,0";"5,4";"2663,30";"0,0"
"24/04/2025";"1500";"";"";"";"54,0";"55,0";"49,0";"";"";"";"1017,5";"1019,4";"1016,3";"1,4";"104,0";"5,0";"2642,30";"0,0"
"24/04/2025";"1600";"";"";"";"53,0";"55,0";"50,0";"";"";"";"1016,1";"1019,0";"1010,6";"2,2";"178,0";"5,8";"2611,40";"0,0"
"24/04/2025";"1700";"";"";"";"51,0";"57,0";"50,0";"";"";"";"1017,4";"1021,8";"1014,6";"1,7";"155,0";"6,5";"2224,10";"0,0"
"24/04/2025";"1800";"";"";"";"59,0";"59,0";"51,0";"";"";"";"1010,8";"1017,4";"1010,8";"1,9";"185,0";"6,5";"1736,50";"0,0"
"24/04/2025";"1900";"";"";"";"62,0";"64,0";"57,0";"";"";"";"1014,0";"1017,3";"1010,7";"1,2";"189,0";"5,8";"888,40";"0,0"
"24/04/2025";"2000";"";"";"";"67,0";"67,0";"61,0";"";"";"";"1009,4";"1015,0";"1008,6";"1,5";"194,0";"4,8";"416,10";"0,0"
"24/04/2025";"2100";"";"";"";"67,0";"69,0";"66,0";"";"";"";"1012,0";"1016,5";"1009,4";"0,9";"189,0";"4,8";"13,80";"0,0"
"24/04/2025";"2200";"";"";"";"70,0";"71,0";"67,0";"";"";"";"1011,8";"1014,6";"1011,3";"0,9";"231,0";"3,4";"";"0,0"
"24/04/2025";"2300";"";"";"";"69,0";"70,0";"67,0";"";"";"";"1018,4";"1018,6";"1011,8";"0,7";"280,0";"3,1";"";"0,0"
"25/04/2025";"0000";"";"";"";"70,0";"72,0";"69,0";"";"";"";"";"1018,9";"1014,7";"0,7";"39,0";"2,9";"";"0,0"
"25/04/2025";"0100";"";"";"";"72,0";"73,0";"70,0";"";"";"";"1011,3";"1017,9";"1011,2";"0,6";"321,0";"2,5";"";"0,0"
"25/04/2025";"0200";"";"";"";"72,0";"73,0";"70,0";"";"";"";"1017,2";"1017,3";"1011,2";"0,7";"68,0";"2,5";"";"0,0"
"25/04/2025";"0300";"";"";"";"75,0";"76,0";"70,0";"";"";"";"1018,7";"1019,0";"1010,9";"0,5";"340,0";"3,0";"";"0,0"
"25/04/2025";"0400";"";"";"";"75,0";"75,0";"71,0";"";"";"";"1010,3";"1021,0";"1010,2";"0,6";"301,0";"2,4";"";"0,0"
"25/04/2025";"0500";"";"";"";"79,0";"79,0";"75,0";"";"";"";"1009,3";"1010,3";"1009,0";"1,3";"221,0";"2,1";"";"0,0"
"25/04/2025";"0600";"";"";"";"80,0";"82,0";"79,0";"";"";"";"1009,8";"1012,1";"1008,6";"1,1";"228,0";"2,6";"";"0,0"
"25/04/2025";"0700";"";"";"";"82,0";"82,0";"80,0";"";"";"";"1009,9";"1011,6";"1008,9";"1,7";"335,0";"2,5";"";"0,0"
"25/04/2025";"0800";"";"";"";"82,0";"83,0";"80,0";"";"";"";"1009,1";"1011,9";"1008,9";"1,4";"281,0";"3,0";"";"0,0"
"25/04/2025";"0900";"";"";"";"84,0";"84,0";"82,0";"";"";"";"1009,9";"1009,9";"1008,7";"1,6";"257,0";"3,2";"9,10";"0,0"
"25/04/2025";"1000";"";"";"";"80,0";"84,0";"80,0";"";"";"";"1010,8";"1010,8";"1009,9";"2,2";"268,0";"3,8";"430,40";"0,0"
"25/04/2025";"1100";"";"";"";"72,0";"80,0";"72,0";"";"";"";"1011,9";"1011,9";"1010,8";"1,8";"229,0";"3,7";"1186,60";"0,0"
"25/04/2025";"1200";"";"";"";"56,0";"73,0";"55,0";"";"";"";"1012,2";"1012,3";"1011,9";"1,3";"121,0";"3,2";"1916,70";"0,0"
"25/04/2025";"1300";"";"";"";"53,0";"57,0";"50,0";"";"";"";"1012,0";"1012,4";"1012,0";"2,0";"74,0";"3,7";"2348,20";"0,0"
"25/04/2025";"1400";"";"";"";"57,0";"58,0";"50,0";"";"";"";"1011,5";"1012,0";"1011,3";"2,4";"83,0";"5,3";"2599,10";"0,0"
"25/04/2025";"1500";"";"";"";"55,0";"59,0";"51,0";"";"";"";"1010,8";"1011,6";"1010,8";"1,9";"175,0";"5,6";"2703,70";"0,0"
"25/04/2025";"1600";"";"";"";"53,0";"59,0";"50,0";"";"";"";"1009,5";"1010,8";"1009,5";"1,5";"193,0";"5,4";"2585,50";"0,0"
"25/04/2025";"1700";"";"";"";"51,0";"56,0";"49,0";"";"";"";"1008,7";"1009,5";"1008,6";"1,8";"188,0";"5,0";"2380,00";"0,0"
"25/04/2025";"1800";"";"";"";"58,0";"59,0";"51,0";"";"";"";"1006,9";"1008,7";"1006,9";"1,3";"203,0";"5,1";"1902,10";"0,0"
"25/04/2025";"1900";"";"";"";"62,0";"63,0";"56,0";"";"";"";"1007,4";"1007,6";"1006,9";"1,4";"77,0";"4,9";"1242,10";"0,0"
"25/04/2025";"2000";"";"";"";"70,0";"70,0";"60,0";"";"";"";"1007,9";"1008,3";"1007,4";"1,0";"46,0";"4,9";"451,30";"0,0"
"25/04/2025";"2100";"";"";"";"71,0";"72,0";"68,0";"";"";"";"1008,3";"1008,3";"1007,9";"1,0";"65,0";"3,8";"14,50";"0,0"
"25/04/2025";"2200";"";"";"";"69,0";"72,0";"68,0";"";"";"";"1009,0";"1009,0";"1008,3";"1,6";"82,0";"4,2";"";"0,0"
"25/04/2025";"2300";"";"";"";"71,0";"71,0";"69,0";"";"";"";"1009,0";"1009,1";"1008,7";"1,7";"78,0";"5,2";"";"0,0"
"26/04/2025";"0000";"";"";"";"72,0";"72,0";"70,0";"";"";"";"1009,4";"1009,4";"1008,7";"2,0";"81,0";"4,3";"";"0,0"
"26/04/2025";"0100";"";"";"";"70,0";"72,0";"70,0";"";"";"";"";"1011,8";"1009,3";"2,3";"81,0";"4,1";"";"0,0"
"26/04/2025";"0200";"";"";"";"69,0";"70,0";"67,0";"";"";"";"1009,5";"1011,8";"1009,3";"2,4";"79,0";"4,9";"";"0,0"
"26/04/2025";"0300";"";"";"";"70,0";"70,0";"67,0";"";"";"";"1014,4";"1018,0";"1008,8";"2,0";"79,0";"5,4";"";"0,0"
"26/04/2025";"0400";"";"";"";"69,0";"70,0";"69,0";"";"";"";"1014,4";"1015,1";"1009,3";"2,0";"68,0";"5,0";"";"0,0"
"26/04/2025";"0500";"";"";"";"78,0";"78,0";"68,0";"";"";"";"";"1018,0";"1009,8";"1,4";"254,0";"4,2";"";"0,0"
"26/04/2025";"0600";"";"";"";"79,0";"80,0";"78,0";"";"";"";"1013,1";"1013,5";"1011,5";"0,8";"301,0";"2,2";"";"0,0"
"26/04/2025";"0700";"";"";"";"79,0";"80,0";"79,0";"";"";"";"1011,3";"1013,1";"1009,8";"1,3";"237,0";"2,2";"";"0,0"
"26/04/2025";"0800";"";"";"";"80,0";"80,0";"79,0";"";"";"";"1012,7";"1017,2";"1009,9";"1,2";"243,0";"2,2";"";"0,0"
"26/04/2025";"0900";"";"";"";"81,0";"82,0";"80,0";"";"";"";"1012,8";"1017,7";"1010,0";"1,3";"238,0";"2,0";"8,50";"0,0"
"26/04/2025";"1000";"";"";"";"75,0";"82,0";"75,0";"";"";"";"1013,3";"1013,3";"1011,1";"1,0";"320,0";"2,7";"374,90";"0,0"
"26/04/2025";"1100";"";"";"";"68,0";"75,0";"68,0";"";"";"";"1013,9";"1018,9";"1011,2";"1,1";"323,0";"2,8";"1090,40";"0,0"
"26/04/2025";"1200";"";"";"";"67,0";"68,0";"63,0";"";"";"";"1014,5";"1016,8";"1011,9";"1,3";"85,0";"2,9";"1469,00";"0,0"
"26/04/2025";"1300";"";"";"";"63,0";"68,0";"62,0";"";"";"";"1015,3";"1020,3";"1011,7";"2,2";"84,0";"4,0";"2177,90";"0,0"
"26/04/2025";"1400";"";"";"";"64,0";"66,0";"61,0";"";"";"";"1009,1";"1021,7";"1009,1";"2,9";"84,0";"5,2";"2586,90";"0,0"
"26/04/2025";"1500";"";"";"";"62,0";"66,0";"60,0";"";"";"";"1008,3";"1009,4";"1008,0";"2,2";"79,0";"5,8";"2697,80";"0,0"
"26/04/2025";"1600";"";"";"";"62,0";"66,0";"60,0";"";"";"";"1016,8";"1018,1";"1008,3";"1,9";"85,0";"5,6";"2639,60";"0,0"
"26/04/2025";"1700";"";"";"";"64,0";"65,0";"59,0";"";"";"";"";"1017,9";"1010,0";"2,4";"79,0";"6,6";"2381,00";"0,0"
"26/04/2025";"1800";"";"";"";"64,0";"65,0";"62,0";"";"";"";"1014,2";"1015,2";"1009,9";"3,6";"86,0";"7,0";"1910,40";"0,0"
"26/04/2025";"1900";"";"";"";"65,0";"67,0";"63,0";"";"";"";"1007,8";"1016,6";"1007,0";"4,1";"89,0";"7,9";"1241,70";"0,0"
"26/04/2025";"2000";"";"";"";"70,0";"70,0";"65,0";"";"";"";"1008,1";"1012,2";"1007,6";"3,2";"87,0";"7,2";"424,20";"0,0"
"26/04/2025";"2100";"";"";"";"72,0";"73,0";"70,0";"";"";"";"1008,4";"1008,4";"1008,1";"3,1";"73,0";"7,3";"14,70";"0,0"
"26/04/2025";"2200";"";"";"";"72,0";"72,0";"70,0";"";"";"";"1009,0";"1009,4";"1008,4";"3,0";"81,0";"7,1";"";"0,0"
"26/04/2025";"2300";"";"";"";"73,0";"73,0";"70,0";"";"";"";"1009,7";"1009,9";"1008,9";"2,8";"84,0";"6,1";"";"0,0"
"27/04/2025";"0000";"";"";"";"71,0";"74,0";"71,0";"";"";"";"1010,3";"1010,3";"1009,5";"3,0";"86,0";"6,0";"";"0,0"
"27/04/2025";"0100";"";"";"";"72,0";"73,0";"70,0";"";"";"";"1010,5";"1010,7";"1010,3";"3,2";"85,0";"6,3";"";"0,0"
"27/04/2025";"0200";"";"";"";"73,0";"74,0";"70,0";"";"";"";"1010,1";"1010,6";"1010,1";"3,1";"83,0";"6,8";"";"0,0"
"27/04/2025";"0300";"";"";"";"72,0";"74,0";"70,0";"";"";"";"1009,8";"1010,2";"1009,7";"3,4";"81,0";"6,8";"";"0,0"
"27/04/2025";"0400";"";"";"";"70,0";"73,0";"70,0";"";"";"";"1009,5";"1009,9";"1009,4";"2,8";"77,0";"6,8";"";"0,0"
"27/04/2025";"0500";"";"";"";"72,0";"72,0";"70,0";"";"";"";"1009,2";"1009,6";"1009,2";"2,7";"68,0";"6,5";"";"0,0"
"27/04/2025";"0600";"";"";"";"73,0";"73,0";"71,0";"";"";"";"1015,7";"1018,0";"1009,0";"2,1";"66,0";"5,8";"";"0,0"
"27/04/2025";"0700";"";"";"";"74,0";"74,0";"71,0";"";"";"";"";"1015,9";"1011,9";"2,0";"64,0";"5,3";"";"0,0"
"27/04/2025";"0800";"";"";"";"78,0";"78,0";"74,0";"";"";"";"1015,4";"1018,0";"1011,4";"1,2";"359,0";"4,4";"";"0,0"
"27/04/2025";"0900";"";"";"";"81,0";"81,0";"77,0";"";"";"";"1010,6";"1016,3";"1010,2";"0,6";"355,0";"3,0";"15,10";"0,0"
"27/04/2025";"1000";"";"";"";"71,0";"81,0";"70,0";"";"";"";"1015,9";"1015,9";"1010,6";"2,0";"43,0";"4,0";"449,40";"0,0"
"27/04/2025";"1100";"";"";"";"65,0";"71,0";"65,0";"";"";"";"1010,3";"1016,0";"1010,2";"2,2";"55,0";"5,0";"1166,90";"0,0"
"27/04/2025";"1200";"";"";"";"59,0";"68,0";"59,0";"";"";"";"1011,3";"1011,3";"1010,3";"3,5";"74,0";"6,3";"1875,80";"0,0"
"27/04/2025";"1300";"";"";"";"61,0";"62,0";"57,0";"";"";"";"1011,0";"1016,8";"1010,8";"3,1";"78,0";"6,4";"2306,30";"0,0"
"27/04/2025";"1400";"";"";"";"63,0";"64,0";"60,0";"";"";"";"1010,5";"1011,0";"1010,2";"3,3";"76,0";"5,9";"2555,90";"0,0"
"27/04/2025";"1500";"";"";"";"63,0";"64,0";"59,0";"";"";"";"1009,3";"1010,5";"1009,3";"3,6";"94,0";"5,6";"2680,00";"0,0"
"27/04/2025";"1600";"";"";"";"62,0";"64,0";"60,0";"";"";"";"1009,0";"1009,9";"1008,8";"3,5";"88,0";"7,2";"2639,00";"0,0"
"27/04/2025";"1700";"";"";"";"65,0";"66,0";"60,0";"";"";"";"1008,6";"1009,1";"1008,3";"3,8";"92,0";"7,2";"2313,90";"0,0"
"27/04/2025";"1800";"";"";"";"61,0";"65,0";"55,0";"";"";"";"1008,1";"1008,6";"1007,9";"4,0";"89,0";"7,5";"1899,80";"0,0"
"27/04/2025";"1900";"";"";"";"66,0";"67,0";"60,0";"";"";"";"1008,4";"1008,4";"1008,0";"3,8";"87,0";"7,5";"1157,10";"0,0"
"27/04/2025";"2000";"";"";"";"67,0";"68,0";"65,0";"";"";"";"1008,8";"1008,8";"1008,3";"3,8";"89,0";"7,2";"360,00";"0,0"
"27/04/2025";"2100";"";"";"";"68,0";"69,0";"64,0";"";"";"";"1009,1";"1009,1";"1008,7";"3,7";"89,0";"7,5";"15,90";"0,0"
"27/04/2025";"2200";"";"";"";"70,0";"70,0";"68,0";"";"";"";"1010,0";"1010,0";"1009,0";"3,1";"86,0";"6,5";"";"0,0"
"27/04/2025";"2300";"";"";"";"67,0";"70,0";"67,0";"";"";"";"1010,4";"1010,5";"1009,9";"3,6";"87,0";"6,4";"";"0,0"
"28/04/2025";"0000";"";"";"";"68,0";"71,0";"65,0";"";"";"";"1010,9";"1010,9";"1010,4";"3,4";"89,0";"7,0";"";"0,0"
"28/04/2025";"0100";"";"";"";"66,0";"69,0";"66,0";"";"";"";"1011,0";"1011,0";"1010,8";"2,9";"86,0";"6,6";"";"0,0"
"28/04/2025";"0200";"";"";"";"69,0";"70,0";"66,0";"";"";"";"1011,0";"1011,1";"1010,9";"2,5";"77,0";"5,5";"";"0,0"
"28/04/2025";"0300";"";"";"";"68,0";"69,0";"67,0";"";"";"";"1011,0";"1012,1";"1010,7";"2,3";"84,0";"5,3";"";"0,0"
"28/04/2025";"0400";"";"";"";"71,0";"71,0";"68,0";"";"";"";"1010,3";"1011,0";"1010,3";"2,0";"84,0";"4,6";"";"0,0"
"28/04/2025";"0500";"";"";"";"71,0";"73,0";"70,0";"";"";"";"1009,9";"1010,3";"1009,7";"2,3";"52,0";"4,1";"";"0,0"
"28/04/2025";"0600";"";"";"";"77,0";"77,0";"71,0";"";"";"";"1010,0";"1010,1";"1009,9";"1,0";"342,0";"4,1";"";"0,0"
"28/04/2025";"0700";"";"";"";"78,0";"79,0";"77,0";"";"";"";"1009,7";"1010,0";"1009,6";"0,8";"346,0";"2,1";"";"0,0"
"28/04/2025";"0800";"";"";"";"80,0";"80,0";"78,0";"";"";"";"1009,9";"1010,6";"1009,6";"0,7";"35,0";"2,0";"";"0,0"
"28/04/2025";"0900";"";"";"";"81,0";"81,0";"80,0";"";"";"";"1010,3";"1010,5";"1009,6";"1,4";"19,0";"3,2";"9,80";"0,0"
"28/04/2025";"1000";"";"";"";"74,0";"81,0";"73,0";"";"";"";"1010,7";"1012,2";"1009,9";"1,2";"347,0";"3,2";"393,50";"0,0"
"28/04/2025";"1100";"";"";"";"67,0";"75,0";"67,0";"";"";"";"1011,3";"1011,3";"1010,7";"2,1";"52,0";"4,3";"1043,20";"0,0"
"28/04/2025";"1200";"";"";"";"61,0";"69,0";"59,0";"";"";"";"1011,5";"1019,2";"1010,9";"3,4";"75,0";"6,7";"1610,70";"0,0"
"28/04/2025";"1300";"";"";"";"59,0";"64,0";"58,0";"";"";"";"1011,6";"1011,7";"1011,4";"3,3";"73,0";"6,2";"2311,20";"0,0"
"28/04/2025";"1400";"";"";"";"59,0";"61,0";"57,0";"";"";"";"1016,8";"1017,6";"1011,2";"3,2";"71,0";"7,4";"2590,80";"0,0"
"28/04/2025";"1500";"";"";"";"62,0";"63,0";"57,0";"";"";"";"1014,3";"1020,3";"1014,0";"3,8";"89,0";"6,3";"2699,80";"0,0"
"28/04/2025";"1600";"";"";"";"62,0";"65,0";"60,0";"";"";"";"1008,9";"1014,7";"1008,8";"3,3";"84,0";"6,6";"2483,90";"0,0"
"28/04/2025";"1700";"";"";"";"63,0";"65,0";"59,0";"";"";"";"1008,4";"1012,0";"1008,2";"3,9";"88,0";"6,9";"2402,80";"0,0"
"28/04/2025";"1800";"";"";"";"61,0";"65,0";"58,0";"";"";"";"1008,4";"1008,4";"1008,0";"3,7";"91,0";"7,0";"1937,40";"0,0"
"28/04/2025";"1900";"";"";"";"62,0";"64,0";"59,0";"";"";"";"1009,2";"1009,2";"1008,4";"3,6";"89,0";"7,1";"1166,60";"0,0"
"28/04/2025";"2000";"";"";"";"66,0";"68,0";"62,0";"";"";"";"1009,4";"1009,4";"1009,2";"3,4";"86,0";"6,3";"339,20";"0,0"
"28/04/2025";"2100";"";"";"";"69,0";"70,0";"66,0";"";"";"";"1009,3";"1009,5";"1009,3";"3,4";"83,0";"6,9";"14,40";"0,0"
"28/04/2025";"2200";"";"";"";"71,0";"72,0";"69,0";"";"";"";"1009,4";"1009,5";"1009,1";"3,3";"84,0";"7,2";"";"0,0"
"28/04/2025";"2300";"";"";"";"70,0";"72,0";"70,0";"";"";"";"1009,8";"1009,8";"1009,3";"3,5";"68,0";"7,3";"";"0,0"
"29/04/2025";"0000";"";"";"";"69,0";"72,0";"68,0";"";"";"";"1010,4";"1010,4";"1009,8";"2,9";"77,0";"7,4";"";"0,0"
"29/04/2025";"0100";"";"";"";"68,0";"71,0";"68,0";"";"";"";"1016,0";"1018,5";"1010,3";"3,3";"67,0";"6,4";"";"0,0"
"29/04/2025";"0200";"";"";"";"70,0";"70,0";"68,0";"";"";"";"1013,7";"1018,0";"1013,3";"3,0";"64,0";"6,4";"";"0,0"
"29/04/2025";"0300";"";"";"";"70,0";"71,0";"69,0";"";"";"";"1015,4";"1020,8";"1013,4";"2,2";"74,0";"6,5";"";"0,0"
"29/04/2025";"0400";"";"";"";"71,0";"72,0";"68,0";"";"";"";"1013,6";"1016,6";"1013,6";"2,3";"51,0";"5,5";"";"0,0"
"29/04/2025";"0500";"";"";"";"75,0";"75,0";"71,0";"";"";"";"1016,2";"1017,3";"1011,6";"2,1";"34,0";"5,5";"";"0,0"
"29/04/2025";"0600";"";"";"";"76,0";"77,0";"74,0";"";"";"";"1014,1";"1018,5";"1013,5";"2,2";"34,0";"4,4";"";"0,0"
"29/04/2025";"0700";"";"";"";"77,0";"77,0";"76,0";"";"";"";"1011,2";"1014,2";"1011,2";"2,4";"37,0";"4,4";"";"0,0"
"29/04/2025";"0800";"";"";"";"77,0";"78,0";"76,0";"";"";"";"1015,4";"1015,9";"1011,1";"2,5";"37,0";"5,0";"";"0,0"
"29/04/2025";"0900";"";"";"";"78,0";"79,0";"76,0";"";"";"";"1015,8";"1015,8";"1015,3";"1,5";"16,0";"4,8";"9,00";"0,0"
"29/04/2025";"1000";"";"";"";"71,0";"79,0";"71,0";"";"";"";"";"1016,5";"1013,0";"1,8";"28,0";"4,9";"419,70";"0,0"
"29/04/2025";"1100";"";"";"";"68,0";"72,0";"66,0";"";"";"";"1011,1";"1011,3";"1010,4";"3,0";"45,0";"5,8";"1172,20";"0,0"
"29/04/2025";"1200";"";"";"";"60,0";"68,0";"57,0";"";"";"";"1011,1";"1012,9";"1011,0";"3,8";"59,0";"7,6";"1622,40";"0,0"
"29/04/2025";"1300";"";"";"";"56,0";"60,0";"55,0";"";"";"";"1010,8";"1011,1";"1010,8";"3,6";"73,0";"7,6";"2326,70";"0,0"
"29/04/2025";"1400";"";"";"";"59,0";"59,0";"54,0";"";"";"";"1009,5";"1010,8";"1009,5";"4,1";"82,0";"7,8";"2609,40";"0,0"
"29/04/2025";"1500";"";"";"";"60,0";"63,0";"56,0";"";"";"";"1008,9";"1009,6";"1008,8";"4,9";"93,0";"7,7";"2717,20";"0,0"
"29/04/2025";"1600";"";"";"";"62,0";"62,0";"56,0";"";"";"";"1008,2";"1008,9";"1008,1";"4,4";"89,0";"8,6";"2637,40";"0,0"
"29/04/2025";"1700";"";"";"";"64,0";"65,0";"55,0";"";"";"";"1007,4";"1008,2";"1007,4";"4,5";"88,0";"8,6";"2369,80";"0,0"
"29/04/2025";"1800";"";"";"";"68,0";"68,0";"61,0";"";"";"";"1007,4";"1007,4";"1007,1";"4,6";"89,0";"8,3";"1879,50";"0,0"
"29/04/2025";"1900";"";"";"";"66,0";"69,0";"65,0";"";"";"";"1007,6";"1007,6";"1007,3";"4,7";"88,0";"8,5";"1227,20";"0,0"
"29/04/2025";"2000";"";"";"";"70,0";"70,0";"65,0";"";"";"";"1007,6";"1007,9";"1007,3";"3,7";"84,0";"8,5";"409,70";"0,0"
"29/04/2025";"2100";"";"";"";"69,0";"71,0";"68,0";"";"";"";"1007,7";"1007,8";"1007,2";"3,9";"88,0";"8,0";"13,70";"0,0"
"29/04/2025";"2200";"";"";"";"68,0";"70,0";"68,0";"";"";"";"1008,9";"1008,9";"1007,7";"3,5";"89,0";"7,3";"";"0,0"
"29/04/2025";"2300";"";"";"";"71,0";"71,0";"68,0";"";"";"";"1009,5";"1009,5";"1008,9";"3,5";"89,0";"7,1";"";"0,0"
"30/04/2025";"0000";"";"";"";"71,0";"72,0";"70,0";"";"";"";"1009,9";"1009,9";"1009,4";"3,4";"86,0";"6,7";"";"0,0"
"30/04/2025";"0100";"";"";"";"72,0";"72,0";"71,0";"";"";"";"1010,3";"1010,3";"1009,7";"3,2";"76,0";"7,4";"";"0,0"
"30/04/2025";"0200";"";"";"";"72,0";"73,0";"71,0";"";"";"";"1010,3";"1010,4";"1010,2";"3,1";"75,0";"6,9";"";"0,0"
"30/04/2025";"0300";"";"";"";"72,0";"73,0";"71,0";"";"";"";"1010,3";"1010,3";"1009,6";"3,0";"66,0";"6,6";"";"0,0"
"30/04/2025";"0400";"";"";"";"71,0";"73,0";"70,0";"";"";"";"1009,8";"1010,3";"1009,5";"2,9";"71,0";"6,3";"";"0,0"
"30/04/2025";"0500";"";"";"";"70,0";"71,0";"69,0";"";"";"";"1009,3";"1010,4";"1009,2";"3,0";"64,0";"6,3";"";"0,0"
"30/04/2025";"0600";"";"";"";"74,0";"75,0";"68,0";"";"";"";"1008,8";"1009,3";"1008,8";"2,5";"36,0";"6,1";"";"0,0"
"30/04/2025";"0700";"";"";"";"77,0";"78,0";"74,0";"";"";"";"1008,9";"1009,0";"1008,6";"2,4";"38,0";"4,6";"";"0,0"
"30/04/2025";"0800";"";"";"";"78,0";"79,0";"77,0";"";"";"";"1009,4";"1009,8";"1008,6";"3,1";"36,0";"6,6";"";"0,0"
"30/04/2025";"0900";"";"";"";"80,0";"80,0";"78,0";"";"";"";"1009,9";"1010,4";"1009,4";"1,7";"20,0";"6,0";"8,90";"0,0"
"30/04/2025";"1000";"";"";"";"72,0";"80,0";"72,0";"";"";"";"1010,9";"1010,9";"1009,8";"2,0";"16,0";"6,0";"398,10";"0,0"
"30/04/2025";"1100";"";"";"";"67,0";"72,0";"66,0";"";"";"";"1010,2";"1011,4";"1010,1";"2,2";"34,0";"5,7";"1128,70";"0,0"
"30/04/2025";"1200";"";"";"";"62,0";"67,0";"61,0";"";"";"";"1016,9";"1028,1";"1010,1";"1,9";"25,0";"5,3";"1483,70";"0,0"
"30/04/2025";"1300";"";"";"";"53,0";"63,0";"52,0";"";"";"";"1021,3";"1022,1";"1010,7";"3,9";"82,0";"6,8";"2314,20";"0,0"
"30/04/2025";"1400";"";"";"";"54,0";"55,0";"51,0";"";"";"";"";"1024,6";"1013,3";"3,9";"76,0";"8,1";"2568,00";"0,0"
"30/04/2025";"1500";"";"";"";"54,0";"57,0";"51,0";"";"";"";"1015,7";"1022,7";"1011,6";"3,6";"84,0";"7,7";"2670,80";"0,0"
"30/04/2025";"1600";"";"";"";"56,0";"60,0";"54,0";"";"";"";"1010,3";"1016,6";"1010,3";"3,8";"90,0";"7,0";"2604,70";"0,0"
"30/04/2025";"1700";"";"";"";"60,0";"62,0";"56,0";"";"";"";"1008,1";"1013,8";"1008,1";"3,8";"88,0";"6,9";"2336,50";"0,0"
"30/04/2025";"1800";"";"";"";"65,0";"65,0";"60,0";"";"";"";"1007,9";"1008,1";"1007,6";"3,4";"86,0";"7,0";"1858,90";"0,0"
"30/04/2025";"1900";"";"";"";"66,0";"66,0";"61,0";"";"";"";"1007,8";"1007,9";"1007,6";"3,7";"90,0";"6,8";"1218,00";"0,0"
"30/04/2025";"2000";"";"";"";"70,0";"70,0";"65,0";"";"";"";"1007,9";"1008,6";"1007,5";"3,5";"92,0";"6,6";"413,80";"0,0"
"30/04/2025";"2100";"";"";"";"68,0";"71,0";"67,0";"";"";"";"1008,6";"1008,6";"1007,9";"3,5";"89,0";"6,4";"18,80";"0,0"
"30/04/2025";"2200";"";"";"";"68,0";"69,0";"65,0";"";"";"";"1009,1";"1009,1";"1008,4";"3,1";"86,0";"6,5";"";"0,0"
"30/04/2025";"2300";"";"";"";"68,0";"70,0";"66,0";"";"";"";"1009,7";"1009,7";"1009,1";"3,1";"89,0";"6,0";"";"0,0"
"01/05/2025";"0000";"";"";"";"66,0";"68,0";"65,0";"";"";"";"1010,4";"1010,4";"1009,6";"2,3";"90,0";"5,8";"";"0,0"
"01/05/2025";"0100";"";"";"";"66,0";"67,0";"65,0";"";"";"";"1010,5";"1010,6";"1010,2";"2,2";"83,0";"6,0";"";"0,0"
"01/05/2025";"0200";"";"";"";"66,0";"67,0";"65,0";"";"";"";"1010,5";"1010,7";"1010,2";"2,4";"87,0";"6,4";"";"0,0"
"01/05/2025";"0300";"";"";"";"66,0";"68,0";"65,0";"";"";"";"1010,4";"1013,1";"1010,3";"1,8";"87,0";"4,9";"";"0,0"
"01/05/2025";"0400";"";"";"";"66,0";"66,0";"64,0";"";"";"";"1009,9";"1010,5";"1009,9";"1,9";"83,0";"4,5";"";"0,0"
"01/05/2025";"0500";"";"";"";"66,0";"66,0";"63,0";"";"";"";"1009,9";"1009,9";"1009,6";"1,2";"87,0";"4,5";"";"0,0"
"01/05/2025";"0600";"";"";"";"65,0";"69,0";"65,0";"";"";"";"1010,3";"1010,4";"1009,7";"1,3";"77,0";"3,6";"";"0,0"
"01/05/2025";"0700";"";"";"";"66,0";"69,0";"64,0";"";"";"";"1010,7";"1010,7";"1010,3";"0,8";"33,0";"3,7";"";"0,0"
"01/05/2025";"0800";"";"";"";"63,0";"66,0";"63,0";"";"";"";"1011,2";"1011,2";"1010,7";"0,8";"45,0";"5,0";"";"0,0"
"01/05/2025";"0900";"";"";"";"62,0";"66,0";"60,0";"";"";"";"1011,6";"1011,6";"1010,8";"2,3";"85,0";"4,4";"5,70";"0,0"
"01/05/2025";"1000";"";"";"";"56,0";"62,0";"56,0";"";"";"";"1012,4";"1012,4";"1011,6";"1,3";"78,0";"5,5";"288,50";"0,0"
"01/05/2025";"1100";"";"";"";"53,0";"66,0";"53,0";"";"";"";"1013,2";"1013,2";"1012,4";"1,6";"81,0";"4,0";"1226,50";"0,0"
"01/05/2025";"1200";"";"";"";"53,0";"56,0";"52,0";"";"";"";"1013,7";"1013,7";"1013,2";"1,8";"70,0";"4,7";"1849,70";"0,0"
"01/05/2025";"1300";"";"";"";"51,0";"56,0";"50,0";"";"";"";"1013,7";"1013,8";"1013,7";"1,5";"93,0";"4,3";"2292,90";"0,0"
"01/05/2025";"1400";"";"";"";"54,0";"54,0";"50,0";"";"";"";"1013,0";"1013,7";"1013,0";"1,7";"102,0";"4,6";"2560,10";"0,0"
"01/05/2025";"1500";"";"";"";"60,0";"63,0";"51,0";"";"";"";"1012,2";"1013,0";"1012,2";"3,5";"85,0";"6,2";"2679,30";"0,0"
"01/05/2025";"1600";"";"";"";"58,0";"62,0";"57,0";"";"";"";"1011,6";"1012,2";"1011,6";"2,5";"83,0";"6,2";"2596,90";"0,0"
"01/05/2025";"1700";"";"";"";"59,0";"62,0";"56,0";"";"";"";"1010,8";"1011,6";"1010,8";"3,0";"80,0";"6,0";"2322,30";"0,0"
"01/05/2025";"1800";"";"";"";"60,0";"61,0";"56,0";"";"";"";"1010,5";"1010,8";"1010,5";"1,6";"65,0";"5,5";"1838,80";"0,0"
"01/05/2025";"1900";"";"";"";"59,0";"60,0";"56,0";"";"";"";"1010,8";"1010,8";"1010,4";"1,4";"55,0";"4,8";"1201,50";"0,0"
"01/05/2025";"2000";"";"";"";"66,0";"66,0";"59,0";"";"";"";"1011,4";"1011,4";"1010,8";"0,7";"259,0";"4,1";"393,10";"0,0"
"01/05/2025";"2100";"";"";"";"67,0";"67,0";"64,0";"";"";"";"1011,7";"1013,0";"1011,4";"1,0";"233,0";"4,4";"11,10";"0,0"
"01/05/2025";"2200";"";"";"";"68,0";"68,0";"66,0";"";"";"";"1012,0";"1012,1";"1011,7";"1,3";"206,0";"4,0";"";"0,0"
"01/05/2025";"2300";"";"";"";"66,0";"68,0";"65,0";"";"";"";"1012,4";"1012,4";"1012,0";"0,8";"203,0";"4,1";"";"0,0"
"02/05/2025";"0000";"";"";"";"66,0";"66,0";"65,0";"";"";"";"1012,6";"1012,6";"1012,4";"1,0";"198,0";"3,2";"";"0,0"
"02/05/2025";"0100";"";"";"";"68,0";"68,0";"65,0";"";"";"";"1012,6";"1012,7";"1012,5";"0,7";"286,0";"2,8";"";"0,0"
"02/05/2025";"0200";"";"";"";"66,0";"68,0";"66,0";"";"";"";"1012,6";"1012,7";"1012,6";"1,4";"202,0";"3,2";"";"0,0"
"02/05/2025";"0300";"";"";"";"65,0";"67,0";"65,0";"";"";"";"1012,3";"1012,6";"1012,3";"1,4";"199,0";"3,2";"";"0,0"
"02/05/2025";"0400";"";"";"";"75,0";"75,0";"65,0";"";"";"";"1011,7";"1012,3";"1011,7";"1,9";"203,0";"5,6";"";"0,0"
"02/05/2025";"0500";"";"";"";"77,0";"78,0";"75,0";"";"";"";"1011,3";"1011,7";"1011,3";"1,5";"204,0";"4,3";"";"0,0"
"02/05/2025";"0600";"";"";"";"77,0";"78,0";"77,0";"";"";"";"1011,1";"1011,3";"1011,1";"0,9";"227,0";"3,5";"";"0,0"
"02/05/2025";"0700";"";"";"";"75,0";"78,0";"75,0";"";"";"";"1011,3";"1011,3";"1011,1";"1,2";"206,0";"3,3";"";"0,0"
"02/05/2025";"0800";"";"";"";"79,0";"79,0";"73,0";"";"";"";"1011,7";"1011,7";"1011,3";"1,3";"232,0";"4,1";"";"0,0"
"02/05/2025";"0900";"";"";"";"84,0";"84,0";"79,0";"";"";"";"1012,4";"1012,4";"1011,7";"1,4";"224,0";"4,0";"4,10";"0,0"
"02/05/2025";"1000";"";"";"";"84,0";"85,0";"84,0";"";"";"";"1012,8";"1012,8";"1012,4";"1,9";"241,0";"3,4";"233,90";"0,0"
"02/05/2025";"1100";"";"";"";"78,0";"84,0";"78,0";"";"";"";"1013,6";"1013,6";"1012,8";"1,2";"310,0";"3,3";"486,30";"0,0"
"02/05/2025";"1200";"";"";"";"70,0";"80,0";"70,0";"";"";"";"1014,0";"1014,1";"1013,6";"1,9";"262,0";"3,5";"1359,70";"0,0"
"02/05/2025";"1300";"";"";"";"60,0";"71,0";"56,0";"";"";"";"1014,4";"1014,4";"1014,0";"1,8";"169,0";"4,3";"1777,10";"0,0"
"02/05/2025";"1400";"";"";"";"59,0";"64,0";"56,0";"";"";"";"1013,9";"1014,5";"1013,9";"2,3";"173,0";"6,0";"2347,50";"0,0"
"02/05/2025";"1500";"";"";"";"56,0";"62,0";"55,0";"";"";"";"1013,2";"1016,3";"1013,2";"1,7";"196,0";"6,0";"2597,30";"0,0"
"02/05/2025";"1600";"";"";"";"60,0";"63,0";"55,0";"";"";"";"1012,7";"1013,3";"1012,7";"2,1";"182,0";"5,9";"2362,70";"0,0"
"02/05/2025";"1700";"";"";"";"67,0";"67,0";"56,0";"";"";"";"1012,2";"1012,8";"1012,2";"2,6";"184,0";"6,0";"1508,20";"0,0"
"02/05/2025";"1800";"";"";"";"69,0";"70,0";"62,0";"";"";"";"1012,0";"1012,2";"1011,9";"2,7";"187,0";"7,0";"1175,40";"0,0"
"02/05/2025";"1900";"";"";"";"68,0";"70,0";"66,0";"";"";"";"1012,2";"1012,3";"1011,9";"2,5";"195,0";"6,8";"435,30";"0,0"
"02/05/2025";"2000";"";"";"";"71,0";"71,0";"68,0";"";"";"";"1012,7";"1012,7";"1012,2";"2,4";"180,0";"7,1";"208,00";"0,0"
"02/05/2025";"2100";"";"";"";"73,0";"74,0";"71,0";"";"";"";"1013,2";"1013,2";"1012,7";"1,7";"204,0";"5,9";"4,70";"0,0"
"02/05/2025";"2200";"";"";"";"76,0";"78,0";"73,0";"";"";"";"1013,5";"1013,5";"1013,2";"2,4";"197,0";"6,5";"";"0,0"
"02/05/2025";"2300";"";"";"";"78,0";"79,0";"74,0";"";"";"";"1014,4";"1014,4";"1013,5";"1,8";"200,0";"7,5";"";"0,0"
"03/05/2025";"0000";"";"";"";"84,0";"86,0";"77,0";"";"";"";"1014,6";"1014,7";"1014,3";"1,4";"204,0";"5,1";"";"4,2"
"03/05/2025";"0100";"";"";"";"83,0";"84,0";"79,0";"";"";"";"1014,3";"1014,6";"1014,3";"0,9";"246,0";"5,0";"0,90";"0,0"
"03/05/2025";"0200";"";"";"";"82,0";"84,0";"82,0";"";"";"";"1014,4";"1014,5";"1014,2";"1,5";"195,0";"6,3";"";"0,6"
"03/05/2025";"0300";"";"";"";"89,0";"89,0";"82,0";"";"";"";"1013,8";"1014,4";"1013,8";"1,2";"216,0";"6,3";"";"4,2"
"03/05/2025";"0400";"";"";"";"85,0";"89,0";"85,0";"";"";"";"1013,1";"1013,8";"1013,1";"2,1";"201,0";"5,2";"";"0,0"
"03/05/2025";"0500";"";"";"";"78,0";"85,0";"78,0";"";"";"";"1012,4";"1013,1";"1012,4";"1,4";"199,0";"5,2";"3,20";"0,0"
"03/05/2025";"0600";"";"";"";"85,0";"85,0";"77,0";"";"";"";"1012,4";"1012,5";"1012,4";"1,0";"256,0";"5,1";"";"0,0"
"03/05/2025";"0700";"";"";"";"78,0";"86,0";"78,0";"";"";"";"1012,1";"1012,5";"1012,1";"0,9";"278,0";"2,9";"";"0,0"
"03/05/2025";"0800";"";"";"";"87,0";"87,0";"77,0";"";"";"";"1012,3";"1012,4";"1012,0";"1,1";"225,0";"5,3";"";"1,6"
"03/05/2025";"0900";"";"";"";"80,0";"88,0";"80,0";"";"";"";"1012,7";"1013,5";"1012,3";"1,5";"206,0";"3,5";"7,80";"0,0"
"03/05/2025";"1000";"";"";"";"87,0";"87,0";"80,0";"";"";"";"1013,2";"1013,2";"1012,7";"0,8";"326,0";"6,7";"95,70";"1,0"
"03/05/2025";"1100";"";"";"";"87,0";"88,0";"87,0";"";"";"";"1013,8";"1013,8";"1013,2";"1,2";"216,0";"4,5";"217,90";"0,2"
"03/05/2025";"1200";"";"";"";"80,0";"88,0";"79,0";"";"";"";"1013,7";"1014,1";"1013,7";"1,5";"203,0";"4,9";"720,30";"0,0"
"03/05/2025";"1300";"";"";"";"88,0";"88,0";"79,0";"";"";"";"1013,8";"1013,8";"1013,6";"1,7";"197,0";"7,5";"371,30";"4,2"
"03/05/2025";"1400";"";"";"";"76,0";"88,0";"76,0";"";"";"";"1013,6";"1013,8";"1013,5";"2,0";"82,0";"4,3";"1036,90";"0,0"
"03/05/2025";"1500";"";"";"";"72,0";"78,0";"72,0";"";"";"";"1012,4";"1013,6";"1012,4";"1,9";"81,0";"5,0";"1858,80";"0,0"
"03/05/2025";"1600";"";"";"";"70,0";"74,0";"68,0";"";"";"";"1012,0";"1012,5";"1012,0";"2,9";"88,0";"5,2";"1843,20";"0,0"
"03/05/2025";"1700";"";"";"";"74,0";"75,0";"67,0";"";"";"";"1011,6";"1012,0";"1011,6";"1,7";"182,0";"5,3";"1169,60";"0,0"
"03/05/2025";"1800";"";"";"";"70,0";"75,0";"66,0";"";"";"";"1011,6";"1011,7";"1011,4";"2,1";"198,0";"5,3";"1049,90";"0,0"
"03/05/2025";"1900";"";"";"";"78,0";"78,0";"70,0";"";"";"";"1011,9";"1014,3";"1011,5";"1,6";"187,0";"6,5";"550,80";"0,2"
"03/05/2025";"2000";"";"";"";"88,0";"88,0";"78,0";"";"";"";"1012,0";"1012,0";"1011,8";"3,0";"53,0";"7,1";"107,90";"2,0"
"03/05/2025";"2100";"";"";"";"89,0";"90,0";"88,0";"";"";"";"1012,0";"1014,2";"1011,8";"1,0";"213,0";"5,8";"4,80";"0,2"
"03/05/2025";"2200";"";"";"";"87,0";"89,0";"86,0";"";"";"";"1012,2";"1012,2";"1011,9";"0,9";"312,0";"3,0";"";"0,2"
"03/05/2025";"2300";"";"";"";"83,0";"88,0";"83,0";"";"";"";"1013,0";"1013,0";"1012,2";"1,2";"207,0";"4,7";"";"0,2"
"04/05/2025";"0000";"";"";"";"87,0";"87,0";"83,0";"";"";"";"1013,4";"1013,5";"1012,9";"1,0";"212,0";"3,9";"";"0,0"
"04/05/2025";"0100";"";"";"";"88,0";"88,0";"86,0";"";"";"";"1013,7";"1013,7";"1013,4";"1,1";"239,0";"2,8";"";"0,0"
"04/05/2025";"0200";"";"";"";"89,0";"89,0";"88,0";"";"";"";"1013,3";"1013,7";"1013,3";"0,5";"6,0";"2,1";"";"0,0"
"04/05/2025";"0300";"";"";"";"90,0";"90,0";"88,0";"";"";"";"1013,2";"1013,4";"1013,1";"1,6";"30,0";"7,2";"";"6,6"
"04/05/2025";"0400";"";"";"";"89,0";"90,0";"89,0";"";"";"";"1013,1";"1013,2";"1013,1";"1,8";"186,0";"5,4";"";"4,8"
"04/05/2025";"0500";"";"";"";"90,0";"91,0";"89,0";"";"";"";"1012,3";"1013,1";"1012,3";"2,8";"356,0";"5,4";"";"19,4"
"04/05/2025";"0600";"";"";"";"91,0";"91,0";"90,0";"";"";"";"1012,3";"1012,5";"1012,3";"2,5";"94,0";"5,4";"";"5,4"
"04/05/2025";"0700";"";"";"";"91,0";"92,0";"91,0";"";"";"";"1012,2";"1012,7";"1012,1";"2,0";"307,0";"6,1";"";"8,6"
"04/05/2025";"0800";"";"";"";"91,0";"91,0";"91,0";"";"";"";"1012,8";"1012,8";"1012,1";"2,3";"213,0";"4,9";"";"6,8"
"04/05/2025";"0900";"";"";"";"92,0";"92,0";"91,0";"";"";"";"1013,2";"1013,3";"1012,7";"1,0";"312,0";"4,3";"";"15,4"
"04/05/2025";"1000";"";"";"";"92,0";"92,0";"92,0";"";"";"";"1013,2";"1013,6";"1013,2";"3,1";"216,0";"6,8";"";"12,6"
"04/05/2025";"1100";"";"";"";"92,0";"92,0";"92,0";"";"";"";"1013,8";"1013,8";"1013,2";"1,8";"257,0";"4,8";"12,90";"3,0"
"04/05/2025";"1200";"";"";"";"91,0";"92,0";"91,0";"";"";"";"1014,0";"1017,4";"1013,5";"2,8";"248,0";"5,1";"252,40";"3,0"
"04/05/2025";"1300";"";"";"";"91,0";"92,0";"91,0";"";"";"";"1014,0";"1014,2";"1013,8";"2,2";"247,0";"5,1";"486,40";"6,2"
"04/05/2025";"1400";"";"";"";"89,0";"91,0";"89,0";"";"";"";"1013,5";"1014,0";"1013,3";"1,7";"262,0";"4,3";"743,00";"0,2"
"04/05/2025";"1500";"";"";"";"85,0";"89,0";"85,0";"";"";"";"1012,8";"1013,5";"1012,7";"2,3";"264,0";"6,6";"777,70";"0,0"
"04/05/2025";"1600";"";"";"";"84,0";"86,0";"83,0";"";"";"";"1012,1";"1012,8";"1012,1";"1,8";"268,0";"4,7";"747,50";"0,0"
"04/05/2025";"1700";"";"";"";"80,0";"84,0";"80,0";"";"";"";"1011,6";"1012,2";"1011,6";"1,6";"233,0";"3,7";"794,20";"0,0"
"04/05/2025";"1800";"";"";"";"77,0";"81,0";"76,0";"";"";"";"1011,2";"1011,6";"1011,2";"0,6";"41,0";"2,4";"816,10";"0,0"
"04/05/2025";"1900";"";"";"";"78,0";"78,0";"74,0";"";"";"";"1011,2";"1011,2";"1010,9";"0,9";"162,0";"1,9";"486,80";"0,0"
"04/05/2025";"2000";"";"";"";"83,0";"83,0";"78,0";"";"";"";"1011,2";"1011,3";"1010,7";"0,9";"227,0";"2,6";"160,50";"0,0"
"04/05/2025";"2100";"";"";"";"89,0";"89,0";"83,0";"";"";"";"1011,8";"1011,8";"1011,2";"1,2";"251,0";"1,6";"8,40";"0,0"
"04/05/2025";"2200";"";"";"";"90,0";"90,0";"89,0";"";"";"";"1012,5";"1012,5";"1011,8";"0,9";"232,0";"1,8";"";"0,0"
"04/05/2025";"2300";"";"";"";"90,0";"90,0";"89,0";"";"";"";"1013,2";"1013,2";"1012,5";"1,5";"244,0";"2,4";"";"0,0"
"05/05/2025";"0000";"";"";"";"90,0";"90,0";"90,0";"";"";"";"1013,7";"1013,7";"1013,2";"1,3";"215,0";"2,4";"";"0,0"
"05/05/2025";"0100";"";"";"";"90,0";"90,0";"90,0";"";"";"";"1013,8";"1013,8";"1013,6";"1,1";"237,0";"1,9";"";"0,0"
"05/05/2025";"0200";"";"";"";"90,0";"90,0";"90,0";"";"";"";"1013,9";"1013,9";"1013,8";"1,3";"222,0";"2,6";"";"0,0"
"05/05/2025";"0300";"";"";"";"90,0";"90,0";"90,0";"";"";"";"1013,8";"1013,9";"1013,8";"1,2";"238,0";"2,2";"";"0,0"
"05/05/2025";"0400";"";"";"";"90,0";"90,0";"90,0";"";"";"";"1013,6";"1013,8";"1013,6";"1,5";"244,0";"2,6";"";"0,0"
"05/05/2025";"0500";"";"";"";"91,0";"91,0";"90,0";"";"";"";"1013,0";"1013,6";"1013,0";"1,3";"244,0";"3,1";"";"0,2"
"05/05/2025";"0600";"";"";"";"91,0";"91,0";"91,0";"";"";"";"1012,8";"1013,0";"1012,7";"1,7";"230,0";"2,7";"";"0,0"
"05/05/2025";"0700";"";"";"";"91,0";"91,0";"91,0";"";"";"";"1012,6";"1012,8";"1012,6";"1,6";"231,0";"2,7";"";"0,0"
"05/05/2025";"0800";"";"";"";"91,0";"91,0";"91,0";"";"";"";"1013,0";"1013,0";"1012,6";"1,2";"252,0";"2,5";"";"0,0"
"05/05/2025";"0900";"";"";"";"91,0";"91,0";"91,0";"";"";"";"1013,4";"1013,4";"1013,0";"1,5";"240,0";"2,9";"";"0,0"
"05/05/2025";"1000";"";"";"";"91,0";"92,0";"91,0";"";"";"";"1014,0";"1014,0";"1013,4";"2,0";"229,0";"3,7";"215,50";"0,0"
"05/05/2025";"1100";"";"";"";"84,0";"91,0";"84,0";"";"";"";"1014,5";"1014,5";"1014,0";"2,8";"218,0";"4,9";"759,60";"0,0"
"05/05/2025";"1200";"";"";"";"74,0";"84,0";"73,0";"";"";"";"1014,3";"1016,0";"1014,0";"3,2";"215,0";"6,0";"1709,10";"0,0"
"05/05/2025";"1300";"";"";"";"69,0";"74,0";"67,0";"";"";"";"1014,4";"1014,5";"1014,3";"3,5";"205,0";"6,4";"2229,20";"0,0"
"05/05/2025";"1400";"";"";"";"84,0";"84,0";"61,0";"";"";"";"1013,9";"1014,5";"1013,9";"2,4";"233,0";"7,7";"1632,20";"0,8"
"05/05/2025";"1500";"";"";"";"69,0";"84,0";"66,0";"";"";"";"1012,8";"1013,9";"1012,8";"2,1";"197,0";"8,2";"1891,80";"0,0"
"05/05/2025";"1600";"";"";"";"67,0";"70,0";"60,0";"";"";"";"1012,4";"1012,8";"1012,3";"2,8";"176,0";"7,3";"2255,50";"0,0"
"05/05/2025";"1700";"";"";"";"76,0";"78,0";"63,0";"";"";"";"1011,0";"1016,4";"1010,9";"2,1";"184,0";"7,5";"1581,40";"0,2"
"05/05/2025";"1800";"";"";"";"65,0";"76,0";"63,0";"";"";"";"1011,1";"1011,1";"1010,8";"1,8";"180,0";"6,5";"1689,30";"0,0"
"05/05/2025";"1900";"";"";"";"66,0";"67,0";"63,0";"";"";"";"1011,1";"1014,4";"1010,5";"1,2";"91,0";"5,5";"1186,60";"0,0"
"05/05/2025";"2000";"";"";"";"73,0";"74,0";"66,0";"";"";"";"1011,9";"1011,9";"1011,1";"1,6";"192,0";"4,2";"348,50";"0,0"
"05/05/2025";"2100";"";"";"";"75,0";"75,0";"72,0";"";"";"";"1011,5";"1015,7";"1011,5";"1,2";"209,0";"4,2";"4,00";"0,0"
"05/05/2025";"2200";"";"";"";"77,0";"77,0";"75,0";"";"";"";"1015,7";"1016,5";"1011,5";"1,5";"199,0";"4,1";"";"0,0"
"05/05/2025";"2300";"";"";"";"76,0";"77,0";"76,0";"";"";"";"1017,9";"1020,3";"1013,4";"1,4";"205,0";"3,9";"";"0,0"
"06/05/2025";"0000";"";"";"";"76,0";"77,0";"76,0";"";"";"";"1013,5";"1019,5";"1013,5";"1,5";"207,0";"3,9";"";"0,0"
"06/05/2025";"0100";"";"";"";"76,0";"76,0";"73,0";"";"";"";"1013,8";"1018,4";"1013,5";"0,9";"237,0";"5,0";"";"0,0"
"06/05/2025";"0200";"";"";"";"78,0";"78,0";"76,0";"";"";"";"1018,3";"1018,5";"1013,5";"1,0";"313,0";"3,9";"";"0,0"
"06/05/2025";"0300";"";"";"";"76,0";"78,0";"76,0";"";"";"";"1012,5";"1018,2";"1012,5";"0,9";"325,0";"2,5";"";"0,0"
"06/05/2025";"0400";"";"";"";"74,0";"76,0";"73,0";"";"";"";"1011,4";"1012,5";"1011,4";"1,1";"44,0";"3,8";"";"0,0"
"06/05/2025";"0500";"";"";"";"74,0";"76,0";"73,0";"";"";"";"";"1013,7";"1010,7";"1,0";"57,0";"4,4";"";"0,0"
"06/05/2025";"0600";"";"";"";"77,0";"78,0";"74,0";"";"";"";"1010,5";"1014,2";"1010,5";"0,7";"28,0";"3,7";"";"0,0"
"06/05/2025";"0700";"";"";"";"85,0";"86,0";"77,0";"";"";"";"1016,7";"1016,7";"1010,4";"1,7";"137,0";"4,1";"";"3,6"
"06/05/2025";"0800";"";"";"";"91,0";"91,0";"85,0";"";"";"";"1015,0";"1017,7";"1013,5";"1,0";"303,0";"4,1";"";"3,6"
"06/05/2025";"0900";"";"";"";"91,0";"91,0";"91,0";"";"";"";"1012,1";"1015,3";"1011,0";"0,8";"176,0";"2,7";"4,90";"0,0"
"06/05/2025";"1000";"";"";"";"91,0";"91,0";"90,0";"";"";"";"1012,8";"1012,8";"1012,1";"0,9";"177,0";"5,3";"220,50";"8,2"
"06/05/2025";"1100";"";"";"";"87,0";"91,0";"87,0";"";"";"";"1013,9";"1013,9";"1012,8";"1,0";"83,0";"3,4";"536,60";"0,0"
"06/05/2025";"1200";"";"";"";"73,0";"87,0";"72,0";"";"";"";"1013,9";"1014,5";"1013,6";"0,7";"10,0";"3,1";"1181,00";"0,0"
"06/05/2025";"1300";"";"";"";"86,0";"87,0";"67,0";"";"";"";"1014,1";"1017,8";"1013,8";"1,7";"78,0";"5,5";"1047,20";"0,6"
"06/05/2025";"1400";"";"";"";"70,0";"87,0";"69,0";"";"";"";"1013,8";"1014,1";"1013,7";"2,3";"216,0";"4,4";"1395,10";"0,0"
"06/05/2025";"1500";"";"";"";"81,0";"81,0";"70,0";"";"";"";"1013,2";"1013,8";"1013,2";"3,7";"211,0";"8,1";"1444,40";"0,0"
"06/05/2025";"1600";"";"";"";"82,0";"83,0";"77,0";"";"";"";"1012,4";"1013,2";"1012,4";"2,9";"206,0";"7,3";"1299,60";"0,4"
"06/05/2025";"1700";"";"";"";"71,0";"83,0";"71,0";"";"";"";"1011,5";"1012,4";"1011,4";"2,5";"204,0";"6,5";"1414,70";"0,0"
"06/05/2025";"1800";"";"";"";"78,0";"78,0";"71,0";"";"";"";"1011,3";"1011,5";"1011,3";"2,3";"211,0";"6,7";"869,90";"0,0"
"06/05/2025";"1900";"";"";"";"75,0";"78,0";"75,0";"";"";"";"1011,7";"1011,7";"1011,2";"2,3";"209,0";"5,8";"515,20";"0,0"
"06/05/2025";"2000";"";"";"";"77,0";"77,0";"75,0";"";"";"";"1011,8";"1011,9";"1011,5";"2,0";"204,0";"6,2";"291,10";"0,0"
"06/05/2025";"2100";"";"";"";"78,0";"79,0";"76,0";"";"";"";"1012,3";"1012,3";"1011,8";"2,1";"200,0";"6,4";"15,60";"0,0"
"06/05/2025";"2200";"";"";"";"82,0";"82,0";"76,0";"";"";"";"1013,0";"1013,0";"1012,3";"1,5";"203,0";"5,3";"";"0,0"
"06/05/2025";"2300";"";"";"";"78,0";"82,0";"78,0";"";"";"";"1013,7";"1013,7";"1013,0";"1,4";"183,0";"4,5";"";"0,0"
"07/05/2025";"0000";"";"";"";"78,0";"80,0";"78,0";"";"";"";"1014,1";"1014,1";"1013,7";"1,1";"213,0";"3,6";"";"0,0"
"07/05/2025";"0100";"";"";"";"82,0";"82,0";"77,0";"";"";"";"1014,1";"1014,2";"1014,1";"1,6";"232,0";"3,4";"";"0,0"
"07/05/2025";"0200";"";"";"";"87,0";"87,0";"82,0";"";"";"";"";"1014,1";"1013,4";"1,6";"229,0";"2,9";"";"0,0"
"07/05/2025";"0300";"";"";"";"89,0";"89,0";"87,0";"";"";"";"1013,5";"1014,2";"1013,4";"2,7";"234,0";"4,6";"";"0,0"
"07/05/2025";"0400";"";"";"";"90,0";"90,0";"89,0";"";"";"";"1012,9";"1013,5";"1012,9";"1,7";"234,0";"4,7";"";"0,0"
"07/05/2025";"0500";"";"";"";"90,0";"90,0";"90,0";"";"";"";"1012,6";"1012,9";"1012,6";"2,0";"232,0";"4,0";"";"0,0"
"07/05/2025";"0600";"";"";"";"91,0";"91,0";"90,0";"";"";"";"1012,3";"1012,6";"1012,2";"1,9";"235,0";"4,0";"";"0,0"
"07/05/2025";"0700";"";"";"";"91,0";"91,0";"91,0";"";"";"";"1012,2";"1012,4";"1012,0";"1,5";"218,0";"3,6";"";"0,8"
"07/05/2025";"0800";"";"";"";"91,0";"91,0";"91,0";"";"";"";"1012,5";"1012,5";"1012,2";"1,3";"238,0";"3,1";"";"2,6"
"07/05/2025";"0900";"";"";"";"92,0";"92,0";"91,0";"";"";"";"1013,2";"1013,3";"1012,5";"1,9";"251,0";"3,9";"";"8,2"
"07/05/2025";"1000";"";"";"";"92,0";"92,0";"92,0";"";"";"";"1013,8";"1014,0";"1013,3";"1,4";"220,0";"4,1";"36,60";"16,6"
"07/05/2025";"1100";"";"";"";"91,0";"93,0";"91,0";"";"";"";"1014,2";"1016,3";"1013,7";"2,0";"43,0";"4,7";"742,50";"0,0"
"07/05/2025";"1200";"";"";"";"78,0";"91,0";"77,0";"";"";"";"1014,0";"1016,6";"1013,8";"2,5";"6,0";"5,7";"1087,30";"0,0"
"07/05/2025";"1300";"";"";"";"67,0";"79,0";"64,0";"";"";"";"1014,2";"1014,2";"1013,9";"2,3";"348,0";"5,7";"1951,00";"0,0"
"07/05/2025";"1400";"";"";"";"62,0";"69,0";"59,0";"";"";"";"1013,7";"1014,3";"1013,7";"1,8";"71,0";"4,6";"2277,90";"0,0"
"07/05/2025";"1500";"";"";"";"67,0";"68,0";"60,0";"";"";"";"1012,6";"1013,7";"1012,6";"2,8";"92,0";"4,7";"2365,80";"0,0"
"07/05/2025";"1600";"";"";"";"67,0";"69,0";"64,0";"";"";"";"1011,7";"1012,6";"1011,6";"3,0";"87,0";"5,1";"2645,20";"0,0"
"07/05/2025";"1700";"";"";"";"64,0";"68,0";"61,0";"";"";"";"1011,2";"1011,7";"1011,1";"3,3";"84,0";"6,6";"2398,40";"0,0"
"07/05/2025";"1800";"";"";"";"67,0";"68,0";"64,0";"";"";"";"1011,0";"1011,2";"1010,9";"3,7";"88,0";"7,4";"1936,30";"0,0"
"07/05/2025";"1900";"";"";"";"67,0";"69,0";"66,0";"";"";"";"1011,4";"1011,4";"1011,0";"3,5";"92,0";"7,4";"1241,00";"0,0"
"07/05/2025";"2000";"";"";"";"72,0";"72,0";"66,0";"";"";"";"1011,8";"1011,8";"1011,4";"3,2";"89,0";"6,2";"421,20";"0,0"
"07/05/2025";"2100";"";"";"";"73,0";"74,0";"71,0";"";"";"";"1011,9";"1015,1";"1011,4";"2,9";"90,0";"6,2";"10,90";"0,0"
"07/05/2025";"2200";"";"";"";"73,0";"76,0";"72,0";"";"";"";"1012,6";"1016,0";"1011,9";"1,8";"80,0";"4,5";"";"0,0"
"07/05/2025";"2300";"";"";"";"71,0";"73,0";"68,0";"";"";"";"1013,5";"1013,5";"1012,6";"2,3";"81,0";"4,7";"";"0,0"
"08/05/2025";"0000";"";"";"";"70,0";"72,0";"68,0";"";"";"";"1013,9";"1013,9";"1013,5";"2,1";"80,0";"5,3";"";"0,0"
"08/05/2025";"0100";"";"";"";"70,0";"73,0";"70,0";"";"";"";"1013,9";"1015,0";"1013,5";"2,4";"81,0";"4,9";"";"0,0"
"08/05/2025";"0200";"";"";"";"73,0";"73,0";"70,0";"";"";"";"1013,6";"1013,9";"1013,5";"2,3";"84,0";"5,5";"";"0,0"
"08/05/2025";"0300";"";"";"";"73,0";"74,0";"72,0";"";"";"";"1013,4";"1013,6";"1013,4";"2,4";"85,0";"4,8";"";"0,0"
"08/05/2025";"0400";"";"";"";"72,0";"73,0";"71,0";"";"";"";"1013,0";"1013,4";"1013,0";"2,0";"83,0";"5,0";"";"0,0"
"08/05/2025";"0500";"";"";"";"73,0";"74,0";"72,0";"";"";"";"1012,3";"1013,0";"1012,3";"1,8";"79,0";"4,1";"";"0,0"
"08/05/2025";"0600";"";"";"";"76,0";"76,0";"72,0";"";"";"";"1012,2";"1012,3";"1011,8";"2,1";"83,0";"4,1";"";"0,0"
"08/05/2025";"0700";"";"";"";"80,0";"80,0";"71,0";"";"";"";"1012,2";"1012,3";"1012,1";"1,0";"247,0";"4,6";"";"0,0"
"08/05/2025";"0800";"";"";"";"77,0";"82,0";"70,0";"";"";"";"1012,7";"1012,7";"1012,2";"1,1";"81,0";"8,0";"";"0,0"
"08/05/2025";"0900";"";"";"";"78,0";"81,0";"72,0";"";"";"";"1013,2";"1013,2";"1012,7";"0,8";"238,0";"4,1";"12,30";"0,0"
"08/05/2025";"1000";"";"";"";"68,0";"79,0";"68,0";"";"";"";"1014,0";"1014,0";"1013,2";"2,3";"89,0";"4,7";"409,60";"0,0"
"08/05/2025";"1100";"";"";"";"75,0";"75,0";"64,0";"";"";"";"1015,1";"1015,1";"1014,0";"2,9";"76,0";"6,0";"686,00";"0,0"
"08/05/2025";"1200";"";"";"";"79,0";"85,0";"75,0";"";"";"";"1015,6";"1015,6";"1015,1";"1,8";"80,0";"8,1";"1201,90";"0,6"
"08/05/2025";"1300";"";"";"";"65,0";"79,0";"65,0";"";"";"";"1015,3";"1015,7";"1015,3";"2,4";"81,0";"6,4";"2053,00";"0,0"
"08/05/2025";"1400";"";"";"";"65,0";"71,0";"62,0";"";"";"";"1014,6";"1016,4";"1014,4";"3,7";"85,0";"7,2";"2273,00";"0,0"
"08/05/2025";"1500";"";"";"";"67,0";"74,0";"63,0";"";"";"";"1013,7";"1014,6";"1013,6";"2,1";"68,0";"7,2";"2225,90";"0,0"
"08/05/2025";"1600";"";"";"";"68,0";"68,0";"62,0";"";"";"";"1013,2";"1013,7";"1013,2";"3,1";"83,0";"7,1";"2563,50";"0,0"
"08/05/2025";"1700";"";"";"";"68,0";"70,0";"65,0";"";"";"";"1012,8";"1013,3";"1012,8";"2,5";"82,0";"6,7";"2183,50";"0,0"
"08/05/2025";"1800";"";"";"";"67,0";"78,0";"66,0";"";"";"";"1012,3";"1012,8";"1012,3";"3,3";"89,0";"7,6";"1115,80";"0,0"
"08/05/2025";"1900";"";"";"";"72,0";"73,0";"66,0";"";"";"";"1012,3";"1012,4";"1012,2";"2,9";"91,0";"6,5";"998,10";"0,0"
"08/05/2025";"2000";"";"";"";"70,0";"74,0";"69,0";"";"";"";"1012,5";"1012,5";"1012,3";"3,3";"91,0";"6,1";"281,20";"0,0"
"08/05/2025";"2100";"";"";"";"67,0";"71,0";"65,0";"";"";"";"1013,0";"1013,0";"1012,5";"3,3";"87,0";"6,5";"9,10";"0,0"
"08/05/2025";"2200";"";"";"";"66,0";"70,0";"66,0";"";"";"";"1013,5";"1013,5";"1013,0";"3,6";"85,0";"7,1";"";"0,0"
"08/05/2025";"2300";"";"";"";"64,0";"68,0";"61,0";"";"";"";"1014,2";"1014,3";"1013,5";"3,7";"88,0";"8,0";"";"0,0"
"09/05/2025";"0000";"";"";"";"62,0";"66,0";"61,0";"";"";"";"1014,3";"1014,4";"1014,2";"3,6";"87,0";"7,2";"";"0,0"
"09/05/2025";"0100";"";"";"";"66,0";"67,0";"62,0";"";"";"";"1014,1";"1014,4";"1014,1";"3,1";"88,0";"7,1";"";"0,0"
"09/05/2025";"0200";"";"";"";"67,0";"68,0";"65,0";"";"";"";"1014,2";"1014,2";"1014,1";"3,1";"91,0";"7,4";"";"0,0"
"09/05/2025";"0300";"";"";"";"68,0";"69,0";"66,0";"";"";"";"1013,8";"1016,0";"1013,5";"1,4";"94,0";"5,5";"";"0,0"
"09/05/2025";"0400";"";"";"";"86,0";"87,0";"68,0";"";"";"";"1013,3";"1013,9";"1013,3";"1,8";"40,0";"10,6";"";"3,0"
"09/05/2025";"0500";"";"";"";"88,0";"88,0";"85,0";"";"";"";"1012,7";"1016,2";"1012,7";"0,6";"295,0";"3,4";"";"0,0"
"09/05/2025";"0600";"";"";"";"72,0";"89,0";"72,0";"";"";"";"1012,4";"1012,8";"1012,4";"1,9";"85,0";"6,4";"";"0,0"
"09/05/2025";"0700";"";"";"";"68,0";"72,0";"67,0";"";"";"";"1012,5";"1012,5";"1012,4";"3,6";"90,0";"7,0";"";"0,2"
"09/05/2025";"0800";"";"";"";"70,0";"71,0";"63,0";"";"";"";"1012,6";"1012,6";"1012,4";"3,2";"88,0";"6,5";"";"0,0"
"09/05/2025";"0900";"";"";"";"69,0";"72,0";"69,0";"";"";"";"1013,2";"1013,2";"1012,5";"3,2";"90,0";"7,2";"9,40";"0,0"
"09/05/2025";"1000";"";"";"";"66,0";"69,0";"63,0";"";"";"";"1013,8";"1013,8";"1013,2";"3,1";"87,0";"7,2";"398,30";"0,0"
"09/05/2025";"1100";"";"";"";"62,0";"66,0";"61,0";"";"";"";"1014,4";"1015,3";"1013,8";"3,6";"87,0";"8,5";"1153,80";"0,0"
"09/05/2025";"1200";"";"";"";"62,0";"67,0";"60,0";"";"";"";"1015,1";"1015,1";"1014,4";"3,7";"86,0";"6,7";"1475,50";"0,0"
"09/05/2025";"1300";"";"";"";"62,0";"68,0";"59,0";"";"";"";"1015,2";"1015,2";"1015,1";"3,4";"81,0";"8,3";"1586,00";"0,0"
"09/05/2025";"1400";"";"";"";"61,0";"65,0";"60,0";"";"";"";"1014,7";"1015,2";"1014,7";"3,7";"82,0";"6,8";"2585,60";"0,0"
"09/05/2025";"1500";"";"";"";"62,0";"68,0";"60,0";"";"";"";"1013,9";"1014,7";"1013,9";"3,3";"79,0";"8,2";"2416,00";"0,0"
"09/05/2025";"1600";"";"";"";"67,0";"68,0";"60,0";"";"";"";"1013,2";"1013,9";"1013,2";"3,1";"85,0";"7,3";"2532,90";"0,0"
"09/05/2025";"1700";"";"";"";"62,0";"67,0";"59,0";"";"";"";"1012,4";"1013,2";"1012,4";"3,4";"87,0";"6,8";"2080,10";"0,0"
"09/05/2025";"1800";"";"";"";"63,0";"64,0";"59,0";"";"";"";"1012,0";"1012,4";"1011,9";"3,9";"91,0";"7,4";"1774,60";"0,0"
"09/05/2025";"1900";"";"";"";"65,0";"67,0";"62,0";"";"";"";"1012,4";"1012,4";"1012,0";"3,4";"91,0";"6,8";"1038,90";"0,0"
"09/05/2025";"2000";"";"";"";"68,0";"69,0";"65,0";"";"";"";"1012,9";"1012,9";"1012,2";"3,1";"90,0";"6,1";"227,40";"0,0"
"09/05/2025";"2100";"";"";"";"69,0";"70,0";"68,0";"";"";"";"1013,6";"1013,6";"1012,8";"2,9";"88,0";"5,9";"13,00";"0,0"
"09/05/2025";"2200";"";"";"";"70,0";"79,0";"69,0";"";"";"";"1014,1";"1014,1";"1013,6";"0,8";"340,0";"9,0";"";"0,0"
"09/05/2025";"2300";"";"";"";"75,0";"75,0";"67,0";"";"";"";"1014,8";"1014,8";"1014,1";"1,3";"204,0";"3,6";"";"0,0"
"10/05/2025";"0000";"";"";"";"86,0";"86,0";"75,0";"";"";"";"1015,2";"1015,2";"1014,7";"0,8";"290,0";"5,0";"";"0,4"
"10/05/2025";"0100";"";"";"";"85,0";"88,0";"76,0";"";"";"";"1015,2";"1015,4";"1015,2";"2,3";"81,0";"9,3";"";"2,6"
"10/05/2025";"0200";"";"";"";"76,0";"85,0";"74,0";"";"";"";"1015,1";"1015,2";"1015,1";"1,9";"70,0";"6,7";"";"0,0"
"10/05/2025";"0300";"";"";"";"80,0";"80,0";"76,0";"";"";"";"1014,4";"1015,2";"1014,4";"0,9";"343,0";"3,4";"";"0,0"
"10/05/2025";"0400";"";"";"";"73,0";"82,0";"72,0";"";"";"";"1014,2";"1014,5";"1014,1";"1,9";"77,0";"4,9";"";"0,0"
"10/05/2025";"0500";"";"";"";"71,0";"77,0";"67,0";"";"";"";"1013,8";"1014,2";"1013,7";"1,7";"107,0";"5,1";"";"0,0"
"10/05/2025";"0600";"";"";"";"73,0";"74,0";"71,0";"";"";"";"1013,7";"1013,8";"1013,7";"1,0";"55,0";"4,9";"";"0,0"
"10/05/2025";"0700";"";"";"";"71,0";"74,0";"69,0";"";"";"";"1013,6";"1013,7";"1013,5";"1,1";"38,0";"4,2";"";"0,0"
"10/05/2025";"0800";"";"";"";"72,0";"73,0";"68,0";"";"";"";"1014,0";"1014,0";"1013,6";"1,2";"17,0";"5,2";"";"0,0"
"10/05/2025";"0900";"";"";"";"67,0";"73,0";"67,0";"";"";"";"1014,7";"1014,7";"1013,8";"1,4";"61,0";"4,2";"7,50";"0,0"
"10/05/2025";"1000";"";"";"";"76,0";"76,0";"65,0";"";"";"";"1015,5";"1015,5";"1014,7";"2,6";"83,0";"5,4";"105,10";"0,0"
"10/05/2025";"1100";"";"";"";"72,0";"84,0";"72,0";"";"";"";"1016,4";"1016,4";"1015,5";"1,5";"34,0";"5,4";"594,00";"0,2"
"10/05/2025";"1200";"";"";"";"67,0";"73,0";"65,0";"";"";"";"1017,0";"1017,0";"1016,3";"1,6";"79,0";"3,5";"1597,30";"0,0"
"10/05/2025";"1300";"";"";"";"65,0";"69,0";"62,0";"";"";"";"1016,7";"1017,1";"1016,6";"2,4";"94,0";"4,7";"2139,80";"0,0"
"10/05/2025";"1400";"";"";"";"62,0";"67,0";"60,0";"";"";"";"1016,4";"1016,9";"1016,4";"3,0";"86,0";"6,2";"2343,60";"0,0"
"10/05/2025";"1500";"";"";"";"57,0";"63,0";"57,0";"";"";"";"1015,5";"1016,4";"1015,5";"2,7";"84,0";"6,2";"2418,40";"0,0"
"10/05/2025";"1600";"";"";"";"60,0";"62,0";"57,0";"";"";"";"1014,8";"1015,5";"1014,8";"2,3";"78,0";"6,1";"2595,90";"0,0"
"10/05/2025";"1700";"";"";"";"59,0";"64,0";"56,0";"";"";"";"1014,1";"1014,8";"1014,1";"1,4";"94,0";"5,7";"2055,50";"0,0"
"10/05/2025";"1800";"";"";"";"63,0";"68,0";"58,0";"";"";"";"1014,2";"1014,2";"1014,1";"1,3";"285,0";"4,5";"1360,80";"0,0"
"10/05/2025";"1900";"";"";"";"73,0";"73,0";"59,0";"";"";"";"1014,7";"1014,7";"1014,1";"2,4";"56,0";"7,8";"1096,90";"0,2"
"10/05/2025";"2000";"";"";"";"77,0";"82,0";"72,0";"";"";"";"1014,4";"1016,1";"1014,2";"0,6";"242,0";"7,8";"182,20";"0,0"
"10/05/2025";"2100";"";"";"";"72,0";"80,0";"72,0";"";"";"";"1014,7";"1014,7";"1014,3";"0,9";"232,0";"2,7";"10,80";"0,0"
"10/05/2025";"2200";"";"";"";"68,0";"73,0";"64,0";"";"";"";"1015,0";"1015,1";"1014,7";"1,1";"207,0";"3,6";"";"0,2"
"10/05/2025";"2300";"";"";"";"71,0";"73,0";"68,0";"";"";"";"1015,6";"1015,6";"1015,0";"1,5";"204,0";"4,5";"";"0,0"
"11/05/2025";"0000";"";"";"";"70,0";"75,0";"70,0";"";"";"";"1016,2";"1016,2";"1015,6";"1,1";"207,0";"4,5";"";"0,0"
"11/05/2025";"0100";"";"";"";"76,0";"76,0";"69,0";"";"";"";"1016,1";"1016,3";"1016,1";"1,2";"303,0";"2,7";"";"0,0"
"11/05/2025";"0200";"";"";"";"74,0";"79,0";"74,0";"";"";"";"1015,8";"1016,1";"1015,7";"0,6";"256,0";"3,6";"";"0,0"
"11/05/2025";"0300";"";"";"";"77,0";"79,0";"68,0";"";"";"";"1015,7";"1015,9";"1015,7";"1,0";"225,0";"3,2";"";"0,0"
"11/05/2025";"0400";"";"";"";"77,0";"77,0";"72,0";"";"";"";"1015,2";"1015,7";"1015,2";"1,0";"357,0";"4,4";"";"0,0"
"11/05/2025";"0500";"";"";"";"85,0";"86,0";"77,0";"";"";"";"1014,8";"1015,2";"1014,8";"1,5";"206,0";"3,1";"";"0,0"
"11/05/2025";"0600";"";"";"";"89,0";"89,0";"85,0";"";"";"";"1014,4";"1014,8";"1014,4";"2,5";"211,0";"5,1";"";"1,8"
"11/05/2025";"0700";"";"";"";"88,0";"90,0";"88,0";"";"";"";"1014,6";"1014,7";"1014,4";"2,2";"199,0";"6,4";"";"1,2"
"11/05/2025";"0800";"";"";"";"82,0";"88,0";"81,0";"";"";"";"1014,7";"1014,7";"1014,4";"1,9";"200,0";"5,3";"";"0,0"
"11/05/2025";"0900";"";"";"";"82,0";"84,0";"81,0";"";"";"";"1015,1";"1015,1";"1014,7";"1,5";"210,0";"4,8";"1,80";"0,0"
"11/05/2025";"1000";"";"";"";"87,0";"87,0";"79,0";"";"";"";"1016,6";"1017,1";"1015,1";"1,5";"216,0";"5,1";"143,80";"1,4"
"11/05/2025";"1100";"";"";"";"87,0";"88,0";"85,0";"";"";"";"1015,9";"1017,6";"1015,3";"2,1";"195,0";"5,5";"334,50";"1,4"
"11/05/2025";"1200";"";"";"";"90,0";"90,0";"87,0";"";"";"";"1016,5";"1016,6";"1015,9";"1,7";"198,0";"4,8";"489,70";"10,4"
"11/05/2025";"1300";"";"";"";"83,0";"90,0";"83,0";"";"";"";"1016,6";"1016,7";"1016,4";"1,5";"150,0";"5,6";"1707,70";"2,0"
"11/05/2025";"1400";"";"";"";"84,0";"84,0";"76,0";"";"";"";"1016,0";"1016,6";"1016,0";"1,5";"205,0";"6,7";"909,30";"0,8"
"11/05/2025";"1500";"";"";"";"70,0";"85,0";"65,0";"";"";"";"1015,1";"1016,0";"1015,1";"1,9";"177,0";"4,5";"2439,30";"0,0"
"11/05/2025";"1600";"";"";"";"73,0";"73,0";"64,0";"";"";"";"1014,3";"1015,1";"1014,3";"2,1";"199,0";"5,2";"2373,50";"0,0"
"11/05/2025";"1700";"";"";"";"86,0";"86,0";"71,0";"";"";"";"1013,9";"1014,3";"1013,8";"2,5";"200,0";"6,3";"1441,70";"1,2"
"11/05/2025";"1800";"";"";"";"80,0";"86,0";"78,0";"";"";"";"1013,5";"1013,9";"1013,5";"2,0";"187,0";"5,3";"963,20";"0,0"
"11/05/2025";"1900";"";"";"";"81,0";"81,0";"79,0";"";"";"";"1014,0";"1014,0";"1013,4";"0,9";"200,0";"5,3";"412,90";"0,0"
"11/05/2025";"2000";"";"";"";"80,0";"81,0";"77,0";"";"";"";"1014,4";"1014,4";"1013,9";"0,6";"275,0";"3,7";"217,40";"0,0"
"11/05/2025";"2100";"";"";"";"83,0";"83,0";"78,0";"";"";"";"1014,3";"1014,4";"1014,2";"1,2";"223,0";"3,0";"5,30";"0,0"
"11/05/2025";"2200";"";"";"";"79,0";"84,0";"79,0";"";"";"";"1015,0";"1015,0";"1014,3";"1,4";"46,0";"5,3";"";"0,0"
"11/05/2025";"2300";"";"";"";"78,0";"80,0";"77,0";"";"";"";"1015,7";"1015,7";"1015,0";"2,7";"90,0";"6,1";"";"0,0"
"12/05/2025";"0000";"";"";"";"78,0";"79,0";"77,0";"";"";"";"1015,9";"1015,9";"1015,6";"2,2";"87,0";"6,1";"";"0,0"
"12/05/2025";"0100";"";"";"";"76,0";"81,0";"76,0";"";"";"";"1016,1";"1016,2";"1015,9";"3,0";"87,0";"5,7";"";"0,0"
"12/05/2025";"0200";"";"";"";"73,0";"76,0";"65,0";"";"";"";"1016,0";"1016,2";"1016,0";"2,3";"89,0";"6,2";"";"0,0"
"12/05/2025";"0300";"";"";"";"77,0";"77,0";"73,0";"";"";"";"1015,8";"1016,1";"1015,8";"1,4";"215,0";"4,4";"";"0,0"
"12/05/2025";"0400";"";"";"";"89,0";"89,0";"77,0";"";"";"";"1015,6";"1015,8";"1015,4";"1,5";"214,0";"5,4";"";"2,0"
"12/05/2025";"0500";"";"";"";"91,0";"91,0";"89,0";"";"";"";"1014,9";"1015,6";"1014,9";"1,4";"212,0";"4,4";"";"10,0"
"12/05/2025";"0600";"";"";"";"90,0";"91,0";"90,0";"";"";"";"1014,7";"1014,9";"1014,7";"2,2";"215,0";"5,7";"";"0,2"
"12/05/2025";"0700";"";"";"";"90,0";"90,0";"90,0";"";"";"";"1014,4";"1014,9";"1014,3";"1,6";"216,0";"5,7";"";"2,2"
"12/05/2025";"0800";"";"";"";"90,0";"91,0";"90,0";"";"";"";"1014,8";"1014,9";"1014,3";"1,5";"71,0";"3,0";"";"0,0"
"12/05/2025";"0900";"";"";"";"90,0";"90,0";"89,0";"";"";"";"1015,2";"1015,2";"1014,8";"0,9";"358,0";"3,5";"4,00";"0,0"
"12/05/2025";"1000";"";"";"";"90,0";"90,0";"90,0";"";"";"";"1015,2";"1015,3";"1014,7";"1,3";"239,0";"2,6";"164,10";"0,0"
"12/05/2025";"1100";"";"";"";"89,0";"90,0";"89,0";"";"";"";"1015,8";"1017,0";"1015,2";"1,2";"279,0";"3,4";"596,30";"2,2"
"12/05/2025";"1200";"";"";"";"84,0";"90,0";"83,0";"";"";"";"1016,6";"1016,6";"1015,8";"1,3";"233,0";"2,8";"1073,00";"0,2"
"12/05/2025";"1300";"";"";"";"88,0";"88,0";"82,0";"";"";"";"1016,7";"1017,0";"1016,5";"0,4";"102,0";"5,3";"894,70";"6,6"
"12/05/2025";"1400";"";"";"";"72,0";"88,0";"72,0";"";"";"";"1016,2";"1016,7";"1016,2";"1,5";"239,0";"3,1";"1969,60";"0,0"
"12/05/2025";"1500";"";"";"";"66,0";"74,0";"63,0";"";"";"";"1015,3";"1016,2";"1015,3";"2,3";"206,0";"6,1";"2639,40";"0,0"
"12/05/2025";"1600";"";"";"";"66,0";"69,0";"63,0";"";"";"";"1014,4";"1015,3";"1014,4";"2,4";"197,0";"6,5";"2548,70";"0,0"
"12/05/2025";"1700";"";"";"";"68,0";"69,0";"65,0";"";"";"";"1013,7";"1014,4";"1013,7";"2,8";"185,0";"7,2";"2259,30";"0,0"
"12/05/2025";"1800";"";"";"";"72,0";"72,0";"63,0";"";"";"";"1013,6";"1013,7";"1013,5";"1,9";"188,0";"6,9";"1512,90";"0,0"
"12/05/2025";"1900";"";"";"";"62,0";"73,0";"59,0";"";"";"";"1013,8";"1013,8";"1013,6";"1,9";"192,0";"6,3";"821,80";"0,0"
"12/05/2025";"2000";"";"";"";"62,0";"65,0";"58,0";"";"";"";"1014,2";"1014,5";"1013,8";"2,0";"187,0";"6,3";"336,90";"0,0"
"12/05/2025";"2100";"";"";"";"72,0";"72,0";"62,0";"";"";"";"1014,5";"1014,6";"1014,1";"1,5";"141,0";"4,3";"7,50";"0,6"
"12/05/2025";"2200";"";"";"";"79,0";"80,0";"67,0";"";"";"";"1015,0";"1015,0";"1014,5";"1,6";"198,0";"4,6";"";"0,2"
"12/05/2025";"2300";"";"";"";"77,0";"79,0";"73,0";"";"";"";"1015,6";"1015,6";"1014,9";"2,9";"194,0";"8,1";"";"0,0"
"13/05/2025";"0000";"";"";"";"83,0";"83,0";"70,0";"";"";"";"1016,2";"1016,9";"1015,6";"3,5";"206,0";"10,1";"";"5,2"
"13/05/2025";"0100";"";"";"";"89,0";"89,0";"83,0";"";"";"";"1016,3";"1016,4";"1016,2";"1,1";"342,0";"10,1";"";"3,6"
"13/05/2025";"0200";"";"";"";"89,0";"89,0";"88,0";"";"";"";"1015,7";"1016,3";"1015,7";"0,9";"253,0";"4,2";"";"0,0"
"13/05/2025";"0300";"";"";"";"73,0";"89,0";"73,0";"";"";"";"1015,2";"1015,7";"1015,2";"1,5";"205,0";"3,5";"1,20";"0,0"
"13/05/2025";"0400";"";"";"";"74,0";"77,0";"73,0";"";"";"";"1014,7";"1015,2";"1014,7";"1,1";"205,0";"3,5";"1,60";"0,0"
"13/05/2025";"0500";"";"";"";"78,0";"79,0";"73,0";"";"";"";"1013,9";"1014,7";"1013,9";"1,5";"195,0";"3,9";"";"0,0"
"13/05/2025";"0600";"";"";"";"72,0";"80,0";"72,0";"";"";"";"1013,1";"1013,9";"1013,1";"0,8";"359,0";"3,2";"";"0,0"
"13/05/2025";"0700";"";"";"";"73,0";"74,0";"69,0";"";"";"";"1013,2";"1013,2";"1013,1";"0,5";"271,0";"2,5";"";"0,0"
"13/05/2025";"0800";"";"";"";"75,0";"79,0";"70,0";"";"";"";"1013,3";"1013,3";"1013,1";"0,8";"250,0";"3,9";"";"0,0"
"13/05/2025";"0900";"";"";"";"75,0";"80,0";"68,0";"";"";"";"1013,7";"1015,1";"1013,3";"2,9";"85,0";"6,7";"5,10";"0,0"
"13/05/2025";"1000";"";"";"";"67,0";"76,0";"67,0";"";"";"";"1013,9";"1014,0";"1013,4";"0,9";"202,0";"6,7";"208,00";"0,0"
"13/05/2025";"1100";"";"";"";"69,0";"70,0";"62,0";"";"";"";"1014,6";"1014,6";"1013,8";"1,4";"78,0";"4,1";"1013,90";"0,0"
"13/05/2025";"1200";"";"";"";"66,0";"73,0";"64,0";"";"";"";"1014,8";"1015,9";"1014,4";"1,5";"83,0";"3,7";"992,40";"0,0"
"13/05/2025";"1300";"";"";"";"71,0";"71,0";"60,0";"";"";"";"1015,3";"1015,3";"1014,8";"2,4";"76,0";"6,2";"1865,60";"0,0"
"13/05/2025";"1400";"";"";"";"69,0";"79,0";"67,0";"";"";"";"1014,8";"1015,3";"1014,8";"1,0";"202,0";"7,0";"2036,70";"0,2"
"13/05/2025";"1500";"";"";"";"63,0";"69,0";"58,0";"";"";"";"1014,1";"1014,8";"1014,1";"1,7";"78,0";"5,0";"2533,70";"0,0"
"13/05/2025";"1600";"";"";"";"65,0";"68,0";"60,0";"";"";"";"1013,5";"1014,4";"1013,4";"1,1";"94,0";"5,3";"2482,50";"0,0"
"13/05/2025";"1700";"";"";"";"56,0";"70,0";"51,0";"";"";"";"1012,8";"1014,9";"1012,3";"1,1";"162,0";"4,4";"1858,10";"0,0"
"13/05/2025";"1800";"";"";"";"67,0";"67,0";"53,0";"";"";"";"1012,8";"1013,7";"1012,6";"1,8";"210,0";"5,5";"1415,20";"0,0"
"13/05/2025";"1900";"";"";"";"66,0";"69,0";"58,0";"";"";"";"1012,8";"1012,9";"1012,7";"4,3";"90,0";"7,4";"893,60";"0,0"
"13/05/2025";"2000";"";"";"";"84,0";"84,0";"66,0";"";"";"";"";"1014,0";"1012,4";"0,5";"359,0";"8,5";"233,50";"0,6"
"13/05/2025";"2100";"";"";"";"72,0";"84,0";"70,0";"";"";"";"1013,0";"1014,4";"1012,1";"0,7";"326,0";"2,3";"8,60";"0,0"
"13/05/2025";"2200";"";"";"";"70,0";"73,0";"68,0";"";"";"";"1014,3";"1016,7";"1013,0";"1,0";"311,0";"3,8";"";"0,0"
"13/05/2025";"2300";"";"";"";"70,0";"71,0";"67,0";"";"";"";"1014,2";"1016,1";"1013,3";"0,9";"319,0";"3,4";"";"0,0"
"14/05/2025";"0000";"";"";"";"68,0";"71,0";"67,0";"";"";"";"1014,5";"1014,5";"1014,1";"0,9";"228,0";"3,0";"";"0,0"
"14/05/2025";"0100";"";"";"";"67,0";"70,0";"65,0";"";"";"";"1014,6";"1014,7";"1014,5";"1,0";"331,0";"3,5";"";"0,0"
"14/05/2025";"0200";"";"";"";"71,0";"78,0";"59,0";"";"";"";"1014,3";"1014,7";"1014,2";"1,5";"271,0";"7,1";"";"0,4"
"14/05/2025";"0300";"";"";"";"67,0";"77,0";"65,0";"";"";"";"1014,0";"1014,3";"1014,0";"1,0";"251,0";"4,1";"";"0,0"
"14/05/2025";"0400";"";"";"";"71,0";"71,0";"67,0";"";"";"";"1013,0";"1014,0";"1012,9";"1,0";"281,0";"2,9";"";"0,0"
"14/05/2025";"0500";"";"";"";"73,0";"76,0";"67,0";"";"";"";"1012,5";"1013,1";"1012,5";"1,1";"280,0";"6,0";"";"0,0"
"14/05/2025";"0600";"";"";"";"71,0";"73,0";"67,0";"";"";"";"1012,0";"1012,5";"1012,0";"1,6";"211,0";"4,6";"";"0,0"
"14/05/2025";"0700";"";"";"";"80,0";"80,0";"71,0";"";"";"";"1011,8";"1012,1";"1011,6";"1,7";"228,0";"5,3";"";"0,4"
"14/05/2025";"0800";"";"";"";"89,0";"89,0";"80,0";"";"";"";"1012,4";"1012,4";"1011,7";"1,0";"218,0";"5,0";"";"0,8"
"14/05/2025";"0900";"";"";"";"78,0";"89,0";"78,0";"";"";"";"1012,8";"1012,8";"1012,3";"1,4";"214,0";"4,9";"16,60";"0,0"
"14/05/2025";"1000";"";"";"";"72,0";"78,0";"72,0";"";"";"";"1013,6";"1013,6";"1012,7";"1,3";"210,0";"4,5";"268,40";"0,0"
"14/05/2025";"1100";"";"";"";"70,0";"72,0";"60,0";"";"";"";"1014,4";"1014,4";"1013,6";"1,1";"130,0";"5,2";"341,70";"0,0"
"14/05/2025";"1200";"";"";"";"70,0";"88,0";"68,0";"";"";"";"1014,7";"1014,8";"1014,4";"1,0";"195,0";"12,3";"1217,80";"4,0"
"14/05/2025";"1300";"";"";"";"60,0";"73,0";"59,0";"";"";"";"1014,8";"1015,0";"1014,7";"1,5";"183,0";"4,1";"2171,90";"0,0"
"14/05/2025";"1400";"";"";"";"66,0";"66,0";"58,0";"";"";"";"1014,7";"1014,9";"1014,7";"2,1";"193,0";"5,2";"2255,60";"0,0"
"14/05/2025";"1500";"";"";"";"52,0";"67,0";"49,0";"";"";"";"1013,8";"1015,8";"1013,8";"1,6";"182,0";"5,2";"2618,50";"0,0"
"14/05/2025";"1600";"";"";"";"51,0";"58,0";"50,0";"";"";"";"1013,2";"1013,9";"1013,2";"1,4";"166,0";"5,4";"2524,80";"0,0"
"14/05/2025";"1700";"";"";"";"53,0";"55,0";"49,0";"";"";"";"1012,5";"1013,2";"1012,5";"1,5";"201,0";"5,7";"2249,00";"0,0"
"14/05/2025";"1800";"";"";"";"51,0";"55,0";"49,0";"";"";"";"1010,9";"1012,7";"1010,8";"1,3";"162,0";"5,0";"1705,00";"0,0"
"14/05/2025";"1900";"";"";"";"54,0";"54,0";"50,0";"";"";"";"1011,6";"1011,6";"1010,9";"2,0";"192,0";"6,5";"1156,50";"0,0"
"14/05/2025";"2000";"";"";"";"58,0";"59,0";"53,0";"";"";"";"1012,3";"1012,3";"1011,6";"1,7";"186,0";"5,0";"411,70";"0,0"
"14/05/2025";"2100";"";"";"";"61,0";"62,0";"58,0";"";"";"";"1012,9";"1012,9";"1012,3";"1,7";"189,0";"4,8";"10,70";"0,0"
"14/05/2025";"2200";"";"";"";"59,0";"63,0";"58,0";"";"";"";"1013,4";"1013,4";"1012,9";"1,3";"202,0";"4,8";"";"0,0"
"14/05/2025";"2300";"";"";"";"64,0";"65,0";"59,0";"";"";"";"1014,0";"1014,0";"1013,4";"1,4";"199,0";"5,0";"";"0,0"
"15/05/2025";"0000";"";"";"";"65,0";"67,0";"64,0";"";"";"";"1014,4";"1014,5";"1014,0";"1,7";"196,0";"3,6";"";"0,0"
"15/05/2025";"0100";"";"";"";"68,0";"69,0";"64,0";"";"";"";"1014,8";"1014,8";"1014,4";"1,3";"205,0";"4,4";"";"0,0"
"15/05/2025";"0200";"";"";"";"68,0";"69,0";"65,0";"";"";"";"1015,1";"1015,1";"1014,7";"0,9";"206,0";"3,2";"";"0,0"
"15/05/2025";"0300";"";"";"";"70,0";"70,0";"66,0";"";"";"";"1014,7";"1015,1";"1014,6";"0,9";"276,0";"3,5";"";"0,0"
"15/05/2025";"0400";"";"";"";"68,0";"73,0";"68,0";"";"";"";"1014,2";"1014,7";"1014,2";"1,6";"208,0";"3,6";"";"0,0"
"15/05/2025";"0500";"";"";"";"70,0";"71,0";"68,0";"";"";"";"1013,6";"1014,2";"1013,4";"0,9";"262,0";"3,2";"";"0,0"
"15/05/2025";"0600";"";"";"";"71,0";"73,0";"68,0";"";"";"";"1013,2";"1013,6";"1013,2";"1,0";"273,0";"5,0";"";"0,0"
"15/05/2025";"0700";"";"";"";"66,0";"71,0";"66,0";"";"";"";"1012,9";"1013,2";"1012,9";"1,1";"269,0";"3,1";"";"0,0"
"15/05/2025";"0800";"";"";"";"65,0";"66,0";"63,0";"";"";"";"1013,3";"1013,3";"1012,9";"0,9";"256,0";"4,0";"";"0,0"
"15/05/2025";"0900";"";"";"";"67,0";"67,0";"64,0";"";"";"";"1013,6";"1013,7";"1013,2";"1,1";"283,0";"3,2";"4,00";"0,0"
"15/05/2025";"1000";"";"";"";"59,0";"67,0";"58,0";"";"";"";"1014,2";"1014,2";"1013,6";"1,1";"251,0";"3,4";"405,00";"0,0"
"15/05/2025";"1100";"";"";"";"57,0";"61,0";"55,0";"";"";"";"1014,8";"1014,8";"1014,2";"1,1";"267,0";"4,7";"1078,00";"0,0"
"15/05/2025";"1200";"";"";"";"50,0";"57,0";"49,0";"";"";"";"1015,2";"1015,2";"1014,8";"1,2";"130,0";"4,3";"1783,80";"0,0"
"15/05/2025";"1300";"";"";"";"53,0";"57,0";"48,0";"";"";"";"1015,0";"1015,6";"1014,8";"1,3";"220,0";"4,6";"1949,50";"0,0"
"15/05/2025";"1400";"";"";"";"53,0";"56,0";"50,0";"";"";"";"1014,6";"1015,8";"1014,3";"1,1";"8,0";"5,7";"2371,60";"0,0"
"15/05/2025";"1500";"";"";"";"52,0";"58,0";"49,0";"";"";"";"1013,9";"1015,1";"1013,8";"1,6";"61,0";"5,6";"2273,30";"0,0"
"15/05/2025";"1600";"";"";"";"53,0";"57,0";"48,0";"";"";"";"1013,2";"1013,9";"1013,1";"1,6";"120,0";"6,1";"2537,90";"0,0"
"15/05/2025";"1700";"";"";"";"54,0";"58,0";"49,0";"";"";"";"1012,8";"1015,9";"1012,6";"1,4";"348,0";"6,1";"2104,70";"0,0"
"15/05/2025";"1800";"";"";"";"53,0";"55,0";"49,0";"";"";"";"1012,5";"1012,9";"1012,3";"1,1";"284,0";"4,4";"1656,00";"0,0"
"15/05/2025";"1900";"";"";"";"";"";"";"";"";"";"";"";"";"";"";"";"";""
"15/05/2025";"2000";"";"";"";"61,0";"61,0";"52,0";"";"";"";"1013,0";"1013,0";"1012,6";"0,7";"332,0";"3,9";"361,90";"0,0"
"15/05/2025";"2100";"";"";"";"62,0";"62,0";"59,0";"";"";"";"1013,4";"1017,3";"1012,8";"1,2";"199,0";"3,3";"9,10";"0,0"
"15/05/2025";"2200";"";"";"";"72,0";"72,0";"61,0";"";"";"";"1013,8";"1013,8";"1013,3";"3,3";"87,0";"6,6";"";"0,0"
"15/05/2025";"2300";"";"";"";"76,0";"78,0";"71,0";"";"";"";"1014,2";"1014,2";"1013,5";"0,5";"313,0";"6,6";"";"0,0"
"16/05/2025";"0000";"";"";"";"71,0";"77,0";"69,0";"";"";"";"1014,0";"1018,0";"1013,4";"1,6";"206,0";"3,5";"";"0,0"
"16/05/2025";"0100";"";"";"";"67,0";"73,0";"66,0";"";"";"";"1016,0";"1022,6";"1013,8";"1,1";"256,0";"3,5";"";"0,0"
"16/05/2025";"0200";"";"";"";"71,0";"72,0";"66,0";"";"";"";"1016,2";"1019,2";"1013,8";"0,8";"268,0";"3,8";"";"0,0"
"16/05/2025";"0300";"";"";"";"78,0";"78,0";"68,0";"";"";"";"1014,0";"1016,3";"1013,6";"0,5";"37,0";"5,5";"";"0,0"
"16/05/2025";"0400";"";"";"";"68,0";"80,0";"66,0";"";"";"";"1013,9";"1014,1";"1013,8";"1,8";"87,0";"4,8";"";"0,0"
"16/05/2025";"0500";"";"";"";"83,0";"83,0";"67,0";"";"";"";"1013,3";"1015,0";"1013,2";"0,8";"227,0";"3,8";"";"0,6"
"16/05/2025";"0600";"";"";"";"72,0";"85,0";"71,0";"";"";"";"1012,9";"1014,2";"1012,7";"1,2";"356,0";"4,9";"";"0,0"
"16/05/2025";"0700";"";"";"";"67,0";"74,0";"67,0";"";"";"";"1012,2";"1014,3";"1012,2";"1,1";"14,0";"5,3";"";"0,0"
"16/05/2025";"0800";"";"";"";"69,0";"70,0";"66,0";"";"";"";"1012,9";"1016,7";"1012,2";"1,1";"8,0";"5,5";"";"0,0"
"16/05/2025";"0900";"";"";"";"67,0";"70,0";"66,0";"";"";"";"1013,8";"1014,2";"1012,9";"1,2";"313,0";"5,6";"3,80";"0,0"
"16/05/2025";"1000";"";"";"";"63,0";"70,0";"62,0";"";"";"";"1013,4";"1014,6";"1013,2";"1,3";"288,0";"3,5";"403,00";"0,0"
"16/05/2025";"1100";"";"";"";"59,0";"63,0";"58,0";"";"";"";"1014,5";"1014,7";"1013,2";"1,3";"233,0";"4,0";"1078,70";"0,0"
"16/05/2025";"1200";"";"";"";"57,0";"63,0";"56,0";"";"";"";"1015,1";"1015,2";"1014,5";"1,2";"30,0";"5,0";"1343,10";"0,0"
"16/05/2025";"1300";"";"";"";"56,0";"63,0";"55,0";"";"";"";"1015,2";"1015,4";"1014,8";"2,3";"77,0";"6,9";"1900,90";"0,0"
"16/05/2025";"1400";"";"";"";"56,0";"61,0";"54,0";"";"";"";"1015,2";"1016,2";"1014,9";"1,7";"97,0";"6,5";"2113,80";"0,0"
"16/05/2025";"1500";"";"";"";"58,0";"59,0";"52,0";"";"";"";"1014,5";"1015,2";"1014,5";"1,5";"84,0";"5,7";"2631,20";"0,0"
"16/05/2025";"1600";"";"";"";"58,0";"61,0";"53,0";"";"";"";"1014,1";"1014,5";"1013,9";"2,7";"72,0";"5,9";"2302,10";"0,0"
"16/05/2025";"1700";"";"";"";"55,0";"61,0";"54,0";"";"";"";"1012,2";"1016,4";"1012,1";"1,3";"92,0";"6,2";"2006,60";"0,0"
"16/05/2025";"1800";"";"";"";"61,0";"62,0";"53,0";"";"";"";"1012,2";"1012,2";"1011,9";"1,1";"143,0";"3,9";"1269,40";"0,0"
"16/05/2025";"1900";"";"";"";"63,0";"63,0";"56,0";"";"";"";"1013,0";"1013,7";"1012,0";"0,9";"311,0";"3,5";"831,80";"0,0"
"16/05/2025";"2000";"";"";"";"66,0";"66,0";"61,0";"";"";"";"1012,9";"1013,2";"1012,7";"0,9";"283,0";"4,4";"239,50";"0,0"
"16/05/2025";"2100";"";"";"";"66,0";"68,0";"65,0";"";"";"";"1013,0";"1015,2";"1012,5";"0,8";"6,0";"2,9";"8,00";"0,0"
"16/05/2025";"2200";"";"";"";"69,0";"69,0";"66,0";"";"";"";"1013,4";"1014,0";"1013,0";"0,8";"346,0";"2,9";"";"0,0"
"16/05/2025";"2300";"";"";"";"81,0";"81,0";"69,0";"";"";"";"1014,1";"1014,1";"1013,4";"0,9";"304,0";"5,5";"";"0,4"
"17/05/2025";"0000";"";"";"";"77,0";"81,0";"73,0";"";"";"";"1014,1";"1014,2";"1013,7";"0,7";"310,0";"4,0";"";"0,0"
"17/05/2025";"0100";"";"";"";"85,0";"86,0";"77,0";"";"";"";"1014,4";"1014,4";"1013,9";"1,0";"359,0";"6,3";"";"4,2"
"17/05/2025";"0200";"";"";"";"85,0";"86,0";"82,0";"";"";"";"1014,0";"1016,2";"1013,8";"1,1";"320,0";"10,6";"";"2,4"
"17/05/2025";"0300";"";"";"";"74,0";"85,0";"73,0";"";"";"";"1014,1";"1015,5";"1013,8";"2,0";"85,0";"6,7";"";"0,0"
"17/05/2025";"0400";"";"";"";"75,0";"76,0";"72,0";"";"";"";"1013,8";"1014,2";"1013,8";"1,5";"78,0";"5,4";"";"0,0"
"17/05/2025";"0500";"";"";"";"81,0";"81,0";"73,0";"";"";"";"1013,7";"1013,8";"1013,4";"1,8";"69,0";"7,3";"";"0,4"
"17/05/2025";"0600";"";"";"";"88,0";"88,0";"75,0";"";"";"";"1013,2";"1013,7";"1013,0";"2,3";"254,0";"10,1";"";"2,6"
"17/05/2025";"0700";"";"";"";"88,0";"89,0";"88,0";"";"";"";"1013,2";"1013,7";"1012,9";"1,0";"286,0";"7,9";"";"2,0"
"17/05/2025";"0800";"";"";"";"80,0";"89,0";"80,0";"";"";"";"1014,0";"1014,0";"1013,2";"1,0";"281,0";"3,9";"";"0,0"
"17/05/2025";"0900";"";"";"";"81,0";"82,0";"77,0";"";"";"";"1014,1";"1014,1";"1013,6";"1,0";"284,0";"3,1";"3,50";"0,2"
"17/05/2025";"1000";"";"";"";"72,0";"83,0";"69,0";"";"";"";"1014,3";"1017,4";"1014,0";"1,2";"289,0";"3,8";"260,10";"0,0"
"17/05/2025";"1100";"";"";"";"65,0";"73,0";"64,0";"";"";"";"1014,5";"1016,3";"1013,7";"1,2";"263,0";"3,7";"941,30";"0,0"
"17/05/2025";"1200";"";"";"";"65,0";"70,0";"64,0";"";"";"";"1015,9";"1015,9";"1014,5";"1,3";"319,0";"4,1";"1134,30";"0,0"
"17/05/2025";"1300";"";"";"";"60,0";"68,0";"58,0";"";"";"";"1016,0";"1016,1";"1015,9";"1,3";"275,0";"5,7";"1880,00";"0,0"
"17/05/2025";"1400";"";"";"";"65,0";"66,0";"58,0";"";"";"";"1015,3";"1016,0";"1015,3";"1,5";"310,0";"5,7";"1859,50";"0,0"
"17/05/2025";"1500";"";"";"";"60,0";"67,0";"58,0";"";"";"";"1014,6";"1015,5";"1014,5";"1,9";"192,0";"5,2";"2117,40";"0,0"
"17/05/2025";"1600";"";"";"";"54,0";"63,0";"53,0";"";"";"";"1014,1";"1014,7";"1014,1";"2,5";"196,0";"6,6";"1739,90";"0,0"
"17/05/2025";"1700";"";"";"";"54,0";"58,0";"52,0";"";"";"";"1013,7";"1014,1";"1013,4";"2,1";"204,0";"7,2";"1493,30";"0,0"
"17/05/2025";"1800";"";"";"";"57,0";"57,0";"52,0";"";"";"";"1013,1";"1013,7";"1012,7";"1,9";"209,0";"7,0";"857,10";"0,0"
"17/05/2025";"1900";"";"";"";"60,0";"61,0";"56,0";"";"";"";"1012,5";"1013,3";"1012,2";"1,8";"222,0";"6,2";"674,10";"0,0"
"17/05/2025";"2000";"";"";"";"59,0";"61,0";"58,0";"";"";"";"1013,0";"1013,0";"1012,3";"1,1";"280,0";"5,7";"236,00";"0,0"
"17/05/2025";"2100";"";"";"";"64,0";"65,0";"59,0";"";"";"";"1013,5";"1013,5";"1012,6";"1,4";"204,0";"4,5";"10,50";"0,0"
"17/05/2025";"2200";"";"";"";"66,0";"67,0";"64,0";"";"";"";"1013,8";"1014,2";"1013,4";"1,3";"273,0";"5,7";"";"0,0"
"17/05/2025";"2300";"";"";"";"65,0";"68,0";"65,0";"";"";"";"1014,4";"1014,4";"1013,8";"1,5";"247,0";"4,3";"";"0,0"
"18/05/2025";"0000";"";"";"";"66,0";"67,0";"64,0";"";"";"";"1014,7";"1014,7";"1014,4";"1,7";"248,0";"4,6";"";"0,0"
"18/05/2025";"0100";"";"";"";"68,0";"69,0";"65,0";"";"";"";"1014,5";"1014,8";"1014,4";"1,6";"310,0";"4,6";"";"0,0"
"18/05/2025";"0200";"";"";"";"70,0";"72,0";"65,0";"";"";"";"1014,7";"1014,8";"1014,3";"2,6";"205,0";"7,4";"";"0,0"
"18/05/2025";"0300";"";"";"";"64,0";"70,0";"63,0";"";"";"";"1013,9";"1014,8";"1013,5";"1,6";"219,0";"6,5";"";"0,0"
"18/05/2025";"0400";"";"";"";"62,0";"64,0";"61,0";"";"";"";"1014,0";"1014,2";"1013,9";"1,6";"244,0";"6,5";"";"0,0"
"18/05/2025";"0500";"";"";"";"60,0";"64,0";"59,0";"";"";"";"1013,0";"1014,6";"1013,0";"1,4";"297,0";"5,1";"";"0,0"
"18/05/2025";"0600";"";"";"";"64,0";"65,0";"60,0";"";"";"";"1012,7";"1018,1";"1012,4";"1,0";"267,0";"3,8";"";"0,0"
"18/05/2025";"0700";"";"";"";"64,0";"64,0";"62,0";"";"";"";"1012,4";"1012,7";"1012,0";"1,2";"278,0";"4,4";"";"0,0"
"18/05/2025";"0800";"";"";"";"68,0";"68,0";"64,0";"";"";"";"1013,1";"1013,3";"1012,4";"1,2";"279,0";"4,1";"";"0,0"
"18/05/2025";"0900";"";"";"";"67,0";"68,0";"66,0";"";"";"";"1013,8";"1014,0";"1013,1";"1,6";"239,0";"3,8";"1,30";"0,0"
"18/05/2025";"1000";"";"";"";"60,0";"67,0";"60,0";"";"";"";"1014,4";"1014,4";"1013,8";"1,1";"311,0";"4,7";"388,80";"0,0"
"18/05/2025";"1100";"";"";"";"57,0";"61,0";"55,0";"";"";"";"1015,4";"1015,4";"1014,4";"1,4";"34,0";"4,5";"975,10";"0,0"
"18/05/2025";"1200";"";"";"";"51,0";"59,0";"50,0";"";"";"";"1015,5";"1015,7";"1015,1";"1,4";"321,0";"4,5";"1693,70";"0,0"
"18/05/2025";"1300";"";"";"";"50,0";"55,0";"48,0";"";"";"";"1015,9";"1015,9";"1015,4";"1,3";"335,0";"4,1";"1988,50";"0,0"
"18/05/2025";"1400";"";"";"";"50,0";"52,0";"47,0";"";"";"";"1015,6";"1015,9";"1015,5";"1,2";"41,0";"5,4";"2445,10";"0,0"
"18/05/2025";"1500";"";"";"";"49,0";"54,0";"47,0";"";"";"";"1014,9";"1015,6";"1014,9";"1,2";"346,0";"4,5";"2522,90";"0,0"
"18/05/2025";"1600";"";"";"";"52,0";"56,0";"47,0";"";"";"";"1014,2";"1015,1";"1014,2";"1,7";"62,0";"6,2";"2433,40";"0,0"
"18/05/2025";"1700";"";"";"";"51,0";"56,0";"49,0";"";"";"";"1013,8";"1014,2";"1013,8";"2,0";"193,0";"6,2";"1979,30";"0,0"
"18/05/2025";"1800";"";"";"";"56,0";"57,0";"51,0";"";"";"";"1013,5";"1013,8";"1013,5";"1,2";"261,0";"5,6";"1640,10";"0,0"
"18/05/2025";"1900";"";"";"";"60,0";"61,0";"52,0";"";"";"";"1013,3";"1013,6";"1013,0";"1,0";"250,0";"4,3";"840,10";"0,0"
"18/05/2025";"2000";"";"";"";"63,0";"64,0";"57,0";"";"";"";"1013,6";"1013,8";"1013,0";"1,0";"305,0";"4,0";"340,50";"0,0"
"18/05/2025";"2100";"";"";"";"67,0";"67,0";"63,0";"";"";"";"1014,2";"1014,2";"1013,6";"0,9";"292,0";"4,2";"8,80";"0,0"
"18/05/2025";"2200";"";"";"";"67,0";"68,0";"65,0";"";"";"";"1014,2";"1014,6";"1013,9";"1,2";"317,0";"3,3";"";"0,0"
"18/05/2025";"2300";"";"";"";"66,0";"68,0";"65,0";"";"";"";"1015,1";"1017,4";"1014,1";"1,2";"295,0";"4,3";"";"0,0"
"19/05/2025";"0000";"";"";"";"64,0";"72,0";"64,0";"";"";"";"1015,6";"1015,6";"1015,1";"1,4";"320,0";"4,0";"";"0,0"
"19/05/2025";"0100";"";"";"";"68,0";"72,0";"62,0";"";"";"";"1015,7";"1015,8";"1015,5";"0,8";"320,0";"7,8";"";"0,0"
"19/05/2025";"0200";"";"";"";"73,0";"74,0";"68,0";"";"";"";"1015,4";"1015,7";"1015,3";"2,2";"213,0";"5,6";"";"0,0"
"19/05/2025";"0300";"";"";"";"74,0";"75,0";"73,0";"";"";"";"1015,3";"1015,5";"1015,1";"2,6";"198,0";"6,3";"";"0,0"
"19/05/2025";"0400";"";"";"";"76,0";"76,0";"73,0";"";"";"";"1015,0";"1015,4";"1015,0";"2,7";"195,0";"7,1";"";"0,0"
"19/05/2025";"0500";"";"";"";"66,0";"77,0";"65,0";"";"";"";"1014,4";"1015,0";"1014,4";"2,3";"205,0";"6,5";"";"0,0"
"19/05/2025";"0600";"";"";"";"64,0";"66,0";"62,0";"";"";"";"1013,9";"1014,4";"1013,8";"2,2";"211,0";"6,5";"";"0,0"
"19/05/2025";"0700";"";"";"";"62,0";"65,0";"61,0";"";"";"";"1013,8";"1014,0";"1013,8";"2,6";"201,0";"6,5";"";"0,0"
"19/05/2025";"0800";"";"";"";"61,0";"64,0";"60,0";"";"";"";"1014,0";"1014,0";"1013,4";"2,5";"200,0";"6,8";"";"0,0"
"19/05/2025";"0900";"";"";"";"61,0";"62,0";"59,0";"";"";"";"1014,6";"1014,6";"1014,0";"2,0";"201,0";"6,6";"7,80";"0,0"
"19/05/2025";"1000";"";"";"";"65,0";"65,0";"60,0";"";"";"";"1014,9";"1014,9";"1014,4";"2,7";"197,0";"5,9";"144,20";"0,0"
"19/05/2025";"1100";"";"";"";"62,0";"65,0";"61,0";"";"";"";"1015,8";"1015,8";"1014,9";"2,3";"204,0";"8,3";"542,10";"0,0"
"19/05/2025";"1200";"";"";"";"60,0";"64,0";"55,0";"";"";"";"1016,3";"1016,3";"1015,8";"2,0";"202,0";"6,5";"1488,20";"0,0"
"19/05/2025";"1300";"";"";"";"54,0";"62,0";"53,0";"";"";"";"1016,3";"1016,5";"1016,2";"1,9";"190,0";"6,2";"1602,40";"0,0"
"19/05/2025";"1400";"";"";"";"52,0";"56,0";"51,0";"";"";"";"1015,6";"1016,3";"1015,6";"2,0";"189,0";"7,4";"2434,50";"0,0"
"19/05/2025";"1500";"";"";"";"52,0";"55,0";"50,0";"";"";"";"1014,9";"1016,1";"1014,8";"2,1";"182,0";"7,8";"2558,10";"0,0"
"19/05/2025";"1600";"";"";"";"54,0";"58,0";"51,0";"";"";"";"1013,4";"1014,9";"1013,3";"2,8";"187,0";"6,5";"2201,00";"0,0"
"19/05/2025";"1700";"";"";"";"55,0";"57,0";"50,0";"";"";"";"1013,1";"1013,5";"1012,9";"2,7";"190,0";"7,7";"2197,40";"0,0"
"19/05/2025";"1800";"";"";"";"58,0";"59,0";"55,0";"";"";"";"1012,9";"1013,1";"1012,9";"2,5";"189,0";"7,7";"1724,80";"0,0"
"19/05/2025";"1900";"";"";"";"76,0";"76,0";"57,0";"";"";"";"1014,1";"1014,1";"1012,8";"2,6";"197,0";"8,0";"644,20";"0,8"
"19/05/2025";"2000";"";"";"";"70,0";"80,0";"68,0";"";"";"";"1013,4";"1014,1";"1013,0";"1,7";"204,0";"5,3";"126,50";"0,0"
"19/05/2025";"2100";"";"";"";"70,0";"71,0";"68,0";"";"";"";"1013,7";"1013,7";"1013,4";"1,7";"199,0";"5,4";"8,00";"0,0"
"19/05/2025";"2200";"";"";"";"70,0";"73,0";"66,0";"";"";"";"1014,0";"1015,1";"1013,7";"1,2";"272,0";"5,4";"";"0,0"
"19/05/2025";"2300";"";"";"";"76,0";"76,0";"69,0";"";"";"";"1014,5";"1014,5";"1014,0";"1,1";"236,0";"4,0";"";"0,0"
"20/05/2025";"0000";"";"";"";"69,0";"76,0";"69,0";"";"";"";"1014,9";"1014,9";"1014,5";"1,4";"287,0";"3,0";"";"0,0"
"20/05/2025";"0100";"";"";"";"70,0";"72,0";"68,0";"";"";"";"1015,0";"1015,0";"1013,9";"1,5";"34,0";"5,4";"";"0,0"
"20/05/2025";"0200";"";"";"";"71,0";"72,0";"70,0";"";"";"";"1015,0";"1015,6";"1015,0";"1,4";"53,0";"5,4";"";"0,0"
"20/05/2025";"0300";"";"";"";"70,0";"73,0";"70,0";"";"";"";"1014,1";"1015,0";"1014,1";"1,2";"254,0";"3,9";"";"0,0"
"20/05/2025";"0400";"";"";"";"74,0";"76,0";"69,0";"";"";"";"1014,1";"1014,4";"1014,1";"1,8";"321,0";"7,8";"";"0,0"
"20/05/2025";"0500";"";"";"";"74,0";"74,0";"66,0";"";"";"";"1013,2";"1014,1";"1013,2";"1,8";"207,0";"6,6";"";"0,0"
"20/05/2025";"0600";"";"";"";"67,0";"74,0";"66,0";"";"";"";"1012,6";"1013,2";"1012,6";"1,2";"218,0";"6,1";"";"0,0"
"20/05/2025";"0700";"";"";"";"63,0";"72,0";"63,0";"";"";"";"1012,9";"1014,0";"1012,5";"2,0";"198,0";"4,7";"";"0,0"
"20/05/2025";"0800";"";"";"";"69,0";"74,0";"63,0";"";"";"";"1013,2";"1013,2";"1012,7";"1,6";"203,0";"5,5";"";"0,0"
"20/05/2025";"0900";"";"";"";"84,0";"84,0";"66,0";"";"";"";"1014,5";"1014,5";"1013,2";"1,5";"233,0";"6,0";"";"2,4"
"20/05/2025";"1000";"";"";"";"90,0";"90,0";"84,0";"";"";"";"1014,7";"1014,9";"1014,5";"1,9";"212,0";"5,5";"79,00";"7,4"
"20/05/2025";"1100";"";"";"";"88,0";"90,0";"88,0";"";"";"";"1015,0";"1016,3";"1014,6";"1,6";"239,0";"4,6";"482,00";"0,0"
"20/05/2025";"1200";"";"";"";"89,0";"89,0";"86,0";"";"";"";"1015,8";"1015,9";"1015,0";"1,5";"153,0";"7,8";"203,80";"3,2"
"20/05/2025";"1300";"";"";"";"91,0";"91,0";"88,0";"";"";"";"1015,8";"1016,1";"1015,8";"2,2";"83,0";"9,5";"264,70";"11,8"
"20/05/2025";"1400";"";"";"";"89,0";"92,0";"89,0";"";"";"";"1014,9";"1015,8";"1014,9";"0,7";"261,0";"5,1";"1091,70";"0,6"
"20/05/2025";"1500";"";"";"";"92,0";"92,0";"86,0";"";"";"";"1014,4";"1015,1";"1014,3";"3,3";"83,0";"9,3";"221,10";"27,0"
"20/05/2025";"1600";"";"";"";"91,0";"92,0";"91,0";"";"";"";"1013,6";"1014,4";"1013,6";"2,8";"90,0";"9,1";"507,70";"8,8"
"20/05/2025";"1700";"";"";"";"87,0";"91,0";"86,0";"";"";"";"1012,9";"1013,6";"1012,8";"1,5";"199,0";"5,9";"735,20";"0,2"
"20/05/2025";"1800";"";"";"";"89,0";"89,0";"85,0";"";"";"";"1013,0";"1013,1";"1012,8";"1,1";"221,0";"4,9";"262,30";"2,4"
"20/05/2025";"1900";"";"";"";"86,0";"90,0";"86,0";"";"";"";"1012,9";"1014,2";"1012,5";"1,1";"263,0";"5,2";"226,30";"0,2"
"20/05/2025";"2000";"";"";"";"80,0";"86,0";"80,0";"";"";"";"1013,5";"1013,5";"1012,9";"1,0";"203,0";"2,9";"105,10";"0,0"
"20/05/2025";"2100";"";"";"";"86,0";"88,0";"80,0";"";"";"";"1013,9";"1014,0";"1013,5";"3,4";"72,0";"7,2";"0,50";"0,0"
"20/05/2025";"2200";"";"";"";"90,0";"91,0";"86,0";"";"";"";"1014,5";"1014,5";"1013,9";"1,3";"140,0";"8,7";"";"3,6"
"20/05/2025";"2300";"";"";"";"91,0";"91,0";"89,0";"";"";"";"1014,7";"1014,8";"1014,5";"6,0";"88,0";"13,4";"";"6,6"
"21/05/2025";"0000";"";"";"";"89,0";"91,0";"89,0";"";"";"";"1015,1";"1015,2";"1014,7";"1,6";"82,0";"13,4";"";"3,6"
"21/05/2025";"0100";"";"";"";"91,0";"91,0";"89,0";"";"";"";"1015,3";"1015,4";"1015,1";"1,1";"214,0";"3,2";"";"0,2"
"21/05/2025";"0200";"";"";"";"91,0";"91,0";"91,0";"";"";"";"1015,2";"1015,4";"1015,1";"1,6";"32,0";"6,1";"";"6,2"
"21/05/2025";"0300";"";"";"";"92,0";"92,0";"91,0";"";"";"";"1015,0";"1015,3";"1015,0";"2,9";"71,0";"8,0";"";"16,2"
"21/05/2025";"0400";"";"";"";"92,0";"92,0";"92,0";"";"";"";"1014,2";"1015,0";"1014,2";"1,1";"188,0";"5,7";"";"3,6"
"21/05/2025";"0500";"";"";"";"92,0";"92,0";"92,0";"";"";"";"1013,9";"1014,2";"1013,7";"1,5";"21,0";"3,4";"";"0,2"
"21/05/2025";"0600";"";"";"";"92,0";"92,0";"92,0";"";"";"";"1013,9";"1014,4";"1013,5";"1,6";"16,0";"3,5";"";"2,0"
"21/05/2025";"0700";"";"";"";"92,0";"92,0";"92,0";"";"";"";"1013,7";"1013,9";"1013,6";"1,0";"284,0";"4,1";"";"1,4"
"21/05/2025";"0800";"";"";"";"92,0";"92,0";"92,0";"";"";"";"1014,0";"1014,0";"1013,6";"0,4";"282,0";"3,6";"";"1,0"
"21/05/2025";"0900";"";"";"";"92,0";"92,0";"92,0";"";"";"";"1014,5";"1014,5";"1014,0";"1,2";"245,0";"2,4";"";"0,0"
"21/05/2025";"1000";"";"";"";"92,0";"92,0";"92,0";"";"";"";"1015,1";"1015,1";"1014,5";"1,9";"246,0";"4,1";"187,10";"1,0"
"21/05/2025";"1100";"";"";"";"91,0";"92,0";"91,0";"";"";"";"1015,6";"1015,6";"1015,1";"2,2";"243,0";"4,4";"467,80";"0,4"
"21/05/2025";"1200";"";"";"";"90,0";"91,0";"89,0";"";"";"";"1016,3";"1017,7";"1015,4";"0,8";"12,0";"3,9";"351,20";"3,6"
"21/05/2025";"1300";"";"";"";"87,0";"91,0";"87,0";"";"";"";"1016,1";"1016,4";"1016,1";"1,3";"258,0";"3,0";"741,30";"0,6"
"21/05/2025";"1400";"";"";"";"80,0";"87,0";"79,0";"";"";"";"1015,6";"1016,1";"1015,6";"0,9";"279,0";"3,0";"1181,90";"0,0"
"21/05/2025";"1500";"";"";"";"69,0";"80,0";"69,0";"";"";"";"1015,0";"1016,2";"1014,9";"0,9";"307,0";"3,9";"1277,40";"0,0"
"21/05/2025";"1600";"";"";"";"62,0";"70,0";"60,0";"";"";"";"1014,1";"1015,0";"1014,1";"1,0";"36,0";"4,1";"1491,10";"0,0"
"21/05/2025";"1700";"";"";"";"63,0";"66,0";"58,0";"";"";"";"1013,6";"1014,2";"1013,6";"2,6";"90,0";"5,9";"1195,70";"0,0"
"21/05/2025";"1800";"";"";"";"65,0";"68,0";"59,0";"";"";"";"1013,3";"1013,6";"1013,3";"1,0";"203,0";"5,0";"671,10";"0,0"
"21/05/2025";"1900";"";"";"";"";"";"";"";"";"";"";"";"";"";"";"";"";""
"21/05/2025";"2000";"";"";"";"";"";"";"";"";"";"";"";"";"";"";"";"";""
"21/05/2025";"2100";"";"";"";"";"";"";"";"";"";"";"";"";"";"";"";"";""
"21/05/2025";"2200";"";"";"";"";"";"";"";"";"";"";"";"";"";"";"";"";""
"21/05/2025";"2300";"";"";"";"";"";"";"";"";"";"";"";"";"";"";"";"";""
"22/05/2025";"0000";"";"";"";"";"";"";"";"";"";"";"";"";"";"";"";"";""
"22/05/2025";"0100";"";"";"";"";"";"";"";"";"";"";"";"";"";"";"";"";""
"22/05/2025";"0200";"";"";"";"";"";"";"";"";"";"";"";"";"";"";"";"";""
"22/05/2025";"0300";"";"";"";"";"";"";"";"";"";"";"";"";"";"";"";"";""
"22/05/2025";"0400";"";"";"";"";"";"";"";"";"";"";"";"";"";"";"";"";""
"22/05/2025";"0500";"";"";"";"";"";"";"";"";"";"";"";"";"";"";"";"";""
"22/05/2025";"0600";"";"";"";"";"";"";"";"";"";"";"";"";"";"";"";"";""
"22/05/2025";"0700";"";"";"";"";"";"";"";"";"";"";"";"";"";"";"";"";""
"22/05/2025";"0800";"";"";"";"";"";"";"";"";"";"";"";"";"";"";"";"";""
"22/05/2025";"0900";"";"";"";"";"";"";"";"";"";"";"";"";"";"";"";"";""
"22/05/2025";"1000";"";"";"";"";"";"";"";"";"";"";"";"";"";"";"";"";""
"22/05/2025";"1100";"";"";"";"";"";"";"";"";"";"";"";"";"";"";"";"";""
"22/05/2025";"1200";"";"";"";"72,0";"89,0";"72,0";"";"";"";"1016,1";"1021,1";"1015,3";"1,6";"193,0";"5,9";"1067,00";"0,0"
"22/05/2025";"1300";"";"";"";"76,0";"77,0";"71,0";"";"";"";"1016,7";"1016,8";"1016,1";"2,6";"193,0";"7,4";"1056,00";"0,0"
"22/05/2025";"1400";"";"";"";"74,0";"81,0";"72,0";"";"";"";"1016,0";"1017,6";"1016,0";"1,7";"176,0";"7,4";"1021,30";"0,0"
"22/05/2025";"1500";"";"";"";"63,0";"74,0";"59,0";"";"";"";"1015,1";"1016,0";"1015,1";"1,6";"177,0";"4,9";"1273,70";"0,0"
"22/05/2025";"1600";"";"";"";"61,0";"68,0";"61,0";"";"";"";"1014,1";"1015,1";"1014,1";"2,3";"190,0";"7,0";"1122,40";"0,0"
"22/05/2025";"1700";"";"";"";"";"";"";"";"";"";"";"";"";"";"";"";"";""
"22/05/2025";"1800";"";"";"";"72,0";"77,0";"72,0";"";"";"";"1013,4";"1013,7";"1013,4";"1,3";"89,0";"4,3";"729,60";"0,0"
"22/05/2025";"1900";"";"";"";"64,0";"72,0";"63,0";"";"";"";"1013,7";"1013,7";"1013,4";"1,7";"197,0";"5,1";"682,60";"0,0"
"22/05/2025";"2000";"";"";"";"67,0";"67,0";"64,0";"";"";"";"1014,0";"1014,0";"1013,6";"1,7";"201,0";"6,0";"219,00";"0,0"
"22/05/2025";"2100";"";"";"";"68,0";"69,0";"64,0";"";"";"";"1014,4";"1014,4";"1013,9";"1,1";"203,0";"4,5";"9,40";"0,0"
"22/05/2025";"2200";"";"";"";"71,0";"72,0";"68,0";"";"";"";"1014,9";"1014,9";"1014,4";"1,0";"214,0";"2,8";"";"0,0"
"22/05/2025";"2300";"";"";"";"75,0";"75,0";"70,0";"";"";"";"1015,1";"1015,1";"1014,9";"0,9";"223,0";"2,1";"";"0,0"
"23/05/2025";"0000";"";"";"";"71,0";"76,0";"71,0";"";"";"";"1015,4";"1015,4";"1015,1";"0,9";"220,0";"2,9";"";"0,0"
"23/05/2025";"0100";"";"";"";"75,0";"75,0";"69,0";"";"";"";"1015,5";"1015,5";"1015,3";"0,5";"238,0";"3,3";"";"0,0"
"23/05/2025";"0200";"";"";"";"81,0";"81,0";"75,0";"";"";"";"1015,4";"1015,5";"1015,4";"0,7";"243,0";"1,7";"";"0,0"
"23/05/2025";"0300";"";"";"";"79,0";"84,0";"78,0";"";"";"";"1015,3";"1015,5";"1015,2";"1,3";"221,0";"2,4";"";"0,0"
"23/05/2025";"0400";"";"";"";"74,0";"79,0";"73,0";"";"";"";"1014,7";"1015,3";"1014,7";"1,0";"215,0";"2,3";"";"0,0"
"23/05/2025";"0500";"";"";"";"78,0";"78,0";"73,0";"";"";"";"1014,5";"1014,7";"1014,3";"0,9";"222,0";"1,8";"";"0,0"
"23/05/2025";"0600";"";"";"";"81,0";"81,0";"78,0";"";"";"";"1014,4";"1014,6";"1014,3";"1,3";"236,0";"2,0";"";"0,0"
"23/05/2025";"0700";"";"";"";"85,0";"85,0";"81,0";"";"";"";"1014,6";"1014,6";"1014,4";"0,9";"223,0";"2,4";"";"0,0"
"23/05/2025";"0800";"";"";"";"88,0";"88,0";"85,0";"";"";"";"1014,0";"1016,1";"1013,7";"1,1";"239,0";"1,8";"";"0,0"
"23/05/2025";"0900";"";"";"";"89,0";"89,0";"88,0";"";"";"";"1015,1";"1015,1";"1014,0";"0,7";"269,0";"2,0";"0,60";"0,0"
"23/05/2025";"1000";"";"";"";"83,0";"90,0";"83,0";"";"";"";"1015,7";"1016,2";"1015,1";"1,6";"258,0";"3,2";"504,30";"0,0"
"23/05/2025";"1100";"";"";"";"77,0";"83,0";"77,0";"";"";"";"1016,6";"1016,6";"1015,7";"2,3";"251,0";"3,7";"1061,40";"0,0"
"23/05/2025";"1200";"";"";"";"66,0";"78,0";"65,0";"";"";"";"1016,7";"1016,8";"1016,6";"1,6";"213,0";"4,3";"1675,20";"0,0"
"23/05/2025";"1300";"";"";"";"57,0";"70,0";"55,0";"";"";"";"1016,5";"1016,7";"1016,4";"1,2";"156,0";"4,6";"2039,20";"0,0"
"23/05/2025";"1400";"";"";"";"54,0";"64,0";"53,0";"";"";"";"1016,0";"1016,6";"1016,0";"1,2";"178,0";"4,0";"2229,90";"0,0"
"23/05/2025";"1500";"";"";"";"58,0";"59,0";"49,0";"";"";"";"1015,4";"1016,0";"1015,4";"1,4";"164,0";"3,7";"2532,40";"0,0"
"23/05/2025";"1600";"";"";"";"59,0";"62,0";"54,0";"";"";"";"1014,6";"1015,4";"1014,6";"1,6";"137,0";"4,5";"2468,80";"0,0"
"23/05/2025";"1700";"";"";"";"61,0";"64,0";"56,0";"";"";"";"1013,8";"1014,6";"1013,8";"1,7";"174,0";"5,2";"2184,40";"0,0"
"23/05/2025";"1800";"";"";"";"64,0";"64,0";"58,0";"";"";"";"1013,6";"1013,8";"1013,6";"2,5";"179,0";"6,5";"1710,50";"0,0"
"23/05/2025";"1900";"";"";"";"66,0";"67,0";"62,0";"";"";"";"1014,0";"1014,0";"1013,6";"1,7";"193,0";"7,4";"1151,10";"0,0"
"23/05/2025";"2000";"";"";"";"73,0";"73,0";"66,0";"";"";"";"1014,1";"1014,2";"1013,7";"2,2";"194,0";"5,7";"481,10";"0,0"
"23/05/2025";"2100";"";"";"";"74,0";"76,0";"71,0";"";"";"";"1014,6";"1014,6";"1014,1";"1,3";"205,0";"4,5";"7,80";"0,0"
"23/05/2025";"2200";"";"";"";"75,0";"77,0";"74,0";"";"";"";"1015,2";"1015,2";"1014,6";"1,0";"197,0";"4,2";"";"0,0"
"23/05/2025";"2300";"";"";"";"79,0";"80,0";"75,0";"";"";"";"1015,9";"1016,6";"1015,2";"1,2";"277,0";"3,6";"";"0,0"
"24/05/2025";"0000";"";"";"";"78,0";"80,0";"75,0";"";"";"";"1016,2";"1016,2";"1015,9";"1,2";"196,0";"4,0";"";"0,0"
"24/05/2025";"0100";"";"";"";"78,0";"79,0";"77,0";"";"";"";"1016,3";"1016,4";"1016,2";"1,0";"210,0";"3,1";"";"0,0"
"24/05/2025";"0200";"";"";"";"82,0";"82,0";"78,0";"";"";"";"1016,1";"1016,7";"1015,8";"1,5";"203,0";"3,4";"";"0,0"
"24/05/2025";"0300";"";"";"";"85,0";"85,0";"82,0";"";"";"";"1015,7";"1016,1";"1015,7";"1,6";"197,0";"4,8";"";"0,0"
"24/05/2025";"0400";"";"";"";"82,0";"86,0";"82,0";"";"";"";"1015,0";"1015,7";"1014,9";"1,4";"196,0";"4,1";"";"0,0"
"24/05/2025";"0500";"";"";"";"84,0";"84,0";"82,0";"";"";"";"1014,7";"1015,0";"1014,6";"1,1";"199,0";"3,9";"";"0,0"
"24/05/2025";"0600";"";"";"";"86,0";"86,0";"83,0";"";"";"";"1014,3";"1014,7";"1014,3";"0,7";"226,0";"3,1";"";"0,0"
"24/05/2025";"0700";"";"";"";"90,0";"90,0";"85,0";"";"";"";"1014,5";"1014,6";"1014,3";"1,2";"226,0";"4,9";"";"1,0"
"24/05/2025";"0800";"";"";"";"90,0";"90,0";"90,0";"";"";"";"1014,8";"1016,4";"1014,5";"1,5";"215,0";"3,9";"";"1,6"
"24/05/2025";"0900";"";"";"";"91,0";"91,0";"90,0";"";"";"";"1015,1";"1015,1";"1014,8";"1,5";"209,0";"5,2";"0,30";"2,8"
"24/05/2025";"1000";"";"";"";"91,0";"91,0";"90,0";"";"";"";"1015,9";"1015,9";"1015,1";"0,9";"247,0";"4,3";"63,10";"0,0"
"24/05/2025";"1100";"";"";"";"91,0";"91,0";"91,0";"";"";"";"1016,6";"1016,6";"1015,9";"0,8";"319,0";"2,1";"312,60";"0,4"
"24/05/2025";"1200";"";"";"";"89,0";"91,0";"89,0";"";"";"";"1016,8";"1016,8";"1016,6";"0,9";"232,0";"2,2";"636,60";"0,4"
"24/05/2025";"1300";"";"";"";"69,0";"89,0";"68,0";"";"";"";"1016,8";"1016,9";"1016,8";"1,8";"186,0";"3,8";"1116,10";"0,0"
"24/05/2025";"1400";"";"";"";"62,0";"70,0";"61,0";"";"";"";"1016,5";"1016,9";"1016,5";"1,1";"317,0";"5,3";"2137,70";"0,0"
"24/05/2025";"1500";"";"";"";"59,0";"66,0";"58,0";"";"";"";"1015,8";"1016,5";"1015,8";"1,0";"317,0";"4,7";"2334,60";"0,0"
"24/05/2025";"1600";"";"";"";"58,0";"65,0";"58,0";"";"";"";"1015,1";"1015,8";"1015,1";"1,3";"301,0";"5,1";"2358,30";"0,0"
"24/05/2025";"1700";"";"";"";"60,0";"64,0";"58,0";"";"";"";"1014,5";"1015,1";"1014,5";"1,2";"177,0";"5,2";"1996,50";"0,0"
"24/05/2025";"1800";"";"";"";"68,0";"71,0";"59,0";"";"";"";"1014,3";"1014,5";"1014,1";"1,9";"107,0";"5,2";"999,30";"0,0"
"24/05/2025";"1900";"";"";"";"84,0";"86,0";"68,0";"";"";"";"1014,5";"1014,6";"1014,3";"0,9";"212,0";"6,9";"225,40";"0,6"
"24/05/2025";"2000";"";"";"";"73,0";"84,0";"73,0";"";"";"";"1014,7";"1014,7";"1014,1";"1,8";"66,0";"4,6";"115,80";"0,0"
"24/05/2025";"2100";"";"";"";"70,0";"73,0";"69,0";"";"";"";"1015,2";"1015,2";"1014,5";"1,2";"351,0";"6,9";"3,70";"0,0"
"24/05/2025";"2200";"";"";"";"79,0";"80,0";"70,0";"";"";"";"1015,8";"1015,8";"1015,2";"3,2";"83,0";"7,6";"";"0,2"
"24/05/2025";"2300";"";"";"";"71,0";"79,0";"70,0";"";"";"";"1016,3";"1016,3";"1015,8";"1,1";"353,0";"7,6";"";"0,0"
"25/05/2025";"0000";"";"";"";"68,0";"73,0";"67,0";"";"";"";"1016,8";"1016,9";"1016,3";"1,0";"271,0";"3,6";"";"0,0"
"25/05/2025";"0100";"";"";"";"72,0";"77,0";"68,0";"";"";"";"1016,9";"1016,9";"1016,8";"1,0";"298,0";"6,0";"";"0,0"
"25/05/2025";"0200";"";"";"";"77,0";"80,0";"70,0";"";"";"";"1016,7";"1017,0";"1016,7";"0,9";"255,0";"5,4";"";"0,2"
"25/05/2025";"0300";"";"";"";"83,0";"83,0";"75,0";"";"";"";"1016,7";"1016,9";"1016,6";"1,5";"214,0";"9,3";"";"0,4"
"25/05/2025";"0400";"";"";"";"79,0";"84,0";"75,0";"";"";"";"1016,1";"1016,7";"1016,0";"1,8";"205,0";"7,1";"";"0,0"
"25/05/2025";"0500";"";"";"";"82,0";"82,0";"79,0";"";"";"";"1015,5";"1016,1";"1015,5";"1,3";"324,0";"4,9";"";"0,6"
"25/05/2025";"0600";"";"";"";"72,0";"84,0";"72,0";"";"";"";"1015,2";"1015,5";"1015,1";"1,4";"208,0";"3,5";"";"0,0"
"25/05/2025";"0700";"";"";"";"70,0";"73,0";"70,0";"";"";"";"1015,3";"1015,3";"1015,1";"1,4";"201,0";"3,4";"";"0,0"
"25/05/2025";"0800";"";"";"";"72,0";"74,0";"70,0";"";"";"";"1015,4";"1015,4";"1015,2";"0,9";"221,0";"3,6";"";"0,0"
"25/05/2025";"0900";"";"";"";"77,0";"77,0";"72,0";"";"";"";"1015,9";"1015,9";"1015,3";"1,4";"276,0";"3,9";"0,60";"0,0"
"25/05/2025";"1000";"";"";"";"75,0";"78,0";"71,0";"";"";"";"1016,7";"1016,7";"1015,9";"1,0";"334,0";"5,4";"185,20";"0,0"
"25/05/2025";"1100";"";"";"";"66,0";"76,0";"64,0";"";"";"";"1017,5";"1017,5";"1016,7";"1,1";"210,0";"3,8";"682,10";"0,0"
"25/05/2025";"1200";"";"";"";"61,0";"67,0";"61,0";"";"";"";"1017,9";"1017,9";"1017,5";"1,0";"312,0";"3,9";"936,60";"0,0"
"25/05/2025";"1300";"";"";"";"59,0";"65,0";"57,0";"";"";"";"1017,4";"1018,0";"1017,3";"1,2";"250,0";"4,1";"2130,50";"0,0"
"25/05/2025";"1400";"";"";"";"56,0";"62,0";"55,0";"";"";"";"1017,3";"1017,6";"1017,3";"1,9";"199,0";"4,9";"2454,20";"0,0"
"25/05/2025";"1500";"";"";"";"69,0";"76,0";"55,0";"";"";"";"1016,7";"1017,3";"1016,7";"2,7";"191,0";"8,9";"1667,00";"0,0"
"25/05/2025";"1600";"";"";"";"81,0";"81,0";"67,0";"";"";"";"1016,2";"1016,8";"1016,1";"1,6";"94,0";"7,1";"1082,40";"0,0"
"25/05/2025";"1700";"";"";"";"68,0";"84,0";"66,0";"";"";"";"1015,4";"1016,2";"1015,4";"1,2";"56,0";"3,7";"1114,10";"0,0"
"25/05/2025";"1800";"";"";"";"86,0";"86,0";"67,0";"";"";"";"1014,9";"1015,8";"1014,8";"1,9";"64,0";"6,2";"364,00";"2,0"
"25/05/2025";"1900";"";"";"";"75,0";"89,0";"75,0";"";"";"";"1015,4";"1015,4";"1014,9";"1,3";"210,0";"4,7";"210,10";"0,2"
"25/05/2025";"2000";"";"";"";"70,0";"75,0";"65,0";"";"";"";"1015,5";"1015,5";"1014,7";"1,3";"213,0";"4,9";"184,90";"0,2"
"25/05/2025";"2100";"";"";"";"67,0";"71,0";"67,0";"";"";"";"1015,8";"1016,0";"1015,5";"1,2";"212,0";"3,5";"5,60";"0,0"
"25/05/2025";"2200";"";"";"";"68,0";"71,0";"67,0";"";"";"";"1016,1";"1016,1";"1015,8";"1,4";"198,0";"4,2";"";"0,0"
"25/05/2025";"2300";"";"";"";"69,0";"69,0";"66,0";"";"";"";"1016,6";"1016,6";"1016,1";"1,4";"204,0";"3,6";"";"0,0"
"26/05/2025";"0000";"";"";"";"71,0";"72,0";"67,0";"";"";"";"1017,0";"1017,0";"1016,6";"1,0";"228,0";"3,6";"";"0,0"
"26/05/2025";"0100";"";"";"";"70,0";"71,0";"68,0";"";"";"";"1016,9";"1017,1";"1016,8";"1,1";"206,0";"3,0";"";"0,0"
"26/05/2025";"0200";"";"";"";"71,0";"71,0";"68,0";"";"";"";"1016,7";"1017,0";"1016,4";"1,0";"222,0";"3,2";"";"0,0"
"26/05/2025";"0300";"";"";"";"69,0";"72,0";"66,0";"";"";"";"1016,6";"1016,7";"1016,5";"1,6";"205,0";"4,1";"";"0,0"
"26/05/2025";"0400";"";"";"";"68,0";"70,0";"68,0";"";"";"";"1015,9";"1016,6";"1015,6";"1,4";"211,0";"4,5";"";"0,0"
"26/05/2025";"0500";"";"";"";"70,0";"73,0";"67,0";"";"";"";"1015,3";"1015,9";"1015,3";"1,6";"204,0";"3,9";"";"0,0"
"26/05/2025";"0600";"";"";"";"72,0";"73,0";"69,0";"";"";"";"1014,9";"1015,3";"1014,9";"1,7";"201,0";"4,8";"";"0,0"
"26/05/2025";"0700";"";"";"";"86,0";"86,0";"70,0";"";"";"";"1015,2";"1015,2";"1014,9";"2,5";"220,0";"7,2";"";"5,4"
"26/05/2025";"0800";"";"";"";"89,0";"89,0";"85,0";"";"";"";"1015,8";"1015,8";"1015,2";"1,3";"352,0";"4,9";"";"3,6"
"26/05/2025";"0900";"";"";"";"85,0";"91,0";"85,0";"";"";"";"1015,9";"1015,9";"1015,6";"1,5";"204,0";"3,5";"5,60";"0,4"
"26/05/2025";"1000";"";"";"";"79,0";"85,0";"79,0";"";"";"";"1016,5";"1016,5";"1015,9";"1,0";"236,0";"3,5";"172,40";"0,0"
"26/05/2025";"1100";"";"";"";"68,0";"79,0";"68,0";"";"";"";"1016,7";"1017,9";"1016,0";"1,7";"205,0";"5,3";"713,60";"0,0"
"26/05/2025";"1200";"";"";"";"61,0";"70,0";"57,0";"";"";"";"1017,6";"1017,6";"1016,1";"1,5";"262,0";"4,3";"1279,00";"0,0"
"26/05/2025";"1300";"";"";"";"58,0";"62,0";"53,0";"";"";"";"1018,0";"1018,0";"1017,5";"1,3";"289,0";"4,9";"2081,80";"0,0"
"26/05/2025";"1400";"";"";"";"53,0";"59,0";"52,0";"";"";"";"1017,7";"1018,1";"1017,7";"1,3";"137,0";"5,4";"2391,10";"0,0"
"26/05/2025";"1500";"";"";"";"55,0";"59,0";"52,0";"";"";"";"1016,9";"1017,7";"1016,9";"1,4";"100,0";"4,5";"2514,50";"0,0"
"26/05/2025";"1600";"";"";"";"55,0";"60,0";"53,0";"";"";"";"1016,0";"1016,9";"1016,0";"1,1";"211,0";"5,7";"2468,50";"0,0"
"26/05/2025";"1700";"";"";"";"56,0";"60,0";"52,0";"";"";"";"1015,4";"1016,0";"1015,4";"1,5";"129,0";"4,5";"2113,40";"0,0"
"26/05/2025";"1800";"";"";"";"57,0";"59,0";"55,0";"";"";"";"1015,1";"1015,4";"1015,0";"1,2";"188,0";"4,8";"1596,30";"0,0"
"26/05/2025";"1900";"";"";"";"59,0";"63,0";"56,0";"";"";"";"1014,9";"1015,1";"1014,9";"1,5";"182,0";"5,1";"935,10";"0,0"
"26/05/2025";"2000";"";"";"";"64,0";"65,0";"59,0";"";"";"";"1015,1";"1015,2";"1014,1";"1,3";"200,0";"4,2";"298,90";"0,0"
"26/05/2025";"2100";"";"";"";"67,0";"67,0";"64,0";"";"";"";"1015,4";"1015,4";"1015,1";"0,9";"204,0";"3,6";"6,40";"0,0"
"26/05/2025";"2200";"";"";"";"67,0";"69,0";"66,0";"";"";"";"1016,1";"1016,1";"1015,4";"1,2";"216,0";"3,0";"";"0,0"
"26/05/2025";"2300";"";"";"";"66,0";"69,0";"64,0";"";"";"";"1016,6";"1016,6";"1016,1";"1,2";"237,0";"2,9";"";"0,0"
"27/05/2025";"0000";"";"";"";"70,0";"70,0";"66,0";"";"";"";"1017,1";"1017,1";"1016,6";"0,8";"290,0";"3,4";"";"0,0"
"27/05/2025";"0100";"";"";"";"69,0";"71,0";"68,0";"";"";"";"1016,9";"1017,2";"1016,9";"1,0";"214,0";"3,6";"";"0,0"
"27/05/2025";"0200";"";"";"";"68,0";"70,0";"66,0";"";"";"";"1017,0";"1017,0";"1016,9";"1,3";"212,0";"3,6";"";"0,0"
"27/05/2025";"0300";"";"";"";"67,0";"70,0";"66,0";"";"";"";"1016,6";"1017,0";"1016,6";"1,2";"200,0";"4,0";"";"0,0"
"27/05/2025";"0400";"";"";"";"76,0";"79,0";"67,0";"";"";"";"1016,1";"1016,6";"1016,1";"1,2";"250,0";"4,7";"";"0,0"
"27/05/2025";"0500";"";"";"";"70,0";"76,0";"68,0";"";"";"";"1015,6";"1016,1";"1015,6";"1,0";"248,0";"3,7";"";"0,0"
"27/05/2025";"0600";"";"";"";"68,0";"73,0";"67,0";"";"";"";"1015,3";"1015,6";"1015,2";"1,0";"232,0";"2,9";"";"0,0"
"27/05/2025";"0700";"";"";"";"71,0";"73,0";"68,0";"";"";"";"1015,3";"1015,3";"1015,2";"0,8";"245,0";"2,4";"";"0,0"
"27/05/2025";"0800";"";"";"";"72,0";"80,0";"69,0";"";"";"";"1015,5";"1016,8";"1015,2";"0,9";"309,0";"4,3";"";"0,0"
"27/05/2025";"0900";"";"";"";"72,0";"75,0";"71,0";"";"";"";"1015,6";"1015,6";"1015,0";"0,7";"316,0";"2,4";"4,70";"0,0"
"27/05/2025";"1000";"";"";"";"71,0";"75,0";"70,0";"";"";"";"1015,8";"1017,0";"1015,3";"1,0";"255,0";"2,5";"207,60";"0,0"
"27/05/2025";"1100";"";"";"";"63,0";"71,0";"63,0";"";"";"";"1017,3";"1017,3";"1015,8";"1,1";"244,0";"2,9";"964,10";"0,0"
"27/05/2025";"1200";"";"";"";"60,0";"66,0";"60,0";"";"";"";"1017,9";"1017,9";"1017,3";"1,2";"43,0";"4,8";"1566,50";"0,0"
"27/05/2025";"1300";"";"";"";"56,0";"62,0";"55,0";"";"";"";"1018,0";"1018,1";"1017,9";"1,0";"238,0";"4,9";"2134,80";"0,0"
"27/05/2025";"1400";"";"";"";"56,0";"60,0";"54,0";"";"";"";"1017,5";"1018,0";"1017,5";"1,5";"91,0";"5,3";"2393,60";"0,0"
"27/05/2025";"1500";"";"";"";"56,0";"58,0";"52,0";"";"";"";"1016,9";"1019,0";"1016,9";"1,9";"194,0";"5,4";"2493,00";"0,0"
"27/05/2025";"1600";"";"";"";"57,0";"58,0";"51,0";"";"";"";"1016,5";"1016,9";"1016,5";"2,1";"174,0";"6,5";"2486,80";"0,0"
"27/05/2025";"1700";"";"";"";"57,0";"58,0";"53,0";"";"";"";"1015,7";"1016,5";"1015,7";"1,9";"179,0";"7,9";"2146,30";"0,0"
"27/05/2025";"1800";"";"";"";"58,0";"59,0";"53,0";"";"";"";"1015,5";"1015,8";"1015,3";"2,2";"191,0";"7,1";"1768,80";"0,0"
"27/05/2025";"1900";"";"";"";"60,0";"61,0";"54,0";"";"";"";"1015,5";"1015,6";"1015,4";"1,7";"189,0";"6,3";"1005,60";"0,0"
"27/05/2025";"2000";"";"";"";"63,0";"63,0";"58,0";"";"";"";"1015,8";"1015,9";"1015,4";"2,0";"198,0";"6,4";"231,60";"0,0"
"27/05/2025";"2100";"";"";"";"66,0";"67,0";"63,0";"";"";"";"1016,3";"1016,3";"1015,8";"1,7";"198,0";"5,2";"9,20";"0,0"
"27/05/2025";"2200";"";"";"";"67,0";"69,0";"66,0";"";"";"";"1016,7";"1016,7";"1016,3";"1,7";"201,0";"4,5";"";"0,0"
"27/05/2025";"2300";"";"";"";"71,0";"71,0";"67,0";"";"";"";"1017,1";"1017,1";"1016,7";"1,4";"198,0";"4,4";"";"0,0"
"28/05/2025";"0000";"";"";"";"69,0";"71,0";"68,0";"";"";"";"1017,6";"1017,6";"1017,1";"1,5";"206,0";"5,0";"";"0,0"
"28/05/2025";"0100";"";"";"";"70,0";"70,0";"67,0";"";"";"";"1017,7";"1017,7";"1017,6";"1,5";"211,0";"4,0";"";"0,0"
"28/05/2025";"0200";"";"";"";"69,0";"70,0";"66,0";"";"";"";"1017,8";"1017,8";"1017,6";"1,7";"203,0";"4,4";"";"0,0"
"28/05/2025";"0300";"";"";"";"67,0";"69,0";"66,0";"";"";"";"1017,5";"1022,0";"1017,4";"1,5";"201,0";"4,6";"";"0,0"
"28/05/2025";"0400";"";"";"";"71,0";"72,0";"67,0";"";"";"";"1017,0";"1017,5";"1017,0";"1,3";"213,0";"3,9";"";"0,0"
"28/05/2025";"0500";"";"";"";"75,0";"75,0";"68,0";"";"";"";"1016,4";"1016,9";"1016,3";"1,3";"217,0";"3,7";"";"0,0"
"28/05/2025";"0600";"";"";"";"73,0";"75,0";"69,0";"";"";"";"1016,0";"1016,4";"1016,0";"1,5";"247,0";"2,9";"";"0,0"
"28/05/2025";"0700";"";"";"";"78,0";"78,0";"73,0";"";"";"";"1016,1";"1016,1";"1016,0";"1,7";"250,0";"2,6";"";"0,0"
"28/05/2025";"0800";"";"";"";"83,0";"83,0";"78,0";"";"";"";"1016,1";"1016,2";"1016,1";"1,7";"235,0";"3,2";"";"0,0"
"28/05/2025";"0900";"";"";"";"89,0";"89,0";"83,0";"";"";"";"1016,6";"1016,6";"1016,1";"2,9";"84,0";"6,0";"";"3,8"
"28/05/2025";"1000";"";"";"";"90,0";"91,0";"89,0";"";"";"";"1016,9";"1018,6";"1016,6";"0,9";"206,0";"6,0";"221,60";"6,2"
"28/05/2025";"1100";"";"";"";"90,0";"91,0";"89,0";"";"";"";"1017,6";"1017,7";"1016,8";"0,7";"341,0";"3,5";"323,10";"0,6"
"28/05/2025";"1200";"";"";"";"75,0";"90,0";"74,0";"";"";"";"1017,9";"1017,9";"1017,6";"1,1";"191,0";"2,9";"1372,90";"0,0"
"28/05/2025";"1300";"";"";"";"70,0";"76,0";"62,0";"";"";"";"1017,8";"1018,0";"1017,8";"1,6";"85,0";"4,3";"2051,80";"0,0"
"28/05/2025";"1400";"";"";"";"86,0";"89,0";"62,0";"";"";"";"1017,3";"1017,9";"1017,3";"1,1";"209,0";"8,5";"1310,80";"2,0"
"28/05/2025";"1500";"";"";"";"70,0";"86,0";"68,0";"";"";"";"1016,5";"1017,3";"1016,5";"1,3";"170,0";"4,0";"2208,00";"0,4"
"28/05/2025";"1600";"";"";"";"67,0";"74,0";"64,0";"";"";"";"1016,0";"1016,5";"1016,0";"1,2";"192,0";"4,3";"2367,10";"0,0"
"28/05/2025";"1700";"";"";"";"69,0";"70,0";"64,0";"";"";"";"1015,6";"1016,0";"1015,5";"2,6";"188,0";"6,4";"2132,30";"0,0"
"28/05/2025";"1800";"";"";"";"74,0";"74,0";"67,0";"";"";"";"1015,7";"1015,7";"1015,4";"2,1";"204,0";"6,3";"1419,20";"0,0"
"28/05/2025";"1900";"";"";"";"83,0";"83,0";"69,0";"";"";"";"1015,7";"1015,8";"1015,3";"2,1";"193,0";"5,9";"773,00";"0,4"
"28/05/2025";"2000";"";"";"";"84,0";"84,0";"82,0";"";"";"";"1015,9";"1015,9";"1015,7";"1,3";"219,0";"5,4";"221,90";"0,0"
"28/05/2025";"2100";"";"";"";"81,0";"85,0";"78,0";"";"";"";"1016,2";"1016,2";"1015,9";"2,0";"214,0";"5,7";"10,00";"0,0"
"28/05/2025";"2200";"";"";"";"85,0";"85,0";"80,0";"";"";"";"1016,6";"1016,6";"1016,1";"1,5";"11,0";"4,4";"";"0,4"
"28/05/2025";"2300";"";"";"";"89,0";"89,0";"85,0";"";"";"";"1016,8";"1016,8";"1016,5";"0,8";"232,0";"4,0";"";"1,8"
"29/05/2025";"0000";"";"";"";"90,0";"90,0";"89,0";"";"";"";"1017,1";"1017,1";"1016,8";"1,0";"231,0";"1,6";"";"0,0"
"29/05/2025";"0100";"";"";"";"90,0";"91,0";"90,0";"";"";"";"1017,1";"1017,2";"1016,9";"1,4";"242,0";"2,2";"";"0,0"
"29/05/2025";"0200";"";"";"";"90,0";"90,0";"90,0";"";"";"";"1017,3";"1018,2";"1016,9";"0,7";"334,0";"2,2";"";"0,0"
"29/05/2025";"0300";"";"";"";"90,0";"90,0";"90,0";"";"";"";"1016,8";"1017,3";"1016,8";"1,4";"244,0";"2,9";"";"0,2"
"29/05/2025";"0400";"";"";"";"91,0";"91,0";"90,0";"";"";"";"1016,4";"1016,8";"1016,2";"1,2";"241,0";"3,0";"";"0,0"
"29/05/2025";"0500";"";"";"";"91,0";"91,0";"91,0";"";"";"";"1015,9";"1016,4";"1015,9";"1,3";"238,0";"2,5";"";"0,0"
"29/05/2025";"0600";"";"";"";"91,0";"91,0";"91,0";"";"";"";"1015,7";"1016,0";"1015,7";"0,5";"306,0";"2,1";"";"0,0"
"29/05/2025";"0700";"";"";"";"91,0";"91,0";"91,0";"";"";"";"1015,7";"1015,8";"1015,6";"1,3";"283,0";"2,6";"";"0,6"
"29/05/2025";"0800";"";"";"";"92,0";"92,0";"91,0";"";"";"";"1016,0";"1016,0";"1015,6";"1,2";"332,0";"3,3";"";"0,2"
"29/05/2025";"0900";"";"";"";"92,0";"92,0";"92,0";"";"";"";"1016,2";"1016,2";"1015,9";"1,5";"233,0";"3,2";"";"1,2"
"29/05/2025";"1000";"";"";"";"92,0";"92,0";"92,0";"";"";"";"1016,6";"1016,6";"1016,2";"1,5";"239,0";"2,9";"52,80";"0,0"
"29/05/2025";"1100";"";"";"";"92,0";"92,0";"91,0";"";"";"";"1017,3";"1017,4";"1016,6";"1,0";"303,0";"3,2";"370,80";"0,4"
"29/05/2025";"1200";"";"";"";"89,0";"92,0";"89,0";"";"";"";"1017,7";"1017,8";"1017,3";"1,5";"33,0";"3,4";"497,50";"1,0"
"29/05/2025";"1300";"";"";"";"83,0";"90,0";"83,0";"";"";"";"1017,7";"1018,0";"1017,6";"1,1";"77,0";"3,4";"1061,30";"1,0"
"29/05/2025";"1400";"";"";"";"73,0";"83,0";"73,0";"";"";"";"1017,2";"1017,7";"1017,2";"2,3";"90,0";"3,8";"2252,70";"0,0"
"29/05/2025";"1500";"";"";"";"73,0";"76,0";"70,0";"";"";"";"1016,3";"1017,2";"1016,3";"2,2";"90,0";"4,1";"2304,20";"0,0"
"29/05/2025";"1600";"";"";"";"71,0";"75,0";"67,0";"";"";"";"1015,8";"1016,3";"1015,8";"1,5";"78,0";"4,5";"2153,90";"0,0"
"29/05/2025";"1700";"";"";"";"83,0";"85,0";"66,0";"";"";"";"1014,7";"1015,8";"1014,3";"2,6";"74,0";"6,6";"1775,50";"1,8"
"29/05/2025";"1800";"";"";"";"79,0";"86,0";"75,0";"";"";"";"1014,6";"1014,7";"1014,5";"3,6";"90,0";"6,2";"899,40";"0,0"
"29/05/2025";"1900";"";"";"";"81,0";"81,0";"72,0";"";"";"";"1015,0";"1015,0";"1014,6";"4,6";"87,0";"8,7";"650,30";"0,0"
"29/05/2025";"2000";"";"";"";"75,0";"82,0";"73,0";"";"";"";"1014,9";"1015,0";"1014,8";"3,5";"87,0";"8,5";"273,20";"0,0"
"29/05/2025";"2100";"";"";"";"77,0";"78,0";"74,0";"";"";"";"1014,7";"1015,0";"1014,7";"1,5";"86,0";"6,3";"22,50";"0,0"
"29/05/2025";"2200";"";"";"";"79,0";"80,0";"76,0";"";"";"";"1014,7";"1014,9";"1014,2";"0,9";"55,0";"4,5";"";"0,0"
"29/05/2025";"2300";"";"";"";"80,0";"80,0";"78,0";"";"";"";"1015,3";"1015,3";"1014,7";"0,7";"302,0";"2,5";"";"0,0"
"30/05/2025";"0000";"";"";"";"75,0";"80,0";"73,0";"";"";"";"1015,8";"1015,8";"1015,3";"2,5";"88,0";"5,9";"";"0,0"
"30/05/2025";"0100";"";"";"";"73,0";"75,0";"72,0";"";"";"";"1016,0";"1016,1";"1015,7";"2,5";"94,0";"5,1";"";"0,0"
"30/05/2025";"0200";"";"";"";"77,0";"77,0";"73,0";"";"";"";"1016,1";"1016,2";"1016,0";"1,5";"84,0";"4,9";"";"0,0"
"30/05/2025";"0300";"";"";"";"80,0";"80,0";"76,0";"";"";"";"1015,6";"1016,1";"1015,6";"1,2";"64,0";"4,7";"";"0,0"
"30/05/2025";"0400";"";"";"";"81,0";"81,0";"78,0";"";"";"";"1015,2";"1015,6";"1015,2";"0,8";"345,0";"4,2";"";"0,0"
"30/05/2025";"0500";"";"";"";"84,0";"85,0";"81,0";"";"";"";"1014,8";"1015,3";"1014,7";"0,7";"28,0";"2,9";"";"0,0"
"30/05/2025";"0600";"";"";"";"89,0";"89,0";"84,0";"";"";"";"1014,5";"1014,7";"1014,5";"0,8";"242,0";"5,4";"";"3,0"
"30/05/2025";"0700";"";"";"";"88,0";"91,0";"88,0";"";"";"";"1014,6";"1014,6";"1014,4";"2,7";"89,0";"4,4";"";"0,0"
"30/05/2025";"0800";"";"";"";"87,0";"88,0";"85,0";"";"";"";"1015,0";"1015,0";"1014,6";"1,3";"341,0";"4,7";"";"0,0"
"30/05/2025";"0900";"";"";"";"90,0";"90,0";"87,0";"";"";"";"1015,4";"1015,4";"1015,0";"0,5";"239,0";"2,1";"";"0,0"
"30/05/2025";"1000";"";"";"";"91,0";"91,0";"90,0";"";"";"";"1015,6";"1015,6";"1015,2";"1,1";"10,0";"4,9";"73,60";"4,4"
"30/05/2025";"1100";"";"";"";"91,0";"92,0";"90,0";"";"";"";"1016,4";"1016,4";"1015,4";"1,1";"8,0";"3,3";"693,50";"2,6"
"30/05/2025";"1200";"";"";"";"77,0";"91,0";"76,0";"";"";"";"1016,4";"1016,4";"1015,4";"1,1";"81,0";"2,8";"1476,20";"0,0"
"30/05/2025";"1300";"";"";"";"83,0";"84,0";"77,0";"";"";"";"1016,8";"1016,8";"1016,4";"1,7";"79,0";"4,1";"1003,00";"1,0"
"30/05/2025";"1400";"";"";"";"87,0";"88,0";"83,0";"";"";"";"1016,2";"1016,8";"1016,1";"3,0";"68,0";"6,0";"812,10";"1,0"
"30/05/2025";"1500";"";"";"";"71,0";"90,0";"71,0";"";"";"";"1015,1";"1016,2";"1014,9";"2,3";"74,0";"6,9";"2118,30";"0,2"
"30/05/2025";"1600";"";"";"";"74,0";"75,0";"68,0";"";"";"";"1014,5";"1015,1";"1014,5";"2,9";"86,0";"5,5";"2404,30";"0,0"
"30/05/2025";"1700";"";"";"";"77,0";"77,0";"69,0";"";"";"";"1013,8";"1014,5";"1013,7";"3,1";"80,0";"7,7";"1923,40";"0,0"
"30/05/2025";"1800";"";"";"";"73,0";"82,0";"73,0";"";"";"";"1013,6";"1013,8";"1013,6";"2,7";"86,0";"7,7";"1469,00";"0,0"
"30/05/2025";"1900";"";"";"";"82,0";"85,0";"72,0";"";"";"";"1013,6";"1013,7";"1013,3";"2,9";"92,0";"7,5";"583,20";"0,2"
"30/05/2025";"2000";"";"";"";"81,0";"83,0";"80,0";"";"";"";"1014,1";"1014,1";"1013,6";"1,0";"60,0";"4,8";"258,00";"0,0"
"30/05/2025";"2100";"";"";"";"78,0";"81,0";"78,0";"";"";"";"1014,6";"1014,6";"1013,9";"2,0";"83,0";"4,8";"3,70";"0,0"
"30/05/2025";"2200";"";"";"";"78,0";"79,0";"78,0";"";"";"";"1015,0";"1015,0";"1014,6";"2,1";"84,0";"4,8";"";"0,0"
"30/05/2025";"2300";"";"";"";"89,0";"89,0";"75,0";"";"";"";"1015,8";"1015,8";"1015,0";"1,5";"216,0";"4,5";"";"10,0"
"31/05/2025";"0000";"";"";"";"87,0";"91,0";"87,0";"";"";"";"1016,1";"1016,1";"1015,7";"1,0";"240,0";"3,4";"";"1,0"
"31/05/2025";"0100";"";"";"";"78,0";"87,0";"77,0";"";"";"";"1016,4";"1016,5";"1016,1";"1,0";"222,0";"3,1";"";"0,0"
"31/05/2025";"0200";"";"";"";"76,0";"78,0";"75,0";"";"";"";"1016,3";"1016,4";"1016,2";"1,0";"236,0";"3,5";"";"0,0"
"31/05/2025";"0300";"";"";"";"75,0";"77,0";"73,0";"";"";"";"1016,0";"1016,3";"1016,0";"1,1";"225,0";"3,9";"";"0,0"
"31/05/2025";"0400";"";"";"";"75,0";"76,0";"72,0";"";"";"";"1015,6";"1016,0";"1015,6";"0,9";"236,0";"3,2";"";"0,0"
"31/05/2025";"0500";"";"";"";"73,0";"75,0";"72,0";"";"";"";"1015,4";"1015,6";"1015,4";"1,1";"205,0";"3,5";"";"0,0"
"31/05/2025";"0600";"";"";"";"76,0";"76,0";"73,0";"";"";"";"1014,9";"1015,4";"1014,9";"0,7";"223,0";"4,3";"";"0,0"
"31/05/2025";"0700";"";"";"";"76,0";"76,0";"74,0";"";"";"";"1014,9";"1014,9";"1014,6";"0,8";"237,0";"2,3";"";"0,0"
"31/05/2025";"0800";"";"";"";"77,0";"77,0";"74,0";"";"";"";"1015,6";"1015,6";"1014,9";"0,7";"244,0";"2,1";"";"0,0"
"31/05/2025";"0900";"";"";"";"77,0";"78,0";"76,0";"";"";"";"1015,8";"1015,8";"1015,5";"0,5";"278,0";"1,9";"1,60";"0,0"
"31/05/2025";"1000";"";"";"";"70,0";"79,0";"70,0";"";"";"";"1016,4";"1016,4";"1015,8";"0,9";"225,0";"2,2";"320,80";"0,0"
"31/05/2025";"1100";"";"";"";"71,0";"73,0";"67,0";"";"";"";"1017,3";"1017,3";"1016,4";"1,0";"215,0";"2,2";"552,50";"0,0"
"31/05/2025";"1200";"";"";"";"60,0";"75,0";"57,0";"";"";"";"1017,5";"1017,5";"1017,3";"0,9";"92,0";"2,9";"1264,80";"0,0"
"31/05/2025";"1300";"";"";"";"62,0";"66,0";"58,0";"";"";"";"1017,6";"1017,7";"1017,5";"1,5";"173,0";"4,3";"2096,10";"0,0"
"31/05/2025";"1400";"";"";"";"58,0";"62,0";"54,0";"";"";"";"1017,1";"1017,6";"1017,1";"1,6";"155,0";"4,7";"2428,10";"0,0"
"31/05/2025";"1500";"";"";"";"55,0";"60,0";"52,0";"";"";"";"1016,3";"1017,1";"1016,3";"1,4";"149,0";"5,9";"2556,70";"0,0"
"31/05/2025";"1600";"";"";"";"53,0";"58,0";"50,0";"";"";"";"1015,7";"1016,3";"1015,7";"1,6";"155,0";"5,0";"2491,00";"0,0"
"31/05/2025";"1700";"";"";"";"53,0";"58,0";"50,0";"";"";"";"1015,0";"1015,7";"1015,0";"2,1";"188,0";"5,7";"2185,20";"0,0"
"31/05/2025";"1800";"";"";"";"56,0";"57,0";"48,0";"";"";"";"1014,7";"1015,0";"1014,6";"2,7";"196,0";"5,7";"1722,20";"0,0"
"31/05/2025";"1900";"";"";"";"58,0";"58,0";"53,0";"";"";"";"1014,8";"1014,8";"1014,7";"2,2";"195,0";"5,5";"1124,50";"0,0"
"31/05/2025";"2000";"";"";"";"66,0";"66,0";"57,0";"";"";"";"1015,0";"1015,0";"1014,8";"1,8";"195,0";"5,4";"374,50";"0,0"
"31/05/2025";"2100";"";"";"";"68,0";"69,0";"65,0";"";"";"";"1015,3";"1015,4";"1015,0";"1,8";"198,0";"5,4";"9,10";"0,0"
"31/05/2025";"2200";"";"";"";"69,0";"70,0";"67,0";"";"";"";"1016,0";"1016,0";"1015,1";"1,1";"213,0";"4,0";"";"0,0"
"31/05/2025";"2300";"";"";"";"71,0";"71,0";"69,0";"";"";"";"1016,6";"1016,6";"1015,8";"1,2";"206,0";"4,0";"";"0,0"
"01/06/2025";"0000";"";"";"";"76,0";"76,0";"70,0";"";"";"";"1017,2";"1017,2";"1016,5";"0,5";"248,0";"2,7";"";"0,0"
"01/06/2025";"0100";"";"";"";"75,0";"79,0";"74,0";"";"";"";"1017,4";"1017,4";"1017,2";"1,0";"219,0";"2,7";"";"0,0"
"01/06/2025";"0200";"";"";"";"78,0";"78,0";"75,0";"";"";"";"1017,3";"1017,4";"1017,3";"0,8";"238,0";"2,2";"";"0,0"
"01/06/2025";"0300";"";"";"";"82,0";"82,0";"78,0";"";"";"";"1016,9";"1017,3";"1016,9";"1,0";"239,0";"1,7";"";"0,0"
"01/06/2025";"0400";"";"";"";"84,0";"84,0";"82,0";"";"";"";"1016,5";"1016,9";"1016,5";"0,7";"241,0";"2,0";"";"0,0"
"01/06/2025";"0500";"";"";"";"84,0";"85,0";"83,0";"";"";"";"1016,3";"1016,5";"1016,2";"1,2";"238,0";"2,4";"";"0,0"
"01/06/2025";"0600";"";"";"";"85,0";"85,0";"84,0";"";"";"";"1015,9";"1016,3";"1015,8";"1,5";"256,0";"3,1";"";"0,0"
"01/06/2025";"0700";"";"";"";"88,0";"88,0";"85,0";"";"";"";"1016,0";"1016,0";"1015,8";"1,4";"250,0";"3,0";"";"0,0"
"01/06/2025";"0800";"";"";"";"89,0";"89,0";"88,0";"";"";"";"1016,2";"1016,2";"1015,9";"1,5";"258,0";"2,7";"";"0,0"
"01/06/2025";"0900";"";"";"";"88,0";"89,0";"88,0";"";"";"";"1016,3";"1016,3";"1016,1";"1,5";"243,0";"2,9";"0,60";"0,0"
"01/06/2025";"1000";"";"";"";"88,0";"89,0";"88,0";"";"";"";"1017,2";"1017,2";"1016,3";"1,2";"255,0";"3,0";"143,70";"0,0"
"01/06/2025";"1100";"";"";"";"78,0";"88,0";"78,0";"";"";"";"1017,8";"1017,8";"1017,2";"1,9";"236,0";"3,7";"977,60";"0,0"
"01/06/2025";"1200";"";"";"";"69,0";"78,0";"65,0";"";"";"";"1018,0";"1018,1";"1017,8";"1,1";"134,0";"3,5";"1625,60";"0,0"
"01/06/2025";"1300";"";"";"";"67,0";"69,0";"62,0";"";"";"";"1018,0";"1018,2";"1017,7";"2,2";"71,0";"5,4";"2147,00";"0,0"
"01/06/2025";"1400";"";"";"";"63,0";"70,0";"63,0";"";"";"";"1017,7";"1018,1";"1017,6";"1,2";"126,0";"5,4";"2268,90";"0,0"
"01/06/2025";"1500";"";"";"";"65,0";"69,0";"62,0";"";"";"";"1017,1";"1017,7";"1017,0";"2,2";"79,0";"5,1";"2583,90";"0,0"
"01/06/2025";"1600";"";"";"";"67,0";"73,0";"63,0";"";"";"";"1016,4";"1017,1";"1016,3";"2,7";"92,0";"5,0";"1885,60";"0,0"
"01/06/2025";"1700";"";"";"";"66,0";"72,0";"66,0";"";"";"";"1015,5";"1016,4";"1015,4";"1,3";"83,0";"5,5";"1987,60";"0,0"
"01/06/2025";"1800";"";"";"";"66,0";"70,0";"62,0";"";"";"";"1015,3";"1015,5";"1015,3";"1,9";"82,0";"4,7";"1321,00";"0,0"
"01/06/2025";"1900";"";"";"";"72,0";"72,0";"65,0";"";"";"";"1015,5";"1015,5";"1015,2";"0,7";"43,0";"4,8";"641,00";"0,0"
"01/06/2025";"2000";"";"";"";"72,0";"74,0";"69,0";"";"";"";"1015,8";"1015,8";"1015,5";"2,3";"84,0";"5,2";"239,60";"0,0"
"01/06/2025";"2100";"";"";"";"72,0";"73,0";"71,0";"";"";"";"1016,3";"1016,3";"1015,6";"1,8";"85,0";"5,2";"9,60";"0,0"
"01/06/2025";"2200";"";"";"";"75,0";"75,0";"71,0";"";"";"";"1016,5";"1016,6";"1016,0";"0,7";"26,0";"4,6";"";"0,0"
"01/06/2025";"2300";"";"";"";"74,0";"76,0";"73,0";"";"";"";"1017,3";"1017,3";"1016,4";"1,4";"97,0";"4,5";"";"0,0"
"02/06/2025";"0000";"";"";"";"75,0";"77,0";"74,0";"";"";"";"1017,5";"1017,5";"1017,3";"1,3";"81,0";"3,5";"";"0,0"
"02/06/2025";"0100";"";"";"";"78,0";"81,0";"74,0";"";"";"";"1017,5";"1017,8";"1017,5";"2,0";"81,0";"5,4";"";"0,0"
"02/06/2025";"0200";"";"";"";"77,0";"80,0";"76,0";"";"";"";"1017,5";"1017,7";"1017,5";"0,8";"226,0";"5,3";"";"0,0"
"02/06/2025";"0300";"";"";"";"77,0";"81,0";"75,0";"";"";"";"1017,2";"1017,5";"1017,1";"1,2";"347,0";"4,4";"";"0,0"
"02/06/2025";"0400";"";"";"";"81,0";"83,0";"77,0";"";"";"";"1016,7";"1017,2";"1016,7";"2,4";"87,0";"4,9";"";"0,0"
"02/06/2025";"0500";"";"";"";"76,0";"84,0";"76,0";"";"";"";"1016,4";"1016,8";"1016,4";"3,0";"88,0";"6,9";"";"0,0"
"02/06/2025";"0600";"";"";"";"80,0";"82,0";"76,0";"";"";"";"1016,1";"1016,4";"1016,0";"2,3";"91,0";"6,2";"";"0,0"
"02/06/2025";"0700";"";"";"";"76,0";"80,0";"75,0";"";"";"";"1016,1";"1016,1";"1015,7";"2,0";"81,0";"4,6";"";"0,0"
"02/06/2025";"0800";"";"";"";"80,0";"80,0";"76,0";"";"";"";"1016,4";"1016,5";"1016,1";"2,5";"83,0";"5,4";"";"0,4"
"02/06/2025";"0900";"";"";"";"82,0";"84,0";"80,0";"";"";"";"1016,6";"1016,6";"1016,1";"1,8";"80,0";"5,4";"0,60";"0,0"
"02/06/2025";"1000";"";"";"";"85,0";"87,0";"78,0";"";"";"";"1017,6";"1017,6";"1016,6";"2,5";"67,0";"7,2";"158,80";"0,0"
"02/06/2025";"1100";"";"";"";"74,0";"85,0";"73,0";"";"";"";"1018,0";"1018,2";"1017,6";"2,4";"59,0";"5,1";"744,40";"0,0"
"02/06/2025";"1200";"";"";"";"76,0";"78,0";"72,0";"";"";"";"1018,6";"1018,9";"1018,0";"2,6";"82,0";"4,4";"1096,10";"0,0"
"02/06/2025";"1300";"";"";"";"70,0";"77,0";"63,0";"";"";"";"1018,5";"1018,6";"1018,4";"2,4";"78,0";"6,2";"1951,90";"0,0"
"02/06/2025";"1400";"";"";"";"70,0";"73,0";"65,0";"";"";"";"1018,1";"1018,6";"1018,1";"2,9";"80,0";"7,8";"2363,00";"0,0"
"02/06/2025";"1500";"";"";"";"66,0";"70,0";"62,0";"";"";"";"1017,6";"1018,2";"1017,6";"1,6";"77,0";"6,4";"1660,30";"0,0"
"02/06/2025";"1600";"";"";"";"81,0";"81,0";"64,0";"";"";"";"1017,0";"1017,6";"1017,0";"2,2";"204,0";"6,8";"1326,70";"0,4"
"02/06/2025";"1700";"";"";"";"80,0";"86,0";"79,0";"";"";"";"1015,8";"1017,0";"1015,5";"3,0";"89,0";"6,7";"766,30";"2,2"
"02/06/2025";"1800";"";"";"";"73,0";"88,0";"73,0";"";"";"";"1015,6";"1016,6";"1015,5";"1,8";"66,0";"7,6";"770,40";"0,4"
"02/06/2025";"1900";"";"";"";"75,0";"75,0";"71,0";"";"";"";"1016,0";"1016,0";"1015,5";"3,4";"84,0";"7,2";"433,00";"0,0"
"02/06/2025";"2000";"";"";"";"73,0";"77,0";"73,0";"";"";"";"1016,3";"1016,3";"1016,0";"3,3";"87,0";"7,2";"124,80";"0,0"
"02/06/2025";"2100";"";"";"";"89,0";"89,0";"73,0";"";"";"";"1016,8";"1017,3";"1016,0";"2,2";"84,0";"8,0";"9,60";"2,8"
"02/06/2025";"2200";"";"";"";"77,0";"89,0";"76,0";"";"";"";"1016,9";"1016,9";"1016,2";"1,3";"307,0";"5,0";"";"0,2"
"02/06/2025";"2300";"";"";"";"73,0";"77,0";"71,0";"";"";"";"1017,4";"1017,4";"1016,9";"1,3";"314,0";"4,9";"";"0,0"
"03/06/2025";"0000";"";"";"";"70,0";"74,0";"68,0";"";"";"";"1017,6";"1017,7";"1017,4";"1,2";"275,0";"3,6";"";"0,0"
"03/06/2025";"0100";"";"";"";"69,0";"71,0";"67,0";"";"";"";"1017,4";"1017,6";"1017,4";"1,3";"314,0";"4,7";"";"0,0"
"03/06/2025";"0200";"";"";"";"69,0";"70,0";"67,0";"";"";"";"1017,2";"1017,5";"1017,2";"1,2";"313,0";"4,7";"";"0,0"
"03/06/2025";"0300";"";"";"";"68,0";"70,0";"67,0";"";"";"";"1017,1";"1017,2";"1017,0";"1,2";"346,0";"3,7";"";"0,0"
"03/06/2025";"0400";"";"";"";"72,0";"72,0";"68,0";"";"";"";"1016,7";"1017,1";"1016,7";"0,8";"259,0";"3,7";"";"0,0"
"03/06/2025";"0500";"";"";"";"69,0";"72,0";"68,0";"";"";"";"1016,4";"1016,7";"1016,4";"1,1";"296,0";"3,0";"";"0,0"
"03/06/2025";"0600";"";"";"";"70,0";"72,0";"67,0";"";"";"";"1016,3";"1016,9";"1016,1";"1,2";"248,0";"3,2";"";"0,0"
"03/06/2025";"0700";"";"";"";"68,0";"71,0";"67,0";"";"";"";"1016,2";"1016,3";"1016,1";"1,2";"291,0";"3,2";"";"0,0"
"03/06/2025";"0800";"";"";"";"70,0";"71,0";"65,0";"";"";"";"1016,6";"1016,6";"1016,2";"0,7";"268,0";"2,6";"";"0,0"
"03/06/2025";"0900";"";"";"";"69,0";"70,0";"66,0";"";"";"";"";"1018,6";"1016,6";"1,1";"357,0";"3,0";"1,60";"0,0"
"03/06/2025";"1000";"";"";"";"67,0";"77,0";"63,0";"";"";"";"1017,3";"1017,6";"1016,5";"0,9";"262,0";"3,7";"241,80";"0,0"
"03/06/2025";"1100";"";"";"";"66,0";"68,0";"60,0";"";"";"";"1017,9";"1017,9";"1017,3";"0,8";"37,0";"2,5";"876,70";"0,0"
"03/06/2025";"1200";"";"";"";"65,0";"66,0";"58,0";"";"";"";"1018,2";"1018,2";"1017,9";"1,0";"275,0";"3,8";"1421,00";"0,0"
"03/06/2025";"1300";"";"";"";"80,0";"89,0";"65,0";"";"";"";"1018,1";"1018,5";"1018,1";"2,8";"75,0";"8,7";"854,70";"4,0"
"03/06/2025";"1400";"";"";"";"65,0";"84,0";"65,0";"";"";"";"1017,5";"1018,3";"1017,5";"2,9";"84,0";"6,7";"1568,00";"0,0"
"03/06/2025";"1500";"";"";"";"63,0";"68,0";"61,0";"";"";"";"1016,8";"1017,5";"1016,8";"4,6";"90,0";"8,4";"1869,60";"0,0"
"03/06/2025";"1600";"";"";"";"65,0";"73,0";"62,0";"";"";"";"1016,0";"1016,8";"1015,8";"4,0";"90,0";"10,3";"2169,90";"0,0"
"03/06/2025";"1700";"";"";"";"59,0";"65,0";"57,0";"";"";"";"1015,4";"1016,0";"1015,4";"4,3";"89,0";"8,4";"2163,20";"0,0"
"03/06/2025";"1800";"";"";"";"60,0";"62,0";"58,0";"";"";"";"1015,5";"1015,5";"1015,3";"4,7";"88,0";"8,2";"1577,30";"0,0"
"03/06/2025";"1900";"";"";"";"77,0";"77,0";"59,0";"";"";"";"1015,6";"1015,7";"1015,1";"2,8";"63,0";"8,8";"1047,70";"0,2"
"03/06/2025";"2000";"";"";"";"80,0";"80,0";"69,0";"";"";"";"1016,2";"1016,2";"1015,6";"4,7";"65,0";"9,6";"144,50";"0,2"
"03/06/2025";"2100";"";"";"";"74,0";"84,0";"74,0";"";"";"";"1016,2";"1016,2";"1016,1";"3,3";"89,0";"9,6";"5,70";"0,0"
"03/06/2025";"2200";"";"";"";"72,0";"74,0";"70,0";"";"";"";"1016,6";"1016,6";"1016,1";"2,7";"87,0";"6,9";"";"0,0"
"03/06/2025";"2300";"";"";"";"69,0";"73,0";"69,0";"";"";"";"1016,8";"1016,8";"1016,6";"0,8";"320,0";"6,4";"";"0,0"
"04/06/2025";"0000";"";"";"";"71,0";"71,0";"68,0";"";"";"";"1016,9";"1017,0";"1016,8";"1,8";"88,0";"5,5";"";"0,0"
"04/06/2025";"0100";"";"";"";"69,0";"74,0";"69,0";"";"";"";"1016,8";"1017,0";"1016,7";"2,7";"85,0";"7,3";"";"0,0"
"04/06/2025";"0200";"";"";"";"70,0";"71,0";"68,0";"";"";"";"1016,6";"1016,8";"1016,6";"1,9";"89,0";"7,3";"";"0,0"
"04/06/2025";"0300";"";"";"";"69,0";"71,0";"68,0";"";"";"";"1016,1";"1016,6";"1016,1";"2,9";"88,0";"6,1";"";"0,0"
"04/06/2025";"0400";"";"";"";"72,0";"72,0";"68,0";"";"";"";"1015,7";"1016,1";"1015,7";"3,3";"87,0";"6,2";"";"0,0"
"04/06/2025";"0500";"";"";"";"79,0";"79,0";"68,0";"";"";"";"1015,2";"1015,7";"1015,2";"2,4";"87,0";"8,6";"";"0,0"
"04/06/2025";"0600";"";"";"";"69,0";"79,0";"69,0";"";"";"";"1014,6";"1015,2";"1014,5";"3,2";"87,0";"7,9";"";"0,0"
"04/06/2025";"0700";"";"";"";"85,0";"88,0";"69,0";"";"";"";"1014,7";"1014,8";"1014,5";"2,4";"85,0";"8,2";"";"3,2"
"04/06/2025";"0800";"";"";"";"78,0";"85,0";"78,0";"";"";"";"1015,1";"1015,1";"1014,5";"1,2";"43,0";"5,6";"";"0,0"
"04/06/2025";"0900";"";"";"";"83,0";"85,0";"72,0";"";"";"";"1015,6";"1015,7";"1015,1";"3,0";"83,0";"8,9";"2,20";"0,4"
"04/06/2025";"1000";"";"";"";"75,0";"83,0";"73,0";"";"";"";"1015,6";"1016,2";"1015,4";"2,5";"71,0";"8,5";"204,30";"0,0"
"04/06/2025";"1100";"";"";"";"72,0";"75,0";"69,0";"";"";"";"1016,4";"1016,4";"1015,6";"3,2";"84,0";"7,4";"516,00";"0,0"
"04/06/2025";"1200";"";"";"";"73,0";"75,0";"67,0";"";"";"";"1017,0";"1019,1";"1016,4";"2,8";"87,0";"7,4";"1121,00";"0,0"
"04/06/2025";"1300";"";"";"";"64,0";"75,0";"63,0";"";"";"";"1017,1";"1017,2";"1017,0";"1,4";"30,0";"5,5";"1315,40";"0,0"
"04/06/2025";"1400";"";"";"";"57,0";"66,0";"57,0";"";"";"";"1016,9";"1017,1";"1016,9";"1,5";"56,0";"4,7";"2130,40";"0,0"
"04/06/2025";"1500";"";"";"";"61,0";"62,0";"56,0";"";"";"";"1015,8";"1016,9";"1015,8";"1,6";"82,0";"5,3";"2375,30";"0,0"
"04/06/2025";"1600";"";"";"";"57,0";"62,0";"54,0";"";"";"";"1014,9";"1015,8";"1014,9";"1,7";"53,0";"5,8";"2272,00";"0,0"
"04/06/2025";"1700";"";"";"";"59,0";"62,0";"55,0";"";"";"";"1014,4";"1014,9";"1014,4";"1,4";"11,0";"6,0";"2217,30";"0,0"
"04/06/2025";"1800";"";"";"";"65,0";"66,0";"54,0";"";"";"";"1014,5";"1014,5";"1014,3";"2,3";"82,0";"5,0";"1652,60";"0,0"
"04/06/2025";"1900";"";"";"";"61,0";"67,0";"56,0";"";"";"";"1014,6";"1014,6";"1014,5";"1,0";"271,0";"5,0";"719,80";"0,0"
"04/06/2025";"2000";"";"";"";"66,0";"66,0";"59,0";"";"";"";"1014,8";"1017,0";"1014,3";"0,7";"8,0";"3,9";"257,90";"0,0"
"04/06/2025";"2100";"";"";"";"67,0";"74,0";"66,0";"";"";"";"1015,1";"1015,1";"1014,8";"1,3";"92,0";"4,8";"16,30";"0,0"
"04/06/2025";"2200";"";"";"";"69,0";"69,0";"67,0";"";"";"";"1015,5";"1015,5";"1015,1";"0,8";"330,0";"3,7";"";"0,0"
"04/06/2025";"2300";"";"";"";"71,0";"72,0";"69,0";"";"";"";"1016,0";"1016,1";"1015,5";"1,0";"274,0";"2,8";"";"0,0"
"05/06/2025";"0000";"";"";"";"72,0";"73,0";"68,0";"";"";"";"1016,4";"1016,4";"1015,9";"0,9";"348,0";"3,1";"";"0,0"
"05/06/2025";"0100";"";"";"";"73,0";"73,0";"71,0";"";"";"";"1016,5";"1016,5";"1016,1";"0,6";"271,0";"3,1";"";"0,0"
"05/06/2025";"0200";"";"";"";"73,0";"73,0";"70,0";"";"";"";"1016,3";"1016,5";"1016,3";"1,0";"301,0";"2,3";"";"0,0"
"05/06/2025";"0300";"";"";"";"71,0";"74,0";"70,0";"";"";"";"1016,0";"1016,4";"1015,9";"0,6";"279,0";"2,7";"";"0,0"
"05/06/2025";"0400";"";"";"";"72,0";"74,0";"71,0";"";"";"";"1015,6";"1016,0";"1015,6";"1,3";"213,0";"2,9";"";"0,0"
"05/06/2025";"0500";"";"";"";"73,0";"74,0";"72,0";"";"";"";"1015,1";"1015,6";"1015,0";"1,2";"217,0";"3,0";"";"0,0"
"05/06/2025";"0600";"";"";"";"71,0";"73,0";"70,0";"";"";"";"1015,0";"1015,1";"1014,9";"1,1";"216,0";"2,7";"";"0,0"
"05/06/2025";"0700";"";"";"";"73,0";"74,0";"70,0";"";"";"";"1014,8";"1015,0";"1014,3";"0,8";"294,0";"2,8";"";"0,0"
"05/06/2025";"0800";"";"";"";"74,0";"74,0";"72,0";"";"";"";"1015,1";"1015,1";"1014,8";"0,6";"213,0";"2,0";"";"0,0"
"05/06/2025";"0900";"";"";"";"76,0";"76,0";"73,0";"";"";"";"1015,7";"1015,7";"1015,1";"0,6";"246,0";"2,1";"1,30";"0,0"
"05/06/2025";"1000";"";"";"";"75,0";"78,0";"75,0";"";"";"";"1016,3";"1016,3";"1015,7";"1,1";"251,0";"1,7";"256,20";"0,0"
"05/06/2025";"1100";"";"";"";"70,0";"78,0";"70,0";"";"";"";"1016,9";"1016,9";"1016,3";"1,1";"215,0";"3,0";"438,40";"0,0"
"05/06/2025";"1200";"";"";"";"57,0";"70,0";"57,0";"";"";"";"1016,2";"1017,2";"1015,9";"1,8";"184,0";"5,8";"1664,50";"0,0"
"05/06/2025";"1300";"";"";"";"59,0";"60,0";"54,0";"";"";"";"1015,9";"1016,2";"1015,8";"1,2";"186,0";"5,1";"2113,00";"0,0"
"05/06/2025";"1400";"";"";"";"53,0";"60,0";"53,0";"";"";"";"1015,4";"1015,9";"1015,3";"1,5";"172,0";"5,0";"2369,80";"0,0"
"05/06/2025";"1500";"";"";"";"57,0";"59,0";"53,0";"";"";"";"1014,7";"1015,4";"1014,7";"2,0";"194,0";"5,0";"2013,10";"0,0"
"05/06/2025";"1600";"";"";"";"60,0";"62,0";"55,0";"";"";"";"1014,3";"1014,7";"1014,3";"1,4";"152,0";"5,0";"1562,60";"0,0"
"05/06/2025";"1700";"";"";"";"64,0";"64,0";"59,0";"";"";"";"1013,4";"1014,7";"1013,3";"1,5";"184,0";"5,5";"1104,10";"0,0"
"05/06/2025";"1800";"";"";"";"59,0";"66,0";"58,0";"";"";"";"1013,5";"1014,0";"1013,3";"1,5";"210,0";"6,3";"898,20";"0,0"
"05/06/2025";"1900";"";"";"";"59,0";"60,0";"54,0";"";"";"";"1013,8";"1013,8";"1013,5";"1,1";"189,0";"4,9";"1099,60";"0,0"
"05/06/2025";"2000";"";"";"";"66,0";"66,0";"59,0";"";"";"";"1014,1";"1014,1";"1013,7";"1,1";"185,0";"4,3";"315,60";"0,0"
"05/06/2025";"2100";"";"";"";"69,0";"69,0";"66,0";"";"";"";"1014,7";"1014,7";"1014,1";"1,4";"197,0";"3,5";"12,50";"0,0"
"05/06/2025";"2200";"";"";"";"77,0";"77,0";"69,0";"";"";"";"1015,3";"1015,3";"1014,7";"1,8";"206,0";"6,5";"";"0,0"
"05/06/2025";"2300";"";"";"";"87,0";"87,0";"77,0";"";"";"";"1015,4";"1015,4";"1015,3";"0,6";"288,0";"4,7";"";"1,8"
"06/06/2025";"0000";"";"";"";"88,0";"89,0";"87,0";"";"";"";"1015,9";"1015,9";"1015,4";"0,7";"246,0";"1,7";"";"0,0"
"06/06/2025";"0100";"";"";"";"87,0";"89,0";"86,0";"";"";"";"1016,1";"1016,2";"1015,9";"0,9";"337,0";"2,4";"";"0,4"
"06/06/2025";"0200";"";"";"";"90,0";"90,0";"86,0";"";"";"";"1015,6";"1016,1";"1015,3";"1,0";"242,0";"2,1";"";"0,0"
"06/06/2025";"0300";"";"";"";"90,0";"90,0";"90,0";"";"";"";"1015,5";"1015,7";"1015,5";"0,9";"235,0";"2,2";"";"0,0"
"06/06/2025";"0400";"";"";"";"90,0";"90,0";"90,0";"";"";"";"1015,0";"1015,5";"1015,0";"1,1";"239,0";"2,2";"";"0,0"
"06/06/2025";"0500";"";"";"";"90,0";"90,0";"90,0";"";"";"";"1014,8";"1015,0";"1014,5";"0,9";"250,0";"1,9";"";"0,0"
"06/06/2025";"0600";"";"";"";"90,0";"90,0";"90,0";"";"";"";"1014,6";"1014,8";"1014,6";"1,5";"253,0";"2,7";"";"0,0"
"06/06/2025";"0700";"";"";"";"90,0";"90,0";"90,0";"";"";"";"1014,4";"1014,6";"1014,4";"0,8";"266,0";"2,6";"";"0,0"
"06/06/2025";"0800";"";"";"";"91,0";"91,0";"90,0";"";"";"";"1014,8";"1014,8";"1014,4";"1,8";"243,0";"2,8";"";"0,0"
"06/06/2025";"0900";"";"";"";"91,0";"91,0";"91,0";"";"";"";"1015,1";"1015,2";"1014,7";"1,7";"228,0";"2,8";"";"5,2"
"06/06/2025";"1000";"";"";"";"92,0";"92,0";"91,0";"";"";"";"1016,1";"1016,1";"1015,2";"2,0";"226,0";"3,2";"108,80";"0,2"
"06/06/2025";"1100";"";"";"";"88,0";"92,0";"88,0";"";"";"";"1017,0";"1017,0";"1016,1";"2,3";"89,0";"6,5";"400,80";"4,4"
"06/06/2025";"1200";"";"";"";"70,0";"88,0";"69,0";"";"";"";"1017,1";"1017,1";"1016,8";"1,1";"84,0";"7,5";"1047,60";"0,0"
"06/06/2025";"1300";"";"";"";"89,0";"90,0";"70,0";"";"";"";"1017,0";"1017,4";"1017,0";"1,4";"85,0";"8,4";"1046,30";"2,0"
"06/06/2025";"1400";"";"";"";"67,0";"89,0";"67,0";"";"";"";"1016,5";"1017,0";"1016,5";"3,4";"87,0";"8,2";"2363,50";"0,0"
"06/06/2025";"1500";"";"";"";"74,0";"79,0";"67,0";"";"";"";"1015,8";"1016,6";"1015,8";"3,2";"79,0";"8,2";"1828,00";"0,2"
"06/06/2025";"1600";"";"";"";"78,0";"79,0";"70,0";"";"";"";"1015,0";"1015,8";"1015,0";"2,8";"63,0";"5,3";"1990,70";"0,0"
"06/06/2025";"1700";"";"";"";"78,0";"78,0";"72,0";"";"";"";"1014,2";"1015,0";"1014,2";"2,2";"71,0";"5,2";"1344,10";"0,0"
"06/06/2025";"1800";"";"";"";"64,0";"79,0";"63,0";"";"";"";"1013,8";"1014,2";"1013,8";"2,7";"80,0";"5,4";"1610,20";"0,0"
"06/06/2025";"1900";"";"";"";"67,0";"68,0";"62,0";"";"";"";"1014,1";"1014,2";"1013,8";"2,1";"84,0";"5,4";"872,80";"0,0"
"06/06/2025";"2000";"";"";"";"70,0";"70,0";"67,0";"";"";"";"1014,5";"1014,5";"1014,1";"0,8";"5,0";"4,9";"220,70";"0,0"
"06/06/2025";"2100";"";"";"";"73,0";"73,0";"70,0";"";"";"";"1014,8";"1014,8";"1014,5";"0,7";"351,0";"3,0";"8,30";"0,0"
"06/06/2025";"2200";"";"";"";"72,0";"74,0";"70,0";"";"";"";"1015,0";"1015,0";"1014,8";"0,9";"318,0";"2,4";"";"0,0"
"06/06/2025";"2300";"";"";"";"72,0";"72,0";"70,0";"";"";"";"1015,4";"1015,4";"1014,9";"0,7";"327,0";"2,8";"";"0,0"
"07/06/2025";"0000";"";"";"";"73,0";"73,0";"69,0";"";"";"";"1015,9";"1015,9";"1015,4";"0,8";"280,0";"2,8";"";"0,0"
"07/06/2025";"0100";"";"";"";"70,0";"73,0";"70,0";"";"";"";"1015,9";"1015,9";"1015,8";"0,8";"66,0";"3,5";"";"0,0"
"07/06/2025";"0200";"";"";"";"70,0";"74,0";"69,0";"";"";"";"1015,6";"1015,9";"1015,6";"1,2";"80,0";"2,9";"";"0,0"
"07/06/2025";"0300";"";"";"";"74,0";"74,0";"70,0";"";"";"";"1014,9";"1015,6";"1014,7";"0,7";"326,0";"2,9";"";"0,0"
"07/06/2025";"0400";"";"";"";"77,0";"78,0";"73,0";"";"";"";"1014,8";"1015,0";"1014,8";"0,9";"233,0";"2,1";"";"0,0"
"07/06/2025";"0500";"";"";"";"83,0";"85,0";"77,0";"";"";"";"1014,2";"1014,8";"1014,2";"0,7";"255,0";"2,5";"";"0,0"
"07/06/2025";"0600";"";"";"";"82,0";"86,0";"82,0";"";"";"";"1013,9";"1014,2";"1013,9";"1,2";"80,0";"3,0";"";"0,0"
"07/06/2025";"0700";"";"";"";"86,0";"86,0";"80,0";"";"";"";"1013,7";"1013,9";"1013,7";"1,0";"221,0";"2,9";"";"0,0"
"07/06/2025";"0800";"";"";"";"86,0";"87,0";"86,0";"";"";"";"1013,7";"1013,9";"1013,6";"0,7";"230,0";"2,5";"";"0,0"
"07/06/2025";"0900";"";"";"";"88,0";"88,0";"86,0";"";"";"";"1014,1";"1015,5";"1013,7";"0,6";"241,0";"2,4";"0,30";"0,0"
"07/06/2025";"1000";"";"";"";"82,0";"88,0";"82,0";"";"";"";"1014,8";"1014,9";"1014,1";"0,6";"237,0";"2,3";"317,40";"0,0"
"07/06/2025";"1100";"";"";"";"64,0";"82,0";"64,0";"";"";"";"1015,7";"1017,5";"1014,7";"1,8";"82,0";"3,8";"1056,40";"0,0"
"07/06/2025";"1200";"";"";"";"62,0";"69,0";"61,0";"";"";"";"1016,2";"1016,3";"1015,7";"1,0";"137,0";"5,4";"1320,50";"0,0"
"07/06/2025";"1300";"";"";"";"63,0";"65,0";"57,0";"";"";"";"1016,2";"1016,3";"1016,0";"1,6";"94,0";"4,9";"1940,30";"0,0"
"07/06/2025";"1400";"";"";"";"62,0";"66,0";"60,0";"";"";"";"1015,6";"1016,2";"1015,6";"1,5";"105,0";"4,8";"2214,20";"0,0"
"07/06/2025";"1500";"";"";"";"62,0";"65,0";"58,0";"";"";"";"1014,8";"1015,6";"1014,7";"2,1";"83,0";"5,3";"2516,40";"0,0"
"07/06/2025";"1600";"";"";"";"60,0";"64,0";"54,0";"";"";"";"1014,2";"1014,9";"1014,2";"1,7";"81,0";"5,3";"2474,30";"0,0"
"07/06/2025";"1700";"";"";"";"59,0";"63,0";"54,0";"";"";"";"1013,7";"1014,3";"1013,7";"1,7";"170,0";"5,0";"1779,70";"0,0"
"07/06/2025";"1800";"";"";"";"60,0";"61,0";"56,0";"";"";"";"1013,5";"1013,7";"1013,5";"2,2";"188,0";"5,4";"1669,90";"0,0"
"07/06/2025";"1900";"";"";"";"65,0";"65,0";"59,0";"";"";"";"1013,9";"1013,9";"1013,4";"1,7";"178,0";"5,8";"906,80";"0,0"
"07/06/2025";"2000";"";"";"";"67,0";"67,0";"64,0";"";"";"";"1014,3";"1014,3";"1013,9";"2,0";"186,0";"6,6";"294,20";"0,0"
"07/06/2025";"2100";"";"";"";"70,0";"74,0";"67,0";"";"";"";"1014,7";"1014,7";"1014,3";"1,4";"197,0";"4,1";"10,50";"0,0"
"07/06/2025";"2200";"";"";"";"74,0";"76,0";"70,0";"";"";"";"1015,0";"1015,0";"1014,6";"1,0";"218,0";"3,5";"";"0,0"
"07/06/2025";"2300";"";"";"";"87,0";"87,0";"71,0";"";"";"";"1015,6";"1015,7";"1015,0";"1,0";"347,0";"5,3";"";"3,6"
"08/06/2025";"0000";"";"";"";"90,0";"90,0";"86,0";"";"";"";"1015,9";"1015,9";"1015,6";"0,6";"331,0";"2,2";"";"0,0"
"08/06/2025";"0100";"";"";"";"87,0";"90,0";"87,0";"";"";"";"1016,1";"1016,1";"1015,9";"1,3";"51,0";"5,4";"";"0,2"
"08/06/2025";"0200";"";"";"";"83,0";"88,0";"83,0";"";"";"";"1015,8";"1016,1";"1015,8";"1,3";"216,0";"4,8";"";"0,0"
"08/06/2025";"0300";"";"";"";"90,0";"90,0";"83,0";"";"";"";"1015,4";"1015,9";"1015,4";"0,9";"235,0";"5,0";"";"3,4"
"08/06/2025";"0400";"";"";"";"88,0";"90,0";"84,0";"";"";"";"1015,3";"1015,4";"1015,1";"2,0";"66,0";"5,7";"";"5,8"
"08/06/2025";"0500";"";"";"";"91,0";"91,0";"88,0";"";"";"";"1014,4";"1015,3";"1014,4";"1,5";"217,0";"5,6";"";"3,6"
"08/06/2025";"0600";"";"";"";"85,0";"91,0";"85,0";"";"";"";"1014,4";"1014,6";"1014,4";"1,9";"214,0";"4,7";"";"0,2"
"08/06/2025";"0700";"";"";"";"89,0";"89,0";"83,0";"";"";"";"1014,4";"1014,5";"1014,4";"1,4";"209,0";"5,1";"";"1,2"
"08/06/2025";"0800";"";"";"";"83,0";"89,0";"82,0";"";"";"";"1014,3";"1014,4";"1014,3";"1,3";"219,0";"4,8";"";"0,0"
"08/06/2025";"0900";"";"";"";"71,0";"84,0";"70,0";"";"";"";"1014,7";"1014,7";"1014,3";"2,0";"204,0";"5,6";"1,90";"0,0"
"08/06/2025";"1000";"";"";"";"69,0";"71,0";"68,0";"";"";"";"1015,4";"1015,4";"1014,6";"1,7";"202,0";"5,7";"94,00";"0,0"
"08/06/2025";"1100";"";"";"";"68,0";"69,0";"66,0";"";"";"";"1016,1";"1016,1";"1015,4";"2,0";"189,0";"5,0";"350,90";"0,0"
"08/06/2025";"1200";"";"";"";"66,0";"69,0";"64,0";"";"";"";"1016,2";"1016,2";"1015,7";"1,8";"201,0";"6,5";"796,10";"0,0"
"08/06/2025";"1300";"";"";"";"61,0";"66,0";"59,0";"";"";"";"1016,3";"1016,4";"1016,2";"2,2";"188,0";"6,5";"1770,40";"0,0"
"08/06/2025";"1400";"";"";"";"59,0";"63,0";"58,0";"";"";"";"1015,8";"1016,3";"1015,8";"2,5";"187,0";"7,0";"2270,40";"0,0"
"08/06/2025";"1500";"";"";"";"59,0";"62,0";"57,0";"";"";"";"1014,9";"1015,8";"1014,9";"2,9";"195,0";"7,5";"2300,50";"0,0"
"08/06/2025";"1600";"";"";"";"61,0";"64,0";"57,0";"";"";"";"1014,2";"1015,0";"1014,2";"2,3";"184,0";"7,5";"2207,20";"0,0"
"08/06/2025";"1700";"";"";"";"59,0";"62,0";"57,0";"";"";"";"1013,6";"1014,2";"1013,6";"2,9";"190,0";"7,0";"1975,00";"0,0"
"08/06/2025";"1800";"";"";"";"62,0";"64,0";"57,0";"";"";"";"1013,3";"1013,7";"1013,3";"3,1";"211,0";"8,5";"1442,70";"0,0"
"08/06/2025";"1900";"";"";"";"67,0";"69,0";"61,0";"";"";"";"1013,2";"1013,4";"1013,2";"1,8";"198,0";"8,5";"538,10";"0,0"
"08/06/2025";"2000";"";"";"";"65,0";"67,0";"62,0";"";"";"";"1013,6";"1013,6";"1013,2";"1,8";"199,0";"5,3";"115,60";"0,0"
"08/06/2025";"2100";"";"";"";"71,0";"71,0";"65,0";"";"";"";"1014,0";"1014,0";"1013,5";"1,2";"302,0";"3,9";"6,00";"0,0"
"08/06/2025";"2200";"";"";"";"71,0";"71,0";"67,0";"";"";"";"1014,4";"1014,4";"1014,0";"1,3";"359,0";"5,9";"";"0,0"
"08/06/2025";"2300";"";"";"";"65,0";"71,0";"64,0";"";"";"";"1015,0";"1015,0";"1014,4";"0,9";"207,0";"3,6";"";"0,0"
"09/06/2025";"0000";"";"";"";"67,0";"68,0";"64,0";"";"";"";"1015,3";"1015,4";"1015,0";"0,8";"318,0";"3,7";"";"0,0"
"09/06/2025";"0100";"";"";"";"66,0";"70,0";"65,0";"";"";"";"1015,2";"1015,3";"1015,2";"1,2";"251,0";"3,4";"";"0,0"
"09/06/2025";"0200";"";"";"";"65,0";"66,0";"64,0";"";"";"";"1015,0";"1015,2";"1015,0";"1,3";"212,0";"2,9";"";"0,0"
"09/06/2025";"0300";"";"";"";"69,0";"70,0";"65,0";"";"";"";"1015,0";"1015,1";"1015,0";"0,6";"248,0";"2,9";"";"0,0"
"09/06/2025";"0400";"";"";"";"82,0";"82,0";"69,0";"";"";"";"1014,4";"1015,0";"1014,4";"1,0";"238,0";"1,9";"";"0,0"
"09/06/2025";"0500";"";"";"";"86,0";"86,0";"82,0";"";"";"";"1014,1";"1014,6";"1014,1";"1,0";"244,0";"2,9";"";"0,0"
"09/06/2025";"0600";"";"";"";"86,0";"87,0";"86,0";"";"";"";"1013,9";"1014,1";"1013,9";"1,4";"256,0";"2,5";"";"0,0"
"09/06/2025";"0700";"";"";"";"87,0";"87,0";"86,0";"";"";"";"1014,1";"1014,1";"1013,7";"1,7";"251,0";"3,5";"";"0,0"
"09/06/2025";"0800";"";"";"";"88,0";"88,0";"87,0";"";"";"";"1014,3";"1014,3";"1014,1";"1,6";"251,0";"3,5";"";"0,0"
"09/06/2025";"0900";"";"";"";"87,0";"88,0";"87,0";"";"";"";"1014,5";"1014,5";"1014,3";"1,3";"245,0";"2,9";"";"0,0"
"09/06/2025";"1000";"";"";"";"82,0";"87,0";"82,0";"";"";"";"1015,0";"1015,0";"1014,5";"1,2";"255,0";"2,8";"315,70";"0,0"
"09/06/2025";"1100";"";"";"";"72,0";"82,0";"72,0";"";"";"";"1015,7";"1015,7";"1015,0";"0,8";"280,0";"3,3";"966,90";"0,0"
"09/06/2025";"1200";"";"";"";"59,0";"72,0";"56,0";"";"";"";"1016,1";"1016,1";"1015,7";"0,9";"226,0";"2,0";"1578,50";"0,0"
"09/06/2025";"1300";"";"";"";"58,0";"60,0";"55,0";"";"";"";"1016,1";"1016,3";"1016,1";"2,0";"85,0";"3,9";"2086,10";"0,0"
"09/06/2025";"1400";"";"";"";"57,0";"63,0";"57,0";"";"";"";"1015,8";"1016,1";"1015,8";"1,4";"111,0";"4,4";"2361,30";"0,0"
"09/06/2025";"1500";"";"";"";"59,0";"62,0";"56,0";"";"";"";"1014,8";"1015,8";"1014,8";"1,2";"141,0";"4,1";"2299,20";"0,0"
"09/06/2025";"1600";"";"";"";"56,0";"61,0";"55,0";"";"";"";"1013,9";"1014,8";"1013,9";"2,0";"175,0";"5,1";"2417,90";"0,0"
"09/06/2025";"1700";"";"";"";"60,0";"61,0";"56,0";"";"";"";"1013,6";"1014,0";"1013,6";"2,4";"186,0";"6,8";"2130,60";"0,0"
"09/06/2025";"1800";"";"";"";"62,0";"62,0";"57,0";"";"";"";"1013,3";"1013,6";"1013,2";"2,6";"180,0";"7,2";"1678,90";"0,0"
"09/06/2025";"1900";"";"";"";"63,0";"64,0";"59,0";"";"";"";"1013,6";"1013,6";"1013,3";"2,1";"201,0";"6,3";"1093,10";"0,0"
"09/06/2025";"2000";"";"";"";"69,0";"69,0";"61,0";"";"";"";"1014,0";"1014,0";"1013,6";"1,7";"178,0";"4,5";"419,80";"0,0"
"09/06/2025";"2100";"";"";"";"73,0";"73,0";"69,0";"";"";"";"1014,0";"1014,1";"1014,0";"1,0";"195,0";"3,9";"6,60";"0,0"
"09/06/2025";"2200";"";"";"";"76,0";"76,0";"73,0";"";"";"";"1014,4";"1014,4";"1014,0";"0,9";"205,0";"2,5";"";"0,0"
"09/06/2025";"2300";"";"";"";"78,0";"78,0";"76,0";"";"";"";"1014,7";"1014,7";"1014,3";"0,5";"270,0";"2,5";"";"0,0"
"10/06/2025";"0000";"";"";"";"81,0";"81,0";"78,0";"";"";"";"1015,0";"1015,0";"1014,7";"0,8";"230,0";"1,6";"";"0,0"
"10/06/2025";"0100";"";"";"";"81,0";"82,0";"81,0";"";"";"";"1015,1";"1015,2";"1015,0";"0,6";"221,0";"1,9";"";"0,0"
"10/06/2025";"0200";"";"";"";"82,0";"82,0";"80,0";"";"";"";"1015,0";"1015,2";"1014,8";"0,6";"229,0";"1,8";"";"0,0"
"10/06/2025";"0300";"";"";"";"82,0";"83,0";"82,0";"";"";"";"1014,7";"1015,0";"1014,7";"0,9";"249,0";"1,5";"";"0,0"
"10/06/2025";"0400";"";"";"";"84,0";"84,0";"82,0";"";"";"";"1014,2";"1014,7";"1014,2";"1,1";"245,0";"1,5";"";"0,0"
"10/06/2025";"0500";"";"";"";"88,0";"88,0";"84,0";"";"";"";"1013,4";"1014,2";"1013,3";"0,6";"215,0";"1,6";"";"0,0"
"10/06/2025";"0600";"";"";"";"88,0";"88,0";"87,0";"";"";"";"1013,2";"1013,5";"1013,2";"0,6";"247,0";"2,0";"";"0,0"
"10/06/2025";"0700";"";"";"";"89,0";"89,0";"88,0";"";"";"";"1013,2";"1013,2";"1013,0";"0,8";"245,0";"1,8";"";"0,0"
"10/06/2025";"0800";"";"";"";"89,0";"89,0";"89,0";"";"";"";"1013,6";"1013,6";"1013,2";"0,5";"301,0";"1,7";"";"0,0"
"10/06/2025";"0900";"";"";"";"89,0";"89,0";"89,0";"";"";"";"1014,1";"1014,1";"1013,7";"1,5";"252,0";"2,5";"";"0,0"
"10/06/2025";"1000";"";"";"";"89,0";"89,0";"89,0";"";"";"";"1014,3";"1016,1";"1014,1";"0,7";"307,0";"2,7";"99,60";"0,0"
"10/06/2025";"1100";"";"";"";"79,0";"90,0";"79,0";"";"";"";"1015,4";"1015,4";"1014,1";"1,9";"253,0";"3,2";"974,70";"0,0"
"10/06/2025";"1200";"";"";"";"73,0";"81,0";"70,0";"";"";"";"1015,9";"1015,9";"1015,4";"1,3";"36,0";"3,2";"1350,20";"0,0"
"10/06/2025";"1300";"";"";"";"67,0";"73,0";"63,0";"";"";"";"1015,8";"1015,9";"1015,8";"1,4";"80,0";"3,0";"2078,60";"0,0"
"10/06/2025";"1400";"";"";"";"68,0";"70,0";"64,0";"";"";"";"1015,2";"1015,8";"1015,2";"2,2";"87,0";"4,2";"2338,90";"0,0"
"10/06/2025";"1500";"";"";"";"69,0";"70,0";"66,0";"";"";"";"1014,2";"1015,2";"1014,2";"2,5";"86,0";"5,0";"2465,60";"0,0"
"10/06/2025";"1600";"";"";"";"66,0";"70,0";"64,0";"";"";"";"";"1015,2";"1013,4";"2,6";"89,0";"5,0";"2399,80";"0,0"
"10/06/2025";"1700";"";"";"";"65,0";"69,0";"64,0";"";"";"";"1012,9";"1013,4";"1012,8";"2,4";"85,0";"5,6";"2123,20";"0,0"
"10/06/2025";"1800";"";"";"";"66,0";"68,0";"64,0";"";"";"";"1012,8";"1012,9";"1012,7";"1,5";"82,0";"5,3";"1581,00";"0,0"
"10/06/2025";"1900";"";"";"";"72,0";"72,0";"66,0";"";"";"";"1012,9";"1012,9";"1012,6";"2,1";"86,0";"5,3";"806,30";"0,0"
"10/06/2025";"2000";"";"";"";"82,0";"82,0";"71,0";"";"";"";"1013,3";"1013,3";"1012,9";"2,8";"86,0";"6,6";"385,80";"0,0"
"10/06/2025";"2100";"";"";"";"81,0";"82,0";"77,0";"";"";"";"1013,7";"1013,7";"1013,2";"1,0";"217,0";"5,5";"11,50";"0,0"
"10/06/2025";"2200";"";"";"";"81,0";"88,0";"81,0";"";"";"";"1014,0";"1014,1";"1013,7";"3,2";"92,0";"7,3";"";"1,0"
"10/06/2025";"2300";"";"";"";"76,0";"81,0";"76,0";"";"";"";"1014,4";"1014,4";"1014,0";"2,5";"87,0";"5,5";"";"0,0"
"11/06/2025";"0000";"";"";"";"77,0";"77,0";"74,0";"";"";"";"1014,8";"1014,8";"1014,4";"2,2";"85,0";"5,0";"";"0,0"
"11/06/2025";"0100";"";"";"";"77,0";"77,0";"76,0";"";"";"";"1014,8";"1014,8";"1014,7";"2,1";"75,0";"4,4";"";"0,0"
"11/06/2025";"0200";"";"";"";"76,0";"78,0";"75,0";"";"";"";"1014,7";"1014,8";"1014,4";"2,2";"74,0";"4,7";"";"0,0"
"11/06/2025";"0300";"";"";"";"77,0";"78,0";"76,0";"";"";"";"1014,4";"1014,7";"1014,3";"2,0";"68,0";"4,8";"";"0,0"
"11/06/2025";"0400";"";"";"";"79,0";"79,0";"77,0";"";"";"";"1013,7";"1014,4";"1013,7";"1,5";"44,0";"4,4";"";"0,0"
"11/06/2025";"0500";"";"";"";"81,0";"82,0";"79,0";"";"";"";"1013,3";"1013,7";"1013,3";"0,9";"21,0";"3,1";"";"0,0"
"11/06/2025";"0600";"";"";"";"88,0";"88,0";"81,0";"";"";"";"1012,9";"1013,3";"1012,9";"0,8";"241,0";"2,3";"";"0,0"
"11/06/2025";"0700";"";"";"";"89,0";"89,0";"88,0";"";"";"";"1013,0";"1013,0";"1012,8";"0,8";"71,0";"2,0";"";"0,6"
"11/06/2025";"0800";"";"";"";"91,0";"91,0";"89,0";"";"";"";"1013,4";"1013,4";"1012,9";"0,4";"246,0";"1,8";"";"0,0"
"11/06/2025";"0900";"";"";"";"91,0";"91,0";"90,0";"";"";"";"1013,7";"1013,7";"1013,4";"1,1";"239,0";"2,1";"";"0,0"
"11/06/2025";"1000";"";"";"";"91,0";"91,0";"91,0";"";"";"";"1014,2";"1014,2";"1013,7";"0,7";"255,0";"2,3";"236,80";"0,0"
"11/06/2025";"1100";"";"";"";"76,0";"91,0";"76,0";"";"";"";"1015,1";"1015,1";"1014,2";"1,1";"39,0";"2,9";"738,40";"0,0"
"11/06/2025";"1200";"";"";"";"72,0";"81,0";"71,0";"";"";"";"1015,2";"1015,4";"1015,1";"1,8";"77,0";"3,4";"1349,40";"0,2"
"11/06/2025";"1300";"";"";"";"68,0";"72,0";"66,0";"";"";"";"1014,9";"1015,7";"1014,9";"2,6";"83,0";"5,0";"2041,50";"0,0"
"11/06/2025";"1400";"";"";"";"68,0";"70,0";"64,0";"";"";"";"1014,7";"1015,1";"1014,5";"3,0";"93,0";"4,9";"2242,50";"0,0"
"11/06/2025";"1500";"";"";"";"68,0";"69,0";"65,0";"";"";"";"1013,9";"1014,7";"1013,9";"2,8";"90,0";"5,4";"2436,50";"0,0"
"11/06/2025";"1600";"";"";"";"66,0";"69,0";"64,0";"";"";"";"1012,0";"1013,9";"1011,8";"2,8";"89,0";"5,4";"2397,10";"0,0"
"11/06/2025";"1700";"";"";"";"64,0";"67,0";"63,0";"";"";"";"1011,5";"1012,1";"1011,5";"3,0";"84,0";"5,9";"2121,40";"0,0"
"11/06/2025";"1800";"";"";"";"64,0";"67,0";"62,0";"";"";"";"1011,7";"1012,5";"1011,0";"1,8";"80,0";"5,2";"1668,00";"0,0"
"11/06/2025";"1900";"";"";"";"65,0";"66,0";"60,0";"";"";"";"1012,0";"1013,5";"1011,6";"1,8";"79,0";"4,9";"1080,40";"0,0"
"11/06/2025";"2000";"";"";"";"72,0";"72,0";"65,0";"";"";"";"1012,4";"1012,4";"1012,0";"0,5";"15,0";"4,0";"413,50";"0,0"
"11/06/2025";"2100";"";"";"";"73,0";"74,0";"70,0";"";"";"";"1012,4";"1012,5";"1012,1";"1,8";"83,0";"4,7";"5,80";"0,0"
"11/06/2025";"2200";"";"";"";"72,0";"74,0";"70,0";"";"";"";"1013,2";"1013,2";"1012,3";"1,2";"70,0";"5,0";"";"0,0"
"11/06/2025";"2300";"";"";"";"71,0";"72,0";"69,0";"";"";"";"1013,3";"1013,5";"1013,2";"1,1";"30,0";"4,2";"";"0,0"
"12/06/2025";"0000";"";"";"";"70,0";"73,0";"69,0";"";"";"";"1013,5";"1013,6";"1013,3";"1,3";"71,0";"4,5";"";"0,0"
"12/06/2025";"0100";"";"";"";"71,0";"72,0";"70,0";"";"";"";"1014,0";"1014,0";"1013,4";"0,9";"262,0";"4,9";"";"0,0"
"12/06/2025";"0200";"";"";"";"70,0";"73,0";"70,0";"";"";"";"1014,4";"1014,4";"1014,0";"1,0";"281,0";"2,8";"";"0,0"
"12/06/2025";"0300";"";"";"";"71,0";"72,0";"70,0";"";"";"";"1014,3";"1014,4";"1014,2";"0,7";"345,0";"2,6";"";"0,0"
"12/06/2025";"0400";"";"";"";"71,0";"73,0";"69,0";"";"";"";"1014,0";"1014,3";"1013,9";"0,8";"303,0";"2,3";"";"0,0"
"12/06/2025";"0500";"";"";"";"70,0";"73,0";"68,0";"";"";"";"1013,4";"1014,0";"1013,4";"0,8";"274,0";"1,9";"";"0,0"
"12/06/2025";"0600";"";"";"";"74,0";"74,0";"68,0";"";"";"";"1013,0";"1013,9";"1013,0";"0,9";"263,0";"2,2";"";"0,0"
"12/06/2025";"0700";"";"";"";"70,0";"74,0";"67,0";"";"";"";"1013,1";"1013,1";"1012,8";"1,1";"342,0";"4,0";"";"0,0"
"12/06/2025";"0800";"";"";"";"71,0";"72,0";"68,0";"";"";"";"1013,1";"1015,7";"1012,9";"1,1";"337,0";"2,8";"";"0,0"
"12/06/2025";"0900";"";"";"";"67,0";"71,0";"67,0";"";"";"";"1012,7";"1014,4";"1012,3";"1,1";"36,0";"4,6";"0,20";"0,0"
"12/06/2025";"1000";"";"";"";"64,0";"69,0";"64,0";"";"";"";"1013,6";"1013,6";"1012,7";"1,2";"223,0";"3,9";"296,40";"0,0"
"12/06/2025";"1100";"";"";"";"58,0";"65,0";"57,0";"";"";"";"1014,8";"1014,8";"1013,6";"1,4";"190,0";"4,3";"814,10";"0,0"
"12/06/2025";"1200";"";"";"";"54,0";"63,0";"52,0";"";"";"";"1014,4";"1015,0";"1014,4";"0,9";"187,0";"4,3";"1536,00";"0,0"
"12/06/2025";"1300";"";"";"";"51,0";"57,0";"50,0";"";"";"";"1014,8";"1014,9";"1014,2";"1,9";"137,0";"4,7";"2129,40";"0,0"
"12/06/2025";"1400";"";"";"";"55,0";"57,0";"50,0";"";"";"";"1014,3";"1014,9";"1014,3";"1,5";"176,0";"4,5";"2446,30";"0,0"
"12/06/2025";"1500";"";"";"";"50,0";"58,0";"48,0";"";"";"";"1014,0";"1014,4";"1013,6";"2,5";"177,0";"5,7";"2458,40";"0,0"
"12/06/2025";"1600";"";"";"";"51,0";"56,0";"49,0";"";"";"";"1013,4";"1014,5";"1013,3";"1,9";"167,0";"5,7";"2414,70";"0,0"
"12/06/2025";"1700";"";"";"";"52,0";"55,0";"47,0";"";"";"";"1012,4";"1013,4";"1012,4";"2,1";"181,0";"5,5";"2154,60";"0,0"
"12/06/2025";"1800";"";"";"";"54,0";"56,0";"49,0";"";"";"";"1012,6";"1013,9";"1012,2";"2,1";"197,0";"5,8";"1695,40";"0,0"
"12/06/2025";"1900";"";"";"";"55,0";"56,0";"51,0";"";"";"";"1012,5";"1013,3";"1012,0";"1,8";"186,0";"5,8";"1121,50";"0,0"
"12/06/2025";"2000";"";"";"";"61,0";"61,0";"54,0";"";"";"";"1012,8";"1012,8";"1012,4";"1,9";"193,0";"5,5";"438,00";"0,0"
"12/06/2025";"2100";"";"";"";"64,0";"65,0";"61,0";"";"";"";"1013,2";"1013,2";"1012,7";"1,9";"200,0";"4,9";"9,10";"0,0"
"12/06/2025";"2200";"";"";"";"65,0";"65,0";"64,0";"";"";"";"1013,8";"1013,8";"1013,1";"1,7";"201,0";"4,8";"";"0,0"
"12/06/2025";"2300";"";"";"";"63,0";"66,0";"63,0";"";"";"";"1014,6";"1014,6";"1013,8";"1,7";"205,0";"4,7";"";"0,0"
"13/06/2025";"0000";"";"";"";"65,0";"66,0";"63,0";"";"";"";"1014,9";"1016,4";"1014,2";"1,8";"199,0";"4,9";"";"0,0"
"13/06/2025";"0100";"";"";"";"66,0";"66,0";"64,0";"";"";"";"1015,5";"1015,7";"1014,7";"2,2";"196,0";"5,5";"";"0,0"
"13/06/2025";"0200";"";"";"";"71,0";"71,0";"66,0";"";"";"";"1015,6";"1015,6";"1015,2";"1,4";"215,0";"5,5";"";"0,0"
"13/06/2025";"0300";"";"";"";"69,0";"71,0";"68,0";"";"";"";"1015,5";"1015,8";"1015,4";"1,7";"206,0";"5,5";"";"0,0"
"13/06/2025";"0400";"";"";"";"69,0";"71,0";"68,0";"";"";"";"1015,1";"1015,5";"1015,1";"1,9";"203,0";"4,9";"";"0,0"
"13/06/2025";"0500";"";"";"";"72,0";"72,0";"68,0";"";"";"";"1014,4";"1016,6";"1014,3";"1,4";"205,0";"4,7";"";"0,0"
"13/06/2025";"0600";"";"";"";"84,0";"85,0";"71,0";"";"";"";"1014,7";"1014,7";"1014,2";"1,6";"213,0";"6,8";"";"2,0"
"13/06/2025";"0700";"";"";"";"83,0";"84,0";"80,0";"";"";"";"1014,0";"1014,8";"1013,9";"1,6";"221,0";"4,1";"";"0,0"
"13/06/2025";"0800";"";"";"";"83,0";"84,0";"81,0";"";"";"";"1015,3";"1015,3";"1014,0";"0,7";"210,0";"7,6";"";"0,2"
"13/06/2025";"0900";"";"";"";"90,0";"90,0";"83,0";"";"";"";"1015,6";"1015,8";"1015,2";"1,0";"241,0";"3,9";"";"3,2"
"13/06/2025";"1000";"";"";"";"84,0";"90,0";"84,0";"";"";"";"1015,6";"1016,2";"1015,3";"1,6";"234,0";"6,0";"184,20";"0,8"
"13/06/2025";"1100";"";"";"";"87,0";"89,0";"78,0";"";"";"";"1017,1";"1017,2";"1015,6";"2,8";"219,0";"6,4";"301,30";"6,6"
"13/06/2025";"1200";"";"";"";"";"";"";"";"";"";"";"";"";"";"";"";"";""
"13/06/2025";"1300";"";"";"";"";"";"";"";"";"";"";"";"";"";"";"";"";""
"13/06/2025";"1400";"";"";"";"";"";"";"";"";"";"";"";"";"";"";"";"";""
"13/06/2025";"1500";"";"";"";"";"";"";"";"";"";"";"";"";"";"";"";"";""
"13/06/2025";"1600";"";"";"";"";"";"";"";"";"";"";"";"";"";"";"";"";""
"13/06/2025";"1700";"";"";"";"";"";"";"";"";"";"";"";"";"";"";"";"";""
"13/06/2025";"1800";"";"";"";"";"";"";"";"";"";"";"";"";"";"";"";"";""
"13/06/2025";"1900";"";"";"";"";"";"";"";"";"";"";"";"";"";"";"";"";""
"13/06/2025";"2000";"";"";"";"";"";"";"";"";"";"";"";"";"";"";"";"";""
"13/06/2025";"2100";"";"";"";"";"";"";"";"";"";"";"";"";"";"";"";"";""
"13/06/2025";"2200";"";"";"";"";"";"";"";"";"";"";"";"";"";"";"";"";""
"13/06/2025";"2300";"";"";"";"";"";"";"";"";"";"";"";"";"";"";"";"";""
"14/06/2025";"0000";"";"";"";"";"";"";"";"";"";"";"";"";"";"";"";"";""
"14/06/2025";"0100";"";"";"";"";"";"";"";"";"";"";"";"";"";"";"";"";""
"14/06/2025";"0200";"";"";"";"";"";"";"";"";"";"";"";"";"";"";"";"";""
"14/06/2025";"0300";"";"";"";"";"";"";"";"";"";"";"";"";"";"";"";"";""
"14/06/2025";"0400";"";"";"";"";"";"";"";"";"";"";"";"";"";"";"";"";""
"14/06/2025";"0500";"";"";"";"";"";"";"";"";"";"";"";"";"";"";"";"";""
"14/06/2025";"0600";"";"";"";"";"";"";"";"";"";"";"";"";"";"";"";"";""
"14/06/2025";"0700";"";"";"";"";"";"";"";"";"";"";"";"";"";"";"";"";""
"14/06/2025";"0800";"";"";"";"";"";"";"";"";"";"";"";"";"";"";"";"";""
"14/06/2025";"0900";"";"";"";"";"";"";"";"";"";"";"";"";"";"";"";"";""
"14/06/2025";"1000";"";"";"";"";"";"";"";"";"";"";"";"";"";"";"";"";""
"14/06/2025";"1100";"";"";"";"60,0";"64,0";"58,0";"";"";"";"1019,3";"1019,3";"1018,6";"3,7";"188,0";"10,2";"343,10";"0,0"
"14/06/2025";"1200";"";"";"";"59,0";"62,0";"56,0";"";"";"";"1019,8";"1019,8";"1019,3";"3,2";"194,0";"9,9";"649,30";"0,0"
"14/06/2025";"1300";"";"";"";"60,0";"67,0";"58,0";"";"";"";"1019,8";"1019,9";"1019,7";"3,3";"192,0";"9,9";"916,60";"0,0"
"14/06/2025";"1400";"";"";"";"58,0";"61,0";"57,0";"";"";"";"1019,5";"1019,8";"1019,5";"3,6";"191,0";"10,3";"1303,60";"0,0"
"14/06/2025";"1500";"";"";"";"56,0";"60,0";"55,0";"";"";"";"1019,2";"1019,6";"1019,2";"3,6";"192,0";"11,1";"1439,20";"0,0"
"14/06/2025";"1600";"";"";"";"51,0";"58,0";"51,0";"";"";"";"1018,4";"1019,2";"1018,0";"2,9";"191,0";"9,6";"1436,80";"0,0"
"14/06/2025";"1700";"";"";"";"52,0";"54,0";"49,0";"";"";"";"1017,8";"1018,5";"1017,8";"2,9";"200,0";"7,9";"1626,10";"0,0"
"14/06/2025";"1800";"";"";"";"64,0";"65,0";"50,0";"";"";"";"1017,7";"1017,9";"1017,6";"3,5";"193,0";"8,6";"1324,70";"0,0"
"14/06/2025";"1900";"";"";"";"62,0";"64,0";"60,0";"";"";"";"1017,8";"1018,0";"1017,7";"3,5";"192,0";"13,7";"637,00";"0,0"
"14/06/2025";"2000";"";"";"";"62,0";"68,0";"60,0";"";"";"";"1018,0";"1018,1";"1017,8";"3,7";"193,0";"11,1";"301,50";"0,0"
"14/06/2025";"2100";"";"";"";"65,0";"67,0";"62,0";"";"";"";"1018,2";"1018,3";"1017,7";"3,5";"193,0";"10,0";"15,80";"0,0"
"14/06/2025";"2200";"";"";"";"61,0";"66,0";"61,0";"";"";"";"1018,6";"1018,6";"1018,2";"4,2";"196,0";"10,8";"";"0,0"
"14/06/2025";"2300";"";"";"";"59,0";"62,0";"59,0";"";"";"";"1019,2";"1019,2";"1018,6";"4,1";"192,0";"10,8";"";"0,0"
"15/06/2025";"0000";"";"";"";"57,0";"60,0";"56,0";"";"";"";"1019,6";"1019,6";"1019,2";"3,8";"193,0";"10,1";"";"0,0"
"15/06/2025";"0100";"";"";"";"56,0";"58,0";"55,0";"";"";"";"1019,7";"1019,7";"1019,6";"3,1";"200,0";"9,0";"";"0,0"
"15/06/2025";"0200";"";"";"";"53,0";"56,0";"51,0";"";"";"";"1019,5";"1019,7";"1019,5";"3,4";"193,0";"9,0";"";"0,0"
"15/06/2025";"0300";"";"";"";"57,0";"57,0";"52,0";"";"";"";"1019,2";"1019,6";"1019,2";"2,9";"196,0";"8,9";"";"0,0"
"15/06/2025";"0400";"";"";"";"57,0";"58,0";"54,0";"";"";"";"1018,6";"1019,2";"1018,6";"2,9";"196,0";"8,1";"";"0,0"
"15/06/2025";"0500";"";"";"";"58,0";"61,0";"57,0";"";"";"";"1018,1";"1018,6";"1018,1";"3,1";"190,0";"8,9";"";"0,0"
"15/06/2025";"0600";"";"";"";"57,0";"62,0";"56,0";"";"";"";"1017,5";"1018,1";"1017,5";"3,0";"196,0";"8,6";"";"0,0"
"15/06/2025";"0700";"";"";"";"56,0";"59,0";"53,0";"";"";"";"1017,5";"1017,6";"1017,3";"2,8";"195,0";"10,2";"";"0,0"
"15/06/2025";"0800";"";"";"";"62,0";"63,0";"55,0";"";"";"";"1017,7";"1017,7";"1017,5";"3,0";"193,0";"8,1";"";"0,0"
"15/06/2025";"0900";"";"";"";"64,0";"65,0";"59,0";"";"";"";"1017,4";"1018,6";"1017,0";"3,5";"190,0";"9,2";"";"0,0"
"15/06/2025";"1000";"";"";"";"64,0";"64,0";"61,0";"";"";"";"1018,5";"1018,5";"1017,4";"3,2";"196,0";"9,2";"66,10";"0,0"
"15/06/2025";"1100";"";"";"";"57,0";"67,0";"56,0";"";"";"";"1018,8";"1018,8";"1018,5";"2,6";"195,0";"9,7";"401,60";"0,0"
"15/06/2025";"1200";"";"";"";"59,0";"61,0";"56,0";"";"";"";"1019,3";"1019,3";"1018,8";"2,1";"200,0";"9,2";"561,50";"0,0"
"15/06/2025";"1300";"";"";"";"81,0";"82,0";"59,0";"";"";"";"1019,1";"1019,5";"1019,0";"1,4";"217,0";"6,4";"725,00";"0,0"
"15/06/2025";"1400";"";"";"";"85,0";"87,0";"75,0";"";"";"";"1019,1";"1019,4";"1019,1";"3,0";"194,0";"8,1";"980,80";"1,2"
"15/06/2025";"1500";"";"";"";"86,0";"86,0";"76,0";"";"";"";"1018,4";"1019,1";"1018,4";"2,0";"200,0";"8,1";"1187,90";"1,2"
"15/06/2025";"1600";"";"";"";"73,0";"87,0";"73,0";"";"";"";"1017,7";"1018,4";"1017,7";"1,5";"209,0";"5,9";"1195,90";"0,0"
"15/06/2025";"1700";"";"";"";"80,0";"80,0";"73,0";"";"";"";"1017,1";"1017,7";"1016,9";"1,7";"232,0";"6,6";"1042,40";"0,6"
"15/06/2025";"1800";"";"";"";"91,0";"91,0";"80,0";"";"";"";"1016,8";"1017,2";"1016,7";"2,8";"88,0";"6,1";"324,40";"9,8"
"15/06/2025";"1900";"";"";"";"91,0";"92,0";"91,0";"";"";"";"1016,8";"1016,9";"1016,7";"1,1";"334,0";"7,8";"247,40";"5,6"
"15/06/2025";"2000";"";"";"";"90,0";"91,0";"90,0";"";"";"";"1016,7";"1016,8";"1016,7";"2,2";"199,0";"5,7";"82,70";"0,6"
"15/06/2025";"2100";"";"";"";"91,0";"91,0";"90,0";"";"";"";"1017,0";"1017,0";"1016,7";"1,2";"238,0";"5,4";"4,10";"2,4"
"15/06/2025";"2200";"";"";"";"91,0";"91,0";"91,0";"";"";"";"1017,3";"1017,3";"1017,0";"1,0";"212,0";"3,7";"";"0,2"
"15/06/2025";"2300";"";"";"";"91,0";"91,0";"91,0";"";"";"";"1017,8";"1017,8";"1017,2";"1,2";"204,0";"5,5";"";"0,0"
"16/06/2025";"0000";"";"";"";"91,0";"91,0";"91,0";"";"";"";"1018,3";"1018,3";"1017,8";"0,9";"142,0";"3,5";"";"1,2"
"16/06/2025";"0100";"";"";"";"91,0";"92,0";"91,0";"";"";"";"1018,0";"1018,3";"1018,0";"1,0";"50,0";"2,5";"";"0,8"
"16/06/2025";"0200";"";"";"";"91,0";"92,0";"91,0";"";"";"";"1018,2";"1018,2";"1017,9";"2,8";"73,0";"5,6";"";"4,0"
"16/06/2025";"0300";"";"";"";"92,0";"92,0";"91,0";"";"";"";"1018,0";"1018,3";"1018,0";"2,5";"92,0";"5,6";"";"3,2"
"16/06/2025";"0400";"";"";"";"92,0";"92,0";"92,0";"";"";"";"1017,5";"1018,0";"1017,5";"0,7";"79,0";"5,6";"";"0,2"
"16/06/2025";"0500";"";"";"";"91,0";"92,0";"91,0";"";"";"";"1017,4";"1017,5";"1017,2";"4,1";"97,0";"10,8";"";"2,0"
"16/06/2025";"0600";"";"";"";"91,0";"92,0";"91,0";"";"";"";"1017,1";"1017,4";"1017,0";"5,4";"87,0";"10,8";"";"4,4"
"16/06/2025";"0700";"";"";"";"90,0";"92,0";"89,0";"";"";"";"1017,3";"1017,3";"1017,1";"3,1";"84,0";"10,8";"";"1,0"
"16/06/2025";"0800";"";"";"";"91,0";"91,0";"90,0";"";"";"";"1016,8";"1017,9";"1016,5";"0,8";"357,0";"6,4";"";"0,6"
"16/06/2025";"0900";"";"";"";"92,0";"92,0";"91,0";"";"";"";"1017,3";"1017,3";"1016,8";"1,7";"250,0";"2,7";"";"0,0"
"16/06/2025";"1000";"";"";"";"92,0";"92,0";"92,0";"";"";"";"1018,0";"1018,0";"1017,3";"1,5";"231,0";"2,8";"70,40";"0,2"
"16/06/2025";"1100";"";"";"";"93,0";"93,0";"92,0";"";"";"";"1019,3";"1019,3";"1018,0";"2,2";"85,0";"5,0";"87,60";"10,6"
"16/06/2025";"1200";"";"";"";"92,0";"93,0";"92,0";"";"";"";"1019,5";"1019,5";"1019,3";"1,6";"84,0";"5,6";"475,60";"1,6"
"16/06/2025";"1300";"";"";"";"91,0";"92,0";"90,0";"";"";"";"1018,7";"1019,6";"1018,6";"1,1";"29,0";"3,7";"692,20";"0,4"
"16/06/2025";"1400";"";"";"";"89,0";"91,0";"81,0";"";"";"";"1018,5";"1018,7";"1018,5";"3,3";"71,0";"6,6";"917,70";"1,0"
"16/06/2025";"1500";"";"";"";"89,0";"91,0";"88,0";"";"";"";"1017,4";"1018,5";"1017,4";"0,6";"341,0";"5,9";"980,20";"0,6"
"16/06/2025";"1600";"";"";"";"71,0";"89,0";"68,0";"";"";"";"1016,8";"1017,4";"1016,7";"1,1";"157,0";"2,4";"1375,70";"0,0"
"16/06/2025";"1700";"";"";"";"70,0";"74,0";"69,0";"";"";"";"1016,1";"1016,8";"1016,1";"1,6";"173,0";"4,8";"1301,30";"0,0"
"16/06/2025";"1800";"";"";"";"77,0";"77,0";"69,0";"";"";"";"1016,5";"1016,6";"1016,1";"2,5";"191,0";"5,3";"988,90";"0,0"
"16/06/2025";"1900";"";"";"";"76,0";"78,0";"71,0";"";"";"";"1016,3";"1016,6";"1015,9";"2,8";"193,0";"6,6";"714,70";"0,0"
"16/06/2025";"2000";"";"";"";"81,0";"81,0";"76,0";"";"";"";"1015,8";"1016,4";"1015,6";"2,1";"194,0";"6,6";"223,90";"0,0"
"16/06/2025";"2100";"";"";"";"83,0";"83,0";"81,0";"";"";"";"1016,1";"1016,1";"1015,6";"1,4";"209,0";"4,8";"6,50";"0,0"
"16/06/2025";"2200";"";"";"";"76,0";"83,0";"74,0";"";"";"";"1016,6";"1016,6";"1015,9";"1,8";"196,0";"4,4";"";"0,0"
"16/06/2025";"2300";"";"";"";"81,0";"81,0";"76,0";"";"";"";"1016,8";"1016,8";"1016,5";"2,9";"192,0";"7,9";"";"0,0"
"17/06/2025";"0000";"";"";"";"81,0";"81,0";"77,0";"";"";"";"1017,4";"1017,4";"1016,8";"2,7";"204,0";"7,3";"";"0,0"
"17/06/2025";"0100";"";"";"";"76,0";"81,0";"74,0";"";"";"";"1017,7";"1017,7";"1017,4";"1,8";"199,0";"7,4";"";"0,0"
"17/06/2025";"0200";"";"";"";"79,0";"79,0";"75,0";"";"";"";"1017,7";"1017,7";"1017,5";"0,6";"231,0";"5,4";"";"0,0"
"17/06/2025";"0300";"";"";"";"77,0";"79,0";"74,0";"";"";"";"1017,3";"1017,7";"1017,3";"1,9";"206,0";"5,0";"";"0,0"
"17/06/2025";"0400";"";"";"";"80,0";"81,0";"76,0";"";"";"";"1017,0";"1017,3";"1017,0";"2,6";"202,0";"7,7";"";"0,0"
"17/06/2025";"0500";"";"";"";"79,0";"80,0";"77,0";"";"";"";"1016,7";"1017,0";"1016,7";"2,2";"200,0";"7,4";"";"0,0"
"17/06/2025";"0600";"";"";"";"89,0";"89,0";"78,0";"";"";"";"1016,3";"1016,9";"1016,1";"0,5";"246,0";"6,3";"";"4,8"
"17/06/2025";"0700";"";"";"";"83,0";"89,0";"83,0";"";"";"";"1016,4";"1016,4";"1016,1";"1,0";"213,0";"3,0";"";"0,0"
"17/06/2025";"0800";"";"";"";"76,0";"83,0";"76,0";"";"";"";"1016,6";"1016,6";"1016,4";"1,2";"314,0";"4,6";"";"0,0"
"17/06/2025";"0900";"";"";"";"78,0";"78,0";"73,0";"";"";"";"1016,5";"1016,7";"1016,5";"0,9";"338,0";"4,6";"";"0,0"
"17/06/2025";"1000";"";"";"";"82,0";"82,0";"78,0";"";"";"";"1017,1";"1017,2";"1016,2";"1,0";"218,0";"2,6";"163,00";"0,0"
"17/06/2025";"1100";"";"";"";"77,0";"82,0";"77,0";"";"";"";"1017,8";"1017,8";"1017,1";"0,8";"207,0";"2,4";"506,20";"0,0"
"17/06/2025";"1200";"";"";"";"82,0";"82,0";"71,0";"";"";"";"1018,2";"1018,2";"1017,6";"1,5";"208,0";"5,2";"737,10";"0,0"
"17/06/2025";"1300";"";"";"";"86,0";"88,0";"81,0";"";"";"";"1018,4";"1018,6";"1018,2";"0,9";"192,0";"3,9";"540,50";"0,4"
"17/06/2025";"1400";"";"";"";"90,0";"90,0";"82,0";"";"";"";"1018,2";"1018,4";"1018,2";"0,8";"91,0";"5,7";"738,40";"0,4"
"17/06/2025";"1500";"";"";"";"88,0";"90,0";"88,0";"";"";"";"1017,6";"1018,3";"1017,6";"2,3";"190,0";"4,9";"700,70";"3,2"
"17/06/2025";"1600";"";"";"";"77,0";"89,0";"76,0";"";"";"";"1016,9";"1017,6";"1016,9";"2,2";"75,0";"5,5";"1025,70";"0,0"
"17/06/2025";"1700";"";"";"";"87,0";"88,0";"75,0";"";"";"";"1016,3";"1016,9";"1016,0";"2,4";"186,0";"6,8";"543,20";"3,6"
"17/06/2025";"1800";"";"";"";"90,0";"90,0";"87,0";"";"";"";"1015,9";"1016,4";"1015,9";"1,8";"79,0";"6,8";"413,50";"3,2"
"17/06/2025";"1900";"";"";"";"90,0";"90,0";"88,0";"";"";"";"";"1017,3";"1015,1";"0,8";"22,0";"4,5";"322,50";"0,8"
"17/06/2025";"2000";"";"";"";"90,0";"90,0";"89,0";"";"";"";"1016,1";"1017,0";"1015,5";"1,5";"55,0";"3,7";"54,30";"1,0"
"17/06/2025";"2100";"";"";"";"75,0";"90,0";"75,0";"";"";"";"1016,1";"1016,3";"1016,1";"1,4";"72,0";"3,9";"";"0,0"
"17/06/2025";"2200";"";"";"";"77,0";"77,0";"75,0";"";"";"";"1016,8";"1016,8";"1016,1";"2,0";"235,0";"4,8";"";"0,0"
"17/06/2025";"2300";"";"";"";"81,0";"85,0";"77,0";"";"";"";"1017,1";"1017,1";"1016,8";"1,0";"258,0";"6,6";"";"0,2"
"18/06/2025";"0000";"";"";"";"79,0";"82,0";"77,0";"";"";"";"1017,9";"1017,9";"1017,1";"2,9";"201,0";"6,6";"";"0,6"
"18/06/2025";"0100";"";"";"";"77,0";"87,0";"77,0";"";"";"";"1018,0";"1018,0";"1017,9";"1,9";"238,0";"6,6";"";"0,0"
"18/06/2025";"0200";"";"";"";"65,0";"78,0";"64,0";"";"";"";"1018,3";"1018,3";"1018,0";"1,5";"232,0";"6,0";"";"0,2"
"18/06/2025";"0300";"";"";"";"67,0";"70,0";"65,0";"";"";"";"1018,1";"1018,3";"1018,0";"1,2";"238,0";"5,0";"";"0,0"
"18/06/2025";"0400";"";"";"";"65,0";"68,0";"63,0";"";"";"";"1017,9";"1018,1";"1017,9";"1,3";"234,0";"5,0";"";"0,0"
"18/06/2025";"0500";"";"";"";"65,0";"65,0";"62,0";"";"";"";"1017,5";"1017,9";"1017,5";"1,1";"299,0";"3,9";"";"0,0"
"18/06/2025";"0600";"";"";"";"63,0";"66,0";"61,0";"";"";"";"1017,3";"1017,5";"1017,3";"1,2";"5,0";"4,6";"";"0,0"
"18/06/2025";"0700";"";"";"";"62,0";"65,0";"62,0";"";"";"";"1017,3";"1017,4";"1017,2";"1,4";"31,0";"3,8";"";"0,0"
"18/06/2025";"0800";"";"";"";"65,0";"66,0";"62,0";"";"";"";"1017,5";"1017,5";"1017,3";"1,1";"325,0";"4,7";"";"0,0"
"18/06/2025";"0900";"";"";"";"69,0";"71,0";"65,0";"";"";"";"1017,6";"1017,7";"1017,3";"1,2";"308,0";"5,0";"";"0,0"
"18/06/2025";"1000";"";"";"";"72,0";"83,0";"68,0";"";"";"";"1018,0";"1018,1";"1017,6";"3,6";"89,0";"7,1";"238,10";"0,2"
"18/06/2025";"1100";"";"";"";"68,0";"73,0";"66,0";"";"";"";"1018,6";"1018,6";"1018,0";"1,5";"324,0";"7,1";"864,90";"0,0"
"18/06/2025";"1200";"";"";"";"64,0";"68,0";"60,0";"";"";"";"1019,2";"1019,2";"1018,6";"1,3";"322,0";"4,3";"1471,60";"0,0"
"18/06/2025";"1300";"";"";"";"60,0";"64,0";"58,0";"";"";"";"1019,3";"1019,4";"1019,2";"1,5";"351,0";"4,1";"1847,50";"0,0"
"18/06/2025";"1400";"";"";"";"59,0";"64,0";"57,0";"";"";"";"1019,1";"1019,3";"1019,0";"1,4";"5,0";"6,0";"2195,20";"0,0"
"18/06/2025";"1500";"";"";"";"59,0";"62,0";"56,0";"";"";"";"1018,7";"1019,1";"1018,6";"1,4";"335,0";"5,3";"2261,30";"0,0"
"18/06/2025";"1600";"";"";"";"55,0";"62,0";"54,0";"";"";"";"1018,0";"1018,7";"1018,0";"1,3";"232,0";"4,5";"2318,20";"0,0"
"18/06/2025";"1700";"";"";"";"56,0";"61,0";"55,0";"";"";"";"1017,4";"1018,0";"1017,4";"1,2";"240,0";"5,1";"2049,90";"0,0"
"18/06/2025";"1800";"";"";"";"57,0";"65,0";"53,0";"";"";"";"1017,4";"1017,5";"1017,3";"1,3";"294,0";"5,3";"1371,70";"0,0"
"18/06/2025";"1900";"";"";"";"53,0";"64,0";"53,0";"";"";"";"1017,5";"1017,5";"1017,4";"1,4";"236,0";"3,7";"932,90";"0,0"
"18/06/2025";"2000";"";"";"";"61,0";"62,0";"53,0";"";"";"";"1017,7";"1017,7";"1017,5";"1,2";"295,0";"3,7";"419,50";"0,0"
"18/06/2025";"2100";"";"";"";"63,0";"64,0";"60,0";"";"";"";"1017,5";"1017,7";"1017,1";"1,2";"205,0";"4,1";"13,20";"0,0"
"18/06/2025";"2200";"";"";"";"63,0";"66,0";"62,0";"";"";"";"1017,8";"1017,8";"1017,4";"1,4";"212,0";"3,3";"";"0,0"
"18/06/2025";"2300";"";"";"";"59,0";"64,0";"59,0";"";"";"";"1018,3";"1018,3";"1017,8";"1,9";"198,0";"4,4";"";"0,0"
"19/06/2025";"0000";"";"";"";"58,0";"61,0";"56,0";"";"";"";"1018,6";"1018,6";"1018,3";"1,7";"203,0";"4,1";"";"0,0"
"19/06/2025";"0100";"";"";"";"59,0";"59,0";"56,0";"";"";"";"1018,6";"1018,8";"1018,6";"1,5";"200,0";"4,1";"";"0,0"
"19/06/2025";"0200";"";"";"";"58,0";"66,0";"58,0";"";"";"";"1018,5";"1018,6";"1018,4";"1,9";"208,0";"5,3";"";"0,0"
"19/06/2025";"0300";"";"";"";"63,0";"67,0";"54,0";"";"";"";"1018,1";"1018,5";"1018,1";"0,9";"215,0";"5,3";"";"0,0"
"19/06/2025";"0400";"";"";"";"67,0";"67,0";"60,0";"";"";"";"1017,7";"1018,1";"1017,7";"1,1";"218,0";"4,8";"";"0,0"
"19/06/2025";"0500";"";"";"";"67,0";"69,0";"66,0";"";"";"";"1017,5";"1017,7";"1017,3";"1,0";"246,0";"2,5";"";"0,0"
"19/06/2025";"0600";"";"";"";"64,0";"67,0";"64,0";"";"";"";"1017,2";"1017,5";"1017,1";"1,0";"260,0";"2,9";"";"0,0"
"19/06/2025";"0700";"";"";"";"66,0";"66,0";"63,0";"";"";"";"1017,2";"1017,3";"1017,1";"1,0";"212,0";"3,2";"";"0,0"
"19/06/2025";"0800";"";"";"";"79,0";"79,0";"66,0";"";"";"";"1017,3";"1017,3";"1017,1";"1,1";"215,0";"5,2";"";"0,0"
"19/06/2025";"0900";"";"";"";"77,0";"82,0";"76,0";"";"";"";"1017,6";"1017,6";"1017,3";"1,5";"326,0";"7,3";"";"0,2"
"19/06/2025";"1000";"";"";"";"80,0";"80,0";"76,0";"";"";"";"1018,3";"1018,4";"1017,5";"1,2";"208,0";"4,1";"205,50";"0,0"
"19/06/2025";"1100";"";"";"";"67,0";"82,0";"65,0";"";"";"";"1018,9";"1018,9";"1018,3";"1,0";"319,0";"3,0";"466,60";"0,0"
"19/06/2025";"1200";"";"";"";"66,0";"70,0";"65,0";"";"";"";"1018,6";"1020,1";"1018,6";"1,5";"11,0";"8,0";"896,20";"0,0"
"19/06/2025";"1300";"";"";"";"77,0";"80,0";"66,0";"";"";"";"1019,1";"1019,6";"1018,6";"2,2";"82,0";"8,1";"990,50";"0,0"
"19/06/2025";"1400";"";"";"";"70,0";"78,0";"70,0";"";"";"";"1018,6";"1019,2";"1018,6";"2,4";"188,0";"7,1";"1357,80";"0,0"
"19/06/2025";"1500";"";"";"";"78,0";"78,0";"66,0";"";"";"";"1018,0";"1018,6";"1017,9";"2,8";"193,0";"7,8";"1640,00";"0,0"
"19/06/2025";"1600";"";"";"";"82,0";"87,0";"73,0";"";"";"";"1017,7";"1018,1";"1017,7";"2,0";"221,0";"7,8";"1009,60";"1,0"
"19/06/2025";"1700";"";"";"";"71,0";"82,0";"68,0";"";"";"";"1017,0";"1018,2";"1017,0";"2,7";"190,0";"6,7";"1375,10";"0,0"
"19/06/2025";"1800";"";"";"";"66,0";"72,0";"64,0";"";"";"";"1016,7";"1017,0";"1016,6";"1,7";"190,0";"6,7";"1591,70";"0,0"
"19/06/2025";"1900";"";"";"";"71,0";"76,0";"65,0";"";"";"";"1016,6";"1018,1";"1016,5";"1,1";"351,0";"5,3";"598,20";"0,0"
"19/06/2025";"2000";"";"";"";"78,0";"79,0";"69,0";"";"";"";"1017,0";"1017,3";"1016,6";"1,2";"324,0";"5,9";"167,50";"0,0"
"19/06/2025";"2100";"";"";"";"67,0";"79,0";"67,0";"";"";"";"1017,0";"1017,1";"1016,8";"1,1";"349,0";"5,8";"6,90";"0,0"
"19/06/2025";"2200";"";"";"";"73,0";"77,0";"67,0";"";"";"";"1017,4";"1017,4";"1017,0";"1,0";"278,0";"4,5";"";"0,0"
"19/06/2025";"2300";"";"";"";"74,0";"79,0";"68,0";"";"";"";"1017,7";"1017,7";"1017,3";"1,3";"332,0";"5,4";"";"0,0"
"20/06/2025";"0000";"";"";"";"82,0";"82,0";"70,0";"";"";"";"1018,0";"1018,0";"1017,7";"1,7";"207,0";"5,3";"";"0,0"
"20/06/2025";"0100";"";"";"";"75,0";"83,0";"75,0";"";"";"";"1018,1";"1018,1";"1018,0";"1,3";"318,0";"5,1";"";"0,0"
"20/06/2025";"0200";"";"";"";"68,0";"77,0";"68,0";"";"";"";"1017,9";"1018,1";"1017,9";"2,1";"78,0";"5,4";"";"0,0"
"20/06/2025";"0300";"";"";"";"73,0";"73,0";"68,0";"";"";"";"1017,5";"1017,9";"1017,5";"0,9";"328,0";"5,4";"";"0,0"
"20/06/2025";"0400";"";"";"";"81,0";"83,0";"73,0";"";"";"";"1017,0";"1017,6";"1017,0";"1,1";"56,0";"10,2";"";"0,4"
"20/06/2025";"0500";"";"";"";"78,0";"85,0";"78,0";"";"";"";"1016,6";"1017,0";"1016,6";"1,0";"12,0";"3,0";"";"0,0"
"20/06/2025";"0600";"";"";"";"68,0";"78,0";"68,0";"";"";"";"1016,4";"1016,6";"1016,4";"1,4";"260,0";"3,5";"";"0,0"
"20/06/2025";"0700";"";"";"";"77,0";"78,0";"68,0";"";"";"";"1016,6";"1016,6";"1016,4";"1,0";"283,0";"3,4";"";"0,0"
"20/06/2025";"0800";"";"";"";"78,0";"78,0";"75,0";"";"";"";"1017,0";"1017,0";"1016,6";"1,1";"335,0";"2,6";"";"0,0"
"20/06/2025";"0900";"";"";"";"77,0";"78,0";"74,0";"";"";"";"1017,4";"1017,4";"1017,0";"1,1";"286,0";"4,3";"";"0,0"
"20/06/2025";"1000";"";"";"";"71,0";"77,0";"71,0";"";"";"";"1017,9";"1017,9";"1017,4";"1,0";"6,0";"3,0";"234,80";"0,0"
"20/06/2025";"1100";"";"";"";"63,0";"71,0";"63,0";"";"";"";"1018,3";"1021,5";"1017,7";"0,9";"315,0";"2,8";"909,00";"0,0"
"20/06/2025";"1200";"";"";"";"60,0";"66,0";"60,0";"";"";"";"1018,8";"1018,9";"1018,3";"1,8";"41,0";"5,3";"1398,00";"0,0"
"20/06/2025";"1300";"";"";"";"63,0";"66,0";"57,0";"";"";"";"1018,4";"1018,9";"1018,4";"2,7";"81,0";"6,0";"1840,50";"0,0"
"20/06/2025";"1400";"";"";"";"68,0";"72,0";"61,0";"";"";"";"1017,9";"1019,6";"1017,9";"2,6";"83,0";"7,3";"1881,40";"0,0"
"20/06/2025";"1500";"";"";"";"75,0";"77,0";"63,0";"";"";"";"1017,2";"1017,9";"1017,2";"2,3";"78,0";"6,1";"1939,40";"0,0"
"20/06/2025";"1600";"";"";"";"63,0";"75,0";"60,0";"";"";"";"1016,4";"1017,2";"1016,4";"2,2";"72,0";"6,6";"2239,80";"0,0"
"20/06/2025";"1700";"";"";"";"63,0";"64,0";"59,0";"";"";"";"1014,7";"1016,4";"1014,5";"2,4";"78,0";"6,4";"2118,90";"0,0"
"20/06/2025";"1800";"";"";"";"61,0";"63,0";"56,0";"";"";"";"1015,0";"1015,0";"1014,4";"1,5";"51,0";"6,1";"1679,40";"0,0"
"20/06/2025";"1900";"";"";"";"61,0";"62,0";"57,0";"";"";"";"1015,3";"1016,0";"1014,9";"1,2";"71,0";"5,1";"1104,30";"0,0"
"20/06/2025";"2000";"";"";"";"70,0";"70,0";"59,0";"";"";"";"1015,7";"1015,7";"1015,3";"1,1";"8,0";"4,2";"355,40";"0,0"
"20/06/2025";"2100";"";"";"";"72,0";"72,0";"70,0";"";"";"";"1016,0";"1016,0";"1015,7";"1,1";"68,0";"3,6";"11,40";"0,0"
"20/06/2025";"2200";"";"";"";"74,0";"75,0";"70,0";"";"";"";"1016,3";"1016,3";"1016,0";"0,9";"12,0";"3,6";"";"0,0"
"20/06/2025";"2300";"";"";"";"75,0";"75,0";"72,0";"";"";"";"1016,5";"1016,5";"1015,9";"0,8";"343,0";"3,4";"";"0,0"
"21/06/2025";"0000";"";"";"";"72,0";"75,0";"71,0";"";"";"";"1017,0";"1017,0";"1016,5";"0,6";"27,0";"2,7";"";"0,0"
"21/06/2025";"0100";"";"";"";"82,0";"82,0";"71,0";"";"";"";"1017,1";"1017,3";"1016,9";"0,7";"251,0";"3,3";"";"0,2"
"21/06/2025";"0200";"";"";"";"81,0";"85,0";"81,0";"";"";"";"1016,7";"1017,1";"1016,7";"0,7";"305,0";"1,8";"";"0,0"
"21/06/2025";"0300";"";"";"";"77,0";"82,0";"77,0";"";"";"";"1016,3";"1016,8";"1016,3";"0,8";"354,0";"3,1";"";"0,0"
"21/06/2025";"0400";"";"";"";"79,0";"79,0";"75,0";"";"";"";"1015,8";"1016,4";"1015,8";"0,6";"244,0";"2,4";"";"0,0"
"21/06/2025";"0500";"";"";"";"77,0";"81,0";"76,0";"";"";"";"1015,3";"1015,8";"1015,2";"0,8";"287,0";"1,8";"";"0,0"
"21/06/2025";"0600";"";"";"";"79,0";"79,0";"76,0";"";"";"";"1014,9";"1015,3";"1014,9";"0,6";"264,0";"1,8";"";"0,0"
"21/06/2025";"0700";"";"";"";"79,0";"81,0";"78,0";"";"";"";"1014,9";"1015,0";"1014,8";"0,9";"267,0";"1,6";"";"0,0"
"21/06/2025";"0800";"";"";"";"86,0";"86,0";"80,0";"";"";"";"1015,4";"1015,4";"1014,9";"1,0";"244,0";"1,8";"";"0,0"
"21/06/2025";"0900";"";"";"";"78,0";"87,0";"78,0";"";"";"";"1015,6";"1015,6";"1015,3";"1,9";"72,0";"5,2";"";"0,0"
"21/06/2025";"1000";"";"";"";"71,0";"78,0";"71,0";"";"";"";"1016,0";"1020,6";"1015,4";"2,6";"87,0";"6,2";"275,50";"0,0"
"21/06/2025";"1100";"";"";"";"68,0";"73,0";"68,0";"";"";"";"1016,7";"1016,7";"1016,0";"2,1";"82,0";"5,5";"910,60";"0,0"
"21/06/2025";"1200";"";"";"";"70,0";"75,0";"67,0";"";"";"";"1017,0";"1017,1";"1016,7";"3,1";"70,0";"7,1";"1497,30";"0,0"
"21/06/2025";"1300";"";"";"";"69,0";"71,0";"65,0";"";"";"";"1017,0";"1017,2";"1016,9";"2,5";"82,0";"5,4";"1483,60";"0,0"
"21/06/2025";"1400";"";"";"";"65,0";"74,0";"65,0";"";"";"";"1016,4";"1017,1";"1016,4";"2,1";"85,0";"4,4";"1425,30";"0,0"
"21/06/2025";"1500";"";"";"";"65,0";"69,0";"63,0";"";"";"";"1015,8";"1016,4";"1015,8";"2,5";"79,0";"4,5";"2476,20";"0,0"
"21/06/2025";"1600";"";"";"";"65,0";"71,0";"62,0";"";"";"";"1015,0";"1017,3";"1015,0";"2,5";"83,0";"5,1";"2154,00";"0,0"
"21/06/2025";"1700";"";"";"";"56,0";"69,0";"56,0";"";"";"";"1014,4";"1015,0";"1014,3";"1,3";"97,0";"5,3";"1803,00";"0,0"
"21/06/2025";"1800";"";"";"";"59,0";"62,0";"55,0";"";"";"";"1014,2";"1014,4";"1014,0";"1,4";"92,0";"5,0";"1683,80";"0,0"
"21/06/2025";"1900";"";"";"";"62,0";"64,0";"56,0";"";"";"";"1014,3";"1014,4";"1014,1";"2,1";"82,0";"5,0";"1103,40";"0,0"
"21/06/2025";"2000";"";"";"";"66,0";"66,0";"62,0";"";"";"";"1014,5";"1015,4";"1014,1";"0,8";"343,0";"4,6";"400,60";"0,0"
"21/06/2025";"2100";"";"";"";"71,0";"71,0";"65,0";"";"";"";"1014,9";"1014,9";"1014,5";"0,7";"326,0";"2,5";"10,50";"0,0"
"21/06/2025";"2200";"";"";"";"68,0";"71,0";"67,0";"";"";"";"1015,0";"1015,0";"1014,7";"1,0";"29,0";"4,3";"";"0,0"
"21/06/2025";"2300";"";"";"";"71,0";"72,0";"68,0";"";"";"";"1015,1";"1015,4";"1014,9";"2,3";"83,0";"4,8";"";"0,0"
"22/06/2025";"0000";"";"";"";"71,0";"72,0";"68,0";"";"";"";"1015,5";"1015,8";"1015,1";"1,7";"84,0";"5,0";"";"0,0"
"22/06/2025";"0100";"";"";"";"72,0";"73,0";"70,0";"";"";"";"1015,8";"1015,8";"1015,5";"1,2";"89,0";"4,3";"";"0,0"
"22/06/2025";"0200";"";"";"";"72,0";"74,0";"72,0";"";"";"";"1015,7";"1015,9";"1015,7";"1,3";"83,0";"4,2";"";"0,0"
"22/06/2025";"0300";"";"";"";"76,0";"76,0";"72,0";"";"";"";"1015,5";"1015,7";"1015,5";"1,0";"52,0";"4,2";"";"0,0"
"22/06/2025";"0400";"";"";"";"75,0";"77,0";"74,0";"";"";"";"1015,0";"1015,6";"1015,0";"1,5";"88,0";"3,8";"";"0,0"
"22/06/2025";"0500";"";"";"";"78,0";"78,0";"74,0";"";"";"";"1014,6";"1015,0";"1014,6";"0,9";"77,0";"3,7";"";"0,0"
"22/06/2025";"0600";"";"";"";"84,0";"84,0";"77,0";"";"";"";"1014,2";"1014,7";"1014,2";"1,0";"240,0";"2,5";"";"0,0"
"22/06/2025";"0700";"";"";"";"85,0";"85,0";"84,0";"";"";"";"1014,4";"1014,4";"1014,2";"0,9";"227,0";"2,0";"";"0,0"
"22/06/2025";"0800";"";"";"";"86,0";"86,0";"85,0";"";"";"";"1014,5";"1014,5";"1014,3";"1,4";"245,0";"2,0";"";"0,0"
"22/06/2025";"0900";"";"";"";"87,0";"87,0";"86,0";"";"";"";"1014,6";"1014,7";"1014,4";"1,2";"235,0";"2,0";"0,20";"0,0"
"22/06/2025";"1000";"";"";"";"86,0";"87,0";"86,0";"";"";"";"1015,1";"1015,1";"1014,4";"1,2";"246,0";"2,2";"279,80";"0,0"
"22/06/2025";"1100";"";"";"";"76,0";"86,0";"76,0";"";"";"";"1016,1";"1016,1";"1015,1";"1,2";"244,0";"2,6";"927,90";"0,0"
"22/06/2025";"1200";"";"";"";"61,0";"76,0";"61,0";"";"";"";"";"1017,7";"1016,0";"1,0";"180,0";"3,7";"1550,30";"0,0"
"22/06/2025";"1300";"";"";"";"63,0";"65,0";"59,0";"";"";"";"1016,7";"1017,5";"1015,9";"1,1";"144,0";"4,4";"1665,90";"0,0"
"22/06/2025";"1400";"";"";"";"63,0";"65,0";"59,0";"";"";"";"1016,3";"1016,7";"1016,3";"1,5";"187,0";"4,0";"1593,60";"0,0"
"22/06/2025";"1500";"";"";"";"61,0";"66,0";"54,0";"";"";"";"1015,5";"1016,3";"1015,5";"1,5";"123,0";"4,2";"2280,00";"0,0"
"22/06/2025";"1600";"";"";"";"63,0";"65,0";"56,0";"";"";"";"1014,4";"1015,7";"1014,4";"1,9";"79,0";"5,1";"2450,60";"0,0"
"22/06/2025";"1700";"";"";"";"59,0";"64,0";"58,0";"";"";"";"1012,4";"1014,8";"1012,4";"1,9";"82,0";"5,0";"2177,40";"0,0"
"22/06/2025";"1800";"";"";"";"60,0";"64,0";"58,0";"";"";"";"1012,6";"1012,6";"1012,2";"1,1";"48,0";"5,2";"1735,00";"0,0"
"22/06/2025";"1900";"";"";"";"61,0";"63,0";"56,0";"";"";"";"1012,9";"1014,1";"1012,4";"1,1";"140,0";"3,8";"1141,20";"0,0"
"22/06/2025";"2000";"";"";"";"68,0";"68,0";"61,0";"";"";"";"1013,5";"1013,5";"1012,9";"0,9";"205,0";"3,6";"454,70";"0,0"
"22/06/2025";"2100";"";"";"";"70,0";"70,0";"67,0";"";"";"";"1013,7";"1013,7";"1013,5";"0,9";"214,0";"2,9";"9,30";"0,0"
"22/06/2025";"2200";"";"";"";"74,0";"74,0";"69,0";"";"";"";"1014,2";"1014,2";"1013,7";"1,0";"217,0";"2,4";"";"0,0"
"22/06/2025";"2300";"";"";"";"71,0";"74,0";"70,0";"";"";"";"1014,4";"1015,2";"1014,0";"1,2";"210,0";"2,9";"";"0,0"
"23/06/2025";"0000";"";"";"";"74,0";"74,0";"71,0";"";"";"";"1015,0";"1015,0";"1014,4";"1,1";"217,0";"3,1";"";"0,0"
"23/06/2025";"0100";"";"";"";"72,0";"76,0";"71,0";"";"";"";"1015,3";"1015,3";"1015,0";"1,1";"213,0";"3,1";"";"0,0"
"23/06/2025";"0200";"";"";"";"72,0";"74,0";"71,0";"";"";"";"1015,2";"1015,4";"1015,2";"0,9";"219,0";"3,3";"";"0,0"
"23/06/2025";"0300";"";"";"";"74,0";"75,0";"71,0";"";"";"";"1015,1";"1015,2";"1015,1";"0,6";"231,0";"2,6";"";"0,0"
"23/06/2025";"0400";"";"";"";"75,0";"77,0";"74,0";"";"";"";"1014,8";"1015,1";"1014,8";"0,5";"234,0";"1,6";"";"0,0"
"23/06/2025";"0500";"";"";"";"80,0";"80,0";"75,0";"";"";"";"1014,3";"1014,8";"1014,3";"1,3";"250,0";"1,8";"";"0,0"
"23/06/2025";"0600";"";"";"";"83,0";"83,0";"80,0";"";"";"";"1013,8";"1014,3";"1013,8";"0,9";"230,0";"1,9";"";"0,0"
"23/06/2025";"0700";"";"";"";"84,0";"84,0";"83,0";"";"";"";"1013,8";"1013,9";"1013,7";"0,9";"232,0";"2,4";"";"0,0"
"23/06/2025";"0800";"";"";"";"85,0";"85,0";"84,0";"";"";"";"1013,9";"1013,9";"1013,7";"1,5";"236,0";"2,6";"";"0,0"
"23/06/2025";"0900";"";"";"";"85,0";"85,0";"84,0";"";"";"";"1014,2";"1014,2";"1013,9";"1,4";"242,0";"2,8";"";"0,0"
"23/06/2025";"1000";"";"";"";"83,0";"85,0";"83,0";"";"";"";"1015,0";"1015,0";"1014,2";"1,3";"233,0";"2,1";"146,80";"0,0"
"23/06/2025";"1100";"";"";"";"78,0";"83,0";"77,0";"";"";"";"1015,6";"1016,1";"1015,0";"2,0";"245,0";"3,6";"707,90";"0,0"
"23/06/2025";"1200";"";"";"";"69,0";"80,0";"67,0";"";"";"";"1016,1";"1016,1";"1015,6";"1,4";"96,0";"5,1";"1102,10";"0,0"
"23/06/2025";"1300";"";"";"";"63,0";"70,0";"62,0";"";"";"";"1016,0";"1016,1";"1015,6";"1,7";"67,0";"5,1";"1997,30";"0,0"
"23/06/2025";"1400";"";"";"";"66,0";"66,0";"63,0";"";"";"";"1015,8";"1016,1";"1015,7";"2,7";"85,0";"6,0";"2318,50";"0,0"
"23/06/2025";"1500";"";"";"";"69,0";"71,0";"64,0";"";"";"";"1015,0";"1015,8";"1015,0";"2,5";"80,0";"7,3";"2288,70";"0,0"
"23/06/2025";"1600";"";"";"";"64,0";"69,0";"61,0";"";"";"";"1014,0";"1015,0";"1014,0";"2,6";"82,0";"5,6";"2321,00";"0,0"
"23/06/2025";"1700";"";"";"";"62,0";"66,0";"60,0";"";"";"";"1012,9";"1014,0";"1012,8";"2,5";"77,0";"5,8";"2015,90";"0,0"
"23/06/2025";"1800";"";"";"";"67,0";"67,0";"61,0";"";"";"";"1012,6";"1012,9";"1012,5";"2,0";"132,0";"5,3";"1549,70";"0,0"
"23/06/2025";"1900";"";"";"";"66,0";"68,0";"59,0";"";"";"";"1012,5";"1012,6";"1012,4";"1,6";"194,0";"5,3";"948,50";"0,0"
"23/06/2025";"2000";"";"";"";"84,0";"84,0";"65,0";"";"";"";"1013,1";"1013,1";"1012,5";"1,3";"206,0";"4,4";"524,10";"0,6"
"23/06/2025";"2100";"";"";"";"86,0";"86,0";"84,0";"";"";"";"1013,0";"1013,2";"1013,0";"1,2";"211,0";"5,0";"8,20";"0,0"
"23/06/2025";"2200";"";"";"";"86,0";"87,0";"86,0";"";"";"";"1013,6";"1013,6";"1013,0";"1,3";"209,0";"3,1";"";"0,0"
"23/06/2025";"2300";"";"";"";"82,0";"86,0";"82,0";"";"";"";"1013,9";"1013,9";"1013,6";"1,2";"207,0";"3,7";"";"0,0"
"24/06/2025";"0000";"";"";"";"85,0";"85,0";"80,0";"";"";"";"1014,4";"1014,4";"1013,9";"0,6";"252,0";"2,7";"";"0,0"
"24/06/2025";"0100";"";"";"";"87,0";"87,0";"84,0";"";"";"";"1014,6";"1014,6";"1014,4";"1,5";"245,0";"2,5";"";"0,0"
"24/06/2025";"0200";"";"";"";"90,0";"90,0";"87,0";"";"";"";"1014,4";"1014,6";"1014,4";"1,3";"257,0";"2,5";"";"0,0"
"24/06/2025";"0300";"";"";"";"91,0";"91,0";"90,0";"";"";"";"1014,2";"1014,5";"1014,2";"1,5";"249,0";"3,0";"";"0,0"
"24/06/2025";"0400";"";"";"";"92,0";"92,0";"91,0";"";"";"";"1013,9";"1014,2";"1013,9";"1,9";"259,0";"3,2";"";"0,0"
"24/06/2025";"0500";"";"";"";"92,0";"92,0";"92,0";"";"";"";"1013,5";"1013,9";"1013,5";"1,6";"257,0";"3,0";"";"0,0"
"24/06/2025";"0600";"";"";"";"92,0";"92,0";"92,0";"";"";"";"1013,4";"1013,5";"1013,2";"1,9";"260,0";"3,7";"";"0,0"
"24/06/2025";"0700";"";"";"";"92,0";"92,0";"92,0";"";"";"";"1013,4";"1013,4";"1013,2";"2,1";"237,0";"4,0";"";"0,0"
"24/06/2025";"0800";"";"";"";"92,0";"92,0";"92,0";"";"";"";"1013,8";"1013,8";"1013,3";"2,6";"258,0";"4,0";"";"0,0"
"24/06/2025";"0900";"";"";"";"92,0";"92,0";"92,0";"";"";"";"1014,1";"1014,1";"1013,6";"2,4";"235,0";"4,4";"";"0,0"
"24/06/2025";"1000";"";"";"";"92,0";"92,0";"92,0";"";"";"";"1014,8";"1014,8";"1014,1";"1,5";"250,0";"5,2";"53,00";"0,0"
"24/06/2025";"1100";"";"";"";"91,0";"92,0";"91,0";"";"";"";"1015,5";"1015,5";"1014,8";"2,1";"248,0";"5,1";"182,90";"0,0"
"24/06/2025";"1200";"";"";"";"86,0";"91,0";"86,0";"";"";"";"1016,1";"1016,1";"1015,5";"2,1";"247,0";"4,9";"329,00";"0,0"
"24/06/2025";"1300";"";"";"";"79,0";"86,0";"79,0";"";"";"";"1016,2";"1016,2";"1016,1";"2,3";"239,0";"4,6";"833,80";"0,0"
"24/06/2025";"1400";"";"";"";"76,0";"80,0";"75,0";"";"";"";"1016,0";"1016,2";"1016,0";"1,8";"234,0";"4,6";"686,60";"0,0"
"24/06/2025";"1500";"";"";"";"83,0";"84,0";"76,0";"";"";"";"1015,4";"1016,0";"1015,4";"0,7";"178,0";"3,2";"631,90";"0,6"
"24/06/2025";"1600";"";"";"";"78,0";"84,0";"78,0";"";"";"";"1014,5";"1015,4";"1014,4";"1,0";"147,0";"2,4";"888,10";"0,0"
"24/06/2025";"1700";"";"";"";"85,0";"85,0";"76,0";"";"";"";"1014,0";"1014,5";"1014,0";"1,3";"182,0";"4,3";"534,80";"0,2"
"24/06/2025";"1800";"";"";"";"89,0";"89,0";"85,0";"";"";"";"1013,7";"1014,0";"1013,7";"0,9";"251,0";"3,5";"315,70";"0,6"
"24/06/2025";"1900";"";"";"";"90,0";"90,0";"89,0";"";"";"";"1013,9";"1013,9";"1013,5";"4,3";"86,0";"9,6";"172,90";"0,0"
"24/06/2025";"2000";"";"";"";"90,0";"90,0";"89,0";"";"";"";"1014,6";"1014,6";"1013,9";"4,5";"69,0";"11,0";"29,60";"0,2"
"24/06/2025";"2100";"";"";"";"90,0";"90,0";"89,0";"";"";"";"1014,6";"1014,6";"1014,3";"2,0";"48,0";"8,1";"";"0,6"
"24/06/2025";"2200";"";"";"";"85,0";"90,0";"84,0";"";"";"";"1015,2";"1015,2";"1014,6";"2,1";"34,0";"5,1";"";"0,0"
"24/06/2025";"2300";"";"";"";"83,0";"85,0";"82,0";"";"";"";"1016,0";"1016,0";"1015,2";"1,1";"234,0";"4,4";"";"0,0"
"25/06/2025";"0000";"";"";"";"89,0";"89,0";"83,0";"";"";"";"1016,1";"1016,2";"1016,0";"0,4";"274,0";"1,9";"";"0,0"
"25/06/2025";"0100";"";"";"";"88,0";"90,0";"87,0";"";"";"";"1016,4";"1016,4";"1016,0";"0,8";"308,0";"2,5";"";"0,0"
"25/06/2025";"0200";"";"";"";"87,0";"88,0";"86,0";"";"";"";"1016,0";"1016,4";"1015,9";"0,1";"115,0";"2,1";"";"0,0"
"25/06/2025";"0300";"";"";"";"89,0";"89,0";"87,0";"";"";"";"1015,6";"1016,1";"1015,6";"1,2";"233,0";"2,4";"";"0,0"
"25/06/2025";"0400";"";"";"";"91,0";"91,0";"89,0";"";"";"";"1015,1";"1015,6";"1015,1";"1,1";"257,0";"2,3";"";"0,0"
"25/06/2025";"0500";"";"";"";"90,0";"91,0";"90,0";"";"";"";"1014,4";"1015,1";"1014,4";"1,3";"254,0";"2,0";"";"0,0"
"25/06/2025";"0600";"";"";"";"89,0";"90,0";"89,0";"";"";"";"1014,1";"1014,4";"1014,1";"1,3";"250,0";"2,5";"";"0,0"
"25/06/2025";"0700";"";"";"";"89,0";"89,0";"89,0";"";"";"";"1014,2";"1014,2";"1014,0";"1,0";"223,0";"2,3";"";"0,0"
"25/06/2025";"0800";"";"";"";"91,0";"91,0";"89,0";"";"";"";"1014,4";"1014,4";"1014,1";"1,0";"232,0";"2,1";"";"0,2"
"25/06/2025";"0900";"";"";"";"91,0";"92,0";"91,0";"";"";"";"1014,8";"1014,8";"1014,3";"2,7";"74,0";"6,5";"";"0,2"
"25/06/2025";"1000";"";"";"";"92,0";"92,0";"91,0";"";"";"";"1015,5";"1015,5";"1014,8";"2,6";"69,0";"8,3";"2,60";"4,2"
"25/06/2025";"1100";"";"";"";"89,0";"92,0";"89,0";"";"";"";"1016,3";"1016,3";"1015,5";"2,2";"63,0";"5,0";"313,40";"0,2"
"25/06/2025";"1200";"";"";"";"79,0";"89,0";"79,0";"";"";"";"1017,0";"1017,0";"1016,3";"3,3";"66,0";"6,4";"819,40";"0,0"
"25/06/2025";"1300";"";"";"";"73,0";"79,0";"73,0";"";"";"";"1017,1";"1017,1";"1017,0";"3,6";"68,0";"6,5";"1229,50";"0,0"
"25/06/2025";"1400";"";"";"";"67,0";"73,0";"63,0";"";"";"";"1016,6";"1017,1";"1016,6";"3,0";"62,0";"6,9";"1917,40";"0,0"
"25/06/2025";"1500";"";"";"";"60,0";"67,0";"59,0";"";"";"";"1015,9";"1016,6";"1015,9";"2,7";"83,0";"5,2";"2177,30";"0,0"
"25/06/2025";"1600";"";"";"";"65,0";"67,0";"58,0";"";"";"";"1014,8";"1015,9";"1014,8";"3,3";"89,0";"6,3";"1821,50";"0,0"
"25/06/2025";"1700";"";"";"";"63,0";"66,0";"62,0";"";"";"";"1014,1";"1014,8";"1013,9";"2,3";"77,0";"6,3";"2155,20";"0,0"
"25/06/2025";"1800";"";"";"";"77,0";"78,0";"63,0";"";"";"";"1013,8";"1014,1";"1013,8";"0,8";"28,0";"5,0";"806,00";"0,0"
"25/06/2025";"1900";"";"";"";"78,0";"78,0";"69,0";"";"";"";"1014,2";"1014,2";"1013,8";"3,0";"68,0";"5,3";"516,00";"0,0"
"25/06/2025";"2000";"";"";"";"78,0";"81,0";"78,0";"";"";"";"1014,4";"1014,4";"1014,2";"2,1";"84,0";"5,3";"166,10";"0,0"
"25/06/2025";"2100";"";"";"";"78,0";"79,0";"78,0";"";"";"";"1014,8";"1014,8";"1014,3";"2,0";"90,0";"3,9";"9,20";"0,0"
"25/06/2025";"2200";"";"";"";"75,0";"79,0";"74,0";"";"";"";"1015,3";"1015,3";"1014,8";"0,9";"328,0";"6,0";"";"0,0"
"25/06/2025";"2300";"";"";"";"79,0";"79,0";"75,0";"";"";"";"1016,0";"1016,0";"1015,3";"1,2";"238,0";"4,3";"";"0,0"
"26/06/2025";"0000";"";"";"";"75,0";"79,0";"74,0";"";"";"";"1016,5";"1016,5";"1015,9";"1,0";"26,0";"3,8";"";"0,0"
"26/06/2025";"0100";"";"";"";"81,0";"83,0";"75,0";"";"";"";"1016,8";"1016,8";"1016,6";"1,2";"311,0";"5,6";"";"0,0"
"26/06/2025";"0200";"";"";"";"76,0";"81,0";"76,0";"";"";"";"1016,8";"1016,9";"1016,7";"1,3";"178,0";"4,0";"";"0,0"
"26/06/2025";"0300";"";"";"";"82,0";"82,0";"74,0";"";"";"";"1016,5";"1016,8";"1016,5";"1,2";"304,0";"4,2";"";"0,2"
"26/06/2025";"0400";"";"";"";"84,0";"86,0";"79,0";"";"";"";"1016,0";"1016,5";"1016,0";"1,6";"352,0";"7,3";"";"1,0"
"26/06/2025";"0500";"";"";"";"82,0";"88,0";"82,0";"";"";"";"1015,3";"1016,0";"1015,3";"1,2";"14,0";"4,1";"";"0,4"
"26/06/2025";"0600";"";"";"";"81,0";"84,0";"80,0";"";"";"";"1014,9";"1015,4";"1014,9";"1,3";"227,0";"5,2";"";"0,6"
"26/06/2025";"0700";"";"";"";"81,0";"83,0";"79,0";"";"";"";"1015,0";"1015,0";"1014,8";"1,3";"202,0";"3,9";"";"0,0"
"26/06/2025";"0800";"";"";"";"78,0";"81,0";"77,0";"";"";"";"1015,4";"1015,4";"1014,9";"1,0";"254,0";"3,9";"";"0,0"
"26/06/2025";"0900";"";"";"";"87,0";"87,0";"78,0";"";"";"";"1015,9";"1015,9";"1015,3";"0,7";"291,0";"7,3";"";"1,8"
"26/06/2025";"1000";"";"";"";"80,0";"90,0";"78,0";"";"";"";"1016,5";"1016,5";"1015,9";"1,6";"231,0";"4,3";"136,20";"0,0"
"26/06/2025";"1100";"";"";"";"74,0";"83,0";"73,0";"";"";"";"1017,2";"1017,2";"1016,4";"1,0";"282,0";"6,8";"494,30";"0,0"
"26/06/2025";"1200";"";"";"";"71,0";"74,0";"68,0";"";"";"";"1017,6";"1017,6";"1017,2";"1,0";"59,0";"4,2";"1544,20";"0,0"
"26/06/2025";"1300";"";"";"";"67,0";"73,0";"62,0";"";"";"";"1017,6";"1017,8";"1017,4";"1,2";"292,0";"4,5";"1922,60";"0,0"
"26/06/2025";"1400";"";"";"";"61,0";"67,0";"56,0";"";"";"";"1017,2";"1017,6";"1017,2";"1,2";"345,0";"4,0";"2332,40";"0,0"
"26/06/2025";"1500";"";"";"";"59,0";"62,0";"55,0";"";"";"";"1016,4";"1017,2";"1016,3";"1,1";"353,0";"5,4";"2236,40";"0,0"
"26/06/2025";"1600";"";"";"";"58,0";"62,0";"54,0";"";"";"";"1015,7";"1016,4";"1015,7";"1,3";"332,0";"5,5";"2300,40";"0,0"
"26/06/2025";"1700";"";"";"";"55,0";"63,0";"54,0";"";"";"";"1015,1";"1015,8";"1015,0";"1,2";"219,0";"4,5";"2068,30";"0,0"
"26/06/2025";"1800";"";"";"";"58,0";"62,0";"55,0";"";"";"";"1015,1";"1015,1";"1015,0";"1,7";"195,0";"5,0";"1580,30";"0,0"
"26/06/2025";"1900";"";"";"";"64,0";"65,0";"58,0";"";"";"";"1015,0";"1015,1";"1014,9";"1,9";"191,0";"5,8";"901,00";"0,0"
"26/06/2025";"2000";"";"";"";"71,0";"71,0";"63,0";"";"";"";"1015,3";"1015,3";"1014,9";"1,7";"236,0";"5,5";"351,20";"0,0"
"26/06/2025";"2100";"";"";"";"71,0";"71,0";"67,0";"";"";"";"1015,5";"1015,5";"1015,2";"1,5";"208,0";"3,9";"8,80";"0,0"
"26/06/2025";"2200";"";"";"";"81,0";"83,0";"70,0";"";"";"";"1015,7";"1015,7";"1015,5";"1,2";"222,0";"5,8";"";"1,0"
"26/06/2025";"2300";"";"";"";"76,0";"81,0";"75,0";"";"";"";"1016,0";"1016,1";"1015,7";"1,7";"209,0";"3,8";"";"0,0"
"27/06/2025";"0000";"";"";"";"72,0";"77,0";"72,0";"";"";"";"1016,5";"1016,5";"1016,0";"1,2";"220,0";"4,0";"";"0,0"
"27/06/2025";"0100";"";"";"";"73,0";"74,0";"71,0";"";"";"";"1016,4";"1016,5";"1016,3";"1,0";"219,0";"4,1";"";"0,0"
"27/06/2025";"0200";"";"";"";"78,0";"78,0";"72,0";"";"";"";"1016,4";"1016,5";"1016,3";"1,5";"200,0";"4,6";"";"0,0"
"27/06/2025";"0300";"";"";"";"78,0";"79,0";"75,0";"";"";"";"1016,2";"1016,4";"1016,2";"1,9";"202,0";"4,8";"";"0,0"
"27/06/2025";"0400";"";"";"";"79,0";"79,0";"75,0";"";"";"";"1016,1";"1016,2";"1016,0";"1,5";"199,0";"5,3";"";"0,0"
"27/06/2025";"0500";"";"";"";"78,0";"79,0";"78,0";"";"";"";"1015,7";"1016,1";"1015,7";"1,8";"194,0";"4,2";"";"0,0"
"27/06/2025";"0600";"";"";"";"83,0";"83,0";"78,0";"";"";"";"1015,3";"1015,7";"1015,3";"1,5";"203,0";"5,6";"";"0,0"
"27/06/2025";"0700";"";"";"";"82,0";"85,0";"82,0";"";"";"";"1015,4";"1015,4";"1015,2";"1,6";"289,0";"4,0";"";"0,0"
"27/06/2025";"0800";"";"";"";"86,0";"86,0";"80,0";"";"";"";"1015,7";"1015,7";"1015,4";"1,4";"69,0";"6,8";"";"0,0"
"27/06/2025";"0900";"";"";"";"84,0";"87,0";"84,0";"";"";"";"1015,8";"1015,8";"1015,6";"1,0";"63,0";"6,9";"";"0,2"
"27/06/2025";"1000";"";"";"";"74,0";"84,0";"70,0";"";"";"";"1016,4";"1016,4";"1015,6";"1,2";"79,0";"5,5";"76,10";"0,0"
"27/06/2025";"1100";"";"";"";"74,0";"75,0";"68,0";"";"";"";"1017,3";"1017,3";"1016,4";"1,0";"251,0";"5,4";"382,10";"0,0"
"27/06/2025";"1200";"";"";"";"84,0";"84,0";"72,0";"";"";"";"1017,9";"1017,9";"1017,3";"1,5";"1,0";"4,8";"597,20";"0,0"
"27/06/2025";"1300";"";"";"";"82,0";"87,0";"82,0";"";"";"";"1018,0";"1018,1";"1017,9";"1,2";"177,0";"4,4";"919,40";"0,2"
"27/06/2025";"1400";"";"";"";"88,0";"88,0";"81,0";"";"";"";"1017,7";"1018,2";"1017,5";"1,0";"32,0";"3,5";"779,10";"4,4"
"27/06/2025";"1500";"";"";"";"90,0";"90,0";"86,0";"";"";"";"1017,4";"1017,8";"1017,4";"0,8";"301,0";"4,1";"722,10";"2,8"
"27/06/2025";"1600";"";"";"";"90,0";"91,0";"89,0";"";"";"";"1016,3";"1017,5";"1016,3";"2,0";"203,0";"6,5";"899,00";"1,2"
"27/06/2025";"1700";"";"";"";"77,0";"90,0";"77,0";"";"";"";"1015,7";"1016,3";"1015,7";"2,1";"214,0";"6,3";"807,20";"0,2"
"27/06/2025";"1800";"";"";"";"85,0";"86,0";"76,0";"";"";"";"1015,6";"1015,8";"1015,5";"1,4";"322,0";"6,3";"341,00";"1,0"
"27/06/2025";"1900";"";"";"";"76,0";"85,0";"75,0";"";"";"";"1015,6";"1015,7";"1015,5";"1,5";"215,0";"4,1";"570,80";"0,0"
"27/06/2025";"2000";"";"";"";"73,0";"76,0";"71,0";"";"";"";"1015,5";"1015,6";"1015,3";"1,1";"200,0";"3,7";"239,60";"0,0"
"27/06/2025";"2100";"";"";"";"73,0";"76,0";"72,0";"";"";"";"1015,9";"1015,9";"1015,5";"1,5";"206,0";"3,6";"11,20";"0,0"
"27/06/2025";"2200";"";"";"";"73,0";"74,0";"72,0";"";"";"";"1016,3";"1016,3";"1015,9";"1,4";"201,0";"3,6";"";"0,0"
"27/06/2025";"2300";"";"";"";"74,0";"74,0";"72,0";"";"";"";"1016,6";"1016,7";"1016,3";"1,7";"200,0";"4,3";"";"0,0"
"28/06/2025";"0000";"";"";"";"74,0";"75,0";"72,0";"";"";"";"1017,0";"1017,0";"1016,6";"1,5";"217,0";"4,8";"";"0,0"
"28/06/2025";"0100";"";"";"";"72,0";"76,0";"71,0";"";"";"";"1017,3";"1017,3";"1017,0";"1,4";"204,0";"4,8";"";"0,0"
"28/06/2025";"0200";"";"";"";"74,0";"75,0";"72,0";"";"";"";"1017,0";"1017,3";"1017,0";"1,9";"198,0";"4,8";"";"0,0"
"28/06/2025";"0300";"";"";"";"78,0";"78,0";"73,0";"";"";"";"1016,8";"1017,1";"1016,8";"1,4";"209,0";"5,2";"";"0,0"
"28/06/2025";"0400";"";"";"";"79,0";"79,0";"77,0";"";"";"";"1016,4";"1016,8";"1016,4";"1,4";"216,0";"4,4";"";"0,0"
"28/06/2025";"0500";"";"";"";"83,0";"83,0";"79,0";"";"";"";"1016,1";"1016,4";"1016,0";"1,7";"222,0";"5,6";"";"0,6"
"28/06/2025";"0600";"";"";"";"88,0";"89,0";"83,0";"";"";"";"1015,8";"1017,3";"1015,8";"1,1";"273,0";"5,6";"";"1,2"
"28/06/2025";"0700";"";"";"";"86,0";"89,0";"86,0";"";"";"";"1015,7";"1015,8";"1015,6";"1,3";"222,0";"5,1";"";"0,0"
"28/06/2025";"0800";"";"";"";"89,0";"89,0";"85,0";"";"";"";"1016,1";"1016,2";"1015,5";"1,0";"255,0";"5,1";"";"0,8"
"28/06/2025";"0900";"";"";"";"81,0";"89,0";"81,0";"";"";"";"1016,6";"1017,0";"1016,1";"1,0";"358,0";"4,3";"";"0,0"
"28/06/2025";"1000";"";"";"";"71,0";"81,0";"70,0";"";"";"";"1016,5";"1016,6";"1016,0";"1,1";"346,0";"4,4";"250,80";"0,0"
"28/06/2025";"1100";"";"";"";"62,0";"73,0";"59,0";"";"";"";"1017,6";"1017,6";"1016,5";"1,5";"83,0";"4,9";"808,00";"0,0"
"28/06/2025";"1200";"";"";"";"56,0";"64,0";"56,0";"";"";"";"1018,1";"1018,1";"1017,6";"2,5";"80,0";"6,3";"1383,00";"0,0"
"28/06/2025";"1300";"";"";"";"60,0";"61,0";"56,0";"";"";"";"1018,2";"1018,2";"1018,0";"2,6";"78,0";"6,3";"1999,00";"0,0"
"28/06/2025";"1400";"";"";"";"59,0";"62,0";"51,0";"";"";"";"1018,0";"1018,2";"1018,0";"2,4";"81,0";"6,3";"2306,70";"0,0"
"28/06/2025";"1500";"";"";"";"54,0";"62,0";"52,0";"";"";"";"1017,5";"1018,1";"1017,5";"1,5";"16,0";"5,8";"2428,80";"0,0"
"28/06/2025";"1600";"";"";"";"55,0";"59,0";"50,0";"";"";"";"1016,2";"1017,5";"1016,2";"1,6";"249,0";"5,5";"2408,90";"0,0"
"28/06/2025";"1700";"";"";"";"56,0";"59,0";"50,0";"";"";"";"1016,0";"1016,2";"1015,8";"1,7";"242,0";"5,1";"2032,60";"0,0"
"28/06/2025";"1800";"";"";"";"51,0";"56,0";"49,0";"";"";"";"1015,6";"1016,0";"1015,6";"2,0";"196,0";"6,4";"1568,00";"0,0"
"28/06/2025";"1900";"";"";"";"49,0";"53,0";"47,0";"";"";"";"1015,9";"1015,9";"1015,6";"1,6";"209,0";"6,3";"1146,00";"0,0"
"28/06/2025";"2000";"";"";"";"61,0";"62,0";"49,0";"";"";"";"1016,1";"1016,1";"1015,9";"1,6";"193,0";"4,6";"460,90";"0,0"
"28/06/2025";"2100";"";"";"";"65,0";"65,0";"61,0";"";"";"";"1016,2";"1016,3";"1016,1";"1,5";"212,0";"4,7";"16,30";"0,0"
"28/06/2025";"2200";"";"";"";"66,0";"66,0";"63,0";"";"";"";"1016,3";"1016,3";"1016,1";"1,6";"209,0";"6,2";"";"0,0"
"28/06/2025";"2300";"";"";"";"65,0";"67,0";"65,0";"";"";"";"1016,4";"1016,4";"1016,3";"2,1";"204,0";"5,8";"";"0,0"
"29/06/2025";"0000";"";"";"";"67,0";"67,0";"65,0";"";"";"";"1016,4";"1016,5";"1016,2";"1,6";"219,0";"5,2";"";"0,0"
"29/06/2025";"0100";"";"";"";"68,0";"68,0";"66,0";"";"";"";"1016,8";"1018,3";"1016,2";"1,8";"212,0";"4,4";"";"0,0"
"29/06/2025";"0200";"";"";"";"70,0";"70,0";"68,0";"";"";"";"1017,0";"1017,1";"1016,8";"1,6";"207,0";"4,4";"";"0,0"
"29/06/2025";"0300";"";"";"";"79,0";"80,0";"69,0";"";"";"";"1016,7";"1017,0";"1016,7";"1,7";"211,0";"4,8";"";"0,4"
"29/06/2025";"0400";"";"";"";"74,0";"80,0";"73,0";"";"";"";"1016,4";"1016,7";"1016,4";"1,6";"211,0";"4,6";"";"0,0"
"29/06/2025";"0500";"";"";"";"76,0";"79,0";"72,0";"";"";"";"1016,0";"1017,7";"1016,0";"1,6";"214,0";"4,3";"";"0,0"
"29/06/2025";"0600";"";"";"";"76,0";"76,0";"74,0";"";"";"";"1015,2";"1016,0";"1015,2";"1,6";"209,0";"4,3";"";"0,0"
"29/06/2025";"0700";"";"";"";"74,0";"76,0";"74,0";"";"";"";"1015,5";"1015,5";"1015,1";"1,4";"216,0";"4,7";"";"0,0"
"29/06/2025";"0800";"";"";"";"74,0";"75,0";"73,0";"";"";"";"1015,6";"1015,7";"1015,5";"1,7";"208,0";"4,5";"";"0,0"
"29/06/2025";"0900";"";"";"";"76,0";"78,0";"73,0";"";"";"";"1015,7";"1015,7";"1015,4";"1,6";"197,0";"5,3";"";"0,0"
"29/06/2025";"1000";"";"";"";"66,0";"76,0";"66,0";"";"";"";"1015,9";"1015,9";"1015,7";"1,8";"194,0";"4,7";"265,50";"0,0"
"29/06/2025";"1100";"";"";"";"61,0";"67,0";"60,0";"";"";"";"1016,6";"1016,6";"1015,9";"1,8";"193,0";"4,5";"953,90";"0,0"
"29/06/2025";"1200";"";"";"";"60,0";"64,0";"59,0";"";"";"";"1017,1";"1017,1";"1016,5";"2,3";"191,0";"5,8";"1458,60";"0,0"
"29/06/2025";"1300";"";"";"";"57,0";"61,0";"56,0";"";"";"";"1017,2";"1017,2";"1016,8";"2,4";"191,0";"6,6";"1401,70";"0,0"
"29/06/2025";"1400";"";"";"";"65,0";"74,0";"57,0";"";"";"";"1016,8";"1017,3";"1016,8";"1,8";"65,0";"6,5";"1640,20";"0,0"
"29/06/2025";"1500";"";"";"";"62,0";"70,0";"59,0";"";"";"";"1016,1";"1016,8";"1016,0";"2,0";"196,0";"6,9";"1467,30";"0,0"
"29/06/2025";"1600";"";"";"";"64,0";"67,0";"59,0";"";"";"";"1015,7";"1016,1";"1015,7";"2,6";"190,0";"6,9";"984,20";"0,0"
"29/06/2025";"1700";"";"";"";"58,0";"65,0";"57,0";"";"";"";"1015,2";"1015,7";"1015,2";"2,3";"205,0";"6,5";"996,40";"0,0"
"29/06/2025";"1800";"";"";"";"59,0";"63,0";"54,0";"";"";"";"1015,3";"1015,3";"1015,1";"1,9";"187,0";"5,8";"576,30";"0,0"
"29/06/2025";"1900";"";"";"";"83,0";"83,0";"59,0";"";"";"";"1015,8";"1015,9";"1015,3";"0,9";"227,0";"7,5";"221,80";"0,6"
"29/06/2025";"2000";"";"";"";"86,0";"86,0";"79,0";"";"";"";"1016,1";"1016,1";"1015,7";"2,0";"239,0";"4,7";"97,80";"0,6"
"29/06/2025";"2100";"";"";"";"89,0";"89,0";"86,0";"";"";"";"1016,3";"1016,4";"1016,0";"2,4";"225,0";"4,5";"4,90";"1,6"
"29/06/2025";"2200";"";"";"";"91,0";"91,0";"89,0";"";"";"";"1016,6";"1016,6";"1016,3";"1,0";"215,0";"5,1";"";"3,6"
"29/06/2025";"2300";"";"";"";"86,0";"92,0";"86,0";"";"";"";"1017,0";"1017,0";"1016,6";"4,3";"87,0";"9,0";"";"0,0"
"30/06/2025";"0000";"";"";"";"90,0";"90,0";"85,0";"";"";"";"1017,5";"1017,5";"1017,0";"2,0";"86,0";"9,0";"";"0,8"
"30/06/2025";"0100";"";"";"";"91,0";"91,0";"90,0";"";"";"";"1017,6";"1017,7";"1017,5";"1,2";"201,0";"4,9";"";"1,2"
"30/06/2025";"0200";"";"";"";"92,0";"92,0";"91,0";"";"";"";"1017,5";"1017,6";"1017,4";"0,8";"91,0";"3,4";"";"1,2"
"30/06/2025";"0300";"";"";"";"92,0";"92,0";"92,0";"";"";"";"1017,0";"1017,6";"1017,0";"1,7";"237,0";"3,6";"";"0,2"
"30/06/2025";"0400";"";"";"";"92,0";"92,0";"92,0";"";"";"";"1016,4";"1017,0";"1016,4";"1,3";"250,0";"3,2";"";"0,0"
"30/06/2025";"0500";"";"";"";"92,0";"93,0";"92,0";"";"";"";"1015,9";"1016,4";"1015,8";"1,7";"249,0";"3,2";"";"0,0"
"30/06/2025";"0600";"";"";"";"92,0";"92,0";"92,0";"";"";"";"1015,7";"1015,9";"1015,6";"1,4";"274,0";"3,6";"";"1,2"
"30/06/2025";"0700";"";"";"";"92,0";"92,0";"92,0";"";"";"";"1015,7";"1016,0";"1015,6";"1,3";"218,0";"4,2";"";"0,6"
"30/06/2025";"0800";"";"";"";"92,0";"92,0";"92,0";"";"";"";"1015,7";"1015,8";"1015,6";"1,1";"227,0";"2,7";"";"0,0"
"30/06/2025";"0900";"";"";"";"90,0";"92,0";"90,0";"";"";"";"1016,0";"1016,0";"1015,7";"1,2";"220,0";"3,5";"";"0,0"
"30/06/2025";"1000";"";"";"";"76,0";"90,0";"76,0";"";"";"";"1016,4";"1016,4";"1015,9";"2,2";"204,0";"5,3";"50,30";"0,0"
"30/06/2025";"1100";"";"";"";"70,0";"76,0";"70,0";"";"";"";"1016,8";"1016,8";"1016,4";"2,9";"186,0";"7,8";"349,40";"0,0"
"30/06/2025";"1200";"";"";"";"70,0";"72,0";"69,0";"";"";"";"1017,2";"1017,2";"1016,8";"2,8";"193,0";"7,4";"585,30";"0,0"
"30/06/2025";"1300";"";"";"";"70,0";"70,0";"67,0";"";"";"";"1017,1";"1017,3";"1017,0";"2,8";"198,0";"8,8";"750,80";"0,0"
"30/06/2025";"1400";"";"";"";"83,0";"83,0";"70,0";"";"";"";"1017,4";"1017,5";"1017,1";"1,5";"276,0";"7,6";"446,80";"1,0"
"30/06/2025";"1500";"";"";"";"90,0";"90,0";"83,0";"";"";"";"1017,2";"1017,5";"1017,2";"2,2";"206,0";"6,3";"370,10";"3,4"
"30/06/2025";"1600";"";"";"";"90,0";"91,0";"89,0";"";"";"";"1016,9";"1018,7";"1016,9";"2,3";"190,0";"6,3";"364,90";"6,4"
"30/06/2025";"1700";"";"";"";"92,0";"92,0";"90,0";"";"";"";"1016,6";"1016,9";"1016,6";"1,2";"316,0";"5,8";"305,50";"8,4"
"30/06/2025";"1800";"";"";"";"92,0";"92,0";"92,0";"";"";"";"1016,5";"1016,7";"1016,4";"1,4";"49,0";"4,5";"258,30";"8,0"
"30/06/2025";"1900";"";"";"";"90,0";"92,0";"90,0";"";"";"";"1016,4";"1016,5";"1016,3";"1,3";"323,0";"5,8";"184,80";"2,0"
"30/06/2025";"2000";"";"";"";"";"";"";"";"";"";"";"";"";"";"";"";"";""
"30/06/2025";"2100";"";"";"";"91,0";"91,0";"90,0";"";"";"";"1016,8";"1016,9";"1016,7";"0,7";"261,0";"5,6";"";"3,8"
"30/06/2025";"2200";"";"";"";"92,0";"93,0";"91,0";"";"";"";"1017,1";"1017,3";"1016,8";"1,1";"353,0";"6,1";"";"12,0"
"30/06/2025";"2300";"";"";"";"93,0";"93,0";"92,0";"";"";"";"1017,7";"1017,7";"1017,1";"1,0";"21,0";"3,7";"";"5,0"
"01/07/2025";"0000";"";"";"";"93,0";"93,0";"93,0";"";"";"";"1017,9";"1017,9";"1017,7";"0,4";"245,0";"2,2";"";"0,8"
"01/07/2025";"0100";"";"";"";"93,0";"93,0";"93,0";"";"";"";"1018,0";"1018,4";"1017,9";"0,5";"290,0";"2,2";"";"5,0"
"01/07/2025";"0200";"";"";"";"93,0";"93,0";"93,0";"";"";"";"1017,6";"1018,0";"1017,6";"1,0";"275,0";"2,8";"";"0,2"
"01/07/2025";"0300";"";"";"";"93,0";"93,0";"93,0";"";"";"";"1017,3";"1017,6";"1017,2";"1,0";"285,0";"3,7";"";"0,4"
"01/07/2025";"0400";"";"";"";"93,0";"93,0";"93,0";"";"";"";"1016,9";"1017,3";"1016,9";"1,4";"298,0";"4,5";"";"25,6"
"01/07/2025";"0500";"";"";"";"93,0";"93,0";"93,0";"";"";"";"1016,4";"1016,9";"1016,4";"0,6";"124,0";"3,3";"";"19,6"
"01/07/2025";"0600";"";"";"";"94,0";"94,0";"93,0";"";"";"";"1016,1";"1016,4";"1016,0";"0,5";"275,0";"3,0";"";"0,6"
"01/07/2025";"0700";"";"";"";"93,0";"94,0";"93,0";"";"";"";"1016,3";"1016,3";"1016,1";"0,3";"274,0";"4,7";"";"2,6"
"01/07/2025";"0800";"";"";"";"93,0";"93,0";"93,0";"";"";"";"1016,6";"1016,6";"1016,3";"0,8";"340,0";"1,6";"";"0,0"
"01/07/2025";"0900";"";"";"";"93,0";"93,0";"93,0";"";"";"";"1016,9";"1016,9";"1016,6";"1,0";"213,0";"2,2";"";"0,0"
"01/07/2025";"1000";"";"";"";"93,0";"93,0";"93,0";"";"";"";"1017,5";"1017,5";"1016,9";"0,9";"255,0";"2,3";"30,10";"0,0"
"01/07/2025";"1100";"";"";"";"93,0";"93,0";"93,0";"";"";"";"1018,1";"1018,1";"1017,5";"0,5";"312,0";"1,5";"227,20";"0,0"
"01/07/2025";"1200";"";"";"";"68,0";"93,0";"68,0";"";"";"";"1018,5";"1018,5";"1018,1";"2,8";"86,0";"6,4";"938,10";"0,0"
"01/07/2025";"1300";"";"";"";"59,0";"70,0";"59,0";"";"";"";"1018,7";"1018,8";"1018,5";"1,5";"77,0";"6,4";"1610,50";"0,0"
"01/07/2025";"1400";"";"";"";"54,0";"63,0";"54,0";"";"";"";"1018,7";"1018,8";"1018,7";"1,4";"69,0";"6,5";"2387,20";"0,0"
"01/07/2025";"1500";"";"";"";"52,0";"59,0";"49,0";"";"";"";"1018,4";"1018,7";"1018,3";"1,2";"48,0";"5,7";"2234,60";"0,0"
"01/07/2025";"1600";"";"";"";"54,0";"57,0";"48,0";"";"";"";"1017,8";"1018,4";"1017,8";"1,2";"80,0";"6,1";"2209,30";"0,0"
"01/07/2025";"1700";"";"";"";"57,0";"60,0";"50,0";"";"";"";"1017,2";"1017,8";"1017,2";"1,8";"188,0";"4,4";"2231,70";"0,0"
"01/07/2025";"1800";"";"";"";"58,0";"60,0";"54,0";"";"";"";"1017,0";"1017,2";"1016,9";"1,6";"176,0";"4,9";"1719,80";"0,0"
"01/07/2025";"1900";"";"";"";"64,0";"64,0";"55,0";"";"";"";"1017,1";"1017,1";"1016,9";"1,6";"193,0";"6,0";"765,90";"0,0"
"01/07/2025";"2000";"";"";"";"67,0";"67,0";"63,0";"";"";"";"1017,4";"1017,5";"1017,1";"1,6";"204,0";"4,2";"232,40";"0,0"
"01/07/2025";"2100";"";"";"";"67,0";"68,0";"66,0";"";"";"";"1017,6";"1017,6";"1017,4";"1,5";"196,0";"4,3";"24,30";"0,0"
"01/07/2025";"2200";"";"";"";"70,0";"71,0";"66,0";"";"";"";"1018,1";"1018,1";"1017,6";"1,0";"214,0";"4,3";"";"0,0"
"01/07/2025";"2300";"";"";"";"70,0";"71,0";"69,0";"";"";"";"1018,5";"1018,5";"1018,1";"1,1";"196,0";"3,8";"";"0,0"
"02/07/2025";"0000";"";"";"";"72,0";"72,0";"64,0";"";"";"";"1019,0";"1019,0";"1018,5";"0,8";"224,0";"4,7";"";"0,0"
"02/07/2025";"0100";"";"";"";"83,0";"83,0";"71,0";"";"";"";"1019,0";"1019,1";"1019,0";"2,3";"193,0";"6,1";"";"0,8"
"02/07/2025";"0200";"";"";"";"79,0";"85,0";"77,0";"";"";"";"1019,1";"1019,3";"1019,0";"0,8";"48,0";"8,1";"";"0,2"
"02/07/2025";"0300";"";"";"";"84,0";"86,0";"78,0";"";"";"";"1018,9";"1019,2";"1018,9";"0,8";"256,0";"5,0";"";"0,8"
"02/07/2025";"0400";"";"";"";"77,0";"85,0";"76,0";"";"";"";"1018,6";"1018,9";"1018,5";"1,3";"240,0";"4,6";"";"0,4"
"02/07/2025";"0500";"";"";"";"72,0";"78,0";"71,0";"";"";"";"1018,1";"1018,6";"1018,1";"1,3";"217,0";"4,1";"";"0,0"
"02/07/2025";"0600";"";"";"";"65,0";"72,0";"64,0";"";"";"";"1017,9";"1018,1";"1017,9";"1,5";"204,0";"4,1";"";"0,0"
"02/07/2025";"0700";"";"";"";"65,0";"66,0";"62,0";"";"";"";"1017,8";"1017,9";"1017,7";"1,6";"203,0";"4,9";"";"0,0"
"02/07/2025";"0800";"";"";"";"59,0";"65,0";"58,0";"";"";"";"1017,7";"1018,8";"1017,7";"2,0";"205,0";"5,0";"";"0,0"
"02/07/2025";"0900";"";"";"";"63,0";"65,0";"59,0";"";"";"";"1018,1";"1018,1";"1017,7";"1,2";"209,0";"4,8";"";"0,0"
"02/07/2025";"1000";"";"";"";"59,0";"68,0";"59,0";"";"";"";"1018,6";"1018,6";"1018,1";"1,2";"220,0";"4,2";"273,20";"0,0"
"02/07/2025";"1100";"";"";"";"59,0";"62,0";"54,0";"";"";"";"1019,4";"1019,4";"1018,5";"1,6";"203,0";"5,6";"930,10";"0,0"
"02/07/2025";"1200";"";"";"";"52,0";"59,0";"50,0";"";"";"";"1020,1";"1020,1";"1019,4";"1,2";"287,0";"4,9";"1556,80";"0,0"
"02/07/2025";"1300";"";"";"";"53,0";"56,0";"49,0";"";"";"";"1019,9";"1020,2";"1019,8";"1,2";"245,0";"5,7";"1933,60";"0,0"
"02/07/2025";"1400";"";"";"";"50,0";"57,0";"48,0";"";"";"";"1019,8";"1019,9";"1019,8";"1,5";"205,0";"5,5";"2046,90";"0,0"
"02/07/2025";"1500";"";"";"";"51,0";"56,0";"47,0";"";"";"";"1019,1";"1019,8";"1019,1";"1,9";"179,0";"6,2";"2539,20";"0,0"
"02/07/2025";"1600";"";"";"";"53,0";"59,0";"49,0";"";"";"";"1018,6";"1019,1";"1018,6";"1,4";"180,0";"6,1";"2002,40";"0,0"
"02/07/2025";"1700";"";"";"";"63,0";"63,0";"49,0";"";"";"";"1018,3";"1018,6";"1018,1";"2,5";"194,0";"6,2";"1777,60";"0,0"
"02/07/2025";"1800";"";"";"";"56,0";"63,0";"50,0";"";"";"";"1018,1";"1018,3";"1018,1";"1,7";"183,0";"5,5";"1429,60";"0,0"
"02/07/2025";"1900";"";"";"";"60,0";"61,0";"55,0";"";"";"";"1018,2";"1018,2";"1018,1";"1,7";"190,0";"6,5";"1075,90";"0,0"
"02/07/2025";"2000";"";"";"";"60,0";"64,0";"56,0";"";"";"";"1018,2";"1018,2";"1018,1";"1,5";"191,0";"5,4";"320,50";"0,0"
"02/07/2025";"2100";"";"";"";"64,0";"65,0";"60,0";"";"";"";"1018,3";"1018,5";"1018,2";"1,2";"208,0";"4,3";"10,00";"0,0"
"02/07/2025";"2200";"";"";"";"65,0";"68,0";"63,0";"";"";"";"1018,7";"1018,7";"1018,3";"1,3";"213,0";"3,8";"";"0,0"
"02/07/2025";"2300";"";"";"";"69,0";"69,0";"65,0";"";"";"";"1019,0";"1019,0";"1018,7";"1,1";"218,0";"3,5";"";"0,0"
"03/07/2025";"0000";"";"";"";"65,0";"70,0";"64,0";"";"";"";"1019,3";"1019,3";"1018,9";"1,4";"205,0";"4,1";"";"0,0"
"03/07/2025";"0100";"";"";"";"64,0";"66,0";"61,0";"";"";"";"1019,4";"1019,4";"1019,3";"1,5";"202,0";"4,2";"";"0,0"
"03/07/2025";"0200";"";"";"";"62,0";"65,0";"61,0";"";"";"";"1019,2";"1019,5";"1019,1";"2,1";"198,0";"4,4";"";"0,0"
"03/07/2025";"0300";"";"";"";"73,0";"76,0";"62,0";"";"";"";"1019,0";"1019,3";"1018,9";"1,7";"213,0";"5,5";"";"0,0"
"03/07/2025";"0400";"";"";"";"66,0";"73,0";"66,0";"";"";"";"1018,3";"1019,0";"1018,3";"2,1";"197,0";"5,3";"";"0,0"
"03/07/2025";"0500";"";"";"";"67,0";"67,0";"65,0";"";"";"";"1017,6";"1018,3";"1017,6";"1,6";"207,0";"5,3";"";"0,0"
"03/07/2025";"0600";"";"";"";"68,0";"71,0";"67,0";"";"";"";"1017,4";"1017,6";"1017,4";"2,4";"198,0";"5,9";"";"0,0"
"03/07/2025";"0700";"";"";"";"71,0";"73,0";"68,0";"";"";"";"1017,5";"1017,8";"1017,4";"2,4";"194,0";"6,6";"";"0,0"
"03/07/2025";"0800";"";"";"";"70,0";"73,0";"68,0";"";"";"";"1017,7";"1017,8";"1017,5";"2,0";"196,0";"5,4";"";"0,0"
"03/07/2025";"0900";"";"";"";"72,0";"75,0";"69,0";"";"";"";"1018,0";"1018,0";"1017,7";"2,3";"198,0";"7,2";"";"0,0"
"03/07/2025";"1000";"";"";"";"65,0";"72,0";"62,0";"";"";"";"1018,6";"1018,6";"1017,8";"2,5";"198,0";"6,9";"304,50";"0,0"
"03/07/2025";"1100";"";"";"";"61,0";"65,0";"60,0";"";"";"";"1019,3";"1019,3";"1018,6";"1,8";"203,0";"7,2";"944,30";"0,0"
"03/07/2025";"1200";"";"";"";"56,0";"61,0";"55,0";"";"";"";"1019,7";"1019,7";"1019,3";"2,6";"193,0";"8,9";"1427,30";"0,0"
"03/07/2025";"1300";"";"";"";"55,0";"59,0";"54,0";"";"";"";"1019,7";"1019,8";"1019,7";"3,3";"189,0";"8,2";"1894,10";"0,0"
"03/07/2025";"1400";"";"";"";"54,0";"58,0";"53,0";"";"";"";"1019,4";"1019,8";"1019,3";"3,3";"191,0";"8,0";"1806,70";"0,0"
"03/07/2025";"1500";"";"";"";"52,0";"56,0";"51,0";"";"";"";"1018,8";"1019,4";"1018,8";"2,9";"190,0";"8,5";"2219,10";"0,0"
"03/07/2025";"1600";"";"";"";"55,0";"56,0";"50,0";"";"";"";"1018,0";"1018,8";"1018,0";"3,5";"189,0";"8,8";"2241,40";"0,0"
"03/07/2025";"1700";"";"";"";"55,0";"57,0";"50,0";"";"";"";"1017,5";"1018,0";"1017,5";"2,8";"189,0";"9,1";"1927,40";"0,0"
"03/07/2025";"1800";"";"";"";"55,0";"60,0";"54,0";"";"";"";"1017,1";"1017,5";"1017,1";"3,6";"200,0";"8,5";"1203,70";"0,0"
"03/07/2025";"1900";"";"";"";"58,0";"59,0";"53,0";"";"";"";"1017,0";"1017,1";"1017,0";"2,7";"189,0";"8,5";"889,30";"0,0"
"03/07/2025";"2000";"";"";"";"69,0";"74,0";"58,0";"";"";"";"1016,9";"1017,3";"1016,9";"1,6";"195,0";"8,3";"236,30";"0,0"
"03/07/2025";"2100";"";"";"";"71,0";"75,0";"69,0";"";"";"";"1017,1";"1017,2";"1016,9";"1,4";"199,0";"5,2";"7,70";"0,0"
"03/07/2025";"2200";"";"";"";"73,0";"73,0";"66,0";"";"";"";"1017,3";"1017,4";"1017,1";"1,2";"249,0";"6,1";"";"0,0"
"03/07/2025";"2300";"";"";"";"69,0";"74,0";"65,0";"";"";"";"1017,7";"1017,7";"1017,3";"1,8";"207,0";"5,3";"";"0,0"
"04/07/2025";"0000";"";"";"";"79,0";"80,0";"69,0";"";"";"";"1018,2";"1018,2";"1017,7";"1,6";"223,0";"7,1";"";"0,0"
"04/07/2025";"0100";"";"";"";"83,0";"83,0";"74,0";"";"";"";"1018,4";"1018,4";"1018,2";"1,6";"50,0";"6,8";"";"0,0"
"04/07/2025";"0200";"";"";"";"87,0";"89,0";"83,0";"";"";"";"1018,1";"1018,4";"1018,1";"1,3";"222,0";"4,8";"";"0,6"
"04/07/2025";"0300";"";"";"";"89,0";"90,0";"86,0";"";"";"";"1018,0";"1018,3";"1018,0";"1,2";"213,0";"6,1";"";"0,2"
"04/07/2025";"0400";"";"";"";"81,0";"90,0";"80,0";"";"";"";"1017,4";"1018,0";"1017,4";"1,9";"82,0";"5,7";"";"0,2"
"04/07/2025";"0500";"";"";"";"88,0";"89,0";"81,0";"";"";"";"1016,8";"1017,4";"1016,7";"1,1";"233,0";"4,2";"";"0,4"
"04/07/2025";"0600";"";"";"";"87,0";"89,0";"87,0";"";"";"";"1016,8";"1016,9";"1016,5";"0,8";"178,0";"3,4";"";"0,0"
"04/07/2025";"0700";"";"";"";"79,0";"88,0";"74,0";"";"";"";"1016,7";"1016,9";"1016,5";"1,5";"206,0";"5,1";"";"0,4"
"04/07/2025";"0800";"";"";"";"89,0";"89,0";"79,0";"";"";"";"1017,1";"1017,1";"1016,7";"1,0";"294,0";"4,1";"";"0,0"
"04/07/2025";"0900";"";"";"";"90,0";"90,0";"89,0";"";"";"";"1017,3";"1017,3";"1016,8";"2,1";"230,0";"3,1";"";"0,0"
"04/07/2025";"1000";"";"";"";"90,0";"91,0";"90,0";"";"";"";"1018,0";"1018,5";"1017,3";"1,7";"332,0";"3,3";"121,10";"0,0"
"04/07/2025";"1100";"";"";"";"90,0";"91,0";"89,0";"";"";"";"1018,9";"1018,9";"1018,0";"1,0";"332,0";"3,3";"279,40";"1,8"
"04/07/2025";"1200";"";"";"";"89,0";"91,0";"84,0";"";"";"";"1019,1";"1019,3";"1018,8";"1,1";"252,0";"7,5";"722,70";"6,8"
"04/07/2025";"1300";"";"";"";"90,0";"91,0";"86,0";"";"";"";"1019,5";"1019,6";"1019,1";"1,3";"58,0";"4,7";"676,00";"3,8"
"04/07/2025";"1400";"";"";"";"72,0";"90,0";"72,0";"";"";"";"1018,8";"1019,5";"1018,8";"1,1";"33,0";"5,7";"1342,30";"0,0"
"04/07/2025";"1500";"";"";"";"64,0";"73,0";"63,0";"";"";"";"1017,8";"1018,8";"1017,7";"1,8";"87,0";"3,3";"1937,60";"0,0"
"04/07/2025";"1600";"";"";"";"64,0";"67,0";"60,0";"";"";"";"1015,8";"1017,8";"1015,8";"1,6";"110,0";"4,1";"2107,60";"0,0"
"04/07/2025";"1700";"";"";"";"60,0";"67,0";"57,0";"";"";"";"1015,4";"1015,8";"1015,4";"1,2";"145,0";"4,4";"1978,50";"0,0"
"04/07/2025";"1800";"";"";"";"55,0";"61,0";"53,0";"";"";"";"1015,1";"1015,4";"1015,1";"1,1";"76,0";"4,9";"1691,80";"0,0"
"04/07/2025";"1900";"";"";"";"58,0";"62,0";"55,0";"";"";"";"1015,3";"1015,3";"1014,9";"1,1";"305,0";"3,8";"1096,20";"0,0"
"04/07/2025";"2000";"";"";"";"69,0";"69,0";"58,0";"";"";"";"1015,7";"1015,7";"1015,3";"0,9";"276,0";"3,2";"477,50";"0,0"
"04/07/2025";"2100";"";"";"";"74,0";"74,0";"69,0";"";"";"";"1015,9";"1015,9";"1015,7";"0,9";"271,0";"2,9";"11,90";"0,0"
"04/07/2025";"2200";"";"";"";"73,0";"75,0";"70,0";"";"";"";"1016,2";"1016,2";"1015,9";"1,3";"202,0";"2,4";"";"0,0"
"04/07/2025";"2300";"";"";"";"75,0";"75,0";"68,0";"";"";"";"1016,7";"1016,7";"1016,2";"0,8";"233,0";"2,7";"";"0,0"
"05/07/2025";"0000";"";"";"";"74,0";"75,0";"70,0";"";"";"";"1017,2";"1017,2";"1016,7";"0,8";"282,0";"2,9";"";"0,0"
"05/07/2025";"0100";"";"";"";"72,0";"76,0";"71,0";"";"";"";"1017,5";"1017,5";"1017,2";"0,9";"248,0";"2,7";"";"0,0"
"05/07/2025";"0200";"";"";"";"76,0";"76,0";"72,0";"";"";"";"1017,3";"1017,5";"1017,3";"0,8";"278,0";"2,4";"";"0,0"
"05/07/2025";"0300";"";"";"";"77,0";"77,0";"74,0";"";"";"";"1017,1";"1017,3";"1017,1";"0,8";"219,0";"2,0";"";"0,0"
"05/07/2025";"0400";"";"";"";"80,0";"80,0";"76,0";"";"";"";"1016,7";"1017,1";"1016,7";"0,8";"236,0";"2,2";"";"0,0"
"05/07/2025";"0500";"";"";"";"83,0";"83,0";"79,0";"";"";"";"1016,3";"1016,7";"1016,3";"1,2";"238,0";"2,0";"";"0,0"
"05/07/2025";"0600";"";"";"";"83,0";"85,0";"79,0";"";"";"";"1016,3";"1016,3";"1016,2";"0,9";"214,0";"3,4";"";"0,0"
"05/07/2025";"0700";"";"";"";"78,0";"86,0";"78,0";"";"";"";"1016,5";"1016,5";"1016,3";"1,3";"205,0";"3,4";"";"0,0"
"05/07/2025";"0800";"";"";"";"83,0";"83,0";"77,0";"";"";"";"1016,8";"1016,8";"1016,5";"1,3";"247,0";"3,7";"";"0,0"
"05/07/2025";"0900";"";"";"";"89,0";"89,0";"83,0";"";"";"";"1017,3";"1017,3";"1016,8";"1,7";"236,0";"2,8";"";"0,0"
"05/07/2025";"1000";"";"";"";"82,0";"89,0";"82,0";"";"";"";"1018,0";"1018,0";"1017,3";"1,7";"248,0";"3,1";"276,20";"0,0"
"05/07/2025";"1100";"";"";"";"77,0";"82,0";"76,0";"";"";"";"1018,7";"1018,7";"1018,0";"2,5";"239,0";"4,6";"781,40";"0,0"
"05/07/2025";"1200";"";"";"";"76,0";"80,0";"76,0";"";"";"";"1018,8";"1018,8";"1018,6";"1,9";"241,0";"4,4";"525,40";"0,0"
"05/07/2025";"1300";"";"";"";"73,0";"84,0";"71,0";"";"";"";"1019,2";"1019,9";"1018,5";"1,5";"195,0";"4,5";"1022,00";"0,8"
"05/07/2025";"1400";"";"";"";"64,0";"73,0";"64,0";"";"";"";"1018,2";"1018,7";"1018,2";"2,5";"205,0";"6,7";"1999,40";"0,0"
"05/07/2025";"1500";"";"";"";"63,0";"69,0";"62,0";"";"";"";"1017,5";"1018,2";"1017,5";"2,3";"181,0";"7,7";"2292,90";"0,0"
"05/07/2025";"1600";"";"";"";"61,0";"66,0";"60,0";"";"";"";"1016,7";"1017,5";"1016,7";"2,7";"174,0";"8,1";"2208,70";"0,0"
"05/07/2025";"1700";"";"";"";"69,0";"69,0";"54,0";"";"";"";"1016,1";"1016,7";"1016,0";"3,6";"187,0";"9,1";"2259,30";"0,0"
"05/07/2025";"1800";"";"";"";"71,0";"80,0";"66,0";"";"";"";"1015,8";"1016,1";"1015,6";"2,0";"190,0";"9,1";"1054,50";"0,2"
"05/07/2025";"1900";"";"";"";"73,0";"75,0";"69,0";"";"";"";"1015,9";"1015,9";"1015,8";"2,7";"196,0";"6,8";"586,20";"0,0"
"05/07/2025";"2000";"";"";"";"77,0";"77,0";"72,0";"";"";"";"1016,1";"1016,3";"1015,9";"3,2";"212,0";"7,5";"241,60";"0,0"
"05/07/2025";"2100";"";"";"";"83,0";"86,0";"78,0";"";"";"";"1016,4";"1016,4";"1016,1";"2,5";"196,0";"8,0";"25,00";"0,2"
"05/07/2025";"2200";"";"";"";"83,0";"83,0";"81,0";"";"";"";"1017,0";"1017,0";"1016,4";"1,1";"223,0";"5,3";"";"0,0"
"05/07/2025";"2300";"";"";"";"81,0";"84,0";"80,0";"";"";"";"1017,5";"1017,5";"1017,0";"1,3";"211,0";"3,9";"";"0,0"
"06/07/2025";"0000";"";"";"";"83,0";"86,0";"80,0";"";"";"";"1017,7";"1017,7";"1017,5";"2,1";"195,0";"6,4";"";"0,0"
"06/07/2025";"0100";"";"";"";"82,0";"83,0";"81,0";"";"";"";"1017,8";"1017,8";"1017,7";"1,6";"218,0";"6,4";"";"0,0"
"06/07/2025";"0200";"";"";"";"89,0";"89,0";"82,0";"";"";"";"1017,6";"1017,8";"1017,6";"1,1";"254,0";"3,1";"";"0,0"
"06/07/2025";"0300";"";"";"";"91,0";"91,0";"89,0";"";"";"";"1017,5";"1017,6";"1017,5";"1,8";"242,0";"4,1";"";"0,0"
"06/07/2025";"0400";"";"";"";"91,0";"91,0";"91,0";"";"";"";"1017,1";"1017,5";"1017,1";"1,7";"255,0";"3,3";"";"0,0"
"06/07/2025";"0500";"";"";"";"92,0";"92,0";"91,0";"";"";"";"1016,6";"1017,1";"1016,6";"1,6";"243,0";"3,6";"";"0,0"
"06/07/2025";"0600";"";"";"";"91,0";"92,0";"91,0";"";"";"";"1016,2";"1016,6";"1016,2";"2,0";"251,0";"3,5";"";"0,0"
"06/07/2025";"0700";"";"";"";"91,0";"91,0";"91,0";"";"";"";"1016,4";"1016,4";"1016,1";"1,7";"256,0";"3,6";"";"0,0"
"06/07/2025";"0800";"";"";"";"91,0";"91,0";"91,0";"";"";"";"1016,4";"1016,4";"1016,3";"1,6";"234,0";"3,5";"";"0,0"
"06/07/2025";"0900";"";"";"";"91,0";"92,0";"91,0";"";"";"";"1016,7";"1016,7";"1016,4";"1,7";"238,0";"3,4";"";"0,0"
"06/07/2025";"1000";"";"";"";"91,0";"91,0";"91,0";"";"";"";"1017,1";"1017,1";"1016,7";"2,6";"253,0";"4,5";"258,30";"0,0"
"06/07/2025";"1100";"";"";"";"89,0";"91,0";"89,0";"";"";"";"1017,8";"1017,8";"1017,1";"2,6";"241,0";"4,9";"747,50";"0,0"
"06/07/2025";"1200";"";"";"";"78,0";"89,0";"77,0";"";"";"";"1018,0";"1018,0";"1017,8";"2,6";"249,0";"4,5";"1376,80";"0,0"
"06/07/2025";"1300";"";"";"";"70,0";"79,0";"67,0";"";"";"";"1017,9";"1018,0";"1017,8";"1,9";"247,0";"4,9";"1976,50";"0,0"
"06/07/2025";"1400";"";"";"";"60,0";"70,0";"58,0";"";"";"";"1017,5";"1017,9";"1017,5";"1,4";"204,0";"4,3";"1831,50";"0,0"
"06/07/2025";"1500";"";"";"";"65,0";"66,0";"57,0";"";"";"";"1016,8";"1017,5";"1016,8";"2,2";"178,0";"5,7";"2105,80";"0,0"
"06/07/2025";"1600";"";"";"";"59,0";"67,0";"57,0";"";"";"";"1015,9";"1016,8";"1015,9";"2,8";"184,0";"6,2";"1701,00";"0,0"
"06/07/2025";"1700";"";"";"";"65,0";"65,0";"54,0";"";"";"";"1015,3";"1015,9";"1015,3";"2,5";"179,0";"6,5";"2133,40";"0,0"
"06/07/2025";"1800";"";"";"";"67,0";"70,0";"61,0";"";"";"";"1015,3";"1015,3";"1015,1";"3,3";"199,0";"6,7";"1495,10";"0,0"
"06/07/2025";"1900";"";"";"";"70,0";"72,0";"67,0";"";"";"";"1015,4";"1015,4";"1015,2";"2,0";"182,0";"6,5";"922,20";"0,0"
"06/07/2025";"2000";"";"";"";"75,0";"75,0";"68,0";"";"";"";"1015,7";"1015,7";"1015,4";"1,6";"207,0";"4,3";"363,10";"0,0"
"06/07/2025";"2100";"";"";"";"79,0";"79,0";"75,0";"";"";"";"1016,1";"1016,1";"1015,7";"1,2";"208,0";"4,5";"20,60";"0,0"
"06/07/2025";"2200";"";"";"";"82,0";"82,0";"79,0";"";"";"";"1016,6";"1016,6";"1016,1";"1,5";"224,0";"3,2";"";"0,0"
"06/07/2025";"2300";"";"";"";"84,0";"84,0";"82,0";"";"";"";"1017,3";"1017,3";"1016,6";"1,2";"239,0";"2,3";"";"0,0"
"07/07/2025";"0000";"";"";"";"88,0";"88,0";"81,0";"";"";"";"1017,7";"1017,8";"1017,3";"1,2";"236,0";"5,2";"";"1,0"
"07/07/2025";"0100";"";"";"";"90,0";"90,0";"88,0";"";"";"";"1018,1";"1018,1";"1017,7";"1,2";"233,0";"2,4";"";"0,0"
"07/07/2025";"0200";"";"";"";"90,0";"90,0";"90,0";"";"";"";"1018,2";"1018,2";"1018,1";"1,0";"240,0";"2,1";"";"0,0"
"07/07/2025";"0300";"";"";"";"91,0";"91,0";"90,0";"";"";"";"1018,0";"1018,2";"1018,0";"1,0";"230,0";"2,6";"";"0,0"
"07/07/2025";"0400";"";"";"";"91,0";"91,0";"90,0";"";"";"";"1017,6";"1018,0";"1017,6";"1,6";"251,0";"3,0";"";"0,0"
"07/07/2025";"0500";"";"";"";"91,0";"91,0";"91,0";"";"";"";"1017,0";"1017,6";"1017,0";"1,4";"227,0";"3,2";"";"0,0"
"07/07/2025";"0600";"";"";"";"92,0";"92,0";"91,0";"";"";"";"1016,8";"1017,0";"1016,7";"1,4";"248,0";"2,9";"";"1,4"
"07/07/2025";"0700";"";"";"";"92,0";"92,0";"91,0";"";"";"";"1017,1";"1017,1";"1016,7";"1,3";"255,0";"5,5";"";"2,2"
"07/07/2025";"0800";"";"";"";"92,0";"92,0";"92,0";"";"";"";"1017,3";"1017,4";"1017,1";"2,0";"252,0";"3,7";"";"0,0"
"07/07/2025";"0900";"";"";"";"92,0";"92,0";"92,0";"";"";"";"1017,6";"1017,6";"1017,3";"2,0";"252,0";"3,9";"";"0,0"
"07/07/2025";"1000";"";"";"";"92,0";"92,0";"92,0";"";"";"";"1018,4";"1018,4";"1017,6";"1,7";"238,0";"3,5";"84,00";"0,0"
"07/07/2025";"1100";"";"";"";"83,0";"92,0";"83,0";"";"";"";"1019,0";"1019,0";"1018,4";"3,0";"229,0";"5,2";"910,00";"0,0"
"07/07/2025";"1200";"";"";"";"85,0";"91,0";"83,0";"";"";"";"1019,4";"1019,5";"1019,0";"2,3";"239,0";"5,5";"845,30";"2,4"
"07/07/2025";"1300";"";"";"";"83,0";"86,0";"78,0";"";"";"";"1019,3";"1019,4";"1019,3";"2,6";"217,0";"6,8";"1025,70";"0,0"
"07/07/2025";"1400";"";"";"";"82,0";"87,0";"82,0";"";"";"";"1018,9";"1019,3";"1018,9";"1,9";"192,0";"6,9";"1085,10";"0,4"
"07/07/2025";"1500";"";"";"";"62,0";"82,0";"62,0";"";"";"";"1018,4";"1019,0";"1018,4";"0,8";"206,0";"5,5";"1314,90";"0,0"
"07/07/2025";"1600";"";"";"";"77,0";"77,0";"56,0";"";"";"";"1017,9";"1018,4";"1017,9";"3,1";"189,0";"7,1";"1713,30";"0,0"
"07/07/2025";"1700";"";"";"";"74,0";"77,0";"68,0";"";"";"";"1017,3";"1017,9";"1017,3";"3,7";"188,0";"8,6";"1056,60";"0,0"
"07/07/2025";"1800";"";"";"";"77,0";"77,0";"66,0";"";"";"";"1017,1";"1017,3";"1016,9";"2,8";"188,0";"10,3";"1112,30";"0,0"
"07/07/2025";"1900";"";"";"";"79,0";"79,0";"75,0";"";"";"";"1017,2";"1017,2";"1017,0";"2,3";"219,0";"7,1";"593,20";"0,0"
"07/07/2025";"2000";"";"";"";"74,0";"81,0";"72,0";"";"";"";"1017,7";"1017,7";"1017,2";"2,8";"196,0";"8,2";"271,70";"0,0"
"07/07/2025";"2100";"";"";"";"75,0";"75,0";"68,0";"";"";"";"1018,1";"1018,2";"1017,7";"2,9";"192,0";"8,3";"13,50";"0,2"
"07/07/2025";"2200";"";"";"";"72,0";"79,0";"64,0";"";"";"";"1018,5";"1018,5";"1018,0";"2,0";"210,0";"6,7";"";"0,0"
"07/07/2025";"2300";"";"";"";"79,0";"82,0";"72,0";"";"";"";"1019,0";"1019,0";"1018,4";"3,6";"199,0";"9,5";"";"0,0"
"08/07/2025";"0000";"";"";"";"79,0";"79,0";"76,0";"";"";"";"1019,6";"1019,6";"1019,0";"3,5";"195,0";"10,1";"";"0,0"
"08/07/2025";"0100";"";"";"";"72,0";"79,0";"72,0";"";"";"";"1019,9";"1019,9";"1019,6";"2,8";"193,0";"9,0";"";"0,0"
"08/07/2025";"0200";"";"";"";"72,0";"73,0";"69,0";"";"";"";"1019,6";"1019,9";"1019,6";"2,2";"192,0";"7,6";"";"0,0"
"08/07/2025";"0300";"";"";"";"81,0";"81,0";"70,0";"";"";"";"1019,4";"1019,7";"1019,4";"2,9";"211,0";"7,2";"";"0,0"
"08/07/2025";"0400";"";"";"";"74,0";"82,0";"73,0";"";"";"";"1018,6";"1019,4";"1018,6";"2,5";"202,0";"9,7";"";"0,0"
"08/07/2025";"0500";"";"";"";"71,0";"75,0";"71,0";"";"";"";"1018,0";"1018,6";"1018,0";"1,8";"210,0";"6,5";"";"0,0"
"08/07/2025";"0600";"";"";"";"83,0";"83,0";"68,0";"";"";"";"1017,9";"1018,1";"1017,8";"1,4";"203,0";"8,5";"";"1,0"
"08/07/2025";"0700";"";"";"";"74,0";"85,0";"74,0";"";"";"";"1018,2";"1018,2";"1017,9";"2,6";"191,0";"7,2";"";"0,0"
"08/07/2025";"0800";"";"";"";"75,0";"76,0";"71,0";"";"";"";"1018,4";"1018,5";"1018,2";"1,4";"213,0";"8,4";"";"0,0"
"08/07/2025";"0900";"";"";"";"80,0";"80,0";"74,0";"";"";"";"1018,4";"1018,4";"1018,2";"1,3";"251,0";"4,2";"";"0,0"
"08/07/2025";"1000";"";"";"";"71,0";"81,0";"70,0";"";"";"";"1018,9";"1018,9";"1018,4";"1,6";"195,0";"6,3";"92,20";"0,0"
"08/07/2025";"1100";"";"";"";"78,0";"81,0";"71,0";"";"";"";"1019,7";"1019,7";"1018,9";"1,6";"219,0";"6,8";"248,00";"0,8"
"08/07/2025";"1200";"";"";"";"73,0";"79,0";"69,0";"";"";"";"1020,2";"1020,3";"1019,7";"1,4";"208,0";"5,3";"485,40";"0,0"
"08/07/2025";"1300";"";"";"";"69,0";"81,0";"64,0";"";"";"";"1020,3";"1020,3";"1020,2";"2,7";"198,0";"7,7";"1301,90";"0,6"
"08/07/2025";"1400";"";"";"";"57,0";"71,0";"57,0";"";"";"";"1019,7";"1020,3";"1019,7";"2,8";"191,0";"7,7";"1652,00";"0,0"
"08/07/2025";"1500";"";"";"";"56,0";"66,0";"56,0";"";"";"";"1019,2";"1019,7";"1019,2";"2,5";"195,0";"8,2";"1435,60";"0,0"
"08/07/2025";"1600";"";"";"";"66,0";"66,0";"56,0";"";"";"";"1018,4";"1019,2";"1018,4";"3,7";"189,0";"9,5";"1478,80";"0,0"
"08/07/2025";"1700";"";"";"";"63,0";"74,0";"63,0";"";"";"";"1017,8";"1018,4";"1017,8";"2,3";"193,0";"9,5";"952,60";"0,0"
"08/07/2025";"1800";"";"";"";"61,0";"65,0";"60,0";"";"";"";"1017,3";"1017,8";"1017,3";"3,3";"182,0";"8,9";"872,10";"0,0"
"08/07/2025";"1900";"";"";"";"65,0";"65,0";"56,0";"";"";"";"1017,4";"1017,5";"1017,3";"3,0";"186,0";"8,4";"1033,50";"0,0"
"08/07/2025";"2000";"";"";"";"76,0";"81,0";"65,0";"";"";"";"1017,6";"1017,6";"1017,4";"0,9";"203,0";"8,9";"112,10";"0,2"
"08/07/2025";"2100";"";"";"";"72,0";"76,0";"67,0";"";"";"";"1017,9";"1017,9";"1017,6";"1,1";"267,0";"5,1";"16,80";"0,0"
"08/07/2025";"2200";"";"";"";"64,0";"75,0";"64,0";"";"";"";"1018,2";"1018,2";"1017,9";"1,3";"238,0";"3,5";"";"0,0"
"08/07/2025";"2300";"";"";"";"69,0";"69,0";"62,0";"";"";"";"1018,7";"1018,7";"1018,2";"0,9";"191,0";"5,0";"";"0,0"
"09/07/2025";"0000";"";"";"";"65,0";"72,0";"65,0";"";"";"";"1019,2";"1019,2";"1018,7";"1,4";"195,0";"4,8";"";"0,0"
"09/07/2025";"0100";"";"";"";"64,0";"65,0";"63,0";"";"";"";"1019,5";"1019,5";"1019,2";"0,9";"256,0";"3,3";"";"0,0"
"09/07/2025";"0200";"";"";"";"77,0";"77,0";"63,0";"";"";"";"1019,5";"1019,6";"1019,5";"1,4";"247,0";"3,0";"";"0,0"
"09/07/2025";"0300";"";"";"";"86,0";"86,0";"77,0";"";"";"";"1019,0";"1019,5";"1019,0";"1,5";"246,0";"3,3";"";"0,4"
"09/07/2025";"0400";"";"";"";"84,0";"87,0";"84,0";"";"";"";"1018,5";"1019,0";"1018,5";"1,4";"246,0";"4,5";"";"0,0"
"09/07/2025";"0500";"";"";"";"81,0";"84,0";"79,0";"";"";"";"1018,0";"1018,5";"1018,0";"2,0";"233,0";"5,9";"";"0,0"
"09/07/2025";"0600";"";"";"";"86,0";"86,0";"81,0";"";"";"";"1017,5";"1018,0";"1017,5";"1,3";"260,0";"4,3";"";"0,2"
"09/07/2025";"0700";"";"";"";"86,0";"88,0";"86,0";"";"";"";"1017,9";"1017,9";"1017,5";"1,4";"224,0";"4,6";"";"1,0"
"09/07/2025";"0800";"";"";"";"90,0";"90,0";"83,0";"";"";"";"1018,2";"1018,2";"1017,8";"1,3";"275,0";"5,7";"";"1,2"
"09/07/2025";"0900";"";"";"";"90,0";"90,0";"89,0";"";"";"";"1018,4";"1018,4";"1018,2";"1,8";"246,0";"3,3";"";"0,2"
"09/07/2025";"1000";"";"";"";"90,0";"90,0";"90,0";"";"";"";"1019,0";"1019,0";"1018,4";"1,8";"239,0";"3,5";"137,90";"0,0"
"09/07/2025";"1100";"";"";"";"90,0";"90,0";"88,0";"";"";"";"1019,6";"1019,6";"1019,0";"0,5";"267,0";"3,8";"215,10";"1,2"
"09/07/2025";"1200";"";"";"";"82,0";"90,0";"82,0";"";"";"";"1019,8";"1019,9";"1019,5";"1,5";"239,0";"3,0";"612,20";"0,0"
"09/07/2025";"1300";"";"";"";"60,0";"83,0";"56,0";"";"";"";"1020,0";"1020,0";"1019,8";"2,0";"179,0";"5,5";"1544,80";"0,0"
"09/07/2025";"1400";"";"";"";"64,0";"64,0";"58,0";"";"";"";"1019,9";"1020,0";"1019,8";"1,4";"97,0";"5,7";"1455,60";"0,0"
"09/07/2025";"1500";"";"";"";"59,0";"65,0";"56,0";"";"";"";"1019,3";"1019,9";"1019,3";"1,9";"189,0";"6,1";"999,90";"0,0"
"09/07/2025";"1600";"";"";"";"57,0";"59,0";"55,0";"";"";"";"1018,6";"1019,3";"1018,6";"1,9";"189,0";"5,4";"1342,30";"0,0"
"09/07/2025";"1700";"";"";"";"58,0";"61,0";"56,0";"";"";"";"1018,0";"1018,7";"1018,0";"2,0";"198,0";"5,2";"1154,20";"0,0"
"09/07/2025";"1800";"";"";"";"57,0";"60,0";"56,0";"";"";"";"1017,8";"1018,0";"1017,8";"2,0";"190,0";"5,5";"916,30";"0,0"
"09/07/2025";"1900";"";"";"";"57,0";"61,0";"55,0";"";"";"";"1017,9";"1017,9";"1017,7";"2,1";"184,0";"4,9";"658,10";"0,0"
"09/07/2025";"2000";"";"";"";"61,0";"63,0";"56,0";"";"";"";"1018,2";"1018,2";"1017,9";"1,9";"193,0";"4,6";"190,50";"0,0"
"09/07/2025";"2100";"";"";"";"63,0";"63,0";"60,0";"";"";"";"1018,6";"1018,7";"1018,2";"1,7";"202,0";"4,5";"20,50";"0,0"
"09/07/2025";"2200";"";"";"";"62,0";"64,0";"61,0";"";"";"";"1019,3";"1019,3";"1018,6";"1,1";"209,0";"4,3";"";"0,0"
"09/07/2025";"2300";"";"";"";"64,0";"65,0";"60,0";"";"";"";"1019,8";"1019,8";"1019,3";"1,0";"209,0";"4,1";"";"0,0"
"10/07/2025";"0000";"";"";"";"63,0";"66,0";"62,0";"";"";"";"1020,3";"1020,3";"1019,8";"1,6";"194,0";"4,4";"";"0,0"
"10/07/2025";"0100";"";"";"";"64,0";"64,0";"60,0";"";"";"";"1020,6";"1020,6";"1020,3";"1,1";"218,0";"3,7";"";"0,0"
"10/07/2025";"0200";"";"";"";"68,0";"68,0";"62,0";"";"";"";"1020,5";"1020,7";"1020,5";"1,1";"215,0";"3,2";"";"0,0"
"10/07/2025";"0300";"";"";"";"70,0";"70,0";"66,0";"";"";"";"1020,1";"1020,5";"1020,1";"1,1";"210,0";"4,0";"";"0,0"
"10/07/2025";"0400";"";"";"";"75,0";"75,0";"70,0";"";"";"";"1019,7";"1020,1";"1019,6";"1,0";"245,0";"2,6";"";"0,0"
"10/07/2025";"0500";"";"";"";"70,0";"75,0";"65,0";"";"";"";"1019,2";"1019,7";"1019,2";"1,4";"235,0";"5,4";"";"0,0"
"10/07/2025";"0600";"";"";"";"75,0";"76,0";"70,0";"";"";"";"1018,8";"1019,2";"1018,7";"2,7";"234,0";"5,1";"";"0,0"
"10/07/2025";"0700";"";"";"";"87,0";"87,0";"75,0";"";"";"";"1018,9";"1019,1";"1018,8";"1,0";"295,0";"5,7";"";"3,6"
"10/07/2025";"0800";"";"";"";"90,0";"90,0";"87,0";"";"";"";"1018,8";"1018,9";"1018,7";"1,2";"248,0";"2,7";"";"0,0"
"10/07/2025";"0900";"";"";"";"89,0";"90,0";"88,0";"";"";"";"1019,1";"1019,1";"1018,8";"0,2";"261,0";"3,5";"0,80";"0,0"
"10/07/2025";"1000";"";"";"";"86,0";"90,0";"86,0";"";"";"";"1020,0";"1020,0";"1019,1";"1,7";"241,0";"2,6";"134,90";"0,0"
"10/07/2025";"1100";"";"";"";"78,0";"86,0";"78,0";"";"";"";"1020,5";"1020,5";"1020,0";"1,5";"250,0";"2,9";"654,50";"0,0"
"10/07/2025";"1200";"";"";"";"61,0";"78,0";"60,0";"";"";"";"1020,9";"1020,9";"1020,5";"1,7";"186,0";"3,9";"1571,00";"0,0"
"10/07/2025";"1300";"";"";"";"65,0";"74,0";"57,0";"";"";"";"1021,1";"1021,2";"1020,9";"2,5";"195,0";"6,3";"1224,60";"0,0"
"10/07/2025";"1400";"";"";"";"59,0";"67,0";"57,0";"";"";"";"1020,7";"1021,1";"1020,7";"1,8";"183,0";"6,0";"1733,50";"0,0"
"10/07/2025";"1500";"";"";"";"67,0";"68,0";"57,0";"";"";"";"1020,0";"1020,7";"1020,0";"1,4";"30,0";"4,9";"1712,90";"0,0"
"10/07/2025";"1600";"";"";"";"64,0";"67,0";"58,0";"";"";"";"1019,2";"1020,0";"1019,2";"2,5";"205,0";"6,0";"1331,10";"0,0"
"10/07/2025";"1700";"";"";"";"81,0";"82,0";"59,0";"";"";"";"1018,8";"1019,2";"1018,7";"2,5";"203,0";"7,1";"743,10";"1,8"
"10/07/2025";"1800";"";"";"";"74,0";"84,0";"74,0";"";"";"";"1018,3";"1018,8";"1018,3";"1,6";"196,0";"7,0";"656,20";"0,2"
"10/07/2025";"1900";"";"";"";"79,0";"80,0";"66,0";"";"";"";"1018,8";"1018,9";"1018,3";"1,4";"33,0";"4,7";"569,50";"0,0"
"10/07/2025";"2000";"";"";"";"73,0";"80,0";"70,0";"";"";"";"1018,9";"1019,1";"1018,8";"0,6";"32,0";"8,3";"174,50";"0,0"
"10/07/2025";"2100";"";"";"";"72,0";"76,0";"69,0";"";"";"";"1019,0";"1019,1";"1018,8";"0,8";"218,0";"2,4";"11,70";"0,0"
"10/07/2025";"2200";"";"";"";"69,0";"74,0";"68,0";"";"";"";"1019,3";"1019,3";"1019,0";"1,3";"211,0";"3,3";"";"0,0"
"10/07/2025";"2300";"";"";"";"77,0";"77,0";"68,0";"";"";"";"1019,8";"1019,8";"1019,3";"3,1";"88,0";"6,8";"";"0,0"
"11/07/2025";"0000";"";"";"";"87,0";"87,0";"77,0";"";"";"";"1020,6";"1020,6";"1019,8";"1,0";"348,0";"6,8";"";"3,4"
"11/07/2025";"0100";"";"";"";"80,0";"89,0";"80,0";"";"";"";"1020,5";"1020,6";"1020,4";"2,1";"83,0";"6,5";"";"0,2"
"11/07/2025";"0200";"";"";"";"70,0";"83,0";"70,0";"";"";"";"1020,3";"1020,5";"1020,3";"3,5";"87,0";"7,7";"";"0,0"
"11/07/2025";"0300";"";"";"";"85,0";"85,0";"68,0";"";"";"";"1020,0";"1020,3";"1020,0";"1,8";"256,0";"6,8";"";"0,0"
"11/07/2025";"0400";"";"";"";"90,0";"90,0";"85,0";"";"";"";"1019,2";"1020,0";"1019,2";"1,2";"242,0";"3,9";"";"0,0"
"11/07/2025";"0500";"";"";"";"90,0";"90,0";"90,0";"";"";"";"1018,4";"1019,2";"1018,4";"1,3";"230,0";"2,4";"";"0,0"
"11/07/2025";"0600";"";"";"";"88,0";"91,0";"85,0";"";"";"";"1018,0";"1018,5";"1018,0";"1,1";"53,0";"5,2";"";"2,0"
"11/07/2025";"0700";"";"";"";"84,0";"90,0";"84,0";"";"";"";"1018,1";"1018,2";"1018,0";"3,7";"87,0";"7,6";"";"0,2"
"11/07/2025";"0800";"";"";"";"77,0";"87,0";"76,0";"";"";"";"1018,3";"1018,3";"1018,1";"1,2";"340,0";"8,0";"";"0,0"
"11/07/2025";"0900";"";"";"";"74,0";"78,0";"74,0";"";"";"";"1018,5";"1018,5";"1018,3";"1,0";"7,0";"3,5";"0,20";"0,0"
"11/07/2025";"1000";"";"";"";"70,0";"77,0";"69,0";"";"";"";"1018,8";"1018,8";"1018,5";"1,1";"16,0";"4,5";"122,30";"0,0"
"11/07/2025";"1100";"";"";"";"78,0";"78,0";"68,0";"";"";"";"1019,8";"1019,8";"1018,9";"2,7";"205,0";"7,3";"556,00";"0,2"
"11/07/2025";"1200";"";"";"";"81,0";"84,0";"75,0";"";"";"";"1020,3";"1020,3";"1019,7";"1,7";"6,0";"6,1";"440,10";"2,6"
"11/07/2025";"1300";"";"";"";"66,0";"86,0";"66,0";"";"";"";"1020,1";"1020,3";"1020,1";"1,7";"213,0";"5,4";"1239,70";"0,0"
"11/07/2025";"1400";"";"";"";"64,0";"69,0";"60,0";"";"";"";"1020,1";"1020,2";"1020,1";"1,6";"297,0";"5,4";"2078,20";"0,0"
"11/07/2025";"1500";"";"";"";"63,0";"67,0";"58,0";"";"";"";"1019,5";"1020,1";"1019,5";"1,6";"201,0";"5,1";"1748,20";"0,0"
"11/07/2025";"1600";"";"";"";"59,0";"69,0";"59,0";"";"";"";"1018,7";"1019,5";"1018,7";"1,9";"212,0";"6,9";"1657,50";"0,0"
"11/07/2025";"1700";"";"";"";"60,0";"67,0";"54,0";"";"";"";"1018,1";"1018,8";"1018,1";"1,4";"246,0";"7,1";"1619,90";"0,0"
"11/07/2025";"1800";"";"";"";"57,0";"65,0";"56,0";"";"";"";"1017,9";"1018,2";"1017,8";"1,5";"222,0";"4,7";"1198,60";"0,0"
"11/07/2025";"1900";"";"";"";"57,0";"65,0";"56,0";"";"";"";"1017,8";"1017,9";"1017,7";"1,3";"236,0";"4,4";"560,10";"0,0"
"11/07/2025";"2000";"";"";"";"65,0";"65,0";"57,0";"";"";"";"1017,8";"1017,8";"1017,7";"1,5";"201,0";"4,8";"478,50";"0,0"
"11/07/2025";"2100";"";"";"";"65,0";"67,0";"63,0";"";"";"";"1018,1";"1018,1";"1017,8";"1,5";"247,0";"4,9";"31,70";"0,0"
"11/07/2025";"2200";"";"";"";"68,0";"69,0";"65,0";"";"";"";"1018,6";"1018,6";"1018,1";"1,3";"314,0";"3,8";"";"0,0"
"11/07/2025";"2300";"";"";"";"72,0";"77,0";"63,0";"";"";"";"1019,1";"1019,1";"1018,6";"1,2";"247,0";"5,8";"";"0,2"
"12/07/2025";"0000";"";"";"";"71,0";"72,0";"68,0";"";"";"";"1019,5";"1019,5";"1019,1";"1,1";"306,0";"4,7";"";"0,0"
"12/07/2025";"0100";"";"";"";"73,0";"76,0";"70,0";"";"";"";"1019,5";"1019,7";"1019,5";"1,3";"227,0";"5,6";"";"0,0"
"12/07/2025";"0200";"";"";"";"69,0";"75,0";"68,0";"";"";"";"1019,2";"1019,5";"1019,2";"1,0";"233,0";"5,5";"";"0,0"
"12/07/2025";"0300";"";"";"";"64,0";"72,0";"64,0";"";"";"";"1019,1";"1019,3";"1019,1";"1,3";"219,0";"4,0";"";"0,0"
"12/07/2025";"0400";"";"";"";"64,0";"67,0";"63,0";"";"";"";"1018,7";"1019,1";"1018,7";"1,1";"277,0";"4,0";"";"0,0"
"12/07/2025";"0500";"";"";"";"65,0";"73,0";"63,0";"";"";"";"1018,3";"1018,7";"1018,2";"1,5";"203,0";"6,3";"";"0,0"
"12/07/2025";"0600";"";"";"";"66,0";"73,0";"64,0";"";"";"";"1017,8";"1018,4";"1017,8";"2,0";"206,0";"4,7";"";"0,0"
"12/07/2025";"0700";"";"";"";"61,0";"69,0";"58,0";"";"";"";"1018,1";"1018,1";"1017,8";"1,6";"208,0";"5,9";"";"0,0"
"12/07/2025";"0800";"";"";"";"65,0";"66,0";"61,0";"";"";"";"1018,2";"1018,2";"1018,1";"1,7";"200,0";"5,1";"";"0,0"
"12/07/2025";"0900";"";"";"";"62,0";"71,0";"60,0";"";"";"";"1018,5";"1018,6";"1018,2";"1,3";"224,0";"4,5";"";"0,0"
"12/07/2025";"1000";"";"";"";"65,0";"70,0";"62,0";"";"";"";"1019,0";"1019,0";"1018,5";"1,3";"233,0";"5,9";"295,90";"0,0"
"12/07/2025";"1100";"";"";"";"58,0";"68,0";"57,0";"";"";"";"1019,7";"1019,7";"1019,0";"1,8";"201,0";"4,6";"594,10";"0,0"
"12/07/2025";"1200";"";"";"";"64,0";"70,0";"58,0";"";"";"";"1020,3";"1020,4";"1019,7";"1,7";"291,0";"5,7";"891,30";"0,0"
"12/07/2025";"1300";"";"";"";"54,0";"67,0";"42,0";"";"";"";"1019,9";"1020,3";"1019,9";"1,3";"54,0";"6,1";"1348,50";"0,0"
"12/07/2025";"1400";"";"";"";"61,0";"61,0";"52,0";"";"";"";"1019,7";"1019,9";"1019,7";"1,8";"118,0";"4,9";"1952,20";"0,0"
"12/07/2025";"1500";"";"";"";"55,0";"61,0";"51,0";"";"";"";"1019,1";"1019,7";"1019,1";"1,4";"137,0";"4,6";"2372,60";"0,0"
"12/07/2025";"1600";"";"";"";"58,0";"60,0";"52,0";"";"";"";"1018,4";"1019,1";"1018,4";"1,8";"172,0";"4,9";"2182,90";"0,0"
"12/07/2025";"1700";"";"";"";"51,0";"58,0";"48,0";"";"";"";"1017,8";"1018,4";"1017,7";"2,7";"187,0";"7,0";"2226,30";"0,0"
"12/07/2025";"1800";"";"";"";"61,0";"65,0";"51,0";"";"";"";"1017,4";"1017,8";"1017,4";"1,3";"181,0";"7,0";"1095,70";"0,0"
"12/07/2025";"1900";"";"";"";"70,0";"71,0";"59,0";"";"";"";"1017,3";"1017,4";"1017,2";"1,2";"266,0";"5,2";"561,90";"0,0"
"12/07/2025";"2000";"";"";"";"63,0";"70,0";"62,0";"";"";"";"1017,5";"1017,5";"1017,3";"2,2";"188,0";"7,0";"368,90";"0,0"
"12/07/2025";"2100";"";"";"";"78,0";"78,0";"63,0";"";"";"";"1017,6";"1017,6";"1017,4";"0,8";"257,0";"7,0";"13,60";"0,2"
"12/07/2025";"2200";"";"";"";"71,0";"79,0";"63,0";"";"";"";"1018,0";"1018,0";"1017,6";"1,2";"205,0";"6,4";"";"0,0"
"12/07/2025";"2300";"";"";"";"70,0";"71,0";"68,0";"";"";"";"1018,4";"1018,4";"1018,0";"0,9";"221,0";"3,5";"";"0,0"
"13/07/2025";"0000";"";"";"";"74,0";"74,0";"67,0";"";"";"";"1019,0";"1019,0";"1018,4";"1,3";"278,0";"5,2";"";"0,0"
"13/07/2025";"0100";"";"";"";"89,0";"89,0";"74,0";"";"";"";"1019,2";"1019,5";"1019,0";"2,0";"213,0";"6,6";"";"5,6"
"13/07/2025";"0200";"";"";"";"83,0";"89,0";"83,0";"";"";"";"1019,0";"1019,4";"1018,9";"1,0";"256,0";"5,0";"";"0,2"
"13/07/2025";"0300";"";"";"";"76,0";"83,0";"74,0";"";"";"";"1018,8";"1019,1";"1018,8";"1,0";"198,0";"3,9";"";"0,0"
"13/07/2025";"0400";"";"";"";"71,0";"76,0";"70,0";"";"";"";"1018,2";"1018,8";"1018,2";"1,5";"198,0";"4,3";"";"0,0"
"13/07/2025";"0500";"";"";"";"71,0";"73,0";"71,0";"";"";"";"1017,8";"1018,2";"1017,8";"1,4";"203,0";"4,3";"";"0,0"
"13/07/2025";"0600";"";"";"";"73,0";"73,0";"69,0";"";"";"";"1017,6";"1017,8";"1017,6";"1,0";"255,0";"3,7";"";"0,0"
"13/07/2025";"0700";"";"";"";"86,0";"86,0";"73,0";"";"";"";"1017,8";"1017,8";"1017,5";"1,1";"2,0";"5,3";"";"1,8"
"13/07/2025";"0800";"";"";"";"89,0";"89,0";"86,0";"";"";"";"1017,7";"1017,9";"1017,5";"2,3";"249,0";"3,6";"";"1,2"
"13/07/2025";"0900";"";"";"";"85,0";"90,0";"85,0";"";"";"";"1018,0";"1018,0";"1017,7";"1,4";"244,0";"4,3";"1,30";"0,0"
"13/07/2025";"1000";"";"";"";"77,0";"87,0";"76,0";"";"";"";"1018,6";"1018,6";"1018,0";"0,9";"252,0";"4,0";"158,10";"0,0"
"13/07/2025";"1100";"";"";"";"83,0";"86,0";"77,0";"";"";"";"1019,4";"1019,4";"1018,6";"1,3";"260,0";"4,0";"565,60";"0,0"
"13/07/2025";"1200";"";"";"";"78,0";"87,0";"78,0";"";"";"";"1019,8";"1019,8";"1019,4";"1,3";"200,0";"6,2";"858,00";"0,8"
"13/07/2025";"1300";"";"";"";"67,0";"79,0";"65,0";"";"";"";"1019,9";"1020,0";"1019,8";"2,2";"192,0";"5,9";"1410,50";"0,0"
"13/07/2025";"1400";"";"";"";"69,0";"82,0";"65,0";"";"";"";"1019,7";"1020,1";"1019,7";"1,9";"178,0";"7,6";"1351,50";"1,8"
"13/07/2025";"1500";"";"";"";"62,0";"69,0";"59,0";"";"";"";"1019,2";"1019,7";"1019,2";"1,4";"201,0";"5,8";"2363,10";"0,0"
"13/07/2025";"1600";"";"";"";"62,0";"67,0";"58,0";"";"";"";"1018,8";"1019,2";"1018,7";"1,9";"181,0";"7,1";"2108,40";"0,0"
"13/07/2025";"1700";"";"";"";"63,0";"66,0";"58,0";"";"";"";"1018,2";"1018,8";"1018,2";"2,0";"191,0";"5,6";"1692,00";"0,0"
"13/07/2025";"1800";"";"";"";"62,0";"70,0";"58,0";"";"";"";"1018,1";"1018,2";"1018,1";"2,4";"194,0";"7,0";"1341,90";"0,0"
"13/07/2025";"1900";"";"";"";"61,0";"63,0";"59,0";"";"";"";"1018,0";"1018,1";"1018,0";"2,1";"187,0";"5,7";"1129,90";"0,0"
"13/07/2025";"2000";"";"";"";"70,0";"70,0";"60,0";"";"";"";"1018,3";"1018,3";"1018,0";"1,8";"201,0";"5,5";"448,60";"0,0"
"13/07/2025";"2100";"";"";"";"71,0";"73,0";"69,0";"";"";"";"1018,4";"1018,4";"1018,2";"1,3";"191,0";"4,7";"15,30";"0,0"
"13/07/2025";"2200";"";"";"";"71,0";"73,0";"69,0";"";"";"";"1018,9";"1018,9";"1018,4";"1,0";"180,0";"4,1";"";"0,0"
"13/07/2025";"2300";"";"";"";"83,0";"85,0";"71,0";"";"";"";"1019,3";"1019,4";"1018,9";"1,0";"247,0";"4,1";"";"1,2"
"14/07/2025";"0000";"";"";"";"85,0";"88,0";"83,0";"";"";"";"1020,0";"1020,0";"1019,3";"1,0";"220,0";"2,3";"";"0,0"
"14/07/2025";"0100";"";"";"";"84,0";"86,0";"82,0";"";"";"";"1020,3";"1020,3";"1020,0";"1,1";"238,0";"4,1";"";"0,0"
"14/07/2025";"0200";"";"";"";"87,0";"87,0";"84,0";"";"";"";"1020,4";"1020,5";"1020,3";"1,7";"233,0";"3,9";"";"0,0"
"14/07/2025";"0300";"";"";"";"90,0";"91,0";"87,0";"";"";"";"1020,2";"1020,5";"1020,2";"2,0";"245,0";"3,9";"";"0,0"
"14/07/2025";"0400";"";"";"";"91,0";"91,0";"90,0";"";"";"";"1019,7";"1020,2";"1019,7";"1,3";"191,0";"3,9";"";"1,2"
"14/07/2025";"0500";"";"";"";"92,0";"92,0";"91,0";"";"";"";"1019,3";"1019,7";"1019,3";"1,8";"233,0";"3,7";"";"0,0"
"14/07/2025";"0600";"";"";"";"92,0";"92,0";"92,0";"";"";"";"1019,1";"1019,3";"1019,1";"1,3";"297,0";"3,1";"";"6,6"
"14/07/2025";"0700";"";"";"";"92,0";"92,0";"92,0";"";"";"";"1019,2";"1019,2";"1019,0";"1,4";"240,0";"3,1";"";"0,0"
"14/07/2025";"0800";"";"";"";"92,0";"92,0";"92,0";"";"";"";"1019,1";"1019,2";"1018,9";"1,0";"245,0";"3,2";"";"0,0"
"14/07/2025";"0900";"";"";"";"92,0";"93,0";"92,0";"";"";"";"1019,5";"1019,5";"1019,0";"1,4";"26,0";"3,0";"";"1,0"
"14/07/2025";"1000";"";"";"";"92,0";"92,0";"92,0";"";"";"";"1020,0";"1020,1";"1019,5";"1,1";"259,0";"3,2";"62,80";"0,8"
"14/07/2025";"1100";"";"";"";"84,0";"92,0";"84,0";"";"";"";"1020,7";"1020,7";"1020,0";"0,9";"245,0";"3,4";"469,30";"0,0"
"14/07/2025";"1200";"";"";"";"64,0";"84,0";"59,0";"";"";"";"1021,2";"1021,2";"1020,7";"1,1";"302,0";"3,5";"1384,90";"0,0"
"14/07/2025";"1300";"";"";"";"56,0";"66,0";"55,0";"";"";"";"1021,2";"1021,3";"1021,1";"1,4";"24,0";"5,3";"1633,70";"0,0"
"14/07/2025";"1400";"";"";"";"56,0";"64,0";"51,0";"";"";"";"1020,8";"1021,2";"1020,8";"1,4";"215,0";"6,2";"2379,40";"0,0"
"14/07/2025";"1500";"";"";"";"51,0";"61,0";"50,0";"";"";"";"1020,2";"1020,8";"1020,2";"1,4";"204,0";"5,9";"1587,40";"0,0"
"14/07/2025";"1600";"";"";"";"55,0";"57,0";"50,0";"";"";"";"1019,7";"1020,2";"1019,7";"1,1";"277,0";"4,4";"2465,50";"0,0"
"14/07/2025";"1700";"";"";"";"53,0";"57,0";"48,0";"";"";"";"1019,0";"1019,7";"1019,0";"1,4";"3,0";"4,4";"2218,90";"0,0"
"14/07/2025";"1800";"";"";"";"70,0";"76,0";"51,0";"";"";"";"1018,9";"1019,1";"1018,9";"1,3";"192,0";"8,7";"1245,40";"0,0"
"14/07/2025";"1900";"";"";"";"56,0";"70,0";"55,0";"";"";"";"1018,9";"1018,9";"1018,8";"1,6";"209,0";"4,1";"675,20";"0,0"
"14/07/2025";"2000";"";"";"";"63,0";"64,0";"56,0";"";"";"";"1019,2";"1019,2";"1018,9";"1,1";"208,0";"3,8";"458,80";"0,0"
"14/07/2025";"2100";"";"";"";"67,0";"68,0";"63,0";"";"";"";"1019,3";"1019,3";"1019,2";"0,9";"242,0";"3,2";"18,00";"0,0"
"14/07/2025";"2200";"";"";"";"68,0";"70,0";"67,0";"";"";"";"1019,7";"1019,7";"1019,3";"1,2";"229,0";"3,8";"";"0,0"
"14/07/2025";"2300";"";"";"";"67,0";"70,0";"67,0";"";"";"";"1020,0";"1020,0";"1019,7";"1,2";"224,0";"3,8";"";"0,0"
"15/07/2025";"0000";"";"";"";"68,0";"72,0";"66,0";"";"";"";"1020,5";"1020,5";"1020,0";"1,2";"266,0";"4,8";"";"0,0"
"15/07/2025";"0100";"";"";"";"65,0";"69,0";"65,0";"";"";"";"1020,8";"1020,8";"1020,5";"0,9";"246,0";"4,8";"";"0,0"
"15/07/2025";"0200";"";"";"";"67,0";"67,0";"65,0";"";"";"";"1020,7";"1020,8";"1020,7";"0,9";"252,0";"5,0";"";"0,0"
"15/07/2025";"0300";"";"";"";"71,0";"71,0";"67,0";"";"";"";"1020,5";"1020,7";"1020,5";"1,0";"276,0";"2,5";"";"0,0"
"15/07/2025";"0400";"";"";"";"71,0";"71,0";"68,0";"";"";"";"1019,8";"1020,5";"1019,7";"0,6";"236,0";"2,5";"";"0,0"
"15/07/2025";"0500";"";"";"";"71,0";"72,0";"69,0";"";"";"";"1019,1";"1019,8";"1019,1";"0,6";"242,0";"1,9";"";"0,0"
"15/07/2025";"0600";"";"";"";"73,0";"73,0";"69,0";"";"";"";"1018,7";"1019,1";"1018,6";"0,7";"334,0";"2,1";"";"0,0"
"15/07/2025";"0700";"";"";"";"73,0";"75,0";"72,0";"";"";"";"1018,7";"1018,7";"1018,5";"0,7";"265,0";"2,8";"";"0,0"
"15/07/2025";"0800";"";"";"";"79,0";"79,0";"61,0";"";"";"";"1018,5";"1018,8";"1018,5";"0,7";"248,0";"5,7";"";"0,0"
"15/07/2025";"0900";"";"";"";"75,0";"79,0";"74,0";"";"";"";"1018,7";"1018,7";"1018,5";"1,3";"32,0";"3,5";"";"0,0"
"15/07/2025";"1000";"";"";"";"69,0";"75,0";"69,0";"";"";"";"1019,1";"1019,1";"1018,7";"0,8";"211,0";"4,9";"242,80";"0,0"
"15/07/2025";"1100";"";"";"";"61,0";"70,0";"60,0";"";"";"";"1019,8";"1019,8";"1019,1";"1,2";"224,0";"3,0";"766,70";"0,0"
"15/07/2025";"1200";"";"";"";"57,0";"62,0";"53,0";"";"";"";"1020,1";"1020,1";"1019,8";"1,2";"168,0";"4,0";"1575,00";"0,0"
"15/07/2025";"1300";"";"";"";"55,0";"59,0";"52,0";"";"";"";"1020,2";"1020,3";"1020,1";"2,0";"179,0";"5,5";"2091,70";"0,0"
"15/07/2025";"1400";"";"";"";"53,0";"60,0";"51,0";"";"";"";"1019,8";"1020,2";"1019,8";"1,7";"195,0";"5,6";"2401,50";"0,0"
"15/07/2025";"1500";"";"";"";"53,0";"59,0";"50,0";"";"";"";"1019,0";"1019,8";"1019,0";"1,6";"186,0";"6,0";"2521,40";"0,0"
"15/07/2025";"1600";"";"";"";"53,0";"57,0";"50,0";"";"";"";"1018,2";"1019,0";"1018,2";"2,2";"186,0";"6,4";"2414,90";"0,0"
"15/07/2025";"1700";"";"";"";"50,0";"55,0";"48,0";"";"";"";"1017,5";"1018,2";"1017,5";"2,5";"171,0";"7,8";"2259,40";"0,0"
"15/07/2025";"1800";"";"";"";"54,0";"59,0";"50,0";"";"";"";"1017,2";"1017,5";"1017,2";"2,6";"191,0";"7,8";"1655,90";"0,0"
"15/07/2025";"1900";"";"";"";"57,0";"59,0";"50,0";"";"";"";"1016,9";"1017,2";"1016,9";"2,6";"200,0";"6,8";"944,90";"0,0"
"15/07/2025";"2000";"";"";"";"62,0";"62,0";"55,0";"";"";"";"1017,0";"1017,1";"1016,9";"2,1";"192,0";"7,4";"377,40";"0,0"
"15/07/2025";"2100";"";"";"";"60,0";"62,0";"59,0";"";"";"";"1017,1";"1017,1";"1016,9";"2,1";"188,0";"5,3";"27,20";"0,0"
"15/07/2025";"2200";"";"";"";"63,0";"63,0";"60,0";"";"";"";"1017,5";"1017,5";"1017,1";"1,9";"199,0";"5,7";"";"0,0"
"15/07/2025";"2300";"";"";"";"63,0";"65,0";"61,0";"";"";"";"1018,1";"1018,1";"1017,5";"2,1";"196,0";"5,7";"";"0,0"
"16/07/2025";"0000";"";"";"";"63,0";"64,0";"55,0";"";"";"";"1018,5";"1018,6";"1018,1";"1,9";"202,0";"7,8";"";"0,0"
"16/07/2025";"0100";"";"";"";"62,0";"68,0";"61,0";"";"";"";"1018,7";"1018,7";"1018,5";"2,0";"204,0";"4,7";"";"0,0"
"16/07/2025";"0200";"";"";"";"64,0";"65,0";"62,0";"";"";"";"1018,7";"1018,7";"1018,6";"1,6";"203,0";"4,7";"";"0,0"
"16/07/2025";"0300";"";"";"";"68,0";"68,0";"64,0";"";"";"";"1018,3";"1018,7";"1018,3";"1,4";"203,0";"4,3";"";"0,0"
"16/07/2025";"0400";"";"";"";"79,0";"79,0";"68,0";"";"";"";"1017,8";"1018,3";"1017,8";"1,2";"255,0";"4,7";"";"0,0"
"16/07/2025";"0500";"";"";"";"88,0";"88,0";"79,0";"";"";"";"1017,1";"1017,8";"1017,1";"1,4";"255,0";"4,3";"";"0,0"
"16/07/2025";"0600";"";"";"";"88,0";"88,0";"87,0";"";"";"";"1016,7";"1017,2";"1016,7";"1,4";"253,0";"3,9";"";"0,0"
"16/07/2025";"0700";"";"";"";"89,0";"89,0";"88,0";"";"";"";"1016,6";"1016,7";"1016,6";"2,0";"253,0";"3,5";"";"0,0"
"16/07/2025";"0800";"";"";"";"90,0";"90,0";"89,0";"";"";"";"1016,8";"1016,8";"1016,5";"1,4";"245,0";"3,5";"";"0,4"
"16/07/2025";"0900";"";"";"";"90,0";"90,0";"90,0";"";"";"";"1017,2";"1017,2";"1016,8";"1,7";"251,0";"3,5";"";"0,0"
"16/07/2025";"1000";"";"";"";"90,0";"90,0";"90,0";"";"";"";"1017,5";"1017,5";"1017,2";"2,1";"255,0";"3,9";"110,00";"0,4"
"16/07/2025";"1100";"";"";"";"87,0";"90,0";"87,0";"";"";"";"1018,2";"1018,2";"1017,4";"1,4";"257,0";"4,2";"358,10";"0,0"
"16/07/2025";"1200";"";"";"";"76,0";"88,0";"75,0";"";"";"";"1018,9";"1018,9";"1018,2";"1,5";"239,0";"3,2";"1265,40";"0,0"
"16/07/2025";"1300";"";"";"";"65,0";"76,0";"64,0";"";"";"";"1018,8";"1019,0";"1018,7";"1,2";"218,0";"3,7";"1872,60";"0,0"
"16/07/2025";"1400";"";"";"";"57,0";"66,0";"54,0";"";"";"";"1018,4";"1018,9";"1018,4";"1,6";"186,0";"6,2";"2455,60";"0,0"
"16/07/2025";"1500";"";"";"";"72,0";"72,0";"54,0";"";"";"";"1018,0";"1018,4";"1018,0";"1,4";"218,0";"7,1";"2150,30";"0,0"
"16/07/2025";"1600";"";"";"";"58,0";"72,0";"58,0";"";"";"";"1017,1";"1018,0";"1017,1";"2,4";"189,0";"5,9";"1925,00";"0,0"
"16/07/2025";"1700";"";"";"";"60,0";"61,0";"52,0";"";"";"";"1016,3";"1017,1";"1016,3";"2,0";"184,0";"6,5";"1847,90";"0,0"
"16/07/2025";"1800";"";"";"";"60,0";"61,0";"54,0";"";"";"";"1015,9";"1016,3";"1015,9";"1,7";"186,0";"5,3";"1447,40";"0,0"
"16/07/2025";"1900";"";"";"";"59,0";"63,0";"59,0";"";"";"";"1016,1";"1016,1";"1015,9";"2,2";"184,0";"6,4";"1130,80";"0,0"
"16/07/2025";"2000";"";"";"";"81,0";"82,0";"59,0";"";"";"";"1016,4";"1016,5";"1016,1";"3,0";"214,0";"8,2";"269,40";"0,0"
"16/07/2025";"2100";"";"";"";"75,0";"81,0";"74,0";"";"";"";"1016,6";"1016,7";"1016,3";"1,5";"241,0";"7,3";"25,50";"0,0"
"16/07/2025";"2200";"";"";"";"76,0";"77,0";"75,0";"";"";"";"1017,0";"1017,0";"1016,6";"1,9";"243,0";"3,2";"";"0,0"
"16/07/2025";"2300";"";"";"";"76,0";"77,0";"73,0";"";"";"";"1017,4";"1017,4";"1017,0";"0,4";"88,0";"3,3";"";"0,0"
"17/07/2025";"0000";"";"";"";"88,0";"88,0";"73,0";"";"";"";"1018,3";"1018,3";"1017,4";"1,5";"208,0";"4,7";"";"2,4"
"17/07/2025";"0100";"";"";"";"91,0";"91,0";"88,0";"";"";"";"1018,8";"1018,8";"1018,2";"1,3";"206,0";"3,7";"";"1,2"
"17/07/2025";"0200";"";"";"";"91,0";"91,0";"90,0";"";"";"";"1018,3";"1018,8";"1018,2";"2,0";"232,0";"4,5";"";"5,0"
"17/07/2025";"0300";"";"";"";"90,0";"92,0";"90,0";"";"";"";"1017,7";"1018,3";"1017,7";"1,9";"217,0";"3,6";"";"0,2"
"17/07/2025";"0400";"";"";"";"87,0";"90,0";"83,0";"";"";"";"1017,2";"1017,7";"1017,2";"4,3";"215,0";"9,2";"1,30";"0,2"
"17/07/2025";"0500";"";"";"";"90,0";"91,0";"87,0";"";"";"";"1016,8";"1017,3";"1016,8";"3,8";"197,0";"9,5";"";"3,0"
"17/07/2025";"0600";"";"";"";"81,0";"90,0";"79,0";"";"";"";"1016,5";"1016,9";"1016,5";"2,3";"201,0";"9,5";"";"0,2"
"17/07/2025";"0700";"";"";"";"86,0";"90,0";"81,0";"";"";"";"1016,5";"1016,7";"1016,4";"2,1";"235,0";"6,4";"";"0,0"
"17/07/2025";"0800";"";"";"";"91,0";"91,0";"86,0";"";"";"";"1016,9";"1016,9";"1016,5";"1,2";"240,0";"4,0";"";"0,0"
"17/07/2025";"0900";"";"";"";"91,0";"91,0";"91,0";"";"";"";"1017,0";"1017,0";"1016,7";"1,5";"238,0";"3,5";"";"0,2"
"17/07/2025";"1000";"";"";"";"70,0";"91,0";"69,0";"";"";"";"1017,3";"1017,3";"1016,9";"1,6";"214,0";"5,3";"140,90";"0,0"
"17/07/2025";"1100";"";"";"";"69,0";"74,0";"69,0";"";"";"";"1017,9";"1017,9";"1017,3";"1,1";"216,0";"4,9";"413,80";"0,0"
"17/07/2025";"1200";"";"";"";"59,0";"71,0";"58,0";"";"";"";"1018,5";"1018,5";"1017,9";"1,8";"203,0";"4,9";"1379,60";"0,0"
"17/07/2025";"1300";"";"";"";"64,0";"68,0";"59,0";"";"";"";"1018,6";"1018,7";"1018,5";"2,5";"184,0";"6,7";"1312,70";"0,0"
"17/07/2025";"1400";"";"";"";"59,0";"66,0";"56,0";"";"";"";"1018,0";"1018,6";"1018,0";"2,7";"178,0";"6,8";"2366,90";"0,0"
"17/07/2025";"1500";"";"";"";"58,0";"62,0";"56,0";"";"";"";"1017,2";"1018,1";"1017,2";"2,6";"193,0";"7,4";"2488,50";"0,0"
"17/07/2025";"1600";"";"";"";"59,0";"63,0";"56,0";"";"";"";"1016,6";"1017,2";"1016,6";"3,3";"188,0";"8,4";"2425,40";"0,0"
"17/07/2025";"1700";"";"";"";"67,0";"67,0";"52,0";"";"";"";"1015,9";"1016,6";"1015,9";"2,3";"188,0";"8,2";"2175,10";"0,0"
"17/07/2025";"1800";"";"";"";"58,0";"67,0";"55,0";"";"";"";"1015,9";"1016,0";"1015,9";"1,8";"193,0";"7,3";"1851,50";"0,0"
"17/07/2025";"1900";"";"";"";"67,0";"67,0";"58,0";"";"";"";"1015,9";"1016,0";"1015,8";"1,9";"180,0";"6,3";"890,50";"0,0"
"17/07/2025";"2000";"";"";"";"70,0";"72,0";"67,0";"";"";"";"1016,2";"1016,3";"1015,9";"2,3";"192,0";"6,7";"270,30";"0,0"
"17/07/2025";"2100";"";"";"";"74,0";"75,0";"70,0";"";"";"";"1016,6";"1016,6";"1016,2";"1,9";"191,0";"6,0";"26,30";"0,0"
"17/07/2025";"2200";"";"";"";"77,0";"77,0";"74,0";"";"";"";"1017,1";"1017,1";"1016,6";"1,3";"218,0";"5,4";"";"0,0"
"17/07/2025";"2300";"";"";"";"76,0";"78,0";"76,0";"";"";"";"1017,3";"1017,3";"1017,1";"1,4";"187,0";"4,7";"";"0,0"
"18/07/2025";"0000";"";"";"";"89,0";"89,0";"74,0";"";"";"";"1017,8";"1017,8";"1017,3";"0,7";"325,0";"3,8";"";"3,4"
"18/07/2025";"0100";"";"";"";"91,0";"91,0";"89,0";"";"";"";"1017,9";"1017,9";"1017,8";"1,3";"209,0";"3,4";"";"0,2"
"18/07/2025";"0200";"";"";"";"91,0";"91,0";"91,0";"";"";"";"1017,9";"1018,0";"1017,9";"1,1";"236,0";"3,4";"";"0,0"
"18/07/2025";"0300";"";"";"";"91,0";"91,0";"91,0";"";"";"";"1017,6";"1017,9";"1017,6";"0,7";"205,0";"2,3";"";"0,0"
"18/07/2025";"0400";"";"";"";"89,0";"91,0";"89,0";"";"";"";"1017,1";"1017,6";"1017,1";"1,8";"89,0";"4,1";"";"0,2"
"18/07/2025";"0500";"";"";"";"90,0";"90,0";"89,0";"";"";"";"1016,9";"1017,1";"1016,9";"0,9";"280,0";"4,1";"";"0,0"
"18/07/2025";"0600";"";"";"";"88,0";"90,0";"88,0";"";"";"";"1016,4";"1016,9";"1016,4";"1,3";"212,0";"3,5";"";"0,0"
"18/07/2025";"0700";"";"";"";"87,0";"89,0";"87,0";"";"";"";"1016,5";"1016,5";"1016,3";"0,7";"284,0";"3,5";"";"0,0"
"18/07/2025";"0800";"";"";"";"89,0";"89,0";"83,0";"";"";"";"1016,5";"1016,6";"1016,5";"1,6";"213,0";"6,9";"";"0,2"
"18/07/2025";"0900";"";"";"";"89,0";"89,0";"88,0";"";"";"";"1016,7";"1016,8";"1016,5";"1,0";"224,0";"4,6";"";"0,0"
"18/07/2025";"1000";"";"";"";"90,0";"91,0";"89,0";"";"";"";"1017,4";"1017,4";"1016,7";"2,0";"41,0";"4,8";"77,10";"0,6"
"18/07/2025";"1100";"";"";"";"83,0";"90,0";"83,0";"";"";"";"1017,9";"1017,9";"1017,4";"1,0";"2,0";"4,2";"476,30";"0,0"
"18/07/2025";"1200";"";"";"";"82,0";"85,0";"80,0";"";"";"";"1018,3";"1018,3";"1017,9";"1,5";"247,0";"3,9";"915,40";"0,0"
"18/07/2025";"1300";"";"";"";"70,0";"83,0";"70,0";"";"";"";"1018,1";"1018,3";"1018,1";"1,9";"222,0";"3,5";"1461,80";"0,0"
"18/07/2025";"1400";"";"";"";"63,0";"72,0";"62,0";"";"";"";"1017,8";"1018,1";"1017,8";"1,8";"77,0";"3,7";"1908,80";"0,0"
"18/07/2025";"1500";"";"";"";"66,0";"67,0";"61,0";"";"";"";"1017,2";"1017,8";"1017,1";"1,7";"82,0";"3,6";"2143,00";"0,0"
"18/07/2025";"1600";"";"";"";"83,0";"86,0";"66,0";"";"";"";"1016,7";"1017,3";"1016,7";"2,0";"87,0";"9,8";"1244,50";"0,2"
"18/07/2025";"1700";"";"";"";"85,0";"88,0";"83,0";"";"";"";"1015,8";"1016,7";"1015,8";"1,0";"56,0";"5,1";"804,80";"0,8"
"18/07/2025";"1800";"";"";"";"74,0";"86,0";"74,0";"";"";"";"1015,7";"1015,8";"1015,6";"1,5";"77,0";"3,0";"1187,90";"0,0"
"18/07/2025";"1900";"";"";"";"77,0";"78,0";"72,0";"";"";"";"1015,8";"1015,9";"1015,7";"1,9";"90,0";"3,7";"948,60";"0,2"
"18/07/2025";"2000";"";"";"";"86,0";"86,0";"75,0";"";"";"";"1016,2";"1016,3";"1015,8";"1,2";"227,0";"4,8";"241,90";"1,4"
"18/07/2025";"2100";"";"";"";"90,0";"90,0";"85,0";"";"";"";"1016,3";"1016,4";"1016,2";"1,4";"53,0";"4,6";"23,40";"0,6"
"18/07/2025";"2200";"";"";"";"92,0";"92,0";"90,0";"";"";"";"1017,0";"1017,0";"1016,3";"0,8";"139,0";"2,7";"";"0,2"
"18/07/2025";"2300";"";"";"";"86,0";"92,0";"86,0";"";"";"";"1017,4";"1017,4";"1016,9";"0,7";"258,0";"2,8";"";"0,0"
"19/07/2025";"0000";"";"";"";"84,0";"86,0";"84,0";"";"";"";"1017,7";"1017,7";"1017,3";"0,7";"293,0";"1,9";"";"0,0"
"19/07/2025";"0100";"";"";"";"89,0";"89,0";"81,0";"";"";"";"1018,0";"1018,1";"1017,7";"2,8";"64,0";"8,8";"";"0,8"
"19/07/2025";"0200";"";"";"";"91,0";"91,0";"89,0";"";"";"";"1017,9";"1018,0";"1017,9";"1,6";"54,0";"5,8";"";"0,0"
"19/07/2025";"0300";"";"";"";"79,0";"91,0";"79,0";"";"";"";"1017,5";"1017,9";"1017,5";"1,2";"209,0";"4,2";"";"0,0"
"19/07/2025";"0400";"";"";"";"79,0";"80,0";"78,0";"";"";"";"1017,2";"1017,5";"1017,1";"0,9";"266,0";"2,8";"";"0,0"
"19/07/2025";"0500";"";"";"";"80,0";"80,0";"79,0";"";"";"";"1016,7";"1017,2";"1016,7";"0,9";"273,0";"4,0";"";"0,0"
"19/07/2025";"0600";"";"";"";"81,0";"82,0";"79,0";"";"";"";"1016,5";"1016,8";"1016,5";"1,1";"331,0";"2,9";"";"0,0"
"19/07/2025";"0700";"";"";"";"82,0";"83,0";"81,0";"";"";"";"1016,6";"1016,6";"1016,5";"0,5";"277,0";"2,9";"";"0,0"
"19/07/2025";"0800";"";"";"";"81,0";"84,0";"81,0";"";"";"";"1016,7";"1016,8";"1016,5";"1,6";"28,0";"6,3";"";"0,0"
"19/07/2025";"0900";"";"";"";"82,0";"82,0";"77,0";"";"";"";"1017,2";"1017,2";"1016,7";"1,4";"150,0";"6,3";"";"0,8"
"19/07/2025";"1000";"";"";"";"79,0";"88,0";"78,0";"";"";"";"1017,7";"1017,7";"1017,2";"0,9";"80,0";"4,4";"359,70";"1,2"
"19/07/2025";"1100";"";"";"";"79,0";"81,0";"79,0";"";"";"";"1018,2";"1018,2";"1017,7";"1,1";"209,0";"3,7";"485,90";"0,4"
"19/07/2025";"1200";"";"";"";"85,0";"85,0";"75,0";"";"";"";"1018,4";"1018,5";"1018,1";"0,8";"86,0";"5,4";"687,40";"2,0"
"19/07/2025";"1300";"";"";"";"78,0";"86,0";"76,0";"";"";"";"1018,2";"1018,4";"1018,1";"0,7";"213,0";"5,8";"1113,80";"0,0"
"19/07/2025";"1400";"";"";"";"67,0";"78,0";"65,0";"";"";"";"1017,9";"1018,3";"1017,9";"1,0";"150,0";"3,4";"2216,50";"0,0"
"19/07/2025";"1500";"";"";"";"69,0";"71,0";"63,0";"";"";"";"1017,2";"1017,9";"1017,2";"1,3";"141,0";"4,7";"2502,70";"0,0"
"19/07/2025";"1600";"";"";"";"68,0";"70,0";"64,0";"";"";"";"1016,7";"1017,2";"1016,7";"2,1";"184,0";"6,4";"1768,80";"0,0"
"19/07/2025";"1700";"";"";"";"65,0";"69,0";"60,0";"";"";"";"1015,9";"1016,7";"1015,9";"2,2";"192,0";"6,1";"1747,10";"0,0"
"19/07/2025";"1800";"";"";"";"66,0";"69,0";"58,0";"";"";"";"1015,8";"1015,9";"1015,7";"1,8";"93,0";"6,5";"1719,90";"0,0"
"19/07/2025";"1900";"";"";"";"64,0";"70,0";"63,0";"";"";"";"1015,7";"1015,9";"1015,7";"1,4";"205,0";"5,4";"1153,50";"0,0"
"19/07/2025";"2000";"";"";"";"70,0";"72,0";"63,0";"";"";"";"1015,8";"1015,9";"1015,7";"2,0";"191,0";"4,3";"431,20";"0,0"
"19/07/2025";"2100";"";"";"";"74,0";"75,0";"70,0";"";"";"";"1015,9";"1015,9";"1015,8";"1,3";"195,0";"5,1";"27,20";"0,0"
"19/07/2025";"2200";"";"";"";"76,0";"76,0";"74,0";"";"";"";"1016,1";"1016,1";"1015,9";"1,2";"200,0";"3,9";"";"0,0"
"19/07/2025";"2300";"";"";"";"73,0";"76,0";"73,0";"";"";"";"1016,7";"1016,7";"1016,1";"1,3";"195,0";"3,2";"";"0,0"
"20/07/2025";"0000";"";"";"";"73,0";"74,0";"73,0";"";"";"";"1017,1";"1017,1";"1016,6";"1,8";"194,0";"4,0";"";"0,0"
"20/07/2025";"0100";"";"";"";"73,0";"74,0";"72,0";"";"";"";"1017,1";"1017,1";"1017,0";"1,1";"198,0";"3,9";"";"0,0"
"20/07/2025";"0200";"";"";"";"75,0";"76,0";"73,0";"";"";"";"1017,2";"1017,2";"1017,1";"1,3";"210,0";"4,0";"";"0,0"
"20/07/2025";"0300";"";"";"";"79,0";"79,0";"75,0";"";"";"";"1016,7";"1017,2";"1016,7";"0,9";"217,0";"3,8";"";"0,0"
"20/07/2025";"0400";"";"";"";"78,0";"79,0";"78,0";"";"";"";"1016,3";"1016,8";"1016,3";"1,3";"211,0";"3,3";"";"0,0"
"20/07/2025";"0500";"";"";"";"79,0";"79,0";"78,0";"";"";"";"1015,9";"1016,2";"1015,9";"1,0";"215,0";"3,3";"";"0,0"
"20/07/2025";"0600";"";"";"";"82,0";"82,0";"79,0";"";"";"";"1015,7";"1015,9";"1015,6";"1,3";"243,0";"2,4";"";"0,0"
"20/07/2025";"0700";"";"";"";"86,0";"86,0";"82,0";"";"";"";"1015,7";"1015,8";"1015,6";"0,9";"238,0";"2,0";"";"0,0"
"20/07/2025";"0800";"";"";"";"88,0";"88,0";"86,0";"";"";"";"1016,1";"1016,1";"1015,7";"1,4";"246,0";"2,4";"";"0,0"
"20/07/2025";"0900";"";"";"";"89,0";"89,0";"88,0";"";"";"";"1016,6";"1016,6";"1016,1";"1,2";"230,0";"2,6";"1,30";"0,0"
"20/07/2025";"1000";"";"";"";"89,0";"89,0";"88,0";"";"";"";"1017,2";"1017,2";"1016,6";"1,6";"253,0";"3,4";"146,60";"0,0"
"20/07/2025";"1100";"";"";"";"79,0";"89,0";"79,0";"";"";"";"1017,8";"1017,8";"1017,2";"1,8";"235,0";"3,4";"633,00";"0,0"
"20/07/2025";"1200";"";"";"";"59,0";"79,0";"59,0";"";"";"";"1018,1";"1018,2";"1017,8";"2,6";"201,0";"4,7";"1488,10";"0,0"
"20/07/2025";"1300";"";"";"";"58,0";"62,0";"54,0";"";"";"";"1018,0";"1018,2";"1018,0";"1,8";"172,0";"4,8";"1892,70";"0,0"
"20/07/2025";"1400";"";"";"";"55,0";"60,0";"55,0";"";"";"";"1017,7";"1018,0";"1017,7";"1,5";"190,0";"6,3";"1404,40";"0,0"
"20/07/2025";"1500";"";"";"";"58,0";"58,0";"52,0";"";"";"";"1016,9";"1017,7";"1016,9";"2,6";"185,0";"6,3";"2130,60";"0,0"
"20/07/2025";"1600";"";"";"";"56,0";"58,0";"51,0";"";"";"";"1016,1";"1017,0";"1016,1";"2,2";"188,0";"6,9";"2338,20";"0,0"
"20/07/2025";"1700";"";"";"";"50,0";"57,0";"47,0";"";"";"";"1015,3";"1016,1";"1015,3";"2,9";"182,0";"7,1";"2233,50";"0,0"
"20/07/2025";"1800";"";"";"";"58,0";"58,0";"49,0";"";"";"";"1015,2";"1015,3";"1015,1";"2,3";"184,0";"6,4";"1446,70";"0,0"
"20/07/2025";"1900";"";"";"";"57,0";"60,0";"56,0";"";"";"";"1015,4";"1015,4";"1015,2";"2,8";"184,0";"6,7";"911,90";"0,0"
"20/07/2025";"2000";"";"";"";"67,0";"68,0";"57,0";"";"";"";"1015,8";"1015,8";"1015,3";"2,2";"198,0";"6,7";"408,40";"0,0"
"20/07/2025";"2100";"";"";"";"70,0";"70,0";"67,0";"";"";"";"1016,1";"1016,1";"1015,8";"1,7";"207,0";"5,3";"19,40";"0,0"
"20/07/2025";"2200";"";"";"";"75,0";"76,0";"69,0";"";"";"";"1016,7";"1016,7";"1016,1";"2,1";"194,0";"6,6";"";"0,0"
"20/07/2025";"2300";"";"";"";"72,0";"75,0";"71,0";"";"";"";"1016,8";"1016,8";"1016,7";"1,0";"212,0";"5,7";"";"0,0"
"21/07/2025";"0000";"";"";"";"74,0";"74,0";"70,0";"";"";"";"1017,2";"1017,2";"1016,8";"1,4";"207,0";"3,1";"";"0,0"
"21/07/2025";"0100";"";"";"";"74,0";"74,0";"71,0";"";"";"";"1017,4";"1017,4";"1017,2";"2,0";"196,0";"5,1";"";"0,0"
"21/07/2025";"0200";"";"";"";"84,0";"84,0";"74,0";"";"";"";"1017,5";"1017,5";"1017,3";"1,7";"224,0";"5,9";"";"0,0"
"21/07/2025";"0300";"";"";"";"86,0";"87,0";"84,0";"";"";"";"1017,2";"1017,5";"1017,2";"1,6";"252,0";"3,0";"";"0,0"
"21/07/2025";"0400";"";"";"";"88,0";"88,0";"86,0";"";"";"";"1016,6";"1017,2";"1016,6";"1,5";"245,0";"2,6";"";"0,0"
"21/07/2025";"0500";"";"";"";"87,0";"88,0";"86,0";"";"";"";"1016,0";"1016,6";"1016,0";"1,3";"252,0";"2,8";"";"0,0"
"21/07/2025";"0600";"";"";"";"84,0";"88,0";"84,0";"";"";"";"1015,9";"1016,1";"1015,8";"1,2";"356,0";"3,8";"";"0,0"
"21/07/2025";"0700";"";"";"";"85,0";"85,0";"83,0";"";"";"";"1016,0";"1016,0";"1015,8";"1,2";"337,0";"3,0";"";"0,0"
"21/07/2025";"0800";"";"";"";"90,0";"90,0";"85,0";"";"";"";"1016,2";"1016,2";"1016,0";"2,4";"234,0";"3,9";"";"0,2"
"21/07/2025";"0900";"";"";"";"92,0";"92,0";"90,0";"";"";"";"1016,6";"1016,6";"1016,1";"1,1";"273,0";"4,7";"";"3,6"
"21/07/2025";"1000";"";"";"";"92,0";"92,0";"92,0";"";"";"";"1016,9";"1017,1";"1016,5";"2,1";"259,0";"3,9";"96,30";"0,0"
"21/07/2025";"1100";"";"";"";"90,0";"92,0";"90,0";"";"";"";"1017,7";"1017,7";"1016,9";"1,3";"261,0";"4,6";"441,80";"0,0"
"21/07/2025";"1200";"";"";"";"66,0";"90,0";"66,0";"";"";"";"1018,2";"1018,2";"1017,7";"0,6";"200,0";"2,6";"1402,90";"0,0"
"21/07/2025";"1300";"";"";"";"62,0";"72,0";"60,0";"";"";"";"1018,1";"1018,3";"1018,1";"1,5";"157,0";"3,5";"1560,80";"0,0"
"21/07/2025";"1400";"";"";"";"62,0";"65,0";"55,0";"";"";"";"1017,8";"1018,1";"1017,7";"2,0";"183,0";"5,5";"2410,20";"0,0"
"21/07/2025";"1500";"";"";"";"59,0";"63,0";"54,0";"";"";"";"1017,1";"1017,8";"1017,0";"1,9";"185,0";"5,0";"2368,90";"0,0"
"21/07/2025";"1600";"";"";"";"57,0";"62,0";"55,0";"";"";"";"1016,3";"1017,1";"1016,3";"1,9";"187,0";"5,3";"2263,50";"0,0"
"21/07/2025";"1700";"";"";"";"57,0";"62,0";"56,0";"";"";"";"1015,5";"1016,3";"1015,4";"2,3";"198,0";"5,8";"2263,00";"0,0"
"21/07/2025";"1800";"";"";"";"63,0";"64,0";"57,0";"";"";"";"1015,1";"1015,5";"1015,0";"2,1";"190,0";"6,6";"1763,60";"0,0"
"21/07/2025";"1900";"";"";"";"64,0";"67,0";"60,0";"";"";"";"1015,4";"1015,4";"1015,1";"2,8";"193,0";"6,3";"1018,80";"0,0"
"21/07/2025";"2000";"";"";"";"72,0";"72,0";"63,0";"";"";"";"1015,5";"1015,6";"1015,3";"2,1";"196,0";"6,3";"434,70";"0,0"
"21/07/2025";"2100";"";"";"";"72,0";"74,0";"72,0";"";"";"";"1015,8";"1015,8";"1015,5";"1,8";"206,0";"5,4";"27,70";"0,0"
"21/07/2025";"2200";"";"";"";"69,0";"72,0";"68,0";"";"";"";"1016,2";"1016,2";"1015,8";"2,0";"199,0";"5,1";"";"0,0"
"21/07/2025";"2300";"";"";"";"71,0";"73,0";"69,0";"";"";"";"1016,7";"1016,7";"1016,2";"1,9";"204,0";"5,1";"";"0,0"
"22/07/2025";"0000";"";"";"";"70,0";"72,0";"69,0";"";"";"";"1017,1";"1017,2";"1016,6";"1,5";"204,0";"7,0";"";"0,0"
"22/07/2025";"0100";"";"";"";"71,0";"72,0";"70,0";"";"";"";"1017,1";"1017,2";"1017,1";"1,7";"199,0";"5,8";"";"0,0"
"22/07/2025";"0200";"";"";"";"72,0";"74,0";"71,0";"";"";"";"1017,3";"1017,3";"1017,1";"1,8";"203,0";"5,5";"";"0,0"
"22/07/2025";"0300";"";"";"";"76,0";"77,0";"72,0";"";"";"";"1016,9";"1017,3";"1016,9";"2,0";"194,0";"4,9";"";"0,0"
"22/07/2025";"0400";"";"";"";"78,0";"78,0";"75,0";"";"";"";"1016,2";"1016,9";"1016,2";"0,7";"266,0";"4,7";"";"0,0"
"22/07/2025";"0500";"";"";"";"76,0";"79,0";"76,0";"";"";"";"1016,0";"1016,2";"1016,0";"0,9";"219,0";"2,4";"";"0,0"
"22/07/2025";"0600";"";"";"";"76,0";"78,0";"76,0";"";"";"";"1015,6";"1016,0";"1015,5";"1,1";"209,0";"2,5";"";"0,0"
"22/07/2025";"0700";"";"";"";"76,0";"77,0";"75,0";"";"";"";"1015,7";"1015,7";"1015,5";"1,0";"206,0";"3,4";"";"0,0"
"22/07/2025";"0800";"";"";"";"79,0";"79,0";"76,0";"";"";"";"1016,0";"1016,0";"1015,7";"1,4";"231,0";"3,3";"";"0,0"
"22/07/2025";"0900";"";"";"";"85,0";"85,0";"79,0";"";"";"";"1016,4";"1016,4";"1016,0";"1,6";"248,0";"2,9";"";"0,0"
"22/07/2025";"1000";"";"";"";"84,0";"85,0";"84,0";"";"";"";"1017,1";"1017,1";"1016,4";"1,6";"256,0";"2,9";"201,30";"0,0"
"22/07/2025";"1100";"";"";"";"78,0";"84,0";"78,0";"";"";"";"1017,8";"1017,8";"1017,1";"1,5";"262,0";"3,0";"666,20";"0,0"
"22/07/2025";"1200";"";"";"";"62,0";"78,0";"62,0";"";"";"";"1018,2";"1018,2";"1017,8";"1,9";"187,0";"5,0";"1287,70";"0,0"
"22/07/2025";"1300";"";"";"";"60,0";"66,0";"58,0";"";"";"";"1018,3";"1018,4";"1018,2";"1,7";"177,0";"5,4";"1754,50";"0,0"
"22/07/2025";"1400";"";"";"";"58,0";"73,0";"57,0";"";"";"";"1018,0";"1018,5";"1018,0";"1,6";"170,0";"5,6";"1778,10";"0,0"
"22/07/2025";"1500";"";"";"";"63,0";"64,0";"57,0";"";"";"";"1017,5";"1018,1";"1017,5";"2,1";"182,0";"5,2";"1874,50";"0,0"
"22/07/2025";"1600";"";"";"";"59,0";"64,0";"56,0";"";"";"";"1016,4";"1017,5";"1016,4";"1,7";"166,0";"5,6";"2245,60";"0,0"
"22/07/2025";"1700";"";"";"";"63,0";"64,0";"57,0";"";"";"";"1015,8";"1016,4";"1015,8";"1,7";"163,0";"7,0";"2148,20";"0,0"
"22/07/2025";"1800";"";"";"";"63,0";"65,0";"61,0";"";"";"";"1015,3";"1015,8";"1015,2";"2,1";"197,0";"6,2";"1781,80";"0,0"
"22/07/2025";"1900";"";"";"";"73,0";"73,0";"63,0";"";"";"";"1015,6";"1015,6";"1015,2";"1,8";"193,0";"6,3";"865,90";"0,0"
"22/07/2025";"2000";"";"";"";"73,0";"75,0";"71,0";"";"";"";"1016,1";"1016,1";"1015,6";"1,1";"198,0";"6,5";"304,80";"0,0"
"22/07/2025";"2100";"";"";"";"79,0";"79,0";"70,0";"";"";"";"1016,4";"1016,4";"1016,1";"1,1";"219,0";"4,7";"29,80";"0,0"
"22/07/2025";"2200";"";"";"";"81,0";"82,0";"79,0";"";"";"";"1016,8";"1016,8";"1016,4";"2,0";"189,0";"5,5";"";"0,0"
"22/07/2025";"2300";"";"";"";"81,0";"82,0";"80,0";"";"";"";"1017,5";"1017,5";"1016,8";"1,8";"195,0";"5,5";"";"0,0"
"23/07/2025";"0000";"";"";"";"84,0";"84,0";"80,0";"";"";"";"1017,8";"1017,8";"1017,5";"2,2";"188,0";"5,9";"";"0,0"
"23/07/2025";"0100";"";"";"";"88,0";"88,0";"84,0";"";"";"";"1018,2";"1018,2";"1017,8";"1,3";"206,0";"6,5";"";"0,0"
"23/07/2025";"0200";"";"";"";"86,0";"90,0";"86,0";"";"";"";"1018,0";"1018,2";"1018,0";"0,8";"230,0";"2,9";"";"0,0"
"23/07/2025";"0300";"";"";"";"86,0";"86,0";"86,0";"";"";"";"1017,8";"1018,0";"1017,8";"1,0";"209,0";"3,6";"";"0,0"
"23/07/2025";"0400";"";"";"";"87,0";"87,0";"86,0";"";"";"";"1017,3";"1017,8";"1017,3";"0,9";"219,0";"2,6";"";"0,0"
"23/07/2025";"0500";"";"";"";"91,0";"91,0";"87,0";"";"";"";"1017,0";"1017,3";"1017,0";"0,7";"228,0";"4,2";"";"0,8"
"23/07/2025";"0600";"";"";"";"92,0";"92,0";"91,0";"";"";"";"1016,5";"1017,0";"1016,5";"0,8";"203,0";"2,3";"";"0,8"
"23/07/2025";"0700";"";"";"";"92,0";"92,0";"92,0";"";"";"";"1016,7";"1016,7";"1016,4";"1,5";"215,0";"3,6";"";"0,8"
"23/07/2025";"0800";"";"";"";"92,0";"92,0";"92,0";"";"";"";"1016,9";"1017,0";"1016,7";"0,8";"347,0";"3,6";"";"0,8"
"23/07/2025";"0900";"";"";"";"92,0";"92,0";"92,0";"";"";"";"1017,4";"1017,4";"1016,9";"1,0";"217,0";"3,2";"";"0,0"
"23/07/2025";"1000";"";"";"";"92,0";"93,0";"92,0";"";"";"";"1018,0";"1018,0";"1017,4";"1,3";"241,0";"2,5";"85,90";"0,0"
"23/07/2025";"1100";"";"";"";"93,0";"93,0";"92,0";"";"";"";"1018,8";"1018,8";"1018,0";"1,5";"50,0";"4,8";"92,30";"2,4"
"23/07/2025";"1200";"";"";"";"91,0";"93,0";"91,0";"";"";"";"1019,1";"1019,1";"1018,8";"2,5";"227,0";"3,9";"576,20";"0,0"
"23/07/2025";"1300";"";"";"";"89,0";"92,0";"89,0";"";"";"";"1019,2";"1019,3";"1019,0";"0,9";"60,0";"4,9";"650,10";"1,6"
"23/07/2025";"1400";"";"";"";"75,0";"89,0";"70,0";"";"";"";"1018,7";"1019,2";"1018,7";"1,4";"196,0";"3,7";"2085,10";"0,0"
"23/07/2025";"1500";"";"";"";"65,0";"75,0";"65,0";"";"";"";"1018,1";"1018,7";"1018,1";"2,2";"182,0";"5,7";"2526,80";"0,0"
"23/07/2025";"1600";"";"";"";"71,0";"72,0";"64,0";"";"";"";"1017,5";"1018,1";"1017,5";"1,9";"193,0";"6,4";"1780,80";"0,0"
"23/07/2025";"1700";"";"";"";"81,0";"81,0";"68,0";"";"";"";"1017,0";"1017,5";"1016,9";"1,8";"192,0";"5,0";"1227,20";"0,0"
"23/07/2025";"1800";"";"";"";"81,0";"86,0";"80,0";"";"";"";"1016,5";"1017,0";"1016,5";"1,1";"71,0";"4,7";"781,40";"0,4"
"23/07/2025";"1900";"";"";"";"85,0";"87,0";"79,0";"";"";"";"1016,7";"1016,7";"1016,4";"3,0";"87,0";"5,4";"424,30";"0,0"
"23/07/2025";"2000";"";"";"";"86,0";"88,0";"84,0";"";"";"";"1016,9";"1016,9";"1016,7";"0,9";"49,0";"5,8";"261,20";"0,0"
"23/07/2025";"2100";"";"";"";"88,0";"88,0";"84,0";"";"";"";"1017,1";"1017,1";"1016,9";"2,0";"48,0";"3,2";"30,40";"0,0"
"23/07/2025";"2200";"";"";"";"91,0";"91,0";"86,0";"";"";"";"1017,3";"1017,4";"1017,1";"1,8";"73,0";"5,0";"";"1,4"
"23/07/2025";"2300";"";"";"";"86,0";"91,0";"86,0";"";"";"";"1017,7";"1017,8";"1017,3";"0,9";"200,0";"5,0";"";"1,0"
"24/07/2025";"0000";"";"";"";"87,0";"90,0";"86,0";"";"";"";"1018,2";"1018,2";"1017,7";"1,3";"211,0";"4,6";"";"0,2"
"24/07/2025";"0100";"";"";"";"91,0";"91,0";"87,0";"";"";"";"1018,3";"1018,5";"1018,2";"1,0";"335,0";"6,0";"";"3,2"
"24/07/2025";"0200";"";"";"";"88,0";"92,0";"88,0";"";"";"";"1018,1";"1018,3";"1017,9";"2,9";"86,0";"8,4";"";"0,2"
"24/07/2025";"0300";"";"";"";"88,0";"90,0";"87,0";"";"";"";"1017,6";"1018,1";"1017,6";"1,7";"203,0";"6,8";"";"0,0"
"24/07/2025";"0400";"";"";"";"90,0";"90,0";"85,0";"";"";"";"1017,0";"1017,6";"1017,0";"0,7";"252,0";"4,7";"";"1,4"
"24/07/2025";"0500";"";"";"";"87,0";"90,0";"87,0";"";"";"";"1016,6";"1017,0";"1016,6";"1,0";"65,0";"3,0";"";"0,2"
"24/07/2025";"0600";"";"";"";"85,0";"87,0";"83,0";"";"";"";"1016,3";"1016,6";"1016,2";"0,8";"264,0";"4,5";"";"0,0"
"24/07/2025";"0700";"";"";"";"86,0";"89,0";"85,0";"";"";"";"1016,3";"1016,3";"1016,1";"1,1";"258,0";"3,8";"";"0,8"
"24/07/2025";"0800";"";"";"";"85,0";"88,0";"85,0";"";"";"";"1016,7";"1016,7";"1016,2";"1,2";"234,0";"4,9";"";"1,2"
"24/07/2025";"0900";"";"";"";"83,0";"85,0";"80,0";"";"";"";"1017,0";"1017,0";"1016,6";"1,2";"254,0";"4,1";"0,60";"0,0"
"24/07/2025";"1000";"";"";"";"84,0";"88,0";"82,0";"";"";"";"1017,5";"1017,6";"1017,0";"1,2";"38,0";"5,2";"147,30";"2,8"
"24/07/2025";"1100";"";"";"";"73,0";"84,0";"73,0";"";"";"";"1018,5";"1018,5";"1017,5";"1,2";"244,0";"5,2";"914,50";"0,0"
"24/07/2025";"1200";"";"";"";"69,0";"74,0";"66,0";"";"";"";"1018,9";"1019,0";"1018,4";"1,4";"235,0";"3,9";"1551,60";"0,0"
"24/07/2025";"1300";"";"";"";"63,0";"71,0";"62,0";"";"";"";"1019,0";"1019,0";"1018,9";"0,9";"310,0";"4,3";"1940,10";"0,0"
"24/07/2025";"1400";"";"";"";"63,0";"68,0";"59,0";"";"";"";"1018,7";"1019,0";"1018,7";"2,0";"62,0";"4,2";"2070,00";"0,0"
"24/07/2025";"1500";"";"";"";"58,0";"64,0";"55,0";"";"";"";"1018,1";"1018,7";"1018,1";"1,6";"90,0";"4,3";"2494,20";"0,0"
"24/07/2025";"1600";"";"";"";"60,0";"62,0";"54,0";"";"";"";"1017,4";"1018,2";"1017,4";"1,4";"79,0";"5,7";"2256,80";"0,0"
"24/07/2025";"1700";"";"";"";"58,0";"62,0";"55,0";"";"";"";"1016,8";"1017,4";"1016,7";"1,4";"59,0";"4,8";"2195,90";"0,0"
"24/07/2025";"1800";"";"";"";"62,0";"63,0";"55,0";"";"";"";"1016,1";"1016,8";"1016,1";"1,2";"72,0";"4,7";"1338,60";"0,0"
"24/07/2025";"1900";"";"";"";"63,0";"66,0";"60,0";"";"";"";"1016,1";"1016,2";"1016,0";"1,0";"73,0";"5,0";"815,10";"0,0"
"24/07/2025";"2000";"";"";"";"68,0";"69,0";"61,0";"";"";"";"1016,2";"1016,2";"1016,1";"0,9";"323,0";"4,2";"445,30";"0,0"
"24/07/2025";"2100";"";"";"";"";"";"";"";"";"";"";"";"";"";"";"";"";""
"24/07/2025";"2200";"";"";"";"";"";"";"";"";"";"";"";"";"";"";"";"";""
"24/07/2025";"2300";"";"";"";"69,0";"72,0";"69,0";"";"";"";"1017,1";"1017,1";"1016,6";"1,2";"224,0";"3,8";"";"0,0"
"25/07/2025";"0000";"";"";"";"70,0";"71,0";"67,0";"";"";"";"1017,7";"1017,7";"1017,1";"1,0";"236,0";"2,5";"";"0,0"
"25/07/2025";"0100";"";"";"";"71,0";"72,0";"68,0";"";"";"";"1017,7";"1017,8";"1017,7";"0,8";"264,0";"4,5";"";"0,0"
"25/07/2025";"0200";"";"";"";"69,0";"71,0";"68,0";"";"";"";"1017,5";"1017,8";"1017,5";"1,2";"210,0";"3,3";"";"0,0"
"25/07/2025";"0300";"";"";"";"80,0";"80,0";"69,0";"";"";"";"1017,3";"1017,6";"1017,3";"0,8";"228,0";"4,5";"";"0,6"
"25/07/2025";"0400";"";"";"";"70,0";"81,0";"65,0";"";"";"";"1016,7";"1017,3";"1016,7";"1,1";"236,0";"5,2";"";"0,0"
"25/07/2025";"0500";"";"";"";"72,0";"72,0";"68,0";"";"";"";"1016,1";"1016,7";"1016,1";"1,7";"209,0";"4,6";"";"0,0"
"25/07/2025";"0600";"";"";"";"72,0";"72,0";"70,0";"";"";"";"1016,0";"1016,1";"1015,9";"1,3";"208,0";"5,0";"";"0,0"
"25/07/2025";"0700";"";"";"";"71,0";"73,0";"71,0";"";"";"";"1016,0";"1016,1";"1015,8";"1,8";"192,0";"4,8";"";"0,0"
"25/07/2025";"0800";"";"";"";"71,0";"72,0";"70,0";"";"";"";"1016,3";"1016,3";"1016,0";"0,9";"215,0";"4,2";"";"0,0"
"25/07/2025";"0900";"";"";"";"76,0";"76,0";"71,0";"";"";"";"1016,4";"1016,7";"1016,3";"1,9";"212,0";"4,4";"";"0,0"
"25/07/2025";"1000";"";"";"";"76,0";"77,0";"75,0";"";"";"";"1017,3";"1017,4";"1016,4";"1,7";"202,0";"4,9";"187,70";"0,0"
"25/07/2025";"1100";"";"";"";"79,0";"79,0";"75,0";"";"";"";"1018,2";"1018,2";"1017,3";"2,1";"186,0";"6,8";"318,90";"0,0"
"25/07/2025";"1200";"";"";"";"81,0";"87,0";"79,0";"";"";"";"1018,8";"1018,8";"1018,2";"1,6";"195,0";"5,3";"780,00";"2,6"
"25/07/2025";"1300";"";"";"";"65,0";"81,0";"65,0";"";"";"";"1018,8";"1018,9";"1018,6";"1,0";"61,0";"4,0";"1249,50";"0,0"
"25/07/2025";"1400";"";"";"";"57,0";"65,0";"56,0";"";"";"";"1018,4";"1018,8";"1018,4";"1,9";"183,0";"5,3";"2142,50";"0,0"
"25/07/2025";"1500";"";"";"";"61,0";"69,0";"58,0";"";"";"";"1018,0";"1018,6";"1018,0";"1,6";"219,0";"5,3";"2333,90";"0,0"
"25/07/2025";"1600";"";"";"";"59,0";"62,0";"51,0";"";"";"";"1017,2";"1018,1";"1017,2";"1,4";"70,0";"5,7";"1595,70";"0,0"
"25/07/2025";"1700";"";"";"";"56,0";"62,0";"54,0";"";"";"";"1016,3";"1017,2";"1016,3";"1,2";"171,0";"3,7";"2297,60";"0,0"
"25/07/2025";"1800";"";"";"";"61,0";"62,0";"56,0";"";"";"";"1015,8";"1016,3";"1015,8";"1,5";"168,0";"4,8";"1846,90";"0,0"
"25/07/2025";"1900";"";"";"";"68,0";"70,0";"60,0";"";"";"";"1015,8";"1015,9";"1015,7";"0,7";"65,0";"4,8";"691,80";"0,0"
"25/07/2025";"2000";"";"";"";"66,0";"72,0";"64,0";"";"";"";"1015,8";"1015,8";"1015,8";"0,9";"355,0";"4,1";"200,20";"0,0"
"25/07/2025";"2100";"";"";"";"74,0";"74,0";"65,0";"";"";"";"1016,0";"1016,1";"1015,8";"2,6";"62,0";"6,5";"15,80";"0,0"
"25/07/2025";"2200";"";"";"";"70,0";"78,0";"67,0";"";"";"";"1016,3";"1016,3";"1015,9";"1,3";"15,0";"6,5";"";"0,0"
"25/07/2025";"2300";"";"";"";"68,0";"71,0";"66,0";"";"";"";"1016,7";"1016,7";"1016,3";"1,7";"67,0";"6,2";"";"0,0"
"26/07/2025";"0000";"";"";"";"66,0";"68,0";"64,0";"";"";"";"1017,3";"1017,3";"1016,7";"1,5";"62,0";"7,5";"";"0,0"
"26/07/2025";"0100";"";"";"";"65,0";"68,0";"64,0";"";"";"";"1017,4";"1017,5";"1017,4";"1,4";"65,0";"4,8";"";"0,0"
"26/07/2025";"0200";"";"";"";"66,0";"66,0";"62,0";"";"";"";"1017,4";"1017,4";"1017,2";"1,0";"352,0";"4,8";"";"0,0"
"26/07/2025";"0300";"";"";"";"61,0";"66,0";"61,0";"";"";"";"1017,3";"1017,5";"1017,3";"1,2";"16,0";"5,1";"";"0,0"
"26/07/2025";"0400";"";"";"";"64,0";"65,0";"60,0";"";"";"";"1017,0";"1017,4";"1017,0";"1,0";"315,0";"3,9";"";"0,0"
"26/07/2025";"0500";"";"";"";"61,0";"65,0";"60,0";"";"";"";"1016,6";"1017,0";"1016,6";"1,0";"352,0";"2,6";"";"0,0"
"26/07/2025";"0600";"";"";"";"59,0";"63,0";"57,0";"";"";"";"1016,2";"1016,6";"1016,2";"0,9";"324,0";"3,1";"";"0,0"
"26/07/2025";"0700";"";"";"";"63,0";"63,0";"59,0";"";"";"";"1016,2";"1016,3";"1016,1";"0,9";"304,0";"3,1";"";"0,0"
"26/07/2025";"0800";"";"";"";"66,0";"66,0";"63,0";"";"";"";"1016,2";"1016,3";"1016,2";"0,8";"271,0";"2,6";"";"0,0"
"26/07/2025";"0900";"";"";"";"64,0";"66,0";"60,0";"";"";"";"1016,8";"1016,8";"1016,2";"1,1";"207,0";"3,1";"";"0,0"
"26/07/2025";"1000";"";"";"";"59,0";"65,0";"59,0";"";"";"";"1017,6";"1017,6";"1016,8";"1,5";"220,0";"3,5";"155,20";"0,0"
"26/07/2025";"1100";"";"";"";"53,0";"59,0";"52,0";"";"";"";"1018,6";"1018,6";"1017,6";"1,9";"188,0";"5,0";"1002,80";"0,0"
"26/07/2025";"1200";"";"";"";"51,0";"55,0";"50,0";"";"";"";"1019,1";"1019,1";"1018,6";"1,7";"202,0";"5,9";"1610,10";"0,0"
"26/07/2025";"1300";"";"";"";"48,0";"52,0";"47,0";"";"";"";"1019,3";"1019,4";"1019,1";"2,0";"195,0";"5,9";"2123,00";"0,0"
"26/07/2025";"1400";"";"";"";"47,0";"49,0";"41,0";"";"";"";"1019,0";"1019,3";"1019,0";"1,5";"152,0";"5,3";"2457,70";"0,0"
"26/07/2025";"1500";"";"";"";"40,0";"51,0";"40,0";"";"";"";"1018,5";"1019,0";"1018,5";"1,6";"161,0";"4,9";"2595,20";"0,0"
"26/07/2025";"1600";"";"";"";"44,0";"46,0";"40,0";"";"";"";"1017,2";"1018,5";"1017,2";"1,8";"160,0";"5,7";"2567,70";"0,0"
"26/07/2025";"1700";"";"";"";"44,0";"48,0";"42,0";"";"";"";"1016,8";"1017,2";"1016,7";"1,5";"192,0";"5,7";"2331,40";"0,0"
"26/07/2025";"1800";"";"";"";"48,0";"50,0";"43,0";"";"";"";"1016,3";"1016,8";"1016,2";"1,3";"194,0";"5,3";"1905,80";"0,0"
"26/07/2025";"1900";"";"";"";"48,0";"51,0";"46,0";"";"";"";"1016,3";"1016,3";"1016,1";"1,3";"185,0";"5,6";"1275,50";"0,0"
"26/07/2025";"2000";"";"";"";"52,0";"52,0";"46,0";"";"";"";"1016,4";"1016,5";"1016,3";"1,7";"196,0";"4,8";"536,90";"0,0"
"26/07/2025";"2100";"";"";"";"55,0";"56,0";"52,0";"";"";"";"1016,4";"1016,6";"1016,4";"1,0";"206,0";"3,8";"21,70";"0,0"
"26/07/2025";"2200";"";"";"";"62,0";"62,0";"55,0";"";"";"";"1016,6";"1016,7";"1016,4";"1,2";"203,0";"2,9";"";"0,0"
"26/07/2025";"2300";"";"";"";"65,0";"65,0";"62,0";"";"";"";"1017,3";"1017,3";"1016,6";"1,2";"204,0";"3,9";"";"0,0"
"27/07/2025";"0000";"";"";"";"66,0";"66,0";"64,0";"";"";"";"1017,6";"1017,6";"1017,3";"1,1";"245,0";"3,5";"";"0,0"
"27/07/2025";"0100";"";"";"";"63,0";"66,0";"63,0";"";"";"";"1017,9";"1018,0";"1017,6";"1,4";"204,0";"3,9";"";"0,0"
"27/07/2025";"0200";"";"";"";"65,0";"65,0";"62,0";"";"";"";"1017,9";"1018,0";"1017,8";"1,3";"206,0";"3,4";"";"0,0"
"27/07/2025";"0300";"";"";"";"62,0";"65,0";"62,0";"";"";"";"1017,9";"1018,0";"1017,8";"1,3";"206,0";"4,6";"";"0,0"
"27/07/2025";"0400";"";"";"";"68,0";"68,0";"62,0";"";"";"";"1017,5";"1017,9";"1017,5";"1,5";"210,0";"4,3";"";"0,0"
"27/07/2025";"0500";"";"";"";"67,0";"69,0";"67,0";"";"";"";"1017,0";"1017,5";"1017,0";"1,4";"205,0";"4,2";"";"0,0"
"27/07/2025";"0600";"";"";"";"68,0";"69,0";"65,0";"";"";"";"1016,8";"1017,0";"1016,7";"1,4";"207,0";"4,1";"";"0,0"
"27/07/2025";"0700";"";"";"";"69,0";"69,0";"67,0";"";"";"";"1016,8";"1016,8";"1016,6";"1,8";"193,0";"5,3";"";"0,0"
"27/07/2025";"0800";"";"";"";"66,0";"69,0";"66,0";"";"";"";"1017,2";"1017,2";"1016,8";"2,2";"194,0";"6,1";"";"0,0"
"27/07/2025";"0900";"";"";"";"69,0";"69,0";"66,0";"";"";"";"1017,4";"1017,4";"1017,2";"1,8";"200,0";"5,7";"";"0,0"
"27/07/2025";"1000";"";"";"";"64,0";"69,0";"64,0";"";"";"";"1017,9";"1017,9";"1017,4";"2,3";"190,0";"5,7";"157,50";"0,0"
"27/07/2025";"1100";"";"";"";"59,0";"64,0";"59,0";"";"";"";"1018,5";"1018,5";"1017,9";"2,5";"185,0";"5,8";"757,40";"0,0"
"27/07/2025";"1200";"";"";"";"59,0";"61,0";"58,0";"";"";"";"1019,1";"1019,1";"1018,5";"2,3";"193,0";"6,6";"1137,40";"0,0"
"27/07/2025";"1300";"";"";"";"83,0";"83,0";"56,0";"";"";"";"1019,4";"1019,4";"1019,1";"2,8";"78,0";"7,1";"830,30";"1,2"
"27/07/2025";"1400";"";"";"";"62,0";"86,0";"62,0";"";"";"";"1018,7";"1019,4";"1018,7";"1,3";"179,0";"7,1";"1932,10";"0,8"
"27/07/2025";"1500";"";"";"";"56,0";"62,0";"55,0";"";"";"";"1018,1";"1018,8";"1018,1";"2,8";"188,0";"7,8";"2322,10";"0,0"
"27/07/2025";"1600";"";"";"";"54,0";"59,0";"54,0";"";"";"";"1017,3";"1018,1";"1017,3";"2,3";"180,0";"7,8";"1452,70";"0,0"
"27/07/2025";"1700";"";"";"";"63,0";"75,0";"54,0";"";"";"";"1016,5";"1017,3";"1016,5";"1,7";"183,0";"5,5";"970,90";"0,0"
"27/07/2025";"1800";"";"";"";"54,0";"64,0";"54,0";"";"";"";"1016,2";"1016,5";"1016,2";"1,5";"183,0";"5,5";"862,90";"0,0"
"27/07/2025";"1900";"";"";"";"71,0";"72,0";"54,0";"";"";"";"1016,5";"1016,5";"1016,2";"2,2";"77,0";"5,8";"720,20";"0,0"
"27/07/2025";"2000";"";"";"";"77,0";"82,0";"59,0";"";"";"";"1016,7";"1016,8";"1016,4";"2,6";"68,0";"7,0";"131,00";"0,0"
"27/07/2025";"2100";"";"";"";"78,0";"79,0";"76,0";"";"";"";"1016,7";"1016,8";"1016,7";"0,7";"13,0";"6,3";"14,80";"0,0"
"27/07/2025";"2200";"";"";"";"66,0";"78,0";"66,0";"";"";"";"1017,0";"1017,0";"1016,7";"1,7";"200,0";"4,9";"";"0,0"
"27/07/2025";"2300";"";"";"";"65,0";"67,0";"64,0";"";"";"";"1017,5";"1017,6";"1017,0";"1,7";"200,0";"5,3";"";"0,0"
"28/07/2025";"0000";"";"";"";"65,0";"66,0";"63,0";"";"";"";"1017,8";"1017,9";"1017,5";"1,5";"193,0";"5,3";"";"0,0"
"28/07/2025";"0100";"";"";"";"65,0";"66,0";"62,0";"";"";"";"1018,0";"1018,0";"1017,8";"1,4";"215,0";"4,1";"";"0,0"
"28/07/2025";"0200";"";"";"";"67,0";"67,0";"63,0";"";"";"";"1017,6";"1018,0";"1017,6";"1,1";"215,0";"3,9";"";"0,0"
"28/07/2025";"0300";"";"";"";"65,0";"70,0";"64,0";"";"";"";"1017,2";"1017,6";"1017,1";"1,2";"210,0";"3,1";"";"0,0"
"28/07/2025";"0400";"";"";"";"68,0";"68,0";"64,0";"";"";"";"1016,6";"1017,2";"1016,6";"1,1";"223,0";"3,8";"";"0,0"
"28/07/2025";"0500";"";"";"";"69,0";"71,0";"68,0";"";"";"";"1016,3";"1016,6";"1016,2";"0,9";"217,0";"3,5";"";"0,0"
"28/07/2025";"0600";"";"";"";"68,0";"70,0";"67,0";"";"";"";"1016,2";"1016,3";"1016,2";"0,9";"208,0";"2,8";"";"0,0"
"28/07/2025";"0700";"";"";"";"65,0";"69,0";"65,0";"";"";"";"1016,2";"1016,2";"1016,1";"1,6";"197,0";"4,1";"";"0,0"
"28/07/2025";"0800";"";"";"";"67,0";"69,0";"65,0";"";"";"";"1016,5";"1016,6";"1016,2";"1,6";"194,0";"4,1";"";"0,0"
"28/07/2025";"0900";"";"";"";"68,0";"68,0";"67,0";"";"";"";"1016,8";"1016,8";"1016,5";"1,7";"203,0";"4,1";"";"0,0"
"28/07/2025";"1000";"";"";"";"66,0";"70,0";"66,0";"";"";"";"1017,4";"1017,4";"1016,8";"1,9";"197,0";"4,8";"146,90";"0,0"
"28/07/2025";"1100";"";"";"";"60,0";"67,0";"60,0";"";"";"";"1018,3";"1018,3";"1017,4";"2,1";"197,0";"5,5";"593,40";"0,0"
"28/07/2025";"1200";"";"";"";"55,0";"61,0";"55,0";"";"";"";"1018,8";"1018,8";"1018,3";"1,7";"189,0";"6,2";"1432,90";"0,0"
"28/07/2025";"1300";"";"";"";"50,0";"58,0";"48,0";"";"";"";"1018,9";"1018,9";"1018,8";"2,6";"200,0";"6,0";"2084,10";"0,0"
"28/07/2025";"1400";"";"";"";"54,0";"56,0";"50,0";"";"";"";"1018,8";"1018,9";"1018,8";"2,3";"184,0";"7,6";"2162,90";"0,0"
"28/07/2025";"1500";"";"";"";"52,0";"57,0";"50,0";"";"";"";"1018,3";"1018,8";"1018,3";"3,0";"198,0";"7,5";"2423,80";"0,0"
"28/07/2025";"1600";"";"";"";"54,0";"55,0";"51,0";"";"";"";"1017,3";"1018,3";"1017,3";"2,8";"191,0";"8,6";"2407,50";"0,0"
"28/07/2025";"1700";"";"";"";"57,0";"57,0";"52,0";"";"";"";"1016,5";"1017,3";"1016,5";"2,9";"190,0";"8,0";"2248,60";"0,0"
"28/07/2025";"1800";"";"";"";"56,0";"58,0";"52,0";"";"";"";"1016,4";"1016,6";"1016,3";"2,7";"180,0";"8,0";"1737,00";"0,0"
"28/07/2025";"1900";"";"";"";"62,0";"62,0";"55,0";"";"";"";"1016,2";"1016,4";"1016,2";"2,6";"198,0";"7,1";"876,60";"0,0"
"28/07/2025";"2000";"";"";"";"61,0";"62,0";"58,0";"";"";"";"1016,4";"1016,5";"1016,2";"2,3";"188,0";"6,5";"390,90";"0,0"
"28/07/2025";"2100";"";"";"";"64,0";"65,0";"61,0";"";"";"";"1016,8";"1016,8";"1016,4";"1,8";"196,0";"5,6";"25,80";"0,0"
"28/07/2025";"2200";"";"";"";"66,0";"67,0";"64,0";"";"";"";"1017,2";"1017,2";"1016,8";"1,6";"198,0";"5,3";"";"0,0"
"28/07/2025";"2300";"";"";"";"67,0";"67,0";"65,0";"";"";"";"1017,6";"1017,6";"1017,2";"1,6";"197,0";"4,5";"";"0,0"
"29/07/2025";"0000";"";"";"";"69,0";"69,0";"66,0";"";"";"";"1017,8";"1017,8";"1017,6";"1,2";"211,0";"3,9";"";"0,0"
"29/07/2025";"0100";"";"";"";"70,0";"70,0";"69,0";"";"";"";"1017,9";"1017,9";"1017,8";"1,5";"207,0";"3,1";"";"0,0"
"29/07/2025";"0200";"";"";"";"70,0";"71,0";"68,0";"";"";"";"1017,8";"1018,0";"1017,7";"1,5";"204,0";"3,3";"";"0,0"
"29/07/2025";"0300";"";"";"";"69,0";"71,0";"68,0";"";"";"";"1017,3";"1017,8";"1017,3";"1,2";"212,0";"2,9";"";"0,0"
"29/07/2025";"0400";"";"";"";"71,0";"72,0";"69,0";"";"";"";"1016,9";"1017,3";"1016,9";"0,7";"205,0";"3,0";"";"0,0"
"29/07/2025";"0500";"";"";"";"70,0";"72,0";"69,0";"";"";"";"1016,5";"1016,9";"1016,5";"1,0";"216,0";"2,2";"";"0,0"
"29/07/2025";"0600";"";"";"";"73,0";"73,0";"70,0";"";"";"";"1016,2";"1016,5";"1016,2";"1,0";"213,0";"2,4";"";"0,0"
"29/07/2025";"0700";"";"";"";"73,0";"75,0";"72,0";"";"";"";"1016,2";"1016,2";"1016,1";"0,8";"220,0";"2,5";"";"0,0"
"29/07/2025";"0800";"";"";"";"73,0";"78,0";"73,0";"";"";"";"1016,2";"1016,3";"1016,2";"0,4";"244,0";"1,9";"";"0,0"
"29/07/2025";"0900";"";"";"";"82,0";"82,0";"73,0";"";"";"";"1016,3";"1016,4";"1016,2";"0,9";"242,0";"2,1";"";"0,0"
"29/07/2025";"1000";"";"";"";"79,0";"83,0";"79,0";"";"";"";"1016,8";"1016,8";"1016,3";"1,3";"241,0";"2,2";"302,10";"0,0"
"29/07/2025";"1100";"";"";"";"71,0";"79,0";"71,0";"";"";"";"1017,5";"1017,5";"1016,8";"0,7";"219,0";"2,3";"872,10";"0,0"
"29/07/2025";"1200";"";"";"";"62,0";"71,0";"62,0";"";"";"";"1017,9";"1017,9";"1017,4";"2,0";"78,0";"3,8";"1654,80";"0,0"
"29/07/2025";"1300";"";"";"";"66,0";"70,0";"62,0";"";"";"";"1017,7";"1017,9";"1017,6";"3,0";"77,0";"6,3";"1852,50";"0,0"
"29/07/2025";"1400";"";"";"";"64,0";"68,0";"63,0";"";"";"";"1017,3";"1017,7";"1017,3";"3,3";"86,0";"6,0";"2374,00";"0,0"
"29/07/2025";"1500";"";"";"";"65,0";"67,0";"63,0";"";"";"";"1016,6";"1017,3";"1016,6";"3,2";"92,0";"5,6";"2610,10";"0,0"
"29/07/2025";"1600";"";"";"";"66,0";"67,0";"61,0";"";"";"";"1015,6";"1016,6";"1015,6";"3,3";"90,0";"5,6";"2526,80";"0,0"
"29/07/2025";"1700";"";"";"";"61,0";"68,0";"60,0";"";"";"";"1014,8";"1015,6";"1014,8";"2,3";"82,0";"6,0";"2287,20";"0,0"
"29/07/2025";"1800";"";"";"";"62,0";"64,0";"58,0";"";"";"";"1014,5";"1014,8";"1014,5";"2,6";"81,0";"5,9";"1849,30";"0,0"
"29/07/2025";"1900";"";"";"";"63,0";"64,0";"59,0";"";"";"";"1014,5";"1014,6";"1014,4";"2,7";"83,0";"5,4";"1248,10";"0,0"
"29/07/2025";"2000";"";"";"";"67,0";"67,0";"63,0";"";"";"";"1014,4";"1014,5";"1014,3";"2,3";"84,0";"5,3";"502,70";"0,0"
"29/07/2025";"2100";"";"";"";"71,0";"71,0";"66,0";"";"";"";"1014,6";"1014,6";"1014,4";"2,3";"87,0";"4,8";"24,50";"0,0"
"29/07/2025";"2200";"";"";"";"73,0";"73,0";"71,0";"";"";"";"1014,9";"1014,9";"1014,5";"2,0";"64,0";"4,1";"";"0,0"
"29/07/2025";"2300";"";"";"";"74,0";"74,0";"73,0";"";"";"";"1015,4";"1015,4";"1014,8";"1,8";"55,0";"4,2";"";"0,0"
"30/07/2025";"0000";"";"";"";"78,0";"78,0";"74,0";"";"";"";"1015,8";"1015,8";"1015,4";"1,2";"56,0";"3,7";"";"0,0"
"30/07/2025";"0100";"";"";"";"80,0";"80,0";"77,0";"";"";"";"1015,8";"1015,9";"1015,8";"1,2";"40,0";"3,3";"";"0,0"
"30/07/2025";"0200";"";"";"";"83,0";"83,0";"80,0";"";"";"";"1015,9";"1016,0";"1015,8";"1,6";"30,0";"2,5";"";"0,0"
"30/07/2025";"0300";"";"";"";"84,0";"84,0";"83,0";"";"";"";"1015,9";"1016,0";"1015,8";"0,7";"37,0";"2,8";"";"0,0"
"30/07/2025";"0400";"";"";"";"84,0";"85,0";"84,0";"";"";"";"1015,6";"1015,9";"1015,5";"0,5";"264,0";"1,6";"";"0,0"
"30/07/2025";"0500";"";"";"";"88,0";"88,0";"84,0";"";"";"";"1015,1";"1015,6";"1015,1";"0,3";"223,0";"1,5";"";"0,0"
"30/07/2025";"0600";"";"";"";"88,0";"88,0";"86,0";"";"";"";"1015,1";"1015,2";"1015,0";"0,3";"194,0";"1,8";"";"0,0"
"30/07/2025";"0700";"";"";"";"88,0";"89,0";"87,0";"";"";"";"1015,4";"1015,4";"1015,1";"0,5";"238,0";"2,1";"";"0,0"
"30/07/2025";"0800";"";"";"";"89,0";"89,0";"88,0";"";"";"";"1015,7";"1015,7";"1015,4";"0,3";"322,0";"1,6";"";"0,0"
"30/07/2025";"0900";"";"";"";"90,0";"90,0";"89,0";"";"";"";"1016,2";"1016,2";"1015,7";"1,0";"250,0";"1,6";"";"0,0"
"30/07/2025";"1000";"";"";"";"85,0";"90,0";"85,0";"";"";"";"1016,5";"1016,5";"1016,2";"0,6";"256,0";"1,7";"289,40";"0,0"
"30/07/2025";"1100";"";"";"";"74,0";"85,0";"74,0";"";"";"";"1017,2";"1017,2";"1016,5";"1,0";"336,0";"1,9";"997,20";"0,0"
"30/07/2025";"1200";"";"";"";"71,0";"74,0";"68,0";"";"";"";"1017,8";"1017,8";"1017,2";"2,0";"50,0";"4,2";"1597,00";"0,0"
"30/07/2025";"1300";"";"";"";"65,0";"71,0";"64,0";"";"";"";"1017,9";"1018,0";"1017,8";"2,9";"81,0";"5,4";"2089,00";"0,0"
"30/07/2025";"1400";"";"";"";"67,0";"69,0";"64,0";"";"";"";"1017,4";"1017,9";"1017,4";"3,2";"89,0";"5,6";"2433,20";"0,0"
"30/07/2025";"1500";"";"";"";"70,0";"71,0";"65,0";"";"";"";"1016,7";"1017,4";"1016,7";"3,8";"96,0";"6,6";"2552,90";"0,0"
"30/07/2025";"1600";"";"";"";"67,0";"70,0";"66,0";"";"";"";"1016,1";"1016,7";"1016,1";"3,2";"86,0";"6,6";"2557,40";"0,0"
"30/07/2025";"1700";"";"";"";"64,0";"69,0";"64,0";"";"";"";"1015,7";"1016,1";"1015,7";"2,7";"76,0";"5,6";"2329,50";"0,0"
"30/07/2025";"1800";"";"";"";"65,0";"67,0";"63,0";"";"";"";"1015,7";"1015,8";"1015,6";"2,4";"80,0";"5,5";"1868,80";"0,0"
"30/07/2025";"1900";"";"";"";"66,0";"67,0";"64,0";"";"";"";"1016,0";"1016,0";"1015,7";"1,5";"66,0";"5,5";"1231,80";"0,0"
"30/07/2025";"2000";"";"";"";"67,0";"68,0";"64,0";"";"";"";"1016,4";"1016,4";"1016,0";"2,3";"83,0";"5,5";"499,90";"0,0"
"30/07/2025";"2100";"";"";"";"67,0";"71,0";"66,0";"";"";"";"1016,8";"1016,8";"1016,4";"3,2";"89,0";"6,3";"32,00";"0,0"
"30/07/2025";"2200";"";"";"";"71,0";"71,0";"66,0";"";"";"";"1017,4";"1017,4";"1016,8";"2,7";"88,0";"6,0";"";"0,0"
"30/07/2025";"2300";"";"";"";"72,0";"72,0";"69,0";"";"";"";"1017,9";"1018,0";"1017,4";"3,2";"90,0";"6,0";"";"0,0"
"31/07/2025";"0000";"";"";"";"70,0";"72,0";"69,0";"";"";"";"1018,5";"1018,5";"1017,9";"2,9";"86,0";"7,0";"";"0,0"
"31/07/2025";"0100";"";"";"";"70,0";"72,0";"70,0";"";"";"";"1018,8";"1018,8";"1018,5";"3,2";"90,0";"6,3";"";"0,0"
"31/07/2025";"0200";"";"";"";"70,0";"71,0";"68,0";"";"";"";"1019,0";"1019,0";"1018,7";"2,9";"88,0";"5,8";"";"0,0"
"31/07/2025";"0300";"";"";"";"71,0";"72,0";"69,0";"";"";"";"1018,9";"1019,0";"1018,8";"1,9";"83,0";"5,9";"";"0,0"
"31/07/2025";"0400";"";"";"";"70,0";"72,0";"69,0";"";"";"";"1018,6";"1018,9";"1018,6";"2,6";"86,0";"6,2";"";"0,0"
"31/07/2025";"0500";"";"";"";"70,0";"72,0";"69,0";"";"";"";"1018,3";"1018,7";"1018,3";"2,4";"87,0";"5,5";"";"0,0"
"31/07/2025";"0600";"";"";"";"70,0";"72,0";"69,0";"";"";"";"1018,2";"1018,3";"1018,0";"2,1";"86,0";"5,5";"";"0,0"
"31/07/2025";"0700";"";"";"";"71,0";"72,0";"69,0";"";"";"";"1018,4";"1018,4";"1018,0";"2,2";"87,0";"5,4";"";"0,0"
"31/07/2025";"0800";"";"";"";"69,0";"72,0";"67,0";"";"";"";"1018,5";"1018,6";"1018,4";"2,4";"87,0";"5,3";"";"0,0"
"31/07/2025";"0900";"";"";"";"67,0";"71,0";"66,0";"";"";"";"1018,9";"1018,9";"1018,5";"1,8";"83,0";"5,5";"";"0,0"
"31/07/2025";"1000";"";"";"";"62,0";"68,0";"62,0";"";"";"";"1019,6";"1019,6";"1018,9";"1,4";"71,0";"4,8";"243,80";"0,0"
"31/07/2025";"1100";"";"";"";"62,0";"65,0";"58,0";"";"";"";"1020,2";"1020,2";"1019,6";"1,5";"82,0";"4,6";"825,40";"0,0"
"31/07/2025";"1200";"";"";"";"60,0";"63,0";"57,0";"";"";"";"1020,9";"1020,9";"1020,2";"1,9";"70,0";"4,3";"1133,10";"0,0"
"31/07/2025";"1300";"";"";"";"57,0";"61,0";"53,0";"";"";"";"1021,1";"1021,1";"1020,9";"1,4";"33,0";"4,2";"2057,50";"0,0"
"31/07/2025";"1400";"";"";"";"58,0";"61,0";"53,0";"";"";"";"1021,1";"1021,2";"1021,1";"1,8";"102,0";"5,4";"2254,00";"0,0"
"31/07/2025";"1500";"";"";"";"58,0";"60,0";"54,0";"";"";"";"1020,7";"1021,2";"1020,7";"1,6";"193,0";"5,4";"2262,80";"0,0"
"31/07/2025";"1600";"";"";"";"58,0";"60,0";"54,0";"";"";"";"1020,2";"1020,7";"1020,2";"2,2";"181,0";"5,2";"2300,70";"0,0"
"31/07/2025";"1700";"";"";"";"58,0";"61,0";"56,0";"";"";"";"1019,6";"1020,2";"1019,6";"1,4";"215,0";"6,6";"1649,10";"0,0"
"31/07/2025";"1800";"";"";"";"62,0";"64,0";"58,0";"";"";"";"1019,4";"1019,6";"1019,4";"1,6";"210,0";"5,4";"957,10";"0,0"
"31/07/2025";"1900";"";"";"";"63,0";"64,0";"60,0";"";"";"";"1019,6";"1019,6";"1019,4";"1,9";"200,0";"5,1";"900,60";"0,0"
"31/07/2025";"2000";"";"";"";"66,0";"66,0";"62,0";"";"";"";"1020,0";"1020,0";"1019,6";"1,4";"204,0";"4,2";"323,60";"0,0"
"31/07/2025";"2100";"";"";"";"66,0";"68,0";"64,0";"";"";"";"1020,3";"1020,4";"1020,0";"1,5";"206,0";"3,9";"19,50";"0,0"
"31/07/2025";"2200";"";"";"";"69,0";"70,0";"64,0";"";"";"";"1020,6";"1020,6";"1020,3";"1,7";"198,0";"4,6";"";"0,0"
"31/07/2025";"2300";"";"";"";"71,0";"71,0";"68,0";"";"";"";"1021,3";"1021,3";"1020,6";"1,8";"198,0";"4,6";"";"0,0"
"01/08/2025";"0000";"";"";"";"72,0";"72,0";"69,0";"";"";"";"1021,5";"1021,6";"1021,3";"1,6";"196,0";"5,5";"";"0,0"
"01/08/2025";"0100";"";"";"";"72,0";"74,0";"72,0";"";"";"";"1021,5";"1021,7";"1021,4";"2,1";"192,0";"5,7";"";"0,0"
"01/08/2025";"0200";"";"";"";"77,0";"78,0";"72,0";"";"";"";"1021,8";"1021,8";"1021,5";"2,6";"196,0";"6,7";"";"0,0"
"01/08/2025";"0300";"";"";"";"76,0";"80,0";"76,0";"";"";"";"1021,5";"1021,8";"1021,4";"2,3";"198,0";"7,0";"";"0,0"
"01/08/2025";"0400";"";"";"";"79,0";"79,0";"76,0";"";"";"";"1021,0";"1021,5";"1021,0";"1,9";"201,0";"5,9";"";"0,0"
"01/08/2025";"0500";"";"";"";"78,0";"79,0";"77,0";"";"";"";"1020,4";"1021,1";"1020,4";"2,0";"197,0";"5,5";"";"0,0"
"01/08/2025";"0600";"";"";"";"76,0";"78,0";"74,0";"";"";"";"1020,1";"1020,4";"1020,1";"2,1";"189,0";"7,0";"";"0,0"
"01/08/2025";"0700";"";"";"";"77,0";"78,0";"76,0";"";"";"";"1019,9";"1020,1";"1019,8";"1,9";"195,0";"7,0";"";"0,0"
"01/08/2025";"0800";"";"";"";"78,0";"79,0";"76,0";"";"";"";"1020,0";"1020,0";"1019,8";"2,2";"190,0";"6,2";"";"0,0"
"01/08/2025";"0900";"";"";"";"80,0";"81,0";"78,0";"";"";"";"1020,2";"1020,2";"1020,0";"1,5";"195,0";"5,2";"";"0,0"
"01/08/2025";"1000";"";"";"";"78,0";"81,0";"78,0";"";"";"";"1020,6";"1020,6";"1020,2";"1,5";"181,0";"5,5";"76,00";"0,0"
"01/08/2025";"1100";"";"";"";"76,0";"80,0";"75,0";"";"";"";"1021,2";"1021,2";"1020,6";"1,8";"187,0";"6,6";"517,50";"0,0"
"01/08/2025";"1200";"";"";"";"84,0";"84,0";"73,0";"";"";"";"1021,9";"1022,0";"1021,2";"1,6";"200,0";"6,3";"758,70";"2,2"
"01/08/2025";"1300";"";"";"";"74,0";"84,0";"73,0";"";"";"";"1022,0";"1022,0";"1021,9";"2,0";"195,0";"8,1";"1069,60";"0,2"
"01/08/2025";"1400";"";"";"";"73,0";"74,0";"69,0";"";"";"";"1021,5";"1022,0";"1021,4";"2,3";"198,0";"5,6";"1246,00";"0,0"
"01/08/2025";"1500";"";"";"";"80,0";"87,0";"73,0";"";"";"";"1021,0";"1021,6";"1021,0";"1,6";"197,0";"6,5";"987,90";"3,4"
"01/08/2025";"1600";"";"";"";"77,0";"80,0";"74,0";"";"";"";"1020,6";"1021,0";"1020,6";"2,2";"184,0";"6,6";"1067,40";"0,0"
"01/08/2025";"1700";"";"";"";"73,0";"77,0";"68,0";"";"";"";"1019,9";"1020,6";"1019,9";"2,4";"194,0";"6,4";"1414,50";"0,0"
"01/08/2025";"1800";"";"";"";"76,0";"77,0";"70,0";"";"";"";"1019,6";"1019,9";"1019,5";"1,9";"211,0";"6,1";"1120,70";"0,0"
"01/08/2025";"1900";"";"";"";"74,0";"77,0";"74,0";"";"";"";"1019,7";"1019,8";"1019,5";"2,6";"200,0";"6,9";"667,00";"0,0"
"01/08/2025";"2000";"";"";"";"83,0";"83,0";"73,0";"";"";"";"1020,2";"1020,2";"1019,7";"2,1";"196,0";"8,6";"253,70";"0,0"
"01/08/2025";"2100";"";"";"";"90,0";"90,0";"83,0";"";"";"";"1020,9";"1020,9";"1020,2";"0,6";"284,0";"6,9";"4,40";"3,4"
"01/08/2025";"2200";"";"";"";"92,0";"92,0";"90,0";"";"";"";"1021,1";"1021,1";"1020,9";"0,5";"222,0";"4,7";"";"8,0"
"01/08/2025";"2300";"";"";"";"91,0";"92,0";"91,0";"";"";"";"1021,1";"1021,1";"1020,8";"1,1";"211,0";"4,9";"";"1,8"
"02/08/2025";"0000";"";"";"";"87,0";"91,0";"87,0";"";"";"";"1021,0";"1021,1";"1021,0";"0,9";"302,0";"3,4";"";"0,2"
"02/08/2025";"0100";"";"";"";"90,0";"91,0";"87,0";"";"";"";"1020,9";"1021,3";"1020,9";"1,3";"232,0";"7,4";"";"4,6"
"02/08/2025";"0200";"";"";"";"90,0";"90,0";"89,0";"";"";"";"1020,9";"1021,1";"1020,9";"1,2";"197,0";"5,1";"";"1,0"
"02/08/2025";"0300";"";"";"";"91,0";"92,0";"90,0";"";"";"";"1020,7";"1021,1";"1020,6";"1,6";"247,0";"5,9";"";"9,4"
"02/08/2025";"0400";"";"";"";"91,0";"92,0";"91,0";"";"";"";"1019,8";"1020,7";"1019,8";"1,8";"252,0";"5,7";"";"3,6"
"02/08/2025";"0500";"";"";"";"89,0";"91,0";"89,0";"";"";"";"1019,1";"1019,8";"1019,0";"2,1";"200,0";"5,5";"";"0,4"
"02/08/2025";"0600";"";"";"";"91,0";"92,0";"89,0";"";"";"";"1018,9";"1019,2";"1018,9";"1,2";"213,0";"9,3";"";"10,0"
"02/08/2025";"0700";"";"";"";"92,0";"92,0";"91,0";"";"";"";"1018,9";"1018,9";"1018,6";"2,6";"360,0";"7,2";"";"8,8"
"02/08/2025";"0800";"";"";"";"92,0";"92,0";"92,0";"";"";"";"1019,1";"1019,1";"1018,8";"2,8";"92,0";"8,9";"";"7,4"
"02/08/2025";"0900";"";"";"";"92,0";"92,0";"92,0";"";"";"";"1019,3";"1019,4";"1019,0";"1,4";"247,0";"6,6";"";"4,8"
"02/08/2025";"1000";"";"";"";"92,0";"92,0";"91,0";"";"";"";"1019,8";"1019,8";"1019,3";"1,3";"300,0";"4,3";"65,30";"3,0"
"02/08/2025";"1100";"";"";"";"90,0";"92,0";"90,0";"";"";"";"1020,1";"1020,1";"1019,8";"2,1";"204,0";"6,6";"468,00";"1,0"
"02/08/2025";"1200";"";"";"";"89,0";"91,0";"89,0";"";"";"";"1020,5";"1020,6";"1020,1";"2,8";"208,0";"8,1";"383,90";"1,0"
"02/08/2025";"1300";"";"";"";"87,0";"89,0";"86,0";"";"";"";"1020,6";"1020,7";"1020,5";"3,1";"200,0";"9,9";"520,50";"0,8"
"02/08/2025";"1400";"";"";"";"91,0";"91,0";"87,0";"";"";"";"1020,5";"1020,8";"1020,5";"2,0";"201,0";"10,6";"470,00";"11,2"
"02/08/2025";"1500";"";"";"";"84,0";"92,0";"84,0";"";"";"";"1019,6";"1020,5";"1019,5";"3,3";"198,0";"9,2";"608,40";"2,6"
"02/08/2025";"1600";"";"";"";"71,0";"85,0";"71,0";"";"";"";"1018,6";"1019,6";"1018,6";"3,3";"191,0";"9,2";"1028,10";"0,2"
"02/08/2025";"1700";"";"";"";"76,0";"79,0";"70,0";"";"";"";"1018,1";"1018,6";"1018,1";"3,4";"196,0";"9,0";"608,40";"0,2"
"02/08/2025";"1800";"";"";"";"66,0";"77,0";"65,0";"";"";"";"1017,7";"1018,1";"1017,7";"3,3";"188,0";"11,1";"737,80";"0,0"
"02/08/2025";"1900";"";"";"";"68,0";"69,0";"64,0";"";"";"";"1017,9";"1017,9";"1017,7";"2,4";"196,0";"8,6";"492,40";"0,0"
"02/08/2025";"2000";"";"";"";"66,0";"68,0";"64,0";"";"";"";"1018,3";"1018,4";"1017,9";"3,0";"197,0";"9,0";"323,70";"0,0"
"02/08/2025";"2100";"";"";"";"67,0";"68,0";"65,0";"";"";"";"1018,5";"1018,5";"1018,3";"2,6";"193,0";"7,4";"22,00";"0,0"
"02/08/2025";"2200";"";"";"";"67,0";"68,0";"65,0";"";"";"";"1018,9";"1018,9";"1018,5";"2,9";"192,0";"7,9";"";"0,0"
"02/08/2025";"2300";"";"";"";"69,0";"69,0";"65,0";"";"";"";"1019,4";"1019,4";"1018,9";"2,1";"198,0";"7,9";"";"0,0"
"03/08/2025";"0000";"";"";"";"68,0";"70,0";"66,0";"";"";"";"1019,6";"1019,6";"1019,4";"2,4";"193,0";"7,3";"";"0,0"
"03/08/2025";"0100";"";"";"";"69,0";"69,0";"67,0";"";"";"";"1019,2";"1019,6";"1019,2";"2,6";"189,0";"7,3";"";"0,0"
"03/08/2025";"0200";"";"";"";"68,0";"70,0";"67,0";"";"";"";"1019,2";"1019,3";"1019,2";"2,5";"192,0";"7,4";"";"0,0"
"03/08/2025";"0300";"";"";"";"68,0";"69,0";"64,0";"";"";"";"1018,8";"1019,2";"1018,8";"3,0";"193,0";"7,4";"";"0,0"
"03/08/2025";"0400";"";"";"";"70,0";"70,0";"67,0";"";"";"";"1018,2";"1018,8";"1018,1";"2,2";"203,0";"7,2";"";"0,0"
"03/08/2025";"0500";"";"";"";"67,0";"71,0";"67,0";"";"";"";"1017,9";"1018,2";"1017,9";"2,7";"194,0";"7,3";"";"0,0"
"03/08/2025";"0600";"";"";"";"69,0";"70,0";"66,0";"";"";"";"1017,3";"1017,9";"1017,3";"2,4";"191,0";"7,8";"";"0,0"
"03/08/2025";"0700";"";"";"";"72,0";"73,0";"69,0";"";"";"";"1017,1";"1017,3";"1016,9";"2,8";"192,0";"8,4";"";"0,0"
"03/08/2025";"0800";"";"";"";"67,0";"73,0";"67,0";"";"";"";"1017,5";"1017,5";"1017,1";"3,0";"191,0";"7,2";"";"0,0"
"03/08/2025";"0900";"";"";"";"72,0";"73,0";"66,0";"";"";"";"1018,1";"1018,1";"1017,5";"2,4";"202,0";"9,8";"";"0,0"
"03/08/2025";"1000";"";"";"";"66,0";"73,0";"66,0";"";"";"";"1018,4";"1018,4";"1017,9";"3,2";"186,0";"8,1";"322,00";"0,0"
"03/08/2025";"1100";"";"";"";"64,0";"69,0";"64,0";"";"";"";"1018,9";"1018,9";"1018,4";"2,8";"188,0";"7,5";"597,30";"0,0"
"03/08/2025";"1200";"";"";"";"63,0";"65,0";"62,0";"";"";"";"1019,1";"1019,1";"1018,7";"2,4";"198,0";"7,2";"1188,30";"0,0"
"03/08/2025";"1300";"";"";"";"61,0";"64,0";"60,0";"";"";"";"1019,1";"1019,2";"1019,0";"3,4";"185,0";"8,9";"1564,90";"0,0"
"03/08/2025";"1400";"";"";"";"65,0";"65,0";"59,0";"";"";"";"1018,9";"1019,1";"1018,9";"3,9";"187,0";"10,2";"1537,80";"0,0"
"03/08/2025";"1500";"";"";"";"87,0";"88,0";"65,0";"";"";"";"1018,5";"1019,1";"1018,5";"2,3";"197,0";"9,6";"1131,30";"3,6"
"03/08/2025";"1600";"";"";"";"84,0";"87,0";"82,0";"";"";"";"1017,5";"1018,5";"1017,5";"1,7";"178,0";"8,5";"1094,10";"0,8"
"03/08/2025";"1700";"";"";"";"68,0";"85,0";"66,0";"";"";"";"1016,8";"1017,5";"1016,8";"2,5";"191,0";"6,9";"1240,40";"0,0"
"03/08/2025";"1800";"";"";"";"82,0";"84,0";"67,0";"";"";"";"1016,8";"1016,9";"1016,7";"1,5";"270,0";"6,4";"672,50";"0,0"
"03/08/2025";"1900";"";"";"";"73,0";"82,0";"73,0";"";"";"";"1016,7";"1016,8";"1016,4";"1,8";"251,0";"5,3";"445,10";"0,0"
"03/08/2025";"2000";"";"";"";"71,0";"79,0";"69,0";"";"";"";"1017,1";"1017,2";"1016,7";"1,4";"258,0";"4,8";"141,80";"0,0"
"03/08/2025";"2100";"";"";"";"75,0";"77,0";"60,0";"";"";"";"1017,4";"1017,4";"1017,1";"1,6";"286,0";"6,6";"14,60";"0,0"
"03/08/2025";"2200";"";"";"";"81,0";"81,0";"71,0";"";"";"";"1017,9";"1018,0";"1017,4";"0,9";"287,0";"8,4";"";"0,0"
"03/08/2025";"2300";"";"";"";"66,0";"81,0";"66,0";"";"";"";"1018,2";"1018,2";"1017,8";"1,6";"222,0";"5,3";"";"0,0"
"04/08/2025";"0000";"";"";"";"66,0";"68,0";"65,0";"";"";"";"1018,9";"1018,9";"1018,2";"1,5";"233,0";"6,1";"";"0,0"
"04/08/2025";"0100";"";"";"";"66,0";"67,0";"63,0";"";"";"";"1019,1";"1019,1";"1018,9";"1,3";"226,0";"4,0";"";"0,0"
"04/08/2025";"0200";"";"";"";"69,0";"69,0";"65,0";"";"";"";"1018,8";"1019,1";"1018,8";"1,6";"193,0";"4,9";"";"0,0"
"04/08/2025";"0300";"";"";"";"62,0";"73,0";"60,0";"";"";"";"1018,6";"1018,9";"1018,6";"1,4";"226,0";"4,5";"";"0,4"
"04/08/2025";"0400";"";"";"";"62,0";"67,0";"62,0";"";"";"";"1018,2";"1018,7";"1018,2";"1,3";"224,0";"5,6";"";"0,0"
"04/08/2025";"0500";"";"";"";"64,0";"64,0";"61,0";"";"";"";"1017,8";"1018,3";"1017,8";"1,5";"215,0";"4,1";"";"0,0"
"04/08/2025";"0600";"";"";"";"66,0";"66,0";"64,0";"";"";"";"1017,4";"1017,9";"1017,4";"1,6";"207,0";"4,3";"";"0,0"
"04/08/2025";"0700";"";"";"";"66,0";"67,0";"65,0";"";"";"";"1017,2";"1017,4";"1017,2";"1,8";"210,0";"4,2";"";"0,0"
"04/08/2025";"0800";"";"";"";"69,0";"69,0";"64,0";"";"";"";"1017,7";"1017,7";"1017,2";"1,5";"190,0";"5,3";"";"0,0"
"04/08/2025";"0900";"";"";"";"70,0";"71,0";"67,0";"";"";"";"1017,8";"1017,8";"1017,7";"1,7";"205,0";"5,5";"";"0,0"
"04/08/2025";"1000";"";"";"";"67,0";"71,0";"66,0";"";"";"";"1018,3";"1018,3";"1017,7";"1,4";"224,0";"5,5";"258,00";"0,0"
"04/08/2025";"1100";"";"";"";"67,0";"67,0";"62,0";"";"";"";"1019,2";"1019,2";"1018,3";"1,2";"310,0";"4,8";"889,60";"0,0"
"04/08/2025";"1200";"";"";"";"65,0";"70,0";"63,0";"";"";"";"1019,7";"1019,8";"1019,1";"1,5";"318,0";"5,0";"1230,30";"0,0"
"04/08/2025";"1300";"";"";"";"64,0";"66,0";"56,0";"";"";"";"1019,7";"1019,8";"1019,6";"2,3";"195,0";"5,2";"1389,30";"0,0"
"04/08/2025";"1400";"";"";"";"59,0";"65,0";"58,0";"";"";"";"1019,2";"1019,7";"1019,2";"2,2";"216,0";"6,2";"1840,80";"0,0"
"04/08/2025";"1500";"";"";"";"56,0";"63,0";"56,0";"";"";"";"1018,5";"1019,2";"1018,5";"1,6";"198,0";"6,3";"2563,50";"0,0"
"04/08/2025";"1600";"";"";"";"59,0";"62,0";"55,0";"";"";"";"1017,8";"1018,6";"1017,8";"1,9";"200,0";"6,1";"2473,60";"0,0"
"04/08/2025";"1700";"";"";"";"59,0";"63,0";"55,0";"";"";"";"1017,3";"1017,8";"1017,3";"2,7";"195,0";"6,9";"2311,50";"0,0"
"04/08/2025";"1800";"";"";"";"66,0";"67,0";"55,0";"";"";"";"1017,2";"1017,3";"1017,1";"3,1";"190,0";"7,8";"1787,20";"0,0"
"04/08/2025";"1900";"";"";"";"64,0";"69,0";"64,0";"";"";"";"1017,3";"1017,4";"1017,2";"2,6";"193,0";"7,9";"884,80";"0,0"
"04/08/2025";"2000";"";"";"";"70,0";"70,0";"63,0";"";"";"";"1017,5";"1017,5";"1017,2";"2,7";"196,0";"7,1";"394,30";"0,0"
"04/08/2025";"2100";"";"";"";"73,0";"73,0";"70,0";"";"";"";"1017,9";"1018,0";"1017,4";"2,5";"192,0";"7,4";"30,90";"0,0"
"04/08/2025";"2200";"";"";"";"75,0";"76,0";"72,0";"";"";"";"1018,4";"1018,4";"1017,9";"2,5";"195,0";"6,2";"";"0,0"
"04/08/2025";"2300";"";"";"";"77,0";"77,0";"75,0";"";"";"";"1018,9";"1018,9";"1018,4";"2,5";"195,0";"7,0";"";"0,0"
"05/08/2025";"0000";"";"";"";"79,0";"79,0";"76,0";"";"";"";"1019,4";"1019,4";"1018,9";"1,5";"204,0";"5,6";"";"0,0"
"05/08/2025";"0100";"";"";"";"78,0";"79,0";"75,0";"";"";"";"1019,4";"1019,5";"1019,3";"1,6";"233,0";"5,5";"";"0,0"
"05/08/2025";"0200";"";"";"";"85,0";"85,0";"78,0";"";"";"";"1019,5";"1019,5";"1019,3";"1,5";"241,0";"4,1";"";"0,0"
"05/08/2025";"0300";"";"";"";"89,0";"89,0";"82,0";"";"";"";"1019,0";"1019,6";"1019,0";"1,4";"239,0";"5,1";"";"0,4"
"05/08/2025";"0400";"";"";"";"89,0";"90,0";"89,0";"";"";"";"1018,4";"1019,0";"1018,4";"1,4";"243,0";"2,5";"";"0,0"
"05/08/2025";"0500";"";"";"";"91,0";"91,0";"89,0";"";"";"";"1018,1";"1018,4";"1018,0";"1,6";"236,0";"2,5";"";"0,0"
"05/08/2025";"0600";"";"";"";"91,0";"91,0";"91,0";"";"";"";"1017,6";"1018,1";"1017,6";"2,1";"234,0";"4,0";"";"0,0"
"05/08/2025";"0700";"";"";"";"92,0";"92,0";"91,0";"";"";"";"1017,5";"1017,6";"1017,5";"1,4";"248,0";"3,5";"";"0,0"
"05/08/2025";"0800";"";"";"";"92,0";"92,0";"92,0";"";"";"";"1017,9";"1017,9";"1017,5";"1,3";"242,0";"3,0";"";"0,0"
"05/08/2025";"0900";"";"";"";"92,0";"92,0";"92,0";"";"";"";"1018,3";"1018,3";"1017,9";"1,4";"236,0";"2,8";"";"0,0"
"05/08/2025";"1000";"";"";"";"91,0";"92,0";"91,0";"";"";"";"1018,8";"1018,8";"1018,3";"1,7";"249,0";"3,1";"176,80";"0,0"
"05/08/2025";"1100";"";"";"";"86,0";"91,0";"86,0";"";"";"";"1019,6";"1019,6";"1018,8";"2,0";"245,0";"4,0";"384,30";"0,0"
"05/08/2025";"1200";"";"";"";"77,0";"86,0";"77,0";"";"";"";"1020,0";"1020,0";"1019,5";"2,0";"213,0";"4,2";"691,50";"0,0"
"05/08/2025";"1300";"";"";"";"80,0";"80,0";"73,0";"";"";"";"1020,2";"1020,2";"1020,0";"2,0";"57,0";"6,7";"686,50";"0,0"
"05/08/2025";"1400";"";"";"";"78,0";"88,0";"78,0";"";"";"";"1019,8";"1020,2";"1019,8";"1,4";"207,0";"6,7";"867,80";"0,4"
"05/08/2025";"1500";"";"";"";"85,0";"85,0";"75,0";"";"";"";"1019,1";"1019,8";"1019,1";"3,0";"86,0";"5,5";"1054,20";"0,0"
"05/08/2025";"1600";"";"";"";"80,0";"87,0";"72,0";"";"";"";"1018,1";"1019,1";"1018,1";"1,6";"20,0";"6,2";"1203,00";"0,0"
"05/08/2025";"1700";"";"";"";"77,0";"81,0";"67,0";"";"";"";"1017,5";"1018,1";"1017,3";"2,9";"179,0";"6,2";"1042,40";"1,0"
"05/08/2025";"1800";"";"";"";"83,0";"86,0";"77,0";"";"";"";"1016,7";"1017,5";"1016,7";"1,0";"211,0";"6,2";"726,40";"1,4"
"05/08/2025";"1900";"";"";"";"73,0";"83,0";"72,0";"";"";"";"1016,6";"1016,7";"1016,5";"1,1";"186,0";"3,3";"556,70";"0,0"
"05/08/2025";"2000";"";"";"";"70,0";"74,0";"69,0";"";"";"";"1017,2";"1017,2";"1016,5";"1,6";"197,0";"5,2";"289,60";"0,0"
"05/08/2025";"2100";"";"";"";"71,0";"72,0";"69,0";"";"";"";"1017,3";"1017,3";"1017,1";"1,0";"207,0";"5,2";"20,30";"0,0"
"05/08/2025";"2200";"";"";"";"88,0";"88,0";"71,0";"";"";"";"1017,7";"1017,8";"1017,3";"0,8";"239,0";"7,0";"";"1,6"
"05/08/2025";"2300";"";"";"";"82,0";"88,0";"82,0";"";"";"";"1018,2";"1018,2";"1017,7";"1,5";"206,0";"3,8";"";"0,0"
"06/08/2025";"0000";"";"";"";"76,0";"82,0";"75,0";"";"";"";"1018,5";"1018,5";"1018,2";"1,6";"206,0";"5,2";"0,50";"0,0"
"06/08/2025";"0100";"";"";"";"73,0";"76,0";"73,0";"";"";"";"1018,7";"1018,7";"1018,5";"1,9";"198,0";"5,1";"";"0,0"
"06/08/2025";"0200";"";"";"";"68,0";"73,0";"68,0";"";"";"";"1018,5";"1018,7";"1018,5";"1,6";"201,0";"5,1";"";"0,0"
"06/08/2025";"0300";"";"";"";"69,0";"69,0";"67,0";"";"";"";"1018,1";"1018,5";"1018,1";"1,2";"216,0";"4,2";"";"0,0"
"06/08/2025";"0400";"";"";"";"70,0";"70,0";"68,0";"";"";"";"1017,4";"1018,1";"1017,4";"1,0";"215,0";"3,8";"";"0,0"
"06/08/2025";"0500";"";"";"";"72,0";"73,0";"70,0";"";"";"";"1016,8";"1017,4";"1016,8";"1,6";"212,0";"4,1";"";"0,0"
"06/08/2025";"0600";"";"";"";"73,0";"73,0";"69,0";"";"";"";"1016,5";"1016,8";"1016,5";"1,6";"207,0";"4,5";"";"0,0"
"06/08/2025";"0700";"";"";"";"70,0";"73,0";"67,0";"";"";"";"1016,4";"1016,6";"1016,4";"1,6";"200,0";"4,5";"";"0,0"
"06/08/2025";"0800";"";"";"";"73,0";"74,0";"70,0";"";"";"";"1016,5";"1016,6";"1016,4";"1,4";"206,0";"3,4";"";"0,0"
"06/08/2025";"0900";"";"";"";"74,0";"75,0";"72,0";"";"";"";"1017,1";"1017,1";"1016,5";"0,8";"219,0";"3,4";"";"0,0"
"06/08/2025";"1000";"";"";"";"67,0";"76,0";"67,0";"";"";"";"1017,7";"1017,7";"1017,1";"1,2";"206,0";"3,0";"260,00";"0,0"
"06/08/2025";"1100";"";"";"";"63,0";"68,0";"62,0";"";"";"";"1018,6";"1018,6";"1017,7";"1,7";"192,0";"4,8";"708,80";"0,0"
"06/08/2025";"1200";"";"";"";"58,0";"64,0";"58,0";"";"";"";"1019,1";"1019,2";"1018,6";"2,0";"186,0";"4,7";"1718,90";"0,0"
"06/08/2025";"1300";"";"";"";"56,0";"61,0";"54,0";"";"";"";"1019,1";"1019,3";"1019,1";"2,2";"191,0";"5,6";"2129,80";"0,0"
"06/08/2025";"1400";"";"";"";"72,0";"72,0";"53,0";"";"";"";"1018,8";"1019,1";"1018,8";"2,9";"208,0";"7,8";"2014,10";"0,0"
"06/08/2025";"1500";"";"";"";"56,0";"77,0";"52,0";"";"";"";"1017,7";"1018,8";"1017,7";"1,5";"207,0";"6,0";"2039,60";"0,0"
"06/08/2025";"1600";"";"";"";"58,0";"61,0";"54,0";"";"";"";"1017,0";"1017,7";"1016,9";"1,5";"116,0";"5,5";"2380,50";"0,0"
"06/08/2025";"1700";"";"";"";"";"";"";"";"";"";"";"";"";"";"";"";"";""
"06/08/2025";"1800";"";"";"";"57,0";"58,0";"51,0";"";"";"";"1015,6";"1016,1";"1015,6";"2,1";"184,0";"5,4";"1917,30";"0,0"
"06/08/2025";"1900";"";"";"";"60,0";"61,0";"55,0";"";"";"";"1015,6";"1015,7";"1015,5";"2,0";"187,0";"5,9";"1269,90";"0,0"
"06/08/2025";"2000";"";"";"";"65,0";"65,0";"58,0";"";"";"";"1015,8";"1015,8";"1015,6";"1,1";"195,0";"4,9";"514,00";"0,0"
"06/08/2025";"2100";"";"";"";"68,0";"68,0";"65,0";"";"";"";"1015,8";"1016,0";"1015,8";"1,2";"197,0";"3,3";"30,90";"0,0"
"06/08/2025";"2200";"";"";"";"69,0";"69,0";"68,0";"";"";"";"1016,3";"1016,4";"1015,8";"1,2";"192,0";"3,2";"";"0,0"
"06/08/2025";"2300";"";"";"";"70,0";"70,0";"68,0";"";"";"";"1016,6";"1016,6";"1016,3";"1,1";"196,0";"2,9";"";"0,0"
"07/08/2025";"0000";"";"";"";"71,0";"71,0";"69,0";"";"";"";"1017,0";"1017,0";"1016,6";"1,0";"217,0";"3,4";"";"0,0"
"07/08/2025";"0100";"";"";"";"74,0";"74,0";"70,0";"";"";"";"1017,4";"1017,4";"1017,0";"0,5";"259,0";"2,5";"";"0,0"
"07/08/2025";"0200";"";"";"";"74,0";"75,0";"73,0";"";"";"";"1017,3";"1017,5";"1017,3";"0,6";"244,0";"2,4";"";"0,0"
"07/08/2025";"0300";"";"";"";"73,0";"75,0";"71,0";"";"";"";"1016,8";"1017,4";"1016,8";"0,8";"304,0";"2,0";"";"0,0"
"07/08/2025";"0400";"";"";"";"74,0";"75,0";"73,0";"";"";"";"1016,2";"1016,8";"1016,2";"0,9";"229,0";"2,8";"";"0,0"
"07/08/2025";"0500";"";"";"";"77,0";"77,0";"73,0";"";"";"";"1015,7";"1016,2";"1015,7";"1,4";"221,0";"3,0";"";"0,0"
"07/08/2025";"0600";"";"";"";"80,0";"83,0";"77,0";"";"";"";"1015,5";"1015,8";"1015,4";"1,6";"207,0";"4,8";"";"0,0"
"07/08/2025";"0700";"";"";"";"72,0";"80,0";"72,0";"";"";"";"1015,6";"1015,6";"1015,5";"0,9";"225,0";"3,8";"";"0,0"
"07/08/2025";"0800";"";"";"";"80,0";"80,0";"71,0";"";"";"";"1016,2";"1016,3";"1015,6";"1,0";"252,0";"3,1";"";"0,0"
"07/08/2025";"0900";"";"";"";"80,0";"81,0";"68,0";"";"";"";"1016,9";"1016,9";"1016,2";"1,7";"76,0";"7,1";"";"0,0"
"07/08/2025";"1000";"";"";"";"76,0";"80,0";"76,0";"";"";"";"1017,4";"1017,4";"1016,9";"0,3";"286,0";"4,0";"153,80";"0,0"
"07/08/2025";"1100";"";"";"";"69,0";"76,0";"69,0";"";"";"";"1018,0";"1018,0";"1017,3";"1,0";"100,0";"1,9";"686,00";"0,0"
"07/08/2025";"1200";"";"";"";"69,0";"74,0";"66,0";"";"";"";"1018,4";"1018,5";"1018,0";"1,5";"81,0";"4,0";"1077,10";"0,0"
"07/08/2025";"1300";"";"";"";"70,0";"76,0";"67,0";"";"";"";"1018,1";"1018,6";"1018,1";"2,5";"78,0";"4,4";"1672,70";"0,0"
"07/08/2025";"1400";"";"";"";"57,0";"70,0";"57,0";"";"";"";"1017,7";"1018,1";"1017,7";"1,5";"181,0";"4,4";"2451,30";"0,0"
"07/08/2025";"1500";"";"";"";"57,0";"59,0";"53,0";"";"";"";"1017,0";"1017,7";"1017,0";"1,9";"194,0";"7,3";"2532,40";"0,0"
"07/08/2025";"1600";"";"";"";"53,0";"60,0";"52,0";"";"";"";"1016,0";"1017,0";"1016,0";"1,2";"181,0";"5,8";"2278,90";"0,0"
"07/08/2025";"1700";"";"";"";"55,0";"60,0";"53,0";"";"";"";"1015,3";"1016,0";"1015,2";"1,4";"151,0";"6,1";"2259,40";"0,0"
"07/08/2025";"1800";"";"";"";"58,0";"59,0";"54,0";"";"";"";"1014,9";"1015,3";"1014,8";"2,6";"184,0";"6,5";"1848,30";"0,0"
"07/08/2025";"1900";"";"";"";"57,0";"60,0";"55,0";"";"";"";"1014,8";"1014,9";"1014,7";"1,9";"208,0";"6,5";"1302,70";"0,0"
"07/08/2025";"2000";"";"";"";"64,0";"64,0";"56,0";"";"";"";"1015,2";"1015,2";"1014,7";"2,0";"181,0";"6,2";"493,50";"0,0"
"07/08/2025";"2100";"";"";"";"67,0";"67,0";"64,0";"";"";"";"1015,6";"1015,6";"1015,2";"1,5";"195,0";"5,4";"35,40";"0,0"
"07/08/2025";"2200";"";"";"";"68,0";"69,0";"67,0";"";"";"";"1015,8";"1015,8";"1015,6";"1,6";"203,0";"4,5";"";"0,0"
"07/08/2025";"2300";"";"";"";"68,0";"69,0";"66,0";"";"";"";"1016,4";"1016,4";"1015,8";"1,8";"199,0";"5,4";"";"0,0"
"08/08/2025";"0000";"";"";"";"66,0";"68,0";"66,0";"";"";"";"1016,7";"1016,7";"1016,4";"2,1";"199,0";"5,4";"";"0,0"
"08/08/2025";"0100";"";"";"";"66,0";"68,0";"65,0";"";"";"";"1016,7";"1016,8";"1016,7";"1,7";"196,0";"4,9";"";"0,0"
"08/08/2025";"0200";"";"";"";"66,0";"67,0";"64,0";"";"";"";"1016,7";"1016,7";"1016,6";"1,2";"211,0";"4,6";"";"0,0"
"08/08/2025";"0300";"";"";"";"71,0";"71,0";"64,0";"";"";"";"1016,4";"1016,7";"1016,4";"0,8";"206,0";"3,0";"";"0,0"
"08/08/2025";"0400";"";"";"";"73,0";"73,0";"68,0";"";"";"";"1015,7";"1016,4";"1015,7";"0,5";"247,0";"2,5";"";"0,0"
"08/08/2025";"0500";"";"";"";"75,0";"75,0";"71,0";"";"";"";"1015,3";"1015,7";"1015,3";"1,0";"225,0";"2,0";"";"0,0"
"08/08/2025";"0600";"";"";"";"80,0";"80,0";"75,0";"";"";"";"1015,2";"1015,3";"1015,2";"0,6";"267,0";"2,1";"";"0,0"
"08/08/2025";"0700";"";"";"";"83,0";"83,0";"80,0";"";"";"";"1015,4";"1015,4";"1015,2";"0,4";"230,0";"1,2";"";"0,0"
"08/08/2025";"0800";"";"";"";"84,0";"84,0";"82,0";"";"";"";"1015,4";"1015,4";"1015,3";"1,3";"246,0";"2,5";"";"0,0"
"08/08/2025";"0900";"";"";"";"85,0";"85,0";"84,0";"";"";"";"1015,9";"1015,9";"1015,4";"1,4";"244,0";"2,5";"2,00";"0,0"
"08/08/2025";"1000";"";"";"";"82,0";"85,0";"82,0";"";"";"";"1016,3";"1016,3";"1015,9";"1,9";"250,0";"3,0";"276,80";"0,0"
"08/08/2025";"1100";"";"";"";"74,0";"82,0";"74,0";"";"";"";"1017,0";"1017,0";"1016,3";"1,7";"250,0";"3,2";"995,50";"0,0"
"08/08/2025";"1200";"";"";"";"65,0";"74,0";"64,0";"";"";"";"1017,3";"1017,3";"1017,0";"1,2";"249,0";"3,4";"1653,50";"0,0"
"08/08/2025";"1300";"";"";"";"62,0";"66,0";"58,0";"";"";"";"1017,3";"1017,4";"1017,2";"1,1";"155,0";"3,9";"1055,30";"0,0"
"08/08/2025";"1400";"";"";"";"65,0";"71,0";"59,0";"";"";"";"1017,1";"1017,3";"1017,0";"1,8";"72,0";"4,5";"1023,70";"0,0"
"08/08/2025";"1500";"";"";"";"68,0";"77,0";"63,0";"";"";"";"1016,1";"1017,1";"1016,1";"1,4";"203,0";"5,3";"1771,20";"0,0"
"08/08/2025";"1600";"";"";"";"59,0";"70,0";"57,0";"";"";"";"1015,3";"1016,1";"1015,3";"1,6";"182,0";"4,2";"2328,80";"0,0"
"08/08/2025";"1700";"";"";"";"65,0";"68,0";"59,0";"";"";"";"1014,5";"1015,3";"1014,5";"1,7";"201,0";"5,2";"2136,30";"0,0"
"08/08/2025";"1800";"";"";"";"63,0";"68,0";"62,0";"";"";"";"1014,1";"1014,5";"1014,1";"2,4";"190,0";"6,0";"1917,40";"0,0"
"08/08/2025";"1900";"";"";"";"64,0";"64,0";"60,0";"";"";"";"1013,8";"1014,1";"1013,7";"1,3";"185,0";"5,6";"1269,70";"0,0"
"08/08/2025";"2000";"";"";"";"72,0";"72,0";"60,0";"";"";"";"1014,2";"1014,2";"1013,8";"2,0";"184,0";"4,3";"476,90";"0,0"
"08/08/2025";"2100";"";"";"";"76,0";"77,0";"72,0";"";"";"";"1014,4";"1014,4";"1014,2";"1,5";"184,0";"4,1";"32,90";"0,0"
"08/08/2025";"2200";"";"";"";"76,0";"78,0";"76,0";"";"";"";"1014,9";"1014,9";"1014,4";"1,1";"203,0";"3,5";"";"0,0"
"08/08/2025";"2300";"";"";"";"77,0";"78,0";"75,0";"";"";"";"1015,4";"1015,4";"1014,9";"1,2";"198,0";"2,6";"";"0,0"
"09/08/2025";"0000";"";"";"";"77,0";"78,0";"75,0";"";"";"";"1015,8";"1015,8";"1015,4";"0,9";"204,0";"2,4";"";"0,0"
"09/08/2025";"0100";"";"";"";"78,0";"78,0";"76,0";"";"";"";"1016,0";"1016,0";"1015,8";"0,6";"236,0";"2,6";"";"0,0"
"09/08/2025";"0200";"";"";"";"80,0";"80,0";"78,0";"";"";"";"1016,1";"1016,1";"1016,0";"0,5";"223,0";"2,0";"";"0,0"
"09/08/2025";"0300";"";"";"";"82,0";"82,0";"80,0";"";"";"";"1016,0";"1016,1";"1016,0";"0,4";"282,0";"2,0";"";"0,0"
"09/08/2025";"0400";"";"";"";"82,0";"83,0";"82,0";"";"";"";"1015,5";"1016,0";"1015,5";"0,7";"318,0";"1,5";"";"0,0"
"09/08/2025";"0500";"";"";"";"82,0";"83,0";"81,0";"";"";"";"1014,7";"1015,5";"1014,7";"0,7";"217,0";"1,7";"";"0,0"
"09/08/2025";"0600";"";"";"";"84,0";"85,0";"82,0";"";"";"";"1014,6";"1014,7";"1014,6";"1,3";"252,0";"2,1";"";"0,0"
"09/08/2025";"0700";"";"";"";"87,0";"87,0";"84,0";"";"";"";"1014,6";"1014,6";"1014,5";"0,5";"229,0";"2,1";"";"0,0"
"09/08/2025";"0800";"";"";"";"87,0";"87,0";"86,0";"";"";"";"1014,7";"1014,7";"1014,6";"1,4";"244,0";"2,1";"";"0,0"
"09/08/2025";"0900";"";"";"";"89,0";"89,0";"87,0";"";"";"";"1015,2";"1015,2";"1014,7";"0,5";"248,0";"2,1";"0,20";"0,0"
"09/08/2025";"1000";"";"";"";"88,0";"89,0";"88,0";"";"";"";"1015,7";"1015,7";"1015,2";"1,0";"253,0";"1,8";"178,60";"0,0"
"09/08/2025";"1100";"";"";"";"79,0";"88,0";"79,0";"";"";"";"1016,6";"1016,6";"1015,7";"0,9";"276,0";"1,9";"730,10";"0,0"
"09/08/2025";"1200";"";"";"";"78,0";"79,0";"72,0";"";"";"";"1017,1";"1017,1";"1016,6";"1,1";"58,0";"2,0";"541,30";"0,0"
"09/08/2025";"1300";"";"";"";"68,0";"78,0";"67,0";"";"";"";"1017,1";"1017,2";"1017,0";"2,2";"80,0";"3,8";"1096,90";"0,0"
"09/08/2025";"1400";"";"";"";"63,0";"70,0";"61,0";"";"";"";"1016,5";"1017,1";"1016,5";"1,6";"89,0";"4,9";"2559,50";"0,0"
"09/08/2025";"1500";"";"";"";"67,0";"69,0";"63,0";"";"";"";"1015,9";"1016,5";"1015,9";"2,2";"87,0";"5,3";"2612,50";"0,0"
"09/08/2025";"1600";"";"";"";"67,0";"70,0";"65,0";"";"";"";"1014,9";"1015,9";"1014,9";"2,9";"82,0";"5,8";"2610,40";"0,0"
"09/08/2025";"1700";"";"";"";"68,0";"69,0";"66,0";"";"";"";"1013,9";"1014,9";"1013,9";"3,1";"82,0";"6,2";"2380,10";"0,0"
"09/08/2025";"1800";"";"";"";"69,0";"70,0";"66,0";"";"";"";"1013,3";"1013,9";"1013,3";"3,2";"84,0";"6,0";"1929,20";"0,0"
"09/08/2025";"1900";"";"";"";"73,0";"75,0";"69,0";"";"";"";"1013,3";"1013,3";"1013,2";"3,3";"90,0";"6,2";"1205,70";"0,0"
"09/08/2025";"2000";"";"";"";"75,0";"76,0";"73,0";"";"";"";"1013,5";"1013,5";"1013,3";"3,4";"72,0";"6,6";"351,70";"0,0"
"09/08/2025";"2100";"";"";"";"76,0";"76,0";"75,0";"";"";"";"1013,8";"1013,8";"1013,5";"3,0";"73,0";"7,2";"25,50";"0,0"
"09/08/2025";"2200";"";"";"";"77,0";"77,0";"75,0";"";"";"";"1014,2";"1014,2";"1013,8";"2,7";"71,0";"6,3";"";"0,0"
"09/08/2025";"2300";"";"";"";"77,0";"78,0";"76,0";"";"";"";"1014,5";"1014,5";"1014,2";"2,9";"66,0";"6,3";"";"0,0"
"10/08/2025";"0000";"";"";"";"78,0";"79,0";"77,0";"";"";"";"1015,1";"1015,1";"1014,5";"2,5";"67,0";"6,1";"";"0,0"
"10/08/2025";"0100";"";"";"";"77,0";"79,0";"77,0";"";"";"";"1015,3";"1015,3";"1015,1";"2,4";"69,0";"6,1";"";"0,0"
"10/08/2025";"0200";"";"";"";"79,0";"79,0";"77,0";"";"";"";"1015,2";"1015,3";"1015,2";"2,1";"58,0";"5,6";"";"0,0"
"10/08/2025";"0300";"";"";"";"82,0";"82,0";"79,0";"";"";"";"1014,9";"1015,3";"1014,9";"1,5";"1,0";"4,0";"";"0,0"
"10/08/2025";"0400";"";"";"";"85,0";"86,0";"82,0";"";"";"";"1014,4";"1014,9";"1014,4";"1,3";"341,0";"2,7";"";"0,0"
"10/08/2025";"0500";"";"";"";"87,0";"87,0";"85,0";"";"";"";"1014,2";"1014,4";"1014,1";"1,0";"347,0";"2,1";"";"0,0"
"10/08/2025";"0600";"";"";"";"87,0";"89,0";"87,0";"";"";"";"1014,0";"1014,2";"1014,0";"1,1";"33,0";"2,8";"";"0,0"
"10/08/2025";"0700";"";"";"";"86,0";"88,0";"86,0";"";"";"";"1013,7";"1014,0";"1013,7";"1,4";"27,0";"3,4";"";"0,0"
"10/08/2025";"0800";"";"";"";"89,0";"89,0";"85,0";"";"";"";"1013,8";"1013,9";"1013,7";"1,4";"350,0";"3,3";"";"0,0"
"10/08/2025";"0900";"";"";"";"90,0";"90,0";"89,0";"";"";"";"1014,3";"1014,3";"1013,8";"1,2";"350,0";"2,2";"0,80";"0,0"
"10/08/2025";"1000";"";"";"";"89,0";"90,0";"89,0";"";"";"";"1015,0";"1015,0";"1014,3";"0,6";"284,0";"2,2";"305,20";"0,0"
"10/08/2025";"1100";"";"";"";"75,0";"88,0";"75,0";"";"";"";"1015,7";"1015,7";"1015,0";"2,4";"40,0";"4,2";"974,10";"0,0"
"10/08/2025";"1200";"";"";"";"72,0";"76,0";"72,0";"";"";"";"1016,1";"1016,1";"1015,7";"1,8";"50,0";"4,7";"1420,60";"0,0"
"10/08/2025";"1300";"";"";"";"";"";"";"";"";"";"";"";"";"";"";"";"";""
"10/08/2025";"1400";"";"";"";"70,0";"71,0";"66,0";"";"";"";"1015,7";"1016,1";"1015,7";"3,3";"84,0";"7,6";"2463,00";"0,0"
"10/08/2025";"1500";"";"";"";"71,0";"72,0";"67,0";"";"";"";"1014,7";"1015,7";"1014,7";"3,9";"91,0";"6,6";"2606,00";"0,0"
"10/08/2025";"1600";"";"";"";"69,0";"72,0";"67,0";"";"";"";"1013,7";"1014,7";"1013,7";"4,2";"91,0";"7,0";"2599,60";"0,0"
"10/08/2025";"1700";"";"";"";"70,0";"72,0";"67,0";"";"";"";"1012,6";"1013,7";"1012,6";"3,8";"90,0";"7,1";"2375,30";"0,0"
"10/08/2025";"1800";"";"";"";"70,0";"73,0";"68,0";"";"";"";"1012,2";"1012,6";"1012,2";"3,5";"89,0";"7,1";"1927,50";"0,0"
"10/08/2025";"1900";"";"";"";"69,0";"72,0";"67,0";"";"";"";"1012,4";"1012,4";"1012,2";"3,9";"89,0";"6,5";"1305,60";"0,0"
"10/08/2025";"2000";"";"";"";"74,0";"74,0";"69,0";"";"";"";"1012,7";"1012,8";"1012,4";"3,0";"88,0";"6,5";"510,50";"0,0"
"10/08/2025";"2100";"";"";"";"74,0";"75,0";"73,0";"";"";"";"1013,3";"1013,3";"1012,7";"3,2";"88,0";"6,0";"25,20";"0,0"
"10/08/2025";"2200";"";"";"";"76,0";"77,0";"74,0";"";"";"";"1013,7";"1013,7";"1013,3";"2,5";"83,0";"5,7";"";"0,0"
"10/08/2025";"2300";"";"";"";"77,0";"78,0";"75,0";"";"";"";"1014,2";"1014,2";"1013,7";"2,3";"87,0";"4,8";"";"0,0"
"11/08/2025";"0000";"";"";"";"78,0";"79,0";"76,0";"";"";"";"1015,0";"1015,1";"1014,2";"1,6";"63,0";"5,2";"";"0,0"
"11/08/2025";"0100";"";"";"";"78,0";"79,0";"77,0";"";"";"";"1014,8";"1015,2";"1014,8";"2,3";"80,0";"5,2";"";"0,0"
"11/08/2025";"0200";"";"";"";"79,0";"80,0";"78,0";"";"";"";"1014,9";"1015,0";"1014,8";"2,4";"82,0";"4,6";"";"0,0"
"11/08/2025";"0300";"";"";"";"80,0";"80,0";"79,0";"";"";"";"1013,9";"1014,9";"1013,9";"3,1";"80,0";"5,8";"";"0,0"
"11/08/2025";"0400";"";"";"";"77,0";"81,0";"77,0";"";"";"";"1013,9";"1014,2";"1013,3";"3,2";"85,0";"7,1";"";"0,0"
"11/08/2025";"0500";"";"";"";"79,0";"79,0";"77,0";"";"";"";"1013,6";"1014,1";"1013,5";"2,0";"79,0";"5,7";"";"0,0"
"11/08/2025";"0600";"";"";"";"76,0";"79,0";"75,0";"";"";"";"1013,3";"1013,7";"1013,3";"3,4";"89,0";"6,5";"";"0,0"
"11/08/2025";"0700";"";"";"";"74,0";"77,0";"74,0";"";"";"";"1013,0";"1013,3";"1013,0";"3,1";"87,0";"6,5";"";"0,0"
"11/08/2025";"0800";"";"";"";"76,0";"77,0";"74,0";"";"";"";"1013,4";"1013,4";"1012,7";"2,4";"87,0";"6,1";"";"0,0"
"11/08/2025";"0900";"";"";"";"76,0";"78,0";"75,0";"";"";"";"1013,9";"1014,0";"1013,4";"1,9";"90,0";"4,7";"0,50";"0,0"
"11/08/2025";"1000";"";"";"";"79,0";"82,0";"76,0";"";"";"";"1014,5";"1014,6";"1013,9";"0,9";"360,0";"4,1";"275,00";"0,0"
"11/08/2025";"1100";"";"";"";"70,0";"80,0";"70,0";"";"";"";"1015,2";"1015,2";"1014,5";"2,2";"73,0";"4,4";"1003,90";"0,0"
"11/08/2025";"1200";"";"";"";"67,0";"70,0";"66,0";"";"";"";"1015,7";"1015,7";"1015,2";"2,7";"78,0";"5,0";"1751,60";"0,0"
"11/08/2025";"1300";"";"";"";"65,0";"69,0";"63,0";"";"";"";"1015,9";"1016,0";"1015,7";"2,8";"83,0";"5,1";"2078,30";"0,0"
"11/08/2025";"1400";"";"";"";"65,0";"68,0";"61,0";"";"";"";"1015,4";"1015,9";"1015,4";"2,7";"96,0";"4,8";"2428,00";"0,0"
"11/08/2025";"1500";"";"";"";"64,0";"66,0";"61,0";"";"";"";"1014,6";"1015,4";"1014,6";"2,7";"89,0";"5,0";"2586,40";"0,0"
"11/08/2025";"1600";"";"";"";"66,0";"67,0";"62,0";"";"";"";"1013,8";"1014,6";"1013,8";"3,1";"88,0";"5,3";"2581,10";"0,0"
"11/08/2025";"1700";"";"";"";"63,0";"67,0";"62,0";"";"";"";"1013,1";"1013,8";"1013,0";"1,5";"80,0";"5,5";"2348,30";"0,0"
"11/08/2025";"1800";"";"";"";"64,0";"65,0";"60,0";"";"";"";"1012,8";"1013,1";"1012,7";"1,2";"68,0";"5,0";"1892,70";"0,0"
"11/08/2025";"1900";"";"";"";"65,0";"67,0";"61,0";"";"";"";"1012,8";"1012,8";"1012,7";"1,2";"67,0";"4,4";"1277,60";"0,0"
"11/08/2025";"2000";"";"";"";"71,0";"71,0";"64,0";"";"";"";"1013,0";"1013,1";"1012,7";"1,1";"247,0";"4,1";"482,10";"0,0"
"11/08/2025";"2100";"";"";"";"74,0";"74,0";"70,0";"";"";"";"1013,3";"1013,3";"1013,0";"1,0";"331,0";"3,0";"27,40";"0,0"
"11/08/2025";"2200";"";"";"";"76,0";"76,0";"74,0";"";"";"";"1013,8";"1013,8";"1013,3";"1,0";"321,0";"3,1";"";"0,0"
"11/08/2025";"2300";"";"";"";"76,0";"77,0";"76,0";"";"";"";"1014,4";"1014,4";"1013,8";"1,0";"303,0";"2,4";"";"0,0"
"12/08/2025";"0000";"";"";"";"76,0";"77,0";"75,0";"";"";"";"1014,9";"1014,9";"1014,4";"1,1";"343,0";"3,1";"";"0,0"
"12/08/2025";"0100";"";"";"";"75,0";"77,0";"75,0";"";"";"";"1015,0";"1015,1";"1014,9";"1,0";"7,0";"3,3";"";"0,0"
"12/08/2025";"0200";"";"";"";"76,0";"77,0";"75,0";"";"";"";"1015,3";"1015,3";"1015,1";"0,8";"43,0";"3,6";"";"0,0"
"12/08/2025";"0300";"";"";"";"76,0";"77,0";"74,0";"";"";"";"1014,8";"1015,3";"1014,8";"1,0";"329,0";"4,0";"";"0,0"
"12/08/2025";"0400";"";"";"";"75,0";"77,0";"75,0";"";"";"";"1014,3";"1014,8";"1014,3";"1,0";"299,0";"3,8";"";"0,0"
"12/08/2025";"0500";"";"";"";"76,0";"76,0";"75,0";"";"";"";"1013,9";"1014,3";"1013,9";"1,0";"322,0";"2,8";"";"0,0"
"12/08/2025";"0600";"";"";"";"77,0";"79,0";"76,0";"";"";"";"1013,6";"1014,0";"1013,6";"0,8";"245,0";"2,3";"";"0,0"
"12/08/2025";"0700";"";"";"";"76,0";"78,0";"75,0";"";"";"";"1013,6";"1013,7";"1013,5";"0,7";"316,0";"2,7";"";"0,0"
"12/08/2025";"0800";"";"";"";"76,0";"78,0";"76,0";"";"";"";"1014,0";"1014,0";"1013,6";"0,8";"38,0";"2,6";"";"0,0"
"12/08/2025";"0900";"";"";"";"76,0";"78,0";"75,0";"";"";"";"1014,3";"1014,3";"1014,0";"0,8";"27,0";"3,0";"2,10";"0,0"
"12/08/2025";"1000";"";"";"";"70,0";"78,0";"70,0";"";"";"";"1015,0";"1015,0";"1014,4";"0,7";"297,0";"3,5";"309,80";"0,0"
"12/08/2025";"1100";"";"";"";"66,0";"70,0";"63,0";"";"";"";"1015,6";"1015,6";"1015,0";"1,9";"71,0";"3,8";"937,90";"0,0"
"12/08/2025";"1200";"";"";"";"63,0";"66,0";"61,0";"";"";"";"1016,0";"1016,0";"1015,6";"1,9";"77,0";"4,2";"1633,90";"0,0"
"12/08/2025";"1300";"";"";"";"60,0";"66,0";"58,0";"";"";"";"1016,2";"1016,2";"1016,0";"1,7";"109,0";"4,9";"2300,90";"0,0"
"12/08/2025";"1400";"";"";"";"61,0";"63,0";"55,0";"";"";"";"1015,7";"1016,3";"1015,7";"2,5";"76,0";"5,5";"2522,60";"0,0"
"12/08/2025";"1500";"";"";"";"55,0";"62,0";"53,0";"";"";"";"1015,2";"1015,7";"1015,1";"1,5";"133,0";"5,5";"2587,30";"0,0"
"12/08/2025";"1600";"";"";"";"53,0";"61,0";"52,0";"";"";"";"1014,1";"1015,2";"1014,1";"1,3";"143,0";"4,8";"2605,20";"0,0"
"12/08/2025";"1700";"";"";"";"58,0";"62,0";"53,0";"";"";"";"1013,4";"1014,1";"1013,4";"2,0";"186,0";"5,6";"2232,70";"0,0"
"12/08/2025";"1800";"";"";"";"65,0";"65,0";"56,0";"";"";"";"1013,3";"1013,4";"1013,1";"2,1";"183,0";"6,0";"1345,10";"0,0"
"12/08/2025";"1900";"";"";"";"77,0";"79,0";"62,0";"";"";"";"1013,5";"1013,5";"1013,2";"1,7";"177,0";"5,0";"438,50";"0,0"
"12/08/2025";"2000";"";"";"";"76,0";"77,0";"73,0";"";"";"";"1013,8";"1013,9";"1013,5";"1,1";"210,0";"4,9";"242,50";"0,0"
"12/08/2025";"2100";"";"";"";"74,0";"76,0";"72,0";"";"";"";"1014,1";"1014,1";"1013,8";"1,8";"194,0";"4,2";"37,90";"0,0"
"12/08/2025";"2200";"";"";"";"81,0";"82,0";"74,0";"";"";"";"1014,7";"1014,7";"1014,1";"1,7";"198,0";"4,8";"";"0,0"
"12/08/2025";"2300";"";"";"";"79,0";"81,0";"79,0";"";"";"";"1015,1";"1015,1";"1014,7";"1,2";"189,0";"3,4";"";"0,0"
"13/08/2025";"0000";"";"";"";"81,0";"81,0";"78,0";"";"";"";"1015,8";"1015,8";"1015,1";"0,7";"63,0";"5,5";"";"0,0"
"13/08/2025";"0100";"";"";"";"75,0";"81,0";"74,0";"";"";"";"1016,0";"1016,0";"1015,8";"2,6";"84,0";"6,4";"";"0,0"
"13/08/2025";"0200";"";"";"";"76,0";"76,0";"74,0";"";"";"";"1016,1";"1016,2";"1016,0";"2,6";"83,0";"5,8";"";"0,0"
"13/08/2025";"0300";"";"";"";"73,0";"76,0";"70,0";"";"";"";"1015,9";"1016,2";"1015,9";"2,7";"84,0";"6,0";"";"0,0"
"13/08/2025";"0400";"";"";"";"77,0";"78,0";"73,0";"";"";"";"1015,4";"1015,9";"1015,4";"2,2";"85,0";"5,8";"";"0,0"
"13/08/2025";"0500";"";"";"";"77,0";"77,0";"74,0";"";"";"";"1015,2";"1015,5";"1015,2";"0,8";"49,0";"4,6";"";"0,0"
"13/08/2025";"0600";"";"";"";"76,0";"79,0";"76,0";"";"";"";"1014,9";"1015,2";"1014,9";"1,8";"86,0";"3,8";"";"0,0"
"13/08/2025";"0700";"";"";"";"76,0";"76,0";"75,0";"";"";"";"1015,0";"1015,0";"1014,8";"1,6";"83,0";"4,0";"";"0,0"
"13/08/2025";"0800";"";"";"";"79,0";"81,0";"75,0";"";"";"";"1015,3";"1015,3";"1015,0";"2,8";"89,0";"5,3";"";"0,0"
"13/08/2025";"0900";"";"";"";"74,0";"80,0";"74,0";"";"";"";"1015,8";"1015,8";"1015,3";"2,2";"84,0";"4,9";"1,20";"0,0"
"13/08/2025";"1000";"";"";"";"76,0";"78,0";"74,0";"";"";"";"1016,3";"1016,3";"1015,8";"1,8";"77,0";"6,4";"255,00";"0,0"
"13/08/2025";"1100";"";"";"";"80,0";"84,0";"76,0";"";"";"";"1017,1";"1017,1";"1016,3";"2,3";"79,0";"4,9";"516,20";"1,6"
"13/08/2025";"1200";"";"";"";"67,0";"80,0";"67,0";"";"";"";"1017,8";"1017,8";"1017,1";"3,4";"73,0";"6,6";"1194,10";"0,0"
"13/08/2025";"1300";"";"";"";"67,0";"70,0";"63,0";"";"";"";"1017,8";"1017,9";"1017,8";"3,7";"90,0";"7,0";"1896,40";"0,0"
"13/08/2025";"1400";"";"";"";"64,0";"69,0";"61,0";"";"";"";"1017,5";"1017,9";"1017,5";"3,2";"88,0";"6,9";"2494,10";"0,0"
"13/08/2025";"1500";"";"";"";"65,0";"67,0";"61,0";"";"";"";"1016,9";"1017,5";"1016,9";"3,4";"85,0";"6,4";"2366,00";"0,0"
"13/08/2025";"1600";"";"";"";"61,0";"67,0";"58,0";"";"";"";"1016,2";"1016,9";"1016,2";"3,9";"87,0";"6,3";"2629,90";"0,0"
"13/08/2025";"1700";"";"";"";"64,0";"66,0";"59,0";"";"";"";"1015,6";"1016,2";"1015,6";"2,2";"79,0";"6,3";"1839,40";"0,0"
"13/08/2025";"1800";"";"";"";"63,0";"67,0";"61,0";"";"";"";"1015,2";"1015,6";"1015,2";"3,6";"88,0";"6,6";"1683,20";"0,0"
"13/08/2025";"1900";"";"";"";"65,0";"66,0";"62,0";"";"";"";"1015,8";"1015,8";"1015,2";"3,1";"87,0";"6,4";"1196,40";"0,0"
"13/08/2025";"2000";"";"";"";"67,0";"67,0";"63,0";"";"";"";"1016,0";"1016,0";"1015,8";"3,2";"89,0";"5,9";"423,20";"0,0"
"13/08/2025";"2100";"";"";"";"66,0";"68,0";"64,0";"";"";"";"1016,3";"1016,3";"1015,9";"1,9";"84,0";"5,7";"29,50";"0,0"
"13/08/2025";"2200";"";"";"";"67,0";"69,0";"66,0";"";"";"";"1016,8";"1016,8";"1016,3";"2,4";"87,0";"5,1";"";"0,0"
"13/08/2025";"2300";"";"";"";"66,0";"69,0";"65,0";"";"";"";"1017,3";"1017,3";"1016,8";"3,3";"88,0";"6,2";"";"0,0"
"14/08/2025";"0000";"";"";"";"67,0";"69,0";"65,0";"";"";"";"1017,7";"1017,8";"1017,3";"3,1";"90,0";"6,2";"";"0,0"
"14/08/2025";"0100";"";"";"";"68,0";"68,0";"66,0";"";"";"";"1018,0";"1018,0";"1017,7";"1,7";"84,0";"5,4";"";"0,0"
"14/08/2025";"0200";"";"";"";"65,0";"69,0";"64,0";"";"";"";"1018,1";"1018,1";"1017,9";"1,7";"83,0";"5,9";"";"0,0"
"14/08/2025";"0300";"";"";"";"67,0";"70,0";"65,0";"";"";"";"1017,5";"1018,1";"1017,5";"1,7";"78,0";"4,5";"";"0,0"
"14/08/2025";"0400";"";"";"";"69,0";"69,0";"67,0";"";"";"";"1016,9";"1017,5";"1016,8";"0,6";"201,0";"4,5";"";"0,0"
"14/08/2025";"0500";"";"";"";"66,0";"72,0";"66,0";"";"";"";"1016,6";"1016,9";"1016,6";"2,4";"84,0";"5,2";"";"0,0"
"14/08/2025";"0600";"";"";"";"68,0";"69,0";"65,0";"";"";"";"1016,4";"1016,6";"1016,4";"1,1";"77,0";"4,8";"";"0,0"
"14/08/2025";"0700";"";"";"";"67,0";"69,0";"64,0";"";"";"";"1016,5";"1016,6";"1016,4";"2,6";"87,0";"5,3";"";"0,0"
"14/08/2025";"0800";"";"";"";"66,0";"67,0";"63,0";"";"";"";"1016,9";"1017,0";"1016,5";"1,9";"81,0";"5,8";"";"0,0"
"14/08/2025";"0900";"";"";"";"68,0";"71,0";"65,0";"";"";"";"1017,2";"1017,2";"1016,9";"1,7";"85,0";"4,6";"4,80";"0,0"
"14/08/2025";"1000";"";"";"";"62,0";"68,0";"62,0";"";"";"";"1017,8";"1017,8";"1017,2";"1,7";"80,0";"5,6";"332,00";"0,0"
"14/08/2025";"1100";"";"";"";"59,0";"64,0";"58,0";"";"";"";"1018,2";"1018,3";"1017,8";"1,5";"81,0";"5,1";"944,20";"0,0"
"14/08/2025";"1200";"";"";"";"59,0";"61,0";"53,0";"";"";"";"1018,6";"1018,6";"1018,2";"1,4";"67,0";"5,2";"1750,90";"0,0"
"14/08/2025";"1300";"";"";"";"52,0";"59,0";"52,0";"";"";"";"1018,4";"1018,7";"1018,4";"1,4";"125,0";"4,5";"2232,20";"0,0"
"14/08/2025";"1400";"";"";"";"52,0";"56,0";"49,0";"";"";"";"1018,3";"1018,5";"1018,3";"1,3";"357,0";"4,7";"2542,10";"0,0"
"14/08/2025";"1500";"";"";"";"53,0";"57,0";"50,0";"";"";"";"1017,7";"1018,3";"1017,7";"2,6";"79,0";"7,5";"2634,00";"0,0"
"14/08/2025";"1600";"";"";"";"53,0";"57,0";"51,0";"";"";"";"1017,1";"1017,7";"1017,1";"2,0";"96,0";"5,6";"2638,50";"0,0"
"14/08/2025";"1700";"";"";"";"53,0";"59,0";"51,0";"";"";"";"1016,7";"1017,1";"1016,7";"2,2";"116,0";"5,7";"2483,90";"0,0"
"14/08/2025";"1800";"";"";"";"58,0";"58,0";"53,0";"";"";"";"1016,7";"1016,7";"1016,6";"1,6";"147,0";"5,5";"1910,10";"0,0"
"14/08/2025";"1900";"";"";"";"60,0";"60,0";"55,0";"";"";"";"1017,0";"1017,0";"1016,7";"1,5";"182,0";"4,7";"1244,00";"0,0"
"14/08/2025";"2000";"";"";"";"65,0";"65,0";"57,0";"";"";"";"1017,3";"1017,3";"1017,0";"1,8";"186,0";"4,9";"504,30";"0,0"
"14/08/2025";"2100";"";"";"";"69,0";"69,0";"65,0";"";"";"";"1017,5";"1017,5";"1017,3";"1,6";"191,0";"5,3";"25,40";"0,0"
"14/08/2025";"2200";"";"";"";"71,0";"71,0";"67,0";"";"";"";"1018,0";"1018,0";"1017,5";"1,6";"198,0";"4,4";"";"0,0"
"14/08/2025";"2300";"";"";"";"76,0";"76,0";"71,0";"";"";"";"1018,5";"1018,5";"1018,0";"1,5";"202,0";"4,6";"";"0,0"
"15/08/2025";"0000";"";"";"";"74,0";"76,0";"73,0";"";"";"";"1018,9";"1018,9";"1018,5";"1,8";"197,0";"5,1";"";"0,0"
"15/08/2025";"0100";"";"";"";"81,0";"83,0";"73,0";"";"";"";"1019,0";"1019,0";"1018,9";"1,0";"324,0";"5,1";"";"3,0"
"15/08/2025";"0200";"";"";"";"75,0";"81,0";"75,0";"";"";"";"1019,1";"1019,1";"1019,0";"1,4";"352,0";"3,5";"";"0,0"
"15/08/2025";"0300";"";"";"";"72,0";"75,0";"70,0";"";"";"";"1018,7";"1019,1";"1018,7";"1,2";"283,0";"4,2";"";"0,0"
"15/08/2025";"0400";"";"";"";"70,0";"73,0";"70,0";"";"";"";"1018,3";"1018,8";"1018,2";"1,2";"245,0";"3,4";"";"0,0"
"15/08/2025";"0500";"";"";"";"72,0";"72,0";"69,0";"";"";"";"1018,0";"1018,3";"1017,9";"0,8";"267,0";"3,3";"";"0,0"
"15/08/2025";"0600";"";"";"";"69,0";"73,0";"69,0";"";"";"";"1017,8";"1018,0";"1017,8";"1,5";"200,0";"3,6";"";"0,0"
"15/08/2025";"0700";"";"";"";"67,0";"69,0";"67,0";"";"";"";"1017,7";"1017,8";"1017,7";"1,3";"203,0";"4,7";"";"0,0"
"15/08/2025";"0800";"";"";"";"69,0";"72,0";"67,0";"";"";"";"1017,8";"1017,8";"1017,7";"1,0";"203,0";"3,4";"";"0,0"
"15/08/2025";"0900";"";"";"";"68,0";"71,0";"67,0";"";"";"";"1018,3";"1018,3";"1017,8";"1,1";"221,0";"3,3";"1,80";"0,0"
"15/08/2025";"1000";"";"";"";"63,0";"68,0";"62,0";"";"";"";"1018,9";"1018,9";"1018,3";"1,4";"232,0";"5,4";"326,10";"0,0"
"15/08/2025";"1100";"";"";"";"60,0";"64,0";"60,0";"";"";"";"1019,6";"1019,6";"1018,9";"1,4";"220,0";"4,3";"1033,70";"0,0"
"15/08/2025";"1200";"";"";"";"57,0";"64,0";"55,0";"";"";"";"1019,9";"1019,9";"1019,6";"1,8";"205,0";"5,5";"1742,60";"0,0"
"15/08/2025";"1300";"";"";"";"54,0";"59,0";"52,0";"";"";"";"1020,2";"1020,2";"1019,9";"1,9";"215,0";"7,6";"2267,10";"0,0"
"15/08/2025";"1400";"";"";"";"55,0";"60,0";"51,0";"";"";"";"1019,4";"1020,2";"1019,4";"1,5";"328,0";"6,4";"2493,70";"0,0"
"15/08/2025";"1500";"";"";"";"56,0";"60,0";"49,0";"";"";"";"1019,0";"1019,4";"1019,0";"1,7";"138,0";"7,2";"2283,60";"0,0"
"15/08/2025";"1600";"";"";"";"54,0";"58,0";"51,0";"";"";"";"1018,3";"1019,0";"1018,3";"2,2";"183,0";"5,4";"2534,60";"0,0"
"15/08/2025";"1700";"";"";"";"53,0";"58,0";"52,0";"";"";"";"1017,7";"1018,3";"1017,7";"1,5";"184,0";"5,4";"2265,80";"0,0"
"15/08/2025";"1800";"";"";"";"56,0";"58,0";"52,0";"";"";"";"1017,4";"1017,7";"1017,4";"2,2";"183,0";"5,6";"1793,10";"0,0"
"15/08/2025";"1900";"";"";"";"58,0";"59,0";"54,0";"";"";"";"1017,5";"1017,5";"1017,4";"2,3";"189,0";"5,6";"1182,30";"0,0"
"15/08/2025";"2000";"";"";"";"63,0";"64,0";"58,0";"";"";"";"1017,7";"1017,7";"1017,5";"1,3";"209,0";"5,6";"314,10";"0,0"
"15/08/2025";"2100";"";"";"";"63,0";"65,0";"62,0";"";"";"";"1017,9";"1017,9";"1017,7";"1,8";"193,0";"5,0";"33,80";"0,0"
"15/08/2025";"2200";"";"";"";"66,0";"67,0";"63,0";"";"";"";"1018,2";"1018,2";"1017,9";"1,7";"191,0";"4,8";"";"0,0"
"15/08/2025";"2300";"";"";"";"61,0";"66,0";"60,0";"";"";"";"1018,6";"1018,6";"1018,2";"2,0";"201,0";"5,3";"";"0,0"
"16/08/2025";"0000";"";"";"";"65,0";"65,0";"61,0";"";"";"";"1019,0";"1019,0";"1018,6";"2,2";"196,0";"5,9";"";"0,0"
"16/08/2025";"0100";"";"";"";"67,0";"67,0";"65,0";"";"";"";"1019,3";"1019,3";"1019,0";"1,4";"212,0";"5,6";"";"0,0"
"16/08/2025";"0200";"";"";"";"67,0";"68,0";"66,0";"";"";"";"1019,5";"1019,6";"1019,3";"1,1";"201,0";"4,8";"";"0,0"
"16/08/2025";"0300";"";"";"";"68,0";"69,0";"66,0";"";"";"";"1019,2";"1019,6";"1019,2";"1,6";"196,0";"3,9";"";"0,0"
"16/08/2025";"0400";"";"";"";"71,0";"72,0";"67,0";"";"";"";"1018,6";"1019,1";"1018,6";"1,9";"198,0";"5,0";"";"0,0"
"16/08/2025";"0500";"";"";"";"70,0";"74,0";"70,0";"";"";"";"1018,1";"1018,6";"1018,1";"1,7";"199,0";"5,0";"";"0,0"
"16/08/2025";"0600";"";"";"";"71,0";"72,0";"70,0";"";"";"";"1017,7";"1018,2";"1017,7";"1,9";"202,0";"5,0";"";"0,0"
"16/08/2025";"0700";"";"";"";"70,0";"73,0";"70,0";"";"";"";"1017,4";"1017,7";"1017,4";"2,0";"201,0";"5,9";"";"0,0"
"16/08/2025";"0800";"";"";"";"69,0";"71,0";"69,0";"";"";"";"1017,5";"1017,6";"1017,4";"2,4";"196,0";"6,3";"";"0,0"
"16/08/2025";"0900";"";"";"";"66,0";"70,0";"66,0";"";"";"";"1017,9";"1017,9";"1017,5";"2,2";"197,0";"6,3";"0,70";"0,0"
"16/08/2025";"1000";"";"";"";"60,0";"66,0";"58,0";"";"";"";"1018,4";"1018,4";"1017,9";"1,9";"192,0";"6,5";"347,00";"0,0"
"16/08/2025";"1100";"";"";"";"62,0";"64,0";"60,0";"";"";"";"1019,2";"1019,2";"1018,4";"2,5";"190,0";"6,0";"783,60";"0,0"
"16/08/2025";"1200";"";"";"";"57,0";"63,0";"55,0";"";"";"";"1019,7";"1019,7";"1019,2";"1,7";"248,0";"6,9";"1540,60";"0,0"
"16/08/2025";"1300";"";"";"";"54,0";"58,0";"54,0";"";"";"";"1019,8";"1019,8";"1019,7";"1,6";"218,0";"5,4";"2162,40";"0,0"
"16/08/2025";"1400";"";"";"";"56,0";"59,0";"53,0";"";"";"";"1019,5";"1019,8";"1019,4";"2,0";"194,0";"5,4";"2301,70";"0,0"
"16/08/2025";"1500";"";"";"";"54,0";"58,0";"50,0";"";"";"";"1018,7";"1019,5";"1018,6";"1,9";"64,0";"7,8";"2531,30";"0,0"
"16/08/2025";"1600";"";"";"";"53,0";"55,0";"46,0";"";"";"";"1017,4";"1018,6";"1017,4";"2,1";"83,0";"6,0";"2536,40";"0,0"
"16/08/2025";"1700";"";"";"";"51,0";"56,0";"49,0";"";"";"";"1016,6";"1017,4";"1016,6";"1,2";"312,0";"6,0";"2474,00";"0,0"
"16/08/2025";"1800";"";"";"";"55,0";"57,0";"49,0";"";"";"";"1016,3";"1016,6";"1016,2";"1,6";"54,0";"5,8";"1939,00";"0,0"
"16/08/2025";"1900";"";"";"";"62,0";"62,0";"54,0";"";"";"";"1016,4";"1016,4";"1016,2";"2,1";"75,0";"5,1";"1127,50";"0,0"
"16/08/2025";"2000";"";"";"";"61,0";"63,0";"60,0";"";"";"";"1016,7";"1016,7";"1016,4";"1,4";"62,0";"4,7";"327,20";"0,0"
"16/08/2025";"2100";"";"";"";"64,0";"65,0";"61,0";"";"";"";"1016,9";"1016,9";"1016,7";"1,2";"323,0";"4,2";"34,10";"0,0"
"16/08/2025";"2200";"";"";"";"67,0";"68,0";"62,0";"";"";"";"1017,4";"1017,4";"1016,9";"0,8";"324,0";"3,5";"";"0,0"
"16/08/2025";"2300";"";"";"";"64,0";"68,0";"64,0";"";"";"";"1018,0";"1018,0";"1017,4";"1,3";"242,0";"3,2";"";"0,0"
"17/08/2025";"0000";"";"";"";"68,0";"68,0";"64,0";"";"";"";"1018,2";"1018,2";"1018,0";"0,9";"275,0";"4,1";"";"0,0"
"17/08/2025";"0100";"";"";"";"65,0";"68,0";"64,0";"";"";"";"1018,5";"1018,5";"1018,2";"1,1";"248,0";"3,1";"";"0,0"
"17/08/2025";"0200";"";"";"";"69,0";"69,0";"62,0";"";"";"";"1018,6";"1018,7";"1018,4";"1,1";"296,0";"3,7";"";"0,0"
"17/08/2025";"0300";"";"";"";"66,0";"69,0";"66,0";"";"";"";"1017,9";"1018,6";"1017,9";"1,1";"232,0";"3,6";"";"0,0"
"17/08/2025";"0400";"";"";"";"67,0";"67,0";"64,0";"";"";"";"1017,3";"1017,9";"1017,3";"0,9";"271,0";"3,2";"";"0,0"
"17/08/2025";"0500";"";"";"";"69,0";"69,0";"65,0";"";"";"";"1016,6";"1017,3";"1016,6";"0,8";"243,0";"3,2";"";"0,0"
"17/08/2025";"0600";"";"";"";"67,0";"69,0";"65,0";"";"";"";"1016,5";"1016,6";"1016,4";"0,8";"247,0";"3,3";"";"0,0"
"17/08/2025";"0700";"";"";"";"68,0";"69,0";"66,0";"";"";"";"1016,8";"1016,8";"1016,4";"0,7";"299,0";"2,6";"";"0,0"
"17/08/2025";"0800";"";"";"";"65,0";"70,0";"65,0";"";"";"";"1017,0";"1017,0";"1016,8";"1,8";"84,0";"3,5";"";"0,0"
"17/08/2025";"0900";"";"";"";"66,0";"70,0";"65,0";"";"";"";"1017,5";"1017,5";"1017,0";"1,0";"15,0";"3,8";"2,90";"0,0"
"17/08/2025";"1000";"";"";"";"62,0";"68,0";"59,0";"";"";"";"1017,9";"1017,9";"1017,5";"2,4";"81,0";"5,0";"350,10";"0,0"
"17/08/2025";"1100";"";"";"";"58,0";"64,0";"57,0";"";"";"";"1018,6";"1018,6";"1017,9";"1,4";"95,0";"5,0";"891,70";"0,0"
"17/08/2025";"1200";"";"";"";"58,0";"61,0";"55,0";"";"";"";"1019,2";"1019,2";"1018,7";"1,6";"67,0";"5,0";"1682,10";"0,0"
"17/08/2025";"1300";"";"";"";"56,0";"61,0";"52,0";"";"";"";"1019,6";"1019,6";"1019,2";"1,3";"52,0";"4,8";"2054,30";"0,0"
"17/08/2025";"1400";"";"";"";"53,0";"58,0";"50,0";"";"";"";"1019,1";"1019,6";"1019,1";"2,2";"94,0";"5,2";"2416,90";"0,0"
"17/08/2025";"1500";"";"";"";"53,0";"56,0";"51,0";"";"";"";"1018,2";"1019,1";"1018,2";"1,5";"80,0";"6,2";"2652,90";"0,0"
"17/08/2025";"1600";"";"";"";"55,0";"58,0";"49,0";"";"";"";"1017,1";"1018,2";"1017,1";"1,7";"94,0";"5,3";"2469,60";"0,0"
"17/08/2025";"1700";"";"";"";"54,0";"58,0";"51,0";"";"";"";"1016,1";"1017,1";"1016,1";"2,8";"81,0";"5,8";"2406,10";"0,0"
"17/08/2025";"1800";"";"";"";"56,0";"57,0";"52,0";"";"";"";"1015,9";"1016,2";"1015,9";"2,6";"81,0";"5,7";"2018,20";"0,0"
"17/08/2025";"1900";"";"";"";"54,0";"57,0";"53,0";"";"";"";"1016,1";"1016,1";"1015,8";"1,2";"91,0";"5,2";"1359,80";"0,0"
"17/08/2025";"2000";"";"";"";"63,0";"63,0";"54,0";"";"";"";"1016,4";"1016,4";"1016,1";"1,5";"204,0";"4,8";"507,30";"0,0"
"17/08/2025";"2100";"";"";"";"66,0";"66,0";"63,0";"";"";"";"1016,6";"1016,6";"1016,4";"1,7";"197,0";"4,0";"19,50";"0,0"
"17/08/2025";"2200";"";"";"";"66,0";"68,0";"66,0";"";"";"";"1016,9";"1016,9";"1016,6";"1,9";"199,0";"4,6";"";"0,0"
"17/08/2025";"2300";"";"";"";"64,0";"67,0";"63,0";"";"";"";"1017,4";"1017,5";"1016,9";"1,9";"196,0";"4,9";"";"0,0"
"18/08/2025";"0000";"";"";"";"66,0";"67,0";"64,0";"";"";"";"1017,8";"1017,8";"1017,4";"1,3";"195,0";"4,3";"";"0,0"
"18/08/2025";"0100";"";"";"";"72,0";"73,0";"65,0";"";"";"";"1017,9";"1018,0";"1017,8";"1,6";"200,0";"4,2";"";"0,0"
"18/08/2025";"0200";"";"";"";"78,0";"78,0";"70,0";"";"";"";"1018,0";"1018,0";"1017,9";"2,6";"191,0";"6,6";"";"0,0"
"18/08/2025";"0300";"";"";"";"84,0";"85,0";"77,0";"";"";"";"1017,5";"1018,0";"1017,5";"1,9";"203,0";"6,2";"";"0,6"
"18/08/2025";"0400";"";"";"";"82,0";"84,0";"80,0";"";"";"";"1017,3";"1017,5";"1017,3";"1,9";"205,0";"5,5";"";"0,0"
"18/08/2025";"0500";"";"";"";"86,0";"87,0";"81,0";"";"";"";"1016,9";"1017,4";"1016,9";"2,1";"211,0";"5,5";"";"0,2"
"18/08/2025";"0600";"";"";"";"86,0";"89,0";"85,0";"";"";"";"1016,5";"1016,9";"1016,5";"0,8";"237,0";"4,1";"";"0,0"
"18/08/2025";"0700";"";"";"";"88,0";"88,0";"86,0";"";"";"";"1016,7";"1016,7";"1016,5";"1,3";"251,0";"3,1";"";"0,0"
"18/08/2025";"0800";"";"";"";"90,0";"90,0";"88,0";"";"";"";"1016,9";"1016,9";"1016,7";"1,5";"257,0";"3,1";"";"2,4"
"18/08/2025";"0900";"";"";"";"91,0";"91,0";"90,0";"";"";"";"1017,6";"1017,6";"1016,9";"1,6";"234,0";"3,6";"0,70";"2,8"
"18/08/2025";"1000";"";"";"";"92,0";"92,0";"91,0";"";"";"";"1018,3";"1018,3";"1017,6";"1,1";"234,0";"2,5";"109,50";"1,8"
"18/08/2025";"1100";"";"";"";"92,0";"92,0";"92,0";"";"";"";"1019,1";"1019,1";"1018,3";"1,4";"33,0";"4,0";"149,60";"3,2"
"18/08/2025";"1200";"";"";"";"92,0";"92,0";"91,0";"";"";"";"1019,6";"1019,7";"1019,0";"0,5";"56,0";"4,1";"514,50";"2,6"
"18/08/2025";"1300";"";"";"";"86,0";"92,0";"85,0";"";"";"";"1019,9";"1019,9";"1019,6";"1,4";"195,0";"4,2";"638,30";"0,8"
"18/08/2025";"1400";"";"";"";"84,0";"88,0";"84,0";"";"";"";"1019,3";"1019,9";"1019,3";"1,6";"195,0";"3,9";"1066,50";"0,4"
"18/08/2025";"1500";"";"";"";"76,0";"84,0";"74,0";"";"";"";"1018,3";"1019,3";"1018,3";"1,3";"230,0";"4,3";"1432,40";"0,0"
"18/08/2025";"1600";"";"";"";"61,0";"76,0";"57,0";"";"";"";"1017,5";"1018,3";"1017,5";"1,9";"181,0";"5,1";"2611,10";"0,0"
"18/08/2025";"1700";"";"";"";"66,0";"66,0";"57,0";"";"";"";"1017,1";"1017,5";"1017,0";"2,2";"178,0";"6,4";"2215,20";"0,0"
"18/08/2025";"1800";"";"";"";"81,0";"83,0";"64,0";"";"";"";"1017,0";"1017,1";"1017,0";"3,4";"197,0";"11,3";"1318,70";"0,0"
"18/08/2025";"1900";"";"";"";"72,0";"81,0";"70,0";"";"";"";"1017,1";"1017,2";"1017,0";"2,3";"191,0";"8,7";"641,70";"0,0"
"18/08/2025";"2000";"";"";"";"82,0";"82,0";"70,0";"";"";"";"1017,7";"1017,8";"1017,1";"3,2";"200,0";"9,1";"238,80";"0,0"
"18/08/2025";"2100";"";"";"";"87,0";"87,0";"82,0";"";"";"";"1018,2";"1018,2";"1017,7";"2,7";"198,0";"7,7";"17,80";"1,6"
"18/08/2025";"2200";"";"";"";"90,0";"90,0";"87,0";"";"";"";"1018,4";"1018,4";"1018,2";"2,6";"230,0";"5,8";"";"0,4"
"18/08/2025";"2300";"";"";"";"91,0";"91,0";"90,0";"";"";"";"1019,0";"1019,0";"1018,4";"1,2";"234,0";"5,3";"";"2,0"
"19/08/2025";"0000";"";"";"";"92,0";"92,0";"91,0";"";"";"";"1019,3";"1019,3";"1019,0";"1,1";"254,0";"2,3";"";"0,0"
"19/08/2025";"0100";"";"";"";"91,0";"92,0";"91,0";"";"";"";"1019,3";"1019,5";"1019,2";"1,0";"328,0";"3,6";"";"0,0"
"19/08/2025";"0200";"";"";"";"84,0";"91,0";"84,0";"";"";"";"1019,6";"1019,6";"1019,3";"0,8";"275,0";"4,4";"";"0,0"
"19/08/2025";"0300";"";"";"";"74,0";"84,0";"74,0";"";"";"";"1019,2";"1019,6";"1019,2";"2,0";"203,0";"6,1";"";"0,0"
"19/08/2025";"0400";"";"";"";"65,0";"74,0";"64,0";"";"";"";"1018,6";"1019,2";"1018,6";"2,4";"192,0";"6,7";"";"0,0"
"19/08/2025";"0500";"";"";"";"67,0";"67,0";"64,0";"";"";"";"1018,0";"1018,6";"1018,0";"2,2";"204,0";"6,9";"";"0,2"
"19/08/2025";"0600";"";"";"";"73,0";"74,0";"64,0";"";"";"";"1017,7";"1018,0";"1017,7";"3,0";"193,0";"8,4";"";"0,0"
"19/08/2025";"0700";"";"";"";"74,0";"76,0";"71,0";"";"";"";"1017,8";"1017,9";"1017,7";"2,8";"192,0";"8,4";"";"0,0"
"19/08/2025";"0800";"";"";"";"71,0";"74,0";"71,0";"";"";"";"1018,0";"1018,1";"1017,8";"2,3";"196,0";"7,0";"";"0,0"
"19/08/2025";"0900";"";"";"";"77,0";"77,0";"70,0";"";"";"";"1018,5";"1018,5";"1018,0";"2,6";"201,0";"7,5";"4,50";"0,0"
"19/08/2025";"1000";"";"";"";"66,0";"77,0";"66,0";"";"";"";"1018,9";"1018,9";"1018,5";"2,1";"200,0";"7,5";"214,90";"0,0"
"19/08/2025";"1100";"";"";"";"58,0";"66,0";"55,0";"";"";"";"1019,5";"1019,6";"1018,9";"2,6";"198,0";"6,9";"1026,70";"0,0"
"19/08/2025";"1200";"";"";"";"57,0";"63,0";"56,0";"";"";"";"1020,3";"1020,3";"1019,5";"2,7";"196,0";"6,8";"1316,80";"0,0"
"19/08/2025";"1300";"";"";"";"56,0";"57,0";"52,0";"";"";"";"1020,5";"1020,6";"1020,2";"3,4";"186,0";"9,1";"2510,50";"0,0"
"19/08/2025";"1400";"";"";"";"52,0";"59,0";"52,0";"";"";"";"1020,1";"1020,6";"1020,1";"2,7";"187,0";"9,1";"1983,10";"0,0"
"19/08/2025";"1500";"";"";"";"57,0";"58,0";"50,0";"";"";"";"1019,3";"1020,1";"1019,2";"2,8";"192,0";"10,1";"2125,80";"0,0"
"19/08/2025";"1600";"";"";"";"53,0";"57,0";"51,0";"";"";"";"1018,6";"1019,2";"1018,6";"2,8";"191,0";"10,1";"2382,30";"0,0"
"19/08/2025";"1700";"";"";"";"51,0";"57,0";"50,0";"";"";"";"1018,3";"1018,7";"1018,3";"3,2";"182,0";"9,5";"1731,70";"0,0"
"19/08/2025";"1800";"";"";"";"54,0";"54,0";"47,0";"";"";"";"1018,0";"1018,3";"1018,0";"3,2";"185,0";"9,5";"1777,50";"0,0"
"19/08/2025";"1900";"";"";"";"48,0";"54,0";"47,0";"";"";"";"1018,4";"1018,4";"1018,0";"2,5";"199,0";"8,1";"1267,80";"0,0"
"19/08/2025";"2000";"";"";"";"55,0";"55,0";"48,0";"";"";"";"1018,8";"1018,8";"1018,4";"2,6";"190,0";"8,0";"420,70";"0,0"
"19/08/2025";"2100";"";"";"";"58,0";"58,0";"53,0";"";"";"";"1019,0";"1019,1";"1018,8";"2,2";"208,0";"7,4";"29,80";"0,0"
"19/08/2025";"2200";"";"";"";"60,0";"61,0";"58,0";"";"";"";"1019,3";"1019,3";"1018,9";"2,4";"192,0";"7,3";"";"0,0"
"19/08/2025";"2300";"";"";"";"58,0";"62,0";"58,0";"";"";"";"1019,8";"1019,8";"1019,3";"2,5";"194,0";"6,2";"";"0,0"
"20/08/2025";"0000";"";"";"";"59,0";"61,0";"58,0";"";"";"";"1020,0";"1020,0";"1019,7";"1,8";"201,0";"6,0";"";"0,0"
"20/08/2025";"0100";"";"";"";"61,0";"62,0";"58,0";"";"";"";"1019,8";"1020,0";"1019,7";"1,7";"195,0";"5,3";"";"0,0"
"20/08/2025";"0200";"";"";"";"62,0";"63,0";"60,0";"";"";"";"1019,4";"1019,8";"1019,4";"1,1";"215,0";"5,3";"";"0,0"
"20/08/2025";"0300";"";"";"";"62,0";"63,0";"60,0";"";"";"";"1018,7";"1019,4";"1018,7";"1,4";"202,0";"4,6";"";"0,0"
"20/08/2025";"0400";"";"";"";"65,0";"65,0";"62,0";"";"";"";"1018,2";"1018,7";"1018,2";"1,7";"190,0";"4,9";"";"0,0"
"20/08/2025";"0500";"";"";"";"66,0";"66,0";"63,0";"";"";"";"1017,6";"1018,2";"1017,6";"1,5";"205,0";"5,6";"";"0,0"
"20/08/2025";"0600";"";"";"";"64,0";"67,0";"63,0";"";"";"";"1017,4";"1017,6";"1017,3";"1,8";"203,0";"5,1";"";"0,0"
"20/08/2025";"0700";"";"";"";"64,0";"67,0";"62,0";"";"";"";"1017,6";"1017,6";"1017,4";"1,5";"204,0";"5,3";"";"0,0"
"20/08/2025";"0800";"";"";"";"66,0";"68,0";"63,0";"";"";"";"1018,1";"1018,1";"1017,6";"2,4";"189,0";"4,9";"";"0,0"
"20/08/2025";"0900";"";"";"";"62,0";"68,0";"60,0";"";"";"";"1018,7";"1018,7";"1018,1";"2,0";"194,0";"5,4";"4,70";"0,0"
"20/08/2025";"1000";"";"";"";"60,0";"63,0";"59,0";"";"";"";"1019,3";"1019,3";"1018,7";"1,9";"185,0";"5,7";"343,60";"0,0"
"20/08/2025";"1100";"";"";"";"55,0";"60,0";"54,0";"";"";"";"1020,0";"1020,0";"1019,3";"2,2";"194,0";"5,6";"1059,90";"0,0"
"20/08/2025";"1200";"";"";"";"55,0";"56,0";"52,0";"";"";"";"1020,6";"1020,6";"1020,0";"1,8";"202,0";"7,4";"1481,40";"0,0"
"20/08/2025";"1300";"";"";"";"52,0";"56,0";"51,0";"";"";"";"1020,9";"1020,9";"1020,6";"2,3";"176,0";"7,2";"2010,00";"0,0"
"20/08/2025";"1400";"";"";"";"54,0";"54,0";"49,0";"";"";"";"1020,6";"1020,9";"1020,5";"2,3";"181,0";"7,4";"2315,70";"0,0"
"20/08/2025";"1500";"";"";"";"50,0";"56,0";"49,0";"";"";"";"1020,0";"1020,6";"1019,9";"2,5";"200,0";"7,4";"2651,20";"0,0"
"20/08/2025";"1600";"";"";"";"51,0";"54,0";"49,0";"";"";"";"1019,0";"1020,0";"1019,0";"2,6";"192,0";"6,9";"2460,90";"0,0"
"20/08/2025";"1700";"";"";"";"54,0";"55,0";"47,0";"";"";"";"1018,4";"1019,1";"1018,4";"2,3";"202,0";"7,3";"2059,50";"0,0"
"20/08/2025";"1800";"";"";"";"54,0";"56,0";"49,0";"";"";"";"1018,1";"1018,4";"1018,0";"2,6";"200,0";"9,1";"1651,20";"0,0"
"20/08/2025";"1900";"";"";"";"52,0";"57,0";"50,0";"";"";"";"1018,0";"1018,2";"1018,0";"3,2";"188,0";"7,6";"921,60";"0,0"
"20/08/2025";"2000";"";"";"";"56,0";"56,0";"51,0";"";"";"";"1018,1";"1018,1";"1017,9";"2,9";"185,0";"7,8";"478,00";"0,0"
"20/08/2025";"2100";"";"";"";"58,0";"58,0";"54,0";"";"";"";"1018,4";"1018,4";"1018,1";"2,4";"193,0";"8,1";"34,90";"0,0"
"20/08/2025";"2200";"";"";"";"61,0";"61,0";"58,0";"";"";"";"1018,4";"1018,5";"1018,3";"1,6";"210,0";"5,9";"";"0,0"
"20/08/2025";"2300";"";"";"";"61,0";"61,0";"59,0";"";"";"";"1018,7";"1018,7";"1018,4";"1,9";"195,0";"6,4";"";"0,0"
"21/08/2025";"0000";"";"";"";"60,0";"62,0";"59,0";"";"";"";"1019,3";"1019,3";"1018,7";"2,5";"187,0";"5,2";"";"0,0"
"21/08/2025";"0100";"";"";"";"62,0";"63,0";"60,0";"";"";"";"1019,2";"1019,3";"1019,1";"2,0";"197,0";"6,5";"";"0,0"
"21/08/2025";"0200";"";"";"";"64,0";"64,0";"61,0";"";"";"";"1019,2";"1019,3";"1019,1";"1,8";"200,0";"5,7";"";"0,0"
"21/08/2025";"0300";"";"";"";"65,0";"65,0";"62,0";"";"";"";"1018,8";"1019,2";"1018,8";"1,3";"197,0";"5,8";"";"0,0"
"21/08/2025";"0400";"";"";"";"62,0";"65,0";"61,0";"";"";"";"1018,2";"1018,8";"1018,2";"2,0";"200,0";"5,4";"";"0,0"
"21/08/2025";"0500";"";"";"";"63,0";"63,0";"61,0";"";"";"";"1017,8";"1018,2";"1017,8";"1,7";"201,0";"5,6";"";"0,0"
"21/08/2025";"0600";"";"";"";"64,0";"65,0";"62,0";"";"";"";"1017,2";"1017,8";"1017,2";"2,2";"194,0";"6,4";"";"0,0"
"21/08/2025";"0700";"";"";"";"64,0";"65,0";"64,0";"";"";"";"1017,1";"1017,2";"1017,0";"2,6";"186,0";"7,1";"";"0,0"
"21/08/2025";"0800";"";"";"";"65,0";"65,0";"62,0";"";"";"";"1017,2";"1017,2";"1017,1";"2,3";"195,0";"7,2";"";"0,0"
"21/08/2025";"0900";"";"";"";"65,0";"67,0";"65,0";"";"";"";"1017,6";"1017,6";"1017,2";"2,3";"191,0";"7,5";"1,90";"0,0"
"21/08/2025";"1000";"";"";"";"75,0";"76,0";"65,0";"";"";"";"1018,1";"1018,2";"1017,6";"1,9";"197,0";"7,5";"141,30";"0,0"
"21/08/2025";"1100";"";"";"";"72,0";"75,0";"68,0";"";"";"";"1018,9";"1018,9";"1018,1";"2,6";"186,0";"7,5";"437,20";"0,0"
"21/08/2025";"1200";"";"";"";"65,0";"73,0";"65,0";"";"";"";"1019,5";"1019,5";"1018,9";"2,1";"199,0";"6,3";"701,60";"0,0"
"21/08/2025";"1300";"";"";"";"66,0";"68,0";"63,0";"";"";"";"1019,8";"1019,8";"1019,5";"2,5";"188,0";"6,0";"1098,30";"0,0"
"21/08/2025";"1400";"";"";"";"71,0";"82,0";"66,0";"";"";"";"1019,2";"1020,0";"1019,2";"2,0";"181,0";"7,9";"1438,10";"2,2"
"21/08/2025";"1500";"";"";"";"71,0";"82,0";"65,0";"";"";"";"1018,8";"1019,3";"1018,7";"2,0";"189,0";"6,5";"1223,10";"0,4"
"21/08/2025";"1600";"";"";"";"77,0";"82,0";"69,0";"";"";"";"1017,8";"1018,8";"1017,8";"2,1";"195,0";"6,3";"899,60";"1,8"
"21/08/2025";"1700";"";"";"";"68,0";"83,0";"64,0";"";"";"";"1017,1";"1017,8";"1017,1";"1,5";"225,0";"5,8";"1640,20";"0,4"
"21/08/2025";"1800";"";"";"";"84,0";"86,0";"67,0";"";"";"";"1016,7";"1017,3";"1016,7";"2,2";"76,0";"6,4";"755,70";"0,0"
"21/08/2025";"1900";"";"";"";"69,0";"84,0";"68,0";"";"";"";"1016,5";"1016,7";"1016,5";"1,5";"197,0";"5,4";"628,70";"0,0"
"21/08/2025";"2000";"";"";"";"70,0";"74,0";"69,0";"";"";"";"1016,7";"1016,7";"1016,5";"1,7";"230,0";"4,3";"357,20";"0,0"
"21/08/2025";"2100";"";"";"";"81,0";"84,0";"70,0";"";"";"";"1016,8";"1016,9";"1016,7";"1,6";"210,0";"7,1";"23,50";"1,6"
"21/08/2025";"2200";"";"";"";"80,0";"81,0";"75,0";"";"";"";"1017,1";"1017,1";"1016,8";"2,2";"192,0";"6,9";"3,20";"0,0"
"21/08/2025";"2300";"";"";"";"83,0";"85,0";"74,0";"";"";"";"1017,6";"1017,6";"1017,1";"1,5";"261,0";"6,9";"";"1,2"
"22/08/2025";"0000";"";"";"";"81,0";"83,0";"78,0";"";"";"";"1017,9";"1018,0";"1017,6";"1,6";"338,0";"5,7";"";"0,0"
"22/08/2025";"0100";"";"";"";"77,0";"82,0";"74,0";"";"";"";"1018,2";"1018,2";"1017,8";"1,8";"328,0";"4,7";"";"0,2"
"22/08/2025";"0200";"";"";"";"76,0";"77,0";"75,0";"";"";"";"1018,2";"1018,4";"1018,2";"1,5";"244,0";"5,5";"";"0,0"
"22/08/2025";"0300";"";"";"";"73,0";"77,0";"72,0";"";"";"";"1017,8";"1018,3";"1017,7";"2,1";"59,0";"5,9";"";"0,0"
"22/08/2025";"0400";"";"";"";"71,0";"76,0";"70,0";"";"";"";"1017,1";"1017,8";"1017,1";"1,4";"308,0";"5,9";"";"0,0"
"22/08/2025";"0500";"";"";"";"72,0";"74,0";"70,0";"";"";"";"1016,6";"1017,1";"1016,6";"1,2";"289,0";"3,8";"";"0,0"
"22/08/2025";"0600";"";"";"";"76,0";"76,0";"70,0";"";"";"";"1016,3";"1016,6";"1016,2";"1,2";"282,0";"3,4";"";"0,0"
"22/08/2025";"0700";"";"";"";"72,0";"77,0";"70,0";"";"";"";"1016,2";"1016,3";"1016,2";"1,3";"76,0";"5,2";"";"0,0"
"22/08/2025";"0800";"";"";"";"69,0";"75,0";"69,0";"";"";"";"1016,2";"1016,2";"1016,1";"1,1";"22,0";"5,9";"";"0,0"
"22/08/2025";"0900";"";"";"";"70,0";"73,0";"67,0";"";"";"";"1016,5";"1016,5";"1016,2";"1,2";"274,0";"4,5";"3,90";"0,0"
"22/08/2025";"1000";"";"";"";"66,0";"70,0";"66,0";"";"";"";"1017,1";"1017,1";"1016,5";"1,2";"16,0";"4,2";"142,50";"0,0"
"22/08/2025";"1100";"";"";"";"65,0";"69,0";"62,0";"";"";"";"1017,8";"1017,8";"1017,1";"1,4";"26,0";"6,0";"605,80";"0,0"
"22/08/2025";"1200";"";"";"";"63,0";"68,0";"60,0";"";"";"";"1018,5";"1018,5";"1017,7";"1,6";"291,0";"5,6";"1118,60";"0,0"
"22/08/2025";"1300";"";"";"";"65,0";"67,0";"62,0";"";"";"";"1018,8";"1018,8";"1018,5";"1,6";"334,0";"5,4";"1529,80";"0,0"
"22/08/2025";"1400";"";"";"";"59,0";"64,0";"58,0";"";"";"";"1018,6";"1018,8";"1018,6";"1,4";"360,0";"4,8";"1506,10";"0,0"
"22/08/2025";"1500";"";"";"";"52,0";"61,0";"50,0";"";"";"";"1018,0";"1018,6";"1018,0";"1,4";"341,0";"5,1";"2644,00";"0,0"
"22/08/2025";"1600";"";"";"";"55,0";"63,0";"51,0";"";"";"";"1017,2";"1018,0";"1017,2";"1,3";"313,0";"7,1";"1873,90";"0,0"
"22/08/2025";"1700";"";"";"";"57,0";"59,0";"51,0";"";"";"";"1016,2";"1017,2";"1016,2";"1,2";"354,0";"6,0";"1962,80";"0,0"
"22/08/2025";"1800";"";"";"";"54,0";"57,0";"50,0";"";"";"";"1015,8";"1016,2";"1015,8";"1,5";"65,0";"5,6";"1564,80";"0,0"
"22/08/2025";"1900";"";"";"";"51,0";"55,0";"48,0";"";"";"";"1015,9";"1015,9";"1015,7";"1,2";"21,0";"6,6";"1240,40";"0,0"
"22/08/2025";"2000";"";"";"";"57,0";"58,0";"49,0";"";"";"";"1016,1";"1016,1";"1015,8";"0,9";"346,0";"3,8";"463,70";"0,0"
"22/08/2025";"2100";"";"";"";"60,0";"60,0";"56,0";"";"";"";"1016,3";"1016,3";"1016,0";"0,8";"275,0";"2,4";"26,80";"0,0"
"22/08/2025";"2200";"";"";"";"61,0";"63,0";"59,0";"";"";"";"1016,7";"1016,7";"1016,3";"0,6";"278,0";"2,4";"";"0,0"
"22/08/2025";"2300";"";"";"";"58,0";"62,0";"56,0";"";"";"";"1017,4";"1017,4";"1016,7";"0,8";"318,0";"2,9";"";"0,0"
"23/08/2025";"0000";"";"";"";"61,0";"61,0";"57,0";"";"";"";"1017,8";"1017,9";"1017,4";"0,8";"292,0";"2,3";"";"0,0"
"23/08/2025";"0100";"";"";"";"61,0";"62,0";"59,0";"";"";"";"1018,3";"1018,3";"1017,8";"2,0";"81,0";"4,0";"";"0,0"
"23/08/2025";"0200";"";"";"";"82,0";"82,0";"60,0";"";"";"";"1018,5";"1018,6";"1018,3";"2,6";"195,0";"6,1";"";"0,4"
"23/08/2025";"0300";"";"";"";"81,0";"83,0";"80,0";"";"";"";"1018,1";"1018,5";"1018,1";"1,2";"209,0";"5,8";"";"0,0"
"23/08/2025";"0400";"";"";"";"76,0";"81,0";"74,0";"";"";"";"1017,1";"1018,1";"1017,1";"0,8";"2,0";"4,4";"";"0,0"
"23/08/2025";"0500";"";"";"";"83,0";"83,0";"76,0";"";"";"";"1016,7";"1017,1";"1016,7";"1,9";"231,0";"3,4";"";"0,0"
"23/08/2025";"0600";"";"";"";"86,0";"86,0";"83,0";"";"";"";"1016,5";"1016,7";"1016,5";"1,7";"242,0";"3,1";"";"0,0"
"23/08/2025";"0700";"";"";"";"86,0";"86,0";"85,0";"";"";"";"1016,6";"1016,7";"1016,5";"1,8";"241,0";"3,1";"";"0,0"
"23/08/2025";"0800";"";"";"";"86,0";"86,0";"85,0";"";"";"";"1016,9";"1016,9";"1016,6";"1,4";"236,0";"3,0";"";"0,0"
"23/08/2025";"0900";"";"";"";"86,0";"86,0";"85,0";"";"";"";"1017,3";"1017,3";"1016,9";"1,9";"249,0";"3,6";"2,40";"0,0"
"23/08/2025";"1000";"";"";"";"83,0";"86,0";"83,0";"";"";"";"1017,9";"1017,9";"1017,3";"1,7";"250,0";"3,0";"213,00";"0,0"
"23/08/2025";"1100";"";"";"";"76,0";"83,0";"76,0";"";"";"";"1018,5";"1018,5";"1017,9";"1,7";"255,0";"3,0";"1071,40";"0,0"
"23/08/2025";"1200";"";"";"";"66,0";"77,0";"62,0";"";"";"";"1019,1";"1019,1";"1018,5";"1,0";"157,0";"3,8";"1866,50";"0,0"
"23/08/2025";"1300";"";"";"";"60,0";"66,0";"58,0";"";"";"";"1019,3";"1019,4";"1019,1";"1,2";"154,0";"4,0";"2208,90";"0,0"
"23/08/2025";"1400";"";"";"";"57,0";"62,0";"54,0";"";"";"";"1018,9";"1019,3";"1018,9";"1,8";"72,0";"4,8";"2270,90";"0,0"
"23/08/2025";"1500";"";"";"";"59,0";"62,0";"56,0";"";"";"";"1018,0";"1019,0";"1017,9";"2,3";"79,0";"6,4";"2608,00";"0,0"
"23/08/2025";"1600";"";"";"";"55,0";"60,0";"53,0";"";"";"";"1017,2";"1018,0";"1017,2";"1,7";"94,0";"5,4";"2703,70";"0,0"
"23/08/2025";"1700";"";"";"";"55,0";"60,0";"52,0";"";"";"";"1016,3";"1017,2";"1016,3";"2,1";"78,0";"6,1";"1987,10";"0,0"
"23/08/2025";"1800";"";"";"";"64,0";"66,0";"55,0";"";"";"";"1015,9";"1016,3";"1015,8";"2,4";"77,0";"6,6";"1202,30";"0,0"
"23/08/2025";"1900";"";"";"";"73,0";"73,0";"64,0";"";"";"";"1015,9";"1015,9";"1015,7";"3,2";"75,0";"6,9";"964,20";"0,0"
"23/08/2025";"2000";"";"";"";"76,0";"76,0";"70,0";"";"";"";"1016,4";"1016,4";"1015,9";"4,0";"88,0";"7,4";"245,80";"0,0"
"23/08/2025";"2100";"";"";"";"75,0";"77,0";"68,0";"";"";"";"1016,8";"1016,8";"1016,4";"1,3";"202,0";"7,4";"31,30";"0,0"
"23/08/2025";"2200";"";"";"";"80,0";"81,0";"75,0";"";"";"";"1017,2";"1017,2";"1016,8";"1,0";"213,0";"4,8";"";"0,0"
"23/08/2025";"2300";"";"";"";"67,0";"80,0";"66,0";"";"";"";"1017,8";"1017,8";"1017,2";"2,1";"85,0";"4,1";"";"0,0"
"24/08/2025";"0000";"";"";"";"80,0";"80,0";"67,0";"";"";"";"1018,4";"1018,4";"1017,8";"0,9";"4,0";"4,3";"";"0,0"
"24/08/2025";"0100";"";"";"";"82,0";"84,0";"80,0";"";"";"";"1018,6";"1018,7";"1018,4";"1,4";"201,0";"3,0";"";"0,0"
"24/08/2025";"0200";"";"";"";"86,0";"86,0";"78,0";"";"";"";"1018,8";"1019,0";"1018,6";"0,5";"339,0";"5,0";"";"1,4"
"24/08/2025";"0300";"";"";"";"89,0";"89,0";"86,0";"";"";"";"1018,3";"1018,8";"1018,2";"1,6";"210,0";"3,6";"";"0,0"
"24/08/2025";"0400";"";"";"";"87,0";"89,0";"85,0";"";"";"";"1017,3";"1018,3";"1017,3";"0,5";"291,0";"3,6";"";"0,8"
"24/08/2025";"0500";"";"";"";"83,0";"88,0";"77,0";"";"";"";"1016,9";"1017,3";"1016,8";"1,7";"56,0";"8,5";"";"0,4"
"24/08/2025";"0600";"";"";"";"89,0";"89,0";"83,0";"";"";"";"1016,7";"1016,9";"1016,7";"0,7";"327,0";"4,7";"";"0,0"
"24/08/2025";"0700";"";"";"";"90,0";"90,0";"89,0";"";"";"";"1016,6";"1016,7";"1016,5";"1,2";"275,0";"2,6";"";"0,0"
"24/08/2025";"0800";"";"";"";"90,0";"90,0";"90,0";"";"";"";"1016,7";"1016,7";"1016,4";"0,9";"227,0";"3,2";"";"0,0"
"24/08/2025";"0900";"";"";"";"84,0";"91,0";"73,0";"";"";"";"1017,3";"1017,3";"1016,7";"1,9";"336,0";"5,8";"4,30";"0,0"
"24/08/2025";"1000";"";"";"";"88,0";"88,0";"84,0";"";"";"";"1017,7";"1017,7";"1017,2";"0,5";"210,0";"3,2";"168,10";"0,2"
"24/08/2025";"1100";"";"";"";"80,0";"88,0";"74,0";"";"";"";"1018,5";"1018,5";"1017,7";"0,3";"243,0";"6,0";"460,10";"0,0"
"24/08/2025";"1200";"";"";"";"66,0";"81,0";"65,0";"";"";"";"1019,2";"1019,2";"1018,6";"3,4";"90,0";"5,9";"1735,10";"0,0"
"24/08/2025";"1300";"";"";"";"64,0";"67,0";"63,0";"";"";"";"1019,4";"1019,4";"1019,1";"3,7";"88,0";"6,8";"2285,40";"0,0"
"24/08/2025";"1400";"";"";"";"64,0";"69,0";"61,0";"";"";"";"1018,9";"1019,4";"1018,9";"3,8";"88,0";"6,6";"2281,80";"0,0"
"24/08/2025";"1500";"";"";"";"64,0";"66,0";"61,0";"";"";"";"1018,1";"1018,9";"1018,1";"3,8";"92,0";"6,7";"2691,00";"0,0"
"24/08/2025";"1600";"";"";"";"61,0";"68,0";"61,0";"";"";"";"1017,6";"1018,1";"1017,6";"2,4";"83,0";"7,0";"2506,40";"0,0"
"24/08/2025";"1700";"";"";"";"64,0";"70,0";"61,0";"";"";"";"1016,9";"1017,6";"1016,9";"4,0";"91,0";"6,9";"1766,40";"0,0"
"24/08/2025";"1800";"";"";"";"61,0";"67,0";"61,0";"";"";"";"1016,8";"1016,9";"1016,7";"4,5";"83,0";"7,6";"1927,50";"0,0"
"24/08/2025";"1900";"";"";"";"62,0";"64,0";"60,0";"";"";"";"1016,9";"1017,0";"1016,7";"3,8";"88,0";"7,7";"1321,50";"0,0"
"24/08/2025";"2000";"";"";"";"65,0";"66,0";"61,0";"";"";"";"1017,1";"1017,2";"1016,9";"3,3";"84,0";"7,2";"486,60";"0,0"
"24/08/2025";"2100";"";"";"";"62,0";"67,0";"62,0";"";"";"";"1017,4";"1017,4";"1017,0";"3,1";"83,0";"6,6";"27,40";"0,0"
"24/08/2025";"2200";"";"";"";"67,0";"67,0";"62,0";"";"";"";"1017,7";"1017,7";"1017,4";"1,6";"76,0";"6,6";"";"0,0"
"24/08/2025";"2300";"";"";"";"67,0";"68,0";"66,0";"";"";"";"1018,2";"1018,3";"1017,7";"1,8";"87,0";"6,3";"";"0,0"
"25/08/2025";"0000";"";"";"";"69,0";"70,0";"66,0";"";"";"";"1018,8";"1018,8";"1018,3";"1,2";"25,0";"4,9";"";"0,0"
"25/08/2025";"0100";"";"";"";"69,0";"70,0";"65,0";"";"";"";"1018,9";"1019,0";"1018,8";"1,0";"302,0";"4,4";"";"0,0"
"25/08/2025";"0200";"";"";"";"66,0";"69,0";"66,0";"";"";"";"1018,9";"1019,0";"1018,8";"2,3";"82,0";"5,1";"";"0,0"
"25/08/2025";"0300";"";"";"";"70,0";"70,0";"66,0";"";"";"";"1018,5";"1018,9";"1018,5";"1,0";"55,0";"5,0";"";"0,0"
"25/08/2025";"0400";"";"";"";"70,0";"70,0";"68,0";"";"";"";"1018,1";"1018,5";"1018,0";"1,0";"24,0";"3,7";"";"0,0"
"25/08/2025";"0500";"";"";"";"70,0";"72,0";"67,0";"";"";"";"1017,8";"1018,1";"1017,8";"1,0";"38,0";"4,2";"";"0,0"
"25/08/2025";"0600";"";"";"";"76,0";"76,0";"68,0";"";"";"";"1017,6";"1017,9";"1017,5";"0,4";"97,0";"4,0";"";"0,0"
"25/08/2025";"0700";"";"";"";"67,0";"77,0";"67,0";"";"";"";"1017,5";"1017,6";"1017,4";"1,3";"68,0";"4,3";"";"0,0"
"25/08/2025";"0800";"";"";"";"72,0";"73,0";"66,0";"";"";"";"1017,8";"1017,8";"1017,5";"0,6";"328,0";"4,2";"";"0,0"
"25/08/2025";"0900";"";"";"";"72,0";"75,0";"71,0";"";"";"";"1018,1";"1018,1";"1017,8";"0,9";"316,0";"2,4";"6,50";"0,0"
"25/08/2025";"1000";"";"";"";"70,0";"73,0";"69,0";"";"";"";"1018,4";"1018,4";"1018,1";"0,7";"284,0";"4,0";"350,00";"0,0"
"25/08/2025";"1100";"";"";"";"65,0";"70,0";"65,0";"";"";"";"1019,1";"1019,1";"1018,4";"1,1";"165,0";"3,6";"972,80";"0,0"
"25/08/2025";"1200";"";"";"";"60,0";"67,0";"60,0";"";"";"";"1019,9";"1019,9";"1019,1";"1,8";"80,0";"5,3";"1324,20";"0,0"
"25/08/2025";"1300";"";"";"";"63,0";"66,0";"59,0";"";"";"";"1020,2";"1020,3";"1019,9";"1,7";"177,0";"6,3";"1396,00";"0,0"
"25/08/2025";"1400";"";"";"";"66,0";"66,0";"56,0";"";"";"";"1019,8";"1020,2";"1019,7";"1,7";"66,0";"6,1";"1888,60";"0,0"
"25/08/2025";"1500";"";"";"";"62,0";"68,0";"61,0";"";"";"";"1019,3";"1019,8";"1019,3";"2,1";"102,0";"5,8";"2568,20";"0,0"
"25/08/2025";"1600";"";"";"";"62,0";"71,0";"61,0";"";"";"";"1018,5";"1019,3";"1018,5";"1,9";"98,0";"5,8";"2404,20";"0,0"
"25/08/2025";"1700";"";"";"";"63,0";"65,0";"60,0";"";"";"";"1017,7";"1018,6";"1017,7";"1,3";"26,0";"4,8";"2364,20";"0,0"
"25/08/2025";"1800";"";"";"";"66,0";"72,0";"58,0";"";"";"";"1017,3";"1017,8";"1017,3";"2,3";"81,0";"9,0";"1452,40";"0,0"
"25/08/2025";"1900";"";"";"";"67,0";"70,0";"65,0";"";"";"";"1017,6";"1017,6";"1017,3";"1,5";"75,0";"7,8";"852,90";"0,0"
"25/08/2025";"2000";"";"";"";"81,0";"81,0";"64,0";"";"";"";"1017,9";"1018,0";"1017,5";"2,4";"69,0";"8,3";"392,30";"0,6"
"25/08/2025";"2100";"";"";"";"71,0";"83,0";"71,0";"";"";"";"1017,9";"1018,0";"1017,9";"2,6";"72,0";"8,3";"20,30";"0,2"
"25/08/2025";"2200";"";"";"";"66,0";"71,0";"65,0";"";"";"";"1018,4";"1018,4";"1017,9";"2,1";"69,0";"7,4";"";"0,0"
"25/08/2025";"2300";"";"";"";"66,0";"67,0";"64,0";"";"";"";"1018,9";"1018,9";"1018,4";"2,2";"90,0";"7,5";"";"0,0"
"26/08/2025";"0000";"";"";"";"66,0";"67,0";"65,0";"";"";"";"1019,4";"1019,4";"1018,9";"2,1";"61,0";"6,3";"";"0,0"
"26/08/2025";"0100";"";"";"";"64,0";"67,0";"63,0";"";"";"";"1019,5";"1019,6";"1019,4";"3,5";"86,0";"7,5";"";"0,0"
"26/08/2025";"0200";"";"";"";"66,0";"66,0";"62,0";"";"";"";"1019,7";"1019,7";"1019,5";"1,9";"74,0";"7,5";"";"0,0"
"26/08/2025";"0300";"";"";"";"67,0";"69,0";"66,0";"";"";"";"1019,2";"1019,7";"1019,2";"2,4";"83,0";"5,9";"";"0,0"
"26/08/2025";"0400";"";"";"";"70,0";"71,0";"67,0";"";"";"";"1018,4";"1019,2";"1018,4";"1,1";"49,0";"5,2";"";"0,0"
"26/08/2025";"0500";"";"";"";"69,0";"73,0";"69,0";"";"";"";"1018,2";"1018,4";"1018,2";"1,0";"289,0";"3,5";"";"0,0"
"26/08/2025";"0600";"";"";"";"72,0";"72,0";"69,0";"";"";"";"1017,9";"1018,2";"1017,9";"0,9";"358,0";"2,7";"";"0,0"
"26/08/2025";"0700";"";"";"";"73,0";"73,0";"70,0";"";"";"";"1017,9";"1018,0";"1017,9";"1,1";"321,0";"3,4";"";"0,0"
"26/08/2025";"0800";"";"";"";"72,0";"74,0";"70,0";"";"";"";"1018,2";"1018,2";"1017,9";"0,8";"315,0";"3,9";"";"0,0"
"26/08/2025";"0900";"";"";"";"71,0";"74,0";"70,0";"";"";"";"1018,7";"1018,7";"1018,2";"0,8";"279,0";"3,6";"6,50";"0,0"
"26/08/2025";"1000";"";"";"";"67,0";"72,0";"65,0";"";"";"";"1019,2";"1019,2";"1018,7";"0,9";"243,0";"2,6";"406,00";"0,0"
"26/08/2025";"1100";"";"";"";"67,0";"67,0";"63,0";"";"";"";"1020,0";"1020,0";"1019,2";"0,8";"314,0";"3,8";"958,50";"0,0"
"26/08/2025";"1200";"";"";"";"62,0";"72,0";"62,0";"";"";"";"1020,5";"1020,5";"1020,0";"2,3";"193,0";"5,1";"1661,40";"0,0"
"26/08/2025";"1300";"";"";"";"58,0";"65,0";"56,0";"";"";"";"1020,7";"1020,8";"1020,5";"1,3";"183,0";"5,4";"2372,50";"0,0"
"26/08/2025";"1400";"";"";"";"62,0";"64,0";"55,0";"";"";"";"1020,2";"1020,7";"1020,2";"2,1";"190,0";"5,7";"1919,40";"0,0"
"26/08/2025";"1500";"";"";"";"62,0";"65,0";"58,0";"";"";"";"1019,7";"1020,2";"1019,7";"1,1";"300,0";"6,2";"2345,60";"0,0"
"26/08/2025";"1600";"";"";"";"61,0";"66,0";"59,0";"";"";"";"1019,0";"1019,7";"1019,0";"1,9";"209,0";"6,4";"2591,90";"0,0"
"26/08/2025";"1700";"";"";"";"65,0";"65,0";"58,0";"";"";"";"1018,3";"1019,0";"1018,3";"1,9";"181,0";"6,6";"1935,80";"0,0"
"26/08/2025";"1800";"";"";"";"84,0";"86,0";"65,0";"";"";"";"1018,3";"1018,5";"1018,2";"3,1";"212,0";"6,0";"559,10";"4,4"
"26/08/2025";"1900";"";"";"";"74,0";"84,0";"72,0";"";"";"";"1018,1";"1018,4";"1018,1";"2,2";"204,0";"5,7";"971,50";"0,0"
"26/08/2025";"2000";"";"";"";"71,0";"74,0";"70,0";"";"";"";"1018,3";"1018,3";"1018,1";"1,9";"193,0";"5,2";"318,50";"0,0"
"26/08/2025";"2100";"";"";"";"73,0";"74,0";"71,0";"";"";"";"1018,4";"1018,4";"1018,2";"1,6";"201,0";"4,2";"23,00";"0,0"
"26/08/2025";"2200";"";"";"";"81,0";"81,0";"73,0";"";"";"";"1018,7";"1018,7";"1018,4";"3,1";"191,0";"6,9";"";"0,0"
"26/08/2025";"2300";"";"";"";"77,0";"81,0";"77,0";"";"";"";"1019,3";"1019,3";"1018,7";"2,6";"213,0";"6,9";"";"0,0"
"27/08/2025";"0000";"";"";"";"84,0";"84,0";"77,0";"";"";"";"1019,8";"1019,8";"1019,3";"1,9";"207,0";"5,7";"";"0,2"
"27/08/2025";"0100";"";"";"";"92,0";"92,0";"85,0";"";"";"";"1020,0";"1020,1";"1019,8";"1,6";"88,0";"5,2";"";"12,2"
"27/08/2025";"0200";"";"";"";"86,0";"92,0";"82,0";"";"";"";"1019,9";"1020,1";"1019,8";"2,3";"89,0";"7,2";"1,80";"0,0"
"27/08/2025";"0300";"";"";"";"89,0";"89,0";"85,0";"";"";"";"1019,6";"1019,9";"1019,6";"0,8";"4,0";"4,4";"";"0,0"
"27/08/2025";"0400";"";"";"";"89,0";"90,0";"89,0";"";"";"";"1019,0";"1019,6";"1019,0";"0,9";"336,0";"1,5";"";"0,0"
"27/08/2025";"0500";"";"";"";"89,0";"89,0";"88,0";"";"";"";"1018,4";"1019,0";"1018,4";"0,9";"265,0";"1,6";"";"0,0"
"27/08/2025";"0600";"";"";"";"90,0";"90,0";"89,0";"";"";"";"1018,1";"1018,4";"1018,1";"0,8";"273,0";"2,5";"";"1,0"
"27/08/2025";"0700";"";"";"";"91,0";"91,0";"90,0";"";"";"";"1017,9";"1018,2";"1017,9";"0,9";"273,0";"3,0";"";"0,2"
"27/08/2025";"0800";"";"";"";"92,0";"92,0";"91,0";"";"";"";"1018,1";"1018,1";"1017,8";"1,3";"246,0";"2,2";"";"0,2"
"27/08/2025";"0900";"";"";"";"92,0";"92,0";"92,0";"";"";"";"1018,5";"1018,6";"1018,1";"1,0";"247,0";"3,3";"10,50";"0,8"
"27/08/2025";"1000";"";"";"";"74,0";"92,0";"73,0";"";"";"";"1019,1";"1019,1";"1018,5";"1,2";"306,0";"2,7";"332,60";"0,0"
"27/08/2025";"1100";"";"";"";"72,0";"76,0";"68,0";"";"";"";"1019,8";"1019,8";"1019,1";"1,5";"212,0";"3,8";"607,10";"0,0"
"27/08/2025";"1200";"";"";"";"66,0";"75,0";"65,0";"";"";"";"1020,2";"1020,2";"1019,8";"1,6";"77,0";"3,8";"1022,20";"0,0"
"27/08/2025";"1300";"";"";"";"70,0";"70,0";"63,0";"";"";"";"1020,3";"1020,4";"1020,2";"1,4";"91,0";"4,1";"1433,90";"0,0"
"27/08/2025";"1400";"";"";"";"68,0";"71,0";"64,0";"";"";"";"1019,9";"1020,3";"1019,9";"2,7";"79,0";"5,5";"2180,00";"0,0"
"27/08/2025";"1500";"";"";"";"61,0";"71,0";"59,0";"";"";"";"1019,2";"1019,9";"1019,2";"1,5";"63,0";"5,1";"2484,60";"0,0"
"27/08/2025";"1600";"";"";"";"62,0";"67,0";"57,0";"";"";"";"1018,7";"1019,2";"1018,7";"2,2";"85,0";"5,6";"2366,00";"0,0"
"27/08/2025";"1700";"";"";"";"56,0";"64,0";"55,0";"";"";"";"1018,0";"1018,7";"1018,0";"1,4";"67,0";"6,6";"2570,70";"0,0"
"27/08/2025";"1800";"";"";"";"55,0";"62,0";"55,0";"";"";"";"1017,7";"1018,0";"1017,7";"0,9";"356,0";"4,7";"2073,80";"0,0"
"27/08/2025";"1900";"";"";"";"62,0";"65,0";"55,0";"";"";"";"1017,7";"1017,7";"1017,5";"1,7";"83,0";"4,7";"1275,80";"0,0"
"27/08/2025";"2000";"";"";"";"68,0";"68,0";"60,0";"";"";"";"1017,8";"1017,8";"1017,6";"1,3";"219,0";"3,8";"335,90";"0,0"
"27/08/2025";"2100";"";"";"";"71,0";"71,0";"68,0";"";"";"";"1018,1";"1018,1";"1017,7";"1,5";"200,0";"4,0";"35,30";"0,0"
"27/08/2025";"2200";"";"";"";"75,0";"75,0";"69,0";"";"";"";"1018,6";"1018,6";"1018,1";"1,7";"201,0";"4,9";"";"0,0"
"27/08/2025";"2300";"";"";"";"71,0";"76,0";"70,0";"";"";"";"1019,1";"1019,1";"1018,6";"1,0";"219,0";"4,7";"";"0,0"
"28/08/2025";"0000";"";"";"";"79,0";"81,0";"71,0";"";"";"";"1019,6";"1019,6";"1019,1";"1,6";"215,0";"5,5";"";"0,2"
"28/08/2025";"0100";"";"";"";"74,0";"79,0";"73,0";"";"";"";"1019,8";"1019,8";"1019,6";"1,3";"221,0";"4,6";"";"0,0"
"28/08/2025";"0200";"";"";"";"73,0";"74,0";"71,0";"";"";"";"1019,8";"1019,9";"1019,8";"1,4";"203,0";"3,6";"";"0,0"
"28/08/2025";"0300";"";"";"";"72,0";"76,0";"72,0";"";"";"";"1019,3";"1019,8";"1019,3";"1,1";"198,0";"3,9";"";"0,0"
"28/08/2025";"0400";"";"";"";"74,0";"75,0";"72,0";"";"";"";"1018,7";"1019,3";"1018,7";"1,2";"206,0";"3,4";"";"0,0"
"28/08/2025";"0500";"";"";"";"75,0";"75,0";"74,0";"";"";"";"1018,4";"1018,7";"1018,4";"1,3";"200,0";"3,2";"";"0,0"
"28/08/2025";"0600";"";"";"";"72,0";"76,0";"71,0";"";"";"";"1018,2";"1018,4";"1018,2";"1,2";"196,0";"3,8";"";"0,0"
"28/08/2025";"0700";"";"";"";"83,0";"84,0";"72,0";"";"";"";"1018,2";"1018,3";"1018,1";"0,9";"211,0";"6,0";"";"0,0"
"28/08/2025";"0800";"";"";"";"74,0";"83,0";"71,0";"";"";"";"1018,5";"1018,5";"1018,2";"0,7";"22,0";"3,3";"";"0,0"
"28/08/2025";"0900";"";"";"";"82,0";"84,0";"74,0";"";"";"";"1019,0";"1019,0";"1018,5";"1,2";"214,0";"4,8";"8,20";"1,2"
"28/08/2025";"1000";"";"";"";"71,0";"82,0";"71,0";"";"";"";"1019,7";"1019,7";"1019,0";"1,3";"205,0";"4,3";"198,00";"0,0"
"28/08/2025";"1100";"";"";"";"64,0";"71,0";"63,0";"";"";"";"1020,3";"1020,3";"1019,7";"1,9";"190,0";"5,6";"1211,30";"0,0"
"28/08/2025";"1200";"";"";"";"61,0";"66,0";"60,0";"";"";"";"1020,8";"1020,8";"1020,3";"2,0";"189,0";"5,6";"1601,90";"0,0"
"28/08/2025";"1300";"";"";"";"58,0";"63,0";"58,0";"";"";"";"1020,8";"1021,0";"1020,8";"2,0";"200,0";"6,5";"2247,80";"0,0"
"28/08/2025";"1400";"";"";"";"62,0";"65,0";"58,0";"";"";"";"1020,1";"1020,8";"1020,1";"2,1";"179,0";"7,0";"2270,00";"0,0"
"28/08/2025";"1500";"";"";"";"62,0";"64,0";"58,0";"";"";"";"1019,2";"1020,1";"1019,2";"2,1";"186,0";"6,6";"2368,50";"0,0"
"28/08/2025";"1600";"";"";"";"58,0";"62,0";"54,0";"";"";"";"1018,3";"1019,2";"1018,3";"1,8";"157,0";"6,5";"2475,00";"0,0"
"28/08/2025";"1700";"";"";"";"58,0";"60,0";"53,0";"";"";"";"1017,4";"1018,3";"1017,4";"2,7";"182,0";"6,4";"2316,20";"0,0"
"28/08/2025";"1800";"";"";"";"59,0";"61,0";"55,0";"";"";"";"1017,0";"1017,4";"1017,0";"2,1";"188,0";"8,0";"1752,80";"0,0"
"28/08/2025";"1900";"";"";"";"63,0";"66,0";"55,0";"";"";"";"1017,1";"1017,1";"1016,9";"3,0";"189,0";"7,7";"1242,10";"0,0"
"28/08/2025";"2000";"";"";"";"67,0";"68,0";"63,0";"";"";"";"1017,3";"1017,3";"1017,1";"2,4";"195,0";"6,8";"422,40";"0,0"
"28/08/2025";"2100";"";"";"";"68,0";"68,0";"66,0";"";"";"";"1017,5";"1017,6";"1017,2";"2,0";"202,0";"6,0";"34,70";"0,0"
"28/08/2025";"2200";"";"";"";"79,0";"79,0";"68,0";"";"";"";"1017,8";"1017,8";"1017,4";"0,9";"5,0";"6,0";"";"0,0"
"28/08/2025";"2300";"";"";"";"81,0";"82,0";"79,0";"";"";"";"1018,2";"1018,3";"1017,8";"1,2";"256,0";"5,8";"";"1,2"
"29/08/2025";"0000";"";"";"";"72,0";"83,0";"71,0";"";"";"";"1018,1";"1018,2";"1018,1";"2,1";"193,0";"4,6";"0,20";"0,0"
"29/08/2025";"0100";"";"";"";"71,0";"72,0";"69,0";"";"";"";"1018,2";"1018,2";"1018,0";"1,3";"212,0";"5,5";"";"0,0"
"29/08/2025";"0200";"";"";"";"79,0";"79,0";"71,0";"";"";"";"1018,1";"1018,3";"1018,1";"2,2";"204,0";"6,0";"";"0,2"
"29/08/2025";"0300";"";"";"";"70,0";"79,0";"69,0";"";"";"";"1017,6";"1018,2";"1017,6";"1,6";"211,0";"6,0";"";"0,0"
"29/08/2025";"0400";"";"";"";"80,0";"80,0";"66,0";"";"";"";"1016,9";"1017,6";"1016,9";"1,3";"217,0";"9,9";"";"1,4"
"29/08/2025";"0500";"";"";"";"80,0";"80,0";"73,0";"";"";"";"1016,3";"1016,9";"1016,3";"1,2";"257,0";"6,7";"";"0,2"
"29/08/2025";"0600";"";"";"";"67,0";"80,0";"67,0";"";"";"";"1015,9";"1016,3";"1015,9";"1,8";"214,0";"6,0";"";"0,0"
"29/08/2025";"0700";"";"";"";"66,0";"69,0";"63,0";"";"";"";"1016,1";"1016,1";"1015,9";"1,8";"200,0";"6,3";"";"0,0"
"29/08/2025";"0800";"";"";"";"63,0";"66,0";"62,0";"";"";"";"1016,5";"1016,5";"1016,1";"1,9";"215,0";"7,0";"";"0,0"
"29/08/2025";"0900";"";"";"";"66,0";"67,0";"61,0";"";"";"";"1016,9";"1016,9";"1016,5";"1,8";"209,0";"5,1";"11,20";"0,0"
"29/08/2025";"1000";"";"";"";"60,0";"66,0";"59,0";"";"";"";"1017,4";"1017,5";"1016,9";"1,4";"217,0";"5,0";"448,90";"0,0"
"29/08/2025";"1100";"";"";"";"59,0";"62,0";"57,0";"";"";"";"1017,8";"1017,9";"1017,4";"1,8";"199,0";"5,1";"1057,40";"0,0"
"29/08/2025";"1200";"";"";"";"52,0";"59,0";"50,0";"";"";"";"1018,3";"1018,3";"1017,8";"1,4";"211,0";"5,8";"1895,00";"0,0"
"29/08/2025";"1300";"";"";"";"51,0";"57,0";"49,0";"";"";"";"1018,1";"1018,5";"1018,1";"2,4";"190,0";"5,5";"2334,10";"0,0"
"29/08/2025";"1400";"";"";"";"51,0";"54,0";"49,0";"";"";"";"1017,5";"1018,1";"1017,5";"2,4";"185,0";"6,3";"2656,80";"0,0"
"29/08/2025";"1500";"";"";"";"55,0";"55,0";"49,0";"";"";"";"1016,7";"1017,5";"1016,7";"2,3";"170,0";"6,4";"2744,30";"0,0"
"29/08/2025";"1600";"";"";"";"53,0";"57,0";"50,0";"";"";"";"1015,8";"1016,7";"1015,8";"1,9";"184,0";"6,2";"2608,80";"0,0"
"29/08/2025";"1700";"";"";"";"56,0";"57,0";"50,0";"";"";"";"1015,2";"1015,9";"1015,2";"2,0";"135,0";"6,9";"2461,60";"0,0"
"29/08/2025";"1800";"";"";"";"53,0";"57,0";"50,0";"";"";"";"1015,0";"1015,3";"1015,0";"1,8";"209,0";"6,6";"2036,90";"0,0"
"29/08/2025";"1900";"";"";"";"50,0";"54,0";"48,0";"";"";"";"1015,1";"1015,1";"1015,0";"1,9";"197,0";"5,8";"1316,20";"0,0"
"29/08/2025";"2000";"";"";"";"58,0";"58,0";"49,0";"";"";"";"1015,3";"1015,4";"1015,1";"2,1";"188,0";"5,5";"378,80";"0,0"
"29/08/2025";"2100";"";"";"";"62,0";"63,0";"58,0";"";"";"";"1015,7";"1015,7";"1015,3";"1,4";"200,0";"5,8";"38,30";"0,0"
"29/08/2025";"2200";"";"";"";"66,0";"66,0";"62,0";"";"";"";"1016,2";"1016,2";"1015,7";"1,4";"200,0";"5,5";"";"0,0"
"29/08/2025";"2300";"";"";"";"66,0";"68,0";"66,0";"";"";"";"1016,8";"1016,8";"1016,2";"1,6";"203,0";"4,4";"";"0,0"
"30/08/2025";"0000";"";"";"";"65,0";"67,0";"64,0";"";"";"";"1017,3";"1017,3";"1016,8";"1,7";"205,0";"4,4";"";"0,0"
"30/08/2025";"0100";"";"";"";"68,0";"68,0";"66,0";"";"";"";"1017,7";"1017,7";"1017,3";"1,0";"204,0";"4,6";"";"0,0"
"30/08/2025";"0200";"";"";"";"70,0";"70,0";"68,0";"";"";"";"1017,7";"1017,9";"1017,6";"1,2";"208,0";"2,7";"";"0,0"
"30/08/2025";"0300";"";"";"";"78,0";"78,0";"69,0";"";"";"";"1017,5";"1017,7";"1017,5";"1,4";"184,0";"6,2";"";"2,4"
"30/08/2025";"0400";"";"";"";"88,0";"89,0";"78,0";"";"";"";"1016,8";"1017,6";"1016,8";"1,7";"225,0";"4,1";"";"5,0"
"30/08/2025";"0500";"";"";"";"90,0";"90,0";"87,0";"";"";"";"1016,4";"1016,8";"1016,4";"1,9";"237,0";"3,5";"";"0,0"
"30/08/2025";"0600";"";"";"";"90,0";"90,0";"90,0";"";"";"";"1016,0";"1016,4";"1016,0";"1,1";"243,0";"2,9";"";"0,0"
"30/08/2025";"0700";"";"";"";"90,0";"90,0";"90,0";"";"";"";"1016,0";"1016,1";"1015,9";"1,6";"233,0";"2,9";"";"0,0"
"30/08/2025";"0800";"";"";"";"90,0";"90,0";"90,0";"";"";"";"1016,3";"1016,3";"1016,0";"1,5";"250,0";"2,9";"";"0,0"
"30/08/2025";"0900";"";"";"";"90,0";"90,0";"90,0";"";"";"";"1016,9";"1016,9";"1016,3";"1,7";"251,0";"3,0";"7,60";"0,0"
"30/08/2025";"1000";"";"";"";"88,0";"90,0";"88,0";"";"";"";"1017,3";"1017,3";"1016,9";"1,7";"238,0";"2,9";"296,80";"0,0"
"30/08/2025";"1100";"";"";"";"78,0";"88,0";"77,0";"";"";"";"1017,8";"1017,8";"1017,3";"1,2";"259,0";"2,7";"1237,90";"0,0"
"30/08/2025";"1200";"";"";"";"61,0";"79,0";"59,0";"";"";"";"1018,2";"1018,2";"1017,8";"1,9";"195,0";"4,4";"1937,50";"0,0"
"30/08/2025";"1300";"";"";"";"63,0";"65,0";"57,0";"";"";"";"1018,1";"1018,3";"1018,1";"3,0";"202,0";"6,0";"2221,50";"0,0"
"30/08/2025";"1400";"";"";"";"58,0";"63,0";"57,0";"";"";"";"1017,7";"1018,2";"1017,6";"2,0";"183,0";"7,0";"2754,70";"0,0"
"30/08/2025";"1500";"";"";"";"59,0";"62,0";"57,0";"";"";"";"1016,8";"1017,7";"1016,8";"2,7";"188,0";"7,6";"2678,60";"0,0"
"30/08/2025";"1600";"";"";"";"57,0";"62,0";"55,0";"";"";"";"1015,9";"1016,8";"1015,9";"3,5";"206,0";"7,2";"2720,20";"0,0"
"30/08/2025";"1700";"";"";"";"59,0";"61,0";"55,0";"";"";"";"1015,3";"1015,9";"1015,2";"3,3";"191,0";"7,9";"2482,60";"0,0"
"30/08/2025";"1800";"";"";"";"61,0";"62,0";"57,0";"";"";"";"1015,0";"1015,3";"1014,9";"2,7";"180,0";"7,9";"1757,30";"0,0"
"30/08/2025";"1900";"";"";"";"65,0";"65,0";"58,0";"";"";"";"1015,5";"1015,5";"1015,0";"2,5";"194,0";"8,2";"1103,30";"0,0"
"30/08/2025";"2000";"";"";"";"69,0";"69,0";"61,0";"";"";"";"1015,9";"1015,9";"1015,5";"2,5";"189,0";"7,6";"439,60";"0,0"
"30/08/2025";"2100";"";"";"";"70,0";"70,0";"67,0";"";"";"";"1016,5";"1016,5";"1015,9";"2,0";"195,0";"6,4";"36,20";"0,0"
"30/08/2025";"2200";"";"";"";"72,0";"72,0";"69,0";"";"";"";"1016,9";"1016,9";"1016,5";"2,1";"192,0";"5,3";"";"0,0"
"30/08/2025";"2300";"";"";"";"71,0";"73,0";"70,0";"";"";"";"1017,4";"1017,4";"1016,9";"2,0";"198,0";"6,2";"";"0,0"
"31/08/2025";"0000";"";"";"";"70,0";"71,0";"70,0";"";"";"";"1018,0";"1018,0";"1017,4";"2,1";"190,0";"5,8";"";"0,0"
"31/08/2025";"0100";"";"";"";"72,0";"72,0";"70,0";"";"";"";"1018,1";"1018,2";"1018,0";"1,8";"195,0";"5,6";"";"0,0"
"31/08/2025";"0200";"";"";"";"72,0";"73,0";"71,0";"";"";"";"1018,1";"1018,3";"1018,1";"2,1";"200,0";"5,0";"";"0,0"
"31/08/2025";"0300";"";"";"";"82,0";"82,0";"71,0";"";"";"";"1017,7";"1018,2";"1017,7";"1,1";"353,0";"6,2";"";"0,0"
"31/08/2025";"0400";"";"";"";"85,0";"85,0";"76,0";"";"";"";"1017,2";"1017,7";"1017,2";"1,6";"199,0";"4,5";"";"0,4"
"31/08/2025";"0500";"";"";"";"88,0";"88,0";"85,0";"";"";"";"1016,8";"1017,2";"1016,6";"0,7";"201,0";"3,5";"";"0,4"
"31/08/2025";"0600";"";"";"";"91,0";"91,0";"88,0";"";"";"";"1016,9";"1016,9";"1016,7";"1,8";"198,0";"6,0";"";"4,0"
"31/08/2025";"0700";"";"";"";"90,0";"91,0";"90,0";"";"";"";"1016,7";"1016,8";"1016,7";"1,6";"228,0";"5,6";"";"0,4"
"31/08/2025";"0800";"";"";"";"91,0";"92,0";"90,0";"";"";"";"1017,2";"1017,2";"1016,7";"1,2";"33,0";"3,1";"";"1,8"
"31/08/2025";"0900";"";"";"";"91,0";"92,0";"91,0";"";"";"";"1017,6";"1017,6";"1017,1";"1,4";"213,0";"3,4";"1,30";"3,2"
"31/08/2025";"1000";"";"";"";"92,0";"92,0";"91,0";"";"";"";"1018,3";"1018,4";"1017,6";"1,3";"112,0";"3,6";"41,70";"13,2"
"31/08/2025";"1100";"";"";"";"89,0";"92,0";"89,0";"";"";"";"1019,2";"1019,2";"1018,3";"2,4";"134,0";"7,2";"335,50";"2,8"
"31/08/2025";"1200";"";"";"";"87,0";"91,0";"87,0";"";"";"";"1019,8";"1019,8";"1019,2";"2,6";"199,0";"7,3";"532,10";"3,0"
"31/08/2025";"1300";"";"";"";"90,0";"91,0";"87,0";"";"";"";"1019,5";"1019,9";"1019,5";"1,0";"244,0";"5,8";"894,70";"1,8"
"31/08/2025";"1400";"";"";"";"65,0";"90,0";"63,0";"";"";"";"1019,1";"1019,5";"1019,1";"2,1";"81,0";"4,8";"1484,80";"0,0"
"31/08/2025";"1500";"";"";"";"85,0";"85,0";"65,0";"";"";"";"1018,6";"1019,1";"1018,6";"2,9";"85,0";"8,8";"917,20";"0,6"
"31/08/2025";"1600";"";"";"";"88,0";"90,0";"81,0";"";"";"";"1018,3";"1018,7";"1018,3";"1,7";"54,0";"6,4";"716,10";"4,0"
"31/08/2025";"1700";"";"";"";"70,0";"89,0";"70,0";"";"";"";"1017,5";"1018,3";"1017,5";"1,8";"91,0";"4,5";"1096,50";"0,0"
"31/08/2025";"1800";"";"";"";"87,0";"89,0";"70,0";"";"";"";"1017,4";"1017,6";"1017,4";"1,4";"228,0";"5,6";"516,70";"4,0"
"31/08/2025";"1900";"";"";"";"86,0";"89,0";"86,0";"";"";"";"1017,6";"1017,6";"1017,4";"1,2";"232,0";"2,8";"526,70";"0,0"
"31/08/2025";"2000";"";"";"";"78,0";"86,0";"78,0";"";"";"";"1017,8";"1017,8";"1017,6";"0,9";"244,0";"2,7";"347,10";"0,0"
"31/08/2025";"2100";"";"";"";"77,0";"78,0";"74,0";"";"";"";"1018,1";"1018,1";"1017,8";"0,9";"267,0";"2,9";"36,60";"0,0"
"31/08/2025";"2200";"";"";"";"76,0";"77,0";"74,0";"";"";"";"1018,4";"1018,4";"1018,1";"1,0";"286,0";"2,6";"";"0,0"
"31/08/2025";"2300";"";"";"";"74,0";"76,0";"73,0";"";"";"";"1018,9";"1018,9";"1018,4";"1,1";"291,0";"2,7";"";"0,0"
"01/09/2025";"0000";"";"";"";"76,0";"76,0";"74,0";"";"";"";"1019,4";"1019,4";"1018,9";"0,9";"311,0";"2,9";"";"0,0"
"01/09/2025";"0100";"";"";"";"74,0";"76,0";"74,0";"";"";"";"1019,4";"1019,5";"1019,3";"0,9";"279,0";"3,0";"";"0,0"
"01/09/2025";"0200";"";"";"";"74,0";"75,0";"73,0";"";"";"";"1019,3";"1019,5";"1019,3";"0,8";"249,0";"4,4";"";"0,0"
"01/09/2025";"0300";"";"";"";"75,0";"76,0";"73,0";"";"";"";"1018,8";"1019,3";"1018,8";"0,9";"304,0";"2,3";"";"0,0"
"01/09/2025";"0400";"";"";"";"74,0";"75,0";"72,0";"";"";"";"1018,1";"1018,8";"1018,0";"0,8";"305,0";"4,5";"";"0,0"
"01/09/2025";"0500";"";"";"";"75,0";"76,0";"74,0";"";"";"";"1018,0";"1018,2";"1018,0";"0,7";"232,0";"2,2";"";"0,0"
"01/09/2025";"0600";"";"";"";"84,0";"84,0";"71,0";"";"";"";"1017,7";"1018,0";"1017,7";"0,5";"252,0";"5,8";"";"1,0"
"01/09/2025";"0700";"";"";"";"79,0";"84,0";"79,0";"";"";"";"1017,5";"1017,7";"1017,4";"0,7";"300,0";"2,3";"";"0,2"
"01/09/2025";"0800";"";"";"";"78,0";"80,0";"78,0";"";"";"";"1017,7";"1017,7";"1017,5";"1,0";"327,0";"2,8";"";"0,0"
"01/09/2025";"0900";"";"";"";"77,0";"79,0";"75,0";"";"";"";"1018,1";"1018,1";"1017,7";"1,0";"288,0";"2,5";"16,40";"0,0"
"01/09/2025";"1000";"";"";"";"72,0";"78,0";"72,0";"";"";"";"1018,8";"1018,8";"1018,1";"0,9";"244,0";"2,9";"386,30";"0,0"
"01/09/2025";"1100";"";"";"";"69,0";"80,0";"68,0";"";"";"";"1019,4";"1019,4";"1018,8";"1,2";"231,0";"6,2";"940,70";"0,2"
"01/09/2025";"1200";"";"";"";"66,0";"70,0";"64,0";"";"";"";"1020,1";"1020,1";"1019,4";"1,6";"197,0";"4,1";"1878,20";"0,0"
"01/09/2025";"1300";"";"";"";"64,0";"68,0";"62,0";"";"";"";"1020,1";"1020,2";"1020,0";"1,4";"172,0";"4,7";"2339,90";"0,0"
"01/09/2025";"1400";"";"";"";"65,0";"67,0";"59,0";"";"";"";"1019,6";"1020,1";"1019,6";"2,3";"184,0";"5,6";"2603,50";"0,0"
"01/09/2025";"1500";"";"";"";"79,0";"85,0";"63,0";"";"";"";"1019,2";"1019,8";"1019,2";"2,1";"187,0";"7,6";"1121,60";"1,2"
"01/09/2025";"1600";"";"";"";"69,0";"80,0";"65,0";"";"";"";"1018,3";"1019,2";"1018,3";"2,6";"184,0";"6,9";"2624,00";"1,0"
"01/09/2025";"1700";"";"";"";"66,0";"70,0";"59,0";"";"";"";"1017,6";"1018,3";"1017,6";"2,5";"183,0";"6,9";"1898,80";"0,2"
"01/09/2025";"1800";"";"";"";"63,0";"72,0";"63,0";"";"";"";"1017,5";"1017,7";"1017,5";"1,7";"185,0";"7,7";"1393,30";"0,0"
"01/09/2025";"1900";"";"";"";"82,0";"84,0";"60,0";"";"";"";"1017,9";"1017,9";"1017,5";"2,1";"197,0";"7,1";"687,50";"0,2"
"01/09/2025";"2000";"";"";"";"85,0";"89,0";"82,0";"";"";"";"1018,2";"1018,2";"1017,9";"2,0";"209,0";"7,1";"160,70";"0,6"
"01/09/2025";"2100";"";"";"";"90,0";"90,0";"85,0";"";"";"";"1018,5";"1018,6";"1018,2";"1,0";"236,0";"7,0";"8,30";"1,0"
"01/09/2025";"2200";"";"";"";"88,0";"90,0";"87,0";"";"";"";"1019,0";"1019,0";"1018,5";"2,3";"202,0";"9,2";"0,60";"1,8"
"01/09/2025";"2300";"";"";"";"86,0";"88,0";"86,0";"";"";"";"1019,0";"1019,0";"1018,8";"1,3";"216,0";"7,1";"";"1,4"
"02/09/2025";"0000";"";"";"";"72,0";"86,0";"72,0";"";"";"";"1019,3";"1019,4";"1019,0";"2,1";"208,0";"8,2";"0,80";"1,2"
"02/09/2025";"0100";"";"";"";"69,0";"76,0";"69,0";"";"";"";"1019,5";"1019,5";"1019,3";"1,5";"207,0";"5,4";"";"1,0"
"02/09/2025";"0200";"";"";"";"72,0";"72,0";"67,0";"";"";"";"1019,2";"1019,5";"1019,2";"1,5";"214,0";"5,4";"";"1,0"
"02/09/2025";"0300";"";"";"";"72,0";"73,0";"70,0";"";"";"";"1018,8";"1019,2";"1018,8";"1,4";"238,0";"4,4";"";"1,0"
"02/09/2025";"0400";"";"";"";"72,0";"72,0";"67,0";"";"";"";"1018,4";"1018,8";"1018,3";"1,5";"220,0";"4,8";"";"0,6"
"02/09/2025";"0500";"";"";"";"74,0";"79,0";"72,0";"";"";"";"1017,9";"1018,4";"1017,9";"1,6";"212,0";"5,6";"";"0,6"
"02/09/2025";"0600";"";"";"";"74,0";"79,0";"72,0";"";"";"";"1017,7";"1017,9";"1017,7";"1,4";"253,0";"4,6";"";"0,2"
"02/09/2025";"0700";"";"";"";"76,0";"76,0";"69,0";"";"";"";"1017,8";"1017,9";"1017,7";"1,5";"212,0";"5,1";"";"0,2"
"02/09/2025";"0800";"";"";"";"74,0";"79,0";"73,0";"";"";"";"1018,1";"1018,1";"1017,8";"1,6";"223,0";"6,8";"";"0,2"
"02/09/2025";"0900";"";"";"";"82,0";"83,0";"72,0";"";"";"";"1018,7";"1018,7";"1018,1";"1,3";"24,0";"7,1";"6,00";"0,2"
"02/09/2025";"1000";"";"";"";"66,0";"82,0";"66,0";"";"";"";"1019,1";"1019,1";"1018,7";"1,6";"243,0";"3,8";"353,00";"0,4"
"02/09/2025";"1100";"";"";"";"62,0";"67,0";"62,0";"";"";"";"1019,8";"1019,8";"1019,1";"1,6";"317,0";"4,7";"1125,90";"0,2"
"02/09/2025";"1200";"";"";"";"71,0";"71,0";"61,0";"";"";"";"1020,5";"1020,5";"1019,8";"1,8";"213,0";"6,4";"1251,60";"0,2"
"02/09/2025";"1300";"";"";"";"78,0";"80,0";"67,0";"";"";"";"1020,5";"1020,8";"1020,5";"2,7";"87,0";"8,5";"1184,50";"0,2"
"02/09/2025";"1400";"";"";"";"69,0";"80,0";"68,0";"";"";"";"1020,1";"1020,7";"1020,1";"1,1";"323,0";"7,8";"1330,30";"0,2"
"02/09/2025";"1500";"";"";"";"58,0";"71,0";"55,0";"";"";"";"1019,4";"1020,1";"1019,4";"1,6";"251,0";"4,7";"2322,30";"0,2"
"02/09/2025";"1600";"";"";"";"59,0";"61,0";"55,0";"";"";"";"1018,7";"1019,4";"1018,7";"1,3";"348,0";"4,7";"2268,90";"0,0"
"02/09/2025";"1700";"";"";"";"58,0";"62,0";"51,0";"";"";"";"1018,0";"1018,7";"1018,0";"1,9";"220,0";"5,6";"2280,90";"0,0"
"02/09/2025";"1800";"";"";"";"59,0";"61,0";"54,0";"";"";"";"1017,8";"1018,0";"1017,8";"1,6";"316,0";"5,4";"1874,00";"0,0"
"02/09/2025";"1900";"";"";"";"60,0";"64,0";"58,0";"";"";"";"1018,1";"1018,1";"1017,8";"1,4";"252,0";"5,2";"895,70";"0,0"
"02/09/2025";"2000";"";"";"";"62,0";"64,0";"59,0";"";"";"";"1018,1";"1018,1";"1018,0";"1,3";"294,0";"5,1";"454,50";"0,0"
"02/09/2025";"2100";"";"";"";"64,0";"64,0";"62,0";"";"";"";"1018,3";"1018,3";"1018,1";"1,4";"260,0";"4,5";"29,30";"0,0"
"02/09/2025";"2200";"";"";"";"64,0";"65,0";"63,0";"";"";"";"1018,8";"1018,8";"1018,3";"1,6";"285,0";"3,7";"";"0,0"
"02/09/2025";"2300";"";"";"";"66,0";"66,0";"61,0";"";"";"";"1019,1";"1019,1";"1018,8";"1,4";"287,0";"4,7";"";"0,0"
"03/09/2025";"0000";"";"";"";"69,0";"69,0";"65,0";"";"";"";"1019,3";"1019,3";"1019,1";"1,3";"48,0";"5,1";"";"0,0"
"03/09/2025";"0100";"";"";"";"70,0";"72,0";"68,0";"";"";"";"1019,3";"1019,3";"1019,2";"1,2";"318,0";"5,1";"";"0,0"
"03/09/2025";"0200";"";"";"";"73,0";"73,0";"69,0";"";"";"";"1019,1";"1019,3";"1019,1";"1,2";"322,0";"5,1";"";"0,0"
"03/09/2025";"0300";"";"";"";"71,0";"74,0";"71,0";"";"";"";"1018,5";"1019,1";"1018,5";"1,5";"312,0";"4,9";"";"0,0"
"03/09/2025";"0400";"";"";"";"71,0";"71,0";"68,0";"";"";"";"1017,7";"1018,5";"1017,6";"1,6";"19,0";"5,9";"";"0,0"
"03/09/2025";"0500";"";"";"";"82,0";"82,0";"71,0";"";"";"";"1017,1";"1017,7";"1017,1";"1,2";"281,0";"6,1";"";"0,0"
"03/09/2025";"0600";"";"";"";"81,0";"82,0";"77,0";"";"";"";"1016,9";"1017,2";"1016,9";"0,9";"288,0";"6,1";"";"0,2"
"03/09/2025";"0700";"";"";"";"76,0";"81,0";"76,0";"";"";"";"1016,9";"1017,0";"1016,7";"1,5";"71,0";"6,5";"";"0,2"
"03/09/2025";"0800";"";"";"";"77,0";"78,0";"74,0";"";"";"";"1017,0";"1017,0";"1016,8";"1,7";"79,0";"6,5";"";"0,0"
"03/09/2025";"0900";"";"";"";"68,0";"77,0";"67,0";"";"";"";"1017,6";"1017,6";"1017,0";"1,4";"324,0";"4,8";"21,10";"0,0"
"03/09/2025";"1000";"";"";"";"65,0";"68,0";"63,0";"";"";"";"1018,2";"1018,3";"1017,6";"1,5";"331,0";"5,1";"459,90";"0,2"
"03/09/2025";"1100";"";"";"";"61,0";"68,0";"60,0";"";"";"";"1018,9";"1018,9";"1018,2";"1,4";"338,0";"5,1";"981,80";"0,0"
"03/09/2025";"1200";"";"";"";"59,0";"63,0";"58,0";"";"";"";"1019,7";"1019,7";"1018,9";"1,2";"300,0";"5,3";"1787,80";"0,2"
"03/09/2025";"1300";"";"";"";"55,0";"61,0";"54,0";"";"";"";"1019,8";"1019,9";"1019,7";"1,7";"59,0";"5,7";"2132,50";"0,0"
"03/09/2025";"1400";"";"";"";"61,0";"61,0";"54,0";"";"";"";"1019,3";"1019,8";"1019,3";"1,9";"72,0";"5,7";"2344,60";"0,0"
"03/09/2025";"1500";"";"";"";"54,0";"63,0";"51,0";"";"";"";"1018,8";"1019,4";"1018,8";"1,4";"42,0";"5,4";"2714,00";"0,0"
"03/09/2025";"1600";"";"";"";"56,0";"59,0";"51,0";"";"";"";"1017,9";"1018,8";"1017,9";"1,7";"118,0";"5,6";"2606,00";"0,0"
"03/09/2025";"1700";"";"";"";"59,0";"62,0";"56,0";"";"";"";"1017,3";"1017,9";"1017,3";"1,9";"163,0";"5,6";"2518,60";"0,0"
"03/09/2025";"1800";"";"";"";"80,0";"87,0";"56,0";"";"";"";"1017,3";"1017,4";"1017,1";"0,9";"205,0";"8,1";"937,00";"0,0"
"03/09/2025";"1900";"";"";"";"71,0";"80,0";"64,0";"";"";"";"1017,3";"1017,3";"1017,2";"1,9";"194,0";"4,8";"1005,20";"0,6"
"03/09/2025";"2000";"";"";"";"84,0";"84,0";"67,0";"";"";"";"1017,8";"1017,9";"1017,3";"2,4";"89,0";"6,2";"496,30";"0,4"
"03/09/2025";"2100";"";"";"";"81,0";"86,0";"79,0";"";"";"";"1017,7";"1017,9";"1017,6";"0,7";"345,0";"8,0";"18,50";"0,0"
"03/09/2025";"2200";"";"";"";"87,0";"87,0";"74,0";"";"";"";"1018,2";"1018,2";"1017,7";"2,9";"81,0";"7,1";"";"0,2"
"03/09/2025";"2300";"";"";"";"88,0";"89,0";"87,0";"";"";"";"1018,7";"1018,8";"1018,1";"1,3";"332,0";"7,1";"";"0,0"
"04/09/2025";"0000";"";"";"";"91,0";"91,0";"88,0";"";"";"";"1019,2";"1019,2";"1018,7";"1,5";"17,0";"7,3";"";"0,4"
"04/09/2025";"0100";"";"";"";"91,0";"91,0";"90,0";"";"";"";"1019,4";"1019,5";"1019,2";"1,7";"265,0";"6,7";"";"0,6"
"04/09/2025";"0200";"";"";"";"90,0";"91,0";"90,0";"";"";"";"1019,4";"1019,7";"1019,4";"1,5";"236,0";"6,8";"";"1,2"
"04/09/2025";"0300";"";"";"";"89,0";"90,0";"82,0";"";"";"";"1019,1";"1019,4";"1019,1";"1,2";"283,0";"6,6";"";"1,2"
"04/09/2025";"0400";"";"";"";"86,0";"89,0";"85,0";"";"";"";"1018,1";"1019,1";"1018,1";"1,1";"233,0";"6,4";"";"1,2"
"04/09/2025";"0500";"";"";"";"81,0";"86,0";"81,0";"";"";"";"1017,7";"1018,1";"1017,7";"1,3";"230,0";"5,5";"";"1,0"
"04/09/2025";"0600";"";"";"";"78,0";"85,0";"78,0";"";"";"";"1017,1";"1017,7";"1017,1";"2,3";"207,0";"5,7";"";"0,8"
"04/09/2025";"0700";"";"";"";"82,0";"84,0";"76,0";"";"";"";"1017,1";"1017,2";"1017,0";"1,5";"222,0";"5,7";"";"0,6"
"04/09/2025";"0800";"";"";"";"73,0";"82,0";"72,0";"";"";"";"1017,2";"1017,3";"1017,1";"2,1";"236,0";"7,9";"";"0,6"
"04/09/2025";"0900";"";"";"";"70,0";"73,0";"70,0";"";"";"";"1017,7";"1017,7";"1017,2";"2,2";"218,0";"7,9";"23,60";"0,8"
"04/09/2025";"1000";"";"";"";"66,0";"72,0";"66,0";"";"";"";"1018,6";"1018,6";"1017,7";"1,6";"238,0";"5,3";"489,90";"0,8"
"04/09/2025";"1100";"";"";"";"65,0";"71,0";"65,0";"";"";"";"1019,4";"1019,4";"1018,6";"1,6";"335,0";"4,9";"1111,70";"0,8"
"04/09/2025";"1200";"";"";"";"62,0";"68,0";"60,0";"";"";"";"1020,0";"1020,0";"1019,4";"1,5";"338,0";"5,8";"1768,50";"1,0"
"04/09/2025";"1300";"";"";"";"63,0";"64,0";"57,0";"";"";"";"1020,3";"1020,4";"1020,0";"1,9";"328,0";"5,8";"1997,50";"0,8"
"04/09/2025";"1400";"";"";"";"59,0";"64,0";"54,0";"";"";"";"1019,8";"1020,3";"1019,8";"1,6";"47,0";"5,2";"2407,20";"0,6"
"04/09/2025";"1500";"";"";"";"56,0";"63,0";"55,0";"";"";"";"1018,9";"1019,8";"1018,9";"1,4";"309,0";"5,6";"2094,10";"0,6"
"04/09/2025";"1600";"";"";"";"59,0";"75,0";"56,0";"";"";"";"1017,8";"1018,9";"1017,8";"1,2";"330,0";"4,7";"1724,30";"0,2"
"04/09/2025";"1700";"";"";"";"63,0";"63,0";"55,0";"";"";"";"1017,1";"1017,9";"1017,1";"1,6";"267,0";"5,4";"1951,30";"0,2"
"04/09/2025";"1800";"";"";"";"56,0";"64,0";"56,0";"";"";"";"1017,0";"1017,1";"1016,8";"2,0";"209,0";"5,7";"1382,30";"0,0"
"04/09/2025";"1900";"";"";"";"60,0";"61,0";"56,0";"";"";"";"1017,2";"1017,2";"1016,9";"2,0";"193,0";"5,6";"1260,20";"0,2"
"04/09/2025";"2000";"";"";"";"66,0";"67,0";"60,0";"";"";"";"1017,2";"1017,2";"1017,1";"1,8";"204,0";"5,6";"332,10";"0,0"
"04/09/2025";"2100";"";"";"";"67,0";"67,0";"65,0";"";"";"";"1017,5";"1017,5";"1017,2";"2,0";"195,0";"5,4";"25,70";"0,2"
"04/09/2025";"2200";"";"";"";"66,0";"69,0";"66,0";"";"";"";"1017,7";"1017,7";"1017,5";"1,9";"195,0";"5,2";"";"0,0"
"04/09/2025";"2300";"";"";"";"65,0";"66,0";"64,0";"";"";"";"1018,3";"1018,4";"1017,7";"1,3";"195,0";"5,4";"";"0,0"
"05/09/2025";"0000";"";"";"";"63,0";"65,0";"63,0";"";"";"";"1018,8";"1018,8";"1018,3";"1,7";"193,0";"4,7";"";"0,0"
"05/09/2025";"0100";"";"";"";"65,0";"65,0";"62,0";"";"";"";"1018,7";"1018,8";"1018,7";"1,3";"202,0";"4,0";"";"0,0"
"05/09/2025";"0200";"";"";"";"67,0";"67,0";"65,0";"";"";"";"1018,6";"1018,8";"1018,6";"1,8";"196,0";"4,7";"";"0,0"
"05/09/2025";"0300";"";"";"";"66,0";"68,0";"65,0";"";"";"";"1018,2";"1018,6";"1018,2";"1,9";"197,0";"5,0";"";"0,0"
"05/09/2025";"0400";"";"";"";"68,0";"69,0";"65,0";"";"";"";"1017,7";"1018,2";"1017,7";"1,6";"209,0";"5,5";"";"0,0"
"05/09/2025";"0500";"";"";"";"67,0";"68,0";"66,0";"";"";"";"1017,0";"1017,7";"1017,0";"2,5";"194,0";"7,0";"";"0,0"
"05/09/2025";"0600";"";"";"";"65,0";"69,0";"65,0";"";"";"";"1017,0";"1017,1";"1016,8";"2,3";"193,0";"7,0";"";"0,0"
"05/09/2025";"0700";"";"";"";"68,0";"69,0";"65,0";"";"";"";"1016,8";"1017,0";"1016,8";"2,1";"198,0";"6,5";"";"0,0"
"05/09/2025";"0800";"";"";"";"66,0";"69,0";"65,0";"";"";"";"1017,1";"1017,1";"1016,8";"2,3";"199,0";"6,4";"";"0,0"
"05/09/2025";"0900";"";"";"";"63,0";"68,0";"63,0";"";"";"";"1017,5";"1017,5";"1017,1";"2,5";"197,0";"6,8";"14,00";"0,0"
"05/09/2025";"1000";"";"";"";"58,0";"66,0";"58,0";"";"";"";"1018,0";"1018,0";"1017,5";"3,0";"197,0";"8,5";"228,50";"0,0"
"05/09/2025";"1100";"";"";"";"63,0";"64,0";"58,0";"";"";"";"1018,8";"1018,8";"1018,0";"2,9";"185,0";"8,5";"567,50";"0,0"
"05/09/2025";"1200";"";"";"";"62,0";"65,0";"61,0";"";"";"";"1019,3";"1019,4";"1018,8";"2,7";"197,0";"8,1";"1170,90";"0,0"
"05/09/2025";"1300";"";"";"";"60,0";"63,0";"58,0";"";"";"";"1019,5";"1019,6";"1019,3";"2,9";"192,0";"8,4";"1391,30";"0,0"
"05/09/2025";"1400";"";"";"";"61,0";"63,0";"57,0";"";"";"";"1019,1";"1019,5";"1019,1";"2,8";"197,0";"7,9";"1548,00";"0,0"
"05/09/2025";"1500";"";"";"";"73,0";"80,0";"57,0";"";"";"";"1018,2";"1019,1";"1018,2";"2,0";"203,0";"8,6";"1849,00";"0,2"
"05/09/2025";"1600";"";"";"";"65,0";"73,0";"61,0";"";"";"";"1017,1";"1018,2";"1017,1";"3,0";"193,0";"7,9";"2417,70";"0,2"
"05/09/2025";"1700";"";"";"";"65,0";"66,0";"60,0";"";"";"";"1016,3";"1017,1";"1016,3";"3,9";"203,0";"8,6";"1967,50";"0,0"
"05/09/2025";"1800";"";"";"";"70,0";"70,0";"61,0";"";"";"";"1016,1";"1016,3";"1016,0";"3,0";"191,0";"8,6";"1046,30";"0,0"
"05/09/2025";"1900";"";"";"";"74,0";"78,0";"70,0";"";"";"";"1016,2";"1016,3";"1016,1";"3,6";"203,0";"7,7";"441,30";"0,0"
"05/09/2025";"2000";"";"";"";"80,0";"80,0";"70,0";"";"";"";"1016,4";"1016,5";"1016,2";"1,7";"186,0";"7,7";"196,30";"0,0"
"05/09/2025";"2100";"";"";"";"74,0";"82,0";"74,0";"";"";"";"1016,5";"1016,5";"1016,3";"1,5";"201,0";"5,6";"14,80";"0,0"
"05/09/2025";"2200";"";"";"";"72,0";"75,0";"71,0";"";"";"";"1016,8";"1016,8";"1016,5";"2,3";"188,0";"7,1";"";"0,0"
"05/09/2025";"2300";"";"";"";"85,0";"85,0";"70,0";"";"";"";"1017,5";"1017,5";"1016,7";"1,9";"83,0";"6,4";"";"0,0"
"06/09/2025";"0000";"";"";"";"86,0";"87,0";"80,0";"";"";"";"1018,0";"1018,0";"1017,4";"1,2";"352,0";"5,5";"";"1,0"
"06/09/2025";"0100";"";"";"";"86,0";"89,0";"86,0";"";"";"";"1017,8";"1018,0";"1017,7";"1,1";"295,0";"5,5";"";"0,6"
"06/09/2025";"0200";"";"";"";"80,0";"87,0";"80,0";"";"";"";"1017,6";"1017,8";"1017,6";"1,4";"223,0";"3,5";"";"0,2"
"06/09/2025";"0300";"";"";"";"81,0";"82,0";"75,0";"";"";"";"1017,1";"1017,7";"1017,1";"1,2";"213,0";"5,1";"";"0,0"
"06/09/2025";"0400";"";"";"";"83,0";"83,0";"77,0";"";"";"";"1016,6";"1017,1";"1016,6";"1,3";"225,0";"4,0";"";"0,0"
"06/09/2025";"0500";"";"";"";"87,0";"89,0";"83,0";"";"";"";"1016,2";"1016,6";"1016,1";"1,8";"192,0";"4,7";"";"0,0"
"06/09/2025";"0600";"";"";"";"87,0";"87,0";"85,0";"";"";"";"1016,1";"1016,2";"1016,0";"1,8";"202,0";"4,7";"";"0,0"
"06/09/2025";"0700";"";"";"";"89,0";"89,0";"85,0";"";"";"";"1016,2";"1016,3";"1016,0";"0,8";"248,0";"6,1";"";"0,2"
"06/09/2025";"0800";"";"";"";"88,0";"90,0";"87,0";"";"";"";"1016,3";"1016,3";"1016,1";"2,0";"79,0";"5,2";"";"1,4"
"06/09/2025";"0900";"";"";"";"83,0";"88,0";"83,0";"";"";"";"1016,8";"1016,8";"1016,3";"2,1";"80,0";"7,5";"14,90";"1,4"
"06/09/2025";"1000";"";"";"";"77,0";"83,0";"76,0";"";"";"";"1017,5";"1017,5";"1016,8";"1,3";"220,0";"5,7";"245,40";"1,2"
"06/09/2025";"1100";"";"";"";"87,0";"89,0";"76,0";"";"";"";"1018,3";"1018,3";"1017,5";"1,1";"7,0";"6,7";"388,70";"1,0"
"06/09/2025";"1200";"";"";"";"79,0";"90,0";"79,0";"";"";"";"1018,5";"1018,5";"1018,3";"1,9";"183,0";"5,5";"1191,40";"0,6"
"06/09/2025";"1300";"";"";"";"72,0";"86,0";"72,0";"";"";"";"1018,4";"1018,6";"1018,4";"1,4";"354,0";"4,6";"1494,30";"0,4"
"06/09/2025";"1400";"";"";"";"66,0";"75,0";"65,0";"";"";"";"1018,3";"1018,5";"1018,3";"1,5";"71,0";"5,7";"2351,40";"0,2"
"06/09/2025";"1500";"";"";"";"67,0";"70,0";"63,0";"";"";"";"1017,8";"1018,3";"1017,8";"1,3";"245,0";"6,4";"1565,50";"0,2"
"06/09/2025";"1600";"";"";"";"70,0";"80,0";"67,0";"";"";"";"1016,9";"1017,8";"1016,9";"1,5";"93,0";"7,7";"1601,80";"0,0"
"06/09/2025";"1700";"";"";"";"64,0";"73,0";"63,0";"";"";"";"1016,0";"1016,8";"1016,0";"1,3";"178,0";"4,8";"1949,70";"0,0"
"06/09/2025";"1800";"";"";"";"61,0";"68,0";"61,0";"";"";"";"1015,7";"1016,0";"1015,7";"2,6";"185,0";"5,6";"1784,40";"0,0"
"06/09/2025";"1900";"";"";"";"62,0";"64,0";"57,0";"";"";"";"1016,0";"1016,0";"1015,7";"1,6";"205,0";"5,6";"1229,30";"0,0"
"06/09/2025";"2000";"";"";"";"66,0";"66,0";"60,0";"";"";"";"1016,2";"1016,2";"1015,9";"1,5";"204,0";"4,6";"428,60";"0,0"
"06/09/2025";"2100";"";"";"";"71,0";"71,0";"66,0";"";"";"";"1016,5";"1016,5";"1016,2";"1,1";"273,0";"4,2";"33,00";"0,0"
"06/09/2025";"2200";"";"";"";"71,0";"71,0";"69,0";"";"";"";"1017,1";"1017,1";"1016,5";"1,0";"252,0";"3,6";"";"0,0"
"06/09/2025";"2300";"";"";"";"72,0";"73,0";"71,0";"";"";"";"1017,6";"1017,6";"1017,1";"1,2";"241,0";"3,3";"";"0,0"
"07/09/2025";"0000";"";"";"";"70,0";"73,0";"70,0";"";"";"";"1018,4";"1018,4";"1017,6";"1,4";"264,0";"4,1";"";"0,0"
"07/09/2025";"0100";"";"";"";"70,0";"72,0";"68,0";"";"";"";"1018,8";"1018,8";"1018,4";"1,0";"271,0";"3,9";"";"0,0"
"07/09/2025";"0200";"";"";"";"68,0";"72,0";"68,0";"";"";"";"1018,9";"1019,1";"1018,8";"1,0";"299,0";"3,0";"";"0,0"
"07/09/2025";"0300";"";"";"";"70,0";"72,0";"68,0";"";"";"";"1018,2";"1018,9";"1018,2";"1,3";"329,0";"3,9";"";"0,0"
"07/09/2025";"0400";"";"";"";"71,0";"72,0";"69,0";"";"";"";"1017,5";"1018,2";"1017,5";"1,4";"306,0";"3,4";"";"0,0"
"07/09/2025";"0500";"";"";"";"69,0";"72,0";"69,0";"";"";"";"1017,1";"1017,5";"1017,1";"1,2";"320,0";"3,8";"";"0,0"
"07/09/2025";"0600";"";"";"";"71,0";"72,0";"68,0";"";"";"";"1017,0";"1017,1";"1016,9";"1,2";"21,0";"3,9";"";"0,0"
"07/09/2025";"0700";"";"";"";"73,0";"73,0";"70,0";"";"";"";"1016,9";"1017,0";"1016,8";"0,9";"281,0";"4,9";"";"0,0"
"07/09/2025";"0800";"";"";"";"72,0";"73,0";"70,0";"";"";"";"1017,4";"1017,4";"1016,8";"0,9";"278,0";"4,1";"";"0,0"
"07/09/2025";"0900";"";"";"";"72,0";"73,0";"71,0";"";"";"";"1017,9";"1017,9";"1017,3";"1,1";"302,0";"3,0";"14,20";"0,0"
"07/09/2025";"1000";"";"";"";"66,0";"73,0";"64,0";"";"";"";"1018,5";"1018,5";"1017,9";"1,1";"280,0";"3,3";"431,90";"0,0"
"07/09/2025";"1100";"";"";"";"59,0";"66,0";"57,0";"";"";"";"1019,5";"1019,5";"1018,5";"1,4";"215,0";"4,6";"1199,10";"0,0"
"07/09/2025";"1200";"";"";"";"60,0";"62,0";"57,0";"";"";"";"1020,4";"1020,4";"1019,5";"1,6";"191,0";"5,1";"1850,80";"0,0"
"07/09/2025";"1300";"";"";"";"57,0";"62,0";"54,0";"";"";"";"1020,5";"1020,5";"1020,4";"1,3";"252,0";"4,8";"2275,80";"0,0"
"07/09/2025";"1400";"";"";"";"59,0";"62,0";"55,0";"";"";"";"1020,1";"1020,5";"1020,1";"1,3";"99,0";"5,5";"2471,90";"0,0"
"07/09/2025";"1500";"";"";"";"56,0";"61,0";"54,0";"";"";"";"1019,4";"1020,1";"1019,4";"1,9";"248,0";"6,5";"2414,80";"0,0"
"07/09/2025";"1600";"";"";"";"55,0";"60,0";"54,0";"";"";"";"1018,5";"1019,4";"1018,5";"2,5";"187,0";"5,5";"2635,90";"0,0"
"07/09/2025";"1700";"";"";"";"53,0";"58,0";"52,0";"";"";"";"1017,8";"1018,6";"1017,8";"2,1";"205,0";"5,8";"2469,50";"0,0"
"07/09/2025";"1800";"";"";"";"54,0";"60,0";"52,0";"";"";"";"1017,3";"1017,8";"1017,3";"2,0";"184,0";"6,5";"1921,20";"0,0"
"07/09/2025";"1900";"";"";"";"57,0";"59,0";"54,0";"";"";"";"1017,5";"1017,5";"1017,2";"2,4";"193,0";"7,2";"1328,30";"0,0"
"07/09/2025";"2000";"";"";"";"63,0";"64,0";"57,0";"";"";"";"1017,6";"1017,7";"1017,5";"2,1";"194,0";"7,2";"381,50";"0,0"
"07/09/2025";"2100";"";"";"";"64,0";"65,0";"63,0";"";"";"";"1017,9";"1017,9";"1017,6";"2,2";"189,0";"5,8";"33,50";"0,0"
"07/09/2025";"2200";"";"";"";"67,0";"67,0";"63,0";"";"";"";"1018,4";"1018,4";"1017,9";"2,0";"200,0";"5,6";"";"0,0"
"07/09/2025";"2300";"";"";"";"66,0";"67,0";"64,0";"";"";"";"1019,2";"1019,2";"1018,4";"2,2";"194,0";"6,0";"";"0,0"
"08/09/2025";"0000";"";"";"";"65,0";"68,0";"65,0";"";"";"";"1019,7";"1019,7";"1019,2";"2,3";"198,0";"7,3";"";"0,0"
"08/09/2025";"0100";"";"";"";"69,0";"69,0";"64,0";"";"";"";"1019,8";"1019,9";"1019,6";"1,7";"200,0";"6,9";"";"0,0"
"08/09/2025";"0200";"";"";"";"69,0";"72,0";"66,0";"";"";"";"1019,6";"1019,9";"1019,6";"2,2";"202,0";"5,0";"";"0,0"
"08/09/2025";"0300";"";"";"";"65,0";"69,0";"64,0";"";"";"";"1019,1";"1019,6";"1019,1";"2,0";"193,0";"5,3";"";"0,0"
"08/09/2025";"0400";"";"";"";"66,0";"68,0";"65,0";"";"";"";"1018,3";"1019,1";"1018,3";"1,8";"193,0";"5,3";"";"0,0"
"08/09/2025";"0500";"";"";"";"71,0";"71,0";"62,0";"";"";"";"1017,6";"1018,3";"1017,6";"1,8";"196,0";"5,3";"";"0,0"
"08/09/2025";"0600";"";"";"";"69,0";"71,0";"68,0";"";"";"";"1017,5";"1017,6";"1017,5";"1,5";"193,0";"4,9";"";"0,0"
"08/09/2025";"0700";"";"";"";"84,0";"85,0";"69,0";"";"";"";"1017,4";"1017,5";"1017,3";"0,8";"246,0";"7,2";"";"0,6"
"08/09/2025";"0800";"";"";"";"75,0";"84,0";"74,0";"";"";"";"1017,8";"1017,8";"1017,4";"0,9";"344,0";"5,0";"0,80";"0,0"
"08/09/2025";"0900";"";"";"";"79,0";"83,0";"75,0";"";"";"";"1018,3";"1018,4";"1017,8";"1,4";"213,0";"3,7";"15,50";"0,2"
"08/09/2025";"1000";"";"";"";"80,0";"82,0";"77,0";"";"";"";"1019,2";"1019,2";"1018,3";"3,2";"185,0";"9,1";"246,30";"0,0"
"08/09/2025";"1100";"";"";"";"82,0";"82,0";"79,0";"";"";"";"1019,8";"1019,8";"1019,2";"1,5";"193,0";"7,7";"455,20";"0,6"
"08/09/2025";"1200";"";"";"";"81,0";"87,0";"80,0";"";"";"";"1020,5";"1020,5";"1019,8";"3,1";"195,0";"7,4";"1103,10";"2,0"
"08/09/2025";"1300";"";"";"";"72,0";"81,0";"69,0";"";"";"";"1020,5";"1020,7";"1020,5";"3,2";"189,0";"8,7";"2009,90";"0,2"
"08/09/2025";"1400";"";"";"";"65,0";"74,0";"65,0";"";"";"";"1019,9";"1020,5";"1019,9";"2,7";"182,0";"9,0";"1918,70";"0,0"
"08/09/2025";"1500";"";"";"";"58,0";"65,0";"56,0";"";"";"";"1019,1";"1019,9";"1019,1";"2,8";"182,0";"8,8";"2224,20";"0,0"
"08/09/2025";"1600";"";"";"";"53,0";"59,0";"52,0";"";"";"";"1018,1";"1019,1";"1018,1";"3,2";"192,0";"8,8";"2343,60";"0,0"
"08/09/2025";"1700";"";"";"";"54,0";"56,0";"51,0";"";"";"";"1017,3";"1018,1";"1017,2";"3,8";"197,0";"9,0";"2082,80";"0,0"
"08/09/2025";"1800";"";"";"";"59,0";"60,0";"52,0";"";"";"";"1016,9";"1017,3";"1016,9";"2,9";"188,0";"9,0";"1697,20";"0,0"
"08/09/2025";"1900";"";"";"";"62,0";"63,0";"59,0";"";"";"";"1016,9";"1016,9";"1016,9";"3,4";"195,0";"10,2";"553,00";"0,0"
"08/09/2025";"2000";"";"";"";"63,0";"65,0";"62,0";"";"";"";"1017,2";"1017,2";"1016,9";"3,0";"197,0";"8,6";"134,40";"0,0"
"08/09/2025";"2100";"";"";"";"63,0";"64,0";"62,0";"";"";"";"1017,6";"1017,6";"1017,1";"2,5";"197,0";"8,5";"17,40";"0,0"
"08/09/2025";"2200";"";"";"";"64,0";"65,0";"62,0";"";"";"";"1018,0";"1018,0";"1017,6";"2,9";"188,0";"8,1";"";"0,0"
"08/09/2025";"2300";"";"";"";"66,0";"72,0";"63,0";"";"";"";"1018,5";"1018,5";"1018,0";"2,2";"192,0";"7,3";"";"0,0"
"09/09/2025";"0000";"";"";"";"69,0";"69,0";"66,0";"";"";"";"1018,8";"1018,8";"1018,5";"2,3";"194,0";"7,5";"";"0,0"
"09/09/2025";"0100";"";"";"";"65,0";"69,0";"65,0";"";"";"";"1019,1";"1019,1";"1018,7";"2,6";"196,0";"7,3";"";"0,0"
"09/09/2025";"0200";"";"";"";"65,0";"67,0";"64,0";"";"";"";"1019,1";"1019,1";"1019,0";"2,4";"194,0";"7,1";"";"0,0"
"09/09/2025";"0300";"";"";"";"69,0";"72,0";"65,0";"";"";"";"1018,3";"1019,1";"1018,2";"2,5";"189,0";"6,8";"";"0,0"
"09/09/2025";"0400";"";"";"";"69,0";"70,0";"68,0";"";"";"";"1017,5";"1018,3";"1017,5";"2,2";"201,0";"6,1";"";"0,0"
"09/09/2025";"0500";"";"";"";"72,0";"72,0";"68,0";"";"";"";"1017,2";"1017,5";"1017,2";"2,1";"194,0";"5,4";"";"0,0"
"09/09/2025";"0600";"";"";"";"75,0";"75,0";"72,0";"";"";"";"1017,0";"1017,2";"1017,0";"2,2";"195,0";"5,8";"";"0,0"
"09/09/2025";"0700";"";"";"";"70,0";"80,0";"70,0";"";"";"";"1016,8";"1017,0";"1016,8";"1,6";"202,0";"5,8";"";"0,0"
"09/09/2025";"0800";"";"";"";"77,0";"78,0";"70,0";"";"";"";"1017,3";"1017,3";"1016,8";"1,5";"208,0";"5,4";"";"0,0"
"09/09/2025";"0900";"";"";"";"72,0";"77,0";"72,0";"";"";"";"1017,7";"1017,7";"1017,3";"1,4";"212,0";"3,9";"10,90";"0,0"
"09/09/2025";"1000";"";"";"";"67,0";"75,0";"66,0";"";"";"";"1018,6";"1018,6";"1017,7";"1,5";"198,0";"4,6";"205,00";"0,0"
"09/09/2025";"1100";"";"";"";"71,0";"71,0";"66,0";"";"";"";"1019,4";"1019,4";"1018,6";"2,6";"189,0";"6,0";"668,30";"0,0"
"09/09/2025";"1200";"";"";"";"66,0";"72,0";"65,0";"";"";"";"1019,9";"1020,0";"1019,4";"2,4";"178,0";"6,3";"1634,10";"0,0"
"09/09/2025";"1300";"";"";"";"66,0";"67,0";"62,0";"";"";"";"1020,0";"1020,0";"1019,9";"2,5";"180,0";"7,4";"2327,40";"0,0"
"09/09/2025";"1400";"";"";"";"62,0";"68,0";"61,0";"";"";"";"1019,7";"1020,0";"1019,5";"1,9";"164,0";"7,3";"2527,20";"0,0"
"09/09/2025";"1500";"";"";"";"60,0";"65,0";"58,0";"";"";"";"1019,1";"1019,7";"1019,1";"2,0";"182,0";"7,2";"2742,20";"0,0"
"09/09/2025";"1600";"";"";"";"63,0";"66,0";"59,0";"";"";"";"1018,4";"1019,1";"1018,4";"3,8";"188,0";"8,1";"2334,00";"0,0"
"09/09/2025";"1700";"";"";"";"65,0";"68,0";"60,0";"";"";"";"1017,8";"1018,4";"1017,8";"3,3";"175,0";"7,9";"2013,10";"0,0"
"09/09/2025";"1800";"";"";"";"65,0";"69,0";"62,0";"";"";"";"1017,3";"1017,8";"1017,3";"2,1";"199,0";"7,3";"1543,50";"0,0"
"09/09/2025";"1900";"";"";"";"71,0";"71,0";"64,0";"";"";"";"1017,3";"1017,4";"1017,3";"2,3";"198,0";"8,6";"1222,60";"0,0"
"09/09/2025";"2000";"";"";"";"78,0";"78,0";"70,0";"";"";"";"1017,5";"1017,5";"1017,3";"1,6";"205,0";"6,4";"320,00";"0,0"
"09/09/2025";"2100";"";"";"";"76,0";"78,0";"75,0";"";"";"";"1017,8";"1017,8";"1017,5";"1,7";"191,0";"5,4";"21,20";"0,0"
"09/09/2025";"2200";"";"";"";"82,0";"83,0";"75,0";"";"";"";"1018,0";"1018,1";"1017,8";"1,2";"213,0";"4,3";"";"0,2"
"09/09/2025";"2300";"";"";"";"84,0";"84,0";"77,0";"";"";"";"1018,5";"1018,5";"1017,9";"3,3";"86,0";"6,5";"";"0,0"
"10/09/2025";"0000";"";"";"";"88,0";"89,0";"84,0";"";"";"";"1018,8";"1018,8";"1018,5";"0,8";"346,0";"6,5";"";"0,2"
"10/09/2025";"0100";"";"";"";"81,0";"88,0";"79,0";"";"";"";"1019,0";"1019,1";"1018,8";"0,9";"329,0";"2,1";"";"0,0"
"10/09/2025";"0200";"";"";"";"75,0";"81,0";"75,0";"";"";"";"1018,8";"1019,1";"1018,8";"2,0";"85,0";"4,8";"";"0,0"
"10/09/2025";"0300";"";"";"";"77,0";"77,0";"71,0";"";"";"";"1018,1";"1018,8";"1018,1";"1,2";"73,0";"4,8";"";"0,0"
"10/09/2025";"0400";"";"";"";"77,0";"79,0";"76,0";"";"";"";"1017,4";"1018,1";"1017,3";"1,9";"77,0";"3,8";"";"0,0"
"10/09/2025";"0500";"";"";"";"76,0";"78,0";"75,0";"";"";"";"1016,9";"1017,4";"1016,9";"2,1";"92,0";"5,7";"";"0,0"
"10/09/2025";"0600";"";"";"";"74,0";"76,0";"74,0";"";"";"";"1016,9";"1017,0";"1016,9";"2,4";"86,0";"5,7";"";"0,0"
"10/09/2025";"0700";"";"";"";"75,0";"75,0";"74,0";"";"";"";"1016,6";"1016,9";"1016,6";"2,4";"88,0";"5,0";"";"0,0"
"10/09/2025";"0800";"";"";"";"73,0";"76,0";"73,0";"";"";"";"1016,9";"1017,0";"1016,5";"1,6";"83,0";"5,0";"";"0,0"
"10/09/2025";"0900";"";"";"";"73,0";"75,0";"73,0";"";"";"";"1017,5";"1017,5";"1016,9";"2,7";"89,0";"5,8";"28,60";"0,0"
"10/09/2025";"1000";"";"";"";"70,0";"74,0";"69,0";"";"";"";"1017,8";"1017,9";"1017,5";"2,9";"83,0";"5,2";"474,40";"0,0"
"10/09/2025";"1100";"";"";"";"67,0";"71,0";"66,0";"";"";"";"1017,9";"1017,9";"1017,7";"3,3";"86,0";"5,7";"1230,80";"0,0"
"10/09/2025";"1200";"";"";"";"65,0";"71,0";"64,0";"";"";"";"1018,4";"1018,4";"1017,9";"3,4";"84,0";"6,9";"1804,10";"0,0"
"10/09/2025";"1300";"";"";"";"65,0";"69,0";"63,0";"";"";"";"1018,3";"1018,5";"1018,3";"3,6";"84,0";"7,9";"2126,80";"0,0"
"10/09/2025";"1400";"";"";"";"65,0";"67,0";"62,0";"";"";"";"1017,8";"1018,3";"1017,8";"3,8";"81,0";"6,9";"2609,80";"0,0"
"10/09/2025";"1500";"";"";"";"64,0";"68,0";"61,0";"";"";"";"1017,3";"1017,9";"1017,3";"3,6";"86,0";"6,9";"2477,40";"0,0"
"10/09/2025";"1600";"";"";"";"66,0";"67,0";"62,0";"";"";"";"1016,4";"1017,3";"1016,4";"3,3";"87,0";"6,2";"2702,70";"0,0"
"10/09/2025";"1700";"";"";"";"64,0";"68,0";"62,0";"";"";"";"1015,5";"1016,4";"1015,5";"3,6";"88,0";"7,1";"2343,70";"0,0"
"10/09/2025";"1800";"";"";"";"64,0";"66,0";"63,0";"";"";"";"1015,0";"1015,5";"1015,0";"3,5";"74,0";"7,5";"1911,10";"0,0"
"10/09/2025";"1900";"";"";"";"68,0";"69,0";"61,0";"";"";"";"1014,9";"1015,0";"1014,9";"3,5";"88,0";"7,5";"1221,60";"0,0"
"10/09/2025";"2000";"";"";"";"70,0";"70,0";"65,0";"";"";"";"1015,0";"1015,0";"1014,9";"3,6";"87,0";"7,4";"420,20";"0,0"
"10/09/2025";"2100";"";"";"";"71,0";"72,0";"68,0";"";"";"";"1015,2";"1015,3";"1015,0";"3,2";"77,0";"7,3";"29,90";"0,0"
"10/09/2025";"2200";"";"";"";"70,0";"73,0";"69,0";"";"";"";"1015,4";"1015,5";"1015,2";"3,3";"87,0";"7,1";"";"0,0"
"10/09/2025";"2300";"";"";"";"71,0";"72,0";"69,0";"";"";"";"1016,1";"1016,1";"1015,4";"2,9";"86,0";"6,1";"";"0,0"
"11/09/2025";"0000";"";"";"";"71,0";"73,0";"70,0";"";"";"";"1017,0";"1017,0";"1016,1";"2,9";"82,0";"7,3";"";"0,0"
"11/09/2025";"0100";"";"";"";"71,0";"73,0";"70,0";"";"";"";"1017,5";"1017,5";"1017,0";"3,0";"82,0";"5,5";"";"0,0"
"11/09/2025";"0200";"";"";"";"70,0";"71,0";"69,0";"";"";"";"1017,8";"1017,8";"1017,5";"1,8";"88,0";"6,1";"";"0,0"
"11/09/2025";"0300";"";"";"";"70,0";"70,0";"68,0";"";"";"";"1017,4";"1017,8";"1017,4";"1,7";"80,0";"4,9";"";"0,0"
"11/09/2025";"0400";"";"";"";"72,0";"73,0";"68,0";"";"";"";"1017,1";"1017,5";"1017,1";"0,7";"284,0";"4,1";"";"0,0"
"11/09/2025";"0500";"";"";"";"75,0";"75,0";"72,0";"";"";"";"1016,8";"1017,1";"1016,8";"0,6";"240,0";"2,0";"";"0,0"
"11/09/2025";"0600";"";"";"";"75,0";"77,0";"74,0";"";"";"";"1016,7";"1016,8";"1016,7";"1,1";"272,0";"3,4";"";"0,0"
"11/09/2025";"0700";"";"";"";"72,0";"75,0";"71,0";"";"";"";"1016,8";"1016,8";"1016,6";"1,1";"249,0";"3,8";"";"0,0"
"11/09/2025";"0800";"";"";"";"70,0";"73,0";"70,0";"";"";"";"1017,2";"1017,2";"1016,8";"1,3";"230,0";"3,4";"";"0,0"
"11/09/2025";"0900";"";"";"";"72,0";"73,0";"69,0";"";"";"";"1017,7";"1017,7";"1017,2";"1,3";"215,0";"3,9";"18,80";"0,0"
"11/09/2025";"1000";"";"";"";"70,0";"72,0";"66,0";"";"";"";"1018,4";"1018,4";"1017,7";"0,9";"290,0";"4,6";"302,90";"0,0"
"11/09/2025";"1100";"";"";"";"64,0";"71,0";"61,0";"";"";"";"1019,3";"1019,3";"1018,4";"1,2";"18,0";"3,6";"1146,10";"0,0"
"11/09/2025";"1200";"";"";"";"59,0";"64,0";"57,0";"";"";"";"1019,7";"1019,7";"1019,3";"1,2";"281,0";"5,3";"1818,20";"0,0"
"11/09/2025";"1300";"";"";"";"57,0";"61,0";"56,0";"";"";"";"1019,5";"1019,7";"1019,5";"1,6";"156,0";"4,7";"2467,90";"0,0"
"11/09/2025";"1400";"";"";"";"60,0";"62,0";"55,0";"";"";"";"1019,3";"1019,6";"1019,3";"1,6";"152,0";"6,2";"2265,20";"0,0"
"11/09/2025";"1500";"";"";"";"58,0";"63,0";"54,0";"";"";"";"1018,6";"1019,3";"1018,6";"1,5";"34,0";"4,7";"2316,90";"0,0"
"11/09/2025";"1600";"";"";"";"58,0";"60,0";"54,0";"";"";"";"1017,5";"1018,6";"1017,5";"2,3";"157,0";"6,2";"2605,10";"0,0"
"11/09/2025";"1700";"";"";"";"59,0";"61,0";"55,0";"";"";"";"1016,7";"1017,5";"1016,7";"1,9";"74,0";"6,2";"2441,60";"0,0"
"11/09/2025";"1800";"";"";"";"57,0";"62,0";"54,0";"";"";"";"1016,6";"1016,7";"1016,6";"1,7";"183,0";"7,1";"1975,20";"0,0"
"11/09/2025";"1900";"";"";"";"60,0";"62,0";"56,0";"";"";"";"1016,6";"1016,6";"1016,5";"1,5";"186,0";"4,9";"1299,90";"0,0"
"11/09/2025";"2000";"";"";"";"65,0";"69,0";"60,0";"";"";"";"1016,7";"1016,7";"1016,6";"1,7";"193,0";"5,5";"437,40";"0,0"
"11/09/2025";"2100";"";"";"";"64,0";"66,0";"62,0";"";"";"";"1016,8";"1016,9";"1016,7";"1,6";"196,0";"4,1";"39,10";"0,0"
"11/09/2025";"2200";"";"";"";"69,0";"69,0";"64,0";"";"";"";"1017,2";"1017,2";"1016,9";"1,3";"225,0";"4,1";"";"0,0"
"11/09/2025";"2300";"";"";"";"72,0";"72,0";"69,0";"";"";"";"1017,5";"1017,5";"1017,2";"1,3";"213,0";"4,4";"";"0,0"
"12/09/2025";"0000";"";"";"";"65,0";"72,0";"65,0";"";"";"";"1017,9";"1017,9";"1017,5";"1,6";"199,0";"4,1";"";"0,0"
"12/09/2025";"0100";"";"";"";"72,0";"72,0";"65,0";"";"";"";"1018,1";"1018,1";"1017,9";"0,9";"336,0";"2,9";"";"0,0"
"12/09/2025";"0200";"";"";"";"72,0";"73,0";"71,0";"";"";"";"1018,0";"1018,2";"1018,0";"0,9";"234,0";"3,5";"";"0,0"
"12/09/2025";"0300";"";"";"";"70,0";"73,0";"70,0";"";"";"";"1017,4";"1018,0";"1017,4";"1,1";"204,0";"3,5";"";"0,0"
"12/09/2025";"0400";"";"";"";"74,0";"74,0";"70,0";"";"";"";"1016,6";"1017,4";"1016,6";"1,8";"113,0";"4,8";"";"0,0"
"12/09/2025";"0500";"";"";"";"73,0";"76,0";"73,0";"";"";"";"1016,0";"1016,6";"1016,0";"0,7";"289,0";"4,8";"";"0,0"
"12/09/2025";"0600";"";"";"";"74,0";"76,0";"72,0";"";"";"";"1015,6";"1016,0";"1015,6";"0,9";"12,0";"2,9";"";"0,0"
"12/09/2025";"0700";"";"";"";"75,0";"75,0";"72,0";"";"";"";"1015,5";"1015,6";"1015,5";"0,8";"298,0";"2,8";"";"0,0"
"12/09/2025";"0800";"";"";"";"72,0";"77,0";"72,0";"";"";"";"1015,8";"1015,8";"1015,5";"2,8";"88,0";"6,2";"";"0,0"
"12/09/2025";"0900";"";"";"";"75,0";"76,0";"72,0";"";"";"";"1016,5";"1016,5";"1015,8";"0,9";"331,0";"5,1";"17,70";"0,0"
"12/09/2025";"1000";"";"";"";"66,0";"75,0";"66,0";"";"";"";"1017,2";"1017,2";"1016,5";"1,4";"60,0";"5,0";"382,90";"0,0"
"12/09/2025";"1100";"";"";"";"60,0";"67,0";"60,0";"";"";"";"1017,8";"1017,8";"1017,2";"1,1";"46,0";"3,6";"1022,40";"0,0"
"12/09/2025";"1200";"";"";"";"61,0";"61,0";"56,0";"";"";"";"1018,2";"1018,2";"1017,8";"1,2";"45,0";"4,0";"1967,30";"0,0"
"12/09/2025";"1300";"";"";"";"58,0";"61,0";"55,0";"";"";"";"1018,2";"1018,4";"1018,1";"1,3";"170,0";"6,5";"2411,20";"0,0"
"12/09/2025";"1400";"";"";"";"54,0";"60,0";"51,0";"";"";"";"1017,7";"1018,2";"1017,7";"1,1";"28,0";"6,0";"2425,90";"0,0"
"12/09/2025";"1500";"";"";"";"58,0";"59,0";"52,0";"";"";"";"1016,9";"1017,7";"1016,9";"1,9";"82,0";"5,8";"2643,30";"0,0"
"12/09/2025";"1600";"";"";"";"55,0";"60,0";"52,0";"";"";"";"1015,7";"1016,9";"1015,7";"1,8";"65,0";"5,9";"2511,60";"0,0"
"12/09/2025";"1700";"";"";"";"56,0";"58,0";"52,0";"";"";"";"1015,1";"1015,8";"1015,1";"1,9";"70,0";"5,9";"2532,20";"0,0"
"12/09/2025";"1800";"";"";"";"59,0";"62,0";"53,0";"";"";"";"1014,9";"1015,1";"1014,8";"1,9";"69,0";"6,2";"1824,60";"0,0"
"12/09/2025";"1900";"";"";"";"61,0";"62,0";"56,0";"";"";"";"1015,0";"1015,0";"1014,8";"1,1";"324,0";"6,2";"984,90";"0,0"
"12/09/2025";"2000";"";"";"";"64,0";"64,0";"58,0";"";"";"";"1015,3";"1015,4";"1015,0";"1,1";"347,0";"3,7";"398,50";"0,0"
"12/09/2025";"2100";"";"";"";"65,0";"66,0";"63,0";"";"";"";"1015,8";"1015,8";"1015,3";"1,1";"347,0";"3,6";"39,80";"0,0"
"12/09/2025";"2200";"";"";"";"66,0";"66,0";"64,0";"";"";"";"1016,1";"1016,2";"1015,8";"1,1";"292,0";"3,4";"";"0,0"
"12/09/2025";"2300";"";"";"";"68,0";"68,0";"65,0";"";"";"";"1016,6";"1016,6";"1016,1";"1,0";"248,0";"4,4";"";"0,0"
"13/09/2025";"0000";"";"";"";"68,0";"70,0";"65,0";"";"";"";"1017,3";"1017,3";"1016,6";"1,3";"6,0";"3,0";"";"0,0"
"13/09/2025";"0100";"";"";"";"69,0";"70,0";"67,0";"";"";"";"1017,4";"1017,5";"1017,3";"0,9";"298,0";"3,0";"";"0,0"
"13/09/2025";"0200";"";"";"";"69,0";"71,0";"68,0";"";"";"";"1017,1";"1017,5";"1017,1";"1,1";"329,0";"3,7";"";"0,0"
"13/09/2025";"0300";"";"";"";"69,0";"70,0";"67,0";"";"";"";"1016,6";"1017,1";"1016,6";"1,0";"299,0";"2,9";"";"0,0"
"13/09/2025";"0400";"";"";"";"73,0";"73,0";"69,0";"";"";"";"1016,2";"1016,6";"1016,1";"1,0";"239,0";"2,9";"";"0,0"
"13/09/2025";"0500";"";"";"";"74,0";"74,0";"65,0";"";"";"";"1015,8";"1016,2";"1015,8";"1,1";"329,0";"4,3";"";"0,0"
"13/09/2025";"0600";"";"";"";"72,0";"74,0";"71,0";"";"";"";"1015,6";"1015,8";"1015,6";"0,9";"310,0";"2,9";"";"0,0"
"13/09/2025";"0700";"";"";"";"69,0";"72,0";"68,0";"";"";"";"1015,8";"1015,8";"1015,6";"0,9";"259,0";"2,9";"";"0,0"
"13/09/2025";"0800";"";"";"";"68,0";"70,0";"67,0";"";"";"";"1016,0";"1016,1";"1015,7";"0,9";"256,0";"2,7";"";"0,0"
"13/09/2025";"0900";"";"";"";"68,0";"72,0";"68,0";"";"";"";"1016,6";"1016,6";"1016,0";"1,2";"224,0";"3,4";"24,90";"0,0"
"13/09/2025";"1000";"";"";"";"64,0";"68,0";"63,0";"";"";"";"1017,0";"1017,0";"1016,5";"1,3";"217,0";"3,4";"483,10";"0,0"
"13/09/2025";"1100";"";"";"";"61,0";"68,0";"59,0";"";"";"";"1017,5";"1017,5";"1017,0";"1,1";"227,0";"3,5";"1000,40";"0,0"
"13/09/2025";"1200";"";"";"";"55,0";"63,0";"54,0";"";"";"";"1018,1";"1018,1";"1017,5";"1,5";"96,0";"5,5";"2016,90";"0,0"
"13/09/2025";"1300";"";"";"";"60,0";"61,0";"54,0";"";"";"";"1018,1";"1018,2";"1018,0";"1,8";"185,0";"5,4";"1789,00";"0,0"
"13/09/2025";"1400";"";"";"";"53,0";"61,0";"51,0";"";"";"";"1017,8";"1018,2";"1017,8";"1,2";"197,0";"5,3";"2588,00";"0,0"
"13/09/2025";"1500";"";"";"";"50,0";"58,0";"50,0";"";"";"";"1017,3";"1017,9";"1017,2";"2,0";"189,0";"5,6";"2645,20";"0,0"
"13/09/2025";"1600";"";"";"";"53,0";"57,0";"50,0";"";"";"";"1016,6";"1017,3";"1016,5";"2,2";"188,0";"6,6";"2585,00";"0,0"
"13/09/2025";"1700";"";"";"";"56,0";"58,0";"52,0";"";"";"";"1015,9";"1016,6";"1015,9";"1,7";"183,0";"6,7";"1869,20";"0,0"
"13/09/2025";"1800";"";"";"";"55,0";"58,0";"51,0";"";"";"";"1015,5";"1015,9";"1015,5";"2,0";"189,0";"6,1";"1367,40";"0,0"
"13/09/2025";"1900";"";"";"";"60,0";"60,0";"55,0";"";"";"";"1015,5";"1015,6";"1015,5";"1,5";"208,0";"5,1";"608,80";"0,0"
"13/09/2025";"2000";"";"";"";"62,0";"65,0";"59,0";"";"";"";"1015,9";"1015,9";"1015,5";"1,9";"191,0";"6,7";"274,70";"0,0"
"13/09/2025";"2100";"";"";"";"64,0";"64,0";"60,0";"";"";"";"1016,2";"1016,2";"1015,9";"1,8";"204,0";"4,6";"41,70";"0,0"
"13/09/2025";"2200";"";"";"";"66,0";"67,0";"64,0";"";"";"";"1016,3";"1016,4";"1016,2";"0,9";"337,0";"4,3";"";"0,0"
"13/09/2025";"2300";"";"";"";"67,0";"67,0";"65,0";"";"";"";"1016,9";"1016,9";"1016,3";"0,8";"316,0";"4,0";"";"0,0"
"14/09/2025";"0000";"";"";"";"67,0";"68,0";"66,0";"";"";"";"1017,4";"1017,4";"1016,9";"1,0";"250,0";"3,3";"";"0,0"
"14/09/2025";"0100";"";"";"";"67,0";"68,0";"67,0";"";"";"";"1017,5";"1017,6";"1017,4";"1,2";"214,0";"3,3";"";"0,0"
"14/09/2025";"0200";"";"";"";"69,0";"70,0";"67,0";"";"";"";"1017,3";"1017,5";"1017,3";"1,1";"221,0";"2,8";"";"0,0"
"14/09/2025";"0300";"";"";"";"70,0";"70,0";"67,0";"";"";"";"1016,7";"1017,3";"1016,7";"1,1";"222,0";"3,1";"";"0,0"
"14/09/2025";"0400";"";"";"";"69,0";"71,0";"68,0";"";"";"";"1016,1";"1016,7";"1016,1";"1,1";"275,0";"3,9";"";"0,0"
"14/09/2025";"0500";"";"";"";"70,0";"71,0";"68,0";"";"";"";"1015,9";"1016,1";"1015,8";"0,9";"221,0";"3,9";"";"0,0"
"14/09/2025";"0600";"";"";"";"73,0";"74,0";"70,0";"";"";"";"1015,9";"1016,0";"1015,8";"0,9";"226,0";"2,6";"";"0,0"
"14/09/2025";"0700";"";"";"";"70,0";"73,0";"70,0";"";"";"";"1015,8";"1015,9";"1015,8";"1,0";"303,0";"2,6";"";"0,0"
"14/09/2025";"0800";"";"";"";"72,0";"74,0";"70,0";"";"";"";"1016,3";"1016,3";"1015,8";"0,8";"323,0";"2,3";"";"0,0"
"14/09/2025";"0900";"";"";"";"73,0";"74,0";"72,0";"";"";"";"1016,8";"1016,8";"1016,3";"1,0";"317,0";"2,9";"32,50";"0,0"
"14/09/2025";"1000";"";"";"";"63,0";"74,0";"62,0";"";"";"";"1017,2";"1017,2";"1016,8";"1,0";"320,0";"3,4";"604,70";"0,0"
"14/09/2025";"1100";"";"";"";"59,0";"65,0";"58,0";"";"";"";"1017,8";"1017,8";"1017,2";"1,9";"189,0";"5,2";"1198,10";"0,0"
"14/09/2025";"1200";"";"";"";"63,0";"63,0";"58,0";"";"";"";"1018,3";"1018,3";"1017,8";"1,1";"26,0";"5,2";"1215,00";"0,0"
"14/09/2025";"1300";"";"";"";"59,0";"64,0";"55,0";"";"";"";"1018,6";"1018,6";"1018,3";"1,5";"94,0";"6,0";"2614,80";"0,0"
"14/09/2025";"1400";"";"";"";"62,0";"62,0";"54,0";"";"";"";"1018,1";"1018,6";"1018,1";"1,9";"197,0";"6,0";"2694,70";"0,0"
"14/09/2025";"1500";"";"";"";"61,0";"63,0";"58,0";"";"";"";"1017,5";"1018,2";"1017,5";"1,9";"182,0";"5,8";"2234,80";"0,0"
"14/09/2025";"1600";"";"";"";"60,0";"63,0";"57,0";"";"";"";"1016,6";"1017,5";"1016,6";"2,5";"199,0";"5,9";"1848,20";"0,0"
"14/09/2025";"1700";"";"";"";"60,0";"63,0";"55,0";"";"";"";"1015,9";"1016,6";"1015,9";"2,6";"191,0";"7,1";"1658,30";"0,0"
"14/09/2025";"1800";"";"";"";"65,0";"67,0";"60,0";"";"";"";"1015,7";"1015,9";"1015,5";"2,2";"191,0";"6,4";"991,10";"0,0"
"14/09/2025";"1900";"";"";"";"68,0";"68,0";"64,0";"";"";"";"1015,8";"1015,9";"1015,7";"2,0";"187,0";"5,0";"693,00";"0,0"
"14/09/2025";"2000";"";"";"";"68,0";"69,0";"65,0";"";"";"";"1016,1";"1016,1";"1015,8";"1,6";"192,0";"6,2";"339,10";"0,0"
"14/09/2025";"2100";"";"";"";"75,0";"75,0";"68,0";"";"";"";"1016,4";"1016,4";"1016,1";"2,8";"200,0";"8,5";"31,50";"0,0"
"14/09/2025";"2200";"";"";"";"76,0";"78,0";"74,0";"";"";"";"1016,7";"1016,7";"1016,4";"1,7";"202,0";"8,5";"";"0,0"
"14/09/2025";"2300";"";"";"";"84,0";"86,0";"76,0";"";"";"";"1017,4";"1017,4";"1016,7";"1,1";"220,0";"7,6";"";"5,6"
"15/09/2025";"0000";"";"";"";"81,0";"84,0";"81,0";"";"";"";"1017,9";"1017,9";"1017,4";"1,3";"227,0";"4,9";"";"0,0"
"15/09/2025";"0100";"";"";"";"74,0";"80,0";"72,0";"";"";"";"1018,1";"1018,2";"1017,9";"0,7";"262,0";"4,5";"0,40";"0,0"
"15/09/2025";"0200";"";"";"";"83,0";"83,0";"75,0";"";"";"";"1017,7";"1018,1";"1017,7";"0,7";"255,0";"3,1";"";"0,2"
"15/09/2025";"0300";"";"";"";"80,0";"83,0";"79,0";"";"";"";"1017,3";"1017,7";"1017,3";"1,0";"301,0";"3,9";"";"0,0"
"15/09/2025";"0400";"";"";"";"78,0";"83,0";"77,0";"";"";"";"1016,8";"1017,3";"1016,8";"1,3";"222,0";"4,7";"";"0,0"
"15/09/2025";"0500";"";"";"";"78,0";"78,0";"77,0";"";"";"";"1016,2";"1016,8";"1016,2";"1,6";"205,0";"4,8";"";"0,0"
"15/09/2025";"0600";"";"";"";"80,0";"80,0";"77,0";"";"";"";"1016,1";"1016,2";"1015,9";"1,4";"302,0";"4,2";"";"0,0"
"15/09/2025";"0700";"";"";"";"77,0";"80,0";"77,0";"";"";"";"1016,2";"1016,3";"1016,1";"1,4";"50,0";"4,3";"";"0,0"
"15/09/2025";"0800";"";"";"";"84,0";"84,0";"77,0";"";"";"";"1016,8";"1016,8";"1016,2";"1,5";"260,0";"6,2";"";"0,0"
"15/09/2025";"0900";"";"";"";"87,0";"87,0";"84,0";"";"";"";"1017,1";"1017,1";"1016,8";"2,2";"86,0";"7,0";"7,60";"0,2"
"15/09/2025";"1000";"";"";"";"89,0";"90,0";"85,0";"";"";"";"1017,6";"1017,7";"1017,1";"1,3";"189,0";"5,6";"172,50";"1,4"
"15/09/2025";"1100";"";"";"";"86,0";"90,0";"86,0";"";"";"";"1018,1";"1018,1";"1017,6";"1,2";"264,0";"3,9";"525,40";"0,6"
"15/09/2025";"1200";"";"";"";"73,0";"86,0";"73,0";"";"";"";"1018,1";"1018,4";"1018,1";"1,1";"217,0";"3,9";"1086,50";"0,0"
"15/09/2025";"1300";"";"";"";"73,0";"74,0";"64,0";"";"";"";"1018,2";"1018,3";"1018,1";"2,5";"192,0";"5,8";"1570,40";"0,0"
"15/09/2025";"1400";"";"";"";"89,0";"90,0";"73,0";"";"";"";"1018,2";"1018,5";"1018,2";"1,9";"64,0";"7,4";"816,60";"3,8"
"15/09/2025";"1500";"";"";"";"74,0";"90,0";"74,0";"";"";"";"1017,0";"1018,2";"1017,0";"1,3";"279,0";"5,8";"1856,00";"0,0"
"15/09/2025";"1600";"";"";"";"71,0";"76,0";"71,0";"";"";"";"1016,1";"1017,0";"1016,1";"1,1";"39,0";"4,8";"1648,70";"0,0"
"15/09/2025";"1700";"";"";"";"68,0";"76,0";"66,0";"";"";"";"1015,6";"1016,1";"1015,6";"3,7";"82,0";"8,3";"1592,90";"0,0"
"15/09/2025";"1800";"";"";"";"71,0";"75,0";"67,0";"";"";"";"1015,2";"1015,6";"1015,2";"1,2";"222,0";"7,4";"992,40";"0,0"
"15/09/2025";"1900";"";"";"";"70,0";"73,0";"66,0";"";"";"";"1015,2";"1015,3";"1015,0";"1,2";"232,0";"3,9";"894,60";"0,0"
"15/09/2025";"2000";"";"";"";"72,0";"74,0";"66,0";"";"";"";"1015,3";"1015,3";"1015,1";"0,9";"345,0";"5,0";"292,70";"0,0"
"15/09/2025";"2100";"";"";"";"81,0";"81,0";"70,0";"";"";"";"1015,8";"1015,8";"1015,3";"1,0";"4,0";"8,6";"19,00";"0,0"
"15/09/2025";"2200";"";"";"";"71,0";"81,0";"71,0";"";"";"";"1016,0";"1016,0";"1015,8";"1,1";"355,0";"5,4";"";"0,0"
"15/09/2025";"2300";"";"";"";"71,0";"72,0";"69,0";"";"";"";"1016,6";"1016,6";"1016,0";"1,8";"73,0";"4,9";"";"0,0"
"16/09/2025";"0000";"";"";"";"76,0";"83,0";"71,0";"";"";"";"1017,1";"1017,1";"1016,6";"1,3";"50,0";"7,4";"";"0,4"
"16/09/2025";"0100";"";"";"";"74,0";"76,0";"72,0";"";"";"";"1017,4";"1017,5";"1017,1";"1,3";"329,0";"3,7";"";"0,0"
"16/09/2025";"0200";"";"";"";"74,0";"74,0";"72,0";"";"";"";"1017,2";"1017,4";"1017,1";"1,2";"173,0";"3,6";"";"0,0"
"16/09/2025";"0300";"";"";"";"76,0";"76,0";"73,0";"";"";"";"1016,6";"1017,2";"1016,5";"1,4";"282,0";"3,9";"";"0,0"
"16/09/2025";"0400";"";"";"";"77,0";"78,0";"75,0";"";"";"";"1015,9";"1016,5";"1015,9";"1,1";"350,0";"5,1";"";"0,0"
"16/09/2025";"0500";"";"";"";"79,0";"79,0";"72,0";"";"";"";"1015,2";"1015,9";"1015,2";"3,3";"83,0";"7,3";"";"0,4"
"16/09/2025";"0600";"";"";"";"78,0";"82,0";"78,0";"";"";"";"1015,2";"1015,2";"1015,1";"1,3";"1,0";"6,9";"";"0,0"
"16/09/2025";"0700";"";"";"";"75,0";"78,0";"75,0";"";"";"";"1015,0";"1015,2";"1015,0";"1,2";"57,0";"4,0";"";"0,0"
"16/09/2025";"0800";"";"";"";"78,0";"78,0";"75,0";"";"";"";"1015,4";"1015,4";"1015,0";"1,3";"308,0";"6,3";"";"0,0"
"16/09/2025";"0900";"";"";"";"76,0";"78,0";"73,0";"";"";"";"1015,9";"1015,9";"1015,4";"1,3";"347,0";"8,0";"22,40";"0,0"
"16/09/2025";"1000";"";"";"";"74,0";"78,0";"68,0";"";"";"";"1016,3";"1016,3";"1015,9";"3,8";"88,0";"7,9";"545,70";"0,0"
"16/09/2025";"1100";"";"";"";"72,0";"74,0";"68,0";"";"";"";"1017,0";"1017,1";"1016,3";"3,1";"81,0";"8,5";"1228,70";"0,0"
"16/09/2025";"1200";"";"";"";"70,0";"73,0";"67,0";"";"";"";"1017,6";"1017,6";"1017,0";"3,7";"79,0";"8,1";"1560,40";"0,0"
"16/09/2025";"1300";"";"";"";"64,0";"71,0";"62,0";"";"";"";"1017,6";"1017,8";"1017,5";"3,0";"83,0";"8,8";"2424,10";"0,0"
"16/09/2025";"1400";"";"";"";"68,0";"68,0";"60,0";"";"";"";"1017,1";"1017,6";"1017,1";"3,8";"88,0";"8,4";"2267,40";"0,0"
"16/09/2025";"1500";"";"";"";"69,0";"71,0";"61,0";"";"";"";"1016,3";"1017,1";"1016,3";"2,0";"77,0";"8,2";"1692,30";"0,0"
"16/09/2025";"1600";"";"";"";"72,0";"72,0";"63,0";"";"";"";"1015,7";"1016,3";"1015,7";"3,6";"84,0";"7,4";"1733,00";"0,0"
"16/09/2025";"1700";"";"";"";"72,0";"73,0";"64,0";"";"";"";"1015,1";"1015,7";"1015,0";"1,6";"63,0";"7,5";"1408,90";"0,0"
"16/09/2025";"1800";"";"";"";"83,0";"84,0";"72,0";"";"";"";"1015,1";"1015,1";"1014,9";"2,7";"202,0";"6,6";"432,10";"0,0"
"16/09/2025";"1900";"";"";"";"83,0";"85,0";"81,0";"";"";"";"1015,1";"1015,2";"1015,0";"0,9";"359,0";"6,6";"314,70";"0,6"
"16/09/2025";"2000";"";"";"";"67,0";"84,0";"65,0";"";"";"";"1015,2";"1015,2";"1015,0";"2,1";"78,0";"5,8";"177,00";"0,0"
"16/09/2025";"2100";"";"";"";"67,0";"67,0";"64,0";"";"";"";"1015,3";"1015,3";"1015,0";"3,3";"87,0";"6,9";"28,50";"0,0"
"16/09/2025";"2200";"";"";"";"67,0";"68,0";"66,0";"";"";"";"1015,7";"1015,7";"1015,3";"2,8";"83,0";"6,0";"";"0,0"
"16/09/2025";"2300";"";"";"";"69,0";"73,0";"67,0";"";"";"";"1016,1";"1016,2";"1015,7";"3,4";"87,0";"6,0";"";"0,0"
"17/09/2025";"0000";"";"";"";"69,0";"72,0";"68,0";"";"";"";"1016,4";"1016,4";"1016,1";"1,5";"86,0";"6,0";"";"0,0"
"17/09/2025";"0100";"";"";"";"67,0";"69,0";"66,0";"";"";"";"1016,8";"1016,8";"1016,3";"2,2";"87,0";"6,9";"";"0,0"
"17/09/2025";"0200";"";"";"";"67,0";"68,0";"66,0";"";"";"";"1016,5";"1016,8";"1016,5";"3,0";"86,0";"6,8";"";"0,0"
"17/09/2025";"0300";"";"";"";"67,0";"68,0";"65,0";"";"";"";"1015,7";"1016,6";"1015,7";"3,4";"88,0";"6,8";"";"0,0"
"17/09/2025";"0400";"";"";"";"69,0";"70,0";"67,0";"";"";"";"1014,8";"1015,7";"1014,8";"3,5";"84,0";"7,1";"";"0,0"
"17/09/2025";"0500";"";"";"";"74,0";"74,0";"67,0";"";"";"";"1014,3";"1014,8";"1014,3";"1,1";"343,0";"7,1";"";"0,0"
"17/09/2025";"0600";"";"";"";"68,0";"75,0";"68,0";"";"";"";"1014,5";"1014,6";"1014,3";"2,4";"86,0";"6,1";"";"0,0"
"17/09/2025";"0700";"";"";"";"67,0";"71,0";"67,0";"";"";"";"1014,7";"1014,8";"1014,5";"3,0";"87,0";"6,5";"";"0,0"
"17/09/2025";"0800";"";"";"";"70,0";"70,0";"67,0";"";"";"";"1015,1";"1015,1";"1014,7";"3,2";"88,0";"6,9";"";"0,0"
"17/09/2025";"0900";"";"";"";"67,0";"71,0";"67,0";"";"";"";"1015,6";"1015,6";"1015,1";"2,7";"85,0";"6,9";"31,60";"0,0"
"17/09/2025";"1000";"";"";"";"65,0";"70,0";"65,0";"";"";"";"1016,1";"1016,1";"1015,6";"2,6";"84,0";"6,4";"505,60";"0,0"
"17/09/2025";"1100";"";"";"";"65,0";"69,0";"63,0";"";"";"";"1016,8";"1016,8";"1016,1";"2,9";"84,0";"6,5";"1166,00";"0,0"
"17/09/2025";"1200";"";"";"";"62,0";"65,0";"60,0";"";"";"";"1017,3";"1017,3";"1016,7";"2,3";"75,0";"6,4";"1711,20";"0,0"
"17/09/2025";"1300";"";"";"";"61,0";"65,0";"59,0";"";"";"";"1017,1";"1017,4";"1017,1";"3,2";"80,0";"6,1";"2140,90";"0,0"
"17/09/2025";"1400";"";"";"";"63,0";"63,0";"58,0";"";"";"";"1016,7";"1017,1";"1016,7";"3,8";"84,0";"6,9";"2682,70";"0,0"
"17/09/2025";"1500";"";"";"";"58,0";"63,0";"58,0";"";"";"";"1015,7";"1016,7";"1015,7";"3,0";"79,0";"7,1";"2758,00";"0,0"
"17/09/2025";"1600";"";"";"";"56,0";"61,0";"55,0";"";"";"";"1014,8";"1015,7";"1014,8";"2,6";"77,0";"7,3";"2768,20";"0,0"
"17/09/2025";"1700";"";"";"";"59,0";"62,0";"55,0";"";"";"";"1014,1";"1014,8";"1014,0";"2,3";"75,0";"6,5";"2491,40";"0,0"
"17/09/2025";"1800";"";"";"";"54,0";"60,0";"53,0";"";"";"";"1013,8";"1014,1";"1013,8";"1,0";"293,0";"7,3";"2035,20";"0,0"
"17/09/2025";"1900";"";"";"";"";"";"";"";"";"";"";"";"";"";"";"";"";""
"17/09/2025";"2000";"";"";"";"";"";"";"";"";"";"";"";"";"";"";"";"";""
"17/09/2025";"2100";"";"";"";"";"";"";"";"";"";"";"";"";"";"";"";"";""
"17/09/2025";"2200";"";"";"";"";"";"";"";"";"";"";"";"";"";"";"";"";""
"17/09/2025";"2300";"";"";"";"";"";"";"";"";"";"";"";"";"";"";"";"";""
"18/09/2025";"0000";"";"";"";"";"";"";"";"";"";"";"";"";"";"";"";"";""
"18/09/2025";"0100";"";"";"";"";"";"";"";"";"";"";"";"";"";"";"";"";""
"18/09/2025";"0200";"";"";"";"";"";"";"";"";"";"";"";"";"";"";"";"";""
"18/09/2025";"0300";"";"";"";"";"";"";"";"";"";"";"";"";"";"";"";"";""
"18/09/2025";"0400";"";"";"";"";"";"";"";"";"";"";"";"";"";"";"";"";""
"18/09/2025";"0500";"";"";"";"";"";"";"";"";"";"";"";"";"";"";"";"";""
"18/09/2025";"0600";"";"";"";"";"";"";"";"";"";"";"";"";"";"";"";"";""
"18/09/2025";"0700";"";"";"";"";"";"";"";"";"";"";"";"";"";"";"";"";""
"18/09/2025";"0800";"";"";"";"";"";"";"";"";"";"";"";"";"";"";"";"";""
"18/09/2025";"0900";"";"";"";"";"";"";"";"";"";"";"";"";"";"";"";"";""
"18/09/2025";"1000";"";"";"";"";"";"";"";"";"";"";"";"";"";"";"";"";""
"18/09/2025";"1100";"";"";"";"";"";"";"";"";"";"";"";"";"";"";"";"";""
"18/09/2025";"1200";"";"";"";"";"";"";"";"";"";"";"";"";"";"";"";"";""
"18/09/2025";"1300";"";"";"";"59,0";"63,0";"58,0";"";"";"";"1017,4";"1017,6";"1017,4";"4,5";"86,0";"7,7";"2426,20";"0,0"
"18/09/2025";"1400";"";"";"";"62,0";"63,0";"58,0";"";"";"";"1017,0";"1017,5";"1017,0";"4,0";"86,0";"8,0";"2480,20";"0,0"
"18/09/2025";"1500";"";"";"";"60,0";"62,0";"57,0";"";"";"";"1016,4";"1017,0";"1016,3";"4,3";"85,0";"7,6";"2668,50";"0,0"
"18/09/2025";"1600";"";"";"";"59,0";"61,0";"55,0";"";"";"";"1015,5";"1016,4";"1015,5";"3,8";"86,0";"8,5";"2602,30";"0,0"
"18/09/2025";"1700";"";"";"";"58,0";"60,0";"57,0";"";"";"";"1014,7";"1015,5";"1014,7";"3,6";"86,0";"7,1";"2488,60";"0,0"
"18/09/2025";"1800";"";"";"";"61,0";"62,0";"56,0";"";"";"";"1014,7";"1014,7";"1014,5";"2,7";"78,0";"6,8";"1975,10";"0,0"
"18/09/2025";"1900";"";"";"";"63,0";"64,0";"59,0";"";"";"";"1015,0";"1015,0";"1014,7";"2,4";"83,0";"6,1";"1224,50";"0,0"
"18/09/2025";"2000";"";"";"";"67,0";"67,0";"63,0";"";"";"";"1015,4";"1015,4";"1015,0";"1,9";"78,0";"5,5";"387,50";"0,0"
"18/09/2025";"2100";"";"";"";"67,0";"68,0";"66,0";"";"";"";"1015,9";"1015,9";"1015,4";"1,5";"77,0";"5,3";"22,60";"0,0"
"18/09/2025";"2200";"";"";"";"71,0";"72,0";"67,0";"";"";"";"1016,4";"1016,4";"1015,9";"1,0";"10,0";"4,7";"";"0,0"
"18/09/2025";"2300";"";"";"";"71,0";"71,0";"68,0";"";"";"";"1017,1";"1017,1";"1016,4";"1,1";"6,0";"4,8";"";"0,0"
"19/09/2025";"0000";"";"";"";"74,0";"74,0";"71,0";"";"";"";"1017,4";"1017,4";"1017,0";"1,1";"351,0";"4,8";"";"0,0"
"19/09/2025";"0100";"";"";"";"72,0";"74,0";"72,0";"";"";"";"1017,7";"1017,7";"1017,4";"1,3";"64,0";"4,5";"";"0,0"
"19/09/2025";"0200";"";"";"";"68,0";"72,0";"66,0";"";"";"";"1017,4";"1017,7";"1017,4";"4,0";"87,0";"7,9";"";"0,0"
"19/09/2025";"0300";"";"";"";"65,0";"70,0";"65,0";"";"";"";"1016,9";"1017,4";"1016,9";"3,8";"85,0";"8,0";"";"0,0"
"19/09/2025";"0400";"";"";"";"67,0";"69,0";"65,0";"";"";"";"1016,4";"1016,9";"1016,4";"2,2";"83,0";"7,7";"";"0,0"
"19/09/2025";"0500";"";"";"";"67,0";"69,0";"67,0";"";"";"";"1015,9";"1016,5";"1015,9";"3,6";"86,0";"7,7";"";"0,0"
"19/09/2025";"0600";"";"";"";"68,0";"69,0";"67,0";"";"";"";"1016,0";"1016,0";"1015,8";"2,7";"85,0";"7,2";"";"0,0"
"19/09/2025";"0700";"";"";"";"68,0";"70,0";"68,0";"";"";"";"1015,9";"1016,0";"1015,9";"2,2";"85,0";"5,8";"";"0,0"
"19/09/2025";"0800";"";"";"";"69,0";"71,0";"68,0";"";"";"";"1016,2";"1016,2";"1015,9";"2,2";"78,0";"5,9";"";"0,0"
"19/09/2025";"0900";"";"";"";"70,0";"72,0";"69,0";"";"";"";"1016,9";"1016,9";"1016,2";"1,3";"59,0";"5,6";"29,30";"0,0"
"19/09/2025";"1000";"";"";"";"64,0";"71,0";"64,0";"";"";"";"1017,7";"1017,7";"1016,9";"1,7";"69,0";"5,7";"494,70";"0,0"
"19/09/2025";"1100";"";"";"";"57,0";"65,0";"57,0";"";"";"";"1018,6";"1018,6";"1017,7";"2,4";"87,0";"6,6";"1133,70";"0,0"
"19/09/2025";"1200";"";"";"";"61,0";"62,0";"57,0";"";"";"";"1019,1";"1019,1";"1018,6";"2,9";"83,0";"6,1";"1546,10";"0,0"
"19/09/2025";"1300";"";"";"";"60,0";"63,0";"56,0";"";"";"";"1019,0";"1019,1";"1019,0";"4,0";"88,0";"6,8";"2191,50";"0,0"
"19/09/2025";"1400";"";"";"";"58,0";"62,0";"56,0";"";"";"";"1018,5";"1019,0";"1018,5";"2,9";"79,0";"6,9";"2568,70";"0,0"
"19/09/2025";"1500";"";"";"";"60,0";"62,0";"56,0";"";"";"";"1018,0";"1018,5";"1018,0";"3,4";"81,0";"7,0";"2579,00";"0,0"
"19/09/2025";"1600";"";"";"";"55,0";"62,0";"54,0";"";"";"";"1017,1";"1018,0";"1017,1";"3,6";"81,0";"7,0";"2451,50";"0,0"
"19/09/2025";"1700";"";"";"";"56,0";"59,0";"53,0";"";"";"";"1016,6";"1017,1";"1016,6";"3,5";"80,0";"7,5";"2381,90";"0,0"
"19/09/2025";"1800";"";"";"";"62,0";"63,0";"56,0";"";"";"";"1015,9";"1016,6";"1015,9";"2,8";"83,0";"6,9";"1804,40";"0,0"
"19/09/2025";"1900";"";"";"";"63,0";"64,0";"60,0";"";"";"";"1016,0";"1016,0";"1015,8";"3,0";"86,0";"5,9";"1136,70";"0,0"
"19/09/2025";"2000";"";"";"";"59,0";"64,0";"59,0";"";"";"";"1016,1";"1016,1";"1015,9";"2,1";"84,0";"5,6";"391,00";"0,0"
"19/09/2025";"2100";"";"";"";"62,0";"63,0";"58,0";"";"";"";"1016,9";"1016,9";"1016,1";"2,2";"79,0";"5,7";"31,00";"0,0"
"19/09/2025";"2200";"";"";"";"65,0";"66,0";"62,0";"";"";"";"1017,3";"1017,3";"1016,9";"2,8";"83,0";"6,7";"";"0,0"
"19/09/2025";"2300";"";"";"";"66,0";"67,0";"64,0";"";"";"";"1018,0";"1018,0";"1017,3";"3,2";"84,0";"7,2";"";"0,0"
"20/09/2025";"0000";"";"";"";"69,0";"70,0";"66,0";"";"";"";"1018,4";"1018,4";"1018,0";"4,1";"87,0";"8,5";"";"0,0"
"20/09/2025";"0100";"";"";"";"70,0";"71,0";"69,0";"";"";"";"1018,7";"1018,7";"1018,4";"2,9";"85,0";"8,2";"";"0,0"
"20/09/2025";"0200";"";"";"";"70,0";"72,0";"68,0";"";"";"";"1018,1";"1018,7";"1018,1";"1,5";"75,0";"6,4";"";"0,0"
"20/09/2025";"0300";"";"";"";"69,0";"71,0";"69,0";"";"";"";"1017,4";"1018,1";"1017,4";"2,6";"84,0";"5,5";"";"0,0"
"20/09/2025";"0400";"";"";"";"68,0";"70,0";"67,0";"";"";"";"1016,6";"1017,5";"1016,6";"2,8";"82,0";"6,1";"";"0,0"
"20/09/2025";"0500";"";"";"";"68,0";"70,0";"68,0";"";"";"";"1016,2";"1016,7";"1016,2";"2,9";"86,0";"6,0";"";"0,0"
"20/09/2025";"0600";"";"";"";"72,0";"73,0";"68,0";"";"";"";"1016,0";"1016,3";"1016,0";"2,0";"80,0";"6,1";"";"0,0"
"20/09/2025";"0700";"";"";"";"71,0";"72,0";"69,0";"";"";"";"1016,2";"1016,2";"1016,0";"2,1";"86,0";"5,4";"";"0,0"
"20/09/2025";"0800";"";"";"";"70,0";"71,0";"69,0";"";"";"";"1016,6";"1016,6";"1016,1";"1,9";"84,0";"5,0";"";"0,0"
"20/09/2025";"0900";"";"";"";"73,0";"73,0";"68,0";"";"";"";"1017,3";"1017,3";"1016,6";"0,8";"304,0";"4,0";"22,70";"0,0"
"20/09/2025";"1000";"";"";"";"73,0";"77,0";"72,0";"";"";"";"1017,6";"1017,6";"1017,3";"1,0";"313,0";"3,3";"454,10";"0,0"
"20/09/2025";"1100";"";"";"";"72,0";"74,0";"62,0";"";"";"";"1018,3";"1018,3";"1017,6";"2,3";"88,0";"3,7";"1037,00";"0,0"
"20/09/2025";"1200";"";"";"";"82,0";"83,0";"69,0";"";"";"";"1018,6";"1018,8";"1018,2";"2,7";"40,0";"6,7";"766,00";"1,6"
"20/09/2025";"1300";"";"";"";"66,0";"83,0";"65,0";"";"";"";"1018,2";"1018,6";"1018,1";"1,9";"87,0";"6,7";"1960,60";"0,2"
"20/09/2025";"1400";"";"";"";"64,0";"68,0";"63,0";"";"";"";"1017,7";"1018,2";"1017,7";"1,6";"77,0";"4,4";"2373,10";"0,0"
"20/09/2025";"1500";"";"";"";"63,0";"68,0";"59,0";"";"";"";"1016,8";"1017,7";"1016,8";"1,3";"153,0";"4,4";"2656,10";"0,0"
"20/09/2025";"1600";"";"";"";"63,0";"65,0";"57,0";"";"";"";"1015,8";"1016,8";"1015,7";"1,8";"175,0";"5,4";"2622,20";"0,0"
"20/09/2025";"1700";"";"";"";"60,0";"68,0";"57,0";"";"";"";"1015,0";"1015,8";"1015,0";"1,7";"100,0";"7,0";"2259,70";"0,0"
"20/09/2025";"1800";"";"";"";"67,0";"67,0";"57,0";"";"";"";"1014,8";"1015,0";"1014,7";"2,2";"71,0";"6,1";"1888,00";"0,0"
"20/09/2025";"1900";"";"";"";"72,0";"72,0";"66,0";"";"";"";"1014,9";"1015,0";"1014,7";"1,7";"198,0";"5,9";"950,40";"0,0"
"20/09/2025";"2000";"";"";"";"74,0";"75,0";"72,0";"";"";"";"1015,0";"1015,0";"1014,9";"1,4";"70,0";"4,2";"367,30";"0,0"
"20/09/2025";"2100";"";"";"";"77,0";"77,0";"74,0";"";"";"";"1015,4";"1015,4";"1015,0";"0,8";"345,0";"4,2";"28,40";"0,0"
"20/09/2025";"2200";"";"";"";"79,0";"80,0";"77,0";"";"";"";"1015,9";"1015,9";"1015,4";"1,3";"349,0";"4,9";"";"0,0"
"20/09/2025";"2300";"";"";"";"75,0";"79,0";"72,0";"";"";"";"1016,3";"1016,4";"1015,8";"2,9";"85,0";"7,0";"";"0,0"
"21/09/2025";"0000";"";"";"";"69,0";"75,0";"66,0";"";"";"";"1017,0";"1017,0";"1016,3";"2,8";"69,0";"6,5";"";"0,0"
"21/09/2025";"0100";"";"";"";"69,0";"71,0";"67,0";"";"";"";"1017,0";"1017,1";"1017,0";"3,0";"72,0";"6,5";"";"0,0"
"21/09/2025";"0200";"";"";"";"73,0";"73,0";"69,0";"";"";"";"1016,7";"1017,0";"1016,7";"2,5";"73,0";"7,0";"";"0,0"
"21/09/2025";"0300";"";"";"";"75,0";"75,0";"73,0";"";"";"";"1016,2";"1016,8";"1016,2";"3,1";"85,0";"6,3";"";"0,0"
"21/09/2025";"0400";"";"";"";"72,0";"75,0";"71,0";"";"";"";"1015,4";"1016,2";"1015,4";"3,2";"84,0";"7,0";"";"0,0"
"21/09/2025";"0500";"";"";"";"69,0";"73,0";"69,0";"";"";"";"1014,9";"1015,4";"1014,9";"4,0";"86,0";"7,2";"";"0,0"
"21/09/2025";"0600";"";"";"";"69,0";"71,0";"67,0";"";"";"";"1015,0";"1015,0";"1014,9";"3,4";"84,0";"7,8";"";"0,0"
"21/09/2025";"0700";"";"";"";"69,0";"70,0";"67,0";"";"";"";"1015,3";"1015,3";"1015,0";"3,5";"86,0";"7,4";"";"0,0"
"21/09/2025";"0800";"";"";"";"69,0";"70,0";"67,0";"";"";"";"1015,5";"1015,5";"1015,3";"2,9";"78,0";"7,0";"";"0,0"
"21/09/2025";"0900";"";"";"";"66,0";"69,0";"65,0";"";"";"";"1016,0";"1016,0";"1015,5";"3,3";"82,0";"6,3";"57,40";"0,0"
"21/09/2025";"1000";"";"";"";"63,0";"68,0";"63,0";"";"";"";"1016,6";"1016,7";"1016,0";"3,0";"72,0";"6,9";"528,20";"0,0"
"21/09/2025";"1100";"";"";"";"64,0";"66,0";"61,0";"";"";"";"1017,2";"1017,2";"1016,6";"3,2";"81,0";"6,6";"1232,30";"0,0"
"21/09/2025";"1200";"";"";"";"63,0";"67,0";"59,0";"";"";"";"1017,4";"1017,6";"1017,2";"3,6";"85,0";"6,8";"1886,20";"0,0"
"21/09/2025";"1300";"";"";"";"64,0";"67,0";"59,0";"";"";"";"1017,5";"1017,6";"1017,4";"3,9";"84,0";"8,9";"2239,30";"0,0"
"21/09/2025";"1400";"";"";"";"66,0";"68,0";"60,0";"";"";"";"1017,1";"1017,5";"1017,1";"4,8";"92,0";"8,4";"2621,30";"0,0"
"21/09/2025";"1500";"";"";"";"66,0";"69,0";"64,0";"";"";"";"1016,1";"1017,1";"1016,1";"3,6";"83,0";"8,6";"2595,60";"0,0"
"21/09/2025";"1600";"";"";"";"58,0";"68,0";"58,0";"";"";"";"1014,9";"1016,1";"1014,9";"3,8";"85,0";"7,4";"2682,50";"0,0"
"21/09/2025";"1700";"";"";"";"59,0";"60,0";"56,0";"";"";"";"1013,9";"1014,9";"1013,9";"4,3";"88,0";"7,6";"2540,40";"0,0"
"21/09/2025";"1800";"";"";"";"63,0";"64,0";"58,0";"";"";"";"1013,3";"1013,9";"1013,3";"4,6";"90,0";"8,3";"1941,90";"0,0"
"21/09/2025";"1900";"";"";"";"67,0";"67,0";"62,0";"";"";"";"1013,2";"1013,4";"1013,2";"4,7";"90,0";"8,6";"1265,30";"0,0"
"21/09/2025";"2000";"";"";"";"67,0";"69,0";"65,0";"";"";"";"1013,5";"1013,5";"1013,2";"3,6";"83,0";"8,6";"211,10";"0,0"
"21/09/2025";"2100";"";"";"";"70,0";"70,0";"67,0";"";"";"";"1013,6";"1013,7";"1013,5";"3,2";"77,0";"7,5";"23,10";"0,0"
"21/09/2025";"2200";"";"";"";"71,0";"72,0";"70,0";"";"";"";"1014,5";"1014,5";"1013,6";"3,0";"77,0";"7,3";"";"0,0"
"21/09/2025";"2300";"";"";"";"70,0";"72,0";"70,0";"";"";"";"1015,3";"1015,3";"1014,5";"3,9";"88,0";"7,0";"";"0,0"
"22/09/2025";"0000";"";"";"";"72,0";"72,0";"68,0";"";"";"";"1015,8";"1015,9";"1015,3";"3,4";"84,0";"7,0";"";"0,0"
"22/09/2025";"0100";"";"";"";"73,0";"74,0";"69,0";"";"";"";"1016,0";"1016,1";"1015,7";"4,0";"86,0";"7,2";"";"0,0"
"22/09/2025";"0200";"";"";"";"71,0";"74,0";"70,0";"";"";"";"1015,9";"1016,1";"1015,9";"4,3";"88,0";"8,5";"";"0,0"
"22/09/2025";"0300";"";"";"";"70,0";"72,0";"70,0";"";"";"";"1015,3";"1015,9";"1015,3";"4,3";"85,0";"8,5";"";"0,0"
"22/09/2025";"0400";"";"";"";"70,0";"71,0";"67,0";"";"";"";"1014,9";"1015,4";"1014,9";"3,3";"81,0";"8,4";"";"0,0"
"22/09/2025";"0500";"";"";"";"70,0";"71,0";"67,0";"";"";"";"1014,7";"1014,9";"1014,7";"3,6";"85,0";"7,1";"";"0,0"
"22/09/2025";"0600";"";"";"";"70,0";"71,0";"69,0";"";"";"";"1014,8";"1014,8";"1014,6";"3,0";"77,0";"7,1";"";"0,0"
"22/09/2025";"0700";"";"";"";"71,0";"71,0";"69,0";"";"";"";"1014,6";"1014,9";"1014,6";"2,9";"73,0";"6,2";"";"0,0"
"22/09/2025";"0800";"";"";"";"71,0";"72,0";"70,0";"";"";"";"1014,9";"1014,9";"1014,5";"3,1";"75,0";"6,8";"";"0,0"
"22/09/2025";"0900";"";"";"";"70,0";"73,0";"70,0";"";"";"";"1015,4";"1015,4";"1014,9";"3,4";"77,0";"6,6";"47,20";"0,0"
"22/09/2025";"1000";"";"";"";"68,0";"71,0";"66,0";"";"";"";"1016,1";"1016,1";"1015,4";"3,6";"70,0";"8,4";"553,70";"0,0"
"22/09/2025";"1100";"";"";"";"67,0";"69,0";"64,0";"";"";"";"1017,0";"1017,0";"1016,1";"3,2";"70,0";"7,7";"1148,70";"0,0"
"22/09/2025";"1200";"";"";"";"66,0";"69,0";"62,0";"";"";"";"1017,4";"1017,5";"1017,0";"3,1";"82,0";"7,8";"1614,40";"0,0"
"22/09/2025";"1300";"";"";"";"62,0";"66,0";"60,0";"";"";"";"1017,3";"1017,5";"1017,3";"4,3";"89,0";"7,7";"2474,60";"0,0"
"22/09/2025";"1400";"";"";"";"61,0";"65,0";"61,0";"";"";"";"1016,9";"1017,4";"1016,9";"4,0";"85,0";"7,9";"2655,70";"0,0"
"22/09/2025";"1500";"";"";"";"62,0";"65,0";"61,0";"";"";"";"1016,0";"1016,9";"1016,0";"4,7";"91,0";"7,7";"2799,50";"0,0"
"22/09/2025";"1600";"";"";"";"61,0";"66,0";"61,0";"";"";"";"1015,1";"1016,0";"1015,1";"5,0";"89,0";"8,4";"2779,70";"0,0"
"22/09/2025";"1700";"";"";"";"64,0";"65,0";"60,0";"";"";"";"1014,2";"1015,1";"1014,2";"4,6";"89,0";"8,6";"2520,10";"0,0"
"22/09/2025";"1800";"";"";"";"65,0";"67,0";"63,0";"";"";"";"1013,7";"1014,2";"1013,7";"4,6";"89,0";"8,5";"2034,50";"0,0"
"22/09/2025";"1900";"";"";"";"68,0";"68,0";"65,0";"";"";"";"1013,8";"1013,8";"1013,5";"4,8";"84,0";"8,4";"1358,10";"0,0"
"22/09/2025";"2000";"";"";"";"70,0";"71,0";"67,0";"";"";"";"1014,1";"1014,2";"1013,7";"3,8";"82,0";"8,5";"555,00";"0,0"
"22/09/2025";"2100";"";"";"";"73,0";"73,0";"70,0";"";"";"";"1014,6";"1014,6";"1014,1";"3,3";"79,0";"7,9";"33,40";"0,0"
"22/09/2025";"2200";"";"";"";"74,0";"77,0";"73,0";"";"";"";"1015,2";"1015,2";"1014,5";"3,0";"84,0";"7,7";"";"0,0"
"22/09/2025";"2300";"";"";"";"75,0";"75,0";"73,0";"";"";"";"1015,8";"1015,8";"1015,2";"3,4";"86,0";"7,6";"";"0,0"
"23/09/2025";"0000";"";"";"";"76,0";"76,0";"75,0";"";"";"";"1016,2";"1016,2";"1015,8";"3,0";"77,0";"6,9";"";"0,0"
"23/09/2025";"0100";"";"";"";"72,0";"76,0";"72,0";"";"";"";"1016,6";"1016,6";"1016,2";"3,4";"72,0";"6,8";"";"0,0"
"23/09/2025";"0200";"";"";"";"76,0";"76,0";"72,0";"";"";"";"1016,5";"1016,7";"1016,5";"2,8";"82,0";"6,6";"";"0,0"
"23/09/2025";"0300";"";"";"";"77,0";"78,0";"76,0";"";"";"";"1016,0";"1016,5";"1016,0";"3,4";"86,0";"6,2";"";"0,0"
"23/09/2025";"0400";"";"";"";"77,0";"78,0";"76,0";"";"";"";"1015,5";"1016,0";"1015,5";"3,4";"82,0";"7,0";"";"0,0"
"23/09/2025";"0500";"";"";"";"77,0";"79,0";"77,0";"";"";"";"1014,9";"1015,5";"1014,8";"3,2";"82,0";"6,6";"";"0,0"
"23/09/2025";"0600";"";"";"";"77,0";"78,0";"76,0";"";"";"";"1014,7";"1014,9";"1014,7";"3,0";"74,0";"7,9";"";"0,0"
"23/09/2025";"0700";"";"";"";"77,0";"78,0";"76,0";"";"";"";"1014,8";"1014,9";"1014,7";"3,0";"71,0";"7,6";"";"0,0"
"23/09/2025";"0800";"";"";"";"77,0";"78,0";"76,0";"";"";"";"1015,4";"1015,4";"1014,8";"3,0";"63,0";"6,7";"";"0,0"
"23/09/2025";"0900";"";"";"";"75,0";"77,0";"74,0";"";"";"";"1016,3";"1016,3";"1015,4";"2,6";"61,0";"6,9";"34,90";"0,0"
"23/09/2025";"1000";"";"";"";"75,0";"76,0";"70,0";"";"";"";"1017,2";"1017,2";"1016,3";"2,5";"57,0";"7,5";"484,10";"0,0"
"23/09/2025";"1100";"";"";"";"68,0";"75,0";"68,0";"";"";"";"1017,9";"1017,9";"1017,2";"4,1";"65,0";"7,1";"1128,20";"0,0"
"23/09/2025";"1200";"";"";"";"65,0";"68,0";"63,0";"";"";"";"1018,5";"1018,5";"1017,9";"4,8";"71,0";"9,7";"2048,90";"0,0"
"23/09/2025";"1300";"";"";"";"62,0";"66,0";"61,0";"";"";"";"1018,6";"1018,7";"1018,5";"4,5";"70,0";"9,3";"2552,30";"0,0"
"23/09/2025";"1400";"";"";"";"62,0";"64,0";"59,0";"";"";"";"1018,4";"1018,7";"1018,4";"4,6";"81,0";"9,2";"2740,80";"0,0"
"23/09/2025";"1500";"";"";"";"63,0";"64,0";"59,0";"";"";"";"1017,4";"1018,4";"1017,4";"4,9";"86,0";"9,3";"2806,30";"0,0"
"23/09/2025";"1600";"";"";"";"63,0";"64,0";"59,0";"";"";"";"1016,9";"1017,4";"1016,9";"5,2";"89,0";"9,4";"2780,60";"0,0"
"23/09/2025";"1700";"";"";"";"61,0";"64,0";"59,0";"";"";"";"1016,5";"1016,9";"1016,5";"4,6";"87,0";"9,3";"2522,00";"0,0"
"23/09/2025";"1800";"";"";"";"64,0";"64,0";"60,0";"";"";"";"1016,1";"1016,5";"1016,0";"4,6";"79,0";"9,2";"2027,20";"0,0"
"23/09/2025";"1900";"";"";"";"68,0";"68,0";"62,0";"";"";"";"1016,2";"1016,2";"1016,0";"4,3";"89,0";"9,1";"1327,40";"0,0"
"23/09/2025";"2000";"";"";"";"68,0";"70,0";"67,0";"";"";"";"1016,5";"1016,6";"1016,2";"3,8";"82,0";"8,1";"481,00";"0,0"
"23/09/2025";"2100";"";"";"";"70,0";"73,0";"68,0";"";"";"";"1016,7";"1016,7";"1016,5";"3,7";"83,0";"8,9";"31,90";"0,0"
"23/09/2025";"2200";"";"";"";"73,0";"73,0";"69,0";"";"";"";"1017,3";"1017,3";"1016,7";"3,9";"88,0";"8,2";"";"0,0"
"23/09/2025";"2300";"";"";"";"72,0";"73,0";"71,0";"";"";"";"1017,8";"1017,9";"1017,3";"3,4";"80,0";"7,6";"";"0,0"
"24/09/2025";"0000";"";"";"";"75,0";"75,0";"72,0";"";"";"";"1018,1";"1018,1";"1017,8";"3,6";"86,0";"7,0";"";"0,0"
"24/09/2025";"0100";"";"";"";"75,0";"76,0";"74,0";"";"";"";"1018,7";"1018,7";"1018,1";"2,7";"83,0";"7,3";"";"0,0"
"24/09/2025";"0200";"";"";"";"77,0";"77,0";"75,0";"";"";"";"1018,2";"1018,7";"1018,2";"3,4";"84,0";"6,9";"";"0,0"
"24/09/2025";"0300";"";"";"";"76,0";"77,0";"74,0";"";"";"";"1017,7";"1018,2";"1017,6";"3,2";"78,0";"7,1";"";"0,0"
"24/09/2025";"0400";"";"";"";"77,0";"79,0";"76,0";"";"";"";"1017,0";"1017,7";"1017,0";"3,6";"89,0";"7,5";"";"0,0"
"24/09/2025";"0500";"";"";"";"73,0";"77,0";"73,0";"";"";"";"1017,0";"1017,0";"1016,9";"3,6";"80,0";"7,9";"";"0,0"
"24/09/2025";"0600";"";"";"";"73,0";"74,0";"71,0";"";"";"";"1017,0";"1017,1";"1016,9";"3,8";"85,0";"8,2";"";"0,0"
"24/09/2025";"0700";"";"";"";"79,0";"81,0";"72,0";"";"";"";"1017,1";"1017,1";"1017,0";"2,6";"80,0";"7,7";"";"0,0"
"24/09/2025";"0800";"";"";"";"74,0";"79,0";"74,0";"";"";"";"1017,8";"1017,8";"1017,1";"3,6";"87,0";"7,8";"";"0,0"
"24/09/2025";"0900";"";"";"";"73,0";"77,0";"73,0";"";"";"";"1018,5";"1018,5";"1017,8";"3,5";"85,0";"7,2";"38,00";"0,0"
"24/09/2025";"1000";"";"";"";"69,0";"74,0";"69,0";"";"";"";"1019,3";"1019,4";"1018,5";"2,1";"87,0";"6,4";"521,10";"0,0"
"24/09/2025";"1100";"";"";"";"65,0";"70,0";"64,0";"";"";"";"1020,1";"1020,1";"1019,3";"2,5";"82,0";"5,5";"1288,10";"0,0"
"24/09/2025";"1200";"";"";"";"65,0";"68,0";"63,0";"";"";"";"1020,6";"1020,6";"1020,0";"2,8";"79,0";"6,3";"1886,20";"0,0"
"24/09/2025";"1300";"";"";"";"64,0";"68,0";"62,0";"";"";"";"1020,6";"1020,7";"1020,6";"2,1";"73,0";"7,7";"2057,90";"0,0"
"24/09/2025";"1400";"";"";"";"64,0";"66,0";"61,0";"";"";"";"1020,4";"1020,6";"1020,4";"3,3";"80,0";"8,3";"2559,80";"0,0"
"24/09/2025";"1500";"";"";"";"63,0";"65,0";"59,0";"";"";"";"1019,6";"1020,4";"1019,6";"2,1";"77,0";"8,3";"2745,50";"0,0"
"24/09/2025";"1600";"";"";"";"61,0";"65,0";"60,0";"";"";"";"1019,1";"1019,6";"1019,0";"1,6";"82,0";"6,8";"2456,50";"0,0"
"24/09/2025";"1700";"";"";"";"60,0";"66,0";"59,0";"";"";"";"1018,6";"1019,0";"1018,6";"1,2";"65,0";"5,7";"1811,50";"0,0"
"24/09/2025";"1800";"";"";"";"64,0";"67,0";"60,0";"";"";"";"1018,6";"1018,6";"1018,5";"1,7";"186,0";"5,9";"1209,40";"0,0"
"24/09/2025";"1900";"";"";"";"65,0";"66,0";"63,0";"";"";"";"1018,6";"1018,6";"1018,5";"1,8";"213,0";"5,9";"1035,40";"0,0"
"24/09/2025";"2000";"";"";"";"68,0";"68,0";"62,0";"";"";"";"1018,9";"1018,9";"1018,6";"1,2";"268,0";"4,4";"450,30";"0,0"
"24/09/2025";"2100";"";"";"";"73,0";"73,0";"68,0";"";"";"";"1019,0";"1019,2";"1018,9";"0,9";"317,0";"3,5";"30,20";"0,0"
"24/09/2025";"2200";"";"";"";"74,0";"74,0";"72,0";"";"";"";"1019,5";"1019,5";"1019,0";"0,9";"259,0";"5,2";"";"0,0"
"24/09/2025";"2300";"";"";"";"74,0";"74,0";"67,0";"";"";"";"1019,9";"1019,9";"1019,5";"1,4";"209,0";"5,0";"";"0,0"
"25/09/2025";"0000";"";"";"";"71,0";"77,0";"71,0";"";"";"";"1020,5";"1020,5";"1019,9";"1,4";"350,0";"4,8";"";"0,0"
"25/09/2025";"0100";"";"";"";"70,0";"72,0";"69,0";"";"";"";"1020,5";"1020,7";"1020,5";"2,3";"75,0";"7,2";"";"0,0"
"25/09/2025";"0200";"";"";"";"72,0";"72,0";"69,0";"";"";"";"1020,0";"1020,5";"1020,0";"1,7";"71,0";"7,6";"";"0,0"
"25/09/2025";"0300";"";"";"";"68,0";"73,0";"68,0";"";"";"";"1019,2";"1020,0";"1019,2";"2,7";"86,0";"7,2";"";"0,0"
"25/09/2025";"0400";"";"";"";"68,0";"71,0";"67,0";"";"";"";"1018,5";"1019,2";"1018,5";"3,0";"80,0";"8,0";"";"0,0"
"25/09/2025";"0500";"";"";"";"72,0";"72,0";"67,0";"";"";"";"1018,0";"1018,5";"1018,0";"1,4";"71,0";"7,4";"";"0,0"
"25/09/2025";"0600";"";"";"";"69,0";"72,0";"68,0";"";"";"";"1017,8";"1018,0";"1017,8";"3,0";"85,0";"7,7";"";"0,0"
"25/09/2025";"0700";"";"";"";"72,0";"72,0";"69,0";"";"";"";"1017,7";"1017,8";"1017,6";"1,4";"38,0";"6,4";"";"0,0"
"25/09/2025";"0800";"";"";"";"71,0";"73,0";"71,0";"";"";"";"1017,9";"1018,0";"1017,7";"1,2";"15,0";"5,5";"";"0,0"
"25/09/2025";"0900";"";"";"";"69,0";"73,0";"69,0";"";"";"";"1018,4";"1018,4";"1017,9";"1,1";"312,0";"4,8";"64,00";"0,0"
"25/09/2025";"1000";"";"";"";"65,0";"70,0";"65,0";"";"";"";"1018,8";"1018,9";"1018,4";"1,2";"22,0";"3,3";"576,60";"0,0"
"25/09/2025";"1100";"";"";"";"61,0";"65,0";"60,0";"";"";"";"1019,3";"1019,3";"1018,8";"1,3";"285,0";"3,7";"1345,60";"0,0"
"25/09/2025";"1200";"";"";"";"59,0";"63,0";"58,0";"";"";"";"1019,5";"1019,6";"1019,3";"1,5";"244,0";"5,1";"2020,10";"0,0"
"25/09/2025";"1300";"";"";"";"60,0";"62,0";"57,0";"";"";"";"1019,5";"1019,7";"1019,4";"2,3";"196,0";"6,1";"2352,20";"0,0"
"25/09/2025";"1400";"";"";"";"57,0";"63,0";"55,0";"";"";"";"1018,8";"1019,5";"1018,8";"1,7";"82,0";"6,8";"2658,70";"0,0"
"25/09/2025";"1500";"";"";"";"54,0";"60,0";"54,0";"";"";"";"1017,5";"1018,8";"1017,5";"1,3";"272,0";"6,4";"2659,90";"0,0"
"25/09/2025";"1600";"";"";"";"56,0";"62,0";"54,0";"";"";"";"1016,6";"1017,5";"1016,6";"1,9";"185,0";"5,5";"2431,30";"0,0"
"25/09/2025";"1700";"";"";"";"60,0";"62,0";"55,0";"";"";"";"1016,3";"1016,6";"1016,3";"1,3";"245,0";"5,3";"1577,80";"0,0"
"25/09/2025";"1800";"";"";"";"62,0";"66,0";"60,0";"";"";"";"1015,9";"1016,3";"1015,9";"1,7";"222,0";"5,1";"784,40";"0,0"
"25/09/2025";"1900";"";"";"";"61,0";"65,0";"60,0";"";"";"";"1015,9";"1016,0";"1015,8";"1,6";"248,0";"5,5";"918,20";"0,0"
"25/09/2025";"2000";"";"";"";"66,0";"67,0";"61,0";"";"";"";"1016,3";"1016,3";"1015,9";"1,4";"209,0";"4,8";"282,20";"0,0"
"25/09/2025";"2100";"";"";"";"63,0";"67,0";"62,0";"";"";"";"1016,7";"1016,7";"1016,3";"1,8";"207,0";"4,1";"31,50";"0,0"
"25/09/2025";"2200";"";"";"";"66,0";"72,0";"63,0";"";"";"";"1017,3";"1017,3";"1016,7";"1,5";"226,0";"4,8";"";"0,0"
"25/09/2025";"2300";"";"";"";"70,0";"70,0";"66,0";"";"";"";"1017,9";"1017,9";"1017,3";"1,1";"255,0";"5,4";"";"0,0"
"26/09/2025";"0000";"";"";"";"69,0";"70,0";"66,0";"";"";"";"1018,3";"1018,3";"1017,9";"1,9";"198,0";"4,5";"";"0,0"
"26/09/2025";"0100";"";"";"";"69,0";"70,0";"69,0";"";"";"";"1018,8";"1018,9";"1018,3";"1,7";"201,0";"4,9";"";"0,0"
"26/09/2025";"0200";"";"";"";"68,0";"70,0";"67,0";"";"";"";"1018,7";"1018,9";"1018,7";"1,6";"222,0";"5,3";"";"0,0"
"26/09/2025";"0300";"";"";"";"71,0";"74,0";"68,0";"";"";"";"1018,2";"1018,7";"1018,2";"1,4";"248,0";"5,6";"";"0,0"
"26/09/2025";"0400";"";"";"";"65,0";"72,0";"65,0";"";"";"";"1017,7";"1018,2";"1017,7";"1,1";"235,0";"5,6";"";"0,0"
"26/09/2025";"0500";"";"";"";"67,0";"67,0";"63,0";"";"";"";"1017,3";"1017,7";"1017,3";"2,2";"197,0";"5,8";"";"0,0"
"26/09/2025";"0600";"";"";"";"63,0";"69,0";"62,0";"";"";"";"1017,2";"1017,3";"1017,2";"1,3";"196,0";"8,2";"";"0,0"
"26/09/2025";"0700";"";"";"";"79,0";"79,0";"63,0";"";"";"";"1017,4";"1017,4";"1017,2";"1,2";"135,0";"3,4";"";"1,8"
"26/09/2025";"0800";"";"";"";"82,0";"82,0";"79,0";"";"";"";"1017,4";"1017,4";"1017,3";"1,6";"214,0";"6,2";"";"0,8"
"26/09/2025";"0900";"";"";"";"86,0";"87,0";"82,0";"";"";"";"1017,8";"1017,8";"1017,3";"1,1";"178,0";"3,8";"39,60";"1,2"
"26/09/2025";"1000";"";"";"";"82,0";"87,0";"82,0";"";"";"";"1018,1";"1018,1";"1017,8";"1,3";"184,0";"5,5";"736,90";"0,2"
"26/09/2025";"1100";"";"";"";"80,0";"84,0";"80,0";"";"";"";"1018,7";"1018,8";"1018,1";"2,1";"193,0";"4,6";"622,60";"0,8"
"26/09/2025";"1200";"";"";"";"67,0";"80,0";"61,0";"";"";"";"1019,1";"1019,1";"1018,7";"2,1";"194,0";"6,7";"2067,10";"0,0"
"26/09/2025";"1300";"";"";"";"56,0";"67,0";"56,0";"";"";"";"1019,0";"1019,1";"1018,9";"1,8";"161,0";"7,8";"2415,90";"0,0"
"26/09/2025";"1400";"";"";"";"59,0";"62,0";"50,0";"";"";"";"1018,6";"1019,0";"1018,6";"2,6";"186,0";"7,1";"2424,90";"0,0"
"26/09/2025";"1500";"";"";"";"60,0";"63,0";"55,0";"";"";"";"1018,0";"1018,6";"1017,9";"2,1";"191,0";"5,5";"2711,10";"0,0"
"26/09/2025";"1600";"";"";"";"58,0";"61,0";"53,0";"";"";"";"1017,2";"1018,0";"1017,2";"1,3";"150,0";"5,1";"2423,90";"0,0"
"26/09/2025";"1700";"";"";"";"59,0";"62,0";"54,0";"";"";"";"1016,5";"1017,2";"1016,5";"1,6";"224,0";"6,5";"2212,20";"0,0"
"26/09/2025";"1800";"";"";"";"60,0";"61,0";"55,0";"";"";"";"1016,3";"1016,5";"1016,2";"2,3";"198,0";"5,7";"1582,70";"0,0"
"26/09/2025";"1900";"";"";"";"66,0";"72,0";"61,0";"";"";"";"1016,3";"1016,4";"1016,1";"1,3";"186,0";"8,5";"665,80";"0,0"
"26/09/2025";"2000";"";"";"";"68,0";"70,0";"65,0";"";"";"";"1016,3";"1016,5";"1016,2";"1,2";"180,0";"3,1";"291,10";"0,0"
"26/09/2025";"2100";"";"";"";"74,0";"74,0";"67,0";"";"";"";"1016,8";"1016,8";"1016,3";"1,2";"199,0";"4,1";"30,10";"0,0"
"26/09/2025";"2200";"";"";"";"65,0";"74,0";"65,0";"";"";"";"1017,0";"1017,0";"1016,8";"1,0";"247,0";"3,3";"";"0,0"
"26/09/2025";"2300";"";"";"";"65,0";"68,0";"65,0";"";"";"";"1017,4";"1017,4";"1017,0";"1,2";"232,0";"4,1";"";"0,0"
"27/09/2025";"0000";"";"";"";"65,0";"67,0";"63,0";"";"";"";"1017,7";"1017,7";"1017,4";"1,1";"217,0";"3,4";"";"0,0"
"27/09/2025";"0100";"";"";"";"69,0";"69,0";"65,0";"";"";"";"1018,1";"1018,1";"1017,7";"0,8";"258,0";"3,2";"";"0,0"
"27/09/2025";"0200";"";"";"";"66,0";"69,0";"65,0";"";"";"";"1018,0";"1018,3";"1018,0";"0,8";"207,0";"4,0";"";"0,0"
"27/09/2025";"0300";"";"";"";"66,0";"67,0";"64,0";"";"";"";"1017,6";"1018,1";"1017,6";"0,7";"225,0";"2,6";"";"0,0"
"27/09/2025";"0400";"";"";"";"68,0";"68,0";"65,0";"";"";"";"1017,0";"1017,6";"1017,0";"0,9";"216,0";"2,8";"";"0,0"
"27/09/2025";"0500";"";"";"";"68,0";"69,0";"68,0";"";"";"";"1016,5";"1017,0";"1016,5";"0,8";"218,0";"2,1";"";"0,0"
"27/09/2025";"0600";"";"";"";"84,0";"84,0";"68,0";"";"";"";"1016,8";"1016,8";"1016,5";"2,0";"237,0";"3,9";"";"0,0"
"27/09/2025";"0700";"";"";"";"88,0";"88,0";"84,0";"";"";"";"1016,6";"1016,8";"1016,6";"2,1";"233,0";"4,3";"";"0,0"
"27/09/2025";"0800";"";"";"";"90,0";"90,0";"88,0";"";"";"";"1017,1";"1017,1";"1016,6";"1,5";"239,0";"3,9";"";"0,8"
"27/09/2025";"0900";"";"";"";"92,0";"92,0";"90,0";"";"";"";"1017,6";"1017,6";"1017,1";"1,2";"226,0";"3,8";"25,80";"0,6"
"27/09/2025";"1000";"";"";"";"91,0";"92,0";"91,0";"";"";"";"1018,3";"1018,3";"1017,6";"1,3";"234,0";"2,2";"214,00";"0,4"
"27/09/2025";"1100";"";"";"";"84,0";"91,0";"84,0";"";"";"";"1019,2";"1019,2";"1018,3";"0,8";"245,0";"2,2";"794,00";"0,0"
"27/09/2025";"1200";"";"";"";"68,0";"84,0";"66,0";"";"";"";"1019,4";"1019,4";"1019,1";"1,0";"36,0";"3,0";"1306,10";"0,0"
"27/09/2025";"1300";"";"";"";"61,0";"70,0";"61,0";"";"";"";"1019,5";"1019,5";"1019,3";"1,7";"77,0";"3,6";"2092,50";"0,0"
"27/09/2025";"1400";"";"";"";"61,0";"67,0";"56,0";"";"";"";"1019,2";"1019,5";"1019,2";"1,8";"176,0";"4,8";"2580,10";"0,0"
"27/09/2025";"1500";"";"";"";"76,0";"76,0";"57,0";"";"";"";"1018,5";"1019,2";"1018,5";"1,9";"133,0";"5,4";"2163,00";"0,2"
"27/09/2025";"1600";"";"";"";"69,0";"83,0";"69,0";"";"";"";"1017,7";"1018,5";"1017,7";"2,1";"197,0";"6,1";"1337,80";"0,2"
"27/09/2025";"1700";"";"";"";"63,0";"70,0";"63,0";"";"";"";"1017,2";"1017,7";"1017,2";"2,6";"196,0";"6,7";"1239,10";"0,0"
"27/09/2025";"1800";"";"";"";"63,0";"66,0";"60,0";"";"";"";"1017,1";"1017,3";"1017,1";"2,6";"191,0";"6,8";"1499,70";"0,0"
"27/09/2025";"1900";"";"";"";"87,0";"87,0";"63,0";"";"";"";"1017,5";"1017,5";"1017,0";"1,8";"202,0";"7,7";"380,90";"2,8"
"27/09/2025";"2000";"";"";"";"86,0";"88,0";"84,0";"";"";"";"1017,7";"1017,7";"1017,4";"2,7";"206,0";"7,0";"305,10";"0,8"
"27/09/2025";"2100";"";"";"";"91,0";"91,0";"86,0";"";"";"";"1018,1";"1018,2";"1017,6";"3,4";"199,0";"8,9";"5,70";"12,0"
"27/09/2025";"2200";"";"";"";"90,0";"91,0";"90,0";"";"";"";"1018,7";"1018,7";"1018,1";"4,0";"189,0";"9,8";"";"1,0"
"27/09/2025";"2300";"";"";"";"90,0";"91,0";"90,0";"";"";"";"1019,4";"1019,4";"1018,7";"4,0";"194,0";"10,7";"";"1,4"
"28/09/2025";"0000";"";"";"";"89,0";"91,0";"89,0";"";"";"";"1019,8";"1019,8";"1019,4";"2,9";"196,0";"9,7";"";"0,6"
"28/09/2025";"0100";"";"";"";"85,0";"89,0";"85,0";"";"";"";"1019,9";"1020,0";"1019,7";"2,6";"201,0";"10,5";"";"0,4"
"28/09/2025";"0200";"";"";"";"90,0";"90,0";"85,0";"";"";"";"1019,8";"1020,0";"1019,8";"3,2";"201,0";"9,6";"";"1,2"
"28/09/2025";"0300";"";"";"";"91,0";"91,0";"90,0";"";"";"";"1019,1";"1019,8";"1019,1";"2,5";"207,0";"9,4";"";"2,4"
"28/09/2025";"0400";"";"";"";"90,0";"91,0";"89,0";"";"";"";"1018,4";"1019,1";"1018,4";"2,8";"200,0";"9,0";"";"0,4"
"28/09/2025";"0500";"";"";"";"90,0";"91,0";"90,0";"";"";"";"1018,0";"1018,4";"1018,0";"2,6";"203,0";"9,6";"";"1,4"
"28/09/2025";"0600";"";"";"";"90,0";"90,0";"89,0";"";"";"";"1017,8";"1018,0";"1017,8";"2,5";"204,0";"9,6";"";"0,8"
"28/09/2025";"0700";"";"";"";"86,0";"90,0";"83,0";"";"";"";"1017,9";"1018,0";"1017,6";"3,1";"190,0";"8,6";"";"1,0"
"28/09/2025";"0800";"";"";"";"88,0";"90,0";"86,0";"";"";"";"1017,8";"1018,0";"1017,8";"2,3";"199,0";"8,0";"";"0,4"
"28/09/2025";"0900";"";"";"";"83,0";"88,0";"83,0";"";"";"";"1018,4";"1018,4";"1017,8";"2,4";"204,0";"9,2";"16,30";"0,0"
"28/09/2025";"1000";"";"";"";"78,0";"83,0";"73,0";"";"";"";"1019,1";"1019,1";"1018,4";"3,0";"192,0";"9,2";"222,60";"0,2"
"28/09/2025";"1100";"";"";"";"76,0";"81,0";"76,0";"";"";"";"1019,9";"1019,9";"1019,1";"2,8";"188,0";"8,3";"462,40";"0,0"
"28/09/2025";"1200";"";"";"";"75,0";"80,0";"70,0";"";"";"";"1020,2";"1020,3";"1019,9";"3,4";"194,0";"10,1";"890,30";"0,0"
"28/09/2025";"1300";"";"";"";"68,0";"77,0";"66,0";"";"";"";"1019,9";"1020,2";"1019,9";"3,6";"192,0";"9,7";"1368,00";"0,0"
"28/09/2025";"1400";"";"";"";"75,0";"80,0";"64,0";"";"";"";"1019,8";"1020,1";"1019,8";"3,2";"185,0";"9,8";"1276,30";"0,0"
"28/09/2025";"1500";"";"";"";"76,0";"78,0";"66,0";"";"";"";"1019,3";"1019,8";"1019,3";"3,1";"200,0";"9,7";"1037,80";"0,0"
"28/09/2025";"1600";"";"";"";"65,0";"80,0";"64,0";"";"";"";"1018,4";"1019,4";"1018,3";"3,8";"188,0";"10,5";"1496,60";"0,0"
"28/09/2025";"1700";"";"";"";"74,0";"74,0";"63,0";"";"";"";"1018,0";"1018,4";"1017,9";"3,6";"185,0";"9,7";"849,50";"0,0"
"28/09/2025";"1800";"";"";"";"71,0";"75,0";"65,0";"";"";"";"1017,8";"1018,0";"1017,7";"2,4";"202,0";"9,3";"652,70";"0,0"
"28/09/2025";"1900";"";"";"";"67,0";"71,0";"62,0";"";"";"";"1017,8";"1017,8";"1017,6";"3,6";"193,0";"8,8";"399,20";"0,0"
"28/09/2025";"2000";"";"";"";"66,0";"71,0";"64,0";"";"";"";"1018,2";"1018,2";"1017,8";"2,5";"193,0";"7,8";"136,50";"0,0"
"28/09/2025";"2100";"";"";"";"65,0";"71,0";"64,0";"";"";"";"1018,3";"1018,4";"1018,2";"3,2";"193,0";"7,7";"12,50";"0,0"
"28/09/2025";"2200";"";"";"";"64,0";"66,0";"63,0";"";"";"";"1018,7";"1018,7";"1018,3";"3,2";"188,0";"7,7";"";"0,0"
"28/09/2025";"2300";"";"";"";"65,0";"66,0";"64,0";"";"";"";"1019,2";"1019,2";"1018,7";"2,4";"194,0";"9,6";"";"0,0"
"29/09/2025";"0000";"";"";"";"66,0";"66,0";"63,0";"";"";"";"1019,6";"1019,6";"1019,2";"2,6";"190,0";"7,6";"";"0,0"
"29/09/2025";"0100";"";"";"";"64,0";"65,0";"63,0";"";"";"";"1019,7";"1019,8";"1019,6";"2,7";"195,0";"8,2";"";"0,0"
"29/09/2025";"0200";"";"";"";"65,0";"65,0";"62,0";"";"";"";"1019,4";"1019,7";"1019,4";"3,0";"189,0";"7,1";"";"0,0"
"29/09/2025";"0300";"";"";"";"65,0";"66,0";"64,0";"";"";"";"1019,0";"1019,4";"1018,9";"3,3";"193,0";"8,7";"";"0,0"
"29/09/2025";"0400";"";"";"";"64,0";"66,0";"61,0";"";"";"";"1018,4";"1019,0";"1018,4";"2,4";"197,0";"8,7";"";"0,0"
"29/09/2025";"0500";"";"";"";"68,0";"68,0";"64,0";"";"";"";"1018,2";"1018,4";"1018,2";"2,8";"186,0";"7,4";"";"0,0"
"29/09/2025";"0600";"";"";"";"64,0";"68,0";"64,0";"";"";"";"1017,7";"1018,2";"1017,7";"2,5";"192,0";"9,4";"";"0,0"
"29/09/2025";"0700";"";"";"";"68,0";"68,0";"64,0";"";"";"";"1017,7";"1017,8";"1017,5";"2,5";"198,0";"8,1";"";"0,0"
"29/09/2025";"0800";"";"";"";"73,0";"73,0";"68,0";"";"";"";"1018,2";"1018,2";"1017,7";"3,2";"191,0";"8,7";"";"0,0"
"29/09/2025";"0900";"";"";"";"73,0";"74,0";"70,0";"";"";"";"1018,7";"1018,7";"1018,2";"2,5";"195,0";"8,7";"25,20";"0,0"
"29/09/2025";"1000";"";"";"";"69,0";"73,0";"68,0";"";"";"";"1019,2";"1019,2";"1018,7";"3,3";"188,0";"7,6";"248,50";"0,0"
"29/09/2025";"1100";"";"";"";"69,0";"70,0";"68,0";"";"";"";"1020,0";"1020,0";"1019,1";"3,2";"190,0";"8,1";"679,70";"0,0"
"29/09/2025";"1200";"";"";"";"68,0";"70,0";"67,0";"";"";"";"1020,5";"1020,5";"1020,0";"3,1";"188,0";"8,4";"1199,40";"0,0"
"29/09/2025";"1300";"";"";"";"68,0";"70,0";"65,0";"";"";"";"1020,2";"1020,6";"1020,1";"3,3";"187,0";"9,4";"1353,80";"0,0"
"29/09/2025";"1400";"";"";"";"58,0";"68,0";"58,0";"";"";"";"1019,7";"1020,2";"1019,7";"2,1";"197,0";"9,1";"2046,40";"0,0"
"29/09/2025";"1500";"";"";"";"60,0";"63,0";"57,0";"";"";"";"1019,0";"1019,7";"1019,0";"2,7";"193,0";"8,7";"2095,50";"0,0"
"29/09/2025";"1600";"";"";"";"57,0";"62,0";"57,0";"";"";"";"1018,3";"1019,0";"1018,3";"2,8";"188,0";"8,8";"1730,50";"0,0"
"29/09/2025";"1700";"";"";"";"60,0";"62,0";"54,0";"";"";"";"1017,5";"1018,3";"1017,5";"3,3";"191,0";"8,8";"1766,90";"0,0"
"29/09/2025";"1800";"";"";"";"58,0";"62,0";"55,0";"";"";"";"1017,3";"1017,5";"1017,3";"3,0";"185,0";"8,7";"1751,50";"0,0"
"29/09/2025";"1900";"";"";"";"58,0";"61,0";"57,0";"";"";"";"1017,2";"1017,4";"1017,2";"2,6";"191,0";"7,4";"1025,00";"0,0"
"29/09/2025";"2000";"";"";"";"64,0";"64,0";"58,0";"";"";"";"1017,6";"1017,6";"1017,2";"2,3";"191,0";"6,9";"508,60";"0,0"
"29/09/2025";"2100";"";"";"";"65,0";"68,0";"63,0";"";"";"";"1017,9";"1017,9";"1017,6";"2,3";"191,0";"6,3";"18,10";"0,0"
"29/09/2025";"2200";"";"";"";"66,0";"66,0";"64,0";"";"";"";"1018,1";"1018,1";"1017,9";"1,6";"194,0";"6,3";"";"0,0"
"29/09/2025";"2300";"";"";"";"66,0";"68,0";"66,0";"";"";"";"1018,7";"1018,7";"1018,1";"1,3";"199,0";"5,8";"";"0,0"
"30/09/2025";"0000";"";"";"";"66,0";"67,0";"65,0";"";"";"";"1019,4";"1019,5";"1018,8";"1,6";"208,0";"4,6";"";"0,0"
"30/09/2025";"0100";"";"";"";"66,0";"67,0";"64,0";"";"";"";"1019,7";"1019,7";"1019,4";"0,9";"249,0";"5,3";"";"0,0"
"30/09/2025";"0200";"";"";"";"66,0";"67,0";"64,0";"";"";"";"1019,4";"1019,7";"1019,3";"1,8";"205,0";"5,7";"";"0,0"
"30/09/2025";"0300";"";"";"";"67,0";"69,0";"65,0";"";"";"";"1019,0";"1019,4";"1018,9";"2,0";"201,0";"6,4";"";"0,0"
"30/09/2025";"0400";"";"";"";"65,0";"67,0";"64,0";"";"";"";"1018,5";"1019,0";"1018,5";"2,1";"196,0";"6,7";"";"0,0"
"30/09/2025";"0500";"";"";"";"66,0";"67,0";"63,0";"";"";"";"1018,2";"1018,5";"1018,1";"1,6";"206,0";"5,9";"";"0,0"
"30/09/2025";"0600";"";"";"";"66,0";"67,0";"64,0";"";"";"";"1018,0";"1018,2";"1018,0";"2,3";"196,0";"6,0";"";"0,0"
"30/09/2025";"0700";"";"";"";"66,0";"67,0";"64,0";"";"";"";"1017,9";"1018,0";"1017,9";"2,1";"203,0";"6,0";"";"0,0"
"30/09/2025";"0800";"";"";"";"64,0";"66,0";"63,0";"";"";"";"1018,2";"1018,2";"1017,8";"1,8";"201,0";"6,2";"";"0,0"
"30/09/2025";"0900";"";"";"";"66,0";"67,0";"64,0";"";"";"";"1018,7";"1018,7";"1018,2";"1,5";"210,0";"5,6";"43,10";"0,0"
"30/09/2025";"1000";"";"";"";"63,0";"66,0";"63,0";"";"";"";"1019,2";"1019,2";"1018,7";"2,2";"192,0";"7,1";"357,60";"0,0"
"30/09/2025";"1100";"";"";"";"57,0";"63,0";"56,0";"";"";"";"1019,7";"1019,7";"1019,2";"2,2";"194,0";"7,1";"1326,10";"0,0"
"30/09/2025";"1200";"";"";"";"51,0";"57,0";"51,0";"";"";"";"1019,9";"1019,9";"1019,7";"2,2";"184,0";"7,5";"2116,50";"0,0"
"30/09/2025";"1300";"";"";"";"49,0";"55,0";"47,0";"";"";"";"1019,7";"1020,0";"1019,7";"1,7";"179,0";"6,7";"2554,20";"0,0"
"30/09/2025";"1400";"";"";"";"51,0";"54,0";"46,0";"";"";"";"1019,2";"1019,7";"1019,2";"2,5";"184,0";"7,5";"2753,10";"0,0"
"30/09/2025";"1500";"";"";"";"47,0";"53,0";"47,0";"";"";"";"1018,2";"1019,2";"1018,2";"2,8";"178,0";"6,8";"2772,80";"0,0"
"30/09/2025";"1600";"";"";"";"48,0";"52,0";"45,0";"";"";"";"1017,4";"1018,2";"1017,3";"3,0";"185,0";"7,9";"2679,50";"0,0"
"30/09/2025";"1700";"";"";"";"50,0";"52,0";"47,0";"";"";"";"1016,9";"1017,4";"1016,9";"3,2";"192,0";"7,4";"2519,60";"0,0"
"30/09/2025";"1800";"";"";"";"53,0";"54,0";"49,0";"";"";"";"1016,6";"1016,9";"1016,5";"2,1";"192,0";"7,9";"2091,90";"0,0"
"30/09/2025";"1900";"";"";"";"53,0";"55,0";"51,0";"";"";"";"1016,6";"1016,7";"1016,5";"1,9";"199,0";"6,7";"1391,20";"0,0"
"30/09/2025";"2000";"";"";"";"56,0";"56,0";"51,0";"";"";"";"1017,1";"1017,1";"1016,6";"1,8";"194,0";"6,4";"602,90";"0,0"
"30/09/2025";"2100";"";"";"";"61,0";"61,0";"56,0";"";"";"";"1017,6";"1017,6";"1017,1";"0,8";"218,0";"4,9";"29,20";"0,0"
"30/09/2025";"2200";"";"";"";"61,0";"63,0";"60,0";"";"";"";"1017,9";"1017,9";"1017,6";"1,3";"205,0";"2,6";"";"0,0"
"30/09/2025";"2300";"";"";"";"62,0";"62,0";"60,0";"";"";"";"1018,9";"1018,9";"1017,9";"1,2";"207,0";"3,8";"";"0,0"
"01/10/2025";"0000";"";"";"";"63,0";"64,0";"62,0";"";"";"";"1019,7";"1019,7";"1018,9";"1,3";"199,0";"3,0";"";"0,0"
"01/10/2025";"0100";"";"";"";"65,0";"66,0";"62,0";"";"";"";"1019,9";"1019,9";"1019,7";"1,6";"204,0";"3,1";"";"0,0"
"01/10/2025";"0200";"";"";"";"66,0";"66,0";"63,0";"";"";"";"1019,6";"1020,0";"1019,6";"0,9";"205,0";"3,5";"";"0,0"
"01/10/2025";"0300";"";"";"";"65,0";"71,0";"65,0";"";"";"";"1018,9";"1019,6";"1018,9";"1,5";"202,0";"4,5";"";"0,0"
"01/10/2025";"0400";"";"";"";"67,0";"68,0";"65,0";"";"";"";"1018,1";"1018,9";"1018,1";"1,0";"204,0";"4,0";"";"0,0"
"01/10/2025";"0500";"";"";"";"77,0";"78,0";"67,0";"";"";"";"1017,4";"1018,1";"1017,4";"1,0";"214,0";"3,1";"";"0,0"
"01/10/2025";"0600";"";"";"";"81,0";"81,0";"73,0";"";"";"";"1017,2";"1017,4";"1017,2";"0,7";"213,0";"4,7";"";"0,0"
"01/10/2025";"0700";"";"";"";"78,0";"81,0";"78,0";"";"";"";"1017,2";"1017,3";"1017,2";"0,9";"298,0";"2,1";"";"0,0"
"01/10/2025";"0800";"";"";"";"78,0";"78,0";"76,0";"";"";"";"1017,5";"1017,5";"1017,2";"1,1";"32,0";"3,1";"";"0,0"
"01/10/2025";"0900";"";"";"";"77,0";"79,0";"77,0";"";"";"";"1018,1";"1018,1";"1017,4";"1,2";"43,0";"5,0";"43,90";"0,0"
"01/10/2025";"1000";"";"";"";"78,0";"83,0";"74,0";"";"";"";"1018,9";"1018,9";"1018,1";"1,1";"350,0";"5,8";"490,40";"0,2"
"01/10/2025";"1100";"";"";"";"68,0";"78,0";"68,0";"";"";"";"1019,8";"1019,8";"1018,9";"1,3";"173,0";"3,8";"1114,00";"0,0"
"01/10/2025";"1200";"";"";"";"79,0";"81,0";"68,0";"";"";"";"1020,2";"1020,3";"1019,8";"1,0";"339,0";"6,9";"804,70";"0,0"
"01/10/2025";"1300";"";"";"";"71,0";"80,0";"71,0";"";"";"";"1020,1";"1020,3";"1020,1";"2,0";"194,0";"5,4";"1334,30";"0,0"
"01/10/2025";"1400";"";"";"";"82,0";"85,0";"69,0";"";"";"";"1019,7";"1020,2";"1019,7";"1,6";"178,0";"5,3";"955,90";"2,4"
"01/10/2025";"1500";"";"";"";"65,0";"82,0";"65,0";"";"";"";"1018,8";"1019,7";"1018,8";"3,5";"84,0";"8,5";"975,20";"0,0"
"01/10/2025";"1600";"";"";"";"58,0";"65,0";"57,0";"";"";"";"1018,2";"1018,9";"1018,2";"1,6";"248,0";"8,1";"854,70";"0,0"
"01/10/2025";"1700";"";"";"";"56,0";"61,0";"54,0";"";"";"";"1017,6";"1018,2";"1017,6";"1,1";"294,0";"5,2";"1011,80";"0,0"
"01/10/2025";"1800";"";"";"";"52,0";"61,0";"51,0";"";"";"";"1017,5";"1017,7";"1017,5";"1,5";"213,0";"3,4";"622,70";"0,0"
"01/10/2025";"1900";"";"";"";"50,0";"58,0";"48,0";"";"";"";"1017,5";"1017,5";"1017,4";"1,5";"193,0";"5,0";"563,60";"0,0"
"01/10/2025";"2000";"";"";"";"60,0";"61,0";"50,0";"";"";"";"1018,2";"1018,2";"1017,5";"1,1";"301,0";"3,3";"212,70";"0,0"
"01/10/2025";"2100";"";"";"";"66,0";"66,0";"60,0";"";"";"";"1018,6";"1018,6";"1018,2";"1,4";"338,0";"3,4";"14,50";"0,0"
"01/10/2025";"2200";"";"";"";"66,0";"67,0";"65,0";"";"";"";"1019,1";"1019,1";"1018,6";"1,2";"300,0";"3,4";"";"0,0"
"01/10/2025";"2300";"";"";"";"69,0";"69,0";"66,0";"";"";"";"1019,7";"1019,7";"1019,1";"1,1";"310,0";"3,0";"";"0,0"
"02/10/2025";"0000";"";"";"";"67,0";"71,0";"67,0";"";"";"";"1020,1";"1020,2";"1019,7";"1,2";"317,0";"2,9";"";"0,0"
"02/10/2025";"0100";"";"";"";"70,0";"71,0";"67,0";"";"";"";"1020,3";"1020,4";"1020,1";"1,2";"15,0";"3,8";"";"0,0"
"02/10/2025";"0200";"";"";"";"70,0";"71,0";"68,0";"";"";"";"1019,7";"1020,3";"1019,7";"1,2";"350,0";"4,1";"";"0,0"
"02/10/2025";"0300";"";"";"";"68,0";"70,0";"67,0";"";"";"";"1019,0";"1019,7";"1019,0";"1,2";"332,0";"4,1";"";"0,0"
"02/10/2025";"0400";"";"";"";"71,0";"71,0";"68,0";"";"";"";"1018,3";"1019,0";"1018,3";"1,1";"334,0";"2,9";"";"0,0"
"02/10/2025";"0500";"";"";"";"71,0";"71,0";"70,0";"";"";"";"1018,0";"1018,3";"1018,0";"0,9";"256,0";"3,1";"";"0,0"
"02/10/2025";"0600";"";"";"";"71,0";"72,0";"69,0";"";"";"";"1017,6";"1018,0";"1017,6";"1,0";"247,0";"2,5";"";"0,0"
"02/10/2025";"0700";"";"";"";"69,0";"71,0";"69,0";"";"";"";"1018,0";"1018,0";"1017,6";"1,4";"218,0";"4,8";"";"0,0"
"02/10/2025";"0800";"";"";"";"68,0";"70,0";"67,0";"";"";"";"1018,3";"1018,3";"1018,0";"1,0";"250,0";"4,1";"";"0,0"
"02/10/2025";"0900";"";"";"";"68,0";"71,0";"67,0";"";"";"";"1018,6";"1018,6";"1018,3";"1,1";"253,0";"3,0";"30,40";"0,0"
"02/10/2025";"1000";"";"";"";"66,0";"68,0";"66,0";"";"";"";"1019,2";"1019,2";"1018,6";"1,1";"251,0";"2,7";"201,30";"0,0"
"02/10/2025";"1100";"";"";"";"66,0";"67,0";"63,0";"";"";"";"1019,6";"1019,6";"1019,2";"0,9";"270,0";"3,4";"392,00";"0,0"
"02/10/2025";"1200";"";"";"";"60,0";"66,0";"59,0";"";"";"";"1020,0";"1020,0";"1019,6";"0,9";"16,0";"2,9";"918,40";"0,0"
"02/10/2025";"1300";"";"";"";"60,0";"62,0";"55,0";"";"";"";"1019,7";"1020,0";"1019,7";"1,1";"42,0";"4,2";"1684,30";"0,0"
"02/10/2025";"1400";"";"";"";"57,0";"61,0";"52,0";"";"";"";"1019,0";"1019,7";"1019,0";"3,0";"77,0";"6,1";"2724,80";"0,0"
"02/10/2025";"1500";"";"";"";"53,0";"59,0";"51,0";"";"";"";"1018,1";"1019,0";"1018,1";"1,6";"125,0";"6,5";"2683,70";"0,0"
"02/10/2025";"1600";"";"";"";"56,0";"59,0";"53,0";"";"";"";"1017,2";"1018,1";"1017,2";"2,3";"100,0";"6,4";"2668,30";"0,0"
"02/10/2025";"1700";"";"";"";"59,0";"67,0";"55,0";"";"";"";"1016,5";"1017,2";"1016,5";"1,4";"99,0";"6,4";"1815,10";"0,0"
"02/10/2025";"1800";"";"";"";"56,0";"60,0";"54,0";"";"";"";"1016,2";"1016,5";"1016,2";"1,2";"251,0";"4,4";"1647,80";"0,0"
"02/10/2025";"1900";"";"";"";"76,0";"79,0";"56,0";"";"";"";"1016,6";"1016,7";"1016,1";"2,0";"73,0";"5,4";"774,00";"1,2"
"02/10/2025";"2000";"";"";"";"70,0";"77,0";"65,0";"";"";"";"1017,0";"1017,0";"1016,5";"1,4";"71,0";"5,5";"527,10";"0,0"
"02/10/2025";"2100";"";"";"";"70,0";"73,0";"70,0";"";"";"";"1017,3";"1017,3";"1017,0";"1,1";"339,0";"5,4";"21,00";"0,0"
"02/10/2025";"2200";"";"";"";"67,0";"70,0";"65,0";"";"";"";"1017,7";"1017,7";"1017,3";"0,9";"310,0";"3,9";"";"0,0"
"02/10/2025";"2300";"";"";"";"70,0";"70,0";"60,0";"";"";"";"1018,2";"1018,2";"1017,7";"1,0";"269,0";"4,7";"";"0,0"
"03/10/2025";"0000";"";"";"";"70,0";"70,0";"67,0";"";"";"";"1018,9";"1018,9";"1018,2";"1,0";"265,0";"3,2";"";"0,0"
"03/10/2025";"0100";"";"";"";"69,0";"72,0";"68,0";"";"";"";"1018,8";"1018,9";"1018,8";"1,1";"268,0";"3,5";"";"0,0"
"03/10/2025";"0200";"";"";"";"70,0";"70,0";"68,0";"";"";"";"1018,7";"1018,8";"1018,7";"1,1";"243,0";"2,8";"";"0,0"
"03/10/2025";"0300";"";"";"";"70,0";"71,0";"67,0";"";"";"";"1018,0";"1018,8";"1018,0";"1,0";"286,0";"2,7";"";"0,0"
"03/10/2025";"0400";"";"";"";"68,0";"70,0";"66,0";"";"";"";"1017,4";"1018,0";"1017,4";"0,9";"263,0";"2,7";"";"0,0"
"03/10/2025";"0500";"";"";"";"71,0";"71,0";"68,0";"";"";"";"1017,0";"1017,4";"1017,0";"1,0";"345,0";"2,8";"";"0,0"
"03/10/2025";"0600";"";"";"";"71,0";"73,0";"70,0";"";"";"";"1017,0";"1017,0";"1016,9";"1,2";"238,0";"3,8";"";"0,0"
"03/10/2025";"0700";"";"";"";"74,0";"75,0";"70,0";"";"";"";"1016,8";"1017,0";"1016,7";"0,8";"281,0";"3,8";"";"0,0"
"03/10/2025";"0800";"";"";"";"77,0";"77,0";"66,0";"";"";"";"1017,1";"1017,1";"1016,8";"0,9";"249,0";"4,4";"";"0,0"
"03/10/2025";"0900";"";"";"";"76,0";"77,0";"67,0";"";"";"";"1017,8";"1017,8";"1017,1";"1,1";"201,0";"5,5";"41,30";"0,0"
"03/10/2025";"1000";"";"";"";"76,0";"81,0";"76,0";"";"";"";"1018,5";"1018,5";"1017,7";"1,0";"282,0";"6,2";"202,80";"0,0"
"03/10/2025";"1100";"";"";"";"68,0";"76,0";"67,0";"";"";"";"1019,0";"1019,1";"1018,4";"4,0";"88,0";"8,0";"622,80";"0,0"
"03/10/2025";"1200";"";"";"";"77,0";"77,0";"63,0";"";"";"";"1019,7";"1019,8";"1019,0";"1,2";"96,0";"7,0";"1229,50";"0,0"
"03/10/2025";"1300";"";"";"";"68,0";"79,0";"67,0";"";"";"";"1019,6";"1019,7";"1019,4";"3,6";"83,0";"9,8";"1422,90";"0,0"
"03/10/2025";"1400";"";"";"";"69,0";"81,0";"68,0";"";"";"";"1018,9";"1019,8";"1018,9";"3,4";"65,0";"9,8";"1208,80";"0,2"
"03/10/2025";"1500";"";"";"";"58,0";"69,0";"49,0";"";"";"";"1017,7";"1018,9";"1017,7";"1,7";"89,0";"7,1";"1738,40";"0,0"
"03/10/2025";"1600";"";"";"";"58,0";"62,0";"53,0";"";"";"";"1016,7";"1017,7";"1016,7";"1,5";"164,0";"5,5";"2011,50";"0,0"
"03/10/2025";"1700";"";"";"";"";"";"";"";"";"";"";"";"";"";"";"";"";""
"03/10/2025";"1800";"";"";"";"";"";"";"";"";"";"";"";"";"";"";"";"";""
"03/10/2025";"1900";"";"";"";"";"";"";"";"";"";"";"";"";"";"";"";"";""
"03/10/2025";"2000";"";"";"";"";"";"";"";"";"";"";"";"";"";"";"";"";""
"03/10/2025";"2100";"";"";"";"";"";"";"";"";"";"";"";"";"";"";"";"";""
"03/10/2025";"2200";"";"";"";"";"";"";"";"";"";"";"";"";"";"";"";"";""
"03/10/2025";"2300";"";"";"";"";"";"";"";"";"";"";"";"";"";"";"";"";""
"04/10/2025";"0000";"";"";"";"";"";"";"";"";"";"";"";"";"";"";"";"";""
"04/10/2025";"0100";"";"";"";"";"";"";"";"";"";"";"";"";"";"";"";"";""
"04/10/2025";"0200";"";"";"";"";"";"";"";"";"";"";"";"";"";"";"";"";""
"04/10/2025";"0300";"";"";"";"";"";"";"";"";"";"";"";"";"";"";"";"";""
"04/10/2025";"0400";"";"";"";"";"";"";"";"";"";"";"";"";"";"";"";"";""
"04/10/2025";"0500";"";"";"";"";"";"";"";"";"";"";"";"";"";"";"";"";""
"04/10/2025";"0600";"";"";"";"";"";"";"";"";"";"";"";"";"";"";"";"";""
"04/10/2025";"0700";"";"";"";"";"";"";"";"";"";"";"";"";"";"";"";"";""
"04/10/2025";"0800";"";"";"";"";"";"";"";"";"";"";"";"";"";"";"";"";""
"04/10/2025";"0900";"";"";"";"";"";"";"";"";"";"";"";"";"";"";"";"";""
"04/10/2025";"1000";"";"";"";"";"";"";"";"";"";"";"";"";"";"";"";"";""
"04/10/2025";"1100";"";"";"";"";"";"";"";"";"";"";"";"";"";"";"";"";""
"04/10/2025";"1200";"";"";"";"";"";"";"";"";"";"";"";"";"";"";"";"";""
"04/10/2025";"1300";"";"";"";"";"";"";"";"";"";"";"";"";"";"";"";"";""
"04/10/2025";"1400";"";"";"";"";"";"";"";"";"";"";"";"";"";"";"";"";""
"04/10/2025";"1500";"";"";"";"";"";"";"";"";"";"";"";"";"";"";"";"";""
"04/10/2025";"1600";"";"";"";"";"";"";"";"";"";"";"";"";"";"";"";"";""
"04/10/2025";"1700";"";"";"";"";"";"";"";"";"";"";"";"";"";"";"";"";""
"04/10/2025";"1800";"";"";"";"";"";"";"";"";"";"";"";"";"";"";"";"";""
"04/10/2025";"1900";"";"";"";"";"";"";"";"";"";"";"";"";"";"";"";"";""
"04/10/2025";"2000";"";"";"";"";"";"";"";"";"";"";"";"";"";"";"";"";""
"04/10/2025";"2100";"";"";"";"";"";"";"";"";"";"";"";"";"";"";"";"";""
"04/10/2025";"2200";"";"";"";"";"";"";"";"";"";"";"";"";"";"";"";"";""
"04/10/2025";"2300";"";"";"";"";"";"";"";"";"";"";"";"";"";"";"";"";""
"05/10/2025";"0000";"";"";"";"";"";"";"";"";"";"";"";"";"";"";"";"";""
"05/10/2025";"0100";"";"";"";"";"";"";"";"";"";"";"";"";"";"";"";"";""
"05/10/2025";"0200";"";"";"";"";"";"";"";"";"";"";"";"";"";"";"";"";""
"05/10/2025";"0300";"";"";"";"";"";"";"";"";"";"";"";"";"";"";"";"";""
"05/10/2025";"0400";"";"";"";"";"";"";"";"";"";"";"";"";"";"";"";"";""
"05/10/2025";"0500";"";"";"";"";"";"";"";"";"";"";"";"";"";"";"";"";""
"05/10/2025";"0600";"";"";"";"";"";"";"";"";"";"";"";"";"";"";"";"";""
"05/10/2025";"0700";"";"";"";"";"";"";"";"";"";"";"";"";"";"";"";"";""
"05/10/2025";"0800";"";"";"";"";"";"";"";"";"";"";"";"";"";"";"";"";""
"05/10/2025";"0900";"";"";"";"";"";"";"";"";"";"";"";"";"";"";"";"";""
"05/10/2025";"1000";"";"";"";"";"";"";"";"";"";"";"";"";"";"";"";"";""
"05/10/2025";"1100";"";"";"";"";"";"";"";"";"";"";"";"";"";"";"";"";""
"05/10/2025";"1200";"";"";"";"";"";"";"";"";"";"";"";"";"";"";"";"";""
"05/10/2025";"1300";"";"";"";"";"";"";"";"";"";"";"";"";"";"";"";"";""
"05/10/2025";"1400";"";"";"";"";"";"";"";"";"";"";"";"";"";"";"";"";""
"05/10/2025";"1500";"";"";"";"";"";"";"";"";"";"";"";"";"";"";"";"";""
"05/10/2025";"1600";"";"";"";"";"";"";"";"";"";"";"";"";"";"";"";"";""
"05/10/2025";"1700";"";"";"";"";"";"";"";"";"";"";"";"";"";"";"";"";""
"05/10/2025";"1800";"";"";"";"";"";"";"";"";"";"";"";"";"";"";"";"";""
"05/10/2025";"1900";"";"";"";"";"";"";"";"";"";"";"";"";"";"";"";"";""
"05/10/2025";"2000";"";"";"";"";"";"";"";"";"";"";"";"";"";"";"";"";""
"05/10/2025";"2100";"";"";"";"";"";"";"";"";"";"";"";"";"";"";"";"";""
"05/10/2025";"2200";"";"";"";"";"";"";"";"";"";"";"";"";"";"";"";"";""
"05/10/2025";"2300";"";"";"";"";"";"";"";"";"";"";"";"";"";"";"";"";""
"06/10/2025";"0000";"";"";"";"";"";"";"";"";"";"";"";"";"";"";"";"";""
"06/10/2025";"0100";"";"";"";"";"";"";"";"";"";"";"";"";"";"";"";"";""
"06/10/2025";"0200";"";"";"";"";"";"";"";"";"";"";"";"";"";"";"";"";""
"06/10/2025";"0300";"";"";"";"";"";"";"";"";"";"";"";"";"";"";"";"";""
"06/10/2025";"0400";"";"";"";"";"";"";"";"";"";"";"";"";"";"";"";"";""
"06/10/2025";"0500";"";"";"";"";"";"";"";"";"";"";"";"";"";"";"";"";""
"06/10/2025";"0600";"";"";"";"";"";"";"";"";"";"";"";"";"";"";"";"";""
"06/10/2025";"0700";"";"";"";"";"";"";"";"";"";"";"";"";"";"";"";"";""
"06/10/2025";"0800";"";"";"";"";"";"";"";"";"";"";"";"";"";"";"";"";""
"06/10/2025";"0900";"";"";"";"";"";"";"";"";"";"";"";"";"";"";"";"";""
"06/10/2025";"1000";"";"";"";"";"";"";"";"";"";"";"";"";"";"";"";"";""
"06/10/2025";"1100";"";"";"";"";"";"";"";"";"";"";"";"";"";"";"";"";""
"06/10/2025";"1200";"";"";"";"";"";"";"";"";"";"";"";"";"";"";"";"";""
"06/10/2025";"1300";"";"";"";"";"";"";"";"";"";"";"";"";"";"";"";"";""
"06/10/2025";"1400";"";"";"";"";"";"";"";"";"";"";"";"";"";"";"";"";""
"06/10/2025";"1500";"";"";"";"";"";"";"";"";"";"";"";"";"";"";"";"";""
"06/10/2025";"1600";"";"";"";"";"";"";"";"";"";"";"";"";"";"";"";"";""
"06/10/2025";"1700";"";"";"";"";"";"";"";"";"";"";"";"";"";"";"";"";""
"06/10/2025";"1800";"";"";"";"";"";"";"";"";"";"";"";"";"";"";"";"";""
"06/10/2025";"1900";"";"";"";"";"";"";"";"";"";"";"";"";"";"";"";"";""
"06/10/2025";"2000";"";"";"";"";"";"";"";"";"";"";"";"";"";"";"";"";""
"06/10/2025";"2100";"";"";"";"";"";"";"";"";"";"";"";"";"";"";"";"";""
"06/10/2025";"2200";"";"";"";"";"";"";"";"";"";"";"";"";"";"";"";"";""
"06/10/2025";"2300";"";"";"";"";"";"";"";"";"";"";"";"";"";"";"";"";""
"07/10/2025";"0000";"";"";"";"";"";"";"";"";"";"";"";"";"";"";"";"";""
"07/10/2025";"0100";"";"";"";"";"";"";"";"";"";"";"";"";"";"";"";"";""
"07/10/2025";"0200";"";"";"";"";"";"";"";"";"";"";"";"";"";"";"";"";""
"07/10/2025";"0300";"";"";"";"";"";"";"";"";"";"";"";"";"";"";"";"";""
"07/10/2025";"0400";"";"";"";"";"";"";"";"";"";"";"";"";"";"";"";"";""
"07/10/2025";"0500";"";"";"";"";"";"";"";"";"";"";"";"";"";"";"";"";""
"07/10/2025";"0600";"";"";"";"";"";"";"";"";"";"";"";"";"";"";"";"";""
"07/10/2025";"0700";"";"";"";"";"";"";"";"";"";"";"";"";"";"";"";"";""
"07/10/2025";"0800";"";"";"";"";"";"";"";"";"";"";"";"";"";"";"";"";""
"07/10/2025";"0900";"";"";"";"";"";"";"";"";"";"";"";"";"";"";"";"";""
"07/10/2025";"1000";"";"";"";"";"";"";"";"";"";"";"";"";"";"";"";"";""
"07/10/2025";"1100";"";"";"";"";"";"";"";"";"";"";"";"";"";"";"";"";""
"07/10/2025";"1200";"";"";"";"";"";"";"";"";"";"";"";"";"";"";"";"";""
"07/10/2025";"1300";"";"";"";"";"";"";"";"";"";"";"";"";"";"";"";"";""
"07/10/2025";"1400";"";"";"";"";"";"";"";"";"";"";"";"";"";"";"";"";""
"07/10/2025";"1500";"";"";"";"";"";"";"";"";"";"";"";"";"";"";"";"";""
"07/10/2025";"1600";"";"";"";"";"";"";"";"";"";"";"";"";"";"";"";"";""
"07/10/2025";"1700";"";"";"";"";"";"";"";"";"";"";"";"";"";"";"";"";""
"07/10/2025";"1800";"";"";"";"";"";"";"";"";"";"";"";"";"";"";"";"";""
"07/10/2025";"1900";"";"";"";"";"";"";"";"";"";"";"";"";"";"";"";"";""
"07/10/2025";"2000";"";"";"";"";"";"";"";"";"";"";"";"";"";"";"";"";""
"07/10/2025";"2100";"";"";"";"";"";"";"";"";"";"";"";"";"";"";"";"";""
"07/10/2025";"2200";"";"";"";"";"";"";"";"";"";"";"";"";"";"";"";"";""
"07/10/2025";"2300";"";"";"";"";"";"";"";"";"";"";"";"";"";"";"";"";""
"08/10/2025";"0000";"";"";"";"";"";"";"";"";"";"";"";"";"";"";"";"";""
"08/10/2025";"0100";"";"";"";"";"";"";"";"";"";"";"";"";"";"";"";"";""
"08/10/2025";"0200";"";"";"";"";"";"";"";"";"";"";"";"";"";"";"";"";""
"08/10/2025";"0300";"";"";"";"";"";"";"";"";"";"";"";"";"";"";"";"";""
"08/10/2025";"0400";"";"";"";"";"";"";"";"";"";"";"";"";"";"";"";"";""
"08/10/2025";"0500";"";"";"";"";"";"";"";"";"";"";"";"";"";"";"";"";""
"08/10/2025";"0600";"";"";"";"";"";"";"";"";"";"";"";"";"";"";"";"";""
"08/10/2025";"0700";"";"";"";"";"";"";"";"";"";"";"";"";"";"";"";"";""
"08/10/2025";"0800";"";"";"";"";"";"";"";"";"";"";"";"";"";"";"";"";""
"08/10/2025";"0900";"";"";"";"";"";"";"";"";"";"";"";"";"";"";"";"";""
"08/10/2025";"1000";"";"";"";"";"";"";"";"";"";"";"";"";"";"";"";"";""
"08/10/2025";"1100";"";"";"";"";"";"";"";"";"";"";"";"";"";"";"";"";""
"08/10/2025";"1200";"";"";"";"";"";"";"";"";"";"";"";"";"";"";"";"";""
"08/10/2025";"1300";"";"";"";"";"";"";"";"";"";"";"";"";"";"";"";"";""
"08/10/2025";"1400";"";"";"";"";"";"";"";"";"";"";"";"";"";"";"";"";""
"08/10/2025";"1500";"";"";"";"";"";"";"";"";"";"";"";"";"";"";"";"";""
"08/10/2025";"1600";"";"";"";"";"";"";"";"";"";"";"";"";"";"";"";"";""
"08/10/2025";"1700";"";"";"";"";"";"";"";"";"";"";"";"";"";"";"";"";""
"08/10/2025";"1800";"";"";"";"";"";"";"";"";"";"";"";"";"";"";"";"";""
"08/10/2025";"1900";"";"";"";"";"";"";"";"";"";"";"";"";"";"";"";"";""
"08/10/2025";"2000";"";"";"";"";"";"";"";"";"";"";"";"";"";"";"";"";""
"08/10/2025";"2100";"";"";"";"";"";"";"";"";"";"";"";"";"";"";"";"";""
"08/10/2025";"2200";"";"";"";"";"";"";"";"";"";"";"";"";"";"";"";"";""
"08/10/2025";"2300";"";"";"";"";"";"";"";"";"";"";"";"";"";"";"";"";""
"09/10/2025";"0000";"";"";"";"";"";"";"";"";"";"";"";"";"";"";"";"";""
"09/10/2025";"0100";"";"";"";"";"";"";"";"";"";"";"";"";"";"";"";"";""
"09/10/2025";"0200";"";"";"";"";"";"";"";"";"";"";"";"";"";"";"";"";""
"09/10/2025";"0300";"";"";"";"";"";"";"";"";"";"";"";"";"";"";"";"";""
"09/10/2025";"0400";"";"";"";"";"";"";"";"";"";"";"";"";"";"";"";"";""
"09/10/2025";"0500";"";"";"";"";"";"";"";"";"";"";"";"";"";"";"";"";""
"09/10/2025";"0600";"";"";"";"";"";"";"";"";"";"";"";"";"";"";"";"";""
"09/10/2025";"0700";"";"";"";"";"";"";"";"";"";"";"";"";"";"";"";"";""
"09/10/2025";"0800";"";"";"";"";"";"";"";"";"";"";"";"";"";"";"";"";""
"09/10/2025";"0900";"";"";"";"";"";"";"";"";"";"";"";"";"";"";"";"";""
"09/10/2025";"1000";"";"";"";"";"";"";"";"";"";"";"";"";"";"";"";"";""
"09/10/2025";"1100";"";"";"";"";"";"";"";"";"";"";"";"";"";"";"";"";""
"09/10/2025";"1200";"";"";"";"";"";"";"";"";"";"";"";"";"";"";"";"";""
"09/10/2025";"1300";"";"";"";"";"";"";"";"";"";"";"";"";"";"";"";"";""
"09/10/2025";"1400";"";"";"";"";"";"";"";"";"";"";"";"";"";"";"";"";""
"09/10/2025";"1500";"";"";"";"";"";"";"";"";"";"";"";"";"";"";"";"";""
"09/10/2025";"1600";"";"";"";"";"";"";"";"";"";"";"";"";"";"";"";"";""
"09/10/2025";"1700";"";"";"";"";"";"";"";"";"";"";"";"";"";"";"";"";""
"09/10/2025";"1800";"";"";"";"";"";"";"";"";"";"";"";"";"";"";"";"";""
"09/10/2025";"1900";"";"";"";"";"";"";"";"";"";"";"";"";"";"";"";"";""
"09/10/2025";"2000";"";"";"";"";"";"";"";"";"";"";"";"";"";"";"";"";""
"09/10/2025";"2100";"";"";"";"";"";"";"";"";"";"";"";"";"";"";"";"";""
"09/10/2025";"2200";"";"";"";"";"";"";"";"";"";"";"";"";"";"";"";"";""
"09/10/2025";"2300";"";"";"";"";"";"";"";"";"";"";"";"";"";"";"";"";""
"10/10/2025";"0000";"";"";"";"";"";"";"";"";"";"";"";"";"";"";"";"";""
"10/10/2025";"0100";"";"";"";"";"";"";"";"";"";"";"";"";"";"";"";"";""
"10/10/2025";"0200";"";"";"";"";"";"";"";"";"";"";"";"";"";"";"";"";""
"10/10/2025";"0300";"";"";"";"";"";"";"";"";"";"";"";"";"";"";"";"";""
"10/10/2025";"0400";"";"";"";"";"";"";"";"";"";"";"";"";"";"";"";"";""
"10/10/2025";"0500";"";"";"";"";"";"";"";"";"";"";"";"";"";"";"";"";""
"10/10/2025";"0600";"";"";"";"";"";"";"";"";"";"";"";"";"";"";"";"";""
"10/10/2025";"0700";"";"";"";"";"";"";"";"";"";"";"";"";"";"";"";"";""
"10/10/2025";"0800";"";"";"";"";"";"";"";"";"";"";"";"";"";"";"";"";""
"10/10/2025";"0900";"";"";"";"";"";"";"";"";"";"";"";"";"";"";"";"";""
"10/10/2025";"1000";"";"";"";"";"";"";"";"";"";"";"";"";"";"";"";"";""
"10/10/2025";"1100";"";"";"";"";"";"";"";"";"";"";"";"";"";"";"";"";""
"10/10/2025";"1200";"";"";"";"";"";"";"";"";"";"";"";"";"";"";"";"";""
"10/10/2025";"1300";"";"";"";"";"";"";"";"";"";"";"";"";"";"";"";"";""
"10/10/2025";"1400";"";"";"";"";"";"";"";"";"";"";"";"";"";"";"";"";""
"10/10/2025";"1500";"";"";"";"";"";"";"";"";"";"";"";"";"";"";"";"";""
"10/10/2025";"1600";"";"";"";"";"";"";"";"";"";"";"";"";"";"";"";"";""
"10/10/2025";"1700";"";"";"";"";"";"";"";"";"";"";"";"";"";"";"";"";""
"10/10/2025";"1800";"";"";"";"";"";"";"";"";"";"";"";"";"";"";"";"";""
"10/10/2025";"1900";"";"";"";"";"";"";"";"";"";"";"";"";"";"";"";"";""
"10/10/2025";"2000";"";"";"";"";"";"";"";"";"";"";"";"";"";"";"";"";""
"10/10/2025";"2100";"";"";"";"";"";"";"";"";"";"";"";"";"";"";"";"";""
"10/10/2025";"2200";"";"";"";"";"";"";"";"";"";"";"";"";"";"";"";"";""
"10/10/2025";"2300";"";"";"";"";"";"";"";"";"";"";"";"";"";"";"";"";""
"11/10/2025";"0000";"";"";"";"";"";"";"";"";"";"";"";"";"";"";"";"";""
"11/10/2025";"0100";"";"";"";"";"";"";"";"";"";"";"";"";"";"";"";"";""
"11/10/2025";"0200";"";"";"";"";"";"";"";"";"";"";"";"";"";"";"";"";""
"11/10/2025";"0300";"";"";"";"";"";"";"";"";"";"";"";"";"";"";"";"";""
"11/10/2025";"0400";"";"";"";"";"";"";"";"";"";"";"";"";"";"";"";"";""
"11/10/2025";"0500";"";"";"";"";"";"";"";"";"";"";"";"";"";"";"";"";""
"11/10/2025";"0600";"";"";"";"";"";"";"";"";"";"";"";"";"";"";"";"";""
"11/10/2025";"0700";"";"";"";"";"";"";"";"";"";"";"";"";"";"";"";"";""
"11/10/2025";"0800";"";"";"";"";"";"";"";"";"";"";"";"";"";"";"";"";""
"11/10/2025";"0900";"";"";"";"";"";"";"";"";"";"";"";"";"";"";"";"";""
"11/10/2025";"1000";"";"";"";"";"";"";"";"";"";"";"";"";"";"";"";"";""
"11/10/2025";"1100";"";"";"";"";"";"";"";"";"";"";"";"";"";"";"";"";""
"11/10/2025";"1200";"";"";"";"";"";"";"";"";"";"";"";"";"";"";"";"";""
"11/10/2025";"1300";"";"";"";"";"";"";"";"";"";"";"";"";"";"";"";"";""
"11/10/2025";"1400";"";"";"";"";"";"";"";"";"";"";"";"";"";"";"";"";""
"11/10/2025";"1500";"";"";"";"";"";"";"";"";"";"";"";"";"";"";"";"";""
"11/10/2025";"1600";"";"";"";"";"";"";"";"";"";"";"";"";"";"";"";"";""
"11/10/2025";"1700";"";"";"";"";"";"";"";"";"";"";"";"";"";"";"";"";""
"11/10/2025";"1800";"";"";"";"";"";"";"";"";"";"";"";"";"";"";"";"";""
"11/10/2025";"1900";"";"";"";"";"";"";"";"";"";"";"";"";"";"";"";"";""
"11/10/2025";"2000";"";"";"";"";"";"";"";"";"";"";"";"";"";"";"";"";""
"11/10/2025";"2100";"";"";"";"";"";"";"";"";"";"";"";"";"";"";"";"";""
"11/10/2025";"2200";"";"";"";"";"";"";"";"";"";"";"";"";"";"";"";"";""
"11/10/2025";"2300";"";"";"";"";"";"";"";"";"";"";"";"";"";"";"";"";""
"12/10/2025";"0000";"";"";"";"";"";"";"";"";"";"";"";"";"";"";"";"";""
"12/10/2025";"0100";"";"";"";"";"";"";"";"";"";"";"";"";"";"";"";"";""
"12/10/2025";"0200";"";"";"";"";"";"";"";"";"";"";"";"";"";"";"";"";""
"12/10/2025";"0300";"";"";"";"";"";"";"";"";"";"";"";"";"";"";"";"";""
"12/10/2025";"0400";"";"";"";"";"";"";"";"";"";"";"";"";"";"";"";"";""
"12/10/2025";"0500";"";"";"";"";"";"";"";"";"";"";"";"";"";"";"";"";""
"12/10/2025";"0600";"";"";"";"";"";"";"";"";"";"";"";"";"";"";"";"";""
"12/10/2025";"0700";"";"";"";"";"";"";"";"";"";"";"";"";"";"";"";"";""
"12/10/2025";"0800";"";"";"";"";"";"";"";"";"";"";"";"";"";"";"";"";""
"12/10/2025";"0900";"";"";"";"";"";"";"";"";"";"";"";"";"";"";"";"";""
"12/10/2025";"1000";"";"";"";"";"";"";"";"";"";"";"";"";"";"";"";"";""
"12/10/2025";"1100";"";"";"";"";"";"";"";"";"";"";"";"";"";"";"";"";""
"12/10/2025";"1200";"";"";"";"";"";"";"";"";"";"";"";"";"";"";"";"";""
"12/10/2025";"1300";"";"";"";"";"";"";"";"";"";"";"";"";"";"";"";"";""
"12/10/2025";"1400";"";"";"";"";"";"";"";"";"";"";"";"";"";"";"";"";""
"12/10/2025";"1500";"";"";"";"";"";"";"";"";"";"";"";"";"";"";"";"";""
"12/10/2025";"1600";"";"";"";"";"";"";"";"";"";"";"";"";"";"";"";"";""
"12/10/2025";"1700";"";"";"";"";"";"";"";"";"";"";"";"";"";"";"";"";""
"12/10/2025";"1800";"";"";"";"";"";"";"";"";"";"";"";"";"";"";"";"";""
"12/10/2025";"1900";"";"";"";"";"";"";"";"";"";"";"";"";"";"";"";"";""
"12/10/2025";"2000";"";"";"";"";"";"";"";"";"";"";"";"";"";"";"";"";""
"12/10/2025";"2100";"";"";"";"";"";"";"";"";"";"";"";"";"";"";"";"";""
"12/10/2025";"2200";"";"";"";"";"";"";"";"";"";"";"";"";"";"";"";"";""
"12/10/2025";"2300";"";"";"";"";"";"";"";"";"";"";"";"";"";"";"";"";""
"13/10/2025";"0000";"";"";"";"";"";"";"";"";"";"";"";"";"";"";"";"";""
"13/10/2025";"0100";"";"";"";"";"";"";"";"";"";"";"";"";"";"";"";"";""
"13/10/2025";"0200";"";"";"";"";"";"";"";"";"";"";"";"";"";"";"";"";""
"13/10/2025";"0300";"";"";"";"";"";"";"";"";"";"";"";"";"";"";"";"";""
"13/10/2025";"0400";"";"";"";"";"";"";"";"";"";"";"";"";"";"";"";"";""
"13/10/2025";"0500";"";"";"";"";"";"";"";"";"";"";"";"";"";"";"";"";""
"13/10/2025";"0600";"";"";"";"";"";"";"";"";"";"";"";"";"";"";"";"";""
"13/10/2025";"0700";"";"";"";"";"";"";"";"";"";"";"";"";"";"";"";"";""
"13/10/2025";"0800";"";"";"";"";"";"";"";"";"";"";"";"";"";"";"";"";""
"13/10/2025";"0900";"";"";"";"";"";"";"";"";"";"";"";"";"";"";"";"";""
"13/10/2025";"1000";"";"";"";"";"";"";"";"";"";"";"";"";"";"";"";"";""
"13/10/2025";"1100";"";"";"";"";"";"";"";"";"";"";"";"";"";"";"";"";""
"13/10/2025";"1200";"";"";"";"";"";"";"";"";"";"";"";"";"";"";"";"";""
"13/10/2025";"1300";"";"";"";"";"";"";"";"";"";"";"";"";"";"";"";"";""
"13/10/2025";"1400";"";"";"";"";"";"";"";"";"";"";"";"";"";"";"";"";""
"13/10/2025";"1500";"";"";"";"";"";"";"";"";"";"";"";"";"";"";"";"";""
"13/10/2025";"1600";"";"";"";"";"";"";"";"";"";"";"";"";"";"";"";"";""
"13/10/2025";"1700";"";"";"";"";"";"";"";"";"";"";"";"";"";"";"";"";""
"13/10/2025";"1800";"";"";"";"";"";"";"";"";"";"";"";"";"";"";"";"";""
"13/10/2025";"1900";"";"";"";"";"";"";"";"";"";"";"";"";"";"";"";"";""
"13/10/2025";"2000";"";"";"";"";"";"";"";"";"";"";"";"";"";"";"";"";""
"13/10/2025";"2100";"";"";"";"";"";"";"";"";"";"";"";"";"";"";"";"";""
"13/10/2025";"2200";"";"";"";"";"";"";"";"";"";"";"";"";"";"";"";"";""
"13/10/2025";"2300";"";"";"";"";"";"";"";"";"";"";"";"";"";"";"";"";""
"14/10/2025";"0000";"";"";"";"";"";"";"";"";"";"";"";"";"";"";"";"";""
"14/10/2025";"0100";"";"";"";"";"";"";"";"";"";"";"";"";"";"";"";"";""
"14/10/2025";"0200";"";"";"";"";"";"";"";"";"";"";"";"";"";"";"";"";""
"14/10/2025";"0300";"";"";"";"";"";"";"";"";"";"";"";"";"";"";"";"";""
"14/10/2025";"0400";"";"";"";"";"";"";"";"";"";"";"";"";"";"";"";"";""
"14/10/2025";"0500";"";"";"";"";"";"";"";"";"";"";"";"";"";"";"";"";""
"14/10/2025";"0600";"";"";"";"";"";"";"";"";"";"";"";"";"";"";"";"";""
"14/10/2025";"0700";"";"";"";"";"";"";"";"";"";"";"";"";"";"";"";"";""
"14/10/2025";"0800";"";"";"";"";"";"";"";"";"";"";"";"";"";"";"";"";""
"14/10/2025";"0900";"";"";"";"";"";"";"";"";"";"";"";"";"";"";"";"";""
"14/10/2025";"1000";"";"";"";"";"";"";"";"";"";"";"";"";"";"";"";"";""
"14/10/2025";"1100";"";"";"";"";"";"";"";"";"";"";"";"";"";"";"";"";""
"14/10/2025";"1200";"";"";"";"";"";"";"";"";"";"";"";"";"";"";"";"";""
"14/10/2025";"1300";"";"";"";"";"";"";"";"";"";"";"";"";"";"";"";"";""
"14/10/2025";"1400";"";"";"";"";"";"";"";"";"";"";"";"";"";"";"";"";""
"14/10/2025";"1500";"";"";"";"";"";"";"";"";"";"";"";"";"";"";"";"";""
"14/10/2025";"1600";"";"";"";"";"";"";"";"";"";"";"";"";"";"";"";"";""
"14/10/2025";"1700";"";"";"";"";"";"";"";"";"";"";"";"";"";"";"";"";""
"14/10/2025";"1800";"";"";"";"";"";"";"";"";"";"";"";"";"";"";"";"";""
"14/10/2025";"1900";"";"";"";"";"";"";"";"";"";"";"";"";"";"";"";"";""
"14/10/2025";"2000";"";"";"";"";"";"";"";"";"";"";"";"";"";"";"";"";""
"14/10/2025";"2100";"";"";"";"";"";"";"";"";"";"";"";"";"";"";"";"";""
"14/10/2025";"2200";"";"";"";"";"";"";"";"";"";"";"";"";"";"";"";"";""
"14/10/2025";"2300";"";"";"";"";"";"";"";"";"";"";"";"";"";"";"";"";""
"15/10/2025";"0000";"";"";"";"";"";"";"";"";"";"";"";"";"";"";"";"";""
"15/10/2025";"0100";"";"";"";"";"";"";"";"";"";"";"";"";"";"";"";"";""
"15/10/2025";"0200";"";"";"";"";"";"";"";"";"";"";"";"";"";"";"";"";""
"15/10/2025";"0300";"";"";"";"";"";"";"";"";"";"";"";"";"";"";"";"";""
"15/10/2025";"0400";"";"";"";"";"";"";"";"";"";"";"";"";"";"";"";"";""
"15/10/2025";"0500";"";"";"";"";"";"";"";"";"";"";"";"";"";"";"";"";""
"15/10/2025";"0600";"";"";"";"";"";"";"";"";"";"";"";"";"";"";"";"";""
"15/10/2025";"0700";"";"";"";"";"";"";"";"";"";"";"";"";"";"";"";"";""
"15/10/2025";"0800";"";"";"";"";"";"";"";"";"";"";"";"";"";"";"";"";""
"15/10/2025";"0900";"";"";"";"";"";"";"";"";"";"";"";"";"";"";"";"";""
"15/10/2025";"1000";"";"";"";"";"";"";"";"";"";"";"";"";"";"";"";"";""
"15/10/2025";"1100";"";"";"";"";"";"";"";"";"";"";"";"";"";"";"";"";""
"15/10/2025";"1200";"";"";"";"";"";"";"";"";"";"";"";"";"";"";"";"";""
"15/10/2025";"1300";"";"";"";"";"";"";"";"";"";"";"";"";"";"";"";"";""
"15/10/2025";"1400";"";"";"";"";"";"";"";"";"";"";"";"";"";"";"";"";""
"15/10/2025";"1500";"";"";"";"";"";"";"";"";"";"";"";"";"";"";"";"";""
"15/10/2025";"1600";"";"";"";"";"";"";"";"";"";"";"";"";"";"";"";"";""
"15/10/2025";"1700";"";"";"";"";"";"";"";"";"";"";"";"";"";"";"";"";""
"15/10/2025";"1800";"";"";"";"";"";"";"";"";"";"";"";"";"";"";"";"";""
"15/10/2025";"1900";"";"";"";"";"";"";"";"";"";"";"";"";"";"";"";"";""
"15/10/2025";"2000";"";"";"";"";"";"";"";"";"";"";"";"";"";"";"";"";""
"15/10/2025";"2100";"";"";"";"";"";"";"";"";"";"";"";"";"";"";"";"";""
"15/10/2025";"2200";"";"";"";"";"";"";"";"";"";"";"";"";"";"";"";"";""
"15/10/2025";"2300";"";"";"";"";"";"";"";"";"";"";"";"";"";"";"";"";""
"16/10/2025";"0000";"";"";"";"";"";"";"";"";"";"";"";"";"";"";"";"";""
"16/10/2025";"0100";"";"";"";"";"";"";"";"";"";"";"";"";"";"";"";"";""
"16/10/2025";"0200";"";"";"";"";"";"";"";"";"";"";"";"";"";"";"";"";""
"16/10/2025";"0300";"";"";"";"";"";"";"";"";"";"";"";"";"";"";"";"";""
"16/10/2025";"0400";"";"";"";"";"";"";"";"";"";"";"";"";"";"";"";"";""
"16/10/2025";"0500";"";"";"";"";"";"";"";"";"";"";"";"";"";"";"";"";""
"16/10/2025";"0600";"";"";"";"";"";"";"";"";"";"";"";"";"";"";"";"";""
"16/10/2025";"0700";"";"";"";"";"";"";"";"";"";"";"";"";"";"";"";"";""
"16/10/2025";"0800";"";"";"";"";"";"";"";"";"";"";"";"";"";"";"";"";""
"16/10/2025";"0900";"";"";"";"";"";"";"";"";"";"";"";"";"";"";"";"";""
"16/10/2025";"1000";"";"";"";"";"";"";"";"";"";"";"";"";"";"";"";"";""
"16/10/2025";"1100";"";"";"";"";"";"";"";"";"";"";"";"";"";"";"";"";""
"16/10/2025";"1200";"";"";"";"";"";"";"";"";"";"";"";"";"";"";"";"";""
"16/10/2025";"1300";"";"";"";"";"";"";"";"";"";"";"";"";"";"";"";"";""
"16/10/2025";"1400";"";"";"";"";"";"";"";"";"";"";"";"";"";"";"";"";""
"16/10/2025";"1500";"";"";"";"";"";"";"";"";"";"";"";"";"";"";"";"";""
"16/10/2025";"1600";"";"";"";"";"";"";"";"";"";"";"";"";"";"";"";"";""
"16/10/2025";"1700";"";"";"";"";"";"";"";"";"";"";"";"";"";"";"";"";""
"16/10/2025";"1800";"";"";"";"";"";"";"";"";"";"";"";"";"";"";"";"";""
"16/10/2025";"1900";"";"";"";"";"";"";"";"";"";"";"";"";"";"";"";"";""
"16/10/2025";"2000";"";"";"";"";"";"";"";"";"";"";"";"";"";"";"";"";""
"16/10/2025";"2100";"";"";"";"";"";"";"";"";"";"";"";"";"";"";"";"";""
"16/10/2025";"2200";"";"";"";"";"";"";"";"";"";"";"";"";"";"";"";"";""
"16/10/2025";"2300";"";"";"";"";"";"";"";"";"";"";"";"";"";"";"";"";""
"17/10/2025";"0000";"";"";"";"";"";"";"";"";"";"";"";"";"";"";"";"";""
"17/10/2025";"0100";"";"";"";"";"";"";"";"";"";"";"";"";"";"";"";"";""
"17/10/2025";"0200";"";"";"";"";"";"";"";"";"";"";"";"";"";"";"";"";""
"17/10/2025";"0300";"";"";"";"";"";"";"";"";"";"";"";"";"";"";"";"";""
"17/10/2025";"0400";"";"";"";"";"";"";"";"";"";"";"";"";"";"";"";"";""
"17/10/2025";"0500";"";"";"";"";"";"";"";"";"";"";"";"";"";"";"";"";""
"17/10/2025";"0600";"";"";"";"";"";"";"";"";"";"";"";"";"";"";"";"";""
"17/10/2025";"0700";"";"";"";"";"";"";"";"";"";"";"";"";"";"";"";"";""
"17/10/2025";"0800";"";"";"";"";"";"";"";"";"";"";"";"";"";"";"";"";""
"17/10/2025";"0900";"";"";"";"";"";"";"";"";"";"";"";"";"";"";"";"";""
"17/10/2025";"1000";"";"";"";"";"";"";"";"";"";"";"";"";"";"";"";"";""
"17/10/2025";"1100";"";"";"";"";"";"";"";"";"";"";"";"";"";"";"";"";""
"17/10/2025";"1200";"";"";"";"";"";"";"";"";"";"";"";"";"";"";"";"";""
"17/10/2025";"1300";"";"";"";"";"";"";"";"";"";"";"";"";"";"";"";"";""
"17/10/2025";"1400";"";"";"";"";"";"";"";"";"";"";"";"";"";"";"";"";""
"17/10/2025";"1500";"";"";"";"";"";"";"";"";"";"";"";"";"";"";"";"";""
"17/10/2025";"1600";"";"";"";"";"";"";"";"";"";"";"";"";"";"";"";"";""
"17/10/2025";"1700";"";"";"";"";"";"";"";"";"";"";"";"";"";"";"";"";""
"17/10/2025";"1800";"";"";"";"";"";"";"";"";"";"";"";"";"";"";"";"";""
"17/10/2025";"1900";"";"";"";"";"";"";"";"";"";"";"";"";"";"";"";"";""
"17/10/2025";"2000";"";"";"";"";"";"";"";"";"";"";"";"";"";"";"";"";""
"17/10/2025";"2100";"";"";"";"";"";"";"";"";"";"";"";"";"";"";"";"";""
"17/10/2025";"2200";"";"";"";"";"";"";"";"";"";"";"";"";"";"";"";"";""
"17/10/2025";"2300";"";"";"";"";"";"";"";"";"";"";"";"";"";"";"";"";""
"18/10/2025";"0000";"";"";"";"";"";"";"";"";"";"";"";"";"";"";"";"";""
"18/10/2025";"0100";"";"";"";"";"";"";"";"";"";"";"";"";"";"";"";"";""
"18/10/2025";"0200";"";"";"";"";"";"";"";"";"";"";"";"";"";"";"";"";""
"18/10/2025";"0300";"";"";"";"";"";"";"";"";"";"";"";"";"";"";"";"";""
"18/10/2025";"0400";"";"";"";"";"";"";"";"";"";"";"";"";"";"";"";"";""
"18/10/2025";"0500";"";"";"";"";"";"";"";"";"";"";"";"";"";"";"";"";""
"18/10/2025";"0600";"";"";"";"";"";"";"";"";"";"";"";"";"";"";"";"";""
"18/10/2025";"0700";"";"";"";"";"";"";"";"";"";"";"";"";"";"";"";"";""
"18/10/2025";"0800";"";"";"";"";"";"";"";"";"";"";"";"";"";"";"";"";""
"18/10/2025";"0900";"";"";"";"";"";"";"";"";"";"";"";"";"";"";"";"";""
"18/10/2025";"1000";"";"";"";"";"";"";"";"";"";"";"";"";"";"";"";"";""
"18/10/2025";"1100";"";"";"";"";"";"";"";"";"";"";"";"";"";"";"";"";""
"18/10/2025";"1200";"";"";"";"";"";"";"";"";"";"";"";"";"";"";"";"";""
"18/10/2025";"1300";"";"";"";"";"";"";"";"";"";"";"";"";"";"";"";"";""
"18/10/2025";"1400";"";"";"";"";"";"";"";"";"";"";"";"";"";"";"";"";""
"18/10/2025";"1500";"";"";"";"";"";"";"";"";"";"";"";"";"";"";"";"";""
"18/10/2025";"1600";"";"";"";"";"";"";"";"";"";"";"";"";"";"";"";"";""
"18/10/2025";"1700";"";"";"";"";"";"";"";"";"";"";"";"";"";"";"";"";""
"18/10/2025";"1800";"";"";"";"";"";"";"";"";"";"";"";"";"";"";"";"";""
"18/10/2025";"1900";"";"";"";"";"";"";"";"";"";"";"";"";"";"";"";"";""
"18/10/2025";"2000";"";"";"";"";"";"";"";"";"";"";"";"";"";"";"";"";""
"18/10/2025";"2100";"";"";"";"";"";"";"";"";"";"";"";"";"";"";"";"";""
"18/10/2025";"2200";"";"";"";"";"";"";"";"";"";"";"";"";"";"";"";"";""
"18/10/2025";"2300";"";"";"";"";"";"";"";"";"";"";"";"";"";"";"";"";""
"19/10/2025";"0000";"";"";"";"";"";"";"";"";"";"";"";"";"";"";"";"";""
"19/10/2025";"0100";"";"";"";"";"";"";"";"";"";"";"";"";"";"";"";"";""
"19/10/2025";"0200";"";"";"";"";"";"";"";"";"";"";"";"";"";"";"";"";""
"19/10/2025";"0300";"";"";"";"";"";"";"";"";"";"";"";"";"";"";"";"";""
"19/10/2025";"0400";"";"";"";"";"";"";"";"";"";"";"";"";"";"";"";"";""
"19/10/2025";"0500";"";"";"";"";"";"";"";"";"";"";"";"";"";"";"";"";""
"19/10/2025";"0600";"";"";"";"";"";"";"";"";"";"";"";"";"";"";"";"";""
"19/10/2025";"0700";"";"";"";"";"";"";"";"";"";"";"";"";"";"";"";"";""
"19/10/2025";"0800";"";"";"";"";"";"";"";"";"";"";"";"";"";"";"";"";""
"19/10/2025";"0900";"";"";"";"";"";"";"";"";"";"";"";"";"";"";"";"";""
"19/10/2025";"1000";"";"";"";"";"";"";"";"";"";"";"";"";"";"";"";"";""
"19/10/2025";"1100";"";"";"";"";"";"";"";"";"";"";"";"";"";"";"";"";""
"19/10/2025";"1200";"";"";"";"";"";"";"";"";"";"";"";"";"";"";"";"";""
"19/10/2025";"1300";"";"";"";"";"";"";"";"";"";"";"";"";"";"";"";"";""
"19/10/2025";"1400";"";"";"";"";"";"";"";"";"";"";"";"";"";"";"";"";""
"19/10/2025";"1500";"";"";"";"";"";"";"";"";"";"";"";"";"";"";"";"";""
"19/10/2025";"1600";"";"";"";"";"";"";"";"";"";"";"";"";"";"";"";"";""
"19/10/2025";"1700";"";"";"";"";"";"";"";"";"";"";"";"";"";"";"";"";""
"19/10/2025";"1800";"";"";"";"";"";"";"";"";"";"";"";"";"";"";"";"";""
"19/10/2025";"1900";"";"";"";"";"";"";"";"";"";"";"";"";"";"";"";"";""
"19/10/2025";"2000";"";"";"";"";"";"";"";"";"";"";"";"";"";"";"";"";""
"19/10/2025";"2100";"";"";"";"";"";"";"";"";"";"";"";"";"";"";"";"";""
"19/10/2025";"2200";"";"";"";"";"";"";"";"";"";"";"";"";"";"";"";"";""
"19/10/2025";"2300";"";"";"";"";"";"";"";"";"";"";"";"";"";"";"";"";""
"20/10/2025";"0000";"";"";"";"";"";"";"";"";"";"";"";"";"";"";"";"";""
"20/10/2025";"0100";"";"";"";"";"";"";"";"";"";"";"";"";"";"";"";"";""
"20/10/2025";"0200";"";"";"";"";"";"";"";"";"";"";"";"";"";"";"";"";""
"20/10/2025";"0300";"";"";"";"";"";"";"";"";"";"";"";"";"";"";"";"";""
"20/10/2025";"0400";"";"";"";"";"";"";"";"";"";"";"";"";"";"";"";"";""
"20/10/2025";"0500";"";"";"";"";"";"";"";"";"";"";"";"";"";"";"";"";""
"20/10/2025";"0600";"";"";"";"";"";"";"";"";"";"";"";"";"";"";"";"";""
"20/10/2025";"0700";"";"";"";"";"";"";"";"";"";"";"";"";"";"";"";"";""
"20/10/2025";"0800";"";"";"";"";"";"";"";"";"";"";"";"";"";"";"";"";""
"20/10/2025";"0900";"";"";"";"";"";"";"";"";"";"";"";"";"";"";"";"";""
"20/10/2025";"1000";"";"";"";"";"";"";"";"";"";"";"";"";"";"";"";"";""
"20/10/2025";"1100";"";"";"";"";"";"";"";"";"";"";"";"";"";"";"";"";""
"20/10/2025";"1200";"";"";"";"";"";"";"";"";"";"";"";"";"";"";"";"";""
"20/10/2025";"1300";"";"";"";"";"";"";"";"";"";"";"";"";"";"";"";"";""
"20/10/2025";"1400";"";"";"";"";"";"";"";"";"";"";"";"";"";"";"";"";""
"20/10/2025";"1500";"";"";"";"";"";"";"";"";"";"";"";"";"";"";"";"";""
"20/10/2025";"1600";"";"";"";"";"";"";"";"";"";"";"";"";"";"";"";"";""
"20/10/2025";"1700";"";"";"";"";"";"";"";"";"";"";"";"";"";"";"";"";""
"20/10/2025";"1800";"";"";"";"";"";"";"";"";"";"";"";"";"";"";"";"";""
"20/10/2025";"1900";"";"";"";"";"";"";"";"";"";"";"";"";"";"";"";"";""
"20/10/2025";"2000";"";"";"";"";"";"";"";"";"";"";"";"";"";"";"";"";""
"20/10/2025";"2100";"";"";"";"";"";"";"";"";"";"";"";"";"";"";"";"";""
"20/10/2025";"2200";"";"";"";"";"";"";"";"";"";"";"";"";"";"";"";"";""
"20/10/2025";"2300";"";"";"";"";"";"";"";"";"";"";"";"";"";"";"";"";""
"21/10/2025";"0000";"";"";"";"";"";"";"";"";"";"";"";"";"";"";"";"";""
"21/10/2025";"0100";"";"";"";"";"";"";"";"";"";"";"";"";"";"";"";"";""
"21/10/2025";"0200";"";"";"";"";"";"";"";"";"";"";"";"";"";"";"";"";""
"21/10/2025";"0300";"";"";"";"";"";"";"";"";"";"";"";"";"";"";"";"";""
"21/10/2025";"0400";"";"";"";"";"";"";"";"";"";"";"";"";"";"";"";"";""
"21/10/2025";"0500";"";"";"";"";"";"";"";"";"";"";"";"";"";"";"";"";""
"21/10/2025";"0600";"";"";"";"";"";"";"";"";"";"";"";"";"";"";"";"";""
"21/10/2025";"0700";"";"";"";"";"";"";"";"";"";"";"";"";"";"";"";"";""
"21/10/2025";"0800";"";"";"";"";"";"";"";"";"";"";"";"";"";"";"";"";""
"21/10/2025";"0900";"";"";"";"";"";"";"";"";"";"";"";"";"";"";"";"";""
"21/10/2025";"1000";"";"";"";"";"";"";"";"";"";"";"";"";"";"";"";"";""
"21/10/2025";"1100";"";"";"";"";"";"";"";"";"";"";"";"";"";"";"";"";""
"21/10/2025";"1200";"";"";"";"";"";"";"";"";"";"";"";"";"";"";"";"";""
"21/10/2025";"1300";"";"";"";"";"";"";"";"";"";"";"";"";"";"";"";"";""
"21/10/2025";"1400";"";"";"";"";"";"";"";"";"";"";"";"";"";"";"";"";""
"21/10/2025";"1500";"";"";"";"";"";"";"";"";"";"";"";"";"";"";"";"";""
"21/10/2025";"1600";"";"";"";"";"";"";"";"";"";"";"";"";"";"";"";"";""
"21/10/2025";"1700";"";"";"";"";"";"";"";"";"";"";"";"";"";"";"";"";""
"21/10/2025";"1800";"";"";"";"";"";"";"";"";"";"";"";"";"";"";"";"";""
"21/10/2025";"1900";"";"";"";"";"";"";"";"";"";"";"";"";"";"";"";"";""
"21/10/2025";"2000";"";"";"";"";"";"";"";"";"";"";"";"";"";"";"";"";""
"21/10/2025";"2100";"";"";"";"";"";"";"";"";"";"";"";"";"";"";"";"";""
"21/10/2025";"2200";"";"";"";"";"";"";"";"";"";"";"";"";"";"";"";"";""
"21/10/2025";"2300";"";"";"";"";"";"";"";"";"";"";"";"";"";"";"";"";""
"22/10/2025";"0000";"";"";"";"";"";"";"";"";"";"";"";"";"";"";"";"";""
"22/10/2025";"0100";"";"";"";"";"";"";"";"";"";"";"";"";"";"";"";"";""
"22/10/2025";"0200";"";"";"";"";"";"";"";"";"";"";"";"";"";"";"";"";""
"22/10/2025";"0300";"";"";"";"";"";"";"";"";"";"";"";"";"";"";"";"";""
"22/10/2025";"0400";"";"";"";"";"";"";"";"";"";"";"";"";"";"";"";"";""
"22/10/2025";"0500";"";"";"";"";"";"";"";"";"";"";"";"";"";"";"";"";""
"22/10/2025";"0600";"";"";"";"";"";"";"";"";"";"";"";"";"";"";"";"";""
"22/10/2025";"0700";"";"";"";"";"";"";"";"";"";"";"";"";"";"";"";"";""
"22/10/2025";"0800";"";"";"";"";"";"";"";"";"";"";"";"";"";"";"";"";""
"22/10/2025";"0900";"";"";"";"";"";"";"";"";"";"";"";"";"";"";"";"";""
"22/10/2025";"1000";"";"";"";"";"";"";"";"";"";"";"";"";"";"";"";"";""
"22/10/2025";"1100";"";"";"";"";"";"";"";"";"";"";"";"";"";"";"";"";""
"22/10/2025";"1200";"";"";"";"";"";"";"";"";"";"";"";"";"";"";"";"";""
"22/10/2025";"1300";"";"";"";"";"";"";"";"";"";"";"";"";"";"";"";"";""
"22/10/2025";"1400";"";"";"";"";"";"";"";"";"";"";"";"";"";"";"";"";""
"22/10/2025";"1500";"";"";"";"";"";"";"";"";"";"";"";"";"";"";"";"";""
"22/10/2025";"1600";"";"";"";"";"";"";"";"";"";"";"";"";"";"";"";"";""
"22/10/2025";"1700";"";"";"";"";"";"";"";"";"";"";"";"";"";"";"";"";""
"22/10/2025";"1800";"";"";"";"";"";"";"";"";"";"";"";"";"";"";"";"";""
"22/10/2025";"1900";"";"";"";"";"";"";"";"";"";"";"";"";"";"";"";"";""
"22/10/2025";"2000";"";"";"";"";"";"";"";"";"";"";"";"";"";"";"";"";""
"22/10/2025";"2100";"";"";"";"";"";"";"";"";"";"";"";"";"";"";"";"";""
"22/10/2025";"2200";"";"";"";"";"";"";"";"";"";"";"";"";"";"";"";"";""
"22/10/2025";"2300";"";"";"";"";"";"";"";"";"";"";"";"";"";"";"";"";""
"23/10/2025";"0000";"";"";"";"";"";"";"";"";"";"";"";"";"";"";"";"";""
"23/10/2025";"0100";"";"";"";"";"";"";"";"";"";"";"";"";"";"";"";"";""
"23/10/2025";"0200";"";"";"";"";"";"";"";"";"";"";"";"";"";"";"";"";""
"23/10/2025";"0300";"";"";"";"";"";"";"";"";"";"";"";"";"";"";"";"";""
"23/10/2025";"0400";"";"";"";"";"";"";"";"";"";"";"";"";"";"";"";"";""
"23/10/2025";"0500";"";"";"";"";"";"";"";"";"";"";"";"";"";"";"";"";""
"23/10/2025";"0600";"";"";"";"";"";"";"";"";"";"";"";"";"";"";"";"";""
"23/10/2025";"0700";"";"";"";"";"";"";"";"";"";"";"";"";"";"";"";"";""
"23/10/2025";"0800";"";"";"";"";"";"";"";"";"";"";"";"";"";"";"";"";""
"23/10/2025";"0900";"";"";"";"";"";"";"";"";"";"";"";"";"";"";"";"";""
"23/10/2025";"1000";"";"";"";"";"";"";"";"";"";"";"";"";"";"";"";"";""
"23/10/2025";"1100";"";"";"";"";"";"";"";"";"";"";"";"";"";"";"";"";""
"23/10/2025";"1200";"";"";"";"";"";"";"";"";"";"";"";"";"";"";"";"";""
"23/10/2025";"1300";"";"";"";"";"";"";"";"";"";"";"";"";"";"";"";"";""
"23/10/2025";"1400";"";"";"";"";"";"";"";"";"";"";"";"";"";"";"";"";""
"23/10/2025";"1500";"";"";"";"";"";"";"";"";"";"";"";"";"";"";"";"";""
"23/10/2025";"1600";"";"";"";"";"";"";"";"";"";"";"";"";"";"";"";"";""
"23/10/2025";"1700";"";"";"";"";"";"";"";"";"";"";"";"";"";"";"";"";""
"23/10/2025";"1800";"";"";"";"";"";"";"";"";"";"";"";"";"";"";"";"";""
"23/10/2025";"1900";"";"";"";"";"";"";"";"";"";"";"";"";"";"";"";"";""
"23/10/2025";"2000";"";"";"";"";"";"";"";"";"";"";"";"";"";"";"";"";""
"23/10/2025";"2100";"";"";"";"";"";"";"";"";"";"";"";"";"";"";"";"";""
"23/10/2025";"2200";"";"";"";"";"";"";"";"";"";"";"";"";"";"";"";"";""
"23/10/2025";"2300";"";"";"";"";"";"";"";"";"";"";"";"";"";"";"";"";""
"24/10/2025";"0000";"";"";"";"";"";"";"";"";"";"";"";"";"";"";"";"";""
"24/10/2025";"0100";"";"";"";"";"";"";"";"";"";"";"";"";"";"";"";"";""
"24/10/2025";"0200";"";"";"";"";"";"";"";"";"";"";"";"";"";"";"";"";""
"24/10/2025";"0300";"";"";"";"";"";"";"";"";"";"";"";"";"";"";"";"";""
"24/10/2025";"0400";"";"";"";"";"";"";"";"";"";"";"";"";"";"";"";"";""
"24/10/2025";"0500";"";"";"";"";"";"";"";"";"";"";"";"";"";"";"";"";""
"24/10/2025";"0600";"";"";"";"";"";"";"";"";"";"";"";"";"";"";"";"";""
"24/10/2025";"0700";"";"";"";"";"";"";"";"";"";"";"";"";"";"";"";"";""
"24/10/2025";"0800";"";"";"";"";"";"";"";"";"";"";"";"";"";"";"";"";""
"24/10/2025";"0900";"";"";"";"";"";"";"";"";"";"";"";"";"";"";"";"";""
"24/10/2025";"1000";"";"";"";"";"";"";"";"";"";"";"";"";"";"";"";"";""
"24/10/2025";"1100";"";"";"";"";"";"";"";"";"";"";"";"";"";"";"";"";""
"24/10/2025";"1200";"";"";"";"";"";"";"";"";"";"";"";"";"";"";"";"";""
"24/10/2025";"1300";"";"";"";"";"";"";"";"";"";"";"";"";"";"";"";"";""
"24/10/2025";"1400";"";"";"";"";"";"";"";"";"";"";"";"";"";"";"";"";""
"24/10/2025";"1500";"";"";"";"";"";"";"";"";"";"";"";"";"";"";"";"";""
"24/10/2025";"1600";"";"";"";"";"";"";"";"";"";"";"";"";"";"";"";"";""
"24/10/2025";"1700";"";"";"";"";"";"";"";"";"";"";"";"";"";"";"";"";""
"24/10/2025";"1800";"";"";"";"";"";"";"";"";"";"";"";"";"";"";"";"";""
"24/10/2025";"1900";"";"";"";"";"";"";"";"";"";"";"";"";"";"";"";"";""
"24/10/2025";"2000";"";"";"";"";"";"";"";"";"";"";"";"";"";"";"";"";""
"24/10/2025";"2100";"";"";"";"";"";"";"";"";"";"";"";"";"";"";"";"";""
"24/10/2025";"2200";"";"";"";"";"";"";"";"";"";"";"";"";"";"";"";"";""
"24/10/2025";"2300";"";"";"";"";"";"";"";"";"";"";"";"";"";"";"";"";""
"25/10/2025";"0000";"";"";"";"";"";"";"";"";"";"";"";"";"";"";"";"";""
"25/10/2025";"0100";"";"";"";"";"";"";"";"";"";"";"";"";"";"";"";"";""
"25/10/2025";"0200";"";"";"";"";"";"";"";"";"";"";"";"";"";"";"";"";""
"25/10/2025";"0300";"";"";"";"";"";"";"";"";"";"";"";"";"";"";"";"";""
"25/10/2025";"0400";"";"";"";"";"";"";"";"";"";"";"";"";"";"";"";"";""
"25/10/2025";"0500";"";"";"";"";"";"";"";"";"";"";"";"";"";"";"";"";""
"25/10/2025";"0600";"";"";"";"";"";"";"";"";"";"";"";"";"";"";"";"";""
"25/10/2025";"0700";"";"";"";"";"";"";"";"";"";"";"";"";"";"";"";"";""
"25/10/2025";"0800";"";"";"";"";"";"";"";"";"";"";"";"";"";"";"";"";""
"25/10/2025";"0900";"";"";"";"";"";"";"";"";"";"";"";"";"";"";"";"";""
"25/10/2025";"1000";"";"";"";"";"";"";"";"";"";"";"";"";"";"";"";"";""
"25/10/2025";"1100";"";"";"";"";"";"";"";"";"";"";"";"";"";"";"";"";""
"25/10/2025";"1200";"";"";"";"";"";"";"";"";"";"";"";"";"";"";"";"";""
"25/10/2025";"1300";"";"";"";"";"";"";"";"";"";"";"";"";"";"";"";"";""
"25/10/2025";"1400";"";"";"";"";"";"";"";"";"";"";"";"";"";"";"";"";""
"25/10/2025";"1500";"";"";"";"";"";"";"";"";"";"";"";"";"";"";"";"";""
"25/10/2025";"1600";"";"";"";"";"";"";"";"";"";"";"";"";"";"";"";"";""
"25/10/2025";"1700";"";"";"";"";"";"";"";"";"";"";"";"";"";"";"";"";""
"25/10/2025";"1800";"";"";"";"";"";"";"";"";"";"";"";"";"";"";"";"";""
"25/10/2025";"1900";"";"";"";"";"";"";"";"";"";"";"";"";"";"";"";"";""
"25/10/2025";"2000";"";"";"";"";"";"";"";"";"";"";"";"";"";"";"";"";""
"25/10/2025";"2100";"";"";"";"";"";"";"";"";"";"";"";"";"";"";"";"";""
"25/10/2025";"2200";"";"";"";"";"";"";"";"";"";"";"";"";"";"";"";"";""
"25/10/2025";"2300";"";"";"";"";"";"";"";"";"";"";"";"";"";"";"";"";""
"26/10/2025";"0000";"";"";"";"";"";"";"";"";"";"";"";"";"";"";"";"";""
"26/10/2025";"0100";"";"";"";"";"";"";"";"";"";"";"";"";"";"";"";"";""
"26/10/2025";"0200";"";"";"";"";"";"";"";"";"";"";"";"";"";"";"";"";""
"26/10/2025";"0300";"";"";"";"";"";"";"";"";"";"";"";"";"";"";"";"";""
"26/10/2025";"0400";"";"";"";"";"";"";"";"";"";"";"";"";"";"";"";"";""
"26/10/2025";"0500";"";"";"";"";"";"";"";"";"";"";"";"";"";"";"";"";""
"26/10/2025";"0600";"";"";"";"";"";"";"";"";"";"";"";"";"";"";"";"";""
"26/10/2025";"0700";"";"";"";"";"";"";"";"";"";"";"";"";"";"";"";"";""
"26/10/2025";"0800";"";"";"";"";"";"";"";"";"";"";"";"";"";"";"";"";""
"26/10/2025";"0900";"";"";"";"";"";"";"";"";"";"";"";"";"";"";"";"";""
"26/10/2025";"1000";"";"";"";"";"";"";"";"";"";"";"";"";"";"";"";"";""
"26/10/2025";"1100";"";"";"";"";"";"";"";"";"";"";"";"";"";"";"";"";""
"26/10/2025";"1200";"";"";"";"";"";"";"";"";"";"";"";"";"";"";"";"";""
"26/10/2025";"1300";"";"";"";"";"";"";"";"";"";"";"";"";"";"";"";"";""
"26/10/2025";"1400";"";"";"";"";"";"";"";"";"";"";"";"";"";"";"";"";""
"26/10/2025";"1500";"";"";"";"";"";"";"";"";"";"";"";"";"";"";"";"";""
"26/10/2025";"1600";"";"";"";"";"";"";"";"";"";"";"";"";"";"";"";"";""
"26/10/2025";"1700";"";"";"";"";"";"";"";"";"";"";"";"";"";"";"";"";""
"26/10/2025";"1800";"";"";"";"";"";"";"";"";"";"";"";"";"";"";"";"";""
"26/10/2025";"1900";"";"";"";"";"";"";"";"";"";"";"";"";"";"";"";"";""
"26/10/2025";"2000";"";"";"";"";"";"";"";"";"";"";"";"";"";"";"";"";""
"26/10/2025";"2100";"";"";"";"";"";"";"";"";"";"";"";"";"";"";"";"";""
"26/10/2025";"2200";"";"";"";"";"";"";"";"";"";"";"";"";"";"";"";"";""
"26/10/2025";"2300";"";"";"";"";"";"";"";"";"";"";"";"";"";"";"";"";""
"27/10/2025";"0000";"";"";"";"";"";"";"";"";"";"";"";"";"";"";"";"";""
"27/10/2025";"0100";"";"";"";"";"";"";"";"";"";"";"";"";"";"";"";"";""
"27/10/2025";"0200";"";"";"";"";"";"";"";"";"";"";"";"";"";"";"";"";""
"27/10/2025";"0300";"";"";"";"";"";"";"";"";"";"";"";"";"";"";"";"";""
"27/10/2025";"0400";"";"";"";"";"";"";"";"";"";"";"";"";"";"";"";"";""
"27/10/2025";"0500";"";"";"";"";"";"";"";"";"";"";"";"";"";"";"";"";""
"27/10/2025";"0600";"";"";"";"";"";"";"";"";"";"";"";"";"";"";"";"";""
"27/10/2025";"0700";"";"";"";"";"";"";"";"";"";"";"";"";"";"";"";"";""
"27/10/2025";"0800";"";"";"";"";"";"";"";"";"";"";"";"";"";"";"";"";""
"27/10/2025";"0900";"";"";"";"";"";"";"";"";"";"";"";"";"";"";"";"";""
"27/10/2025";"1000";"";"";"";"";"";"";"";"";"";"";"";"";"";"";"";"";""
"27/10/2025";"1100";"";"";"";"";"";"";"";"";"";"";"";"";"";"";"";"";""
"27/10/2025";"1200";"";"";"";"";"";"";"";"";"";"";"";"";"";"";"";"";""
"27/10/2025";"1300";"";"";"";"";"";"";"";"";"";"";"";"";"";"";"";"";""
"27/10/2025";"1400";"";"";"";"";"";"";"";"";"";"";"";"";"";"";"";"";""
"27/10/2025";"1500";"";"";"";"";"";"";"";"";"";"";"";"";"";"";"";"";""
"27/10/2025";"1600";"";"";"";"";"";"";"";"";"";"";"";"";"";"";"";"";""
"27/10/2025";"1700";"";"";"";"";"";"";"";"";"";"";"";"";"";"";"";"";""
"27/10/2025";"1800";"";"";"";"";"";"";"";"";"";"";"";"";"";"";"";"";""
"27/10/2025";"1900";"";"";"";"";"";"";"";"";"";"";"";"";"";"";"";"";""
"27/10/2025";"2000";"";"";"";"";"";"";"";"";"";"";"";"";"";"";"";"";""
"27/10/2025";"2100";"";"";"";"";"";"";"";"";"";"";"";"";"";"";"";"";""
"27/10/2025";"2200";"";"";"";"";"";"";"";"";"";"";"";"";"";"";"";"";""
"27/10/2025";"2300";"";"";"";"";"";"";"";"";"";"";"";"";"";"";"";"";""
"28/10/2025";"0000";"";"";"";"";"";"";"";"";"";"";"";"";"";"";"";"";""
"28/10/2025";"0100";"";"";"";"";"";"";"";"";"";"";"";"";"";"";"";"";""
"28/10/2025";"0200";"";"";"";"";"";"";"";"";"";"";"";"";"";"";"";"";""
"28/10/2025";"0300";"";"";"";"";"";"";"";"";"";"";"";"";"";"";"";"";""
"28/10/2025";"0400";"";"";"";"";"";"";"";"";"";"";"";"";"";"";"";"";""
"28/10/2025";"0500";"";"";"";"";"";"";"";"";"";"";"";"";"";"";"";"";""
"28/10/2025";"0600";"";"";"";"";"";"";"";"";"";"";"";"";"";"";"";"";""
"28/10/2025";"0700";"";"";"";"";"";"";"";"";"";"";"";"";"";"";"";"";""
"28/10/2025";"0800";"";"";"";"";"";"";"";"";"";"";"";"";"";"";"";"";""
"28/10/2025";"0900";"";"";"";"";"";"";"";"";"";"";"";"";"";"";"";"";""
"28/10/2025";"1000";"";"";"";"";"";"";"";"";"";"";"";"";"";"";"";"";""
"28/10/2025";"1100";"";"";"";"";"";"";"";"";"";"";"";"";"";"";"";"";""
"28/10/2025";"1200";"";"";"";"";"";"";"";"";"";"";"";"";"";"";"";"";""
"28/10/2025";"1300";"";"";"";"";"";"";"";"";"";"";"";"";"";"";"";"";""
"28/10/2025";"1400";"";"";"";"";"";"";"";"";"";"";"";"";"";"";"";"";""
"28/10/2025";"1500";"";"";"";"";"";"";"";"";"";"";"";"";"";"";"";"";""
"28/10/2025";"1600";"";"";"";"";"";"";"";"";"";"";"";"";"";"";"";"";""
"28/10/2025";"1700";"";"";"";"";"";"";"";"";"";"";"";"";"";"";"";"";""
"28/10/2025";"1800";"";"";"";"";"";"";"";"";"";"";"";"";"";"";"";"";""
"28/10/2025";"1900";"";"";"";"";"";"";"";"";"";"";"";"";"";"";"";"";""
"28/10/2025";"2000";"";"";"";"";"";"";"";"";"";"";"";"";"";"";"";"";""
"28/10/2025";"2100";"";"";"";"";"";"";"";"";"";"";"";"";"";"";"";"";""
"28/10/2025";"2200";"";"";"";"";"";"";"";"";"";"";"";"";"";"";"";"";""
"28/10/2025";"2300";"";"";"";"";"";"";"";"";"";"";"";"";"";"";"";"";""
"29/10/2025";"0000";"";"";"";"";"";"";"";"";"";"";"";"";"";"";"";"";""
"29/10/2025";"0100";"";"";"";"";"";"";"";"";"";"";"";"";"";"";"";"";""
"29/10/2025";"0200";"";"";"";"";"";"";"";"";"";"";"";"";"";"";"";"";""
"29/10/2025";"0300";"";"";"";"";"";"";"";"";"";"";"";"";"";"";"";"";""
"29/10/2025";"0400";"";"";"";"";"";"";"";"";"";"";"";"";"";"";"";"";""
"29/10/2025";"0500";"";"";"";"";"";"";"";"";"";"";"";"";"";"";"";"";""
"29/10/2025";"0600";"";"";"";"";"";"";"";"";"";"";"";"";"";"";"";"";""
"29/10/2025";"0700";"";"";"";"";"";"";"";"";"";"";"";"";"";"";"";"";""
"29/10/2025";"0800";"";"";"";"";"";"";"";"";"";"";"";"";"";"";"";"";""
"29/10/2025";"0900";"";"";"";"";"";"";"";"";"";"";"";"";"";"";"";"";""
"29/10/2025";"1000";"";"";"";"";"";"";"";"";"";"";"";"";"";"";"";"";""
"29/10/2025";"1100";"";"";"";"";"";"";"";"";"";"";"";"";"";"";"";"";""
"29/10/2025";"1200";"";"";"";"";"";"";"";"";"";"";"";"";"";"";"";"";""
"29/10/2025";"1300";"";"";"";"";"";"";"";"";"";"";"";"";"";"";"";"";""
"29/10/2025";"1400";"";"";"";"";"";"";"";"";"";"";"";"";"";"";"";"";""
"29/10/2025";"1500";"";"";"";"";"";"";"";"";"";"";"";"";"";"";"";"";""
"29/10/2025";"1600";"";"";"";"";"";"";"";"";"";"";"";"";"";"";"";"";""
"29/10/2025";"1700";"";"";"";"";"";"";"";"";"";"";"";"";"";"";"";"";""
"29/10/2025";"1800";"";"";"";"";"";"";"";"";"";"";"";"";"";"";"";"";""
"29/10/2025";"1900";"";"";"";"";"";"";"";"";"";"";"";"";"";"";"";"";""
"29/10/2025";"2000";"";"";"";"";"";"";"";"";"";"";"";"";"";"";"";"";""
"29/10/2025";"2100";"";"";"";"";"";"";"";"";"";"";"";"";"";"";"";"";""
"29/10/2025";"2200";"";"";"";"";"";"";"";"";"";"";"";"";"";"";"";"";""
"29/10/2025";"2300";"";"";"";"";"";"";"";"";"";"";"";"";"";"";"";"";""
"30/10/2025";"0000";"";"";"";"";"";"";"";"";"";"";"";"";"";"";"";"";""
"30/10/2025";"0100";"";"";"";"";"";"";"";"";"";"";"";"";"";"";"";"";""
"30/10/2025";"0200";"";"";"";"";"";"";"";"";"";"";"";"";"";"";"";"";""
"30/10/2025";"0300";"";"";"";"";"";"";"";"";"";"";"";"";"";"";"";"";""
"30/10/2025";"0400";"";"";"";"";"";"";"";"";"";"";"";"";"";"";"";"";""
"30/10/2025";"0500";"";"";"";"";"";"";"";"";"";"";"";"";"";"";"";"";""
"30/10/2025";"0600";"";"";"";"";"";"";"";"";"";"";"";"";"";"";"";"";""
"30/10/2025";"0700";"";"";"";"";"";"";"";"";"";"";"";"";"";"";"";"";""
"30/10/2025";"0800";"";"";"";"";"";"";"";"";"";"";"";"";"";"";"";"";""
"30/10/2025";"0900";"";"";"";"";"";"";"";"";"";"";"";"";"";"";"";"";""
"30/10/2025";"1000";"";"";"";"";"";"";"";"";"";"";"";"";"";"";"";"";""
"30/10/2025";"1100";"";"";"";"";"";"";"";"";"";"";"";"";"";"";"";"";""
"30/10/2025";"1200";"";"";"";"";"";"";"";"";"";"";"";"";"";"";"";"";""
"30/10/2025";"1300";"";"";"";"";"";"";"";"";"";"";"";"";"";"";"";"";""
"30/10/2025";"1400";"";"";"";"";"";"";"";"";"";"";"";"";"";"";"";"";""
"30/10/2025";"1500";"";"";"";"";"";"";"";"";"";"";"";"";"";"";"";"";""
"30/10/2025";"1600";"";"";"";"";"";"";"";"";"";"";"";"";"";"";"";"";""
"30/10/2025";"1700";"";"";"";"";"";"";"";"";"";"";"";"";"";"";"";"";""
"30/10/2025";"1800";"";"";"";"";"";"";"";"";"";"";"";"";"";"";"";"";""
"30/10/2025";"1900";"";"";"";"";"";"";"";"";"";"";"";"";"";"";"";"";""
"30/10/2025";"2000";"";"";"";"";"";"";"";"";"";"";"";"";"";"";"";"";""
"30/10/2025";"2100";"";"";"";"";"";"";"";"";"";"";"";"";"";"";"";"";""
"30/10/2025";"2200";"";"";"";"";"";"";"";"";"";"";"";"";"";"";"";"";""
"30/10/2025";"2300";"";"";"";"";"";"";"";"";"";"";"";"";"";"";"";"";""
"31/10/2025";"0000";"";"";"";"";"";"";"";"";"";"";"";"";"";"";"";"";""
"31/10/2025";"0100";"";"";"";"";"";"";"";"";"";"";"";"";"";"";"";"";""
"31/10/2025";"0200";"";"";"";"";"";"";"";"";"";"";"";"";"";"";"";"";""
"31/10/2025";"0300";"";"";"";"";"";"";"";"";"";"";"";"";"";"";"";"";""
"31/10/2025";"0400";"";"";"";"";"";"";"";"";"";"";"";"";"";"";"";"";""
"31/10/2025";"0500";"";"";"";"";"";"";"";"";"";"";"";"";"";"";"";"";""
"31/10/2025";"0600";"";"";"";"";"";"";"";"";"";"";"";"";"";"";"";"";""
"31/10/2025";"0700";"";"";"";"";"";"";"";"";"";"";"";"";"";"";"";"";""
"31/10/2025";"0800";"";"";"";"";"";"";"";"";"";"";"";"";"";"";"";"";""
"31/10/2025";"0900";"";"";"";"";"";"";"";"";"";"";"";"";"";"";"";"";""
"31/10/2025";"1000";"";"";"";"";"";"";"";"";"";"";"";"";"";"";"";"";""
"31/10/2025";"1100";"";"";"";"";"";"";"";"";"";"";"";"";"";"";"";"";""
"31/10/2025";"1200";"";"";"";"";"";"";"";"";"";"";"";"";"";"";"";"";""
"31/10/2025";"1300";"";"";"";"";"";"";"";"";"";"";"";"";"";"";"";"";""
"31/10/2025";"1400";"";"";"";"";"";"";"";"";"";"";"";"";"";"";"";"";""
"31/10/2025";"1500";"";"";"";"";"";"";"";"";"";"";"";"";"";"";"";"";""
"31/10/2025";"1600";"";"";"";"";"";"";"";"";"";"";"";"";"";"";"";"";""
"31/10/2025";"1700";"";"";"";"";"";"";"";"";"";"";"";"";"";"";"";"";""
"31/10/2025";"1800";"";"";"";"";"";"";"";"";"";"";"";"";"";"";"";"";""
"31/10/2025";"1900";"";"";"";"";"";"";"";"";"";"";"";"";"";"";"";"";""
"31/10/2025";"2000";"";"";"";"";"";"";"";"";"";"";"";"";"";"";"";"";""
"31/10/2025";"2100";"";"";"";"";"";"";"";"";"";"";"";"";"";"";"";"";""
"31/10/2025";"2200";"";"";"";"";"";"";"";"";"";"";"";"";"";"";"";"";""
"31/10/2025";"2300";"";"";"";"";"";"";"";"";"";"";"";"";"";"";"";"";""
"01/11/2025";"0000";"";"";"";"";"";"";"";"";"";"";"";"";"";"";"";"";""
"01/11/2025";"0100";"";"";"";"";"";"";"";"";"";"";"";"";"";"";"";"";""
"01/11/2025";"0200";"";"";"";"";"";"";"";"";"";"";"";"";"";"";"";"";""
"01/11/2025";"0300";"";"";"";"";"";"";"";"";"";"";"";"";"";"";"";"";""
"01/11/2025";"0400";"";"";"";"";"";"";"";"";"";"";"";"";"";"";"";"";""
"01/11/2025";"0500";"";"";"";"";"";"";"";"";"";"";"";"";"";"";"";"";""
"01/11/2025";"0600";"";"";"";"";"";"";"";"";"";"";"";"";"";"";"";"";""
"01/11/2025";"0700";"";"";"";"";"";"";"";"";"";"";"";"";"";"";"";"";""
"01/11/2025";"0800";"";"";"";"";"";"";"";"";"";"";"";"";"";"";"";"";""
"01/11/2025";"0900";"";"";"";"";"";"";"";"";"";"";"";"";"";"";"";"";""
"01/11/2025";"1000";"";"";"";"";"";"";"";"";"";"";"";"";"";"";"";"";""
"01/11/2025";"1100";"";"";"";"";"";"";"";"";"";"";"";"";"";"";"";"";""
"01/11/2025";"1200";"";"";"";"";"";"";"";"";"";"";"";"";"";"";"";"";""
"01/11/2025";"1300";"";"";"";"";"";"";"";"";"";"";"";"";"";"";"";"";""
"01/11/2025";"1400";"";"";"";"";"";"";"";"";"";"";"";"";"";"";"";"";""
"01/11/2025";"1500";"";"";"";"";"";"";"";"";"";"";"";"";"";"";"";"";""
"01/11/2025";"1600";"";"";"";"";"";"";"";"";"";"";"";"";"";"";"";"";""
"01/11/2025";"1700";"";"";"";"";"";"";"";"";"";"";"";"";"";"";"";"";""
"01/11/2025";"1800";"";"";"";"";"";"";"";"";"";"";"";"";"";"";"";"";""
"01/11/2025";"1900";"";"";"";"";"";"";"";"";"";"";"";"";"";"";"";"";""
"01/11/2025";"2000";"";"";"";"";"";"";"";"";"";"";"";"";"";"";"";"";""
"01/11/2025";"2100";"";"";"";"";"";"";"";"";"";"";"";"";"";"";"";"";""
"01/11/2025";"2200";"";"";"";"";"";"";"";"";"";"";"";"";"";"";"";"";""
"01/11/2025";"2300";"";"";"";"";"";"";"";"";"";"";"";"";"";"";"";"";""
"02/11/2025";"0000";"";"";"";"";"";"";"";"";"";"";"";"";"";"";"";"";""
"02/11/2025";"0100";"";"";"";"";"";"";"";"";"";"";"";"";"";"";"";"";""
"02/11/2025";"0200";"";"";"";"";"";"";"";"";"";"";"";"";"";"";"";"";""
"02/11/2025";"0300";"";"";"";"";"";"";"";"";"";"";"";"";"";"";"";"";""
"02/11/2025";"0400";"";"";"";"";"";"";"";"";"";"";"";"";"";"";"";"";""
"02/11/2025";"0500";"";"";"";"";"";"";"";"";"";"";"";"";"";"";"";"";""
"02/11/2025";"0600";"";"";"";"";"";"";"";"";"";"";"";"";"";"";"";"";""
"02/11/2025";"0700";"";"";"";"";"";"";"";"";"";"";"";"";"";"";"";"";""
"02/11/2025";"0800";"";"";"";"";"";"";"";"";"";"";"";"";"";"";"";"";""
"02/11/2025";"0900";"";"";"";"";"";"";"";"";"";"";"";"";"";"";"";"";""
"02/11/2025";"1000";"";"";"";"";"";"";"";"";"";"";"";"";"";"";"";"";""
"02/11/2025";"1100";"";"";"";"";"";"";"";"";"";"";"";"";"";"";"";"";""
"02/11/2025";"1200";"";"";"";"";"";"";"";"";"";"";"";"";"";"";"";"";""
"02/11/2025";"1300";"";"";"";"";"";"";"";"";"";"";"";"";"";"";"";"";""
"02/11/2025";"1400";"";"";"";"";"";"";"";"";"";"";"";"";"";"";"";"";""
"02/11/2025";"1500";"";"";"";"";"";"";"";"";"";"";"";"";"";"";"";"";""
"02/11/2025";"1600";"";"";"";"";"";"";"";"";"";"";"";"";"";"";"";"";""
"02/11/2025";"1700";"";"";"";"";"";"";"";"";"";"";"";"";"";"";"";"";""
"02/11/2025";"1800";"";"";"";"";"";"";"";"";"";"";"";"";"";"";"";"";""
"02/11/2025";"1900";"";"";"";"";"";"";"";"";"";"";"";"";"";"";"";"";""
"02/11/2025";"2000";"";"";"";"";"";"";"";"";"";"";"";"";"";"";"";"";""
"02/11/2025";"2100";"";"";"";"";"";"";"";"";"";"";"";"";"";"";"";"";""
"02/11/2025";"2200";"";"";"";"";"";"";"";"";"";"";"";"";"";"";"";"";""
"02/11/2025";"2300";"";"";"";"";"";"";"";"";"";"";"";"";"";"";"";"";""
"03/11/2025";"0000";"";"";"";"";"";"";"";"";"";"";"";"";"";"";"";"";""
"03/11/2025";"0100";"";"";"";"";"";"";"";"";"";"";"";"";"";"";"";"";""
"03/11/2025";"0200";"";"";"";"";"";"";"";"";"";"";"";"";"";"";"";"";""
"03/11/2025";"0300";"";"";"";"";"";"";"";"";"";"";"";"";"";"";"";"";""
"03/11/2025";"0400";"";"";"";"";"";"";"";"";"";"";"";"";"";"";"";"";""
"03/11/2025";"0500";"";"";"";"";"";"";"";"";"";"";"";"";"";"";"";"";""
"03/11/2025";"0600";"";"";"";"";"";"";"";"";"";"";"";"";"";"";"";"";""
"03/11/2025";"0700";"";"";"";"";"";"";"";"";"";"";"";"";"";"";"";"";""
"03/11/2025";"0800";"";"";"";"";"";"";"";"";"";"";"";"";"";"";"";"";""
"03/11/2025";"0900";"";"";"";"";"";"";"";"";"";"";"";"";"";"";"";"";""
"03/11/2025";"1000";"";"";"";"";"";"";"";"";"";"";"";"";"";"";"";"";""
"03/11/2025";"1100";"";"";"";"";"";"";"";"";"";"";"";"";"";"";"";"";""
"03/11/2025";"1200";"";"";"";"";"";"";"";"";"";"";"";"";"";"";"";"";""
"03/11/2025";"1300";"";"";"";"";"";"";"";"";"";"";"";"";"";"";"";"";""
"03/11/2025";"1400";"";"";"";"";"";"";"";"";"";"";"";"";"";"";"";"";""
"03/11/2025";"1500";"";"";"";"";"";"";"";"";"";"";"";"";"";"";"";"";""
"03/11/2025";"1600";"";"";"";"";"";"";"";"";"";"";"";"";"";"";"";"";""
"03/11/2025";"1700";"";"";"";"";"";"";"";"";"";"";"";"";"";"";"";"";""
"03/11/2025";"1800";"";"";"";"";"";"";"";"";"";"";"";"";"";"";"";"";""
"03/11/2025";"1900";"";"";"";"";"";"";"";"";"";"";"";"";"";"";"";"";""
"03/11/2025";"2000";"";"";"";"";"";"";"";"";"";"";"";"";"";"";"";"";""
"03/11/2025";"2100";"";"";"";"";"";"";"";"";"";"";"";"";"";"";"";"";""
"03/11/2025";"2200";"";"";"";"";"";"";"";"";"";"";"";"";"";"";"";"";""
"03/11/2025";"2300";"";"";"";"";"";"";"";"";"";"";"";"";"";"";"";"";""
"04/11/2025";"0000";"";"";"";"";"";"";"";"";"";"";"";"";"";"";"";"";""
"04/11/2025";"0100";"";"";"";"";"";"";"";"";"";"";"";"";"";"";"";"";""
"04/11/2025";"0200";"";"";"";"";"";"";"";"";"";"";"";"";"";"";"";"";""
"04/11/2025";"0300";"";"";"";"";"";"";"";"";"";"";"";"";"";"";"";"";""
"04/11/2025";"0400";"";"";"";"";"";"";"";"";"";"";"";"";"";"";"";"";""
"04/11/2025";"0500";"";"";"";"";"";"";"";"";"";"";"";"";"";"";"";"";""
"04/11/2025";"0600";"";"";"";"";"";"";"";"";"";"";"";"";"";"";"";"";""
"04/11/2025";"0700";"";"";"";"";"";"";"";"";"";"";"";"";"";"";"";"";""
"04/11/2025";"0800";"";"";"";"";"";"";"";"";"";"";"";"";"";"";"";"";""
"04/11/2025";"0900";"";"";"";"";"";"";"";"";"";"";"";"";"";"";"";"";""
"04/11/2025";"1000";"";"";"";"";"";"";"";"";"";"";"";"";"";"";"";"";""
"04/11/2025";"1100";"";"";"";"";"";"";"";"";"";"";"";"";"";"";"";"";""
"04/11/2025";"1200";"";"";"";"";"";"";"";"";"";"";"";"";"";"";"";"";""
"04/11/2025";"1300";"";"";"";"";"";"";"";"";"";"";"";"";"";"";"";"";""
"04/11/2025";"1400";"";"";"";"";"";"";"";"";"";"";"";"";"";"";"";"";""
"04/11/2025";"1500";"";"";"";"";"";"";"";"";"";"";"";"";"";"";"";"";""
"04/11/2025";"1600";"";"";"";"";"";"";"";"";"";"";"";"";"";"";"";"";""
"04/11/2025";"1700";"";"";"";"";"";"";"";"";"";"";"";"";"";"";"";"";""
"04/11/2025";"1800";"";"";"";"";"";"";"";"";"";"";"";"";"";"";"";"";""
"04/11/2025";"1900";"";"";"";"";"";"";"";"";"";"";"";"";"";"";"";"";""
"04/11/2025";"2000";"";"";"";"";"";"";"";"";"";"";"";"";"";"";"";"";""
"04/11/2025";"2100";"";"";"";"";"";"";"";"";"";"";"";"";"";"";"";"";""
"04/11/2025";"2200";"";"";"";"";"";"";"";"";"";"";"";"";"";"";"";"";""
"04/11/2025";"2300";"";"";"";"";"";"";"";"";"";"";"";"";"";"";"";"";""
"05/11/2025";"0000";"";"";"";"";"";"";"";"";"";"";"";"";"";"";"";"";""
"05/11/2025";"0100";"";"";"";"";"";"";"";"";"";"";"";"";"";"";"";"";""
"05/11/2025";"0200";"";"";"";"";"";"";"";"";"";"";"";"";"";"";"";"";""
"05/11/2025";"0300";"";"";"";"";"";"";"";"";"";"";"";"";"";"";"";"";""
"05/11/2025";"0400";"";"";"";"";"";"";"";"";"";"";"";"";"";"";"";"";""
"05/11/2025";"0500";"";"";"";"";"";"";"";"";"";"";"";"";"";"";"";"";""
"05/11/2025";"0600";"";"";"";"";"";"";"";"";"";"";"";"";"";"";"";"";""
"05/11/2025";"0700";"";"";"";"";"";"";"";"";"";"";"";"";"";"";"";"";""
"05/11/2025";"0800";"";"";"";"";"";"";"";"";"";"";"";"";"";"";"";"";""
"05/11/2025";"0900";"";"";"";"";"";"";"";"";"";"";"";"";"";"";"";"";""
"05/11/2025";"1000";"";"";"";"";"";"";"";"";"";"";"";"";"";"";"";"";""
"05/11/2025";"1100";"";"";"";"";"";"";"";"";"";"";"";"";"";"";"";"";""
"05/11/2025";"1200";"";"";"";"";"";"";"";"";"";"";"";"";"";"";"";"";""
"05/11/2025";"1300";"";"";"";"";"";"";"";"";"";"";"";"";"";"";"";"";""
"05/11/2025";"1400";"";"";"";"";"";"";"";"";"";"";"";"";"";"";"";"";""
"05/11/2025";"1500";"";"";"";"";"";"";"";"";"";"";"";"";"";"";"";"";""
"05/11/2025";"1600";"";"";"";"";"";"";"";"";"";"";"";"";"";"";"";"";""
"05/11/2025";"1700";"";"";"";"";"";"";"";"";"";"";"";"";"";"";"";"";""
"05/11/2025";"1800";"";"";"";"";"";"";"";"";"";"";"";"";"";"";"";"";""
"05/11/2025";"1900";"";"";"";"";"";"";"";"";"";"";"";"";"";"";"";"";""
"05/11/2025";"2000";"";"";"";"";"";"";"";"";"";"";"";"";"";"";"";"";""
"05/11/2025";"2100";"";"";"";"";"";"";"";"";"";"";"";"";"";"";"";"";""
"05/11/2025";"2200";"";"";"";"";"";"";"";"";"";"";"";"";"";"";"";"";""
"05/11/2025";"2300";"";"";"";"";"";"";"";"";"";"";"";"";"";"";"";"";""
"06/11/2025";"0000";"";"";"";"";"";"";"";"";"";"";"";"";"";"";"";"";""
"06/11/2025";"0100";"";"";"";"";"";"";"";"";"";"";"";"";"";"";"";"";""
"06/11/2025";"0200";"";"";"";"";"";"";"";"";"";"";"";"";"";"";"";"";""
"06/11/2025";"0300";"";"";"";"";"";"";"";"";"";"";"";"";"";"";"";"";""
"06/11/2025";"0400";"";"";"";"";"";"";"";"";"";"";"";"";"";"";"";"";""
"06/11/2025";"0500";"";"";"";"";"";"";"";"";"";"";"";"";"";"";"";"";""
"06/11/2025";"0600";"";"";"";"";"";"";"";"";"";"";"";"";"";"";"";"";""
"06/11/2025";"0700";"";"";"";"";"";"";"";"";"";"";"";"";"";"";"";"";""
"06/11/2025";"0800";"";"";"";"";"";"";"";"";"";"";"";"";"";"";"";"";""
"06/11/2025";"0900";"";"";"";"";"";"";"";"";"";"";"";"";"";"";"";"";""
"06/11/2025";"1000";"";"";"";"";"";"";"";"";"";"";"";"";"";"";"";"";""
"06/11/2025";"1100";"";"";"";"";"";"";"";"";"";"";"";"";"";"";"";"";""
"06/11/2025";"1200";"";"";"";"";"";"";"";"";"";"";"";"";"";"";"";"";""
"06/11/2025";"1300";"";"";"";"";"";"";"";"";"";"";"";"";"";"";"";"";""
"06/11/2025";"1400";"";"";"";"";"";"";"";"";"";"";"";"";"";"";"";"";""
"06/11/2025";"1500";"";"";"";"";"";"";"";"";"";"";"";"";"";"";"";"";""
"06/11/2025";"1600";"";"";"";"";"";"";"";"";"";"";"";"";"";"";"";"";""
"06/11/2025";"1700";"";"";"";"";"";"";"";"";"";"";"";"";"";"";"";"";""
"06/11/2025";"1800";"";"";"";"";"";"";"";"";"";"";"";"";"";"";"";"";""
"06/11/2025";"1900";"";"";"";"";"";"";"";"";"";"";"";"";"";"";"";"";""
"06/11/2025";"2000";"";"";"";"";"";"";"";"";"";"";"";"";"";"";"";"";""
"06/11/2025";"2100";"";"";"";"";"";"";"";"";"";"";"";"";"";"";"";"";""
"06/11/2025";"2200";"";"";"";"";"";"";"";"";"";"";"";"";"";"";"";"";""
"06/11/2025";"2300";"";"";"";"";"";"";"";"";"";"";"";"";"";"";"";"";""
"07/11/2025";"0000";"";"";"";"";"";"";"";"";"";"";"";"";"";"";"";"";""
"07/11/2025";"0100";"";"";"";"";"";"";"";"";"";"";"";"";"";"";"";"";""
"07/11/2025";"0200";"";"";"";"";"";"";"";"";"";"";"";"";"";"";"";"";""
"07/11/2025";"0300";"";"";"";"";"";"";"";"";"";"";"";"";"";"";"";"";""
"07/11/2025";"0400";"";"";"";"";"";"";"";"";"";"";"";"";"";"";"";"";""
"07/11/2025";"0500";"";"";"";"";"";"";"";"";"";"";"";"";"";"";"";"";""
"07/11/2025";"0600";"";"";"";"";"";"";"";"";"";"";"";"";"";"";"";"";""
"07/11/2025";"0700";"";"";"";"";"";"";"";"";"";"";"";"";"";"";"";"";""
"07/11/2025";"0800";"";"";"";"";"";"";"";"";"";"";"";"";"";"";"";"";""
"07/11/2025";"0900";"";"";"";"";"";"";"";"";"";"";"";"";"";"";"";"";""
"07/11/2025";"1000";"";"";"";"";"";"";"";"";"";"";"";"";"";"";"";"";""
"07/11/2025";"1100";"";"";"";"";"";"";"";"";"";"";"";"";"";"";"";"";""
"07/11/2025";"1200";"";"";"";"";"";"";"";"";"";"";"";"";"";"";"";"";""
"07/11/2025";"1300";"";"";"";"";"";"";"";"";"";"";"";"";"";"";"";"";""
"07/11/2025";"1400";"";"";"";"";"";"";"";"";"";"";"";"";"";"";"";"";""
"07/11/2025";"1500";"";"";"";"";"";"";"";"";"";"";"";"";"";"";"";"";""
"07/11/2025";"1600";"";"";"";"";"";"";"";"";"";"";"";"";"";"";"";"";""
"07/11/2025";"1700";"";"";"";"";"";"";"";"";"";"";"";"";"";"";"";"";""
"07/11/2025";"1800";"";"";"";"";"";"";"";"";"";"";"";"";"";"";"";"";""
"07/11/2025";"1900";"";"";"";"";"";"";"";"";"";"";"";"";"";"";"";"";""
"07/11/2025";"2000";"";"";"";"";"";"";"";"";"";"";"";"";"";"";"";"";""
"07/11/2025";"2100";"";"";"";"";"";"";"";"";"";"";"";"";"";"";"";"";""
"07/11/2025";"2200";"";"";"";"";"";"";"";"";"";"";"";"";"";"";"";"";""
"07/11/2025";"2300";"";"";"";"";"";"";"";"";"";"";"";"";"";"";"";"";""
"08/11/2025";"0000";"";"";"";"";"";"";"";"";"";"";"";"";"";"";"";"";""
"08/11/2025";"0100";"";"";"";"";"";"";"";"";"";"";"";"";"";"";"";"";""
"08/11/2025";"0200";"";"";"";"";"";"";"";"";"";"";"";"";"";"";"";"";""
"08/11/2025";"0300";"";"";"";"";"";"";"";"";"";"";"";"";"";"";"";"";""
"08/11/2025";"0400";"";"";"";"";"";"";"";"";"";"";"";"";"";"";"";"";""
"08/11/2025";"0500";"";"";"";"";"";"";"";"";"";"";"";"";"";"";"";"";""
"08/11/2025";"0600";"";"";"";"";"";"";"";"";"";"";"";"";"";"";"";"";""
"08/11/2025";"0700";"";"";"";"";"";"";"";"";"";"";"";"";"";"";"";"";""
"08/11/2025";"0800";"";"";"";"";"";"";"";"";"";"";"";"";"";"";"";"";""
"08/11/2025";"0900";"";"";"";"";"";"";"";"";"";"";"";"";"";"";"";"";""
"08/11/2025";"1000";"";"";"";"";"";"";"";"";"";"";"";"";"";"";"";"";""
"08/11/2025";"1100";"";"";"";"";"";"";"";"";"";"";"";"";"";"";"";"";""
"08/11/2025";"1200";"";"";"";"";"";"";"";"";"";"";"";"";"";"";"";"";""
"08/11/2025";"1300";"";"";"";"";"";"";"";"";"";"";"";"";"";"";"";"";""
"08/11/2025";"1400";"";"";"";"";"";"";"";"";"";"";"";"";"";"";"";"";""
"08/11/2025";"1500";"";"";"";"";"";"";"";"";"";"";"";"";"";"";"";"";""
"08/11/2025";"1600";"";"";"";"";"";"";"";"";"";"";"";"";"";"";"";"";""
"08/11/2025";"1700";"";"";"";"";"";"";"";"";"";"";"";"";"";"";"";"";""
"08/11/2025";"1800";"";"";"";"";"";"";"";"";"";"";"";"";"";"";"";"";""
"08/11/2025";"1900";"";"";"";"";"";"";"";"";"";"";"";"";"";"";"";"";""
"08/11/2025";"2000";"";"";"";"";"";"";"";"";"";"";"";"";"";"";"";"";""
"08/11/2025";"2100";"";"";"";"";"";"";"";"";"";"";"";"";"";"";"";"";""
"08/11/2025";"2200";"";"";"";"";"";"";"";"";"";"";"";"";"";"";"";"";""
"08/11/2025";"2300";"";"";"";"";"";"";"";"";"";"";"";"";"";"";"";"";""
"09/11/2025";"0000";"";"";"";"";"";"";"";"";"";"";"";"";"";"";"";"";""
"09/11/2025";"0100";"";"";"";"";"";"";"";"";"";"";"";"";"";"";"";"";""
"09/11/2025";"0200";"";"";"";"";"";"";"";"";"";"";"";"";"";"";"";"";""
"09/11/2025";"0300";"";"";"";"";"";"";"";"";"";"";"";"";"";"";"";"";""
"09/11/2025";"0400";"";"";"";"";"";"";"";"";"";"";"";"";"";"";"";"";""
"09/11/2025";"0500";"";"";"";"";"";"";"";"";"";"";"";"";"";"";"";"";""
"09/11/2025";"0600";"";"";"";"";"";"";"";"";"";"";"";"";"";"";"";"";""
"09/11/2025";"0700";"";"";"";"";"";"";"";"";"";"";"";"";"";"";"";"";""
"09/11/2025";"0800";"";"";"";"";"";"";"";"";"";"";"";"";"";"";"";"";""
"09/11/2025";"0900";"";"";"";"";"";"";"";"";"";"";"";"";"";"";"";"";""
"09/11/2025";"1000";"";"";"";"";"";"";"";"";"";"";"";"";"";"";"";"";""
"09/11/2025";"1100";"";"";"";"";"";"";"";"";"";"";"";"";"";"";"";"";""
"09/11/2025";"1200";"";"";"";"";"";"";"";"";"";"";"";"";"";"";"";"";""
"09/11/2025";"1300";"";"";"";"";"";"";"";"";"";"";"";"";"";"";"";"";""
"09/11/2025";"1400";"";"";"";"";"";"";"";"";"";"";"";"";"";"";"";"";""
"09/11/2025";"1500";"";"";"";"";"";"";"";"";"";"";"";"";"";"";"";"";""
"09/11/2025";"1600";"";"";"";"";"";"";"";"";"";"";"";"";"";"";"";"";""
"09/11/2025";"1700";"";"";"";"";"";"";"";"";"";"";"";"";"";"";"";"";""
"09/11/2025";"1800";"";"";"";"";"";"";"";"";"";"";"";"";"";"";"";"";""
"09/11/2025";"1900";"";"";"";"";"";"";"";"";"";"";"";"";"";"";"";"";""
"09/11/2025";"2000";"";"";"";"";"";"";"";"";"";"";"";"";"";"";"";"";""
"09/11/2025";"2100";"";"";"";"";"";"";"";"";"";"";"";"";"";"";"";"";""
"09/11/2025";"2200";"";"";"";"";"";"";"";"";"";"";"";"";"";"";"";"";""
"09/11/2025";"2300";"";"";"";"";"";"";"";"";"";"";"";"";"";"";"";"";""
"10/11/2025";"0000";"";"";"";"";"";"";"";"";"";"";"";"";"";"";"";"";""
"10/11/2025";"0100";"";"";"";"";"";"";"";"";"";"";"";"";"";"";"";"";""
"10/11/2025";"0200";"";"";"";"";"";"";"";"";"";"";"";"";"";"";"";"";""
"10/11/2025";"0300";"";"";"";"";"";"";"";"";"";"";"";"";"";"";"";"";""
"10/11/2025";"0400";"";"";"";"";"";"";"";"";"";"";"";"";"";"";"";"";""
"10/11/2025";"0500";"";"";"";"";"";"";"";"";"";"";"";"";"";"";"";"";""
"10/11/2025";"0600";"";"";"";"";"";"";"";"";"";"";"";"";"";"";"";"";""
"10/11/2025";"0700";"";"";"";"";"";"";"";"";"";"";"";"";"";"";"";"";""
"10/11/2025";"0800";"";"";"";"";"";"";"";"";"";"";"";"";"";"";"";"";""
"10/11/2025";"0900";"";"";"";"";"";"";"";"";"";"";"";"";"";"";"";"";""
"10/11/2025";"1000";"";"";"";"";"";"";"";"";"";"";"";"";"";"";"";"";""
"10/11/2025";"1100";"";"";"";"";"";"";"";"";"";"";"";"";"";"";"";"";""
"10/11/2025";"1200";"";"";"";"";"";"";"";"";"";"";"";"";"";"";"";"";""
"10/11/2025";"1300";"";"";"";"";"";"";"";"";"";"";"";"";"";"";"";"";""
"10/11/2025";"1400";"";"";"";"";"";"";"";"";"";"";"";"";"";"";"";"";""
"10/11/2025";"1500";"";"";"";"";"";"";"";"";"";"";"";"";"";"";"";"";""
"10/11/2025";"1600";"";"";"";"";"";"";"";"";"";"";"";"";"";"";"";"";""
"10/11/2025";"1700";"";"";"";"";"";"";"";"";"";"";"";"";"";"";"";"";""
"10/11/2025";"1800";"";"";"";"";"";"";"";"";"";"";"";"";"";"";"";"";""
"10/11/2025";"1900";"";"";"";"";"";"";"";"";"";"";"";"";"";"";"";"";""
"10/11/2025";"2000";"";"";"";"";"";"";"";"";"";"";"";"";"";"";"";"";""
"10/11/2025";"2100";"";"";"";"";"";"";"";"";"";"";"";"";"";"";"";"";""
"10/11/2025";"2200";"";"";"";"";"";"";"";"";"";"";"";"";"";"";"";"";""
"10/11/2025";"2300";"";"";"";"";"";"";"";"";"";"";"";"";"";"";"";"";""
"11/11/2025";"0000";"";"";"";"";"";"";"";"";"";"";"";"";"";"";"";"";""
"11/11/2025";"0100";"";"";"";"";"";"";"";"";"";"";"";"";"";"";"";"";""
"11/11/2025";"0200";"";"";"";"";"";"";"";"";"";"";"";"";"";"";"";"";""
"11/11/2025";"0300";"";"";"";"";"";"";"";"";"";"";"";"";"";"";"";"";""
"11/11/2025";"0400";"";"";"";"";"";"";"";"";"";"";"";"";"";"";"";"";""
"11/11/2025";"0500";"";"";"";"";"";"";"";"";"";"";"";"";"";"";"";"";""
"11/11/2025";"0600";"";"";"";"";"";"";"";"";"";"";"";"";"";"";"";"";""
"11/11/2025";"0700";"";"";"";"";"";"";"";"";"";"";"";"";"";"";"";"";""
"11/11/2025";"0800";"";"";"";"";"";"";"";"";"";"";"";"";"";"";"";"";""
"11/11/2025";"0900";"";"";"";"";"";"";"";"";"";"";"";"";"";"";"";"";""
"11/11/2025";"1000";"";"";"";"";"";"";"";"";"";"";"";"";"";"";"";"";""
"11/11/2025";"1100";"";"";"";"";"";"";"";"";"";"";"";"";"";"";"";"";""
"11/11/2025";"1200";"";"";"";"";"";"";"";"";"";"";"";"";"";"";"";"";""
"11/11/2025";"1300";"";"";"";"";"";"";"";"";"";"";"";"";"";"";"";"";""
"11/11/2025";"1400";"";"";"";"";"";"";"";"";"";"";"";"";"";"";"";"";""
"11/11/2025";"1500";"";"";"";"";"";"";"";"";"";"";"";"";"";"";"";"";""
"11/11/2025";"1600";"";"";"";"";"";"";"";"";"";"";"";"";"";"";"";"";""
"11/11/2025";"1700";"";"";"";"";"";"";"";"";"";"";"";"";"";"";"";"";""
"11/11/2025";"1800";"";"";"";"";"";"";"";"";"";"";"";"";"";"";"";"";""
"11/11/2025";"1900";"";"";"";"";"";"";"";"";"";"";"";"";"";"";"";"";""
"11/11/2025";"2000";"";"";"";"";"";"";"";"";"";"";"";"";"";"";"";"";""
"11/11/2025";"2100";"";"";"";"";"";"";"";"";"";"";"";"";"";"";"";"";""
"11/11/2025";"2200";"";"";"";"";"";"";"";"";"";"";"";"";"";"";"";"";""
"11/11/2025";"2300";"";"";"";"";"";"";"";"";"";"";"";"";"";"";"";"";""
"12/11/2025";"0000";"";"";"";"";"";"";"";"";"";"";"";"";"";"";"";"";""
"12/11/2025";"0100";"";"";"";"";"";"";"";"";"";"";"";"";"";"";"";"";""
"12/11/2025";"0200";"";"";"";"";"";"";"";"";"";"";"";"";"";"";"";"";""
"12/11/2025";"0300";"";"";"";"";"";"";"";"";"";"";"";"";"";"";"";"";""
"12/11/2025";"0400";"";"";"";"";"";"";"";"";"";"";"";"";"";"";"";"";""
"12/11/2025";"0500";"";"";"";"";"";"";"";"";"";"";"";"";"";"";"";"";""
"12/11/2025";"0600";"";"";"";"";"";"";"";"";"";"";"";"";"";"";"";"";""
"12/11/2025";"0700";"";"";"";"";"";"";"";"";"";"";"";"";"";"";"";"";""
"12/11/2025";"0800";"";"";"";"";"";"";"";"";"";"";"";"";"";"";"";"";""
"12/11/2025";"0900";"";"";"";"";"";"";"";"";"";"";"";"";"";"";"";"";""
"12/11/2025";"1000";"";"";"";"";"";"";"";"";"";"";"";"";"";"";"";"";""
"12/11/2025";"1100";"";"";"";"";"";"";"";"";"";"";"";"";"";"";"";"";""
"12/11/2025";"1200";"";"";"";"";"";"";"";"";"";"";"";"";"";"";"";"";""
"12/11/2025";"1300";"";"";"";"";"";"";"";"";"";"";"";"";"";"";"";"";""
"12/11/2025";"1400";"";"";"";"";"";"";"";"";"";"";"";"";"";"";"";"";""
"12/11/2025";"1500";"";"";"";"";"";"";"";"";"";"";"";"";"";"";"";"";""
"12/11/2025";"1600";"";"";"";"";"";"";"";"";"";"";"";"";"";"";"";"";""
"12/11/2025";"1700";"";"";"";"";"";"";"";"";"";"";"";"";"";"";"";"";""
"12/11/2025";"1800";"";"";"";"";"";"";"";"";"";"";"";"";"";"";"";"";""
"12/11/2025";"1900";"";"";"";"";"";"";"";"";"";"";"";"";"";"";"";"";""
"12/11/2025";"2000";"";"";"";"";"";"";"";"";"";"";"";"";"";"";"";"";""
"12/11/2025";"2100";"";"";"";"";"";"";"";"";"";"";"";"";"";"";"";"";""
"12/11/2025";"2200";"";"";"";"";"";"";"";"";"";"";"";"";"";"";"";"";""
"12/11/2025";"2300";"";"";"";"";"";"";"";"";"";"";"";"";"";"";"";"";""
"13/11/2025";"0000";"";"";"";"";"";"";"";"";"";"";"";"";"";"";"";"";""
"13/11/2025";"0100";"";"";"";"";"";"";"";"";"";"";"";"";"";"";"";"";""
"13/11/2025";"0200";"";"";"";"";"";"";"";"";"";"";"";"";"";"";"";"";""
"13/11/2025";"0300";"";"";"";"";"";"";"";"";"";"";"";"";"";"";"";"";""
"13/11/2025";"0400";"";"";"";"";"";"";"";"";"";"";"";"";"";"";"";"";""
"13/11/2025";"0500";"";"";"";"";"";"";"";"";"";"";"";"";"";"";"";"";""
"13/11/2025";"0600";"";"";"";"";"";"";"";"";"";"";"";"";"";"";"";"";""
"13/11/2025";"0700";"";"";"";"";"";"";"";"";"";"";"";"";"";"";"";"";""
"13/11/2025";"0800";"";"";"";"";"";"";"";"";"";"";"";"";"";"";"";"";""
"13/11/2025";"0900";"";"";"";"";"";"";"";"";"";"";"";"";"";"";"";"";""
"13/11/2025";"1000";"";"";"";"";"";"";"";"";"";"";"";"";"";"";"";"";""
"13/11/2025";"1100";"";"";"";"";"";"";"";"";"";"";"";"";"";"";"";"";""
"13/11/2025";"1200";"";"";"";"";"";"";"";"";"";"";"";"";"";"";"";"";""
"13/11/2025";"1300";"";"";"";"";"";"";"";"";"";"";"";"";"";"";"";"";""
"13/11/2025";"1400";"";"";"";"";"";"";"";"";"";"";"";"";"";"";"";"";""
"13/11/2025";"1500";"";"";"";"";"";"";"";"";"";"";"";"";"";"";"";"";""
"13/11/2025";"1600";"";"";"";"";"";"";"";"";"";"";"";"";"";"";"";"";""
"13/11/2025";"1700";"";"";"";"";"";"";"";"";"";"";"";"";"";"";"";"";""
"13/11/2025";"1800";"";"";"";"";"";"";"";"";"";"";"";"";"";"";"";"";""
"13/11/2025";"1900";"";"";"";"";"";"";"";"";"";"";"";"";"";"";"";"";""
"13/11/2025";"2000";"";"";"";"";"";"";"";"";"";"";"";"";"";"";"";"";""
"13/11/2025";"2100";"";"";"";"";"";"";"";"";"";"";"";"";"";"";"";"";""
"13/11/2025";"2200";"";"";"";"";"";"";"";"";"";"";"";"";"";"";"";"";""
"13/11/2025";"2300";"";"";"";"";"";"";"";"";"";"";"";"";"";"";"";"";""
"14/11/2025";"0000";"";"";"";"";"";"";"";"";"";"";"";"";"";"";"";"";""
"14/11/2025";"0100";"";"";"";"";"";"";"";"";"";"";"";"";"";"";"";"";""
"14/11/2025";"0200";"";"";"";"";"";"";"";"";"";"";"";"";"";"";"";"";""
"14/11/2025";"0300";"";"";"";"";"";"";"";"";"";"";"";"";"";"";"";"";""
"14/11/2025";"0400";"";"";"";"";"";"";"";"";"";"";"";"";"";"";"";"";""
"14/11/2025";"0500";"";"";"";"";"";"";"";"";"";"";"";"";"";"";"";"";""
"14/11/2025";"0600";"";"";"";"";"";"";"";"";"";"";"";"";"";"";"";"";""
"14/11/2025";"0700";"";"";"";"";"";"";"";"";"";"";"";"";"";"";"";"";""
"14/11/2025";"0800";"";"";"";"";"";"";"";"";"";"";"";"";"";"";"";"";""
"14/11/2025";"0900";"";"";"";"";"";"";"";"";"";"";"";"";"";"";"";"";""
"14/11/2025";"1000";"";"";"";"";"";"";"";"";"";"";"";"";"";"";"";"";""
"14/11/2025";"1100";"";"";"";"";"";"";"";"";"";"";"";"";"";"";"";"";""
"14/11/2025";"1200";"";"";"";"";"";"";"";"";"";"";"";"";"";"";"";"";""
"14/11/2025";"1300";"";"";"";"";"";"";"";"";"";"";"";"";"";"";"";"";""
"14/11/2025";"1400";"";"";"";"";"";"";"";"";"";"";"";"";"";"";"";"";""
"14/11/2025";"1500";"";"";"";"";"";"";"";"";"";"";"";"";"";"";"";"";""
"14/11/2025";"1600";"";"";"";"";"";"";"";"";"";"";"";"";"";"";"";"";""
"14/11/2025";"1700";"";"";"";"";"";"";"";"";"";"";"";"";"";"";"";"";""
"14/11/2025";"1800";"";"";"";"";"";"";"";"";"";"";"";"";"";"";"";"";""
"14/11/2025";"1900";"";"";"";"";"";"";"";"";"";"";"";"";"";"";"";"";""
"14/11/2025";"2000";"";"";"";"";"";"";"";"";"";"";"";"";"";"";"";"";""
"14/11/2025";"2100";"";"";"";"";"";"";"";"";"";"";"";"";"";"";"";"";""
"14/11/2025";"2200";"";"";"";"";"";"";"";"";"";"";"";"";"";"";"";"";""
"14/11/2025";"2300";"";"";"";"";"";"";"";"";"";"";"";"";"";"";"";"";""
"15/11/2025";"0000";"";"";"";"";"";"";"";"";"";"";"";"";"";"";"";"";""
"15/11/2025";"0100";"";"";"";"";"";"";"";"";"";"";"";"";"";"";"";"";""
"15/11/2025";"0200";"";"";"";"";"";"";"";"";"";"";"";"";"";"";"";"";""
"15/11/2025";"0300";"";"";"";"";"";"";"";"";"";"";"";"";"";"";"";"";""
"15/11/2025";"0400";"";"";"";"";"";"";"";"";"";"";"";"";"";"";"";"";""
"15/11/2025";"0500";"";"";"";"";"";"";"";"";"";"";"";"";"";"";"";"";""
"15/11/2025";"0600";"";"";"";"";"";"";"";"";"";"";"";"";"";"";"";"";""
"15/11/2025";"0700";"";"";"";"";"";"";"";"";"";"";"";"";"";"";"";"";""
"15/11/2025";"0800";"";"";"";"";"";"";"";"";"";"";"";"";"";"";"";"";""
"15/11/2025";"0900";"";"";"";"";"";"";"";"";"";"";"";"";"";"";"";"";""
"15/11/2025";"1000";"";"";"";"";"";"";"";"";"";"";"";"";"";"";"";"";""
"15/11/2025";"1100";"";"";"";"";"";"";"";"";"";"";"";"";"";"";"";"";""
"15/11/2025";"1200";"";"";"";"";"";"";"";"";"";"";"";"";"";"";"";"";""
"15/11/2025";"1300";"";"";"";"";"";"";"";"";"";"";"";"";"";"";"";"";""
"15/11/2025";"1400";"";"";"";"";"";"";"";"";"";"";"";"";"";"";"";"";""
"15/11/2025";"1500";"";"";"";"";"";"";"";"";"";"";"";"";"";"";"";"";""
"15/11/2025";"1600";"";"";"";"";"";"";"";"";"";"";"";"";"";"";"";"";""
"15/11/2025";"1700";"";"";"";"";"";"";"";"";"";"";"";"";"";"";"";"";""
"15/11/2025";"1800";"";"";"";"";"";"";"";"";"";"";"";"";"";"";"";"";""
"15/11/2025";"1900";"";"";"";"";"";"";"";"";"";"";"";"";"";"";"";"";""
"15/11/2025";"2000";"";"";"";"";"";"";"";"";"";"";"";"";"";"";"";"";""
"15/11/2025";"2100";"";"";"";"";"";"";"";"";"";"";"";"";"";"";"";"";""
"15/11/2025";"2200";"";"";"";"";"";"";"";"";"";"";"";"";"";"";"";"";""
"15/11/2025";"2300";"";"";"";"";"";"";"";"";"";"";"";"";"";"";"";"";""
"16/11/2025";"0000";"";"";"";"";"";"";"";"";"";"";"";"";"";"";"";"";""
"16/11/2025";"0100";"";"";"";"";"";"";"";"";"";"";"";"";"";"";"";"";""
"16/11/2025";"0200";"";"";"";"";"";"";"";"";"";"";"";"";"";"";"";"";""
"16/11/2025";"0300";"";"";"";"";"";"";"";"";"";"";"";"";"";"";"";"";""
"16/11/2025";"0400";"";"";"";"";"";"";"";"";"";"";"";"";"";"";"";"";""
"16/11/2025";"0500";"";"";"";"";"";"";"";"";"";"";"";"";"";"";"";"";""
"16/11/2025";"0600";"";"";"";"";"";"";"";"";"";"";"";"";"";"";"";"";""
"16/11/2025";"0700";"";"";"";"";"";"";"";"";"";"";"";"";"";"";"";"";""
"16/11/2025";"0800";"";"";"";"";"";"";"";"";"";"";"";"";"";"";"";"";""
"16/11/2025";"0900";"";"";"";"";"";"";"";"";"";"";"";"";"";"";"";"";""
"16/11/2025";"1000";"";"";"";"";"";"";"";"";"";"";"";"";"";"";"";"";""
"16/11/2025";"1100";"";"";"";"";"";"";"";"";"";"";"";"";"";"";"";"";""
"16/11/2025";"1200";"";"";"";"";"";"";"";"";"";"";"";"";"";"";"";"";""
"16/11/2025";"1300";"";"";"";"";"";"";"";"";"";"";"";"";"";"";"";"";""
"16/11/2025";"1400";"";"";"";"";"";"";"";"";"";"";"";"";"";"";"";"";""
"16/11/2025";"1500";"";"";"";"";"";"";"";"";"";"";"";"";"";"";"";"";""
"16/11/2025";"1600";"";"";"";"";"";"";"";"";"";"";"";"";"";"";"";"";""
"16/11/2025";"1700";"";"";"";"";"";"";"";"";"";"";"";"";"";"";"";"";""
"16/11/2025";"1800";"";"";"";"";"";"";"";"";"";"";"";"";"";"";"";"";""
"16/11/2025";"1900";"";"";"";"";"";"";"";"";"";"";"";"";"";"";"";"";""
"16/11/2025";"2000";"";"";"";"";"";"";"";"";"";"";"";"";"";"";"";"";""
"16/11/2025";"2100";"";"";"";"";"";"";"";"";"";"";"";"";"";"";"";"";""
"16/11/2025";"2200";"";"";"";"";"";"";"";"";"";"";"";"";"";"";"";"";""
"16/11/2025";"2300";"";"";"";"";"";"";"";"";"";"";"";"";"";"";"";"";""
"17/11/2025";"0000";"";"";"";"";"";"";"";"";"";"";"";"";"";"";"";"";""
"17/11/2025";"0100";"";"";"";"";"";"";"";"";"";"";"";"";"";"";"";"";""
"17/11/2025";"0200";"";"";"";"";"";"";"";"";"";"";"";"";"";"";"";"";""
"17/11/2025";"0300";"";"";"";"";"";"";"";"";"";"";"";"";"";"";"";"";""
"17/11/2025";"0400";"";"";"";"";"";"";"";"";"";"";"";"";"";"";"";"";""
"17/11/2025";"0500";"";"";"";"";"";"";"";"";"";"";"";"";"";"";"";"";""
"17/11/2025";"0600";"";"";"";"";"";"";"";"";"";"";"";"";"";"";"";"";""
"17/11/2025";"0700";"";"";"";"";"";"";"";"";"";"";"";"";"";"";"";"";""
"17/11/2025";"0800";"";"";"";"";"";"";"";"";"";"";"";"";"";"";"";"";""
"17/11/2025";"0900";"";"";"";"";"";"";"";"";"";"";"";"";"";"";"";"";""
"17/11/2025";"1000";"";"";"";"";"";"";"";"";"";"";"";"";"";"";"";"";""
"17/11/2025";"1100";"";"";"";"";"";"";"";"";"";"";"";"";"";"";"";"";""
"17/11/2025";"1200";"";"";"";"";"";"";"";"";"";"";"";"";"";"";"";"";""
"17/11/2025";"1300";"";"";"";"";"";"";"";"";"";"";"";"";"";"";"";"";""
"17/11/2025";"1400";"";"";"";"";"";"";"";"";"";"";"";"";"";"";"";"";""
"17/11/2025";"1500";"";"";"";"";"";"";"";"";"";"";"";"";"";"";"";"";""
"17/11/2025";"1600";"";"";"";"";"";"";"";"";"";"";"";"";"";"";"";"";""
"17/11/2025";"1700";"";"";"";"";"";"";"";"";"";"";"";"";"";"";"";"";""
"17/11/2025";"1800";"";"";"";"";"";"";"";"";"";"";"";"";"";"";"";"";""
"17/11/2025";"1900";"";"";"";"";"";"";"";"";"";"";"";"";"";"";"";"";""
"17/11/2025";"2000";"";"";"";"";"";"";"";"";"";"";"";"";"";"";"";"";""
"17/11/2025";"2100";"";"";"";"";"";"";"";"";"";"";"";"";"";"";"";"";""
"17/11/2025";"2200";"";"";"";"";"";"";"";"";"";"";"";"";"";"";"";"";""
"17/11/2025";"2300";"";"";"";"";"";"";"";"";"";"";"";"";"";"";"";"";""
"18/11/2025";"0000";"";"";"";"";"";"";"";"";"";"";"";"";"";"";"";"";""
"18/11/2025";"0100";"";"";"";"";"";"";"";"";"";"";"";"";"";"";"";"";""
"18/11/2025";"0200";"";"";"";"";"";"";"";"";"";"";"";"";"";"";"";"";""
"18/11/2025";"0300";"";"";"";"";"";"";"";"";"";"";"";"";"";"";"";"";""
"18/11/2025";"0400";"";"";"";"";"";"";"";"";"";"";"";"";"";"";"";"";""
"18/11/2025";"0500";"";"";"";"";"";"";"";"";"";"";"";"";"";"";"";"";""
"18/11/2025";"0600";"";"";"";"";"";"";"";"";"";"";"";"";"";"";"";"";""
"18/11/2025";"0700";"";"";"";"";"";"";"";"";"";"";"";"";"";"";"";"";""
"18/11/2025";"0800";"";"";"";"";"";"";"";"";"";"";"";"";"";"";"";"";""
"18/11/2025";"0900";"";"";"";"";"";"";"";"";"";"";"";"";"";"";"";"";""
"18/11/2025";"1000";"";"";"";"";"";"";"";"";"";"";"";"";"";"";"";"";""
"18/11/2025";"1100";"";"";"";"";"";"";"";"";"";"";"";"";"";"";"";"";""
"18/11/2025";"1200";"";"";"";"";"";"";"";"";"";"";"";"";"";"";"";"";""
"18/11/2025";"1300";"";"";"";"";"";"";"";"";"";"";"";"";"";"";"";"";""
"18/11/2025";"1400";"";"";"";"";"";"";"";"";"";"";"";"";"";"";"";"";""
"18/11/2025";"1500";"";"";"";"";"";"";"";"";"";"";"";"";"";"";"";"";""
"18/11/2025";"1600";"";"";"";"";"";"";"";"";"";"";"";"";"";"";"";"";""
"18/11/2025";"1700";"";"";"";"";"";"";"";"";"";"";"";"";"";"";"";"";""
"18/11/2025";"1800";"";"";"";"";"";"";"";"";"";"";"";"";"";"";"";"";""
"18/11/2025";"1900";"";"";"";"";"";"";"";"";"";"";"";"";"";"";"";"";""
"18/11/2025";"2000";"";"";"";"";"";"";"";"";"";"";"";"";"";"";"";"";""
"18/11/2025";"2100";"";"";"";"";"";"";"";"";"";"";"";"";"";"";"";"";""
"18/11/2025";"2200";"";"";"";"";"";"";"";"";"";"";"";"";"";"";"";"";""
"18/11/2025";"2300";"";"";"";"";"";"";"";"";"";"";"";"";"";"";"";"";""
"19/11/2025";"0000";"";"";"";"";"";"";"";"";"";"";"";"";"";"";"";"";""
"19/11/2025";"0100";"";"";"";"";"";"";"";"";"";"";"";"";"";"";"";"";""
"19/11/2025";"0200";"";"";"";"";"";"";"";"";"";"";"";"";"";"";"";"";""
"19/11/2025";"0300";"";"";"";"";"";"";"";"";"";"";"";"";"";"";"";"";""
"19/11/2025";"0400";"";"";"";"";"";"";"";"";"";"";"";"";"";"";"";"";""
"19/11/2025";"0500";"";"";"";"";"";"";"";"";"";"";"";"";"";"";"";"";""
"19/11/2025";"0600";"";"";"";"";"";"";"";"";"";"";"";"";"";"";"";"";""
"19/11/2025";"0700";"";"";"";"";"";"";"";"";"";"";"";"";"";"";"";"";""
"19/11/2025";"0800";"";"";"";"";"";"";"";"";"";"";"";"";"";"";"";"";""
"19/11/2025";"0900";"";"";"";"";"";"";"";"";"";"";"";"";"";"";"";"";""
"19/11/2025";"1000";"";"";"";"";"";"";"";"";"";"";"";"";"";"";"";"";""
"19/11/2025";"1100";"";"";"";"";"";"";"";"";"";"";"";"";"";"";"";"";""
"19/11/2025";"1200";"";"";"";"";"";"";"";"";"";"";"";"";"";"";"";"";""
"19/11/2025";"1300";"";"";"";"";"";"";"";"";"";"";"";"";"";"";"";"";""
"19/11/2025";"1400";"";"";"";"";"";"";"";"";"";"";"";"";"";"";"";"";""
"19/11/2025";"1500";"";"";"";"";"";"";"";"";"";"";"";"";"";"";"";"";""
"19/11/2025";"1600";"";"";"";"";"";"";"";"";"";"";"";"";"";"";"";"";""
"19/11/2025";"1700";"";"";"";"";"";"";"";"";"";"";"";"";"";"";"";"";""
"19/11/2025";"1800";"";"";"";"";"";"";"";"";"";"";"";"";"";"";"";"";""
"19/11/2025";"1900";"";"";"";"";"";"";"";"";"";"";"";"";"";"";"";"";""
"19/11/2025";"2000";"";"";"";"";"";"";"";"";"";"";"";"";"";"";"";"";""
"19/11/2025";"2100";"";"";"";"";"";"";"";"";"";"";"";"";"";"";"";"";""
"19/11/2025";"2200";"";"";"";"";"";"";"";"";"";"";"";"";"";"";"";"";""
"19/11/2025";"2300";"";"";"";"";"";"";"";"";"";"";"";"";"";"";"";"";""
"20/11/2025";"0000";"";"";"";"";"";"";"";"";"";"";"";"";"";"";"";"";""
"20/11/2025";"0100";"";"";"";"";"";"";"";"";"";"";"";"";"";"";"";"";""
"20/11/2025";"0200";"";"";"";"";"";"";"";"";"";"";"";"";"";"";"";"";""
"20/11/2025";"0300";"";"";"";"";"";"";"";"";"";"";"";"";"";"";"";"";""
"20/11/2025";"0400";"";"";"";"";"";"";"";"";"";"";"";"";"";"";"";"";""
"20/11/2025";"0500";"";"";"";"";"";"";"";"";"";"";"";"";"";"";"";"";""
"20/11/2025";"0600";"";"";"";"";"";"";"";"";"";"";"";"";"";"";"";"";""
"20/11/2025";"0700";"";"";"";"";"";"";"";"";"";"";"";"";"";"";"";"";""
"20/11/2025";"0800";"";"";"";"";"";"";"";"";"";"";"";"";"";"";"";"";""
"20/11/2025";"0900";"";"";"";"";"";"";"";"";"";"";"";"";"";"";"";"";""
"20/11/2025";"1000";"";"";"";"";"";"";"";"";"";"";"";"";"";"";"";"";""
"20/11/2025";"1100";"";"";"";"";"";"";"";"";"";"";"";"";"";"";"";"";""
"20/11/2025";"1200";"";"";"";"";"";"";"";"";"";"";"";"";"";"";"";"";""
"20/11/2025";"1300";"";"";"";"";"";"";"";"";"";"";"";"";"";"";"";"";""
"20/11/2025";"1400";"";"";"";"";"";"";"";"";"";"";"";"";"";"";"";"";""
"20/11/2025";"1500";"";"";"";"";"";"";"";"";"";"";"";"";"";"";"";"";""
"20/11/2025";"1600";"";"";"";"";"";"";"";"";"";"";"";"";"";"";"";"";""
"20/11/2025";"1700";"";"";"";"";"";"";"";"";"";"";"";"";"";"";"";"";""
"20/11/2025";"1800";"";"";"";"";"";"";"";"";"";"";"";"";"";"";"";"";""
"20/11/2025";"1900";"";"";"";"";"";"";"";"";"";"";"";"";"";"";"";"";""
"20/11/2025";"2000";"";"";"";"";"";"";"";"";"";"";"";"";"";"";"";"";""
"20/11/2025";"2100";"";"";"";"";"";"";"";"";"";"";"";"";"";"";"";"";""
"20/11/2025";"2200";"";"";"";"";"";"";"";"";"";"";"";"";"";"";"";"";""
"20/11/2025";"2300";"";"";"";"";"";"";"";"";"";"";"";"";"";"";"";"";""
"21/11/2025";"0000";"";"";"";"";"";"";"";"";"";"";"";"";"";"";"";"";""
"21/11/2025";"0100";"";"";"";"";"";"";"";"";"";"";"";"";"";"";"";"";""
"21/11/2025";"0200";"";"";"";"";"";"";"";"";"";"";"";"";"";"";"";"";""
"21/11/2025";"0300";"";"";"";"";"";"";"";"";"";"";"";"";"";"";"";"";""
"21/11/2025";"0400";"";"";"";"";"";"";"";"";"";"";"";"";"";"";"";"";""
"21/11/2025";"0500";"";"";"";"";"";"";"";"";"";"";"";"";"";"";"";"";""
"21/11/2025";"0600";"";"";"";"";"";"";"";"";"";"";"";"";"";"";"";"";""
"21/11/2025";"0700";"";"";"";"";"";"";"";"";"";"";"";"";"";"";"";"";""
"21/11/2025";"0800";"";"";"";"";"";"";"";"";"";"";"";"";"";"";"";"";""
"21/11/2025";"0900";"";"";"";"";"";"";"";"";"";"";"";"";"";"";"";"";""
"21/11/2025";"1000";"";"";"";"";"";"";"";"";"";"";"";"";"";"";"";"";""
"21/11/2025";"1100";"";"";"";"";"";"";"";"";"";"";"";"";"";"";"";"";""
"21/11/2025";"1200";"";"";"";"";"";"";"";"";"";"";"";"";"";"";"";"";""
"21/11/2025";"1300";"";"";"";"";"";"";"";"";"";"";"";"";"";"";"";"";""
"21/11/2025";"1400";"";"";"";"";"";"";"";"";"";"";"";"";"";"";"";"";""
"21/11/2025";"1500";"";"";"";"";"";"";"";"";"";"";"";"";"";"";"";"";""
"21/11/2025";"1600";"";"";"";"";"";"";"";"";"";"";"";"";"";"";"";"";""
"21/11/2025";"1700";"";"";"";"";"";"";"";"";"";"";"";"";"";"";"";"";""
"21/11/2025";"1800";"";"";"";"";"";"";"";"";"";"";"";"";"";"";"";"";""
"21/11/2025";"1900";"";"";"";"";"";"";"";"";"";"";"";"";"";"";"";"";""
"21/11/2025";"2000";"";"";"";"";"";"";"";"";"";"";"";"";"";"";"";"";""
"21/11/2025";"2100";"";"";"";"";"";"";"";"";"";"";"";"";"";"";"";"";""
"21/11/2025";"2200";"";"";"";"";"";"";"";"";"";"";"";"";"";"";"";"";""
"21/11/2025";"2300";"";"";"";"";"";"";"";"";"";"";"";"";"";"";"";"";""
"22/11/2025";"0000";"";"";"";"";"";"";"";"";"";"";"";"";"";"";"";"";""
"22/11/2025";"0100";"";"";"";"";"";"";"";"";"";"";"";"";"";"";"";"";""
"22/11/2025";"0200";"";"";"";"";"";"";"";"";"";"";"";"";"";"";"";"";""
"22/11/2025";"0300";"";"";"";"";"";"";"";"";"";"";"";"";"";"";"";"";""
"22/11/2025";"0400";"";"";"";"";"";"";"";"";"";"";"";"";"";"";"";"";""
"22/11/2025";"0500";"";"";"";"";"";"";"";"";"";"";"";"";"";"";"";"";""
"22/11/2025";"0600";"";"";"";"";"";"";"";"";"";"";"";"";"";"";"";"";""
"22/11/2025";"0700";"";"";"";"";"";"";"";"";"";"";"";"";"";"";"";"";""
"22/11/2025";"0800";"";"";"";"";"";"";"";"";"";"";"";"";"";"";"";"";""
"22/11/2025";"0900";"";"";"";"";"";"";"";"";"";"";"";"";"";"";"";"";""
"22/11/2025";"1000";"";"";"";"";"";"";"";"";"";"";"";"";"";"";"";"";""
"22/11/2025";"1100";"";"";"";"";"";"";"";"";"";"";"";"";"";"";"";"";""
"22/11/2025";"1200";"";"";"";"";"";"";"";"";"";"";"";"";"";"";"";"";""
"22/11/2025";"1300";"";"";"";"";"";"";"";"";"";"";"";"";"";"";"";"";""
"22/11/2025";"1400";"";"";"";"";"";"";"";"";"";"";"";"";"";"";"";"";""
"22/11/2025";"1500";"";"";"";"";"";"";"";"";"";"";"";"";"";"";"";"";""
"22/11/2025";"1600";"";"";"";"";"";"";"";"";"";"";"";"";"";"";"";"";""
"22/11/2025";"1700";"";"";"";"";"";"";"";"";"";"";"";"";"";"";"";"";""
"22/11/2025";"1800";"";"";"";"";"";"";"";"";"";"";"";"";"";"";"";"";""
"22/11/2025";"1900";"";"";"";"";"";"";"";"";"";"";"";"";"";"";"";"";""
"22/11/2025";"2000";"";"";"";"";"";"";"";"";"";"";"";"";"";"";"";"";""
"22/11/2025";"2100";"";"";"";"";"";"";"";"";"";"";"";"";"";"";"";"";""
"22/11/2025";"2200";"";"";"";"";"";"";"";"";"";"";"";"";"";"";"";"";""
"22/11/2025";"2300";"";"";"";"";"";"";"";"";"";"";"";"";"";"";"";"";""
"23/11/2025";"0000";"";"";"";"";"";"";"";"";"";"";"";"";"";"";"";"";""
"23/11/2025";"0100";"";"";"";"";"";"";"";"";"";"";"";"";"";"";"";"";""
"23/11/2025";"0200";"";"";"";"";"";"";"";"";"";"";"";"";"";"";"";"";""
"23/11/2025";"0300";"";"";"";"";"";"";"";"";"";"";"";"";"";"";"";"";""
"23/11/2025";"0400";"";"";"";"";"";"";"";"";"";"";"";"";"";"";"";"";""
"23/11/2025";"0500";"";"";"";"";"";"";"";"";"";"";"";"";"";"";"";"";""
"23/11/2025";"0600";"";"";"";"";"";"";"";"";"";"";"";"";"";"";"";"";""
"23/11/2025";"0700";"";"";"";"";"";"";"";"";"";"";"";"";"";"";"";"";""
"23/11/2025";"0800";"";"";"";"";"";"";"";"";"";"";"";"";"";"";"";"";""
"23/11/2025";"0900";"";"";"";"";"";"";"";"";"";"";"";"";"";"";"";"";""
"23/11/2025";"1000";"";"";"";"";"";"";"";"";"";"";"";"";"";"";"";"";""
"23/11/2025";"1100";"";"";"";"";"";"";"";"";"";"";"";"";"";"";"";"";""
"23/11/2025";"1200";"";"";"";"";"";"";"";"";"";"";"";"";"";"";"";"";""
"23/11/2025";"1300";"";"";"";"";"";"";"";"";"";"";"";"";"";"";"";"";""
"23/11/2025";"1400";"";"";"";"";"";"";"";"";"";"";"";"";"";"";"";"";""
"23/11/2025";"1500";"";"";"";"";"";"";"";"";"";"";"";"";"";"";"";"";""
"23/11/2025";"1600";"";"";"";"";"";"";"";"";"";"";"";"";"";"";"";"";""
"23/11/2025";"1700";"";"";"";"";"";"";"";"";"";"";"";"";"";"";"";"";""
"23/11/2025";"1800";"";"";"";"";"";"";"";"";"";"";"";"";"";"";"";"";""
"23/11/2025";"1900";"";"";"";"";"";"";"";"";"";"";"";"";"";"";"";"";""
"23/11/2025";"2000";"";"";"";"";"";"";"";"";"";"";"";"";"";"";"";"";""
"23/11/2025";"2100";"";"";"";"";"";"";"";"";"";"";"";"";"";"";"";"";""
"23/11/2025";"2200";"";"";"";"";"";"";"";"";"";"";"";"";"";"";"";"";""
"23/11/2025";"2300";"";"";"";"";"";"";"";"";"";"";"";"";"";"";"";"";""
"24/11/2025";"0000";"";"";"";"";"";"";"";"";"";"";"";"";"";"";"";"";""
"24/11/2025";"0100";"";"";"";"";"";"";"";"";"";"";"";"";"";"";"";"";""
"24/11/2025";"0200";"";"";"";"";"";"";"";"";"";"";"";"";"";"";"";"";""
"24/11/2025";"0300";"";"";"";"";"";"";"";"";"";"";"";"";"";"";"";"";""
"24/11/2025";"0400";"";"";"";"";"";"";"";"";"";"";"";"";"";"";"";"";""
"24/11/2025";"0500";"";"";"";"";"";"";"";"";"";"";"";"";"";"";"";"";""
"24/11/2025";"0600";"";"";"";"";"";"";"";"";"";"";"";"";"";"";"";"";""
"24/11/2025";"0700";"";"";"";"";"";"";"";"";"";"";"";"";"";"";"";"";""
"24/11/2025";"0800";"";"";"";"";"";"";"";"";"";"";"";"";"";"";"";"";""
"24/11/2025";"0900";"";"";"";"";"";"";"";"";"";"";"";"";"";"";"";"";""
"24/11/2025";"1000";"";"";"";"";"";"";"";"";"";"";"";"";"";"";"";"";""
"24/11/2025";"1100";"";"";"";"";"";"";"";"";"";"";"";"";"";"";"";"";""
"24/11/2025";"1200";"";"";"";"";"";"";"";"";"";"";"";"";"";"";"";"";""
"24/11/2025";"1300";"";"";"";"";"";"";"";"";"";"";"";"";"";"";"";"";""
"24/11/2025";"1400";"";"";"";"";"";"";"";"";"";"";"";"";"";"";"";"";""
"24/11/2025";"1500";"";"";"";"";"";"";"";"";"";"";"";"";"";"";"";"";""
"24/11/2025";"1600";"";"";"";"";"";"";"";"";"";"";"";"";"";"";"";"";""
"24/11/2025";"1700";"";"";"";"";"";"";"";"";"";"";"";"";"";"";"";"";""
"24/11/2025";"1800";"";"";"";"";"";"";"";"";"";"";"";"";"";"";"";"";""
"24/11/2025";"1900";"";"";"";"";"";"";"";"";"";"";"";"";"";"";"";"";""
"24/11/2025";"2000";"";"";"";"";"";"";"";"";"";"";"";"";"";"";"";"";""
"24/11/2025";"2100";"";"";"";"";"";"";"";"";"";"";"";"";"";"";"";"";""
"24/11/2025";"2200";"";"";"";"";"";"";"";"";"";"";"";"";"";"";"";"";""
"24/11/2025";"2300";"";"";"";"";"";"";"";"";"";"";"";"";"";"";"";"";""
"25/11/2025";"0000";"";"";"";"";"";"";"";"";"";"";"";"";"";"";"";"";""
"25/11/2025";"0100";"";"";"";"";"";"";"";"";"";"";"";"";"";"";"";"";""
"25/11/2025";"0200";"";"";"";"";"";"";"";"";"";"";"";"";"";"";"";"";""
"25/11/2025";"0300";"";"";"";"";"";"";"";"";"";"";"";"";"";"";"";"";""
"25/11/2025";"0400";"";"";"";"";"";"";"";"";"";"";"";"";"";"";"";"";""
"25/11/2025";"0500";"";"";"";"";"";"";"";"";"";"";"";"";"";"";"";"";""
"25/11/2025";"0600";"";"";"";"";"";"";"";"";"";"";"";"";"";"";"";"";""
"25/11/2025";"0700";"";"";"";"";"";"";"";"";"";"";"";"";"";"";"";"";""
"25/11/2025";"0800";"";"";"";"";"";"";"";"";"";"";"";"";"";"";"";"";""
"25/11/2025";"0900";"";"";"";"";"";"";"";"";"";"";"";"";"";"";"";"";""
"25/11/2025";"1000";"";"";"";"";"";"";"";"";"";"";"";"";"";"";"";"";""
"25/11/2025";"1100";"";"";"";"";"";"";"";"";"";"";"";"";"";"";"";"";""
"25/11/2025";"1200";"";"";"";"";"";"";"";"";"";"";"";"";"";"";"";"";""
"25/11/2025";"1300";"";"";"";"";"";"";"";"";"";"";"";"";"";"";"";"";""
"25/11/2025";"1400";"";"";"";"";"";"";"";"";"";"";"";"";"";"";"";"";""
"25/11/2025";"1500";"";"";"";"";"";"";"";"";"";"";"";"";"";"";"";"";""
"25/11/2025";"1600";"";"";"";"";"";"";"";"";"";"";"";"";"";"";"";"";""
"25/11/2025";"1700";"";"";"";"";"";"";"";"";"";"";"";"";"";"";"";"";""
"25/11/2025";"1800";"";"";"";"";"";"";"";"";"";"";"";"";"";"";"";"";""
"25/11/2025";"1900";"";"";"";"";"";"";"";"";"";"";"";"";"";"";"";"";""
"25/11/2025";"2000";"";"";"";"";"";"";"";"";"";"";"";"";"";"";"";"";""
"25/11/2025";"2100";"";"";"";"";"";"";"";"";"";"";"";"";"";"";"";"";""
"25/11/2025";"2200";"";"";"";"";"";"";"";"";"";"";"";"";"";"";"";"";""
"25/11/2025";"2300";"";"";"";"";"";"";"";"";"";"";"";"";"";"";"";"";""
"26/11/2025";"0000";"";"";"";"";"";"";"";"";"";"";"";"";"";"";"";"";""
"26/11/2025";"0100";"";"";"";"";"";"";"";"";"";"";"";"";"";"";"";"";""
"26/11/2025";"0200";"";"";"";"";"";"";"";"";"";"";"";"";"";"";"";"";""
"26/11/2025";"0300";"";"";"";"";"";"";"";"";"";"";"";"";"";"";"";"";""
"26/11/2025";"0400";"";"";"";"";"";"";"";"";"";"";"";"";"";"";"";"";""
"26/11/2025";"0500";"";"";"";"";"";"";"";"";"";"";"";"";"";"";"";"";""
"26/11/2025";"0600";"";"";"";"";"";"";"";"";"";"";"";"";"";"";"";"";""
"26/11/2025";"0700";"";"";"";"";"";"";"";"";"";"";"";"";"";"";"";"";""
"26/11/2025";"0800";"";"";"";"";"";"";"";"";"";"";"";"";"";"";"";"";""
"26/11/2025";"0900";"";"";"";"";"";"";"";"";"";"";"";"";"";"";"";"";""
"26/11/2025";"1000";"";"";"";"";"";"";"";"";"";"";"";"";"";"";"";"";""
"26/11/2025";"1100";"";"";"";"";"";"";"";"";"";"";"";"";"";"";"";"";""
"26/11/2025";"1200";"";"";"";"";"";"";"";"";"";"";"";"";"";"";"";"";""
"26/11/2025";"1300";"";"";"";"";"";"";"";"";"";"";"";"";"";"";"";"";""
"26/11/2025";"1400";"";"";"";"";"";"";"";"";"";"";"";"";"";"";"";"";""
"26/11/2025";"1500";"";"";"";"";"";"";"";"";"";"";"";"";"";"";"";"";""
"26/11/2025";"1600";"";"";"";"";"";"";"";"";"";"";"";"";"";"";"";"";""
"26/11/2025";"1700";"";"";"";"";"";"";"";"";"";"";"";"";"";"";"";"";""
"26/11/2025";"1800";"";"";"";"";"";"";"";"";"";"";"";"";"";"";"";"";""
"26/11/2025";"1900";"";"";"";"";"";"";"";"";"";"";"";"";"";"";"";"";""
"26/11/2025";"2000";"";"";"";"";"";"";"";"";"";"";"";"";"";"";"";"";""
"26/11/2025";"2100";"";"";"";"";"";"";"";"";"";"";"";"";"";"";"";"";""
"26/11/2025";"2200";"";"";"";"";"";"";"";"";"";"";"";"";"";"";"";"";""
"26/11/2025";"2300";"";"";"";"";"";"";"";"";"";"";"";"";"";"";"";"";""
"27/11/2025";"0000";"";"";"";"";"";"";"";"";"";"";"";"";"";"";"";"";""
"27/11/2025";"0100";"";"";"";"";"";"";"";"";"";"";"";"";"";"";"";"";""
"27/11/2025";"0200";"";"";"";"";"";"";"";"";"";"";"";"";"";"";"";"";""
"27/11/2025";"0300";"";"";"";"";"";"";"";"";"";"";"";"";"";"";"";"";""
"27/11/2025";"0400";"";"";"";"";"";"";"";"";"";"";"";"";"";"";"";"";""
"27/11/2025";"0500";"";"";"";"";"";"";"";"";"";"";"";"";"";"";"";"";""
"27/11/2025";"0600";"";"";"";"";"";"";"";"";"";"";"";"";"";"";"";"";""
"27/11/2025";"0700";"";"";"";"";"";"";"";"";"";"";"";"";"";"";"";"";""
"27/11/2025";"0800";"";"";"";"";"";"";"";"";"";"";"";"";"";"";"";"";""
"27/11/2025";"0900";"";"";"";"";"";"";"";"";"";"";"";"";"";"";"";"";""
"27/11/2025";"1000";"";"";"";"";"";"";"";"";"";"";"";"";"";"";"";"";""
"27/11/2025";"1100";"";"";"";"";"";"";"";"";"";"";"";"";"";"";"";"";""
"27/11/2025";"1200";"";"";"";"";"";"";"";"";"";"";"";"";"";"";"";"";""
"27/11/2025";"1300";"";"";"";"";"";"";"";"";"";"";"";"";"";"";"";"";""
"27/11/2025";"1400";"";"";"";"";"";"";"";"";"";"";"";"";"";"";"";"";""
"27/11/2025";"1500";"";"";"";"";"";"";"";"";"";"";"";"";"";"";"";"";""
"27/11/2025";"1600";"";"";"";"";"";"";"";"";"";"";"";"";"";"";"";"";""
"27/11/2025";"1700";"";"";"";"";"";"";"";"";"";"";"";"";"";"";"";"";""
"27/11/2025";"1800";"";"";"";"";"";"";"";"";"";"";"";"";"";"";"";"";""
"27/11/2025";"1900";"";"";"";"";"";"";"";"";"";"";"";"";"";"";"";"";""
"27/11/2025";"2000";"";"";"";"";"";"";"";"";"";"";"";"";"";"";"";"";""
"27/11/2025";"2100";"";"";"";"";"";"";"";"";"";"";"";"";"";"";"";"";""
"27/11/2025";"2200";"";"";"";"";"";"";"";"";"";"";"";"";"";"";"";"";""
"27/11/2025";"2300";"";"";"";"";"";"";"";"";"";"";"";"";"";"";"";"";""
"28/11/2025";"0000";"";"";"";"";"";"";"";"";"";"";"";"";"";"";"";"";""
"28/11/2025";"0100";"";"";"";"";"";"";"";"";"";"";"";"";"";"";"";"";""
"28/11/2025";"0200";"";"";"";"";"";"";"";"";"";"";"";"";"";"";"";"";""
"28/11/2025";"0300";"";"";"";"";"";"";"";"";"";"";"";"";"";"";"";"";""
"28/11/2025";"0400";"";"";"";"";"";"";"";"";"";"";"";"";"";"";"";"";""
"28/11/2025";"0500";"";"";"";"";"";"";"";"";"";"";"";"";"";"";"";"";""
"28/11/2025";"0600";"";"";"";"";"";"";"";"";"";"";"";"";"";"";"";"";""
"28/11/2025";"0700";"";"";"";"";"";"";"";"";"";"";"";"";"";"";"";"";""
"28/11/2025";"0800";"";"";"";"";"";"";"";"";"";"";"";"";"";"";"";"";""
"28/11/2025";"0900";"";"";"";"";"";"";"";"";"";"";"";"";"";"";"";"";""
"28/11/2025";"1000";"";"";"";"";"";"";"";"";"";"";"";"";"";"";"";"";""
"28/11/2025";"1100";"";"";"";"";"";"";"";"";"";"";"";"";"";"";"";"";""
"28/11/2025";"1200";"";"";"";"";"";"";"";"";"";"";"";"";"";"";"";"";""
"28/11/2025";"1300";"";"";"";"";"";"";"";"";"";"";"";"";"";"";"";"";""
"28/11/2025";"1400";"";"";"";"";"";"";"";"";"";"";"";"";"";"";"";"";""
"28/11/2025";"1500";"";"";"";"";"";"";"";"";"";"";"";"";"";"";"";"";""
"28/11/2025";"1600";"";"";"";"";"";"";"";"";"";"";"";"";"";"";"";"";""
"28/11/2025";"1700";"";"";"";"";"";"";"";"";"";"";"";"";"";"";"";"";""
"28/11/2025";"1800";"";"";"";"";"";"";"";"";"";"";"";"";"";"";"";"";""
"28/11/2025";"1900";"";"";"";"";"";"";"";"";"";"";"";"";"";"";"";"";""
"28/11/2025";"2000";"";"";"";"";"";"";"";"";"";"";"";"";"";"";"";"";""
"28/11/2025";"2100";"";"";"";"";"";"";"";"";"";"";"";"";"";"";"";"";""
"28/11/2025";"2200";"";"";"";"";"";"";"";"";"";"";"";"";"";"";"";"";""
"28/11/2025";"2300";"";"";"";"";"";"";"";"";"";"";"";"";"";"";"";"";""
"29/11/2025";"0000";"";"";"";"";"";"";"";"";"";"";"";"";"";"";"";"";""
"29/11/2025";"0100";"";"";"";"";"";"";"";"";"";"";"";"";"";"";"";"";""
"29/11/2025";"0200";"";"";"";"";"";"";"";"";"";"";"";"";"";"";"";"";""
"29/11/2025";"0300";"";"";"";"";"";"";"";"";"";"";"";"";"";"";"";"";""
"29/11/2025";"0400";"";"";"";"";"";"";"";"";"";"";"";"";"";"";"";"";""
"29/11/2025";"0500";"";"";"";"";"";"";"";"";"";"";"";"";"";"";"";"";""
"29/11/2025";"0600";"";"";"";"";"";"";"";"";"";"";"";"";"";"";"";"";""
"29/11/2025";"0700";"";"";"";"";"";"";"";"";"";"";"";"";"";"";"";"";""
"29/11/2025";"0800";"";"";"";"";"";"";"";"";"";"";"";"";"";"";"";"";""
"29/11/2025";"0900";"";"";"";"";"";"";"";"";"";"";"";"";"";"";"";"";""
"29/11/2025";"1000";"";"";"";"";"";"";"";"";"";"";"";"";"";"";"";"";""
"29/11/2025";"1100";"";"";"";"";"";"";"";"";"";"";"";"";"";"";"";"";""
"29/11/2025";"1200";"";"";"";"";"";"";"";"";"";"";"";"";"";"";"";"";""
"29/11/2025";"1300";"";"";"";"";"";"";"";"";"";"";"";"";"";"";"";"";""
"29/11/2025";"1400";"";"";"";"";"";"";"";"";"";"";"";"";"";"";"";"";""
"29/11/2025";"1500";"";"";"";"";"";"";"";"";"";"";"";"";"";"";"";"";""
"29/11/2025";"1600";"";"";"";"";"";"";"";"";"";"";"";"";"";"";"";"";""
"29/11/2025";"1700";"";"";"";"";"";"";"";"";"";"";"";"";"";"";"";"";""
"29/11/2025";"1800";"";"";"";"";"";"";"";"";"";"";"";"";"";"";"";"";""
"29/11/2025";"1900";"";"";"";"";"";"";"";"";"";"";"";"";"";"";"";"";""
"29/11/2025";"2000";"";"";"";"";"";"";"";"";"";"";"";"";"";"";"";"";""
"29/11/2025";"2100";"";"";"";"";"";"";"";"";"";"";"";"";"";"";"";"";""
"29/11/2025";"2200";"";"";"";"";"";"";"";"";"";"";"";"";"";"";"";"";""
"29/11/2025";"2300";"";"";"";"";"";"";"";"";"";"";"";"";"";"";"";"";""
"30/11/2025";"0000";"";"";"";"";"";"";"";"";"";"";"";"";"";"";"";"";""
"30/11/2025";"0100";"";"";"";"";"";"";"";"";"";"";"";"";"";"";"";"";""
"30/11/2025";"0200";"";"";"";"";"";"";"";"";"";"";"";"";"";"";"";"";""
"30/11/2025";"0300";"";"";"";"";"";"";"";"";"";"";"";"";"";"";"";"";""
"30/11/2025";"0400";"";"";"";"";"";"";"";"";"";"";"";"";"";"";"";"";""
"30/11/2025";"0500";"";"";"";"";"";"";"";"";"";"";"";"";"";"";"";"";""
"30/11/2025";"0600";"";"";"";"";"";"";"";"";"";"";"";"";"";"";"";"";""
"30/11/2025";"0700";"";"";"";"";"";"";"";"";"";"";"";"";"";"";"";"";""
"30/11/2025";"0800";"";"";"";"";"";"";"";"";"";"";"";"";"";"";"";"";""
"30/11/2025";"0900";"";"";"";"";"";"";"";"";"";"";"";"";"";"";"";"";""
"30/11/2025";"1000";"";"";"";"";"";"";"";"";"";"";"";"";"";"";"";"";""
"30/11/2025";"1100";"";"";"";"";"";"";"";"";"";"";"";"";"";"";"";"";""
"30/11/2025";"1200";"";"";"";"";"";"";"";"";"";"";"";"";"";"";"";"";""
"30/11/2025";"1300";"";"";"";"";"";"";"";"";"";"";"";"";"";"";"";"";""
"30/11/2025";"1400";"";"";"";"";"";"";"";"";"";"";"";"";"";"";"";"";""
"30/11/2025";"1500";"";"";"";"";"";"";"";"";"";"";"";"";"";"";"";"";""
"30/11/2025";"1600";"";"";"";"";"";"";"";"";"";"";"";"";"";"";"";"";""
"30/11/2025";"1700";"";"";"";"";"";"";"";"";"";"";"";"";"";"";"";"";""
"30/11/2025";"1800";"";"";"";"";"";"";"";"";"";"";"";"";"";"";"";"";""
"30/11/2025";"1900";"";"";"";"";"";"";"";"";"";"";"";"";"";"";"";"";""
"30/11/2025";"2000";"";"";"";"";"";"";"";"";"";"";"";"";"";"";"";"";""
"30/11/2025";"2100";"";"";"";"";"";"";"";"";"";"";"";"";"";"";"";"";""
"30/11/2025";"2200";"";"";"";"";"";"";"";"";"";"";"";"";"";"";"";"";""
"30/11/2025";"2300";"";"";"";"";"";"";"";"";"";"";"";"";"";"";"";"";""
"01/12/2025";"0000";"";"";"";"";"";"";"";"";"";"";"";"";"";"";"";"";""
"01/12/2025";"0100";"";"";"";"";"";"";"";"";"";"";"";"";"";"";"";"";""
"01/12/2025";"0200";"";"";"";"";"";"";"";"";"";"";"";"";"";"";"";"";""
"01/12/2025";"0300";"";"";"";"";"";"";"";"";"";"";"";"";"";"";"";"";""
"01/12/2025";"0400";"";"";"";"";"";"";"";"";"";"";"";"";"";"";"";"";""
"01/12/2025";"0500";"";"";"";"";"";"";"";"";"";"";"";"";"";"";"";"";""
"01/12/2025";"0600";"";"";"";"";"";"";"";"";"";"";"";"";"";"";"";"";""
"01/12/2025";"0700";"";"";"";"";"";"";"";"";"";"";"";"";"";"";"";"";""
"01/12/2025";"0800";"";"";"";"";"";"";"";"";"";"";"";"";"";"";"";"";""
"01/12/2025";"0900";"";"";"";"";"";"";"";"";"";"";"";"";"";"";"";"";""
"01/12/2025";"1000";"";"";"";"";"";"";"";"";"";"";"";"";"";"";"";"";""
"01/12/2025";"1100";"";"";"";"";"";"";"";"";"";"";"";"";"";"";"";"";""
"01/12/2025";"1200";"";"";"";"";"";"";"";"";"";"";"";"";"";"";"";"";""
"01/12/2025";"1300";"";"";"";"";"";"";"";"";"";"";"";"";"";"";"";"";""
"01/12/2025";"1400";"";"";"";"";"";"";"";"";"";"";"";"";"";"";"";"";""
"01/12/2025";"1500";"";"";"";"";"";"";"";"";"";"";"";"";"";"";"";"";""
"01/12/2025";"1600";"";"";"";"";"";"";"";"";"";"";"";"";"";"";"";"";""
"01/12/2025";"1700";"";"";"";"";"";"";"";"";"";"";"";"";"";"";"";"";""
"01/12/2025";"1800";"";"";"";"";"";"";"";"";"";"";"";"";"";"";"";"";""
"01/12/2025";"1900";"";"";"";"";"";"";"";"";"";"";"";"";"";"";"";"";""
"01/12/2025";"2000";"";"";"";"";"";"";"";"";"";"";"";"";"";"";"";"";""
"01/12/2025";"2100";"";"";"";"";"";"";"";"";"";"";"";"";"";"";"";"";""
"01/12/2025";"2200";"";"";"";"";"";"";"";"";"";"";"";"";"";"";"";"";""
"01/12/2025";"2300";"";"";"";"";"";"";"";"";"";"";"";"";"";"";"";"";""
"02/12/2025";"0000";"";"";"";"";"";"";"";"";"";"";"";"";"";"";"";"";""
"02/12/2025";"0100";"";"";"";"";"";"";"";"";"";"";"";"";"";"";"";"";""
"02/12/2025";"0200";"";"";"";"";"";"";"";"";"";"";"";"";"";"";"";"";""
"02/12/2025";"0300";"";"";"";"";"";"";"";"";"";"";"";"";"";"";"";"";""
"02/12/2025";"0400";"";"";"";"";"";"";"";"";"";"";"";"";"";"";"";"";""
"02/12/2025";"0500";"";"";"";"";"";"";"";"";"";"";"";"";"";"";"";"";""
"02/12/2025";"0600";"";"";"";"";"";"";"";"";"";"";"";"";"";"";"";"";""
"02/12/2025";"0700";"";"";"";"";"";"";"";"";"";"";"";"";"";"";"";"";""
"02/12/2025";"0800";"";"";"";"";"";"";"";"";"";"";"";"";"";"";"";"";""
"02/12/2025";"0900";"";"";"";"";"";"";"";"";"";"";"";"";"";"";"";"";""
"02/12/2025";"1000";"";"";"";"";"";"";"";"";"";"";"";"";"";"";"";"";""
"02/12/2025";"1100";"";"";"";"";"";"";"";"";"";"";"";"";"";"";"";"";""
"02/12/2025";"1200";"";"";"";"";"";"";"";"";"";"";"";"";"";"";"";"";""
"02/12/2025";"1300";"";"";"";"";"";"";"";"";"";"";"";"";"";"";"";"";""
"02/12/2025";"1400";"";"";"";"";"";"";"";"";"";"";"";"";"";"";"";"";""
"02/12/2025";"1500";"";"";"";"";"";"";"";"";"";"";"";"";"";"";"";"";""
"02/12/2025";"1600";"";"";"";"";"";"";"";"";"";"";"";"";"";"";"";"";""
"02/12/2025";"1700";"";"";"";"";"";"";"";"";"";"";"";"";"";"";"";"";""
"02/12/2025";"1800";"";"";"";"";"";"";"";"";"";"";"";"";"";"";"";"";""
"02/12/2025";"1900";"";"";"";"";"";"";"";"";"";"";"";"";"";"";"";"";""
"02/12/2025";"2000";"";"";"";"";"";"";"";"";"";"";"";"";"";"";"";"";""
"02/12/2025";"2100";"";"";"";"";"";"";"";"";"";"";"";"";"";"";"";"";""
"02/12/2025";"2200";"";"";"";"";"";"";"";"";"";"";"";"";"";"";"";"";""
"02/12/2025";"2300";"";"";"";"";"";"";"";"";"";"";"";"";"";"";"";"";""
"03/12/2025";"0000";"";"";"";"";"";"";"";"";"";"";"";"";"";"";"";"";""
"03/12/2025";"0100";"";"";"";"";"";"";"";"";"";"";"";"";"";"";"";"";""
"03/12/2025";"0200";"";"";"";"";"";"";"";"";"";"";"";"";"";"";"";"";""
"03/12/2025";"0300";"";"";"";"";"";"";"";"";"";"";"";"";"";"";"";"";""
"03/12/2025";"0400";"";"";"";"";"";"";"";"";"";"";"";"";"";"";"";"";""
"03/12/2025";"0500";"";"";"";"";"";"";"";"";"";"";"";"";"";"";"";"";""
"03/12/2025";"0600";"";"";"";"";"";"";"";"";"";"";"";"";"";"";"";"";""
"03/12/2025";"0700";"";"";"";"";"";"";"";"";"";"";"";"";"";"";"";"";""
"03/12/2025";"0800";"";"";"";"";"";"";"";"";"";"";"";"";"";"";"";"";""
"03/12/2025";"0900";"";"";"";"";"";"";"";"";"";"";"";"";"";"";"";"";""
"03/12/2025";"1000";"";"";"";"";"";"";"";"";"";"";"";"";"";"";"";"";""
"03/12/2025";"1100";"";"";"";"";"";"";"";"";"";"";"";"";"";"";"";"";""
"03/12/2025";"1200";"";"";"";"";"";"";"";"";"";"";"";"";"";"";"";"";""
"03/12/2025";"1300";"";"";"";"";"";"";"";"";"";"";"";"";"";"";"";"";""
"03/12/2025";"1400";"";"";"";"";"";"";"";"";"";"";"";"";"";"";"";"";""
"03/12/2025";"1500";"";"";"";"";"";"";"";"";"";"";"";"";"";"";"";"";""
"03/12/2025";"1600";"";"";"";"";"";"";"";"";"";"";"";"";"";"";"";"";""
"03/12/2025";"1700";"";"";"";"";"";"";"";"";"";"";"";"";"";"";"";"";""
"03/12/2025";"1800";"";"";"";"";"";"";"";"";"";"";"";"";"";"";"";"";""
"03/12/2025";"1900";"";"";"";"";"";"";"";"";"";"";"";"";"";"";"";"";""
"03/12/2025";"2000";"";"";"";"";"";"";"";"";"";"";"";"";"";"";"";"";""
"03/12/2025";"2100";"";"";"";"";"";"";"";"";"";"";"";"";"";"";"";"";""
"03/12/2025";"2200";"";"";"";"";"";"";"";"";"";"";"";"";"";"";"";"";""
"03/12/2025";"2300";"";"";"";"";"";"";"";"";"";"";"";"";"";"";"";"";""
"04/12/2025";"0000";"";"";"";"";"";"";"";"";"";"";"";"";"";"";"";"";""
"04/12/2025";"0100";"";"";"";"";"";"";"";"";"";"";"";"";"";"";"";"";""
"04/12/2025";"0200";"";"";"";"";"";"";"";"";"";"";"";"";"";"";"";"";""
"04/12/2025";"0300";"";"";"";"";"";"";"";"";"";"";"";"";"";"";"";"";""
"04/12/2025";"0400";"";"";"";"";"";"";"";"";"";"";"";"";"";"";"";"";""
"04/12/2025";"0500";"";"";"";"";"";"";"";"";"";"";"";"";"";"";"";"";""
"04/12/2025";"0600";"";"";"";"";"";"";"";"";"";"";"";"";"";"";"";"";""
"04/12/2025";"0700";"";"";"";"";"";"";"";"";"";"";"";"";"";"";"";"";""
"04/12/2025";"0800";"";"";"";"";"";"";"";"";"";"";"";"";"";"";"";"";""
"04/12/2025";"0900";"";"";"";"";"";"";"";"";"";"";"";"";"";"";"";"";""
"04/12/2025";"1000";"";"";"";"";"";"";"";"";"";"";"";"";"";"";"";"";""
"04/12/2025";"1100";"";"";"";"";"";"";"";"";"";"";"";"";"";"";"";"";""
"04/12/2025";"1200";"";"";"";"";"";"";"";"";"";"";"";"";"";"";"";"";""
"04/12/2025";"1300";"";"";"";"";"";"";"";"";"";"";"";"";"";"";"";"";""
"04/12/2025";"1400";"";"";"";"";"";"";"";"";"";"";"";"";"";"";"";"";""
"04/12/2025";"1500";"";"";"";"";"";"";"";"";"";"";"";"";"";"";"";"";""
"04/12/2025";"1600";"";"";"";"";"";"";"";"";"";"";"";"";"";"";"";"";""
"04/12/2025";"1700";"";"";"";"";"";"";"";"";"";"";"";"";"";"";"";"";""
"04/12/2025";"1800";"";"";"";"";"";"";"";"";"";"";"";"";"";"";"";"";""
"04/12/2025";"1900";"";"";"";"";"";"";"";"";"";"";"";"";"";"";"";"";""
"04/12/2025";"2000";"";"";"";"";"";"";"";"";"";"";"";"";"";"";"";"";""
"04/12/2025";"2100";"";"";"";"";"";"";"";"";"";"";"";"";"";"";"";"";""
"04/12/2025";"2200";"";"";"";"";"";"";"";"";"";"";"";"";"";"";"";"";""
"04/12/2025";"2300";"";"";"";"";"";"";"";"";"";"";"";"";"";"";"";"";""
"05/12/2025";"0000";"";"";"";"";"";"";"";"";"";"";"";"";"";"";"";"";""
"05/12/2025";"0100";"";"";"";"";"";"";"";"";"";"";"";"";"";"";"";"";""
"05/12/2025";"0200";"";"";"";"";"";"";"";"";"";"";"";"";"";"";"";"";""
"05/12/2025";"0300";"";"";"";"";"";"";"";"";"";"";"";"";"";"";"";"";""
"05/12/2025";"0400";"";"";"";"";"";"";"";"";"";"";"";"";"";"";"";"";""
"05/12/2025";"0500";"";"";"";"";"";"";"";"";"";"";"";"";"";"";"";"";""
"05/12/2025";"0600";"";"";"";"";"";"";"";"";"";"";"";"";"";"";"";"";""
"05/12/2025";"0700";"";"";"";"";"";"";"";"";"";"";"";"";"";"";"";"";""
"05/12/2025";"0800";"";"";"";"";"";"";"";"";"";"";"";"";"";"";"";"";""
"05/12/2025";"0900";"";"";"";"";"";"";"";"";"";"";"";"";"";"";"";"";""
"05/12/2025";"1000";"";"";"";"";"";"";"";"";"";"";"";"";"";"";"";"";""
"05/12/2025";"1100";"";"";"";"";"";"";"";"";"";"";"";"";"";"";"";"";""
"05/12/2025";"1200";"";"";"";"";"";"";"";"";"";"";"";"";"";"";"";"";""
"05/12/2025";"1300";"";"";"";"";"";"";"";"";"";"";"";"";"";"";"";"";""
"05/12/2025";"1400";"";"";"";"";"";"";"";"";"";"";"";"";"";"";"";"";""
"05/12/2025";"1500";"";"";"";"";"";"";"";"";"";"";"";"";"";"";"";"";""
"05/12/2025";"1600";"";"";"";"";"";"";"";"";"";"";"";"";"";"";"";"";""
"05/12/2025";"1700";"";"";"";"";"";"";"";"";"";"";"";"";"";"";"";"";""
"05/12/2025";"1800";"";"";"";"";"";"";"";"";"";"";"";"";"";"";"";"";""
"05/12/2025";"1900";"";"";"";"";"";"";"";"";"";"";"";"";"";"";"";"";""
"05/12/2025";"2000";"";"";"";"";"";"";"";"";"";"";"";"";"";"";"";"";""
"05/12/2025";"2100";"";"";"";"";"";"";"";"";"";"";"";"";"";"";"";"";""
"05/12/2025";"2200";"";"";"";"";"";"";"";"";"";"";"";"";"";"";"";"";""
"05/12/2025";"2300";"";"";"";"";"";"";"";"";"";"";"";"";"";"";"";"";""
"06/12/2025";"0000";"";"";"";"";"";"";"";"";"";"";"";"";"";"";"";"";""
"06/12/2025";"0100";"";"";"";"";"";"";"";"";"";"";"";"";"";"";"";"";""
"06/12/2025";"0200";"";"";"";"";"";"";"";"";"";"";"";"";"";"";"";"";""
"06/12/2025";"0300";"";"";"";"";"";"";"";"";"";"";"";"";"";"";"";"";""
"06/12/2025";"0400";"";"";"";"";"";"";"";"";"";"";"";"";"";"";"";"";""
"06/12/2025";"0500";"";"";"";"";"";"";"";"";"";"";"";"";"";"";"";"";""
"06/12/2025";"0600";"";"";"";"";"";"";"";"";"";"";"";"";"";"";"";"";""
"06/12/2025";"0700";"";"";"";"";"";"";"";"";"";"";"";"";"";"";"";"";""
"06/12/2025";"0800";"";"";"";"";"";"";"";"";"";"";"";"";"";"";"";"";""
"06/12/2025";"0900";"";"";"";"";"";"";"";"";"";"";"";"";"";"";"";"";""
"06/12/2025";"1000";"";"";"";"";"";"";"";"";"";"";"";"";"";"";"";"";""
"06/12/2025";"1100";"";"";"";"";"";"";"";"";"";"";"";"";"";"";"";"";""
"06/12/2025";"1200";"";"";"";"";"";"";"";"";"";"";"";"";"";"";"";"";""
"06/12/2025";"1300";"";"";"";"";"";"";"";"";"";"";"";"";"";"";"";"";""
"06/12/2025";"1400";"";"";"";"";"";"";"";"";"";"";"";"";"";"";"";"";""
"06/12/2025";"1500";"";"";"";"";"";"";"";"";"";"";"";"";"";"";"";"";""
"06/12/2025";"1600";"";"";"";"";"";"";"";"";"";"";"";"";"";"";"";"";""
"06/12/2025";"1700";"";"";"";"";"";"";"";"";"";"";"";"";"";"";"";"";""
"06/12/2025";"1800";"";"";"";"";"";"";"";"";"";"";"";"";"";"";"";"";""
"06/12/2025";"1900";"";"";"";"";"";"";"";"";"";"";"";"";"";"";"";"";""
"06/12/2025";"2000";"";"";"";"";"";"";"";"";"";"";"";"";"";"";"";"";""
"06/12/2025";"2100";"";"";"";"";"";"";"";"";"";"";"";"";"";"";"";"";""
"06/12/2025";"2200";"";"";"";"";"";"";"";"";"";"";"";"";"";"";"";"";""
"06/12/2025";"2300";"";"";"";"";"";"";"";"";"";"";"";"";"";"";"";"";""
"07/12/2025";"0000";"";"";"";"";"";"";"";"";"";"";"";"";"";"";"";"";""
"07/12/2025";"0100";"";"";"";"";"";"";"";"";"";"";"";"";"";"";"";"";""
"07/12/2025";"0200";"";"";"";"";"";"";"";"";"";"";"";"";"";"";"";"";""
"07/12/2025";"0300";"";"";"";"";"";"";"";"";"";"";"";"";"";"";"";"";""
"07/12/2025";"0400";"";"";"";"";"";"";"";"";"";"";"";"";"";"";"";"";""
"07/12/2025";"0500";"";"";"";"";"";"";"";"";"";"";"";"";"";"";"";"";""
"07/12/2025";"0600";"";"";"";"";"";"";"";"";"";"";"";"";"";"";"";"";""
"07/12/2025";"0700";"";"";"";"";"";"";"";"";"";"";"";"";"";"";"";"";""
"07/12/2025";"0800";"";"";"";"";"";"";"";"";"";"";"";"";"";"";"";"";""
"07/12/2025";"0900";"";"";"";"";"";"";"";"";"";"";"";"";"";"";"";"";""
"07/12/2025";"1000";"";"";"";"";"";"";"";"";"";"";"";"";"";"";"";"";""
"07/12/2025";"1100";"";"";"";"";"";"";"";"";"";"";"";"";"";"";"";"";""
"07/12/2025";"1200";"";"";"";"";"";"";"";"";"";"";"";"";"";"";"";"";""
"07/12/2025";"1300";"";"";"";"";"";"";"";"";"";"";"";"";"";"";"";"";""
"07/12/2025";"1400";"";"";"";"";"";"";"";"";"";"";"";"";"";"";"";"";""
"07/12/2025";"1500";"";"";"";"";"";"";"";"";"";"";"";"";"";"";"";"";""
"07/12/2025";"1600";"";"";"";"";"";"";"";"";"";"";"";"";"";"";"";"";""
"07/12/2025";"1700";"";"";"";"";"";"";"";"";"";"";"";"";"";"";"";"";""
"07/12/2025";"1800";"";"";"";"";"";"";"";"";"";"";"";"";"";"";"";"";""
"07/12/2025";"1900";"";"";"";"";"";"";"";"";"";"";"";"";"";"";"";"";""
"07/12/2025";"2000";"";"";"";"";"";"";"";"";"";"";"";"";"";"";"";"";""
"07/12/2025";"2100";"";"";"";"";"";"";"";"";"";"";"";"";"";"";"";"";""
"07/12/2025";"2200";"";"";"";"";"";"";"";"";"";"";"";"";"";"";"";"";""
"07/12/2025";"2300";"";"";"";"";"";"";"";"";"";"";"";"";"";"";"";"";""
"08/12/2025";"0000";"";"";"";"";"";"";"";"";"";"";"";"";"";"";"";"";""
"08/12/2025";"0100";"";"";"";"";"";"";"";"";"";"";"";"";"";"";"";"";""
"08/12/2025";"0200";"";"";"";"";"";"";"";"";"";"";"";"";"";"";"";"";""
"08/12/2025";"0300";"";"";"";"";"";"";"";"";"";"";"";"";"";"";"";"";""
"08/12/2025";"0400";"";"";"";"";"";"";"";"";"";"";"";"";"";"";"";"";""
"08/12/2025";"0500";"";"";"";"";"";"";"";"";"";"";"";"";"";"";"";"";""
"08/12/2025";"0600";"";"";"";"";"";"";"";"";"";"";"";"";"";"";"";"";""
"08/12/2025";"0700";"";"";"";"";"";"";"";"";"";"";"";"";"";"";"";"";""
"08/12/2025";"0800";"";"";"";"";"";"";"";"";"";"";"";"";"";"";"";"";""
"08/12/2025";"0900";"";"";"";"";"";"";"";"";"";"";"";"";"";"";"";"";""
"08/12/2025";"1000";"";"";"";"";"";"";"";"";"";"";"";"";"";"";"";"";""
"08/12/2025";"1100";"";"";"";"";"";"";"";"";"";"";"";"";"";"";"";"";""
"08/12/2025";"1200";"";"";"";"";"";"";"";"";"";"";"";"";"";"";"";"";""
"08/12/2025";"1300";"";"";"";"";"";"";"";"";"";"";"";"";"";"";"";"";""
"08/12/2025";"1400";"";"";"";"";"";"";"";"";"";"";"";"";"";"";"";"";""
"08/12/2025";"1500";"";"";"";"";"";"";"";"";"";"";"";"";"";"";"";"";""
"08/12/2025";"1600";"";"";"";"";"";"";"";"";"";"";"";"";"";"";"";"";""
"08/12/2025";"1700";"";"";"";"";"";"";"";"";"";"";"";"";"";"";"";"";""
"08/12/2025";"1800";"";"";"";"";"";"";"";"";"";"";"";"";"";"";"";"";""
"08/12/2025";"1900";"";"";"";"";"";"";"";"";"";"";"";"";"";"";"";"";""
"08/12/2025";"2000";"";"";"";"";"";"";"";"";"";"";"";"";"";"";"";"";""
"08/12/2025";"2100";"";"";"";"";"";"";"";"";"";"";"";"";"";"";"";"";""
"08/12/2025";"2200";"";"";"";"";"";"";"";"";"";"";"";"";"";"";"";"";""
"08/12/2025";"2300";"";"";"";"";"";"";"";"";"";"";"";"";"";"";"";"";""
"09/12/2025";"0000";"";"";"";"";"";"";"";"";"";"";"";"";"";"";"";"";""
"09/12/2025";"0100";"";"";"";"";"";"";"";"";"";"";"";"";"";"";"";"";""
"09/12/2025";"0200";"";"";"";"";"";"";"";"";"";"";"";"";"";"";"";"";""
"09/12/2025";"0300";"";"";"";"";"";"";"";"";"";"";"";"";"";"";"";"";""
"09/12/2025";"0400";"";"";"";"";"";"";"";"";"";"";"";"";"";"";"";"";""
"09/12/2025";"0500";"";"";"";"";"";"";"";"";"";"";"";"";"";"";"";"";""
"09/12/2025";"0600";"";"";"";"";"";"";"";"";"";"";"";"";"";"";"";"";""
"09/12/2025";"0700";"";"";"";"";"";"";"";"";"";"";"";"";"";"";"";"";""
"09/12/2025";"0800";"";"";"";"";"";"";"";"";"";"";"";"";"";"";"";"";""
"09/12/2025";"0900";"";"";"";"";"";"";"";"";"";"";"";"";"";"";"";"";""
"09/12/2025";"1000";"";"";"";"";"";"";"";"";"";"";"";"";"";"";"";"";""
"09/12/2025";"1100";"";"";"";"";"";"";"";"";"";"";"";"";"";"";"";"";""
"09/12/2025";"1200";"";"";"";"";"";"";"";"";"";"";"";"";"";"";"";"";""
"09/12/2025";"1300";"";"";"";"";"";"";"";"";"";"";"";"";"";"";"";"";""
"09/12/2025";"1400";"";"";"";"";"";"";"";"";"";"";"";"";"";"";"";"";""
"09/12/2025";"1500";"";"";"";"";"";"";"";"";"";"";"";"";"";"";"";"";""
"09/12/2025";"1600";"";"";"";"";"";"";"";"";"";"";"";"";"";"";"";"";""
"09/12/2025";"1700";"";"";"";"";"";"";"";"";"";"";"";"";"";"";"";"";""
"09/12/2025";"1800";"";"";"";"";"";"";"";"";"";"";"";"";"";"";"";"";""
"09/12/2025";"1900";"";"";"";"";"";"";"";"";"";"";"";"";"";"";"";"";""
"09/12/2025";"2000";"";"";"";"";"";"";"";"";"";"";"";"";"";"";"";"";""
"09/12/2025";"2100";"";"";"";"";"";"";"";"";"";"";"";"";"";"";"";"";""
"09/12/2025";"2200";"";"";"";"";"";"";"";"";"";"";"";"";"";"";"";"";""
"09/12/2025";"2300";"";"";"";"";"";"";"";"";"";"";"";"";"";"";"";"";""
"10/12/2025";"0000";"";"";"";"";"";"";"";"";"";"";"";"";"";"";"";"";""
"10/12/2025";"0100";"";"";"";"";"";"";"";"";"";"";"";"";"";"";"";"";""
"10/12/2025";"0200";"";"";"";"";"";"";"";"";"";"";"";"";"";"";"";"";""
"10/12/2025";"0300";"";"";"";"";"";"";"";"";"";"";"";"";"";"";"";"";""
"10/12/2025";"0400";"";"";"";"";"";"";"";"";"";"";"";"";"";"";"";"";""
"10/12/2025";"0500";"";"";"";"";"";"";"";"";"";"";"";"";"";"";"";"";""
"10/12/2025";"0600";"";"";"";"";"";"";"";"";"";"";"";"";"";"";"";"";""
"10/12/2025";"0700";"";"";"";"";"";"";"";"";"";"";"";"";"";"";"";"";""
"10/12/2025";"0800";"";"";"";"";"";"";"";"";"";"";"";"";"";"";"";"";""
"10/12/2025";"0900";"";"";"";"";"";"";"";"";"";"";"";"";"";"";"";"";""
"10/12/2025";"1000";"";"";"";"";"";"";"";"";"";"";"";"";"";"";"";"";""
"10/12/2025";"1100";"";"";"";"";"";"";"";"";"";"";"";"";"";"";"";"";""
"10/12/2025";"1200";"";"";"";"";"";"";"";"";"";"";"";"";"";"";"";"";""
"10/12/2025";"1300";"";"";"";"";"";"";"";"";"";"";"";"";"";"";"";"";""
"10/12/2025";"1400";"";"";"";"";"";"";"";"";"";"";"";"";"";"";"";"";""
"10/12/2025";"1500";"";"";"";"";"";"";"";"";"";"";"";"";"";"";"";"";""
"10/12/2025";"1600";"";"";"";"";"";"";"";"";"";"";"";"";"";"";"";"";""
"10/12/2025";"1700";"";"";"";"";"";"";"";"";"";"";"";"";"";"";"";"";""
"10/12/2025";"1800";"";"";"";"";"";"";"";"";"";"";"";"";"";"";"";"";""
"10/12/2025";"1900";"";"";"";"";"";"";"";"";"";"";"";"";"";"";"";"";""
"10/12/2025";"2000";"";"";"";"";"";"";"";"";"";"";"";"";"";"";"";"";""
"10/12/2025";"2100";"";"";"";"";"";"";"";"";"";"";"";"";"";"";"";"";""
"10/12/2025";"2200";"";"";"";"";"";"";"";"";"";"";"";"";"";"";"";"";""
"10/12/2025";"2300";"";"";"";"";"";"";"";"";"";"";"";"";"";"";"";"";""
"11/12/2025";"0000";"";"";"";"";"";"";"";"";"";"";"";"";"";"";"";"";""
"11/12/2025";"0100";"";"";"";"";"";"";"";"";"";"";"";"";"";"";"";"";""
"11/12/2025";"0200";"";"";"";"";"";"";"";"";"";"";"";"";"";"";"";"";""
"11/12/2025";"0300";"";"";"";"";"";"";"";"";"";"";"";"";"";"";"";"";""
"11/12/2025";"0400";"";"";"";"";"";"";"";"";"";"";"";"";"";"";"";"";""
"11/12/2025";"0500";"";"";"";"";"";"";"";"";"";"";"";"";"";"";"";"";""
"11/12/2025";"0600";"";"";"";"";"";"";"";"";"";"";"";"";"";"";"";"";""
"11/12/2025";"0700";"";"";"";"";"";"";"";"";"";"";"";"";"";"";"";"";""
"11/12/2025";"0800";"";"";"";"";"";"";"";"";"";"";"";"";"";"";"";"";""
"11/12/2025";"0900";"";"";"";"";"";"";"";"";"";"";"";"";"";"";"";"";""
"11/12/2025";"1000";"";"";"";"";"";"";"";"";"";"";"";"";"";"";"";"";""
"11/12/2025";"1100";"";"";"";"";"";"";"";"";"";"";"";"";"";"";"";"";""
"11/12/2025";"1200";"";"";"";"";"";"";"";"";"";"";"";"";"";"";"";"";""
"11/12/2025";"1300";"";"";"";"";"";"";"";"";"";"";"";"";"";"";"";"";""
"11/12/2025";"1400";"";"";"";"";"";"";"";"";"";"";"";"";"";"";"";"";""
"11/12/2025";"1500";"";"";"";"";"";"";"";"";"";"";"";"";"";"";"";"";""
"11/12/2025";"1600";"";"";"";"";"";"";"";"";"";"";"";"";"";"";"";"";""
"11/12/2025";"1700";"";"";"";"";"";"";"";"";"";"";"";"";"";"";"";"";""
"11/12/2025";"1800";"";"";"";"";"";"";"";"";"";"";"";"";"";"";"";"";""
"11/12/2025";"1900";"";"";"";"";"";"";"";"";"";"";"";"";"";"";"";"";""
"11/12/2025";"2000";"";"";"";"";"";"";"";"";"";"";"";"";"";"";"";"";""
"11/12/2025";"2100";"";"";"";"";"";"";"";"";"";"";"";"";"";"";"";"";""
"11/12/2025";"2200";"";"";"";"";"";"";"";"";"";"";"";"";"";"";"";"";""
"11/12/2025";"2300";"";"";"";"";"";"";"";"";"";"";"";"";"";"";"";"";""
"12/12/2025";"0000";"";"";"";"";"";"";"";"";"";"";"";"";"";"";"";"";""
"12/12/2025";"0100";"";"";"";"";"";"";"";"";"";"";"";"";"";"";"";"";""
"12/12/2025";"0200";"";"";"";"";"";"";"";"";"";"";"";"";"";"";"";"";""
"12/12/2025";"0300";"";"";"";"";"";"";"";"";"";"";"";"";"";"";"";"";""
"12/12/2025";"0400";"";"";"";"";"";"";"";"";"";"";"";"";"";"";"";"";""
"12/12/2025";"0500";"";"";"";"";"";"";"";"";"";"";"";"";"";"";"";"";""
"12/12/2025";"0600";"";"";"";"";"";"";"";"";"";"";"";"";"";"";"";"";""
"12/12/2025";"0700";"";"";"";"";"";"";"";"";"";"";"";"";"";"";"";"";""
"12/12/2025";"0800";"";"";"";"";"";"";"";"";"";"";"";"";"";"";"";"";""
"12/12/2025";"0900";"";"";"";"";"";"";"";"";"";"";"";"";"";"";"";"";""
"12/12/2025";"1000";"";"";"";"";"";"";"";"";"";"";"";"";"";"";"";"";""
"12/12/2025";"1100";"";"";"";"";"";"";"";"";"";"";"";"";"";"";"";"";""
"12/12/2025";"1200";"";"";"";"";"";"";"";"";"";"";"";"";"";"";"";"";""
"12/12/2025";"1300";"";"";"";"";"";"";"";"";"";"";"";"";"";"";"";"";""
"12/12/2025";"1400";"";"";"";"";"";"";"";"";"";"";"";"";"";"";"";"";""
"12/12/2025";"1500";"";"";"";"";"";"";"";"";"";"";"";"";"";"";"";"";""
"12/12/2025";"1600";"";"";"";"";"";"";"";"";"";"";"";"";"";"";"";"";""
"12/12/2025";"1700";"";"";"";"";"";"";"";"";"";"";"";"";"";"";"";"";""
"12/12/2025";"1800";"";"";"";"";"";"";"";"";"";"";"";"";"";"";"";"";""
"12/12/2025";"1900";"";"";"";"";"";"";"";"";"";"";"";"";"";"";"";"";""
"12/12/2025";"2000";"";"";"";"";"";"";"";"";"";"";"";"";"";"";"";"";""
"12/12/2025";"2100";"";"";"";"";"";"";"";"";"";"";"";"";"";"";"";"";""
"12/12/2025";"2200";"";"";"";"";"";"";"";"";"";"";"";"";"";"";"";"";""
"12/12/2025";"2300";"";"";"";"";"";"";"";"";"";"";"";"";"";"";"";"";""
"13/12/2025";"0000";"";"";"";"";"";"";"";"";"";"";"";"";"";"";"";"";""
"13/12/2025";"0100";"";"";"";"";"";"";"";"";"";"";"";"";"";"";"";"";""
"13/12/2025";"0200";"";"";"";"";"";"";"";"";"";"";"";"";"";"";"";"";""
"13/12/2025";"0300";"";"";"";"";"";"";"";"";"";"";"";"";"";"";"";"";""
"13/12/2025";"0400";"";"";"";"";"";"";"";"";"";"";"";"";"";"";"";"";""
"13/12/2025";"0500";"";"";"";"";"";"";"";"";"";"";"";"";"";"";"";"";""
"13/12/2025";"0600";"";"";"";"";"";"";"";"";"";"";"";"";"";"";"";"";""
"13/12/2025";"0700";"";"";"";"";"";"";"";"";"";"";"";"";"";"";"";"";""
"13/12/2025";"0800";"";"";"";"";"";"";"";"";"";"";"";"";"";"";"";"";""
"13/12/2025";"0900";"";"";"";"";"";"";"";"";"";"";"";"";"";"";"";"";""
"13/12/2025";"1000";"";"";"";"";"";"";"";"";"";"";"";"";"";"";"";"";""
"13/12/2025";"1100";"";"";"";"";"";"";"";"";"";"";"";"";"";"";"";"";""
"13/12/2025";"1200";"";"";"";"";"";"";"";"";"";"";"";"";"";"";"";"";""
"13/12/2025";"1300";"";"";"";"";"";"";"";"";"";"";"";"";"";"";"";"";""
"13/12/2025";"1400";"";"";"";"";"";"";"";"";"";"";"";"";"";"";"";"";""
"13/12/2025";"1500";"";"";"";"";"";"";"";"";"";"";"";"";"";"";"";"";""
"13/12/2025";"1600";"";"";"";"";"";"";"";"";"";"";"";"";"";"";"";"";""
"13/12/2025";"1700";"";"";"";"";"";"";"";"";"";"";"";"";"";"";"";"";""
"13/12/2025";"1800";"";"";"";"";"";"";"";"";"";"";"";"";"";"";"";"";""
"13/12/2025";"1900";"";"";"";"";"";"";"";"";"";"";"";"";"";"";"";"";""
"13/12/2025";"2000";"";"";"";"";"";"";"";"";"";"";"";"";"";"";"";"";""
"13/12/2025";"2100";"";"";"";"";"";"";"";"";"";"";"";"";"";"";"";"";""
"13/12/2025";"2200";"";"";"";"";"";"";"";"";"";"";"";"";"";"";"";"";""
"13/12/2025";"2300";"";"";"";"";"";"";"";"";"";"";"";"";"";"";"";"";""
"14/12/2025";"0000";"";"";"";"";"";"";"";"";"";"";"";"";"";"";"";"";""
"14/12/2025";"0100";"";"";"";"";"";"";"";"";"";"";"";"";"";"";"";"";""
"14/12/2025";"0200";"";"";"";"";"";"";"";"";"";"";"";"";"";"";"";"";""
"14/12/2025";"0300";"";"";"";"";"";"";"";"";"";"";"";"";"";"";"";"";""
"14/12/2025";"0400";"";"";"";"";"";"";"";"";"";"";"";"";"";"";"";"";""
"14/12/2025";"0500";"";"";"";"";"";"";"";"";"";"";"";"";"";"";"";"";""
"14/12/2025";"0600";"";"";"";"";"";"";"";"";"";"";"";"";"";"";"";"";""
"14/12/2025";"0700";"";"";"";"";"";"";"";"";"";"";"";"";"";"";"";"";""
"14/12/2025";"0800";"";"";"";"";"";"";"";"";"";"";"";"";"";"";"";"";""
"14/12/2025";"0900";"";"";"";"";"";"";"";"";"";"";"";"";"";"";"";"";""
"14/12/2025";"1000";"";"";"";"";"";"";"";"";"";"";"";"";"";"";"";"";""
"14/12/2025";"1100";"";"";"";"";"";"";"";"";"";"";"";"";"";"";"";"";""
"14/12/2025";"1200";"";"";"";"";"";"";"";"";"";"";"";"";"";"";"";"";""
"14/12/2025";"1300";"";"";"";"";"";"";"";"";"";"";"";"";"";"";"";"";""
"14/12/2025";"1400";"";"";"";"";"";"";"";"";"";"";"";"";"";"";"";"";""
"14/12/2025";"1500";"";"";"";"";"";"";"";"";"";"";"";"";"";"";"";"";""
"14/12/2025";"1600";"";"";"";"";"";"";"";"";"";"";"";"";"";"";"";"";""
"14/12/2025";"1700";"";"";"";"";"";"";"";"";"";"";"";"";"";"";"";"";""
"14/12/2025";"1800";"";"";"";"";"";"";"";"";"";"";"";"";"";"";"";"";""
"14/12/2025";"1900";"";"";"";"";"";"";"";"";"";"";"";"";"";"";"";"";""
"14/12/2025";"2000";"";"";"";"";"";"";"";"";"";"";"";"";"";"";"";"";""
"14/12/2025";"2100";"";"";"";"";"";"";"";"";"";"";"";"";"";"";"";"";""
"14/12/2025";"2200";"";"";"";"";"";"";"";"";"";"";"";"";"";"";"";"";""
"14/12/2025";"2300";"";"";"";"";"";"";"";"";"";"";"";"";"";"";"";"";""
"15/12/2025";"0000";"";"";"";"";"";"";"";"";"";"";"";"";"";"";"";"";""
"15/12/2025";"0100";"";"";"";"";"";"";"";"";"";"";"";"";"";"";"";"";""
"15/12/2025";"0200";"";"";"";"";"";"";"";"";"";"";"";"";"";"";"";"";""
"15/12/2025";"0300";"";"";"";"";"";"";"";"";"";"";"";"";"";"";"";"";""
"15/12/2025";"0400";"";"";"";"";"";"";"";"";"";"";"";"";"";"";"";"";""
"15/12/2025";"0500";"";"";"";"";"";"";"";"";"";"";"";"";"";"";"";"";""
"15/12/2025";"0600";"";"";"";"";"";"";"";"";"";"";"";"";"";"";"";"";""
"15/12/2025";"0700";"";"";"";"";"";"";"";"";"";"";"";"";"";"";"";"";""
"15/12/2025";"0800";"";"";"";"";"";"";"";"";"";"";"";"";"";"";"";"";""
"15/12/2025";"0900";"";"";"";"";"";"";"";"";"";"";"";"";"";"";"";"";""
"15/12/2025";"1000";"";"";"";"";"";"";"";"";"";"";"";"";"";"";"";"";""
"15/12/2025";"1100";"";"";"";"";"";"";"";"";"";"";"";"";"";"";"";"";""
"15/12/2025";"1200";"";"";"";"";"";"";"";"";"";"";"";"";"";"";"";"";""
"15/12/2025";"1300";"";"";"";"";"";"";"";"";"";"";"";"";"";"";"";"";""
"15/12/2025";"1400";"";"";"";"";"";"";"";"";"";"";"";"";"";"";"";"";""
"15/12/2025";"1500";"";"";"";"";"";"";"";"";"";"";"";"";"";"";"";"";""
"15/12/2025";"1600";"";"";"";"";"";"";"";"";"";"";"";"";"";"";"";"";""
"15/12/2025";"1700";"";"";"";"";"";"";"";"";"";"";"";"";"";"";"";"";""
"15/12/2025";"1800";"";"";"";"";"";"";"";"";"";"";"";"";"";"";"";"";""
"15/12/2025";"1900";"";"";"";"";"";"";"";"";"";"";"";"";"";"";"";"";""
"15/12/2025";"2000";"";"";"";"";"";"";"";"";"";"";"";"";"";"";"";"";""
"15/12/2025";"2100";"";"";"";"";"";"";"";"";"";"";"";"";"";"";"";"";""
"15/12/2025";"2200";"";"";"";"";"";"";"";"";"";"";"";"";"";"";"";"";""
"15/12/2025";"2300";"";"";"";"";"";"";"";"";"";"";"";"";"";"";"";"";""
"16/12/2025";"0000";"";"";"";"";"";"";"";"";"";"";"";"";"";"";"";"";""
"16/12/2025";"0100";"";"";"";"";"";"";"";"";"";"";"";"";"";"";"";"";""
"16/12/2025";"0200";"";"";"";"";"";"";"";"";"";"";"";"";"";"";"";"";""
"16/12/2025";"0300";"";"";"";"";"";"";"";"";"";"";"";"";"";"";"";"";""
"16/12/2025";"0400";"";"";"";"";"";"";"";"";"";"";"";"";"";"";"";"";""
"16/12/2025";"0500";"";"";"";"";"";"";"";"";"";"";"";"";"";"";"";"";""
"16/12/2025";"0600";"";"";"";"";"";"";"";"";"";"";"";"";"";"";"";"";""
"16/12/2025";"0700";"";"";"";"";"";"";"";"";"";"";"";"";"";"";"";"";""
"16/12/2025";"0800";"";"";"";"";"";"";"";"";"";"";"";"";"";"";"";"";""
"16/12/2025";"0900";"";"";"";"";"";"";"";"";"";"";"";"";"";"";"";"";""
"16/12/2025";"1000";"";"";"";"";"";"";"";"";"";"";"";"";"";"";"";"";""
"16/12/2025";"1100";"";"";"";"";"";"";"";"";"";"";"";"";"";"";"";"";""
"16/12/2025";"1200";"";"";"";"";"";"";"";"";"";"";"";"";"";"";"";"";""
"16/12/2025";"1300";"";"";"";"";"";"";"";"";"";"";"";"";"";"";"";"";""
"16/12/2025";"1400";"";"";"";"";"";"";"";"";"";"";"";"";"";"";"";"";""
"16/12/2025";"1500";"";"";"";"";"";"";"";"";"";"";"";"";"";"";"";"";""
"16/12/2025";"1600";"";"";"";"";"";"";"";"";"";"";"";"";"";"";"";"";""
"16/12/2025";"1700";"";"";"";"";"";"";"";"";"";"";"";"";"";"";"";"";""
"16/12/2025";"1800";"";"";"";"";"";"";"";"";"";"";"";"";"";"";"";"";""
"16/12/2025";"1900";"";"";"";"";"";"";"";"";"";"";"";"";"";"";"";"";""
"16/12/2025";"2000";"";"";"";"";"";"";"";"";"";"";"";"";"";"";"";"";""
"16/12/2025";"2100";"";"";"";"";"";"";"";"";"";"";"";"";"";"";"";"";""
"16/12/2025";"2200";"";"";"";"";"";"";"";"";"";"";"";"";"";"";"";"";""
"16/12/2025";"2300";"";"";"";"";"";"";"";"";"";"";"";"";"";"";"";"";""
"17/12/2025";"0000";"";"";"";"";"";"";"";"";"";"";"";"";"";"";"";"";""
"17/12/2025";"0100";"";"";"";"";"";"";"";"";"";"";"";"";"";"";"";"";""
"17/12/2025";"0200";"";"";"";"";"";"";"";"";"";"";"";"";"";"";"";"";""
"17/12/2025";"0300";"";"";"";"";"";"";"";"";"";"";"";"";"";"";"";"";""
"17/12/2025";"0400";"";"";"";"";"";"";"";"";"";"";"";"";"";"";"";"";""
"17/12/2025";"0500";"";"";"";"";"";"";"";"";"";"";"";"";"";"";"";"";""
"17/12/2025";"0600";"";"";"";"";"";"";"";"";"";"";"";"";"";"";"";"";""
"17/12/2025";"0700";"";"";"";"";"";"";"";"";"";"";"";"";"";"";"";"";""
"17/12/2025";"0800";"";"";"";"";"";"";"";"";"";"";"";"";"";"";"";"";""
"17/12/2025";"0900";"";"";"";"";"";"";"";"";"";"";"";"";"";"";"";"";""
"17/12/2025";"1000";"";"";"";"";"";"";"";"";"";"";"";"";"";"";"";"";""
"17/12/2025";"1100";"";"";"";"";"";"";"";"";"";"";"";"";"";"";"";"";""
"17/12/2025";"1200";"";"";"";"";"";"";"";"";"";"";"";"";"";"";"";"";""
"17/12/2025";"1300";"";"";"";"";"";"";"";"";"";"";"";"";"";"";"";"";""
"17/12/2025";"1400";"";"";"";"";"";"";"";"";"";"";"";"";"";"";"";"";""
"17/12/2025";"1500";"";"";"";"";"";"";"";"";"";"";"";"";"";"";"";"";""
"17/12/2025";"1600";"";"";"";"";"";"";"";"";"";"";"";"";"";"";"";"";""
"17/12/2025";"1700";"";"";"";"";"";"";"";"";"";"";"";"";"";"";"";"";""
"17/12/2025";"1800";"";"";"";"";"";"";"";"";"";"";"";"";"";"";"";"";""
"17/12/2025";"1900";"";"";"";"";"";"";"";"";"";"";"";"";"";"";"";"";""
"17/12/2025";"2000";"";"";"";"";"";"";"";"";"";"";"";"";"";"";"";"";""
"17/12/2025";"2100";"";"";"";"";"";"";"";"";"";"";"";"";"";"";"";"";""
"17/12/2025";"2200";"";"";"";"";"";"";"";"";"";"";"";"";"";"";"";"";""
"17/12/2025";"2300";"";"";"";"";"";"";"";"";"";"";"";"";"";"";"";"";""
"18/12/2025";"0000";"";"";"";"";"";"";"";"";"";"";"";"";"";"";"";"";""
"18/12/2025";"0100";"";"";"";"";"";"";"";"";"";"";"";"";"";"";"";"";""
"18/12/2025";"0200";"";"";"";"";"";"";"";"";"";"";"";"";"";"";"";"";""
"18/12/2025";"0300";"";"";"";"";"";"";"";"";"";"";"";"";"";"";"";"";""
"18/12/2025";"0400";"";"";"";"";"";"";"";"";"";"";"";"";"";"";"";"";""
"18/12/2025";"0500";"";"";"";"";"";"";"";"";"";"";"";"";"";"";"";"";""
"18/12/2025";"0600";"";"";"";"";"";"";"";"";"";"";"";"";"";"";"";"";""
"18/12/2025";"0700";"";"";"";"";"";"";"";"";"";"";"";"";"";"";"";"";""
"18/12/2025";"0800";"";"";"";"";"";"";"";"";"";"";"";"";"";"";"";"";""
"18/12/2025";"0900";"";"";"";"";"";"";"";"";"";"";"";"";"";"";"";"";""
"18/12/2025";"1000";"";"";"";"";"";"";"";"";"";"";"";"";"";"";"";"";""
"18/12/2025";"1100";"";"";"";"";"";"";"";"";"";"";"";"";"";"";"";"";""
"18/12/2025";"1200";"";"";"";"";"";"";"";"";"";"";"";"";"";"";"";"";""
"18/12/2025";"1300";"";"";"";"";"";"";"";"";"";"";"";"";"";"";"";"";""
"18/12/2025";"1400";"";"";"";"";"";"";"";"";"";"";"";"";"";"";"";"";""
"18/12/2025";"1500";"";"";"";"";"";"";"";"";"";"";"";"";"";"";"";"";""
"18/12/2025";"1600";"";"";"";"";"";"";"";"";"";"";"";"";"";"";"";"";""
"18/12/2025";"1700";"";"";"";"";"";"";"";"";"";"";"";"";"";"";"";"";""
"18/12/2025";"1800";"";"";"";"";"";"";"";"";"";"";"";"";"";"";"";"";""
"18/12/2025";"1900";"";"";"";"";"";"";"";"";"";"";"";"";"";"";"";"";""
"18/12/2025";"2000";"";"";"";"";"";"";"";"";"";"";"";"";"";"";"";"";""
"18/12/2025";"2100";"";"";"";"";"";"";"";"";"";"";"";"";"";"";"";"";""
"18/12/2025";"2200";"";"";"";"";"";"";"";"";"";"";"";"";"";"";"";"";""
"18/12/2025";"2300";"";"";"";"";"";"";"";"";"";"";"";"";"";"";"";"";""
"19/12/2025";"0000";"";"";"";"";"";"";"";"";"";"";"";"";"";"";"";"";""
"19/12/2025";"0100";"";"";"";"";"";"";"";"";"";"";"";"";"";"";"";"";""
"19/12/2025";"0200";"";"";"";"";"";"";"";"";"";"";"";"";"";"";"";"";""
"19/12/2025";"0300";"";"";"";"";"";"";"";"";"";"";"";"";"";"";"";"";""
"19/12/2025";"0400";"";"";"";"";"";"";"";"";"";"";"";"";"";"";"";"";""
"19/12/2025";"0500";"";"";"";"";"";"";"";"";"";"";"";"";"";"";"";"";""
"19/12/2025";"0600";"";"";"";"";"";"";"";"";"";"";"";"";"";"";"";"";""
"19/12/2025";"0700";"";"";"";"";"";"";"";"";"";"";"";"";"";"";"";"";""
"19/12/2025";"0800";"";"";"";"";"";"";"";"";"";"";"";"";"";"";"";"";""
"19/12/2025";"0900";"";"";"";"";"";"";"";"";"";"";"";"";"";"";"";"";""
"19/12/2025";"1000";"";"";"";"";"";"";"";"";"";"";"";"";"";"";"";"";""
"19/12/2025";"1100";"";"";"";"";"";"";"";"";"";"";"";"";"";"";"";"";""
"19/12/2025";"1200";"";"";"";"";"";"";"";"";"";"";"";"";"";"";"";"";""
"19/12/2025";"1300";"";"";"";"";"";"";"";"";"";"";"";"";"";"";"";"";""
"19/12/2025";"1400";"";"";"";"";"";"";"";"";"";"";"";"";"";"";"";"";""
"19/12/2025";"1500";"";"";"";"";"";"";"";"";"";"";"";"";"";"";"";"";""
"19/12/2025";"1600";"";"";"";"";"";"";"";"";"";"";"";"";"";"";"";"";""
"19/12/2025";"1700";"";"";"";"";"";"";"";"";"";"";"";"";"";"";"";"";""
"19/12/2025";"1800";"";"";"";"";"";"";"";"";"";"";"";"";"";"";"";"";""
"19/12/2025";"1900";"";"";"";"";"";"";"";"";"";"";"";"";"";"";"";"";""
"19/12/2025";"2000";"";"";"";"";"";"";"";"";"";"";"";"";"";"";"";"";""
"19/12/2025";"2100";"";"";"";"";"";"";"";"";"";"";"";"";"";"";"";"";""
"19/12/2025";"2200";"";"";"";"";"";"";"";"";"";"";"";"";"";"";"";"";""
"19/12/2025";"2300";"";"";"";"";"";"";"";"";"";"";"";"";"";"";"";"";""
"20/12/2025";"0000";"";"";"";"";"";"";"";"";"";"";"";"";"";"";"";"";""
"20/12/2025";"0100";"";"";"";"";"";"";"";"";"";"";"";"";"";"";"";"";""
"20/12/2025";"0200";"";"";"";"";"";"";"";"";"";"";"";"";"";"";"";"";""
"20/12/2025";"0300";"";"";"";"";"";"";"";"";"";"";"";"";"";"";"";"";""
"20/12/2025";"0400";"";"";"";"";"";"";"";"";"";"";"";"";"";"";"";"";""
"20/12/2025";"0500";"";"";"";"";"";"";"";"";"";"";"";"";"";"";"";"";""
"20/12/2025";"0600";"";"";"";"";"";"";"";"";"";"";"";"";"";"";"";"";""
"20/12/2025";"0700";"";"";"";"";"";"";"";"";"";"";"";"";"";"";"";"";""
"20/12/2025";"0800";"";"";"";"";"";"";"";"";"";"";"";"";"";"";"";"";""
"20/12/2025";"0900";"";"";"";"";"";"";"";"";"";"";"";"";"";"";"";"";""
"20/12/2025";"1000";"";"";"";"";"";"";"";"";"";"";"";"";"";"";"";"";""
"20/12/2025";"1100";"";"";"";"";"";"";"";"";"";"";"";"";"";"";"";"";""
"20/12/2025";"1200";"";"";"";"";"";"";"";"";"";"";"";"";"";"";"";"";""
"20/12/2025";"1300";"";"";"";"";"";"";"";"";"";"";"";"";"";"";"";"";""
"20/12/2025";"1400";"";"";"";"";"";"";"";"";"";"";"";"";"";"";"";"";""
"20/12/2025";"1500";"";"";"";"";"";"";"";"";"";"";"";"";"";"";"";"";""
"20/12/2025";"1600";"";"";"";"";"";"";"";"";"";"";"";"";"";"";"";"";""
"20/12/2025";"1700";"";"";"";"";"";"";"";"";"";"";"";"";"";"";"";"";""
"20/12/2025";"1800";"";"";"";"";"";"";"";"";"";"";"";"";"";"";"";"";""
"20/12/2025";"1900";"";"";"";"";"";"";"";"";"";"";"";"";"";"";"";"";""
"20/12/2025";"2000";"";"";"";"";"";"";"";"";"";"";"";"";"";"";"";"";""
"20/12/2025";"2100";"";"";"";"";"";"";"";"";"";"";"";"";"";"";"";"";""
"20/12/2025";"2200";"";"";"";"";"";"";"";"";"";"";"";"";"";"";"";"";""
"20/12/2025";"2300";"";"";"";"";"";"";"";"";"";"";"";"";"";"";"";"";""
"21/12/2025";"0000";"";"";"";"";"";"";"";"";"";"";"";"";"";"";"";"";""
"21/12/2025";"0100";"";"";"";"";"";"";"";"";"";"";"";"";"";"";"";"";""
"21/12/2025";"0200";"";"";"";"";"";"";"";"";"";"";"";"";"";"";"";"";""
"21/12/2025";"0300";"";"";"";"";"";"";"";"";"";"";"";"";"";"";"";"";""
"21/12/2025";"0400";"";"";"";"";"";"";"";"";"";"";"";"";"";"";"";"";""
"21/12/2025";"0500";"";"";"";"";"";"";"";"";"";"";"";"";"";"";"";"";""
"21/12/2025";"0600";"";"";"";"";"";"";"";"";"";"";"";"";"";"";"";"";""
"21/12/2025";"0700";"";"";"";"";"";"";"";"";"";"";"";"";"";"";"";"";""
"21/12/2025";"0800";"";"";"";"";"";"";"";"";"";"";"";"";"";"";"";"";""
"21/12/2025";"0900";"";"";"";"";"";"";"";"";"";"";"";"";"";"";"";"";""
"21/12/2025";"1000";"";"";"";"";"";"";"";"";"";"";"";"";"";"";"";"";""
"21/12/2025";"1100";"";"";"";"";"";"";"";"";"";"";"";"";"";"";"";"";""
"21/12/2025";"1200";"";"";"";"";"";"";"";"";"";"";"";"";"";"";"";"";""
"21/12/2025";"1300";"";"";"";"";"";"";"";"";"";"";"";"";"";"";"";"";""
"21/12/2025";"1400";"";"";"";"";"";"";"";"";"";"";"";"";"";"";"";"";""
"21/12/2025";"1500";"";"";"";"";"";"";"";"";"";"";"";"";"";"";"";"";""
"21/12/2025";"1600";"";"";"";"";"";"";"";"";"";"";"";"";"";"";"";"";""
"21/12/2025";"1700";"";"";"";"";"";"";"";"";"";"";"";"";"";"";"";"";""
"21/12/2025";"1800";"";"";"";"";"";"";"";"";"";"";"";"";"";"";"";"";""
"21/12/2025";"1900";"";"";"";"";"";"";"";"";"";"";"";"";"";"";"";"";""
"21/12/2025";"2000";"";"";"";"";"";"";"";"";"";"";"";"";"";"";"";"";""
"21/12/2025";"2100";"";"";"";"";"";"";"";"";"";"";"";"";"";"";"";"";""
"21/12/2025";"2200";"";"";"";"";"";"";"";"";"";"";"";"";"";"";"";"";""
"21/12/2025";"2300";"";"";"";"";"";"";"";"";"";"";"";"";"";"";"";"";""
"22/12/2025";"0000";"";"";"";"";"";"";"";"";"";"";"";"";"";"";"";"";""
"22/12/2025";"0100";"";"";"";"";"";"";"";"";"";"";"";"";"";"";"";"";""
"22/12/2025";"0200";"";"";"";"";"";"";"";"";"";"";"";"";"";"";"";"";""
"22/12/2025";"0300";"";"";"";"";"";"";"";"";"";"";"";"";"";"";"";"";""
"22/12/2025";"0400";"";"";"";"";"";"";"";"";"";"";"";"";"";"";"";"";""
"22/12/2025";"0500";"";"";"";"";"";"";"";"";"";"";"";"";"";"";"";"";""
"22/12/2025";"0600";"";"";"";"";"";"";"";"";"";"";"";"";"";"";"";"";""
"22/12/2025";"0700";"";"";"";"";"";"";"";"";"";"";"";"";"";"";"";"";""
"22/12/2025";"0800";"";"";"";"";"";"";"";"";"";"";"";"";"";"";"";"";""
"22/12/2025";"0900";"";"";"";"";"";"";"";"";"";"";"";"";"";"";"";"";""
"22/12/2025";"1000";"";"";"";"";"";"";"";"";"";"";"";"";"";"";"";"";""
"22/12/2025";"1100";"";"";"";"";"";"";"";"";"";"";"";"";"";"";"";"";""
"22/12/2025";"1200";"";"";"";"";"";"";"";"";"";"";"";"";"";"";"";"";""
"22/12/2025";"1300";"";"";"";"";"";"";"";"";"";"";"";"";"";"";"";"";""
"22/12/2025";"1400";"";"";"";"";"";"";"";"";"";"";"";"";"";"";"";"";""
"22/12/2025";"1500";"";"";"";"";"";"";"";"";"";"";"";"";"";"";"";"";""
"22/12/2025";"1600";"";"";"";"";"";"";"";"";"";"";"";"";"";"";"";"";""
"22/12/2025";"1700";"";"";"";"";"";"";"";"";"";"";"";"";"";"";"";"";""
"22/12/2025";"1800";"";"";"";"";"";"";"";"";"";"";"";"";"";"";"";"";""
"22/12/2025";"1900";"";"";"";"";"";"";"";"";"";"";"";"";"";"";"";"";""
"22/12/2025";"2000";"";"";"";"";"";"";"";"";"";"";"";"";"";"";"";"";""
"22/12/2025";"2100";"";"";"";"";"";"";"";"";"";"";"";"";"";"";"";"";""
"22/12/2025";"2200";"";"";"";"";"";"";"";"";"";"";"";"";"";"";"";"";""
"22/12/2025";"2300";"";"";"";"";"";"";"";"";"";"";"";"";"";"";"";"";""
"23/12/2025";"0000";"";"";"";"";"";"";"";"";"";"";"";"";"";"";"";"";""
"23/12/2025";"0100";"";"";"";"";"";"";"";"";"";"";"";"";"";"";"";"";""
"23/12/2025";"0200";"";"";"";"";"";"";"";"";"";"";"";"";"";"";"";"";""
"23/12/2025";"0300";"";"";"";"";"";"";"";"";"";"";"";"";"";"";"";"";""
"23/12/2025";"0400";"";"";"";"";"";"";"";"";"";"";"";"";"";"";"";"";""
"23/12/2025";"0500";"";"";"";"";"";"";"";"";"";"";"";"";"";"";"";"";""
"23/12/2025";"0600";"";"";"";"";"";"";"";"";"";"";"";"";"";"";"";"";""
"23/12/2025";"0700";"";"";"";"";"";"";"";"";"";"";"";"";"";"";"";"";""
"23/12/2025";"0800";"";"";"";"";"";"";"";"";"";"";"";"";"";"";"";"";""
"23/12/2025";"0900";"";"";"";"";"";"";"";"";"";"";"";"";"";"";"";"";""
"23/12/2025";"1000";"";"";"";"";"";"";"";"";"";"";"";"";"";"";"";"";""
"23/12/2025";"1100";"";"";"";"";"";"";"";"";"";"";"";"";"";"";"";"";""
"23/12/2025";"1200";"";"";"";"";"";"";"";"";"";"";"";"";"";"";"";"";""
"23/12/2025";"1300";"";"";"";"";"";"";"";"";"";"";"";"";"";"";"";"";""
"23/12/2025";"1400";"";"";"";"";"";"";"";"";"";"";"";"";"";"";"";"";""
"23/12/2025";"1500";"";"";"";"";"";"";"";"";"";"";"";"";"";"";"";"";""
"23/12/2025";"1600";"";"";"";"";"";"";"";"";"";"";"";"";"";"";"";"";""
"23/12/2025";"1700";"";"";"";"";"";"";"";"";"";"";"";"";"";"";"";"";""
"23/12/2025";"1800";"";"";"";"";"";"";"";"";"";"";"";"";"";"";"";"";""
"23/12/2025";"1900";"";"";"";"";"";"";"";"";"";"";"";"";"";"";"";"";""
"23/12/2025";"2000";"";"";"";"";"";"";"";"";"";"";"";"";"";"";"";"";""
"23/12/2025";"2100";"";"";"";"";"";"";"";"";"";"";"";"";"";"";"";"";""
"23/12/2025";"2200";"";"";"";"";"";"";"";"";"";"";"";"";"";"";"";"";""
"23/12/2025";"2300";"";"";"";"";"";"";"";"";"";"";"";"";"";"";"";"";""
"24/12/2025";"0000";"";"";"";"";"";"";"";"";"";"";"";"";"";"";"";"";""
"24/12/2025";"0100";"";"";"";"";"";"";"";"";"";"";"";"";"";"";"";"";""
"24/12/2025";"0200";"";"";"";"";"";"";"";"";"";"";"";"";"";"";"";"";""
"24/12/2025";"0300";"";"";"";"";"";"";"";"";"";"";"";"";"";"";"";"";""
"24/12/2025";"0400";"";"";"";"";"";"";"";"";"";"";"";"";"";"";"";"";""
"24/12/2025";"0500";"";"";"";"";"";"";"";"";"";"";"";"";"";"";"";"";""
"24/12/2025";"0600";"";"";"";"";"";"";"";"";"";"";"";"";"";"";"";"";""
"24/12/2025";"0700";"";"";"";"";"";"";"";"";"";"";"";"";"";"";"";"";""
"24/12/2025";"0800";"";"";"";"";"";"";"";"";"";"";"";"";"";"";"";"";""
"24/12/2025";"0900";"";"";"";"";"";"";"";"";"";"";"";"";"";"";"";"";""
"24/12/2025";"1000";"";"";"";"";"";"";"";"";"";"";"";"";"";"";"";"";""
"24/12/2025";"1100";"";"";"";"";"";"";"";"";"";"";"";"";"";"";"";"";""
"24/12/2025";"1200";"";"";"";"";"";"";"";"";"";"";"";"";"";"";"";"";""
"24/12/2025";"1300";"";"";"";"";"";"";"";"";"";"";"";"";"";"";"";"";""
"24/12/2025";"1400";"";"";"";"";"";"";"";"";"";"";"";"";"";"";"";"";""
"24/12/2025";"1500";"";"";"";"";"";"";"";"";"";"";"";"";"";"";"";"";""
"24/12/2025";"1600";"";"";"";"";"";"";"";"";"";"";"";"";"";"";"";"";""
"24/12/2025";"1700";"";"";"";"";"";"";"";"";"";"";"";"";"";"";"";"";""
"24/12/2025";"1800";"";"";"";"";"";"";"";"";"";"";"";"";"";"";"";"";""
"24/12/2025";"1900";"";"";"";"";"";"";"";"";"";"";"";"";"";"";"";"";""
"24/12/2025";"2000";"";"";"";"";"";"";"";"";"";"";"";"";"";"";"";"";""
"24/12/2025";"2100";"";"";"";"";"";"";"";"";"";"";"";"";"";"";"";"";""
"24/12/2025";"2200";"";"";"";"";"";"";"";"";"";"";"";"";"";"";"";"";""
"24/12/2025";"2300";"";"";"";"";"";"";"";"";"";"";"";"";"";"";"";"";""
"25/12/2025";"0000";"";"";"";"";"";"";"";"";"";"";"";"";"";"";"";"";""
"25/12/2025";"0100";"";"";"";"";"";"";"";"";"";"";"";"";"";"";"";"";""
"25/12/2025";"0200";"";"";"";"";"";"";"";"";"";"";"";"";"";"";"";"";""
"25/12/2025";"0300";"";"";"";"";"";"";"";"";"";"";"";"";"";"";"";"";""
"25/12/2025";"0400";"";"";"";"";"";"";"";"";"";"";"";"";"";"";"";"";""
"25/12/2025";"0500";"";"";"";"";"";"";"";"";"";"";"";"";"";"";"";"";""
"25/12/2025";"0600";"";"";"";"";"";"";"";"";"";"";"";"";"";"";"";"";""
"25/12/2025";"0700";"";"";"";"";"";"";"";"";"";"";"";"";"";"";"";"";""
"25/12/2025";"0800";"";"";"";"";"";"";"";"";"";"";"";"";"";"";"";"";""
"25/12/2025";"0900";"";"";"";"";"";"";"";"";"";"";"";"";"";"";"";"";""
"25/12/2025";"1000";"";"";"";"";"";"";"";"";"";"";"";"";"";"";"";"";""
"25/12/2025";"1100";"";"";"";"";"";"";"";"";"";"";"";"";"";"";"";"";""
"25/12/2025";"1200";"";"";"";"";"";"";"";"";"";"";"";"";"";"";"";"";""
"25/12/2025";"1300";"";"";"";"";"";"";"";"";"";"";"";"";"";"";"";"";""
"25/12/2025";"1400";"";"";"";"";"";"";"";"";"";"";"";"";"";"";"";"";""
"25/12/2025";"1500";"";"";"";"";"";"";"";"";"";"";"";"";"";"";"";"";""
"25/12/2025";"1600";"";"";"";"";"";"";"";"";"";"";"";"";"";"";"";"";""
"25/12/2025";"1700";"";"";"";"";"";"";"";"";"";"";"";"";"";"";"";"";""
"25/12/2025";"1800";"";"";"";"";"";"";"";"";"";"";"";"";"";"";"";"";""
"25/12/2025";"1900";"";"";"";"";"";"";"";"";"";"";"";"";"";"";"";"";""
"25/12/2025";"2000";"";"";"";"";"";"";"";"";"";"";"";"";"";"";"";"";""
"25/12/2025";"2100";"";"";"";"";"";"";"";"";"";"";"";"";"";"";"";"";""
"25/12/2025";"2200";"";"";"";"";"";"";"";"";"";"";"";"";"";"";"";"";""
"25/12/2025";"2300";"";"";"";"";"";"";"";"";"";"";"";"";"";"";"";"";""
"26/12/2025";"0000";"";"";"";"";"";"";"";"";"";"";"";"";"";"";"";"";""
"26/12/2025";"0100";"";"";"";"";"";"";"";"";"";"";"";"";"";"";"";"";""
"26/12/2025";"0200";"";"";"";"";"";"";"";"";"";"";"";"";"";"";"";"";""
"26/12/2025";"0300";"";"";"";"";"";"";"";"";"";"";"";"";"";"";"";"";""
"26/12/2025";"0400";"";"";"";"";"";"";"";"";"";"";"";"";"";"";"";"";""
"26/12/2025";"0500";"";"";"";"";"";"";"";"";"";"";"";"";"";"";"";"";""
"26/12/2025";"0600";"";"";"";"";"";"";"";"";"";"";"";"";"";"";"";"";""
"26/12/2025";"0700";"";"";"";"";"";"";"";"";"";"";"";"";"";"";"";"";""
"26/12/2025";"0800";"";"";"";"";"";"";"";"";"";"";"";"";"";"";"";"";""
"26/12/2025";"0900";"";"";"";"";"";"";"";"";"";"";"";"";"";"";"";"";""
"26/12/2025";"1000";"";"";"";"";"";"";"";"";"";"";"";"";"";"";"";"";""
"26/12/2025";"1100";"";"";"";"";"";"";"";"";"";"";"";"";"";"";"";"";""
"26/12/2025";"1200";"";"";"";"";"";"";"";"";"";"";"";"";"";"";"";"";""
"26/12/2025";"1300";"";"";"";"";"";"";"";"";"";"";"";"";"";"";"";"";""
"26/12/2025";"1400";"";"";"";"";"";"";"";"";"";"";"";"";"";"";"";"";""
"26/12/2025";"1500";"";"";"";"";"";"";"";"";"";"";"";"";"";"";"";"";""
"26/12/2025";"1600";"";"";"";"";"";"";"";"";"";"";"";"";"";"";"";"";""
"26/12/2025";"1700";"";"";"";"";"";"";"";"";"";"";"";"";"";"";"";"";""
"26/12/2025";"1800";"";"";"";"";"";"";"";"";"";"";"";"";"";"";"";"";""
"26/12/2025";"1900";"";"";"";"";"";"";"";"";"";"";"";"";"";"";"";"";""
"26/12/2025";"2000";"";"";"";"";"";"";"";"";"";"";"";"";"";"";"";"";""
"26/12/2025";"2100";"";"";"";"";"";"";"";"";"";"";"";"";"";"";"";"";""
"26/12/2025";"2200";"";"";"";"";"";"";"";"";"";"";"";"";"";"";"";"";""
"26/12/2025";"2300";"";"";"";"";"";"";"";"";"";"";"";"";"";"";"";"";""
"27/12/2025";"0000";"";"";"";"";"";"";"";"";"";"";"";"";"";"";"";"";""
"27/12/2025";"0100";"";"";"";"";"";"";"";"";"";"";"";"";"";"";"";"";""
"27/12/2025";"0200";"";"";"";"";"";"";"";"";"";"";"";"";"";"";"";"";""
"27/12/2025";"0300";"";"";"";"";"";"";"";"";"";"";"";"";"";"";"";"";""
"27/12/2025";"0400";"";"";"";"";"";"";"";"";"";"";"";"";"";"";"";"";""
"27/12/2025";"0500";"";"";"";"";"";"";"";"";"";"";"";"";"";"";"";"";""
"27/12/2025";"0600";"";"";"";"";"";"";"";"";"";"";"";"";"";"";"";"";""
"27/12/2025";"0700";"";"";"";"";"";"";"";"";"";"";"";"";"";"";"";"";""
"27/12/2025";"0800";"";"";"";"";"";"";"";"";"";"";"";"";"";"";"";"";""
"27/12/2025";"0900";"";"";"";"";"";"";"";"";"";"";"";"";"";"";"";"";""
"27/12/2025";"1000";"";"";"";"";"";"";"";"";"";"";"";"";"";"";"";"";""
"27/12/2025";"1100";"";"";"";"";"";"";"";"";"";"";"";"";"";"";"";"";""
"27/12/2025";"1200";"";"";"";"";"";"";"";"";"";"";"";"";"";"";"";"";""
"27/12/2025";"1300";"";"";"";"";"";"";"";"";"";"";"";"";"";"";"";"";""
"27/12/2025";"1400";"";"";"";"";"";"";"";"";"";"";"";"";"";"";"";"";""
"27/12/2025";"1500";"";"";"";"";"";"";"";"";"";"";"";"";"";"";"";"";""
"27/12/2025";"1600";"";"";"";"";"";"";"";"";"";"";"";"";"";"";"";"";""
"27/12/2025";"1700";"";"";"";"";"";"";"";"";"";"";"";"";"";"";"";"";""
"27/12/2025";"1800";"";"";"";"";"";"";"";"";"";"";"";"";"";"";"";"";""
"27/12/2025";"1900";"";"";"";"";"";"";"";"";"";"";"";"";"";"";"";"";""
"27/12/2025";"2000";"";"";"";"";"";"";"";"";"";"";"";"";"";"";"";"";""
"27/12/2025";"2100";"";"";"";"";"";"";"";"";"";"";"";"";"";"";"";"";""
"27/12/2025";"2200";"";"";"";"";"";"";"";"";"";"";"";"";"";"";"";"";""
"27/12/2025";"2300";"";"";"";"";"";"";"";"";"";"";"";"";"";"";"";"";""
"28/12/2025";"0000";"";"";"";"";"";"";"";"";"";"";"";"";"";"";"";"";""
"28/12/2025";"0100";"";"";"";"";"";"";"";"";"";"";"";"";"";"";"";"";""
"28/12/2025";"0200";"";"";"";"";"";"";"";"";"";"";"";"";"";"";"";"";""
"28/12/2025";"0300";"";"";"";"";"";"";"";"";"";"";"";"";"";"";"";"";""
"28/12/2025";"0400";"";"";"";"";"";"";"";"";"";"";"";"";"";"";"";"";""
"28/12/2025";"0500";"";"";"";"";"";"";"";"";"";"";"";"";"";"";"";"";""
"28/12/2025";"0600";"";"";"";"";"";"";"";"";"";"";"";"";"";"";"";"";""
"28/12/2025";"0700";"";"";"";"";"";"";"";"";"";"";"";"";"";"";"";"";""
"28/12/2025";"0800";"";"";"";"";"";"";"";"";"";"";"";"";"";"";"";"";""
"28/12/2025";"0900";"";"";"";"";"";"";"";"";"";"";"";"";"";"";"";"";""
"28/12/2025";"1000";"";"";"";"";"";"";"";"";"";"";"";"";"";"";"";"";""
"28/12/2025";"1100";"";"";"";"";"";"";"";"";"";"";"";"";"";"";"";"";""
"28/12/2025";"1200";"";"";"";"";"";"";"";"";"";"";"";"";"";"";"";"";""
"28/12/2025";"1300";"";"";"";"";"";"";"";"";"";"";"";"";"";"";"";"";""
"28/12/2025";"1400";"";"";"";"";"";"";"";"";"";"";"";"";"";"";"";"";""
"28/12/2025";"1500";"";"";"";"";"";"";"";"";"";"";"";"";"";"";"";"";""
"28/12/2025";"1600";"";"";"";"";"";"";"";"";"";"";"";"";"";"";"";"";""
"28/12/2025";"1700";"";"";"";"";"";"";"";"";"";"";"";"";"";"";"";"";""
"28/12/2025";"1800";"";"";"";"";"";"";"";"";"";"";"";"";"";"";"";"";""
"28/12/2025";"1900";"";"";"";"";"";"";"";"";"";"";"";"";"";"";"";"";""
"28/12/2025";"2000";"";"";"";"";"";"";"";"";"";"";"";"";"";"";"";"";""
"28/12/2025";"2100";"";"";"";"";"";"";"";"";"";"";"";"";"";"";"";"";""
"28/12/2025";"2200";"";"";"";"";"";"";"";"";"";"";"";"";"";"";"";"";""
"28/12/2025";"2300";"";"";"";"";"";"";"";"";"";"";"";"";"";"";"";"";""
"29/12/2025";"0000";"";"";"";"";"";"";"";"";"";"";"";"";"";"";"";"";""
"29/12/2025";"0100";"";"";"";"";"";"";"";"";"";"";"";"";"";"";"";"";""
"29/12/2025";"0200";"";"";"";"";"";"";"";"";"";"";"";"";"";"";"";"";""
"29/12/2025";"0300";"";"";"";"";"";"";"";"";"";"";"";"";"";"";"";"";""
"29/12/2025";"0400";"";"";"";"";"";"";"";"";"";"";"";"";"";"";"";"";""
"29/12/2025";"0500";"";"";"";"";"";"";"";"";"";"";"";"";"";"";"";"";""
"29/12/2025";"0600";"";"";"";"";"";"";"";"";"";"";"";"";"";"";"";"";""
"29/12/2025";"0700";"";"";"";"";"";"";"";"";"";"";"";"";"";"";"";"";""
"29/12/2025";"0800";"";"";"";"";"";"";"";"";"";"";"";"";"";"";"";"";""
"29/12/2025";"0900";"";"";"";"";"";"";"";"";"";"";"";"";"";"";"";"";""
"29/12/2025";"1000";"";"";"";"";"";"";"";"";"";"";"";"";"";"";"";"";""
"29/12/2025";"1100";"";"";"";"";"";"";"";"";"";"";"";"";"";"";"";"";""
"29/12/2025";"1200";"";"";"";"";"";"";"";"";"";"";"";"";"";"";"";"";""
"29/12/2025";"1300";"";"";"";"";"";"";"";"";"";"";"";"";"";"";"";"";""
"29/12/2025";"1400";"";"";"";"";"";"";"";"";"";"";"";"";"";"";"";"";""
"29/12/2025";"1500";"";"";"";"";"";"";"";"";"";"";"";"";"";"";"";"";""
"29/12/2025";"1600";"";"";"";"";"";"";"";"";"";"";"";"";"";"";"";"";""
"29/12/2025";"1700";"";"";"";"";"";"";"";"";"";"";"";"";"";"";"";"";""
"29/12/2025";"1800";"";"";"";"";"";"";"";"";"";"";"";"";"";"";"";"";""
"29/12/2025";"1900";"";"";"";"";"";"";"";"";"";"";"";"";"";"";"";"";""
"29/12/2025";"2000";"";"";"";"";"";"";"";"";"";"";"";"";"";"";"";"";""
"29/12/2025";"2100";"";"";"";"";"";"";"";"";"";"";"";"";"";"";"";"";""
"29/12/2025";"2200";"";"";"";"";"";"";"";"";"";"";"";"";"";"";"";"";""
"29/12/2025";"2300";"";"";"";"";"";"";"";"";"";"";"";"";"";"";"";"";""
"30/12/2025";"0000";"";"";"";"";"";"";"";"";"";"";"";"";"";"";"";"";""
"30/12/2025";"0100";"";"";"";"";"";"";"";"";"";"";"";"";"";"";"";"";""
"30/12/2025";"0200";"";"";"";"";"";"";"";"";"";"";"";"";"";"";"";"";""
"30/12/2025";"0300";"";"";"";"";"";"";"";"";"";"";"";"";"";"";"";"";""
"30/12/2025";"0400";"";"";"";"";"";"";"";"";"";"";"";"";"";"";"";"";""
"30/12/2025";"0500";"";"";"";"";"";"";"";"";"";"";"";"";"";"";"";"";""
"30/12/2025";"0600";"";"";"";"";"";"";"";"";"";"";"";"";"";"";"";"";""
"30/12/2025";"0700";"";"";"";"";"";"";"";"";"";"";"";"";"";"";"";"";""
"30/12/2025";"0800";"";"";"";"";"";"";"";"";"";"";"";"";"";"";"";"";""
"30/12/2025";"0900";"";"";"";"";"";"";"";"";"";"";"";"";"";"";"";"";""
"30/12/2025";"1000";"";"";"";"";"";"";"";"";"";"";"";"";"";"";"";"";""
"30/12/2025";"1100";"";"";"";"";"";"";"";"";"";"";"";"";"";"";"";"";""
"30/12/2025";"1200";"";"";"";"";"";"";"";"";"";"";"";"";"";"";"";"";""
"30/12/2025";"1300";"";"";"";"";"";"";"";"";"";"";"";"";"";"";"";"";""
"30/12/2025";"1400";"";"";"";"";"";"";"";"";"";"";"";"";"";"";"";"";""
"30/12/2025";"1500";"";"";"";"";"";"";"";"";"";"";"";"";"";"";"";"";""
"30/12/2025";"1600";"";"";"";"";"";"";"";"";"";"";"";"";"";"";"";"";""
"30/12/2025";"1700";"";"";"";"";"";"";"";"";"";"";"";"";"";"";"";"";""
"30/12/2025";"1800";"";"";"";"";"";"";"";"";"";"";"";"";"";"";"";"";""
"30/12/2025";"1900";"";"";"";"";"";"";"";"";"";"";"";"";"";"";"";"";""
"30/12/2025";"2000";"";"";"";"";"";"";"";"";"";"";"";"";"";"";"";"";""
"30/12/2025";"2100";"";"";"";"";"";"";"";"";"";"";"";"";"";"";"";"";""
"30/12/2025";"2200";"";"";"";"";"";"";"";"";"";"";"";"";"";"";"";"";""
"30/12/2025";"2300";"";"";"";"";"";"";"";"";"";"";"";"";"";"";"";"";""
"31/12/2025";"0000";"";"";"";"";"";"";"";"";"";"";"";"";"";"";"";"";""
"31/12/2025";"0100";"";"";"";"";"";"";"";"";"";"";"";"";"";"";"";"";""
"31/12/2025";"0200";"";"";"";"";"";"";"";"";"";"";"";"";"";"";"";"";""
"31/12/2025";"0300";"";"";"";"";"";"";"";"";"";"";"";"";"";"";"";"";""
"31/12/2025";"0400";"";"";"";"";"";"";"";"";"";"";"";"";"";"";"";"";""
"31/12/2025";"0500";"";"";"";"";"";"";"";"";"";"";"";"";"";"";"";"";""
"31/12/2025";"0600";"";"";"";"";"";"";"";"";"";"";"";"";"";"";"";"";""
"31/12/2025";"0700";"";"";"";"";"";"";"";"";"";"";"";"";"";"";"";"";""
"31/12/2025";"0800";"";"";"";"";"";"";"";"";"";"";"";"";"";"";"";"";""
"31/12/2025";"0900";"";"";"";"";"";"";"";"";"";"";"";"";"";"";"";"";""
"31/12/2025";"1000";"";"";"";"";"";"";"";"";"";"";"";"";"";"";"";"";""
"31/12/2025";"1100";"";"";"";"";"";"";"";"";"";"";"";"";"";"";"";"";""
"31/12/2025";"1200";"";"";"";"";"";"";"";"";"";"";"";"";"";"";"";"";""
"31/12/2025";"1300";"";"";"";"";"";"";"";"";"";"";"";"";"";"";"";"";""
"31/12/2025";"1400";"";"";"";"";"";"";"";"";"";"";"";"";"";"";"";"";""
"31/12/2025";"1500";"";"";"";"";"";"";"";"";"";"";"";"";"";"";"";"";""
"31/12/2025";"1600";"";"";"";"";"";"";"";"";"";"";"";"";"";"";"";"";""
"31/12/2025";"1700";"";"";"";"";"";"";"";"";"";"";"";"";"";"";"";"";""
"31/12/2025";"1800";"";"";"";"";"";"";"";"";"";"";"";"";"";"";"";"";""
"31/12/2025";"1900";"";"";"";"";"";"";"";"";"";"";"";"";"";"";"";"";""
"31/12/2025";"2000";"";"";"";"";"";"";"";"";"";"";"";"";"";"";"";"";""
"31/12/2025";"2100";"";"";"";"";"";"";"";"";"";"";"";"";"";"";"";"";""
"31/12/2025";"2200";"";"";"";"";"";"";"";"";"";"";"";"";"";"";"";"";""
"31/12/2025";"2300";"";"";"";"";"";"";"";"";"";"";"";"";"";"";"";"";""